threads,size,nb,ib,GFlops
12,8192,32,8,109.1481
12,8192,32,16,126.2469
12,8192,40,8,132.4731
12,8192,40,16,147.8297
12,8192,48,8,151.4131
12,8192,48,16,162.4352
12,8192,48,24,182.3861
12,8192,56,8,163.4405
12,8192,56,16,173.4329
12,8192,56,24,179.1245
12,8192,64,8,175.9324
12,8192,64,16,208.0153
12,8192,64,24,209.2925
12,8192,64,32,228.337
12,8192,72,8,181.1218
12,8192,72,16,212.564
12,8192,72,24,218.8023
12,8192,72,32,233.3665
12,8192,80,8,182.9829
12,8192,80,16,196.2714
12,8192,80,24,231.4792
12,8192,80,32,242.5507
12,8192,80,40,251.3473
12,8192,88,8,186.7003
12,8192,88,16,199.5596
12,8192,88,24,234.3199
12,8192,88,32,250.5237
12,8192,88,40,251.4728
12,8192,96,8,188.9306
12,8192,96,16,233.0768
12,8192,96,24,247.9509
12,8192,96,32,264.8214
12,8192,96,40,261.1033
12,8192,96,48,271.2993
12,8192,104,8,193.3249
12,8192,104,16,230.7619
12,8192,104,24,245.984
12,8192,104,32,264.375
12,8192,104,40,266.6507
12,8192,104,48,272.8364
12,8192,112,8,196.8771
12,8192,112,16,242.1959
12,8192,112,24,251.3497
12,8192,112,32,265.6699
12,8192,112,40,270.9709
12,8192,112,48,272.5688
12,8192,112,56,278.6439
12,8192,120,8,200.5184
12,8192,120,16,244.8941
12,8192,120,24,262.9524
12,8192,120,32,274.6151
12,8192,120,40,279.8088
12,8192,120,48,281.1902
12,8192,120,56,278.843
12,8192,128,8,205.2862
12,8192,128,16,249.082
12,8192,128,24,261.9234
12,8192,128,32,281.421
12,8192,128,40,278.8748
12,8192,128,48,286.0835
12,8192,128,56,280.3136
12,8192,128,64,286.1869
12,8192,136,8,210.7213
12,8192,136,16,251.478
12,8192,136,24,264.1597
12,8192,136,32,281.7055
12,8192,136,40,278.5553
12,8192,136,48,293.1223
12,8192,136,56,283.2913
12,8192,136,64,287.3267
12,8192,144,8,218.2891
12,8192,144,16,257.5839
12,8192,144,24,273.9978
12,8192,144,32,285.7474
12,8192,144,40,287.5574
12,8192,144,48,301.4585
12,8192,144,56,292.1313
12,8192,144,64,289.6549
12,8192,144,72,294.6271
12,8192,152,8,190.7027
12,8192,152,16,253.3345
12,8192,152,24,267.3329
12,8192,152,32,289.7536
12,8192,152,40,293.3091
12,8192,152,48,289.7124
12,8192,152,56,296.7818
12,8192,152,64,294.3773
12,8192,152,72,288.1747
12,8192,160,8,188.9596
12,8192,160,16,260.9088
12,8192,160,24,271.7426
12,8192,160,32,295.8952
12,8192,160,40,293.9423
12,8192,160,48,296.0387
12,8192,160,56,299.1741
12,8192,160,64,299.4589
12,8192,160,72,292.7469
12,8192,160,80,300.2179
12,8192,168,8,191.8341
12,8192,168,16,259.461
12,8192,168,24,281.5998
12,8192,168,32,293.0204
12,8192,168,40,291.5431
12,8192,168,48,303.086
12,8192,168,56,305.101
12,8192,168,64,304.6237
12,8192,168,72,299.8573
12,8192,168,80,295.8765
12,8192,176,8,189.3473
12,8192,176,16,263.9814
12,8192,176,24,275.7583
12,8192,176,32,297.9191
12,8192,176,40,296.6351
12,8192,176,48,307.6299
12,8192,176,56,297.0589
12,8192,176,64,308.4315
12,8192,176,72,304.362
12,8192,176,80,302.5574
12,8192,176,88,305.209
12,8192,184,8,190.4934
12,8192,184,16,262.9401
12,8192,184,24,280.9882
12,8192,184,32,299.1868
12,8192,184,40,300.4125
12,8192,184,48,309.3541
12,8192,184,56,303.4819
12,8192,184,64,310.8829
12,8192,184,72,307.034
12,8192,184,80,306.0101
12,8192,184,88,298.8682
12,8192,192,8,190.8578
12,8192,192,16,268.8736
12,8192,192,24,285.9277
12,8192,192,32,304.8074
12,8192,192,40,306.5033
12,8192,192,48,315.5156
12,8192,192,56,309.7558
12,8192,192,64,314.2475
12,8192,192,72,312.1299
12,8192,192,80,311.4093
12,8192,192,88,305.7266
12,8192,192,96,310.1256
12,8192,200,8,189.77
12,8192,200,16,266.3164
12,8192,200,24,282.6207
12,8192,200,32,298.5431
12,8192,200,40,309.0274
12,8192,200,48,307.4365
12,8192,200,56,312.2883
12,8192,200,64,306.9104
12,8192,200,72,314.5044
12,8192,200,80,314.0921
12,8192,200,88,309.3334
12,8192,200,96,304.6932
12,8192,208,8,189.028
12,8192,208,16,268.5896
12,8192,208,24,283.9836
12,8192,208,32,302.5708
12,8192,208,40,302.9024
12,8192,208,48,313.1515
12,8192,208,56,313.9745
12,8192,208,64,311.6729
12,8192,208,72,315.4872
12,8192,208,80,315.4399
12,8192,208,88,310.8524
12,8192,208,96,308.6659
12,8192,208,104,310.3462
12,8192,216,8,189.7698
12,8192,216,16,268.3363
12,8192,216,24,289.8093
12,8192,216,32,307.0361
12,8192,216,40,308.412
12,8192,216,48,316.3726
12,8192,216,56,318.9621
12,8192,216,64,315.2605
12,8192,216,72,318.5937
12,8192,216,80,319.7609
12,8192,216,88,316.3181
12,8192,216,96,313.826
12,8192,216,104,307.5238
12,8192,224,8,189.6776
12,8192,224,16,270.6357
12,8192,224,24,284.6775
12,8192,224,32,309.2201
12,8192,224,40,309.3887
12,8192,224,48,319.0806
12,8192,224,56,319.9722
12,8192,224,64,318.6187
12,8192,224,72,312.0485
12,8192,224,80,321.1889
12,8192,224,88,318.3475
12,8192,224,96,316.4374
12,8192,224,104,310.6652
12,8192,224,112,315.1821
12,8192,232,8,190.2495
12,8192,232,16,271.0728
12,8192,232,24,288.565
12,8192,232,32,305.2131
12,8192,232,40,313.3678
12,8192,232,48,321.1506
12,8192,232,56,315.2661
12,8192,232,64,321.4245
12,8192,232,72,316.5607
12,8192,232,80,321.0961
12,8192,232,88,319.3008
12,8192,232,96,317.7036
12,8192,232,104,313.3731
12,8192,232,112,310.1189
12,8192,240,8,185.8571
12,8192,240,16,270.82
12,8192,240,24,292.1921
12,8192,240,32,308.3031
12,8192,240,40,315.916
12,8192,240,48,324.1924
12,8192,240,56,318.8299
12,8192,240,64,323.2104
12,8192,240,72,319.292
12,8192,240,80,324.7175
12,8192,240,88,321.5644
12,8192,240,96,320.8125
12,8192,240,104,316.8271
12,8192,240,112,313.5479
12,8192,240,120,315.4006
12,8192,248,8,185.668
12,8192,248,16,268.9057
12,8192,248,24,286.2747
12,8192,248,32,309.8396
12,8192,248,40,310.4592
12,8192,248,48,317.0211
12,8192,248,56,320.1927
12,8192,248,64,325.0277
12,8192,248,72,321.2152
12,8192,248,80,317.529
12,8192,248,88,322.9075
12,8192,248,96,322.194
12,8192,248,104,318.6124
12,8192,248,112,316.9108
12,8192,248,120,310.6498
12,8192,256,8,181.11
12,8192,256,16,264.6387
12,8192,256,24,285.8381
12,8192,256,32,309.255
12,8192,256,40,309.8211
12,8192,256,48,318.7993
12,8192,256,56,319.803
12,8192,256,64,324.8141
12,8192,256,72,321.2413
12,8192,256,80,319.9501
12,8192,256,88,323.3599
12,8192,256,96,322.4078
12,8192,256,104,319.9039
12,8192,256,112,318.1164
12,8192,256,120,313.074
12,8192,256,128,317.2966
12,8192,264,8,184.1171
12,8192,264,16,269.6141
12,8192,264,24,295.0567
12,8192,264,32,309.442
12,8192,264,40,318.0986
12,8192,264,48,324.7576
12,8192,264,56,326.5007
12,8192,264,64,321.817
12,8192,264,72,327.6133
12,8192,264,80,325.172
12,8192,264,88,326.9046
12,8192,264,96,326.0509
12,8192,264,104,323.2365
12,8192,264,112,320.8528
12,8192,264,120,317.5115
12,8192,264,128,313.6263
12,8192,272,8,182.7701
12,8192,272,16,272.3587
12,8192,272,24,290.0319
12,8192,272,32,311.6774
12,8192,272,40,319.7817
12,8192,272,48,327.2975
12,8192,272,56,328.3706
12,8192,272,64,326.2596
12,8192,272,72,329.3738
12,8192,272,80,328.2353
12,8192,272,88,322.0901
12,8192,272,96,327.9595
12,8192,272,104,325.6304
12,8192,272,112,322.8161
12,8192,272,120,320.192
12,8192,272,128,317.0384
12,8192,272,136,318.8924
12,8192,280,8,184.388
12,8192,280,16,272.9658
12,8192,280,24,294.0311
12,8192,280,32,314.8693
12,8192,280,40,323.0377
12,8192,280,48,329.1365
12,8192,280,56,329.5889
12,8192,280,64,328.8253
12,8192,280,72,330.4731
12,8192,280,80,330.6998
12,8192,280,88,326.1253
12,8192,280,96,329.216
12,8192,280,104,326.882
12,8192,280,112,326.2204
12,8192,280,120,323.0483
12,8192,280,128,318.3895
12,8192,280,136,314.2852
12,8192,288,8,184.4404
12,8192,288,16,275.7483
12,8192,288,24,299.4246
12,8192,288,32,318.0709
12,8192,288,40,318.5562
12,8192,288,48,332.2488
12,8192,288,56,326.7169
12,8192,288,64,331.4391
12,8192,288,72,332.0699
12,8192,288,80,333.3137
12,8192,288,88,328.9214
12,8192,288,96,331.3289
12,8192,288,104,329.5358
12,8192,288,112,329.1105
12,8192,288,120,325.8266
12,8192,288,128,323.7959
12,8192,288,136,318.3774
12,8192,288,144,321.4738
12,8192,296,8,184.5778
12,8192,296,16,274.3768
12,8192,296,24,295.1228
12,8192,296,32,314.9764
12,8192,296,40,323.8371
12,8192,296,48,327.5205
12,8192,296,56,330.5429
12,8192,296,64,334.7493
12,8192,296,72,329.3909
12,8192,296,80,334.4467
12,8192,296,88,332.798
12,8192,296,96,327.8299
12,8192,296,104,331.6787
12,8192,296,112,330.8973
12,8192,296,120,327.3549
12,8192,296,128,325.5497
12,8192,296,136,321.0554
12,8192,296,144,316.1901
12,8192,304,8,182.2215
12,8192,304,16,276.2198
12,8192,304,24,296.7267
12,8192,304,32,315.2218
12,8192,304,40,322.6128
12,8192,304,48,329.3991
12,8192,304,56,330.4317
12,8192,304,64,334.7378
12,8192,304,72,329.6944
12,8192,304,80,335.0416
12,8192,304,88,331.5106
12,8192,304,96,329.1301
12,8192,304,104,331.4702
12,8192,304,112,330.7926
12,8192,304,120,328.5056
12,8192,304,128,326.6447
12,8192,304,136,323.0245
12,8192,304,144,319.1375
12,8192,304,152,320.5357
12,8192,312,8,184.1587
12,8192,312,16,275.0583
12,8192,312,24,300.8963
12,8192,312,32,318.4819
12,8192,312,40,327.1114
12,8192,312,48,331.0647
12,8192,312,56,333.0827
12,8192,312,64,335.999
12,8192,312,72,332.4511
12,8192,312,80,336.8255
12,8192,312,88,333.1342
12,8192,312,96,330.348
12,8192,312,104,330.7811
12,8192,312,112,330.6328
12,8192,312,120,328.8168
12,8192,312,128,326.165
12,8192,312,136,322.1487
12,8192,312,144,319.9395
12,8192,312,152,313.1727
12,8192,320,8,182.8699
12,8192,320,16,277.3787
12,8192,320,24,296.5796
12,8192,320,32,320.2193
12,8192,320,40,325.4151
12,8192,320,48,332.4926
12,8192,320,56,332.698
12,8192,320,64,336.9593
12,8192,320,72,333.8575
12,8192,320,80,336.6452
12,8192,320,88,334.4736
12,8192,320,96,332.7807
12,8192,320,104,327.8142
12,8192,320,112,332.7827
12,8192,320,120,330.5918
12,8192,320,128,329.4312
12,8192,320,136,326.0423
12,8192,320,144,323.4674
12,8192,320,152,317.8962
12,8192,320,160,320.3529
12,8192,328,8,182.7463
12,8192,328,16,276.4469
12,8192,328,24,299.4593
12,8192,328,32,317.0235
12,8192,328,40,325.2933
12,8192,328,48,334.3425
12,8192,328,56,335.7306
12,8192,328,64,333.1887
12,8192,328,72,334.3696
12,8192,328,80,331.3181
12,8192,328,88,335.3506
12,8192,328,96,333.5416
12,8192,328,104,328.9707
12,8192,328,112,331.3775
12,8192,328,120,330.6973
12,8192,328,128,329.2722
12,8192,328,136,326.6971
12,8192,328,144,323.1038
12,8192,328,152,318.619
12,8192,328,160,315.6254
12,8192,336,8,182.7218
12,8192,336,16,277.4619
12,8192,336,24,301.7173
12,8192,336,32,317.96
12,8192,336,40,324.5377
12,8192,336,48,336.2336
12,8192,336,56,338.2271
12,8192,336,64,335.311
12,8192,336,72,337.4964
12,8192,336,80,336.5643
12,8192,336,88,335.8587
12,8192,336,96,336.0546
12,8192,336,104,329.9143
12,8192,336,112,334.2499
12,8192,336,120,331.5381
12,8192,336,128,329.9621
12,8192,336,136,324.6543
12,8192,336,144,325.5034
12,8192,336,152,320.7161
12,8192,336,160,316.3876
12,8192,336,168,318.4661
12,8192,344,8,183.4736
12,8192,344,16,277.1734
12,8192,344,24,299.8412
12,8192,344,32,320.6228
12,8192,344,40,328.477
12,8192,344,48,333.0997
12,8192,344,56,333.9715
12,8192,344,64,337.3665
12,8192,344,72,338.7129
12,8192,344,80,338.0681
12,8192,344,88,338.515
12,8192,344,96,337.1051
12,8192,344,104,334.299
12,8192,344,112,329.011
12,8192,344,120,332.6614
12,8192,344,128,332.2209
12,8192,344,136,328.9683
12,8192,344,144,328.1514
12,8192,344,152,323.8079
12,8192,344,160,320.6746
12,8192,344,168,314.4881
12,8192,352,8,182.3837
12,8192,352,16,280.1261
12,8192,352,24,301.7101
12,8192,352,32,322.1123
12,8192,352,40,326.6847
12,8192,352,48,333.2043
12,8192,352,56,333.3506
12,8192,352,64,336.6634
12,8192,352,72,337.3472
12,8192,352,80,337.876
12,8192,352,88,336.737
12,8192,352,96,335.5013
12,8192,352,104,333.1507
12,8192,352,112,330.4827
12,8192,352,120,331.8673
12,8192,352,128,331.1042
12,8192,352,136,327.396
12,8192,352,144,326.4912
12,8192,352,152,323.0797
12,8192,352,160,319.0726
12,8192,352,168,314.8755
12,8192,352,176,317.1773
12,8192,360,8,181.6077
12,8192,360,16,279.2899
12,8192,360,24,305.9633
12,8192,360,32,321.6305
12,8192,360,40,332.7673
12,8192,360,48,336.0542
12,8192,360,56,337.1612
12,8192,360,64,339.8825
12,8192,360,72,340.0248
12,8192,360,80,339.9698
12,8192,360,88,336.309
12,8192,360,96,338.9895
12,8192,360,104,335.5708
12,8192,360,112,332.9884
12,8192,360,120,333.6547
12,8192,360,128,332.5003
12,8192,360,136,330.1842
12,8192,360,144,328.8013
12,8192,360,152,325.616
12,8192,360,160,322.5203
12,8192,360,168,318.0993
12,8192,360,176,312.3714
12,8192,368,8,179.724
12,8192,368,16,278.073
12,8192,368,24,299.5778
12,8192,368,32,319.6187
12,8192,368,40,326.3184
12,8192,368,48,335.7394
12,8192,368,56,335.8254
12,8192,368,64,338.7667
12,8192,368,72,333.9709
12,8192,368,80,340.1653
12,8192,368,88,333.2489
12,8192,368,96,337.2873
12,8192,368,104,333.6419
12,8192,368,112,331.9278
12,8192,368,120,326.8899
12,8192,368,128,331.9558
12,8192,368,136,328.2494
12,8192,368,144,327.1381
12,8192,368,152,323.9457
12,8192,368,160,321.5221
12,8192,368,168,316.893
12,8192,368,176,313.5291
12,8192,368,184,312.879
12,8192,376,8,180.6711
12,8192,376,16,279.7266
12,8192,376,24,303.167
12,8192,376,32,322.9955
12,8192,376,40,330.2747
12,8192,376,48,338.3209
12,8192,376,56,337.9812
12,8192,376,64,340.5648
12,8192,376,72,337.8996
12,8192,376,80,339.217
12,8192,376,88,335.8532
12,8192,376,96,337.3756
12,8192,376,104,334.518
12,8192,376,112,333.0442
12,8192,376,120,330.1192
12,8192,376,128,331.2262
12,8192,376,136,329.7859
12,8192,376,144,328.3688
12,8192,376,152,326.2641
12,8192,376,160,323.4722
12,8192,376,168,319.0458
12,8192,376,176,316.4153
12,8192,376,184,310.3904
12,8192,384,8,179.9361
12,8192,384,16,279.7973
12,8192,384,24,305.7755
12,8192,384,32,323.39
12,8192,384,40,328.2306
12,8192,384,48,337.0393
12,8192,384,56,338.0024
12,8192,384,64,339.2391
12,8192,384,72,336.6272
12,8192,384,80,339.0183
12,8192,384,88,335.3796
12,8192,384,96,336.7115
12,8192,384,104,334.9111
12,8192,384,112,333.7491
12,8192,384,120,329.1483
12,8192,384,128,330.4153
12,8192,384,136,327.8109
12,8192,384,144,327.2294
12,8192,384,152,323.2411
12,8192,384,160,322.5167
12,8192,384,168,318.094
12,8192,384,176,316.8436
12,8192,384,184,310.7068
12,8192,384,192,313.1925
12,8192,392,8,182.9573
12,8192,392,16,276.6699
12,8192,392,24,300.6049
12,8192,392,32,318.942
12,8192,392,40,329.9475
12,8192,392,48,335.1875
12,8192,392,56,338.6359
12,8192,392,64,336.9607
12,8192,392,72,338.4819
12,8192,392,80,340.112
12,8192,392,88,336.7671
12,8192,392,96,333.1273
12,8192,392,104,335.679
12,8192,392,112,334.2208
12,8192,392,120,330.8717
12,8192,392,128,325.6804
12,8192,392,136,328.8777
12,8192,392,144,327.2386
12,8192,392,152,326.1498
12,8192,392,160,326.0047
12,8192,392,168,320.876
12,8192,392,176,319.5128
12,8192,392,184,315.1454
12,8192,392,192,311.5221
12,8192,400,8,178.8806
12,8192,400,16,275.7833
12,8192,400,24,298.1012
12,8192,400,32,316.336
12,8192,400,40,327.1622
12,8192,400,48,333.1649
12,8192,400,56,333.4062
12,8192,400,64,334.9347
12,8192,400,72,336.5198
12,8192,400,80,338.2273
12,8192,400,88,337.4895
12,8192,400,96,334.7729
12,8192,400,104,333.1846
12,8192,400,112,334.6165
12,8192,400,120,330.8103
12,8192,400,128,327.9827
12,8192,400,136,329.7137
12,8192,400,144,328.8414
12,8192,400,152,327.1832
12,8192,400,160,323.1981
12,8192,400,168,320.8092
12,8192,400,176,317.8873
12,8192,400,184,315.73
12,8192,400,192,310.7
12,8192,400,200,312.0745
12,8192,408,8,180.7312
12,8192,408,16,275.8511
12,8192,408,24,303.2885
12,8192,408,32,320.3697
12,8192,408,40,325.8373
12,8192,408,48,333.8873
12,8192,408,56,333.5659
12,8192,408,64,335.6257
12,8192,408,72,334.5867
12,8192,408,80,333.9032
12,8192,408,88,335.3451
12,8192,408,96,333.2545
12,8192,408,104,332.5661
12,8192,408,112,332.3928
12,8192,408,120,329.3642
12,8192,408,128,326.8254
12,8192,408,136,327.2148
12,8192,408,144,325.2715
12,8192,408,152,323.3968
12,8192,408,160,321.4875
12,8192,408,168,317.7044
12,8192,408,176,317.2578
12,8192,408,184,311.0321
12,8192,408,192,308.1785
12,8192,408,200,302.9854
12,8192,416,8,180.6908
12,8192,416,16,277.2371
12,8192,416,24,301.5486
12,8192,416,32,323.459
12,8192,416,40,326.16
12,8192,416,48,335.2669
12,8192,416,56,336.2338
12,8192,416,64,338.5162
12,8192,416,72,338.4235
12,8192,416,80,338.3967
12,8192,416,88,337.3802
12,8192,416,96,336.2694
12,8192,416,104,336.3562
12,8192,416,112,336.0033
12,8192,416,120,332.7217
12,8192,416,128,330.8881
12,8192,416,136,325.2691
12,8192,416,144,329.1324
12,8192,416,152,327.4494
12,8192,416,160,324.5475
12,8192,416,168,323.6242
12,8192,416,176,319.2152
12,8192,416,184,316.7837
12,8192,416,192,313.7417
12,8192,416,200,306.2341
12,8192,416,208,312.1322
12,8192,424,8,183.609
12,8192,424,16,277.0616
12,8192,424,24,302.4976
12,8192,424,32,319.2381
12,8192,424,40,328.9629
12,8192,424,48,335.5642
12,8192,424,56,335.7874
12,8192,424,64,335.6413
12,8192,424,72,336.8388
12,8192,424,80,336.0808
12,8192,424,88,335.2478
12,8192,424,96,333.4894
12,8192,424,104,329.121
12,8192,424,112,333.307
12,8192,424,120,329.5386
12,8192,424,128,328.191
12,8192,424,136,323.4158
12,8192,424,144,326.4031
12,8192,424,152,323.9602
12,8192,424,160,323.6045
12,8192,424,168,319.916
12,8192,424,176,318.4899
12,8192,424,184,313.9808
12,8192,424,192,310.7837
12,8192,424,200,305.5739
12,8192,424,208,302.0104
12,8192,432,8,179.3463
12,8192,432,16,276.5805
12,8192,432,24,302.003
12,8192,432,32,317.3844
12,8192,432,40,325.8014
12,8192,432,48,335.8408
12,8192,432,56,335.5084
12,8192,432,64,337.7206
12,8192,432,72,338.6187
12,8192,432,80,335.8277
12,8192,432,88,337.2074
12,8192,432,96,335.3144
12,8192,432,104,331.5792
12,8192,432,112,333.7785
12,8192,432,120,329.6571
12,8192,432,128,328.2836
12,8192,432,136,323.6592
12,8192,432,144,326.9583
12,8192,432,152,324.3701
12,8192,432,160,323.9935
12,8192,432,168,320.3376
12,8192,432,176,318.1536
12,8192,432,184,314.5485
12,8192,432,192,312.512
12,8192,432,200,306.7505
12,8192,432,208,301.4324
12,8192,432,216,307.2462
12,8192,440,8,184.1046
12,8192,440,16,278.253
12,8192,440,24,302.4869
12,8192,440,32,320.8827
12,8192,440,40,328.4764
12,8192,440,48,333.0219
12,8192,440,56,335.3607
12,8192,440,64,338.0467
12,8192,440,72,332.5365
12,8192,440,80,335.356
12,8192,440,88,336.9193
12,8192,440,96,334.2815
12,8192,440,104,330.9649
12,8192,440,112,333.2689
12,8192,440,120,330.7625
12,8192,440,128,328.5785
12,8192,440,136,325.453
12,8192,440,144,322.1881
12,8192,440,152,324.2987
12,8192,440,160,323.8171
12,8192,440,168,321.1375
12,8192,440,176,320.1247
12,8192,440,184,317.2094
12,8192,440,192,312.863
12,8192,440,200,308.6889
12,8192,440,208,305.0891
12,8192,440,216,300.5662
12,8192,448,8,180.3448
12,8192,448,16,276.4032
12,8192,448,24,302.0812
12,8192,448,32,320.4071
12,8192,448,40,323.8391
12,8192,448,48,333.1177
12,8192,448,56,336.1152
12,8192,448,64,336.7399
12,8192,448,72,332.1969
12,8192,448,80,334.2464
12,8192,448,88,330.6478
12,8192,448,96,332.5128
12,8192,448,104,329.7439
12,8192,448,112,331.7845
12,8192,448,120,329.2357
12,8192,448,128,328.8106
12,8192,448,136,323.0089
12,8192,448,144,321.3494
12,8192,448,152,323.8494
12,8192,448,160,321.1726
12,8192,448,168,319.5412
12,8192,448,176,316.9143
12,8192,448,184,313.2795
12,8192,448,192,310.6226
12,8192,448,200,305.7965
12,8192,448,208,302.9803
12,8192,448,216,300.4452
12,8192,448,224,306.5043
12,8192,456,8,186.5892
12,8192,456,16,277.8641
12,8192,456,24,304.6721
12,8192,456,32,318.8061
12,8192,456,40,325.9109
12,8192,456,48,332.9175
12,8192,456,56,328.7373
12,8192,456,64,331.3216
12,8192,456,72,331.9593
12,8192,456,80,333.7355
12,8192,456,88,329.9059
12,8192,456,96,332.5114
12,8192,456,104,328.5991
12,8192,456,112,327.1447
12,8192,456,120,328.2756
12,8192,456,128,325.8852
12,8192,456,136,322.3836
12,8192,456,144,319.5634
12,8192,456,152,323.3262
12,8192,456,160,319.8213
12,8192,456,168,316.8719
12,8192,456,176,317.3807
12,8192,456,184,312.7432
12,8192,456,192,312.02
12,8192,456,200,304.4307
12,8192,456,208,303.027
12,8192,456,216,300.2297
12,8192,456,224,296.9005
12,8192,464,8,180.451
12,8192,464,16,277.3403
12,8192,464,24,297.2573
12,8192,464,32,318.4953
12,8192,464,40,324.6486
12,8192,464,48,332.9067
12,8192,464,56,331.4105
12,8192,464,64,330.7698
12,8192,464,72,333.3391
12,8192,464,80,334.9035
12,8192,464,88,331.7841
12,8192,464,96,332.461
12,8192,464,104,330.1891
12,8192,464,112,327.7805
12,8192,464,120,328.0843
12,8192,464,128,327.4149
12,8192,464,136,323.5834
12,8192,464,144,320.3915
12,8192,464,152,316.1139
12,8192,464,160,319.1576
12,8192,464,168,318.8409
12,8192,464,176,316.3973
12,8192,464,184,312.8862
12,8192,464,192,312.3377
12,8192,464,200,306.35
12,8192,464,208,303.5995
12,8192,464,216,302.4098
12,8192,464,224,296.5699
12,8192,464,232,302.4099
12,8192,472,8,183.457
12,8192,472,16,276.1501
12,8192,472,24,302.6968
12,8192,472,32,319.3163
12,8192,472,40,325.4407
12,8192,472,48,331.128
12,8192,472,56,329.2749
12,8192,472,64,331.1876
12,8192,472,72,329.1309
12,8192,472,80,332.3991
12,8192,472,88,327.6172
12,8192,472,96,331.2799
12,8192,472,104,328.9235
12,8192,472,112,325.8159
12,8192,472,120,327.1337
12,8192,472,128,326.1889
12,8192,472,136,322.5712
12,8192,472,144,318.893
12,8192,472,152,315.2838
12,8192,472,160,317.651
12,8192,472,168,317.5443
12,8192,472,176,316.3759
12,8192,472,184,313.9076
12,8192,472,192,310.8966
12,8192,472,200,305.5472
12,8192,472,208,303.5184
12,8192,472,216,299.1899
12,8192,472,224,294.0415
12,8192,472,232,293.4761
12,8192,480,8,179.3857
12,8192,480,16,275.777
12,8192,480,24,301.7671
12,8192,480,32,317.6999
12,8192,480,40,322.0622
12,8192,480,48,331.052
12,8192,480,56,327.3836
12,8192,480,64,328.6626
12,8192,480,72,329.2036
12,8192,480,80,331.3752
12,8192,480,88,326.1023
12,8192,480,96,328.887
12,8192,480,104,325.8165
12,8192,480,112,323.2231
12,8192,480,120,325.0265
12,8192,480,128,323.4276
12,8192,480,136,319.4692
12,8192,480,144,317.2901
12,8192,480,152,313.865
12,8192,480,160,315.4206
12,8192,480,168,315.6641
12,8192,480,176,313.3798
12,8192,480,184,310.6615
12,8192,480,192,308.7504
12,8192,480,200,301.4782
12,8192,480,208,299.6493
12,8192,480,216,296.9672
12,8192,480,224,293.8162
12,8192,480,232,292.4576
12,8192,480,240,299.0785
12,8192,488,8,182.2618
12,8192,488,16,276.4373
12,8192,488,24,299.9454
12,8192,488,32,317.1736
12,8192,488,40,320.5197
12,8192,488,48,327.4253
12,8192,488,56,329.072
12,8192,488,64,330.0872
12,8192,488,72,328.9965
12,8192,488,80,326.7456
12,8192,488,88,328.0689
12,8192,488,96,324.0851
12,8192,488,104,324.8426
12,8192,488,112,325.7823
12,8192,488,120,320.1081
12,8192,488,128,325.1013
12,8192,488,136,321.7377
12,8192,488,144,319.6488
12,8192,488,152,315.8194
12,8192,488,160,310.4869
12,8192,488,168,317.2606
12,8192,488,176,316.2156
12,8192,488,184,314.2869
12,8192,488,192,312.7014
12,8192,488,200,306.6436
12,8192,488,208,303.3204
12,8192,488,216,302.381
12,8192,488,224,299.4871
12,8192,488,232,294.4243
12,8192,488,240,292.0521
12,8192,496,8,178.0872
12,8192,496,16,273.2552
12,8192,496,24,295.3217
12,8192,496,32,312.1736
12,8192,496,40,317.5265
12,8192,496,48,324.9831
12,8192,496,56,328.0468
12,8192,496,64,326.3011
12,8192,496,72,325.5956
12,8192,496,80,324.931
12,8192,496,88,326.5606
12,8192,496,96,322.8194
12,8192,496,104,325.3149
12,8192,496,112,321.1227
12,8192,496,120,319.1491
12,8192,496,128,323.3166
12,8192,496,136,318.3772
12,8192,496,144,315.0262
12,8192,496,152,314.2016
12,8192,496,160,310.4464
12,8192,496,168,312.8574
12,8192,496,176,314.4182
12,8192,496,184,313.4913
12,8192,496,192,310.2697
12,8192,496,200,304.5091
12,8192,496,208,302.2623
12,8192,496,216,299.4419
12,8192,496,224,296.5786
12,8192,496,232,293.9059
12,8192,496,240,290.3457
12,8192,496,248,296.9894
12,8192,504,8,177.9164
12,8192,504,16,272.7938
12,8192,504,24,298.0909
12,8192,504,32,312.7484
12,8192,504,40,316.2258
12,8192,504,48,325.5095
12,8192,504,56,324.9264
12,8192,504,64,323.7958
12,8192,504,72,326.0814
12,8192,504,80,321.0501
12,8192,504,88,323.9897
12,8192,504,96,322.9621
12,8192,504,104,322.8898
12,8192,504,112,322.6907
12,8192,504,120,318.3447
12,8192,504,128,320.6018
12,8192,504,136,317.9934
12,8192,504,144,316.9637
12,8192,504,152,313.705
12,8192,504,160,311.1372
12,8192,504,168,311.4108
12,8192,504,176,315.2306
12,8192,504,184,310.1466
12,8192,504,192,310.0878
12,8192,504,200,304.1859
12,8192,504,208,301.6694
12,8192,504,216,299.2104
12,8192,504,224,296.144
12,8192,504,232,291.109
12,8192,504,240,289.135
12,8192,504,248,286.4452
12,8192,512,8,160.3908
12,8192,512,16,243.4009
12,8192,512,24,269.6685
12,8192,512,32,287.1938
12,8192,512,40,292.3124
12,8192,512,48,299.8001
12,8192,512,56,300.4458
12,8192,512,64,304.5932
12,8192,512,72,302.9258
12,8192,512,80,304.6786
12,8192,512,88,305.6134
12,8192,512,96,304.8968
12,8192,512,104,307.4165
12,8192,512,112,303.1253
12,8192,512,120,300.1544
12,8192,512,128,304.6867
12,8192,512,136,300.1009
12,8192,512,144,295.9279
12,8192,512,152,296.2238
12,8192,512,160,293.7304
12,8192,512,168,290.3192
12,8192,512,176,298.2809
12,8192,512,184,295.6443
12,8192,512,192,296.3042
12,8192,512,200,289.8109
12,8192,512,208,287.6869
12,8192,512,216,285.1464
12,8192,512,224,284.9325
12,8192,512,232,280.3222
12,8192,512,240,276.6808
12,8192,512,248,273.7092
12,8192,512,256,279.6907
12,8192,32,8,109.2175
12,8192,32,16,126.1933
12,8192,40,8,131.9079
12,8192,40,16,147.0243
12,8192,48,8,152.8691
12,8192,48,16,163.8784
12,8192,48,24,177.5425
12,8192,56,8,164.9005
12,8192,56,16,173.0662
12,8192,56,24,180.5415
12,8192,64,8,177.1735
12,8192,64,16,211.719
12,8192,64,24,216.5332
12,8192,64,32,233.2726
12,8192,72,8,182.4052
12,8192,72,16,216.0584
12,8192,72,24,227.164
12,8192,72,32,234.1757
12,8192,80,8,183.0563
12,8192,80,16,197.9523
12,8192,80,24,229.6628
12,8192,80,32,241.7612
12,8192,80,40,251.4548
12,8192,88,8,189.6735
12,8192,88,16,199.7841
12,8192,88,24,232.9875
12,8192,88,32,248.7793
12,8192,88,40,251.3171
12,8192,96,8,190.0518
12,8192,96,16,234.0571
12,8192,96,24,247.795
12,8192,96,32,265.1172
12,8192,96,40,261.2846
12,8192,96,48,272.3905
12,8192,104,8,193.6588
12,8192,104,16,232.7188
12,8192,104,24,246.6499
12,8192,104,32,265.0884
12,8192,104,40,266.6261
12,8192,104,48,272.1633
12,8192,112,8,197.673
12,8192,112,16,242.7436
12,8192,112,24,251.6158
12,8192,112,32,266.2331
12,8192,112,40,272.3765
12,8192,112,48,271.5489
12,8192,112,56,278.3557
12,8192,120,8,201.0342
12,8192,120,16,244.7239
12,8192,120,24,262.2218
12,8192,120,32,275.393
12,8192,120,40,279.193
12,8192,120,48,280.6498
12,8192,120,56,279.6687
12,8192,128,8,204.9726
12,8192,128,16,248.7651
12,8192,128,24,262.0244
12,8192,128,32,280.9378
12,8192,128,40,279.1233
12,8192,128,48,286.3483
12,8192,128,56,279.8936
12,8192,128,64,285.9067
12,8192,136,8,210.7647
12,8192,136,16,251.3181
12,8192,136,24,263.3727
12,8192,136,32,281.4405
12,8192,136,40,278.8945
12,8192,136,48,293.6846
12,8192,136,56,283.0189
12,8192,136,64,286.7584
12,8192,144,8,218.867
12,8192,144,16,257.3158
12,8192,144,24,274.4466
12,8192,144,32,285.6513
12,8192,144,40,287.082
12,8192,144,48,301.3548
12,8192,144,56,293.0356
12,8192,144,64,289.5495
12,8192,144,72,294.174
12,8192,152,8,191.665
12,8192,152,16,253.3025
12,8192,152,24,267.3177
12,8192,152,32,288.8445
12,8192,152,40,292.8544
12,8192,152,48,289.2472
12,8192,152,56,296.6039
12,8192,152,64,294.2691
12,8192,152,72,287.7039
12,8192,160,8,189.8503
12,8192,160,16,260.965
12,8192,160,24,272.0688
12,8192,160,32,296.6387
12,8192,160,40,293.438
12,8192,160,48,295.8747
12,8192,160,56,299.1272
12,8192,160,64,298.9479
12,8192,160,72,293.6179
12,8192,160,80,300.7011
12,8192,168,8,191.4709
12,8192,168,16,259.4887
12,8192,168,24,281.0635
12,8192,168,32,293.0283
12,8192,168,40,291.0684
12,8192,168,48,303.1469
12,8192,168,56,305.1697
12,8192,168,64,304.9415
12,8192,168,72,300.237
12,8192,168,80,294.147
12,8192,176,8,189.5094
12,8192,176,16,264.092
12,8192,176,24,275.5058
12,8192,176,32,298.2286
12,8192,176,40,296.7607
12,8192,176,48,307.6107
12,8192,176,56,296.7178
12,8192,176,64,308.7887
12,8192,176,72,305.0683
12,8192,176,80,301.8203
12,8192,176,88,305.0874
12,8192,184,8,191.8717
12,8192,184,16,262.5072
12,8192,184,24,280.9696
12,8192,184,32,298.9118
12,8192,184,40,300.5039
12,8192,184,48,310.0443
12,8192,184,56,303.4323
12,8192,184,64,309.7723
12,8192,184,72,306.9924
12,8192,184,80,305.1804
12,8192,184,88,298.7562
12,8192,192,8,191.7042
12,8192,192,16,268.7019
12,8192,192,24,285.8476
12,8192,192,32,304.4272
12,8192,192,40,305.7185
12,8192,192,48,314.5811
12,8192,192,56,309.6
12,8192,192,64,314.1186
12,8192,192,72,311.0819
12,8192,192,80,310.6972
12,8192,192,88,305.9197
12,8192,192,96,310.3893
12,8192,200,8,190.4611
12,8192,200,16,266.0295
12,8192,200,24,282.2737
12,8192,200,32,298.3718
12,8192,200,40,308.6626
12,8192,200,48,307.6722
12,8192,200,56,311.9419
12,8192,200,64,307.2329
12,8192,200,72,314.6467
12,8192,200,80,314.3769
12,8192,200,88,306.945
12,8192,200,96,305.2037
12,8192,208,8,189.6338
12,8192,208,16,268.7092
12,8192,208,24,284.0977
12,8192,208,32,302.9267
12,8192,208,40,302.8563
12,8192,208,48,312.7248
12,8192,208,56,312.7183
12,8192,208,64,311.5797
12,8192,208,72,314.1881
12,8192,208,80,315.5
12,8192,208,88,311.4174
12,8192,208,96,308.454
12,8192,208,104,309.7293
12,8192,216,8,190.0048
12,8192,216,16,268.682
12,8192,216,24,289.283
12,8192,216,32,306.6539
12,8192,216,40,308.7925
12,8192,216,48,315.9354
12,8192,216,56,318.8634
12,8192,216,64,315.8971
12,8192,216,72,318.7811
12,8192,216,80,319.9114
12,8192,216,88,315.7964
12,8192,216,96,313.8118
12,8192,216,104,307.5374
12,8192,224,8,189.9216
12,8192,224,16,270.5366
12,8192,224,24,283.6531
12,8192,224,32,308.8286
12,8192,224,40,308.5836
12,8192,224,48,319.0876
12,8192,224,56,320.1871
12,8192,224,64,318.972
12,8192,224,72,312.7452
12,8192,224,80,321.1962
12,8192,224,88,318.239
12,8192,224,96,316.3794
12,8192,224,104,311.1547
12,8192,224,112,313.9441
12,8192,232,8,189.3397
12,8192,232,16,271.1326
12,8192,232,24,288.3439
12,8192,232,32,304.9765
12,8192,232,40,313.311
12,8192,232,48,319.0912
12,8192,232,56,315.041
12,8192,232,64,321.2651
12,8192,232,72,316.3565
12,8192,232,80,322.2035
12,8192,232,88,319.8033
12,8192,232,96,317.726
12,8192,232,104,313.5913
12,8192,232,112,310.4113
12,8192,240,8,186.8365
12,8192,240,16,270.9284
12,8192,240,24,292.1249
12,8192,240,32,307.8739
12,8192,240,40,315.1944
12,8192,240,48,324.3538
12,8192,240,56,318.7632
12,8192,240,64,323.3022
12,8192,240,72,318.8872
12,8192,240,80,323.8881
12,8192,240,88,322.0053
12,8192,240,96,320.5469
12,8192,240,104,316.9748
12,8192,240,112,313.6927
12,8192,240,120,315.328
12,8192,248,8,185.3116
12,8192,248,16,268.9402
12,8192,248,24,286.5271
12,8192,248,32,310.2142
12,8192,248,40,310.018
12,8192,248,48,317.6825
12,8192,248,56,320.7614
12,8192,248,64,325.0118
12,8192,248,72,321.5221
12,8192,248,80,318.2087
12,8192,248,88,323.2926
12,8192,248,96,321.9079
12,8192,248,104,318.1126
12,8192,248,112,316.6747
12,8192,248,120,309.8417
12,8192,256,8,182.7056
12,8192,256,16,263.8435
12,8192,256,24,286.3058
12,8192,256,32,309.0078
12,8192,256,40,309.6166
12,8192,256,48,318.4768
12,8192,256,56,319.7847
12,8192,256,64,324.7039
12,8192,256,72,321.3234
12,8192,256,80,319.6865
12,8192,256,88,322.908
12,8192,256,96,322.1326
12,8192,256,104,319.5904
12,8192,256,112,318.1411
12,8192,256,120,313.9683
12,8192,256,128,316.6244
12,8192,264,8,184.4828
12,8192,264,16,270.0753
12,8192,264,24,294.9669
12,8192,264,32,309.5861
12,8192,264,40,318.3805
12,8192,264,48,324.4797
12,8192,264,56,326.5097
12,8192,264,64,322.0111
12,8192,264,72,326.8917
12,8192,264,80,325.1491
12,8192,264,88,326.7163
12,8192,264,96,326.0517
12,8192,264,104,323.581
12,8192,264,112,322.0767
12,8192,264,120,318.0225
12,8192,264,128,313.5228
12,8192,272,8,183.1045
12,8192,272,16,272.0789
12,8192,272,24,289.0732
12,8192,272,32,311.1724
12,8192,272,40,319.141
12,8192,272,48,327.2798
12,8192,272,56,329.2045
12,8192,272,64,326.233
12,8192,272,72,329.118
12,8192,272,80,327.919
12,8192,272,88,320.3265
12,8192,272,96,328.2622
12,8192,272,104,325.3432
12,8192,272,112,324.5346
12,8192,272,120,321.2398
12,8192,272,128,317.3716
12,8192,272,136,317.7386
12,8192,280,8,184.8801
12,8192,280,16,272.7607
12,8192,280,24,294.0466
12,8192,280,32,315.6594
12,8192,280,40,323.1427
12,8192,280,48,328.7098
12,8192,280,56,330.6476
12,8192,280,64,329.0054
12,8192,280,72,330.3003
12,8192,280,80,330.4958
12,8192,280,88,326.0364
12,8192,280,96,329.7394
12,8192,280,104,326.5861
12,8192,280,112,326.1395
12,8192,280,120,321.8888
12,8192,280,128,319.9038
12,8192,280,136,314.1586
12,8192,288,8,185.4297
12,8192,288,16,276.0359
12,8192,288,24,299.7869
12,8192,288,32,317.4549
12,8192,288,40,318.6188
12,8192,288,48,331.9736
12,8192,288,56,326.852
12,8192,288,64,330.6244
12,8192,288,72,332.2107
12,8192,288,80,333.1027
12,8192,288,88,329.0258
12,8192,288,96,330.8223
12,8192,288,104,329.4776
12,8192,288,112,328.6196
12,8192,288,120,325.9377
12,8192,288,128,322.2538
12,8192,288,136,318.5681
12,8192,288,144,321.2603
12,8192,296,8,185.4326
12,8192,296,16,274.3263
12,8192,296,24,295.1354
12,8192,296,32,313.7896
12,8192,296,40,323.654
12,8192,296,48,328.6275
12,8192,296,56,330.2564
12,8192,296,64,334.5599
12,8192,296,72,328.077
12,8192,296,80,335.0813
12,8192,296,88,332.0867
12,8192,296,96,327.284
12,8192,296,104,331.4993
12,8192,296,112,330.598
12,8192,296,120,328.0863
12,8192,296,128,324.7056
12,8192,296,136,320.7692
12,8192,296,144,316.6313
12,8192,304,8,184.5549
12,8192,304,16,276.2887
12,8192,304,24,296.4761
12,8192,304,32,314.1833
12,8192,304,40,322.2265
12,8192,304,48,329.5709
12,8192,304,56,330.3751
12,8192,304,64,333.8973
12,8192,304,72,329.8225
12,8192,304,80,334.8091
12,8192,304,88,331.5614
12,8192,304,96,329.1979
12,8192,304,104,331.5541
12,8192,304,112,330.1305
12,8192,304,120,328.7206
12,8192,304,128,325.9094
12,8192,304,136,322.6379
12,8192,304,144,319.8174
12,8192,304,152,320.0955
12,8192,312,8,184.7035
12,8192,312,16,274.3517
12,8192,312,24,300.7681
12,8192,312,32,319.5509
12,8192,312,40,327.2189
12,8192,312,48,331.2038
12,8192,312,56,331.9447
12,8192,312,64,335.0702
12,8192,312,72,332.6792
12,8192,312,80,335.0934
12,8192,312,88,333.6414
12,8192,312,96,329.8833
12,8192,312,104,331.0495
12,8192,312,112,331.3364
12,8192,312,120,328.1488
12,8192,312,128,325.7402
12,8192,312,136,323.0115
12,8192,312,144,319.5844
12,8192,312,152,314.7151
12,8192,320,8,184.1988
12,8192,320,16,276.9384
12,8192,320,24,296.3894
12,8192,320,32,319.5413
12,8192,320,40,325.3488
12,8192,320,48,332.6058
12,8192,320,56,332.8482
12,8192,320,64,336.0399
12,8192,320,72,333.5052
12,8192,320,80,336.9619
12,8192,320,88,333.1862
12,8192,320,96,332.8071
12,8192,320,104,326.6782
12,8192,320,112,332.4176
12,8192,320,120,330.3038
12,8192,320,128,328.8883
12,8192,320,136,326.3704
12,8192,320,144,323.7097
12,8192,320,152,318.8913
12,8192,320,160,320.4857
12,8192,328,8,183.9368
12,8192,328,16,275.7638
12,8192,328,24,300.1207
12,8192,328,32,315.7331
12,8192,328,40,323.8095
12,8192,328,48,333.8077
12,8192,328,56,335.6657
12,8192,328,64,332.0597
12,8192,328,72,334.3183
12,8192,328,80,332.0831
12,8192,328,88,334.8119
12,8192,328,96,333.1753
12,8192,328,104,328.0329
12,8192,328,112,332.3169
12,8192,328,120,330.6763
12,8192,328,128,328.9762
12,8192,328,136,325.6042
12,8192,328,144,323.1804
12,8192,328,152,319.1585
12,8192,328,160,313.7427
12,8192,336,8,183.5363
12,8192,336,16,277.4324
12,8192,336,24,301.2687
12,8192,336,32,317.7233
12,8192,336,40,325.7651
12,8192,336,48,335.8969
12,8192,336,56,337.6146
12,8192,336,64,335.2343
12,8192,336,72,336.5359
12,8192,336,80,335.7295
12,8192,336,88,336.7604
12,8192,336,96,335.5383
12,8192,336,104,331.5677
12,8192,336,112,333.0707
12,8192,336,120,331.51
12,8192,336,128,330.6675
12,8192,336,136,326.9832
12,8192,336,144,325.4829
12,8192,336,152,320.5663
12,8192,336,160,316.4538
12,8192,336,168,317.9683
12,8192,344,8,184.4487
12,8192,344,16,276.6644
12,8192,344,24,300.3553
12,8192,344,32,321.4038
12,8192,344,40,329.1378
12,8192,344,48,332.3654
12,8192,344,56,333.5115
12,8192,344,64,337.4379
12,8192,344,72,338.6054
12,8192,344,80,337.9093
12,8192,344,88,338.9023
12,8192,344,96,337.2828
12,8192,344,104,333.7542
12,8192,344,112,330.1117
12,8192,344,120,332.6611
12,8192,344,128,331.6884
12,8192,344,136,328.6259
12,8192,344,144,327.1347
12,8192,344,152,323.0809
12,8192,344,160,318.9647
12,8192,344,168,314.829
12,8192,352,8,183.5245
12,8192,352,16,279.406
12,8192,352,24,301.75
12,8192,352,32,321.6847
12,8192,352,40,326.4581
12,8192,352,48,333.0881
12,8192,352,56,333.4853
12,8192,352,64,335.7727
12,8192,352,72,337.9967
12,8192,352,80,337.1341
12,8192,352,88,336.081
12,8192,352,96,335.9938
12,8192,352,104,333.0563
12,8192,352,112,330.3548
12,8192,352,120,331.8245
12,8192,352,128,330.8334
12,8192,352,136,328.36
12,8192,352,144,326.326
12,8192,352,152,322.2274
12,8192,352,160,318.2705
12,8192,352,168,314.8843
12,8192,352,176,316.1825
12,8192,360,8,182.2623
12,8192,360,16,279.0849
12,8192,360,24,305.8286
12,8192,360,32,321.7757
12,8192,360,40,332.5255
12,8192,360,48,336.2996
12,8192,360,56,337.2117
12,8192,360,64,339.8158
12,8192,360,72,340.1426
12,8192,360,80,339.878
12,8192,360,88,334.2733
12,8192,360,96,337.3726
12,8192,360,104,335.1995
12,8192,360,112,333.3006
12,8192,360,120,332.0813
12,8192,360,128,332.0828
12,8192,360,136,330.7419
12,8192,360,144,328.0098
12,8192,360,152,325.6012
12,8192,360,160,321.0407
12,8192,360,168,318.5057
12,8192,360,176,312.1162
12,8192,368,8,179.777
12,8192,368,16,278.6521
12,8192,368,24,300.55
12,8192,368,32,318.7818
12,8192,368,40,326.3336
12,8192,368,48,334.5477
12,8192,368,56,336.635
12,8192,368,64,338.624
12,8192,368,72,334.4264
12,8192,368,80,337.6289
12,8192,368,88,334.4914
12,8192,368,96,336.0809
12,8192,368,104,333.9523
12,8192,368,112,332.5427
12,8192,368,120,326.3525
12,8192,368,128,330.9811
12,8192,368,136,328.0841
12,8192,368,144,327.8719
12,8192,368,152,323.8331
12,8192,368,160,321.408
12,8192,368,168,316.0365
12,8192,368,176,312.3695
12,8192,368,184,314.2568
12,8192,376,8,181.9366
12,8192,376,16,279.4001
12,8192,376,24,304.2004
12,8192,376,32,322.4146
12,8192,376,40,329.7745
12,8192,376,48,337.4071
12,8192,376,56,337.3284
12,8192,376,64,340.6066
12,8192,376,72,336.4976
12,8192,376,80,340.1207
12,8192,376,88,335.9968
12,8192,376,96,337.3705
12,8192,376,104,335.3371
12,8192,376,112,333.8954
12,8192,376,120,328.7842
12,8192,376,128,331.2366
12,8192,376,136,328.9617
12,8192,376,144,328.8843
12,8192,376,152,324.38
12,8192,376,160,322.5218
12,8192,376,168,318.1048
12,8192,376,176,315.1842
12,8192,376,184,309.9657
12,8192,384,8,180.6396
12,8192,384,16,280.1829
12,8192,384,24,305.4864
12,8192,384,32,323.0871
12,8192,384,40,326.751
12,8192,384,48,336.8607
12,8192,384,56,337.8617
12,8192,384,64,338.1679
12,8192,384,72,334.8705
12,8192,384,80,338.6914
12,8192,384,88,336.1571
12,8192,384,96,337.4436
12,8192,384,104,333.8069
12,8192,384,112,333.7805
12,8192,384,120,328.6392
12,8192,384,128,330.2104
12,8192,384,136,328.2355
12,8192,384,144,327.8805
12,8192,384,152,323.8199
12,8192,384,160,323.1079
12,8192,384,168,318.3012
12,8192,384,176,314.7703
12,8192,384,184,309.0716
12,8192,384,192,310.5884
12,8192,392,8,183.3716
12,8192,392,16,276.5795
12,8192,392,24,301.199
12,8192,392,32,319.2243
12,8192,392,40,329.7334
12,8192,392,48,334.5649
12,8192,392,56,339.3406
12,8192,392,64,335.3502
12,8192,392,72,338.3895
12,8192,392,80,339.8801
12,8192,392,88,336.4227
12,8192,392,96,333.0453
12,8192,392,104,336.298
12,8192,392,112,333.6463
12,8192,392,120,331.7457
12,8192,392,128,328.0944
12,8192,392,136,330.7524
12,8192,392,144,328.9742
12,8192,392,152,324.9093
12,8192,392,160,324.018
12,8192,392,168,320.7761
12,8192,392,176,318.962
12,8192,392,184,314.5308
12,8192,392,192,309.8171
12,8192,400,8,180.1487
12,8192,400,16,276.1466
12,8192,400,24,298.3366
12,8192,400,32,317.4535
12,8192,400,40,327.0818
12,8192,400,48,331.958
12,8192,400,56,332.5844
12,8192,400,64,336.2762
12,8192,400,72,336.2124
12,8192,400,80,337.5952
12,8192,400,88,337.1758
12,8192,400,96,333.7996
12,8192,400,104,333.4822
12,8192,400,112,333.8842
12,8192,400,120,329.7943
12,8192,400,128,326.773
12,8192,400,136,328.8522
12,8192,400,144,328.7601
12,8192,400,152,325.9717
12,8192,400,160,323.708
12,8192,400,168,321.745
12,8192,400,176,318.2314
12,8192,400,184,313.6156
12,8192,400,192,309.6583
12,8192,400,200,311.6664
12,8192,408,8,182.6011
12,8192,408,16,276.2603
12,8192,408,24,303.2488
12,8192,408,32,320.703
12,8192,408,40,326.2219
12,8192,408,48,335.0567
12,8192,408,56,333.5242
12,8192,408,64,335.5091
12,8192,408,72,335.1706
12,8192,408,80,334.4304
12,8192,408,88,334.344
12,8192,408,96,331.7697
12,8192,408,104,332.6213
12,8192,408,112,332.1934
12,8192,408,120,326.6684
12,8192,408,128,326.0035
12,8192,408,136,324.9711
12,8192,408,144,324.799
12,8192,408,152,322.6164
12,8192,408,160,322.5096
12,8192,408,168,318.472
12,8192,408,176,316.8525
12,8192,408,184,312.135
12,8192,408,192,308.1664
12,8192,408,200,301.7376
12,8192,416,8,181.4281
12,8192,416,16,277.0403
12,8192,416,24,301.2131
12,8192,416,32,322.1101
12,8192,416,40,327.0097
12,8192,416,48,335.6836
12,8192,416,56,336.4694
12,8192,416,64,338.165
12,8192,416,72,337.9154
12,8192,416,80,337.352
12,8192,416,88,337.8209
12,8192,416,96,336.4761
12,8192,416,104,335.2794
12,8192,416,112,336.1112
12,8192,416,120,331.603
12,8192,416,128,330.8038
12,8192,416,136,324.9295
12,8192,416,144,328.9806
12,8192,416,152,327.3314
12,8192,416,160,326.0955
12,8192,416,168,322.2243
12,8192,416,176,317.576
12,8192,416,184,316.4945
12,8192,416,192,312.0787
12,8192,416,200,308.1154
12,8192,416,208,311.9754
12,8192,424,8,183.7396
12,8192,424,16,277.4256
12,8192,424,24,302.0901
12,8192,424,32,318.3496
12,8192,424,40,327.6092
12,8192,424,48,335.2965
12,8192,424,56,334.8233
12,8192,424,64,336.2487
12,8192,424,72,334.9592
12,8192,424,80,335.4286
12,8192,424,88,335.9743
12,8192,424,96,331.7314
12,8192,424,104,328.5053
12,8192,424,112,333.1844
12,8192,424,120,330.1111
12,8192,424,128,326.3532
12,8192,424,136,324.0433
12,8192,424,144,325.0829
12,8192,424,152,324.6844
12,8192,424,160,322.6913
12,8192,424,168,319.9293
12,8192,424,176,315.6579
12,8192,424,184,312.4304
12,8192,424,192,311.1998
12,8192,424,200,305.8058
12,8192,424,208,302.6014
12,8192,432,8,179.4685
12,8192,432,16,276.4264
12,8192,432,24,300.4582
12,8192,432,32,318.6255
12,8192,432,40,326.1447
12,8192,432,48,336.8313
12,8192,432,56,335.4681
12,8192,432,64,337.1662
12,8192,432,72,335.8659
12,8192,432,80,335.279
12,8192,432,88,335.4587
12,8192,432,96,333.8154
12,8192,432,104,330.4644
12,8192,432,112,332.425
12,8192,432,120,328.5047
12,8192,432,128,327.4226
12,8192,432,136,324.212
12,8192,432,144,327.3919
12,8192,432,152,323.5421
12,8192,432,160,322.2558
12,8192,432,168,319.552
12,8192,432,176,317.5403
12,8192,432,184,313.4042
12,8192,432,192,312.6142
12,8192,432,200,306.1584
12,8192,432,208,301.6701
12,8192,432,216,307.612
12,8192,440,8,183.6073
12,8192,440,16,276.6993
12,8192,440,24,301.2
12,8192,440,32,322.4288
12,8192,440,40,329.0652
12,8192,440,48,332.5593
12,8192,440,56,335.6482
12,8192,440,64,336.3446
12,8192,440,72,331.9482
12,8192,440,80,336.0985
12,8192,440,88,335.6783
12,8192,440,96,334.369
12,8192,440,104,329.5257
12,8192,440,112,332.508
12,8192,440,120,331.1543
12,8192,440,128,329.5614
12,8192,440,136,325.628
12,8192,440,144,321.848
12,8192,440,152,322.9772
12,8192,440,160,321.3305
12,8192,440,168,319.8574
12,8192,440,176,319.2837
12,8192,440,184,315.775
12,8192,440,192,312.3668
12,8192,440,200,307.8705
12,8192,440,208,304.8957
12,8192,440,216,298.8133
12,8192,448,8,180.0918
12,8192,448,16,277.0673
12,8192,448,24,302.2496
12,8192,448,32,320.4407
12,8192,448,40,323.396
12,8192,448,48,333.7051
12,8192,448,56,334.9739
12,8192,448,64,335.8218
12,8192,448,72,332.0556
12,8192,448,80,334.4429
12,8192,448,88,329.4672
12,8192,448,96,332.9085
12,8192,448,104,328.4744
12,8192,448,112,332.2306
12,8192,448,120,329.0772
12,8192,448,128,327.2983
12,8192,448,136,322.4675
12,8192,448,144,319.4438
12,8192,448,152,322.287
12,8192,448,160,320.3568
12,8192,448,168,319.2336
12,8192,448,176,316.7129
12,8192,448,184,314.4538
12,8192,448,192,312.4095
12,8192,448,200,304.4766
12,8192,448,208,302.665
12,8192,448,216,299.7446
12,8192,448,224,304.0953
12,8192,456,8,185.1917
12,8192,456,16,277.5154
12,8192,456,24,303.9564
12,8192,456,32,318.3658
12,8192,456,40,325.4823
12,8192,456,48,330.4535
12,8192,456,56,330.059
12,8192,456,64,330.5674
12,8192,456,72,332.5747
12,8192,456,80,332.8875
12,8192,456,88,329.6088
12,8192,456,96,331.0257
12,8192,456,104,327.6768
12,8192,456,112,326.0593
12,8192,456,120,327.7985
12,8192,456,128,326.1469
12,8192,456,136,323.4755
12,8192,456,144,320.6229
12,8192,456,152,321.5975
12,8192,456,160,320.9382
12,8192,456,168,317.9409
12,8192,456,176,317.73
12,8192,456,184,313.6743
12,8192,456,192,311.7547
12,8192,456,200,305.4095
12,8192,456,208,300.3104
12,8192,456,216,300.0126
12,8192,456,224,295.2422
12,8192,464,8,180.1268
12,8192,464,16,276.8161
12,8192,464,24,299.6385
12,8192,464,32,316.4766
12,8192,464,40,323.3024
12,8192,464,48,331.545
12,8192,464,56,332.8902
12,8192,464,64,332.1925
12,8192,464,72,331.8628
12,8192,464,80,334.7351
12,8192,464,88,329.2373
12,8192,464,96,332.9464
12,8192,464,104,330.7278
12,8192,464,112,326.8129
12,8192,464,120,328.4507
12,8192,464,128,325.8339
12,8192,464,136,324.5896
12,8192,464,144,321.4897
12,8192,464,152,314.5997
12,8192,464,160,321.5088
12,8192,464,168,318.3994
12,8192,464,176,316.691
12,8192,464,184,314.3462
12,8192,464,192,311.2903
12,8192,464,200,305.3194
12,8192,464,208,301.8465
12,8192,464,216,298.1172
12,8192,464,224,295.2948
12,8192,464,232,303.056
12,8192,472,8,181.5281
12,8192,472,16,276.258
12,8192,472,24,301.8973
12,8192,472,32,319.5971
12,8192,472,40,324.1857
12,8192,472,48,331.8718
12,8192,472,56,329.3768
12,8192,472,64,330.4042
12,8192,472,72,329.6077
12,8192,472,80,331.4988
12,8192,472,88,327.9577
12,8192,472,96,331.3897
12,8192,472,104,326.0774
12,8192,472,112,325.9961
12,8192,472,120,326.7494
12,8192,472,128,324.6261
12,8192,472,136,321.3975
12,8192,472,144,320.4957
12,8192,472,152,315.7597
12,8192,472,160,320.1216
12,8192,472,168,316.9283
12,8192,472,176,315.6629
12,8192,472,184,313.5868
12,8192,472,192,310.8742
12,8192,472,200,304.9838
12,8192,472,208,302.7636
12,8192,472,216,296.56
12,8192,472,224,295.2205
12,8192,472,232,291.1068
12,8192,480,8,179.6634
12,8192,480,16,275.5199
12,8192,480,24,301.7361
12,8192,480,32,317.738
12,8192,480,40,322.0668
12,8192,480,48,329.4852
12,8192,480,56,326.8968
12,8192,480,64,328.3274
12,8192,480,72,327.8511
12,8192,480,80,331.1713
12,8192,480,88,325.8813
12,8192,480,96,326.7121
12,8192,480,104,325.4331
12,8192,480,112,323.8615
12,8192,480,120,324.3172
12,8192,480,128,321.1361
12,8192,480,136,318.7459
12,8192,480,144,317.6312
12,8192,480,152,313.904
12,8192,480,160,314.3939
12,8192,480,168,314.8071
12,8192,480,176,313.7779
12,8192,480,184,309.2228
12,8192,480,192,309.1712
12,8192,480,200,302.8734
12,8192,480,208,299.3524
12,8192,480,216,297.8811
12,8192,480,224,294.0789
12,8192,480,232,290.406
12,8192,480,240,299.7433
12,8192,488,8,182.6669
12,8192,488,16,276.0127
12,8192,488,24,298.8119
12,8192,488,32,315.4876
12,8192,488,40,320.3867
12,8192,488,48,327.7082
12,8192,488,56,327.9657
12,8192,488,64,327.498
12,8192,488,72,329.5507
12,8192,488,80,324.6028
12,8192,488,88,327.8787
12,8192,488,96,323.6136
12,8192,488,104,325.9232
12,8192,488,112,324.2157
12,8192,488,120,319.5911
12,8192,488,128,322.0523
12,8192,488,136,320.6962
12,8192,488,144,319.1774
12,8192,488,152,315.7478
12,8192,488,160,311.859
12,8192,488,168,317.7137
12,8192,488,176,316.6175
12,8192,488,184,312.7169
12,8192,488,192,310.8873
12,8192,488,200,306.5603
12,8192,488,208,304.9308
12,8192,488,216,299.9775
12,8192,488,224,297.6292
12,8192,488,232,294.5765
12,8192,488,240,291.3147
12,8192,496,8,177.4419
12,8192,496,16,273.659
12,8192,496,24,295.1067
12,8192,496,32,310.9681
12,8192,496,40,316.4495
12,8192,496,48,325.2803
12,8192,496,56,328.7281
12,8192,496,64,328.4901
12,8192,496,72,326.3575
12,8192,496,80,323.5217
12,8192,496,88,324.1957
12,8192,496,96,322.0835
12,8192,496,104,326.1006
12,8192,496,112,321.8613
12,8192,496,120,317.8198
12,8192,496,128,322.2442
12,8192,496,136,318.6937
12,8192,496,144,315.6981
12,8192,496,152,315.114
12,8192,496,160,308.9431
12,8192,496,168,315.1942
12,8192,496,176,314.7805
12,8192,496,184,312.5139
12,8192,496,192,309.8142
12,8192,496,200,306.3816
12,8192,496,208,302.6168
12,8192,496,216,298.9865
12,8192,496,224,295.3347
12,8192,496,232,293.8562
12,8192,496,240,289.0475
12,8192,496,248,295.648
12,8192,504,8,179.3539
12,8192,504,16,272.1912
12,8192,504,24,298.4448
12,8192,504,32,312.309
12,8192,504,40,317.9511
12,8192,504,48,324.6339
12,8192,504,56,324.8799
12,8192,504,64,327.3215
12,8192,504,72,324.3548
12,8192,504,80,323.5932
12,8192,504,88,324.3118
12,8192,504,96,323.1858
12,8192,504,104,322.964
12,8192,504,112,321.8917
12,8192,504,120,317.6891
12,8192,504,128,320.9552
12,8192,504,136,316.9096
12,8192,504,144,314.8688
12,8192,504,152,312.5704
12,8192,504,160,309.6483
12,8192,504,168,314.4739
12,8192,504,176,312.5769
12,8192,504,184,311.4174
12,8192,504,192,310.1402
12,8192,504,200,304.8624
12,8192,504,208,302.8282
12,8192,504,216,298.1506
12,8192,504,224,297.3245
12,8192,504,232,294.3471
12,8192,504,240,289.5094
12,8192,504,248,285.3098
12,8192,512,8,160.3989
12,8192,512,16,242.6241
12,8192,512,24,267.8242
12,8192,512,32,288.4574
12,8192,512,40,291.6351
12,8192,512,48,301.1313
12,8192,512,56,301.8388
12,8192,512,64,304.6172
12,8192,512,72,302.6753
12,8192,512,80,304.1752
12,8192,512,88,306.458
12,8192,512,96,303.8574
12,8192,512,104,306.8188
12,8192,512,112,305.1237
12,8192,512,120,303.3144
12,8192,512,128,302.7991
12,8192,512,136,303.7219
12,8192,512,144,299.8113
12,8192,512,152,296.2082
12,8192,512,160,292.8236
12,8192,512,168,290.1889
12,8192,512,176,295.9603
12,8192,512,184,294.1752
12,8192,512,192,297.4605
12,8192,512,200,289.3189
12,8192,512,208,287.3168
12,8192,512,216,285.6789
12,8192,512,224,284.0689
12,8192,512,232,283.0603
12,8192,512,240,279.0818
12,8192,512,248,274.4829
12,8192,512,256,279.7551
12,8192,32,8,110.2563
12,8192,32,16,125.3707
12,8192,40,8,131.6719
12,8192,40,16,147.7943
12,8192,48,8,152.7124
12,8192,48,16,164.5376
12,8192,48,24,182.1204
12,8192,56,8,162.5066
12,8192,56,16,172.0276
12,8192,56,24,179.7793
12,8192,64,8,176.8774
12,8192,64,16,212.6525
12,8192,64,24,212.4788
12,8192,64,32,230.0593
12,8192,72,8,183.743
12,8192,72,16,215.8218
12,8192,72,24,230.3312
12,8192,72,32,234.7657
12,8192,80,8,182.5671
12,8192,80,16,197.0541
12,8192,80,24,229.7491
12,8192,80,32,241.601
12,8192,80,40,249.9978
12,8192,88,8,189.3953
12,8192,88,16,199.783
12,8192,88,24,232.8234
12,8192,88,32,250.1376
12,8192,88,40,249.209
12,8192,96,8,191.8528
12,8192,96,16,234.4463
12,8192,96,24,248.3283
12,8192,96,32,264.6093
12,8192,96,40,261.4414
12,8192,96,48,272.0294
12,8192,104,8,193.1759
12,8192,104,16,230.9813
12,8192,104,24,246.7902
12,8192,104,32,263.0983
12,8192,104,40,266.8087
12,8192,104,48,272.569
12,8192,112,8,197.5386
12,8192,112,16,242.1428
12,8192,112,24,251.7075
12,8192,112,32,266.0644
12,8192,112,40,272.1773
12,8192,112,48,272.9788
12,8192,112,56,277.3387
12,8192,120,8,200.4294
12,8192,120,16,244.705
12,8192,120,24,262.3015
12,8192,120,32,274.4655
12,8192,120,40,279.9465
12,8192,120,48,281.0996
12,8192,120,56,279.4732
12,8192,128,8,206.3028
12,8192,128,16,248.8943
12,8192,128,24,261.8471
12,8192,128,32,281.9612
12,8192,128,40,279.1648
12,8192,128,48,286.138
12,8192,128,56,281.637
12,8192,128,64,285.8323
12,8192,136,8,210.9338
12,8192,136,16,250.3551
12,8192,136,24,264.0846
12,8192,136,32,281.2564
12,8192,136,40,278.766
12,8192,136,48,292.8499
12,8192,136,56,282.2724
12,8192,136,64,286.8127
12,8192,144,8,219.8177
12,8192,144,16,257.4456
12,8192,144,24,273.6177
12,8192,144,32,286.222
12,8192,144,40,287.3629
12,8192,144,48,301.9245
12,8192,144,56,292.7839
12,8192,144,64,289.2088
12,8192,144,72,295.2116
12,8192,152,8,191.2573
12,8192,152,16,253.1324
12,8192,152,24,267.2271
12,8192,152,32,290.0322
12,8192,152,40,293.6926
12,8192,152,48,289.7982
12,8192,152,56,296.9518
12,8192,152,64,293.572
12,8192,152,72,288.1094
12,8192,160,8,189.2777
12,8192,160,16,261.0801
12,8192,160,24,271.9756
12,8192,160,32,296.3405
12,8192,160,40,294.0015
12,8192,160,48,295.1815
12,8192,160,56,298.7472
12,8192,160,64,299.1088
12,8192,160,72,293.3596
12,8192,160,80,300.986
12,8192,168,8,191.91
12,8192,168,16,258.9437
12,8192,168,24,281.7236
12,8192,168,32,293.0276
12,8192,168,40,290.9575
12,8192,168,48,303.1981
12,8192,168,56,304.6471
12,8192,168,64,304.9375
12,8192,168,72,300.2285
12,8192,168,80,295.9961
12,8192,176,8,189.5303
12,8192,176,16,263.9752
12,8192,176,24,275.5508
12,8192,176,32,297.9338
12,8192,176,40,296.6923
12,8192,176,48,307.7465
12,8192,176,56,297.8012
12,8192,176,64,308.4427
12,8192,176,72,304.0154
12,8192,176,80,301.6123
12,8192,176,88,303.963
12,8192,184,8,190.6929
12,8192,184,16,262.6286
12,8192,184,24,280.954
12,8192,184,32,299.1492
12,8192,184,40,300.6273
12,8192,184,48,310.0825
12,8192,184,56,303.4132
12,8192,184,64,310.9301
12,8192,184,72,306.9334
12,8192,184,80,305.7264
12,8192,184,88,297.7496
12,8192,192,8,191.3261
12,8192,192,16,268.4954
12,8192,192,24,285.6873
12,8192,192,32,303.9391
12,8192,192,40,306.4408
12,8192,192,48,315.5881
12,8192,192,56,309.2728
12,8192,192,64,314.2233
12,8192,192,72,312.2091
12,8192,192,80,311.2599
12,8192,192,88,305.751
12,8192,192,96,310.4632
12,8192,200,8,190.1683
12,8192,200,16,265.6013
12,8192,200,24,282.2829
12,8192,200,32,298.5723
12,8192,200,40,309.0252
12,8192,200,48,307.2589
12,8192,200,56,312.3705
12,8192,200,64,306.9031
12,8192,200,72,313.9509
12,8192,200,80,314.3509
12,8192,200,88,309.1602
12,8192,200,96,304.7061
12,8192,208,8,189.3635
12,8192,208,16,268.8014
12,8192,208,24,283.1247
12,8192,208,32,302.5629
12,8192,208,40,302.754
12,8192,208,48,312.3327
12,8192,208,56,314.4973
12,8192,208,64,311.3948
12,8192,208,72,315.1831
12,8192,208,80,314.7243
12,8192,208,88,311.5037
12,8192,208,96,308.4849
12,8192,208,104,310.3999
12,8192,216,8,189.9172
12,8192,216,16,268.4055
12,8192,216,24,290.1148
12,8192,216,32,306.8358
12,8192,216,40,308.813
12,8192,216,48,316.387
12,8192,216,56,319.1028
12,8192,216,64,316.2832
12,8192,216,72,319.248
12,8192,216,80,319.5642
12,8192,216,88,316.2482
12,8192,216,96,313.324
12,8192,216,104,307.4157
12,8192,224,8,190.0601
12,8192,224,16,270.1227
12,8192,224,24,284.0685
12,8192,224,32,308.6781
12,8192,224,40,309.3789
12,8192,224,48,319.2548
12,8192,224,56,320.1688
12,8192,224,64,318.9574
12,8192,224,72,312.4155
12,8192,224,80,320.9938
12,8192,224,88,318.476
12,8192,224,96,315.167
12,8192,224,104,310.8436
12,8192,224,112,314.372
12,8192,232,8,190.8585
12,8192,232,16,268.9827
12,8192,232,24,288.2387
12,8192,232,32,304.7213
12,8192,232,40,313.6341
12,8192,232,48,322.1092
12,8192,232,56,315.2315
12,8192,232,64,321.3326
12,8192,232,72,316.3155
12,8192,232,80,322.0461
12,8192,232,88,319.6742
12,8192,232,96,317.7168
12,8192,232,104,313.3946
12,8192,232,112,310.1776
12,8192,240,8,187.477
12,8192,240,16,270.465
12,8192,240,24,292.0504
12,8192,240,32,308.2385
12,8192,240,40,315.7412
12,8192,240,48,323.9109
12,8192,240,56,318.6787
12,8192,240,64,323.1429
12,8192,240,72,319.1207
12,8192,240,80,324.254
12,8192,240,88,321.6609
12,8192,240,96,320.6136
12,8192,240,104,317.1868
12,8192,240,112,313.8549
12,8192,240,120,315.1592
12,8192,248,8,186.8245
12,8192,248,16,268.9091
12,8192,248,24,286.4316
12,8192,248,32,310.3562
12,8192,248,40,310.8414
12,8192,248,48,317.9645
12,8192,248,56,319.5381
12,8192,248,64,325.1216
12,8192,248,72,321.0801
12,8192,248,80,317.4845
12,8192,248,88,322.6231
12,8192,248,96,322.7939
12,8192,248,104,318.7837
12,8192,248,112,316.6804
12,8192,248,120,310.5706
12,8192,256,8,183.0296
12,8192,256,16,263.1156
12,8192,256,24,285.961
12,8192,256,32,308.7105
12,8192,256,40,309.6039
12,8192,256,48,318.8294
12,8192,256,56,319.7912
12,8192,256,64,324.5573
12,8192,256,72,321.418
12,8192,256,80,319.581
12,8192,256,88,322.5744
12,8192,256,96,322.4488
12,8192,256,104,319.5807
12,8192,256,112,318.6136
12,8192,256,120,313.7947
12,8192,256,128,317.4942
12,8192,264,8,185.1216
12,8192,264,16,270.1169
12,8192,264,24,294.4958
12,8192,264,32,309.3051
12,8192,264,40,317.1877
12,8192,264,48,324.8292
12,8192,264,56,326.4984
12,8192,264,64,322.1192
12,8192,264,72,326.9438
12,8192,264,80,325.0502
12,8192,264,88,326.8086
12,8192,264,96,325.8768
12,8192,264,104,323.0817
12,8192,264,112,321.8909
12,8192,264,120,317.1337
12,8192,264,128,313.4487
12,8192,272,8,183.0559
12,8192,272,16,271.8504
12,8192,272,24,289.3631
12,8192,272,32,310.1873
12,8192,272,40,320.6492
12,8192,272,48,327.1209
12,8192,272,56,327.4963
12,8192,272,64,325.6466
12,8192,272,72,328.5618
12,8192,272,80,326.6039
12,8192,272,88,321.5231
12,8192,272,96,327.558
12,8192,272,104,323.9718
12,8192,272,112,324.6635
12,8192,272,120,320.5296
12,8192,272,128,316.616
12,8192,272,136,318.1105
12,8192,280,8,185.1438
12,8192,280,16,272.9568
12,8192,280,24,294.5437
12,8192,280,32,315.3652
12,8192,280,40,323.1914
12,8192,280,48,329.604
12,8192,280,56,330.4607
12,8192,280,64,329.1723
12,8192,280,72,330.6728
12,8192,280,80,329.4992
12,8192,280,88,325.5284
12,8192,280,96,329.0145
12,8192,280,104,327.1694
12,8192,280,112,325.9027
12,8192,280,120,323.2458
12,8192,280,128,320.0359
12,8192,280,136,314.202
12,8192,288,8,185.7299
12,8192,288,16,276.0716
12,8192,288,24,299.7664
12,8192,288,32,317.7796
12,8192,288,40,318.5503
12,8192,288,48,332.2136
12,8192,288,56,326.8063
12,8192,288,64,331.5102
12,8192,288,72,332.4082
12,8192,288,80,333.4693
12,8192,288,88,328.9815
12,8192,288,96,331.4662
12,8192,288,104,329.5728
12,8192,288,112,328.6783
12,8192,288,120,324.9751
12,8192,288,128,323.0779
12,8192,288,136,318.9243
12,8192,288,144,321.2397
12,8192,296,8,185.848
12,8192,296,16,274.6679
12,8192,296,24,295.3667
12,8192,296,32,315.4384
12,8192,296,40,323.7416
12,8192,296,48,328.1657
12,8192,296,56,330.6167
12,8192,296,64,334.5265
12,8192,296,72,329.2044
12,8192,296,80,335.0815
12,8192,296,88,332.5899
12,8192,296,96,328.1767
12,8192,296,104,331.1299
12,8192,296,112,330.0243
12,8192,296,120,327.2671
12,8192,296,128,325.451
12,8192,296,136,321.2028
12,8192,296,144,316.029
12,8192,304,8,183.7017
12,8192,304,16,275.8607
12,8192,304,24,296.5111
12,8192,304,32,315.7993
12,8192,304,40,320.2144
12,8192,304,48,330.7131
12,8192,304,56,330.5752
12,8192,304,64,334.7911
12,8192,304,72,330.0859
12,8192,304,80,335.3812
12,8192,304,88,332.2389
12,8192,304,96,328.7232
12,8192,304,104,331.9861
12,8192,304,112,330.8566
12,8192,304,120,328.4016
12,8192,304,128,326.8748
12,8192,304,136,322.702
12,8192,304,144,319.2721
12,8192,304,152,319.3957
12,8192,312,8,184.4027
12,8192,312,16,275.1772
12,8192,312,24,301.1085
12,8192,312,32,318.6283
12,8192,312,40,326.8691
12,8192,312,48,330.6248
12,8192,312,56,332.5884
12,8192,312,64,335.3599
12,8192,312,72,331.6116
12,8192,312,80,336.7749
12,8192,312,88,334.1302
12,8192,312,96,330.9367
12,8192,312,104,331.0305
12,8192,312,112,330.6881
12,8192,312,120,328.2676
12,8192,312,128,325.2313
12,8192,312,136,322.4072
12,8192,312,144,319.4917
12,8192,312,152,311.8594
12,8192,320,8,183.652
12,8192,320,16,275.4507
12,8192,320,24,296.0325
12,8192,320,32,319.7646
12,8192,320,40,325.7037
12,8192,320,48,331.6959
12,8192,320,56,332.5209
12,8192,320,64,336.6054
12,8192,320,72,332.6761
12,8192,320,80,337.3081
12,8192,320,88,334.8218
12,8192,320,96,333.0028
12,8192,320,104,326.8846
12,8192,320,112,331.9234
12,8192,320,120,330.6848
12,8192,320,128,328.3779
12,8192,320,136,325.7158
12,8192,320,144,321.6729
12,8192,320,152,317.5968
12,8192,320,160,320.3917
12,8192,328,8,183.4972
12,8192,328,16,276.2599
12,8192,328,24,299.6299
12,8192,328,32,316.9281
12,8192,328,40,324.0972
12,8192,328,48,333.3951
12,8192,328,56,335.335
12,8192,328,64,333.3267
12,8192,328,72,334.9745
12,8192,328,80,331.6331
12,8192,328,88,335.6251
12,8192,328,96,333.8093
12,8192,328,104,328.1481
12,8192,328,112,332.8282
12,8192,328,120,330.2688
12,8192,328,128,328.5374
12,8192,328,136,325.6596
12,8192,328,144,323.4227
12,8192,328,152,319.7756
12,8192,328,160,314.0077
12,8192,336,8,183.4213
12,8192,336,16,277.5987
12,8192,336,24,302.338
12,8192,336,32,317.9188
12,8192,336,40,326.3281
12,8192,336,48,336.2144
12,8192,336,56,337.1103
12,8192,336,64,335.1645
12,8192,336,72,337.5318
12,8192,336,80,335.1098
12,8192,336,88,336.1022
12,8192,336,96,334.8854
12,8192,336,104,330.1288
12,8192,336,112,334.1759
12,8192,336,120,331.6342
12,8192,336,128,328.6584
12,8192,336,136,327.35
12,8192,336,144,325.9375
12,8192,336,152,320.9722
12,8192,336,160,317.7551
12,8192,336,168,316.6129
12,8192,344,8,183.2872
12,8192,344,16,276.9709
12,8192,344,24,299.4251
12,8192,344,32,322.1399
12,8192,344,40,329.0416
12,8192,344,48,333.2053
12,8192,344,56,333.1127
12,8192,344,64,335.927
12,8192,344,72,338.4817
12,8192,344,80,337.4926
12,8192,344,88,337.9604
12,8192,344,96,335.9881
12,8192,344,104,333.6869
12,8192,344,112,329.691
12,8192,344,120,332.5652
12,8192,344,128,331.1483
12,8192,344,136,328.848
12,8192,344,144,327.2936
12,8192,344,152,322.5262
12,8192,344,160,319.95
12,8192,344,168,313.8172
12,8192,352,8,183.058
12,8192,352,16,279.9462
12,8192,352,24,301.2974
12,8192,352,32,321.0036
12,8192,352,40,326.9194
12,8192,352,48,333.1613
12,8192,352,56,334.006
12,8192,352,64,336.7033
12,8192,352,72,337.1968
12,8192,352,80,336.4666
12,8192,352,88,336.0613
12,8192,352,96,335.6752
12,8192,352,104,332.4592
12,8192,352,112,330.1137
12,8192,352,120,331.7605
12,8192,352,128,330.7133
12,8192,352,136,328.6942
12,8192,352,144,326.3538
12,8192,352,152,322.9379
12,8192,352,160,317.9624
12,8192,352,168,314.4011
12,8192,352,176,316.341
12,8192,360,8,181.4242
12,8192,360,16,279.2185
12,8192,360,24,306.1002
12,8192,360,32,320.7505
12,8192,360,40,332.133
12,8192,360,48,336.0468
12,8192,360,56,338.0442
12,8192,360,64,338.2802
12,8192,360,72,340.6266
12,8192,360,80,338.7531
12,8192,360,88,334.3195
12,8192,360,96,337.3975
12,8192,360,104,335.6658
12,8192,360,112,331.0214
12,8192,360,120,333.1703
12,8192,360,128,332.5683
12,8192,360,136,329.9776
12,8192,360,144,328.7094
12,8192,360,152,323.5634
12,8192,360,160,321.4022
12,8192,360,168,316.8128
12,8192,360,176,312.4671
12,8192,368,8,179.696
12,8192,368,16,278.2571
12,8192,368,24,299.423
12,8192,368,32,319.9712
12,8192,368,40,325.4864
12,8192,368,48,335.9597
12,8192,368,56,336.5008
12,8192,368,64,338.9545
12,8192,368,72,334.4557
12,8192,368,80,339.6663
12,8192,368,88,333.9651
12,8192,368,96,336.824
12,8192,368,104,332.3817
12,8192,368,112,331.6065
12,8192,368,120,324.5631
12,8192,368,128,328.6377
12,8192,368,136,328.9239
12,8192,368,144,327.1963
12,8192,368,152,323.4565
12,8192,368,160,320.3591
12,8192,368,168,316.9238
12,8192,368,176,313.2992
12,8192,368,184,315.1873
12,8192,376,8,181.9593
12,8192,376,16,279.9559
12,8192,376,24,303.1078
12,8192,376,32,323.0533
12,8192,376,40,330.3678
12,8192,376,48,337.2128
12,8192,376,56,337.4458
12,8192,376,64,339.2531
12,8192,376,72,337.1005
12,8192,376,80,339.4082
12,8192,376,88,336.1992
12,8192,376,96,337.5736
12,8192,376,104,334.906
12,8192,376,112,331.9884
12,8192,376,120,329.4585
12,8192,376,128,331.2808
12,8192,376,136,330.0948
12,8192,376,144,327.012
12,8192,376,152,324.2552
12,8192,376,160,321.8045
12,8192,376,168,319.0199
12,8192,376,176,315.4534
12,8192,376,184,308.7182
12,8192,384,8,179.7606
12,8192,384,16,280.0395
12,8192,384,24,305.2742
12,8192,384,32,323.5609
12,8192,384,40,328.0097
12,8192,384,48,337.2239
12,8192,384,56,337.6447
12,8192,384,64,338.552
12,8192,384,72,335.4195
12,8192,384,80,338.1616
12,8192,384,88,335.1552
12,8192,384,96,336.6597
12,8192,384,104,333.9907
12,8192,384,112,333.4222
12,8192,384,120,327.4185
12,8192,384,128,330.1473
12,8192,384,136,328.6598
12,8192,384,144,326.5833
12,8192,384,152,324.9317
12,8192,384,160,322.0081
12,8192,384,168,317.8678
12,8192,384,176,315.2618
12,8192,384,184,308.4013
12,8192,384,192,313.2868
12,8192,392,8,182.429
12,8192,392,16,277.7631
12,8192,392,24,301.088
12,8192,392,32,319.8272
12,8192,392,40,329.5715
12,8192,392,48,333.8498
12,8192,392,56,338.3917
12,8192,392,64,336.6406
12,8192,392,72,336.7762
12,8192,392,80,339.0113
12,8192,392,88,335.9704
12,8192,392,96,333.1748
12,8192,392,104,335.2622
12,8192,392,112,334.2916
12,8192,392,120,330.1308
12,8192,392,128,326.8771
12,8192,392,136,329.5739
12,8192,392,144,327.0116
12,8192,392,152,326.7102
12,8192,392,160,324.5815
12,8192,392,168,320.4938
12,8192,392,176,318.1882
12,8192,392,184,315.3181
12,8192,392,192,308.994
12,8192,400,8,178.7634
12,8192,400,16,275.7459
12,8192,400,24,298.7999
12,8192,400,32,317.0699
12,8192,400,40,328.4729
12,8192,400,48,332.7391
12,8192,400,56,333.1341
12,8192,400,64,334.6922
12,8192,400,72,335.4076
12,8192,400,80,338.6456
12,8192,400,88,336.9645
12,8192,400,96,332.9051
12,8192,400,104,333.2576
12,8192,400,112,333.4398
12,8192,400,120,330.0564
12,8192,400,128,327.2226
12,8192,400,136,328.5347
12,8192,400,144,327.9165
12,8192,400,152,326.3616
12,8192,400,160,322.7705
12,8192,400,168,320.6405
12,8192,400,176,316.4102
12,8192,400,184,313.765
12,8192,400,192,310.1781
12,8192,400,200,309.2207
12,8192,408,8,184.6814
12,8192,408,16,275.5022
12,8192,408,24,303.9273
12,8192,408,32,320.7868
12,8192,408,40,325.2552
12,8192,408,48,334.3474
12,8192,408,56,332.9344
12,8192,408,64,335.2032
12,8192,408,72,335.8427
12,8192,408,80,332.5616
12,8192,408,88,334.5866
12,8192,408,96,331.2447
12,8192,408,104,332.1646
12,8192,408,112,332.441
12,8192,408,120,327.8422
12,8192,408,128,324.8351
12,8192,408,136,324.9106
12,8192,408,144,324.166
12,8192,408,152,322.4178
12,8192,408,160,322.7529
12,8192,408,168,316.9512
12,8192,408,176,314.8656
12,8192,408,184,311.9136
12,8192,408,192,307.2494
12,8192,408,200,303.2828
12,8192,416,8,180.4394
12,8192,416,16,276.8619
12,8192,416,24,301.0698
12,8192,416,32,321.7937
12,8192,416,40,326.721
12,8192,416,48,335.0771
12,8192,416,56,335.8475
12,8192,416,64,338.1262
12,8192,416,72,337.8865
12,8192,416,80,336.3311
12,8192,416,88,338.5925
12,8192,416,96,335.2828
12,8192,416,104,335.773
12,8192,416,112,336.0136
12,8192,416,120,330.1324
12,8192,416,128,329.8898
12,8192,416,136,323.7376
12,8192,416,144,328.7078
12,8192,416,152,327.0887
12,8192,416,160,324.39
12,8192,416,168,322.8837
12,8192,416,176,319.5319
12,8192,416,184,315.9251
12,8192,416,192,314.2817
12,8192,416,200,306.6723
12,8192,416,208,311.8027
12,8192,424,8,182.7418
12,8192,424,16,277.4555
12,8192,424,24,301.0771
12,8192,424,32,318.9192
12,8192,424,40,328.0711
12,8192,424,48,335.7451
12,8192,424,56,335.3484
12,8192,424,64,334.569
12,8192,424,72,334.662
12,8192,424,80,334.1754
12,8192,424,88,334.1945
12,8192,424,96,333.3705
12,8192,424,104,328.3236
12,8192,424,112,332.4973
12,8192,424,120,329.8362
12,8192,424,128,325.9537
12,8192,424,136,324.084
12,8192,424,144,324.9756
12,8192,424,152,324.1773
12,8192,424,160,321.5835
12,8192,424,168,319.2781
12,8192,424,176,316.4464
12,8192,424,184,313.5659
12,8192,424,192,311.2654
12,8192,424,200,305.109
12,8192,424,208,301.4032
12,8192,432,8,178.8786
12,8192,432,16,276.8211
12,8192,432,24,302.0142
12,8192,432,32,316.844
12,8192,432,40,326.0303
12,8192,432,48,334.6042
12,8192,432,56,335.0213
12,8192,432,64,336.2044
12,8192,432,72,334.1821
12,8192,432,80,335.319
12,8192,432,88,334.6042
12,8192,432,96,334.8887
12,8192,432,104,329.5485
12,8192,432,112,332.7879
12,8192,432,120,329.0842
12,8192,432,128,327.9332
12,8192,432,136,322.6079
12,8192,432,144,326.1399
12,8192,432,152,324.3988
12,8192,432,160,321.4784
12,8192,432,168,320.5737
12,8192,432,176,317.0097
12,8192,432,184,312.4794
12,8192,432,192,310.8869
12,8192,432,200,304.476
12,8192,432,208,300.5803
12,8192,432,216,306.7024
12,8192,440,8,185.5482
12,8192,440,16,277.7404
12,8192,440,24,301.7055
12,8192,440,32,321.5667
12,8192,440,40,329.3119
12,8192,440,48,332.4238
12,8192,440,56,335.6358
12,8192,440,64,336.2108
12,8192,440,72,330.2003
12,8192,440,80,335.2628
12,8192,440,88,335.3567
12,8192,440,96,335.7874
12,8192,440,104,329.7637
12,8192,440,112,333.0304
12,8192,440,120,329.8165
12,8192,440,128,327.7056
12,8192,440,136,323.4947
12,8192,440,144,321.569
12,8192,440,152,324.2483
12,8192,440,160,323.5349
12,8192,440,168,321.6616
12,8192,440,176,319.0305
12,8192,440,184,316.1967
12,8192,440,192,313.9922
12,8192,440,200,305.796
12,8192,440,208,303.7041
12,8192,440,216,299.9184
12,8192,448,8,179.4146
12,8192,448,16,276.8525
12,8192,448,24,301.8388
12,8192,448,32,321.4002
12,8192,448,40,323.1153
12,8192,448,48,331.4909
12,8192,448,56,334.6551
12,8192,448,64,335.7107
12,8192,448,72,331.7457
12,8192,448,80,332.8466
12,8192,448,88,330.2351
12,8192,448,96,333.9361
12,8192,448,104,329.9534
12,8192,448,112,331.0384
12,8192,448,120,327.3829
12,8192,448,128,326.2839
12,8192,448,136,323.2977
12,8192,448,144,320.1243
12,8192,448,152,322.4934
12,8192,448,160,320.2689
12,8192,448,168,319.3318
12,8192,448,176,317.3703
12,8192,448,184,314.0246
12,8192,448,192,311.4156
12,8192,448,200,305.8122
12,8192,448,208,303.1433
12,8192,448,216,298.1324
12,8192,448,224,306.2049
12,8192,456,8,185.8932
12,8192,456,16,276.6244
12,8192,456,24,304.1511
12,8192,456,32,318.0685
12,8192,456,40,325.3197
12,8192,456,48,332.6976
12,8192,456,56,328.4365
12,8192,456,64,330.9771
12,8192,456,72,330.0865
12,8192,456,80,333.4873
12,8192,456,88,329.5227
12,8192,456,96,332.6539
12,8192,456,104,327.6019
12,8192,456,112,325.0734
12,8192,456,120,327.2735
12,8192,456,128,325.5868
12,8192,456,136,322.1502
12,8192,456,144,318.0126
12,8192,456,152,320.3632
12,8192,456,160,321.4544
12,8192,456,168,317.5352
12,8192,456,176,318.1387
12,8192,456,184,313.5936
12,8192,456,192,311.0619
12,8192,456,200,305.9374
12,8192,456,208,302.8782
12,8192,456,216,301.1789
12,8192,456,224,294.4822
12,8192,464,8,180.8673
12,8192,464,16,276.2419
12,8192,464,24,297.7292
12,8192,464,32,313.2678
12,8192,464,40,321.2578
12,8192,464,48,330.5568
12,8192,464,56,329.7609
12,8192,464,64,331.0711
12,8192,464,72,331.3595
12,8192,464,80,331.2485
12,8192,464,88,331.0261
12,8192,464,96,332.8056
12,8192,464,104,328.5123
12,8192,464,112,326.3746
12,8192,464,120,325.9467
12,8192,464,128,328.0426
12,8192,464,136,321.7053
12,8192,464,144,319.6929
12,8192,464,152,315.1632
12,8192,464,160,317.9646
12,8192,464,168,317.2992
12,8192,464,176,316.1578
12,8192,464,184,314.0634
12,8192,464,192,310.9588
12,8192,464,200,305.6219
12,8192,464,208,301.3143
12,8192,464,216,298.546
12,8192,464,224,295.8803
12,8192,464,232,304.5672
12,8192,472,8,181.4264
12,8192,472,16,276.4561
12,8192,472,24,300.4218
12,8192,472,32,318.2324
12,8192,472,40,323.9913
12,8192,472,48,331.3295
12,8192,472,56,330.2593
12,8192,472,64,328.2581
12,8192,472,72,329.3148
12,8192,472,80,329.9213
12,8192,472,88,326.982
12,8192,472,96,328.8735
12,8192,472,104,326.9803
12,8192,472,112,324.9515
12,8192,472,120,326.9658
12,8192,472,128,323.4484
12,8192,472,136,322.418
12,8192,472,144,318.3523
12,8192,472,152,315.1522
12,8192,472,160,318.8996
12,8192,472,168,316.9489
12,8192,472,176,313.9885
12,8192,472,184,312.8361
12,8192,472,192,309.9518
12,8192,472,200,302.7297
12,8192,472,208,301.6705
12,8192,472,216,296.9268
12,8192,472,224,297.0518
12,8192,472,232,292.2391
12,8192,480,8,178.7164
12,8192,480,16,275.255
12,8192,480,24,301.8095
12,8192,480,32,316.5754
12,8192,480,40,321.7983
12,8192,480,48,328.7602
12,8192,480,56,327.5435
12,8192,480,64,328.8099
12,8192,480,72,327.3634
12,8192,480,80,329.9589
12,8192,480,88,325.3841
12,8192,480,96,328.287
12,8192,480,104,325.0576
12,8192,480,112,322.5663
12,8192,480,120,322.9575
12,8192,480,128,322.0857
12,8192,480,136,318.8885
12,8192,480,144,315.9824
12,8192,480,152,313.1915
12,8192,480,160,314.6386
12,8192,480,168,314.8043
12,8192,480,176,313.7933
12,8192,480,184,310.1158
12,8192,480,192,307.847
12,8192,480,200,302.841
12,8192,480,208,297.4806
12,8192,480,216,297.0369
12,8192,480,224,293.7457
12,8192,480,232,289.7885
12,8192,480,240,298.285
12,8192,488,8,182.2001
12,8192,488,16,275.6568
12,8192,488,24,299.6192
12,8192,488,32,314.501
12,8192,488,40,319.3461
12,8192,488,48,325.3313
12,8192,488,56,328.7866
12,8192,488,64,327.1291
12,8192,488,72,328.2373
12,8192,488,80,323.3349
12,8192,488,88,327.4023
12,8192,488,96,325.2207
12,8192,488,104,325.6457
12,8192,488,112,323.7249
12,8192,488,120,319.4124
12,8192,488,128,323.9749
12,8192,488,136,320.7562
12,8192,488,144,316.9533
12,8192,488,152,315.3865
12,8192,488,160,310.1084
12,8192,488,168,315.7238
12,8192,488,176,314.4628
12,8192,488,184,311.5074
12,8192,488,192,310.3619
12,8192,488,200,304.1499
12,8192,488,208,304.1114
12,8192,488,216,301.528
12,8192,488,224,296.6859
12,8192,488,232,294.1416
12,8192,488,240,287.5691
12,8192,496,8,177.4172
12,8192,496,16,271.1702
12,8192,496,24,295.36
12,8192,496,32,311.2607
12,8192,496,40,316.8675
12,8192,496,48,326.0001
12,8192,496,56,327.7716
12,8192,496,64,327.0811
12,8192,496,72,325.5921
12,8192,496,80,323.8232
12,8192,496,88,324.1195
12,8192,496,96,322.1535
12,8192,496,104,324.955
12,8192,496,112,322.3734
12,8192,496,120,319.1132
12,8192,496,128,321.7711
12,8192,496,136,319.1635
12,8192,496,144,315.9791
12,8192,496,152,313.5494
12,8192,496,160,309.4116
12,8192,496,168,314.2211
12,8192,496,176,312.4333
12,8192,496,184,310.9713
12,8192,496,192,310.4183
12,8192,496,200,304.4289
12,8192,496,208,300.7138
12,8192,496,216,300.4362
12,8192,496,224,295.6995
12,8192,496,232,294.0323
12,8192,496,240,290.848
12,8192,496,248,296.855
12,8192,504,8,178.8332
12,8192,504,16,269.6879
12,8192,504,24,295.4135
12,8192,504,32,309.6215
12,8192,504,40,316.9197
12,8192,504,48,322.6632
12,8192,504,56,324.5786
12,8192,504,64,325.1997
12,8192,504,72,326.2344
12,8192,504,80,322.4967
12,8192,504,88,324.127
12,8192,504,96,321.8103
12,8192,504,104,322.3922
12,8192,504,112,321.7462
12,8192,504,120,316.4036
12,8192,504,128,319.946
12,8192,504,136,318.7986
12,8192,504,144,314.961
12,8192,504,152,312.624
12,8192,504,160,308.99
12,8192,504,168,313.2788
12,8192,504,176,313.7848
12,8192,504,184,309.7612
12,8192,504,192,309.2584
12,8192,504,200,301.6287
12,8192,504,208,303.5693
12,8192,504,216,297.7031
12,8192,504,224,296.1909
12,8192,504,232,291.5541
12,8192,504,240,289.0829
12,8192,504,248,285.7592
12,8192,512,8,160.3347
12,8192,512,16,242.52
12,8192,512,24,266.7628
12,8192,512,32,285.894
12,8192,512,40,293.703
12,8192,512,48,301.534
12,8192,512,56,300.8008
12,8192,512,64,303.8394
12,8192,512,72,299.8482
12,8192,512,80,305.1828
12,8192,512,88,307.8657
12,8192,512,96,303.032
12,8192,512,104,305.2387
12,8192,512,112,305.0442
12,8192,512,120,301.9188
12,8192,512,128,302.7282
12,8192,512,136,302.6336
12,8192,512,144,298.4482
12,8192,512,152,298.0115
12,8192,512,160,294.3062
12,8192,512,168,292.2901
12,8192,512,176,297.6948
12,8192,512,184,297.125
12,8192,512,192,296.8209
12,8192,512,200,291.2259
12,8192,512,208,288.5213
12,8192,512,216,286.7605
12,8192,512,224,284.5313
12,8192,512,232,280.709
12,8192,512,240,276.7887
12,8192,512,248,275.4815
12,8192,512,256,280.9394
12,8192,32,8,109.8061
12,8192,32,16,126.3227
12,8192,40,8,132.0108
12,8192,40,16,147.3945
12,8192,48,8,151.8177
12,8192,48,16,164.8423
12,8192,48,24,182.2727
12,8192,56,8,163.7919
12,8192,56,16,173.3552
12,8192,56,24,179.334
12,8192,64,8,175.7308
12,8192,64,16,215.6049
12,8192,64,24,213.0802
12,8192,64,32,230.356
12,8192,72,8,180.9401
12,8192,72,16,214.5802
12,8192,72,24,227.75
12,8192,72,32,230.16
12,8192,80,8,182.8269
12,8192,80,16,197.1342
12,8192,80,24,230.9502
12,8192,80,32,241.8036
12,8192,80,40,250.8141
12,8192,88,8,188.7851
12,8192,88,16,201.7107
12,8192,88,24,232.7628
12,8192,88,32,252.1062
12,8192,88,40,251.8998
12,8192,96,8,189.2474
12,8192,96,16,233.2123
12,8192,96,24,248.3461
12,8192,96,32,265.17
12,8192,96,40,261.1569
12,8192,96,48,272.2493
12,8192,104,8,193.2332
12,8192,104,16,233.7252
12,8192,104,24,246.5708
12,8192,104,32,262.0137
12,8192,104,40,265.1089
12,8192,104,48,272.4453
12,8192,112,8,197.6401
12,8192,112,16,242.3978
12,8192,112,24,250.1619
12,8192,112,32,266.1166
12,8192,112,40,271.908
12,8192,112,48,272.3774
12,8192,112,56,278.576
12,8192,120,8,201.4095
12,8192,120,16,244.6601
12,8192,120,24,261.4203
12,8192,120,32,274.3098
12,8192,120,40,278.9102
12,8192,120,48,280.9927
12,8192,120,56,279.7759
12,8192,128,8,204.6471
12,8192,128,16,248.1585
12,8192,128,24,261.4399
12,8192,128,32,281.7368
12,8192,128,40,279.3048
12,8192,128,48,286.0529
12,8192,128,56,278.8628
12,8192,128,64,286.3573
12,8192,136,8,212.743
12,8192,136,16,250.965
12,8192,136,24,263.577
12,8192,136,32,281.6186
12,8192,136,40,278.3976
12,8192,136,48,293.4531
12,8192,136,56,282.8776
12,8192,136,64,286.2822
12,8192,144,8,225.6319
12,8192,144,16,257.101
12,8192,144,24,273.3705
12,8192,144,32,286.3815
12,8192,144,40,286.2775
12,8192,144,48,301.6539
12,8192,144,56,292.5845
12,8192,144,64,289.3388
12,8192,144,72,294.7754
12,8192,152,8,191.2315
12,8192,152,16,253.2989
12,8192,152,24,266.4561
12,8192,152,32,289.405
12,8192,152,40,292.5436
12,8192,152,48,289.7057
12,8192,152,56,296.578
12,8192,152,64,294.2417
12,8192,152,72,286.5764
12,8192,160,8,188.9066
12,8192,160,16,260.7865
12,8192,160,24,271.605
12,8192,160,32,295.5118
12,8192,160,40,293.9687
12,8192,160,48,295.7907
12,8192,160,56,298.8251
12,8192,160,64,298.9456
12,8192,160,72,292.9062
12,8192,160,80,299.7335
12,8192,168,8,191.9309
12,8192,168,16,259.2175
12,8192,168,24,281.2835
12,8192,168,32,292.6628
12,8192,168,40,290.6279
12,8192,168,48,302.6093
12,8192,168,56,304.9557
12,8192,168,64,304.0013
12,8192,168,72,300.304
12,8192,168,80,295.5551
12,8192,176,8,189.6279
12,8192,176,16,263.6665
12,8192,176,24,274.7874
12,8192,176,32,297.7592
12,8192,176,40,295.9634
12,8192,176,48,307.0063
12,8192,176,56,297.8041
12,8192,176,64,308.4733
12,8192,176,72,303.722
12,8192,176,80,302.2501
12,8192,176,88,305.1954
12,8192,184,8,190.6334
12,8192,184,16,262.5374
12,8192,184,24,280.5923
12,8192,184,32,299.0593
12,8192,184,40,300.1942
12,8192,184,48,309.5257
12,8192,184,56,303.1019
12,8192,184,64,310.4093
12,8192,184,72,306.6978
12,8192,184,80,305.3696
12,8192,184,88,298.7528
12,8192,192,8,191.5002
12,8192,192,16,268.6656
12,8192,192,24,285.3586
12,8192,192,32,303.8748
12,8192,192,40,305.5973
12,8192,192,48,315.1176
12,8192,192,56,308.2713
12,8192,192,64,314.1385
12,8192,192,72,311.8132
12,8192,192,80,311.1332
12,8192,192,88,305.3857
12,8192,192,96,310.8387
12,8192,200,8,190.9805
12,8192,200,16,265.3642
12,8192,200,24,282.3807
12,8192,200,32,298.5082
12,8192,200,40,308.3496
12,8192,200,48,307.3735
12,8192,200,56,311.9986
12,8192,200,64,306.6397
12,8192,200,72,314.2524
12,8192,200,80,313.8315
12,8192,200,88,309.3605
12,8192,200,96,305.1633
12,8192,208,8,189.2952
12,8192,208,16,268.4589
12,8192,208,24,282.6304
12,8192,208,32,302.5751
12,8192,208,40,302.6305
12,8192,208,48,312.6802
12,8192,208,56,314.1549
12,8192,208,64,310.7737
12,8192,208,72,314.6975
12,8192,208,80,315.6664
12,8192,208,88,310.7354
12,8192,208,96,307.8182
12,8192,208,104,310.1066
12,8192,216,8,190.928
12,8192,216,16,267.7394
12,8192,216,24,289.4051
12,8192,216,32,306.534
12,8192,216,40,308.5442
12,8192,216,48,316.1957
12,8192,216,56,318.7291
12,8192,216,64,316.186
12,8192,216,72,318.8765
12,8192,216,80,319.1856
12,8192,216,88,315.1833
12,8192,216,96,312.6208
12,8192,216,104,307.3624
12,8192,224,8,189.8403
12,8192,224,16,270.3686
12,8192,224,24,283.6034
12,8192,224,32,308.8994
12,8192,224,40,308.3497
12,8192,224,48,318.8532
12,8192,224,56,319.9856
12,8192,224,64,318.5386
12,8192,224,72,312.3066
12,8192,224,80,321.3213
12,8192,224,88,318.4752
12,8192,224,96,315.2403
12,8192,224,104,310.8767
12,8192,224,112,315.306
12,8192,232,8,191.1858
12,8192,232,16,270.9556
12,8192,232,24,288.1705
12,8192,232,32,304.8252
12,8192,232,40,313.3132
12,8192,232,48,322.0743
12,8192,232,56,315.1231
12,8192,232,64,320.9696
12,8192,232,72,316.5448
12,8192,232,80,322.2125
12,8192,232,88,319.3825
12,8192,232,96,317.9937
12,8192,232,104,313.2639
12,8192,232,112,310.1055
12,8192,240,8,186.7606
12,8192,240,16,270.4822
12,8192,240,24,291.3797
12,8192,240,32,307.8152
12,8192,240,40,315.3824
12,8192,240,48,324.3439
12,8192,240,56,318.581
12,8192,240,64,322.7436
12,8192,240,72,318.9105
12,8192,240,80,324.248
12,8192,240,88,321.4223
12,8192,240,96,320.1377
12,8192,240,104,315.8398
12,8192,240,112,312.983
12,8192,240,120,315.8611
12,8192,248,8,185.7509
12,8192,248,16,268.6707
12,8192,248,24,286.4664
12,8192,248,32,310.0081
12,8192,248,40,310.7687
12,8192,248,48,317.5597
12,8192,248,56,320.7777
12,8192,248,64,325.0356
12,8192,248,72,321.1312
12,8192,248,80,317.2271
12,8192,248,88,322.5862
12,8192,248,96,322.2504
12,8192,248,104,317.9801
12,8192,248,112,316.4875
12,8192,248,120,310.467
12,8192,256,8,183.4426
12,8192,256,16,263.4925
12,8192,256,24,285.5795
12,8192,256,32,308.5502
12,8192,256,40,309.4112
12,8192,256,48,318.4411
12,8192,256,56,319.5121
12,8192,256,64,324.0869
12,8192,256,72,321.389
12,8192,256,80,319.0298
12,8192,256,88,323.197
12,8192,256,96,322.074
12,8192,256,104,319.4594
12,8192,256,112,318.3406
12,8192,256,120,313.0908
12,8192,256,128,317.1057
12,8192,264,8,185.0483
12,8192,264,16,270.5526
12,8192,264,24,294.7956
12,8192,264,32,309.2833
12,8192,264,40,317.2152
12,8192,264,48,324.3982
12,8192,264,56,326.5567
12,8192,264,64,322.1329
12,8192,264,72,326.8807
12,8192,264,80,324.5422
12,8192,264,88,326.9354
12,8192,264,96,326.0767
12,8192,264,104,323.739
12,8192,264,112,321.5061
12,8192,264,120,317.432
12,8192,264,128,313.2785
12,8192,272,8,182.8398
12,8192,272,16,271.7569
12,8192,272,24,288.9685
12,8192,272,32,311.1033
12,8192,272,40,319.2156
12,8192,272,48,327.0967
12,8192,272,56,328.6499
12,8192,272,64,325.5478
12,8192,272,72,328.7973
12,8192,272,80,327.77
12,8192,272,88,321.3404
12,8192,272,96,327.4691
12,8192,272,104,325.3066
12,8192,272,112,324.1517
12,8192,272,120,319.784
12,8192,272,128,317.0748
12,8192,272,136,318.2954
12,8192,280,8,184.7714
12,8192,280,16,273.8049
12,8192,280,24,294.1119
12,8192,280,32,315.1811
12,8192,280,40,323.2773
12,8192,280,48,329.3158
12,8192,280,56,330.7525
12,8192,280,64,329.1683
12,8192,280,72,330.4781
12,8192,280,80,330.2598
12,8192,280,88,325.6464
12,8192,280,96,328.6209
12,8192,280,104,327.0904
12,8192,280,112,326.051
12,8192,280,120,322.6298
12,8192,280,128,319.4705
12,8192,280,136,314.1937
12,8192,288,8,184.8869
12,8192,288,16,274.8342
12,8192,288,24,299.7321
12,8192,288,32,317.0175
12,8192,288,40,317.9059
12,8192,288,48,330.9263
12,8192,288,56,326.4226
12,8192,288,64,330.9412
12,8192,288,72,332.1252
12,8192,288,80,332.9687
12,8192,288,88,329.1092
12,8192,288,96,330.775
12,8192,288,104,329.509
12,8192,288,112,328.769
12,8192,288,120,326.0815
12,8192,288,128,322.576
12,8192,288,136,319.1264
12,8192,288,144,321.226
12,8192,296,8,184.7076
12,8192,296,16,274.7391
12,8192,296,24,295.075
12,8192,296,32,314.73
12,8192,296,40,323.7619
12,8192,296,48,327.1644
12,8192,296,56,330.3413
12,8192,296,64,334.4768
12,8192,296,72,328.5496
12,8192,296,80,335.3713
12,8192,296,88,331.9679
12,8192,296,96,327.412
12,8192,296,104,330.8129
12,8192,296,112,330.4898
12,8192,296,120,327.2364
12,8192,296,128,324.9774
12,8192,296,136,320.7437
12,8192,296,144,315.6227
12,8192,304,8,183.221
12,8192,304,16,275.9316
12,8192,304,24,296.8717
12,8192,304,32,315.3379
12,8192,304,40,321.8085
12,8192,304,48,329.2126
12,8192,304,56,330.7641
12,8192,304,64,334.4841
12,8192,304,72,330.1066
12,8192,304,80,334.7124
12,8192,304,88,332.002
12,8192,304,96,327.5852
12,8192,304,104,330.9449
12,8192,304,112,329.5603
12,8192,304,120,326.2214
12,8192,304,128,326.2606
12,8192,304,136,320.8424
12,8192,304,144,319.0889
12,8192,304,152,321.1339
12,8192,312,8,183.7143
12,8192,312,16,275.0628
12,8192,312,24,300.8398
12,8192,312,32,319.2175
12,8192,312,40,326.8364
12,8192,312,48,330.6416
12,8192,312,56,333.022
12,8192,312,64,336.1994
12,8192,312,72,331.999
12,8192,312,80,335.6992
12,8192,312,88,333.2833
12,8192,312,96,330.7405
12,8192,312,104,331.2264
12,8192,312,112,330.3749
12,8192,312,120,327.5942
12,8192,312,128,326.344
12,8192,312,136,322.2057
12,8192,312,144,318.9694
12,8192,312,152,313.0992
12,8192,320,8,182.776
12,8192,320,16,277.1595
12,8192,320,24,295.9484
12,8192,320,32,319.5308
12,8192,320,40,325.0601
12,8192,320,48,330.7706
12,8192,320,56,332.7867
12,8192,320,64,336.3047
12,8192,320,72,333.664
12,8192,320,80,337.1149
12,8192,320,88,334.4951
12,8192,320,96,332.8598
12,8192,320,104,325.7678
12,8192,320,112,331.5059
12,8192,320,120,329.839
12,8192,320,128,327.8947
12,8192,320,136,325.1127
12,8192,320,144,322.6153
12,8192,320,152,317.2403
12,8192,320,160,319.6286
12,8192,328,8,182.4164
12,8192,328,16,277.0893
12,8192,328,24,299.9315
12,8192,328,32,316.9513
12,8192,328,40,324.1879
12,8192,328,48,333.5601
12,8192,328,56,335.5486
12,8192,328,64,331.7965
12,8192,328,72,334.6951
12,8192,328,80,331.1768
12,8192,328,88,335.6498
12,8192,328,96,332.5947
12,8192,328,104,327.7373
12,8192,328,112,332.7051
12,8192,328,120,330.5667
12,8192,328,128,328.9998
12,8192,328,136,325.2875
12,8192,328,144,323.8409
12,8192,328,152,317.8749
12,8192,328,160,313.9978
12,8192,336,8,181.7914
12,8192,336,16,277.1967
12,8192,336,24,302.4541
12,8192,336,32,318.1601
12,8192,336,40,325.7174
12,8192,336,48,335.9428
12,8192,336,56,337.4856
12,8192,336,64,334.8995
12,8192,336,72,337.4881
12,8192,336,80,335.1958
12,8192,336,88,336.5154
12,8192,336,96,334.6031
12,8192,336,104,330.6663
12,8192,336,112,333.7919
12,8192,336,120,330.764
12,8192,336,128,330.3209
12,8192,336,136,326.7803
12,8192,336,144,324.4222
12,8192,336,152,319.3361
12,8192,336,160,316.2359
12,8192,336,168,316.5096
12,8192,344,8,183.4694
12,8192,344,16,276.8673
12,8192,344,24,298.6145
12,8192,344,32,321.7933
12,8192,344,40,329.3653
12,8192,344,48,333.1388
12,8192,344,56,333.5333
12,8192,344,64,335.8234
12,8192,344,72,338.3641
12,8192,344,80,336.5865
12,8192,344,88,338.3756
12,8192,344,96,336.9965
12,8192,344,104,332.6586
12,8192,344,112,328.4047
12,8192,344,120,333.0634
12,8192,344,128,330.8938
12,8192,344,136,327.6406
12,8192,344,144,326.2631
12,8192,344,152,322.9479
12,8192,344,160,320.2559
12,8192,344,168,313.0034
12,8192,352,8,183.3452
12,8192,352,16,279.7362
12,8192,352,24,300.6439
12,8192,352,32,321.1139
12,8192,352,40,326.4009
12,8192,352,48,332.1459
12,8192,352,56,333.2043
12,8192,352,64,335.7967
12,8192,352,72,336.6864
12,8192,352,80,336.8472
12,8192,352,88,336.5416
12,8192,352,96,335.6297
12,8192,352,104,331.4832
12,8192,352,112,329.4304
12,8192,352,120,330.6552
12,8192,352,128,329.6361
12,8192,352,136,326.769
12,8192,352,144,325.5593
12,8192,352,152,321.8475
12,8192,352,160,318.441
12,8192,352,168,314.7026
12,8192,352,176,315.7776
12,8192,360,8,181.427
12,8192,360,16,279.3699
12,8192,360,24,306.6159
12,8192,360,32,319.764
12,8192,360,40,332.5021
12,8192,360,48,336.3043
12,8192,360,56,336.773
12,8192,360,64,339.3004
12,8192,360,72,340.1206
12,8192,360,80,339.2972
12,8192,360,88,334.5678
12,8192,360,96,336.5851
12,8192,360,104,334.8487
12,8192,360,112,333.2118
12,8192,360,120,332.1362
12,8192,360,128,330.7451
12,8192,360,136,329.0043
12,8192,360,144,327.1354
12,8192,360,152,324.995
12,8192,360,160,320.3968
12,8192,360,168,317.9094
12,8192,360,176,312.18
12,8192,368,8,179.158
12,8192,368,16,278.2057
12,8192,368,24,299.5354
12,8192,368,32,318.2802
12,8192,368,40,325.9684
12,8192,368,48,333.2029
12,8192,368,56,335.7944
12,8192,368,64,338.5997
12,8192,368,72,334.4514
12,8192,368,80,338.4469
12,8192,368,88,333.8016
12,8192,368,96,335.8762
12,8192,368,104,333.6947
12,8192,368,112,332.3221
12,8192,368,120,325.8568
12,8192,368,128,329.2556
12,8192,368,136,327.5579
12,8192,368,144,325.4973
12,8192,368,152,322.8434
12,8192,368,160,319.4001
12,8192,368,168,315.048
12,8192,368,176,312.9204
12,8192,368,184,313.8262
12,8192,376,8,180.9853
12,8192,376,16,279.4467
12,8192,376,24,303.3997
12,8192,376,32,321.7125
12,8192,376,40,329.7559
12,8192,376,48,338.0396
12,8192,376,56,338.2057
12,8192,376,64,340.2546
12,8192,376,72,336.651
12,8192,376,80,337.7106
12,8192,376,88,336.0612
12,8192,376,96,337.8244
12,8192,376,104,334.4432
12,8192,376,112,332.8441
12,8192,376,120,328.2749
12,8192,376,128,330.2884
12,8192,376,136,328.3276
12,8192,376,144,326.5386
12,8192,376,152,324.1856
12,8192,376,160,322.9553
12,8192,376,168,317.4858
12,8192,376,176,313.7147
12,8192,376,184,309.9057
12,8192,384,8,178.5178
12,8192,384,16,279.5543
12,8192,384,24,305.2876
12,8192,384,32,322.4188
12,8192,384,40,327.3229
12,8192,384,48,336.4688
12,8192,384,56,336.7004
12,8192,384,64,338.0669
12,8192,384,72,335.2323
12,8192,384,80,338.2235
12,8192,384,88,335.4816
12,8192,384,96,335.964
12,8192,384,104,333.7925
12,8192,384,112,332.5997
12,8192,384,120,327.1926
12,8192,384,128,329.0598
12,8192,384,136,329.3121
12,8192,384,144,324.9298
12,8192,384,152,324.0618
12,8192,384,160,322.3896
12,8192,384,168,316.6348
12,8192,384,176,314.7323
12,8192,384,184,309.5079
12,8192,384,192,312.1524
12,8192,392,8,180.409
12,8192,392,16,277.0541
12,8192,392,24,299.8187
12,8192,392,32,320.348
12,8192,392,40,329.926
12,8192,392,48,334.1662
12,8192,392,56,338.2106
12,8192,392,64,335.855
12,8192,392,72,337.4172
12,8192,392,80,339.1066
12,8192,392,88,335.456
12,8192,392,96,332.7774
12,8192,392,104,335.2731
12,8192,392,112,333.1205
12,8192,392,120,328.742
12,8192,392,128,326.7479
12,8192,392,136,327.7088
12,8192,392,144,328.3124
12,8192,392,152,325.7999
12,8192,392,160,323.7091
12,8192,392,168,319.907
12,8192,392,176,317.3934
12,8192,392,184,314.526
12,8192,392,192,309.2248
12,8192,400,8,177.886
12,8192,400,16,275.968
12,8192,400,24,299.3647
12,8192,400,32,316.4726
12,8192,400,40,327.5796
12,8192,400,48,332.6044
12,8192,400,56,331.457
12,8192,400,64,333.3826
12,8192,400,72,336.2534
12,8192,400,80,338.9424
12,8192,400,88,336.2325
12,8192,400,96,332.8712
12,8192,400,104,334.3187
12,8192,400,112,333.3029
12,8192,400,120,328.8061
12,8192,400,128,327.0409
12,8192,400,136,328.0703
12,8192,400,144,328.3561
12,8192,400,152,325.9253
12,8192,400,160,322.7459
12,8192,400,168,319.7491
12,8192,400,176,317.9606
12,8192,400,184,313.759
12,8192,400,192,310.6107
12,8192,400,200,312.6794
12,8192,408,8,180.7336
12,8192,408,16,276.6509
12,8192,408,24,302.4324
12,8192,408,32,320.5123
12,8192,408,40,325.6497
12,8192,408,48,332.7704
12,8192,408,56,334.0726
12,8192,408,64,334.9928
12,8192,408,72,335.7052
12,8192,408,80,332.1248
12,8192,408,88,333.7161
12,8192,408,96,332.2885
12,8192,408,104,331.8199
12,8192,408,112,331.7999
12,8192,408,120,328.4508
12,8192,408,128,325.5965
12,8192,408,136,325.404
12,8192,408,144,323.2701
12,8192,408,152,321.3513
12,8192,408,160,320.9964
12,8192,408,168,318.0021
12,8192,408,176,316.3409
12,8192,408,184,311.5222
12,8192,408,192,306.855
12,8192,408,200,298.7222
12,8192,416,8,179.1752
12,8192,416,16,277.3056
12,8192,416,24,301.2583
12,8192,416,32,322.18
12,8192,416,40,326.8877
12,8192,416,48,335.519
12,8192,416,56,335.0274
12,8192,416,64,336.4834
12,8192,416,72,336.9982
12,8192,416,80,336.6482
12,8192,416,88,337.2726
12,8192,416,96,334.8536
12,8192,416,104,334.7729
12,8192,416,112,334.9161
12,8192,416,120,330.725
12,8192,416,128,328.4011
12,8192,416,136,323.6929
12,8192,416,144,327.0649
12,8192,416,152,326.9865
12,8192,416,160,323.6838
12,8192,416,168,322.1234
12,8192,416,176,318.8179
12,8192,416,184,317.3783
12,8192,416,192,312.1508
12,8192,416,200,306.6508
12,8192,416,208,311.3467
12,8192,424,8,181.4854
12,8192,424,16,277.4537
12,8192,424,24,301.6397
12,8192,424,32,318.9728
12,8192,424,40,326.9673
12,8192,424,48,333.6632
12,8192,424,56,333.0243
12,8192,424,64,334.4418
12,8192,424,72,335.0563
12,8192,424,80,333.4763
12,8192,424,88,333.31
12,8192,424,96,332.1901
12,8192,424,104,328.3271
12,8192,424,112,331.8001
12,8192,424,120,329.1373
12,8192,424,128,325.5364
12,8192,424,136,321.3902
12,8192,424,144,325.6723
12,8192,424,152,323.3597
12,8192,424,160,322.7871
12,8192,424,168,319.9597
12,8192,424,176,316.481
12,8192,424,184,313.1604
12,8192,424,192,309.4157
12,8192,424,200,304.8398
12,8192,424,208,302.1915
12,8192,432,8,178.1821
12,8192,432,16,276.8473
12,8192,432,24,301.3335
12,8192,432,32,317.0345
12,8192,432,40,326.0308
12,8192,432,48,334.7585
12,8192,432,56,333.3705
12,8192,432,64,336.2707
12,8192,432,72,336.2629
12,8192,432,80,334.3327
12,8192,432,88,334.918
12,8192,432,96,332.6484
12,8192,432,104,330.0133
12,8192,432,112,332.1646
12,8192,432,120,329.7624
12,8192,432,128,326.8086
12,8192,432,136,323.2125
12,8192,432,144,325.0791
12,8192,432,152,324.7106
12,8192,432,160,322.2704
12,8192,432,168,319.1491
12,8192,432,176,317.0685
12,8192,432,184,313.665
12,8192,432,192,311.2771
12,8192,432,200,306.4873
12,8192,432,208,300.4996
12,8192,432,216,304.7063
12,8192,440,8,180.6376
12,8192,440,16,277.2396
12,8192,440,24,302.2652
12,8192,440,32,321.2251
12,8192,440,40,327.8813
12,8192,440,48,331.6451
12,8192,440,56,336.1953
12,8192,440,64,335.532
12,8192,440,72,331.935
12,8192,440,80,334.6889
12,8192,440,88,333.6771
12,8192,440,96,333.7227
12,8192,440,104,331.1306
12,8192,440,112,331.9064
12,8192,440,120,329.4468
12,8192,440,128,327.7081
12,8192,440,136,325.0923
12,8192,440,144,321.8827
12,8192,440,152,325.3927
12,8192,440,160,323.2881
12,8192,440,168,319.6214
12,8192,440,176,317.2488
12,8192,440,184,315.4501
12,8192,440,192,311.4609
12,8192,440,200,307.0133
12,8192,440,208,304.1935
12,8192,440,216,299.6697
12,8192,448,8,178.8501
12,8192,448,16,277.281
12,8192,448,24,301.5286
12,8192,448,32,320.8033
12,8192,448,40,323.713
12,8192,448,48,332.2411
12,8192,448,56,332.1941
12,8192,448,64,335.6662
12,8192,448,72,329.9093
12,8192,448,80,333.3712
12,8192,448,88,329.4628
12,8192,448,96,332.484
12,8192,448,104,328.7973
12,8192,448,112,330.5148
12,8192,448,120,327.9196
12,8192,448,128,324.8869
12,8192,448,136,322.619
12,8192,448,144,319.7864
12,8192,448,152,322.5411
12,8192,448,160,320.5871
12,8192,448,168,317.666
12,8192,448,176,315.3513
12,8192,448,184,314.4494
12,8192,448,192,309.8034
12,8192,448,200,302.7765
12,8192,448,208,301.1934
12,8192,448,216,296.9465
12,8192,448,224,303.1309
12,8192,456,8,179.4966
12,8192,456,16,277.4067
12,8192,456,24,304.1195
12,8192,456,32,317.3512
12,8192,456,40,324.9222
12,8192,456,48,330.7572
12,8192,456,56,329.1312
12,8192,456,64,328.9849
12,8192,456,72,330.2732
12,8192,456,80,332.546
12,8192,456,88,329.4407
12,8192,456,96,331.0827
12,8192,456,104,328.1097
12,8192,456,112,325.1324
12,8192,456,120,327.9628
12,8192,456,128,325.9291
12,8192,456,136,322.7753
12,8192,456,144,321.0626
12,8192,456,152,320.379
12,8192,456,160,320.9809
12,8192,456,168,318.6582
12,8192,456,176,315.2987
12,8192,456,184,313.8302
12,8192,456,192,310.4691
12,8192,456,200,303.3815
12,8192,456,208,302.4051
12,8192,456,216,297.7064
12,8192,456,224,295.55
12,8192,464,8,178.5365
12,8192,464,16,276.4171
12,8192,464,24,296.9349
12,8192,464,32,316.2375
12,8192,464,40,322.9516
12,8192,464,48,331.1131
12,8192,464,56,330.6055
12,8192,464,64,330.7728
12,8192,464,72,331.2744
12,8192,464,80,332.3217
12,8192,464,88,329.3589
12,8192,464,96,332.0334
12,8192,464,104,327.9856
12,8192,464,112,326.3874
12,8192,464,120,326.9296
12,8192,464,128,325.942
12,8192,464,136,323.1404
12,8192,464,144,319.5009
12,8192,464,152,314.8884
12,8192,464,160,318.545
12,8192,464,168,320.3252
12,8192,464,176,316.6061
12,8192,464,184,313.3457
12,8192,464,192,311.3806
12,8192,464,200,304.799
12,8192,464,208,302.8118
12,8192,464,216,299.5218
12,8192,464,224,296.5166
12,8192,464,232,302.6281
12,8192,472,8,179.6849
12,8192,472,16,276.1787
12,8192,472,24,301.822
12,8192,472,32,318.5193
12,8192,472,40,324.8719
12,8192,472,48,330.1917
12,8192,472,56,327.2332
12,8192,472,64,329.0041
12,8192,472,72,330.2005
12,8192,472,80,331.6628
12,8192,472,88,327.9474
12,8192,472,96,330.0621
12,8192,472,104,325.8155
12,8192,472,112,323.9329
12,8192,472,120,326.6582
12,8192,472,128,323.751
12,8192,472,136,321.2871
12,8192,472,144,319.3478
12,8192,472,152,315.8214
12,8192,472,160,318.2435
12,8192,472,168,316.561
12,8192,472,176,315.953
12,8192,472,184,312.3026
12,8192,472,192,309.4179
12,8192,472,200,304.9229
12,8192,472,208,301.6154
12,8192,472,216,298.185
12,8192,472,224,296.669
12,8192,472,232,292.1356
12,8192,480,8,178.0883
12,8192,480,16,275.1023
12,8192,480,24,300.3991
12,8192,480,32,314.6471
12,8192,480,40,323.7236
12,8192,480,48,329.398
12,8192,480,56,326.6295
12,8192,480,64,328.3478
12,8192,480,72,326.7528
12,8192,480,80,329.3456
12,8192,480,88,325.0956
12,8192,480,96,326.8915
12,8192,480,104,323.465
12,8192,480,112,321.7181
12,8192,480,120,323.3946
12,8192,480,128,322.478
12,8192,480,136,318.955
12,8192,480,144,317.5021
12,8192,480,152,311.4323
12,8192,480,160,315.259
12,8192,480,168,313.9697
12,8192,480,176,311.5173
12,8192,480,184,310.9983
12,8192,480,192,306.8697
12,8192,480,200,302.3056
12,8192,480,208,298.8903
12,8192,480,216,297.607
12,8192,480,224,294.4431
12,8192,480,232,289.8867
12,8192,480,240,296.0139
12,8192,488,8,183.3545
12,8192,488,16,276.0756
12,8192,488,24,300.3464
12,8192,488,32,314.0414
12,8192,488,40,319.5178
12,8192,488,48,324.9514
12,8192,488,56,327.1007
12,8192,488,64,328.0622
12,8192,488,72,329.1169
12,8192,488,80,325.5263
12,8192,488,88,326.6926
12,8192,488,96,323.3768
12,8192,488,104,325.3032
12,8192,488,112,324.2689
12,8192,488,120,317.4923
12,8192,488,128,323.6715
12,8192,488,136,320.6229
12,8192,488,144,318.4057
12,8192,488,152,314.2711
12,8192,488,160,311.2341
12,8192,488,168,315.9207
12,8192,488,176,314.8102
12,8192,488,184,311.9858
12,8192,488,192,310.4349
12,8192,488,200,306.6947
12,8192,488,208,304.1429
12,8192,488,216,297.3949
12,8192,488,224,297.7339
12,8192,488,232,291.2965
12,8192,488,240,288.9883
12,8192,496,8,176.5544
12,8192,496,16,272.1465
12,8192,496,24,295.6967
12,8192,496,32,310.8708
12,8192,496,40,316.3609
12,8192,496,48,325.6379
12,8192,496,56,325.1637
12,8192,496,64,327.1652
12,8192,496,72,326.2713
12,8192,496,80,321.7577
12,8192,496,88,324.4678
12,8192,496,96,321.0851
12,8192,496,104,324.1512
12,8192,496,112,322.2784
12,8192,496,120,315.8914
12,8192,496,128,320.8912
12,8192,496,136,319.4515
12,8192,496,144,315.4173
12,8192,496,152,313.3242
12,8192,496,160,308.2344
12,8192,496,168,313.7036
12,8192,496,176,314.3003
12,8192,496,184,310.611
12,8192,496,192,309.4522
12,8192,496,200,302.0858
12,8192,496,208,301.9009
12,8192,496,216,299.1464
12,8192,496,224,296.3221
12,8192,496,232,293.888
12,8192,496,240,290.1048
12,8192,496,248,297.3048
12,8192,504,8,177.0253
12,8192,504,16,271.4183
12,8192,504,24,298.2668
12,8192,504,32,311.5723
12,8192,504,40,315.5596
12,8192,504,48,320.4678
12,8192,504,56,324.5097
12,8192,504,64,324.704
12,8192,504,72,325.331
12,8192,504,80,323.2351
12,8192,504,88,323.1704
12,8192,504,96,321.2913
12,8192,504,104,323.2096
12,8192,504,112,321.6388
12,8192,504,120,318.146
12,8192,504,128,319.8237
12,8192,504,136,317.8099
12,8192,504,144,316.0457
12,8192,504,152,313.623
12,8192,504,160,309.75
12,8192,504,168,314.061
12,8192,504,176,312.3827
12,8192,504,184,309.7878
12,8192,504,192,309.9131
12,8192,504,200,302.2435
12,8192,504,208,301.8764
12,8192,504,216,297.6751
12,8192,504,224,296.3912
12,8192,504,232,292.3211
12,8192,504,240,287.5482
12,8192,504,248,286.8498
12,8192,512,8,160.0369
12,8192,512,16,242.6401
12,8192,512,24,267.0265
12,8192,512,32,286.4461
12,8192,512,40,292.218
12,8192,512,48,300.5601
12,8192,512,56,300.1335
12,8192,512,64,303.3219
12,8192,512,72,301.5519
12,8192,512,80,302.3762
12,8192,512,88,307.1556
12,8192,512,96,303.3572
12,8192,512,104,307.2268
12,8192,512,112,303.8861
12,8192,512,120,301.5639
12,8192,512,128,302.3974
12,8192,512,136,302.5465
12,8192,512,144,301.4709
12,8192,512,152,297.6691
12,8192,512,160,295.0362
12,8192,512,168,291.4386
12,8192,512,176,295.8343
12,8192,512,184,296.9383
12,8192,512,192,294.552
12,8192,512,200,290.3885
12,8192,512,208,288.6811
12,8192,512,216,284.37
12,8192,512,224,281.8182
12,8192,512,232,274.5379
12,8192,512,240,275.438
12,8192,512,248,276.0076
12,8192,512,256,276.7751
12,8192,32,8,109.019
12,8192,32,16,125.3921
12,8192,40,8,131.5919
12,8192,40,16,147.9001
12,8192,48,8,152.1957
12,8192,48,16,166.527
12,8192,48,24,183.4109
12,8192,56,8,164.8778
12,8192,56,16,172.7698
12,8192,56,24,179.7788
12,8192,64,8,174.9028
12,8192,64,16,215.8205
12,8192,64,24,203.7526
12,8192,64,32,229.869
12,8192,72,8,180.9558
12,8192,72,16,214.6461
12,8192,72,24,230.3097
12,8192,72,32,233.1545
12,8192,80,8,182.4987
12,8192,80,16,199.7235
12,8192,80,24,232.3684
12,8192,80,32,241.6859
12,8192,80,40,249.8836
12,8192,88,8,188.4901
12,8192,88,16,201.2106
12,8192,88,24,233.0953
12,8192,88,32,250.7048
12,8192,88,40,251.1087
12,8192,96,8,191.1879
12,8192,96,16,233.6324
12,8192,96,24,248.2064
12,8192,96,32,263.9402
12,8192,96,40,260.8441
12,8192,96,48,272.2397
12,8192,104,8,192.8982
12,8192,104,16,232.37
12,8192,104,24,246.4045
12,8192,104,32,264.2364
12,8192,104,40,266.0155
12,8192,104,48,272.0965
12,8192,112,8,198.8791
12,8192,112,16,241.4119
12,8192,112,24,251.1195
12,8192,112,32,265.1413
12,8192,112,40,272.4317
12,8192,112,48,272.1086
12,8192,112,56,277.888
12,8192,120,8,201.4443
12,8192,120,16,244.9345
12,8192,120,24,262.1479
12,8192,120,32,273.613
12,8192,120,40,279.2816
12,8192,120,48,280.7027
12,8192,120,56,279.611
12,8192,128,8,206.8507
12,8192,128,16,248.9969
12,8192,128,24,261.3014
12,8192,128,32,281.0089
12,8192,128,40,279.3035
12,8192,128,48,286.0034
12,8192,128,56,279.6105
12,8192,128,64,287.4982
12,8192,136,8,212.3207
12,8192,136,16,250.853
12,8192,136,24,263.2605
12,8192,136,32,281.3045
12,8192,136,40,278.4892
12,8192,136,48,293.5804
12,8192,136,56,282.8582
12,8192,136,64,287.0868
12,8192,144,8,231.5589
12,8192,144,16,257.0329
12,8192,144,24,273.712
12,8192,144,32,285.0169
12,8192,144,40,287.6839
12,8192,144,48,301.6132
12,8192,144,56,292.5931
12,8192,144,64,289.3582
12,8192,144,72,295.4284
12,8192,152,8,190.6484
12,8192,152,16,253.3836
12,8192,152,24,267.201
12,8192,152,32,289.9566
12,8192,152,40,292.9805
12,8192,152,48,289.5056
12,8192,152,56,296.6014
12,8192,152,64,294.0548
12,8192,152,72,287.6668
12,8192,160,8,188.7332
12,8192,160,16,260.7846
12,8192,160,24,271.666
12,8192,160,32,296.2899
12,8192,160,40,293.3801
12,8192,160,48,295.9397
12,8192,160,56,299.3552
12,8192,160,64,299.8043
12,8192,160,72,292.6963
12,8192,160,80,300.8362
12,8192,168,8,191.4339
12,8192,168,16,259.6668
12,8192,168,24,281.3888
12,8192,168,32,293.053
12,8192,168,40,290.8827
12,8192,168,48,303.035
12,8192,168,56,305.0646
12,8192,168,64,303.8488
12,8192,168,72,300.5297
12,8192,168,80,295.621
12,8192,176,8,188.4317
12,8192,176,16,263.2645
12,8192,176,24,275.2789
12,8192,176,32,298.0135
12,8192,176,40,296.391
12,8192,176,48,306.5282
12,8192,176,56,297.4695
12,8192,176,64,308.6851
12,8192,176,72,304.7416
12,8192,176,80,302.3125
12,8192,176,88,305.1225
12,8192,184,8,191.2387
12,8192,184,16,262.2871
12,8192,184,24,280.824
12,8192,184,32,299.0558
12,8192,184,40,300.5075
12,8192,184,48,310.0445
12,8192,184,56,303.1002
12,8192,184,64,310.8005
12,8192,184,72,306.4467
12,8192,184,80,305.616
12,8192,184,88,298.4809
12,8192,192,8,190.9463
12,8192,192,16,268.4248
12,8192,192,24,285.3779
12,8192,192,32,304.4542
12,8192,192,40,305.8525
12,8192,192,48,314.9171
12,8192,192,56,309.4484
12,8192,192,64,313.599
12,8192,192,72,311.7254
12,8192,192,80,311.0178
12,8192,192,88,305.7057
12,8192,192,96,309.8205
12,8192,200,8,190.2554
12,8192,200,16,265.7653
12,8192,200,24,282.4103
12,8192,200,32,298.6028
12,8192,200,40,309.0132
12,8192,200,48,306.9046
12,8192,200,56,312.2549
12,8192,200,64,307.4868
12,8192,200,72,314.0738
12,8192,200,80,313.9
12,8192,200,88,309.128
12,8192,200,96,304.7615
12,8192,208,8,188.9567
12,8192,208,16,268.5717
12,8192,208,24,283.8536
12,8192,208,32,301.7492
12,8192,208,40,302.6582
12,8192,208,48,312.8124
12,8192,208,56,313.9969
12,8192,208,64,311.3747
12,8192,208,72,315.3038
12,8192,208,80,315.2489
12,8192,208,88,310.9922
12,8192,208,96,307.5662
12,8192,208,104,310.0367
12,8192,216,8,189.1161
12,8192,216,16,268.8803
12,8192,216,24,289.5095
12,8192,216,32,306.8825
12,8192,216,40,307.1617
12,8192,216,48,316.5395
12,8192,216,56,318.7991
12,8192,216,64,315.8983
12,8192,216,72,318.712
12,8192,216,80,319.5545
12,8192,216,88,316.1218
12,8192,216,96,313.4821
12,8192,216,104,307.2723
12,8192,224,8,189.8364
12,8192,224,16,270.3672
12,8192,224,24,283.6764
12,8192,224,32,309.4238
12,8192,224,40,309.078
12,8192,224,48,318.8521
12,8192,224,56,319.7207
12,8192,224,64,318.7164
12,8192,224,72,312.2812
12,8192,224,80,320.794
12,8192,224,88,317.884
12,8192,224,96,316.1172
12,8192,224,104,310.7414
12,8192,224,112,314.9963
12,8192,232,8,190.7933
12,8192,232,16,271.5658
12,8192,232,24,288.3618
12,8192,232,32,305.1604
12,8192,232,40,313.2608
12,8192,232,48,321.7781
12,8192,232,56,315.1747
12,8192,232,64,321.3727
12,8192,232,72,315.9871
12,8192,232,80,321.796
12,8192,232,88,319.5245
12,8192,232,96,317.4446
12,8192,232,104,313.0912
12,8192,232,112,310.0825
12,8192,240,8,186.9489
12,8192,240,16,270.7401
12,8192,240,24,291.9793
12,8192,240,32,307.9798
12,8192,240,40,314.9576
12,8192,240,48,324.3484
12,8192,240,56,318.8777
12,8192,240,64,323.5705
12,8192,240,72,318.5952
12,8192,240,80,323.9243
12,8192,240,88,321.8778
12,8192,240,96,320.0347
12,8192,240,104,315.8747
12,8192,240,112,313.907
12,8192,240,120,315.664
12,8192,248,8,186.9028
12,8192,248,16,268.9955
12,8192,248,24,286.5224
12,8192,248,32,309.9905
12,8192,248,40,310.3447
12,8192,248,48,318.1333
12,8192,248,56,320.2484
12,8192,248,64,324.9389
12,8192,248,72,321.322
12,8192,248,80,317.5357
12,8192,248,88,322.6759
12,8192,248,96,320.8877
12,8192,248,104,317.1842
12,8192,248,112,316.5098
12,8192,248,120,310.5647
12,8192,256,8,182.3054
12,8192,256,16,263.1293
12,8192,256,24,285.949
12,8192,256,32,308.8703
12,8192,256,40,309.8303
12,8192,256,48,318.1174
12,8192,256,56,319.9544
12,8192,256,64,324.3642
12,8192,256,72,321.2136
12,8192,256,80,320.3712
12,8192,256,88,322.9739
12,8192,256,96,322.0812
12,8192,256,104,319.6545
12,8192,256,112,318.4643
12,8192,256,120,313.5735
12,8192,256,128,315.9629
12,8192,264,8,184.7255
12,8192,264,16,269.876
12,8192,264,24,295.221
12,8192,264,32,309.3607
12,8192,264,40,317.918
12,8192,264,48,324.5726
12,8192,264,56,326.2984
12,8192,264,64,322.0516
12,8192,264,72,326.775
12,8192,264,80,325.409
12,8192,264,88,326.5709
12,8192,264,96,325.5312
12,8192,264,104,323.0998
12,8192,264,112,321.4361
12,8192,264,120,317.8623
12,8192,264,128,313.3603
12,8192,272,8,183.7743
12,8192,272,16,272.3355
12,8192,272,24,288.3186
12,8192,272,32,311.4828
12,8192,272,40,319.4439
12,8192,272,48,326.7519
12,8192,272,56,328.4118
12,8192,272,64,325.8574
12,8192,272,72,328.767
12,8192,272,80,327.3925
12,8192,272,88,321.2157
12,8192,272,96,327.3388
12,8192,272,104,324.8318
12,8192,272,112,323.9038
12,8192,272,120,320.389
12,8192,272,128,316.3836
12,8192,272,136,318.181
12,8192,280,8,185.0031
12,8192,280,16,273.2267
12,8192,280,24,294.1395
12,8192,280,32,315.1109
12,8192,280,40,322.807
12,8192,280,48,328.9679
12,8192,280,56,330.538
12,8192,280,64,328.5968
12,8192,280,72,330.0042
12,8192,280,80,330.0763
12,8192,280,88,325.6874
12,8192,280,96,328.7358
12,8192,280,104,326.7822
12,8192,280,112,325.2387
12,8192,280,120,322.3046
12,8192,280,128,319.7441
12,8192,280,136,313.882
12,8192,288,8,185.566
12,8192,288,16,275.9179
12,8192,288,24,299.6196
12,8192,288,32,317.1369
12,8192,288,40,318.013
12,8192,288,48,331.6981
12,8192,288,56,326.4363
12,8192,288,64,330.7381
12,8192,288,72,332.0144
12,8192,288,80,332.5955
12,8192,288,88,328.5018
12,8192,288,96,330.9716
12,8192,288,104,329.3997
12,8192,288,112,328.3346
12,8192,288,120,325.7113
12,8192,288,128,323.2916
12,8192,288,136,318.3129
12,8192,288,144,320.78
12,8192,296,8,186.2469
12,8192,296,16,274.1341
12,8192,296,24,295.2448
12,8192,296,32,315.0611
12,8192,296,40,323.6377
12,8192,296,48,327.2681
12,8192,296,56,328.9561
12,8192,296,64,333.9882
12,8192,296,72,329.1927
12,8192,296,80,334.549
12,8192,296,88,331.3612
12,8192,296,96,327.2582
12,8192,296,104,331.0398
12,8192,296,112,330.2954
12,8192,296,120,327.6127
12,8192,296,128,325.441
12,8192,296,136,320.0388
12,8192,296,144,315.9186
12,8192,304,8,183.5249
12,8192,304,16,276.0456
12,8192,304,24,296.126
12,8192,304,32,316.1742
12,8192,304,40,321.7359
12,8192,304,48,326.683
12,8192,304,56,330.0669
12,8192,304,64,334.3728
12,8192,304,72,330.1213
12,8192,304,80,335.1919
12,8192,304,88,331.348
12,8192,304,96,327.8419
12,8192,304,104,330.6595
12,8192,304,112,329.9136
12,8192,304,120,327.7044
12,8192,304,128,326.541
12,8192,304,136,322.2617
12,8192,304,144,319.197
12,8192,304,152,319.6463
12,8192,312,8,184.5415
12,8192,312,16,274.8345
12,8192,312,24,301.3258
12,8192,312,32,319.0975
12,8192,312,40,326.5528
12,8192,312,48,330.2062
12,8192,312,56,332.6705
12,8192,312,64,336.0349
12,8192,312,72,332.2267
12,8192,312,80,335.3245
12,8192,312,88,333.1013
12,8192,312,96,330.8128
12,8192,312,104,331.1658
12,8192,312,112,330.5193
12,8192,312,120,327.6415
12,8192,312,128,325.5783
12,8192,312,136,321.73
12,8192,312,144,319.5229
12,8192,312,152,313.4078
12,8192,320,8,183.9051
12,8192,320,16,276.4528
12,8192,320,24,296.4171
12,8192,320,32,319.3457
12,8192,320,40,324.9747
12,8192,320,48,331.9801
12,8192,320,56,331.2583
12,8192,320,64,336.6791
12,8192,320,72,334.1027
12,8192,320,80,336.5899
12,8192,320,88,333.2164
12,8192,320,96,332.5186
12,8192,320,104,326.8843
12,8192,320,112,332.8367
12,8192,320,120,330.0526
12,8192,320,128,328.3648
12,8192,320,136,324.283
12,8192,320,144,322.76
12,8192,320,152,317.6098
12,8192,320,160,319.8991
12,8192,328,8,183.8658
12,8192,328,16,276.223
12,8192,328,24,300.2458
12,8192,328,32,316.8576
12,8192,328,40,323.9597
12,8192,328,48,333.2139
12,8192,328,56,334.6029
12,8192,328,64,332.0609
12,8192,328,72,334.6309
12,8192,328,80,331.0617
12,8192,328,88,335.0734
12,8192,328,96,333.8997
12,8192,328,104,328.3485
12,8192,328,112,332.0588
12,8192,328,120,330.3353
12,8192,328,128,328.0561
12,8192,328,136,325.4944
12,8192,328,144,323.1213
12,8192,328,152,318.4737
12,8192,328,160,314.019
12,8192,336,8,183.0796
12,8192,336,16,277.3067
12,8192,336,24,301.1004
12,8192,336,32,317.7786
12,8192,336,40,325.4989
12,8192,336,48,336.0551
12,8192,336,56,336.7006
12,8192,336,64,334.9094
12,8192,336,72,336.7415
12,8192,336,80,335.2942
12,8192,336,88,336.735
12,8192,336,96,334.9413
12,8192,336,104,331.0327
12,8192,336,112,332.9214
12,8192,336,120,331.2549
12,8192,336,128,329.4023
12,8192,336,136,326.6441
12,8192,336,144,323.9424
12,8192,336,152,320.1312
12,8192,336,160,316.0203
12,8192,336,168,318.0612
12,8192,344,8,183.1162
12,8192,344,16,276.8679
12,8192,344,24,299.9543
12,8192,344,32,321.4003
12,8192,344,40,328.919
12,8192,344,48,332.8408
12,8192,344,56,334.2818
12,8192,344,64,336.5291
12,8192,344,72,338.4224
12,8192,344,80,335.6161
12,8192,344,88,338.3986
12,8192,344,96,336.36
12,8192,344,104,333.3423
12,8192,344,112,328.7654
12,8192,344,120,331.7983
12,8192,344,128,328.7706
12,8192,344,136,327.4285
12,8192,344,144,327.0612
12,8192,344,152,323.107
12,8192,344,160,319.5791
12,8192,344,168,313.6283
12,8192,352,8,183.6798
12,8192,352,16,279.4771
12,8192,352,24,301.7942
12,8192,352,32,321.6967
12,8192,352,40,326.5399
12,8192,352,48,332.4759
12,8192,352,56,333.0279
12,8192,352,64,335.4283
12,8192,352,72,336.857
12,8192,352,80,336.7568
12,8192,352,88,336.1843
12,8192,352,96,335.6038
12,8192,352,104,332.1212
12,8192,352,112,329.948
12,8192,352,120,329.1406
12,8192,352,128,329.7644
12,8192,352,136,327.9568
12,8192,352,144,325.7909
12,8192,352,152,322.4193
12,8192,352,160,318.0648
12,8192,352,168,314.537
12,8192,352,176,316.7402
12,8192,360,8,182.1713
12,8192,360,16,279.27
12,8192,360,24,305.9513
12,8192,360,32,320.7584
12,8192,360,40,331.6977
12,8192,360,48,335.4915
12,8192,360,56,337.29
12,8192,360,64,338.6576
12,8192,360,72,339.1581
12,8192,360,80,339.4394
12,8192,360,88,333.5898
12,8192,360,96,336.9791
12,8192,360,104,334.79
12,8192,360,112,332.9757
12,8192,360,120,331.4032
12,8192,360,128,331.6237
12,8192,360,136,329.1611
12,8192,360,144,327.5048
12,8192,360,152,325.4736
12,8192,360,160,320.5884
12,8192,360,168,316.4652
12,8192,360,176,312.2497
12,8192,368,8,179.2086
12,8192,368,16,277.5261
12,8192,368,24,299.5728
12,8192,368,32,319.8857
12,8192,368,40,325.6016
12,8192,368,48,334.9571
12,8192,368,56,335.3499
12,8192,368,64,337.8268
12,8192,368,72,334.6733
12,8192,368,80,339.0721
12,8192,368,88,333.5658
12,8192,368,96,335.6235
12,8192,368,104,332.9727
12,8192,368,112,331.2534
12,8192,368,120,325.7715
12,8192,368,128,329.5319
12,8192,368,136,327.7452
12,8192,368,144,325.4608
12,8192,368,152,322.5651
12,8192,368,160,320.667
12,8192,368,168,317.0121
12,8192,368,176,312.4657
12,8192,368,184,312.9959
12,8192,376,8,181.8762
12,8192,376,16,279.8248
12,8192,376,24,303.8751
12,8192,376,32,322.5809
12,8192,376,40,329.439
12,8192,376,48,336.8137
12,8192,376,56,337.5386
12,8192,376,64,339.7635
12,8192,376,72,336.8023
12,8192,376,80,339.357
12,8192,376,88,335.5987
12,8192,376,96,336.0992
12,8192,376,104,334.6807
12,8192,376,112,332.9163
12,8192,376,120,329.2694
12,8192,376,128,330.2927
12,8192,376,136,328.6718
12,8192,376,144,328.3021
12,8192,376,152,323.9771
12,8192,376,160,322.0432
12,8192,376,168,316.7697
12,8192,376,176,314.2461
12,8192,376,184,308.9403
12,8192,384,8,180.4399
12,8192,384,16,280.3735
12,8192,384,24,305.5957
12,8192,384,32,321.6285
12,8192,384,40,327.5277
12,8192,384,48,336.6449
12,8192,384,56,336.8058
12,8192,384,64,336.8842
12,8192,384,72,335.6912
12,8192,384,80,338.0382
12,8192,384,88,335.2859
12,8192,384,96,336.583
12,8192,384,104,333.9977
12,8192,384,112,332.0916
12,8192,384,120,328.2274
12,8192,384,128,329.8284
12,8192,384,136,328.6475
12,8192,384,144,326.7227
12,8192,384,152,323.0863
12,8192,384,160,320.8596
12,8192,384,168,318.2442
12,8192,384,176,313.0971
12,8192,384,184,310.0435
12,8192,384,192,311.9325
12,8192,392,8,182.7035
12,8192,392,16,276.1253
12,8192,392,24,300.5512
12,8192,392,32,319.7654
12,8192,392,40,329.8191
12,8192,392,48,333.766
12,8192,392,56,338.1311
12,8192,392,64,335.6132
12,8192,392,72,337.2488
12,8192,392,80,338.166
12,8192,392,88,336.3216
12,8192,392,96,333.1457
12,8192,392,104,336.1423
12,8192,392,112,334.4286
12,8192,392,120,330.4532
12,8192,392,128,326.8718
12,8192,392,136,329.0052
12,8192,392,144,327.0215
12,8192,392,152,327.0923
12,8192,392,160,322.813
12,8192,392,168,320.1022
12,8192,392,176,316.8415
12,8192,392,184,313.523
12,8192,392,192,309.5423
12,8192,400,8,178.6158
12,8192,400,16,275.6308
12,8192,400,24,299.7116
12,8192,400,32,316.7035
12,8192,400,40,328.2487
12,8192,400,48,332.215
12,8192,400,56,332.6386
12,8192,400,64,335.1362
12,8192,400,72,336.5023
12,8192,400,80,337.7452
12,8192,400,88,335.9624
12,8192,400,96,333.6519
12,8192,400,104,333.4011
12,8192,400,112,332.8822
12,8192,400,120,328.4597
12,8192,400,128,327.8509
12,8192,400,136,327.5255
12,8192,400,144,328.1546
12,8192,400,152,324.9363
12,8192,400,160,322.8558
12,8192,400,168,320.7777
12,8192,400,176,318.1289
12,8192,400,184,312.8652
12,8192,400,192,311.5196
12,8192,400,200,311.2139
12,8192,408,8,184.3286
12,8192,408,16,275.4104
12,8192,408,24,303.2945
12,8192,408,32,319.7164
12,8192,408,40,325.7223
12,8192,408,48,333.8136
12,8192,408,56,333.246
12,8192,408,64,334.6573
12,8192,408,72,336.108
12,8192,408,80,333.5207
12,8192,408,88,333.709
12,8192,408,96,331.8545
12,8192,408,104,333.1519
12,8192,408,112,331.3707
12,8192,408,120,327.6861
12,8192,408,128,324.0794
12,8192,408,136,325.5229
12,8192,408,144,325.7012
12,8192,408,152,323.4943
12,8192,408,160,318.4348
12,8192,408,168,316.3463
12,8192,408,176,314.4564
12,8192,408,184,309.2424
12,8192,408,192,308.8217
12,8192,408,200,303.6014
12,8192,416,8,180.7636
12,8192,416,16,277.5185
12,8192,416,24,299.6145
12,8192,416,32,323.1895
12,8192,416,40,326.8751
12,8192,416,48,335.2114
12,8192,416,56,335.3073
12,8192,416,64,337.0277
12,8192,416,72,337.1042
12,8192,416,80,337.0151
12,8192,416,88,337.2744
12,8192,416,96,335.6928
12,8192,416,104,335.7134
12,8192,416,112,334.5659
12,8192,416,120,331.9425
12,8192,416,128,329.4295
12,8192,416,136,323.6307
12,8192,416,144,327.0713
12,8192,416,152,327.6795
12,8192,416,160,324.5641
12,8192,416,168,322.5437
12,8192,416,176,318.5397
12,8192,416,184,315.6695
12,8192,416,192,311.7452
12,8192,416,200,306.7013
12,8192,416,208,312.1363
12,8192,424,8,183.9222
12,8192,424,16,276.5569
12,8192,424,24,301.6253
12,8192,424,32,318.3683
12,8192,424,40,326.7317
12,8192,424,48,333.1287
12,8192,424,56,333.9564
12,8192,424,64,335.0265
12,8192,424,72,334.1806
12,8192,424,80,334.866
12,8192,424,88,334.1423
12,8192,424,96,331.9329
12,8192,424,104,326.5957
12,8192,424,112,331.9775
12,8192,424,120,328.9615
12,8192,424,128,326.2145
12,8192,424,136,322.8164
12,8192,424,144,324.6766
12,8192,424,152,323.6481
12,8192,424,160,320.954
12,8192,424,168,319.2535
12,8192,424,176,316.4897
12,8192,424,184,313.9251
12,8192,424,192,309.3064
12,8192,424,200,304.4011
12,8192,424,208,301.2762
12,8192,432,8,179.7254
12,8192,432,16,275.8771
12,8192,432,24,301.6191
12,8192,432,32,318.0221
12,8192,432,40,324.3717
12,8192,432,48,334.4885
12,8192,432,56,331.323
12,8192,432,64,336.0434
12,8192,432,72,335.8835
12,8192,432,80,335.8385
12,8192,432,88,335.1749
12,8192,432,96,333.949
12,8192,432,104,329.294
12,8192,432,112,331.0592
12,8192,432,120,329.6967
12,8192,432,128,327.7645
12,8192,432,136,322.8498
12,8192,432,144,325.8291
12,8192,432,152,321.8235
12,8192,432,160,322.9284
12,8192,432,168,320.5028
12,8192,432,176,317.5257
12,8192,432,184,312.7984
12,8192,432,192,310.9344
12,8192,432,200,303.9278
12,8192,432,208,301.5069
12,8192,432,216,307.8301
12,8192,440,8,184.0627
12,8192,440,16,277.7458
12,8192,440,24,301.4529
12,8192,440,32,320.5437
12,8192,440,40,328.7592
12,8192,440,48,331.5188
12,8192,440,56,333.5437
12,8192,440,64,335.4208
12,8192,440,72,332.4871
12,8192,440,80,333.5854
12,8192,440,88,335.8643
12,8192,440,96,334.4978
12,8192,440,104,330.5139
12,8192,440,112,333.6229
12,8192,440,120,331.3356
12,8192,440,128,329.0499
12,8192,440,136,325.2996
12,8192,440,144,321.4419
12,8192,440,152,324.4769
12,8192,440,160,322.518
12,8192,440,168,320.551
12,8192,440,176,318.7901
12,8192,440,184,316.7226
12,8192,440,192,313.1745
12,8192,440,200,306.6767
12,8192,440,208,305.6614
12,8192,440,216,298.466
12,8192,448,8,180.2818
12,8192,448,16,276.172
12,8192,448,24,301.3638
12,8192,448,32,320.5864
12,8192,448,40,321.8783
12,8192,448,48,331.6904
12,8192,448,56,334.1932
12,8192,448,64,334.3314
12,8192,448,72,332.3429
12,8192,448,80,334.2154
12,8192,448,88,328.6526
12,8192,448,96,332.0639
12,8192,448,104,328.986
12,8192,448,112,330.607
12,8192,448,120,327.8092
12,8192,448,128,325.1816
12,8192,448,136,321.9424
12,8192,448,144,322.0722
12,8192,448,152,321.2649
12,8192,448,160,320.4018
12,8192,448,168,318.0974
12,8192,448,176,315.4436
12,8192,448,184,314.0605
12,8192,448,192,310.4847
12,8192,448,200,303.4521
12,8192,448,208,301.0574
12,8192,448,216,296.8282
12,8192,448,224,306.7065
12,8192,456,8,183.8472
12,8192,456,16,277.0894
12,8192,456,24,303.0635
12,8192,456,32,316.2247
12,8192,456,40,323.4819
12,8192,456,48,332.351
12,8192,456,56,330.0809
12,8192,456,64,329.575
12,8192,456,72,330.537
12,8192,456,80,333.3863
12,8192,456,88,330.1594
12,8192,456,96,331.3269
12,8192,456,104,327.4774
12,8192,456,112,325.1359
12,8192,456,120,327.3959
12,8192,456,128,323.9265
12,8192,456,136,322.5839
12,8192,456,144,319.9906
12,8192,456,152,322.6223
12,8192,456,160,319.4249
12,8192,456,168,318.5135
12,8192,456,176,318.3429
12,8192,456,184,314.537
12,8192,456,192,310.5281
12,8192,456,200,303.5276
12,8192,456,208,301.9424
12,8192,456,216,299.0838
12,8192,456,224,293.0923
12,8192,464,8,180.6769
12,8192,464,16,276.0287
12,8192,464,24,297.3713
12,8192,464,32,316.4351
12,8192,464,40,322.9731
12,8192,464,48,330.5014
12,8192,464,56,328.9417
12,8192,464,64,331.9208
12,8192,464,72,330.6818
12,8192,464,80,334.3505
12,8192,464,88,327.8146
12,8192,464,96,332.7949
12,8192,464,104,326.7343
12,8192,464,112,324.9555
12,8192,464,120,326.7741
12,8192,464,128,325.8334
12,8192,464,136,322.6945
12,8192,464,144,320.4044
12,8192,464,152,315.0885
12,8192,464,160,321.3694
12,8192,464,168,319.7889
12,8192,464,176,316.1526
12,8192,464,184,314.9662
12,8192,464,192,311.5584
12,8192,464,200,303.5863
12,8192,464,208,302.9358
12,8192,464,216,299.8941
12,8192,464,224,293.8051
12,8192,464,232,301.2522
12,8192,472,8,183.0161
12,8192,472,16,276.1704
12,8192,472,24,301.4243
12,8192,472,32,318.1952
12,8192,472,40,322.4015
12,8192,472,48,328.9701
12,8192,472,56,329.2029
12,8192,472,64,328.646
12,8192,472,72,329.0723
12,8192,472,80,330.8601
12,8192,472,88,328.4286
12,8192,472,96,329.2302
12,8192,472,104,325.722
12,8192,472,112,324.6998
12,8192,472,120,325.817
12,8192,472,128,323.784
12,8192,472,136,321.6646
12,8192,472,144,318.6233
12,8192,472,152,314.0714
12,8192,472,160,317.5672
12,8192,472,168,314.7958
12,8192,472,176,313.9231
12,8192,472,184,313.0524
12,8192,472,192,310.4655
12,8192,472,200,304.3604
12,8192,472,208,302.1396
12,8192,472,216,299.9531
12,8192,472,224,296.0381
12,8192,472,232,291.2048
12,8192,480,8,180.039
12,8192,480,16,274.0223
12,8192,480,24,301.2942
12,8192,480,32,315.6383
12,8192,480,40,321.3814
12,8192,480,48,327.4244
12,8192,480,56,327.3149
12,8192,480,64,326.1004
12,8192,480,72,327.1627
12,8192,480,80,329.0652
12,8192,480,88,325.252
12,8192,480,96,328.0973
12,8192,480,104,324.5948
12,8192,480,112,321.5567
12,8192,480,120,321.79
12,8192,480,128,322.1412
12,8192,480,136,319.703
12,8192,480,144,315.8559
12,8192,480,152,312.2661
12,8192,480,160,316.1729
12,8192,480,168,313.9445
12,8192,480,176,312.1791
12,8192,480,184,309.9669
12,8192,480,192,308.4473
12,8192,480,200,303.1046
12,8192,480,208,298.9001
12,8192,480,216,296.8082
12,8192,480,224,292.9971
12,8192,480,232,291.1126
12,8192,480,240,298.4229
12,8192,488,8,183.8548
12,8192,488,16,274.836
12,8192,488,24,299.7299
12,8192,488,32,313.9161
12,8192,488,40,319.2116
12,8192,488,48,324.1489
12,8192,488,56,328.1
12,8192,488,64,328.7419
12,8192,488,72,328.4259
12,8192,488,80,326.464
12,8192,488,88,327.1006
12,8192,488,96,324.0949
12,8192,488,104,326.2509
12,8192,488,112,322.3639
12,8192,488,120,320.3266
12,8192,488,128,321.567
12,8192,488,136,319.0823
12,8192,488,144,319.3052
12,8192,488,152,314.6049
12,8192,488,160,311.6572
12,8192,488,168,317.7667
12,8192,488,176,315.4747
12,8192,488,184,312.3347
12,8192,488,192,311.3037
12,8192,488,200,305.2437
12,8192,488,208,303.8652
12,8192,488,216,301.4033
12,8192,488,224,296.6195
12,8192,488,232,295.1661
12,8192,488,240,288.5562
12,8192,496,8,178.6476
12,8192,496,16,271.6232
12,8192,496,24,294.0237
12,8192,496,32,311.1355
12,8192,496,40,317.0081
12,8192,496,48,324.5326
12,8192,496,56,326.6502
12,8192,496,64,326.7353
12,8192,496,72,326.2809
12,8192,496,80,324.1681
12,8192,496,88,325.7293
12,8192,496,96,321.7389
12,8192,496,104,322.7626
12,8192,496,112,322.8091
12,8192,496,120,318.3215
12,8192,496,128,320.5526
12,8192,496,136,318.396
12,8192,496,144,315.3732
12,8192,496,152,312.235
12,8192,496,160,309.4084
12,8192,496,168,314.9994
12,8192,496,176,312.9994
12,8192,496,184,311.3334
12,8192,496,192,308.3706
12,8192,496,200,302.7545
12,8192,496,208,301.9654
12,8192,496,216,298.1452
12,8192,496,224,295.2307
12,8192,496,232,293.7985
12,8192,496,240,291.2292
12,8192,496,248,297.5151
12,8192,504,8,178.2555
12,8192,504,16,271.3991
12,8192,504,24,295.6362
12,8192,504,32,311.8252
12,8192,504,40,315.5003
12,8192,504,48,320.6085
12,8192,504,56,325.0826
12,8192,504,64,322.9138
12,8192,504,72,324.6541
12,8192,504,80,322.3699
12,8192,504,88,322.7854
12,8192,504,96,321.0971
12,8192,504,104,322.6307
12,8192,504,112,320.7003
12,8192,504,120,316.6385
12,8192,504,128,320.4525
12,8192,504,136,319.0112
12,8192,504,144,316.3867
12,8192,504,152,313.581
12,8192,504,160,309.4189
12,8192,504,168,312.8868
12,8192,504,176,313.5103
12,8192,504,184,309.6028
12,8192,504,192,308.544
12,8192,504,200,303.362
12,8192,504,208,301.4755
12,8192,504,216,298.0182
12,8192,504,224,296.6391
12,8192,504,232,293.3137
12,8192,504,240,290.9458
12,8192,504,248,285.1911
12,8192,512,8,159.9019
12,8192,512,16,242.9909
12,8192,512,24,268.7514
12,8192,512,32,287.6059
12,8192,512,40,294.2563
12,8192,512,48,301.5206
12,8192,512,56,301.5142
12,8192,512,64,304.8623
12,8192,512,72,300.8105
12,8192,512,80,305.3912
12,8192,512,88,305.2888
12,8192,512,96,304.897
12,8192,512,104,304.1126
12,8192,512,112,303.4677
12,8192,512,120,302.2218
12,8192,512,128,305.4421
12,8192,512,136,301.4813
12,8192,512,144,301.0996
12,8192,512,152,298.0231
12,8192,512,160,294.8089
12,8192,512,168,292.6559
12,8192,512,176,296.7372
12,8192,512,184,293.5068
12,8192,512,192,296.7153
12,8192,512,200,290.9088
12,8192,512,208,288.1285
12,8192,512,216,285.6566
12,8192,512,224,282.1715
12,8192,512,232,280.5804
12,8192,512,240,277.0018
12,8192,512,248,274.6536
12,8192,512,256,281.1033
