threads,size,nb,ib,Time_sec,GFlops
1,4096,32,8,1.55638e-05,8.421593698197098
1,4096,32,12,1.35248e-05,9.691233881462201
1,4096,32,16,1.21944e-05,10.748540313586565
1,4096,36,8,2.07211e-05,9.006471664149103
1,4096,36,12,1.64853e-05,11.320631107714146
1,4096,36,16,1.65642e-05,11.266707719056761
1,4096,40,8,2.39563e-05,10.686124318029078
1,4096,40,12,2.2312e-05,11.473646468268196
1,4096,40,16,1.91518e-05,13.366889796259361
1,4096,40,20,1.70595e-05,15.006301474251883
1,4096,44,8,3.15383e-05,10.803879727188846
1,4096,44,12,2.65562e-05,12.830751387623229
1,4096,44,16,2.3494e-05,14.503107176300333
1,4096,44,20,2.39828e-05,14.207515386026653
1,4096,48,8,3.55824e-05,12.432213678672602
1,4096,48,12,3.04071e-05,14.548181181368825
1,4096,48,16,2.68716e-05,16.462287321930962
1,4096,48,20,2.71391e-05,16.300024687627815
1,4096,48,24,2.52643e-05,17.509608419786023
1,4096,52,8,4.6367e-05,12.130006254448208
1,4096,52,12,3.92393e-05,14.333385152130644
1,4096,52,16,3.51714e-05,15.991174647582978
1,4096,52,20,3.25027e-05,17.304162423429435
1,4096,52,24,3.40717e-05,16.50730665038727
1,4096,56,8,5.28326e-05,13.296033131059232
1,4096,56,12,4.4352e-05,15.83838383838384
1,4096,56,16,4.04592e-05,17.362281013959745
1,4096,56,20,3.6501e-05,19.245061779129337
1,4096,56,24,3.83073e-05,18.337601449332112
1,4096,56,28,3.51094e-05,20.007861142599985
1,4096,60,8,6.4915e-05,13.309712701224678
1,4096,60,12,5.21791e-05,16.558353823657363
1,4096,60,16,4.744e-05,18.21247892074199
1,4096,60,20,4.34783e-05,19.871982115216095
1,4096,60,24,4.58287e-05,18.85281493911021
1,4096,60,28,4.72986e-05,18.266925448110516
1,4096,64,8,7.41074e-05,14.149410180359856
1,4096,64,12,6.32226e-05,16.5854615279979
1,4096,64,16,5.5985e-05,18.72958828257569
1,4096,64,20,5.35022e-05,19.59874547214881
1,4096,64,24,5.13245e-05,20.43032080195618
1,4096,64,28,5.15811e-05,20.328686282378623
1,4096,64,32,4.74927e-05,22.078677354625025
1,4096,68,8,8.7263e-05,14.413073123775256
1,4096,68,12,7.40883e-05,16.976067746189347
1,4096,68,16,6.6885e-05,18.80433580025417
1,4096,68,20,6.26512e-05,20.07508236075287
1,4096,68,24,6.12127e-05,20.546847304562615
1,4096,68,28,5.99391e-05,20.9834315163224
1,4096,68,32,5.93561e-05,21.189532331133616
1,4096,72,8,9.67771e-05,15.427120672142479
1,4096,72,12,8.06136e-05,18.520348923754803
1,4096,72,16,7.34701e-05,20.32108299838982
1,4096,72,20,6.89619e-05,21.649519517298682
1,4096,72,24,6.56531e-05,22.74061697010499
1,4096,72,28,6.64057e-05,22.482889270047604
1,4096,72,32,6.51435e-05,22.918510672592046
1,4096,72,36,6.18228e-05,24.149537063995812
1,4096,76,8,0.000113662,15.448470025162322
1,4096,76,12,9.81134e-05,17.89667874113016
1,4096,76,16,8.41715e-05,20.86102778256298
1,4096,76,20,8.01745e-05,21.901028381842107
1,4096,76,24,8.34426e-05,21.043256082624463
1,4096,76,28,7.67226e-05,22.886398531853718
1,4096,76,32,7.63636e-05,22.993991901900905
1,4096,76,36,7.71799e-05,22.75079392432486
1,4096,80,8,0.00012601,16.252678358860408
1,4096,80,12,0.000107697,19.016314289163116
1,4096,80,16,9.30509e-05,22.00945933892096
1,4096,80,20,8.62869e-05,23.734773181097015
1,4096,80,24,9.04224e-05,22.64925505184556
1,4096,80,28,8.63944e-05,23.705240154454458
1,4096,80,32,8.32695e-05,24.59483964716973
1,4096,80,36,8.44239e-05,24.258533424776633
1,4096,80,40,7.91278e-05,25.882180472602546
1,4096,84,8,0.000150555,15.747175450831923
1,4096,84,12,0.000122666,19.327409388094498
1,4096,84,16,0.000120601,19.65834445817199
1,4096,84,20,0.000106924,22.17290785978826
1,4096,84,24,0.000105339,22.506536040782617
1,4096,84,28,9.83601e-05,24.103432184391842
1,4096,84,32,9.58287e-05,24.74014569747894
1,4096,84,36,9.89196e-05,23.967100554389624
1,4096,84,40,9.84314e-05,24.085972565665024
1,4096,88,8,0.000161577,16.870519937862444
1,4096,88,12,0.000139493,19.541396342468797
1,4096,88,16,0.000120496,22.622228123755146
1,4096,88,20,0.000116355,23.427338747797688
1,4096,88,24,0.000113531,24.01007654297064
1,4096,88,28,0.00011656,23.38613589567605
1,4096,88,32,0.00010546,25.84760098615589
1,4096,88,36,0.000105543,25.827274191561735
1,4096,88,40,0.000108206,25.19165295824631
1,4096,88,44,0.000101281,26.914110247726622
1,4096,92,8,0.000188058,16.562720011911217
1,4096,92,12,0.000157091,19.827692229344777
1,4096,92,16,0.000137367,22.674674412340664
1,4096,92,20,0.000132112,23.576601671309188
1,4096,92,24,0.000129959,23.967189652121057
1,4096,92,28,0.000134763,23.11281286406506
1,4096,92,32,0.000119837,25.99157188514399
1,4096,92,36,0.000124248,25.06883008177194
1,4096,92,40,0.000121671,25.59978959653492
1,4096,92,44,0.000124101,25.09852458884296
1,4096,96,8,0.000204164,17.33382966634666
1,4096,96,12,0.000172948,20.46247426972269
1,4096,96,16,0.00015074,23.47713944540268
1,4096,96,20,0.000144632,24.468609989490567
1,4096,96,24,0.000140876,25.120985831511398
1,4096,96,28,0.000141538,25.003490228772485
1,4096,96,32,0.000132153,26.779142357721728
1,4096,96,36,0.000130469,27.124788263878777
1,4096,96,40,0.000134825,26.248425737066565
1,4096,96,44,0.000138601,25.533322270402092
1,4096,96,48,0.000123629,28.62551666680148
1,4096,100,8,0.000241758,16.545471090925638
1,4096,100,12,0.000200476,19.952513019014745
1,4096,100,16,0.00017539,22.80631734990592
1,4096,100,20,0.00016314,24.518818192963096
1,4096,100,24,0.000166617,24.007154131931312
1,4096,100,28,0.00015762,25.37749016622256
1,4096,100,32,0.000156616,25.540174694794914
1,4096,100,36,0.000148702,26.89943645680623
1,4096,100,40,0.00014814,27.001485081679494
1,4096,100,44,0.000150291,26.615033501673423
1,4096,100,48,0.000152664,26.201331027616202
1,4096,104,8,0.000255389,17.618049328671162
1,4096,104,12,0.000215593,20.870139568538868
1,4096,104,16,0.000190102,23.66864104533356
1,4096,104,20,0.000187185,24.037481635814835
1,4096,104,24,0.000181991,24.723508305355757
1,4096,104,28,0.000170328,26.416420083603402
1,4096,104,32,0.000167444,26.87140775423425
1,4096,104,36,0.000162797,27.63844542589851
1,4096,104,40,0.000163094,27.588114829484837
1,4096,104,44,0.000164327,27.381112050971538
1,4096,104,48,0.000163569,27.507999682091352
1,4096,104,52,0.000153648,29.28418202645007
1,4096,108,8,0.000298254,16.894485907984468
1,4096,108,12,0.000242378,20.789213542483232
1,4096,108,16,0.000213983,23.547889318310332
1,4096,108,20,0.000205562,24.51254609314951
1,4096,108,24,0.000202776,24.8493312818085
1,4096,108,28,0.000192784,26.13727280272222
1,4096,108,32,0.00018999,26.521648507816202
1,4096,108,36,0.000180011,27.991889384537615
1,4096,108,40,0.000184137,27.36466869776308
1,4096,108,44,0.000182365,27.630565075535326
1,4096,108,48,0.000182307,27.639355592489594
1,4096,108,52,0.000185725,27.130693229236776
1,4096,112,8,0.000306722,18.321841928521597
1,4096,112,12,0.000268101,20.96117507954092
1,4096,112,16,0.000225073,24.96839692011036
1,4096,112,20,0.000219812,25.565992757447273
1,4096,112,24,0.000220623,25.472013344030316
1,4096,112,28,0.000210015,26.758622003190247
1,4096,112,32,0.000204824,27.4367847517869
1,4096,112,36,0.000213963,26.264877572290533
1,4096,112,40,0.000197977,28.38568116498381
1,4096,112,44,0.000198761,28.273715668566773
1,4096,112,48,0.000194756,28.85514181848056
1,4096,112,52,0.000200584,28.01675108682647
1,4096,112,56,0.000186893,30.069141166335818
1,4096,116,8,0.00034965,17.856668096668095
1,4096,116,12,0.000296438,21.062023087458424
1,4096,116,16,0.000264177,23.63409380831791
1,4096,116,20,0.000243124,25.68065678419243
1,4096,116,24,0.000240658,25.94380407050669
1,4096,116,28,0.000246445,25.334593925622354
1,4096,116,32,0.000226832,27.525146363828735
1,4096,116,36,0.0002299,27.15782514136581
1,4096,116,40,0.000217411,28.717884559658895
1,4096,116,44,0.000223208,27.9720440127594
1,4096,116,48,0.000216779,28.80160901194304
1,4096,116,52,0.000221387,28.202125689403623
1,4096,116,56,0.000221147,28.23273207414073
1,4096,120,8,0.000377357,18.31687235164579
1,4096,120,12,0.000314982,21.944111092062403
1,4096,120,16,0.000281686,24.537960708022407
1,4096,120,20,0.000256264,26.972184934286513
1,4096,120,24,0.000261121,26.470486862412447
1,4096,120,28,0.00025985,26.59996151625938
1,4096,120,32,0.000242115,28.5484170745307
1,4096,120,36,0.000244286,28.2947037488845
1,4096,120,40,0.000237447,29.109653943827464
1,4096,120,44,0.000232382,29.744128202700725
1,4096,120,48,0.000233819,29.56132735149838
1,4096,120,52,0.000234142,29.520547360148967
1,4096,120,56,0.0002365,29.226215644820297
1,4096,120,60,0.000226557,30.508878560362295
1,4096,124,8,0.000432981,17.61392763192842
1,4096,124,12,0.000359173,21.233489154251572
1,4096,124,16,0.000309779,24.619151072216
1,4096,124,20,0.000297628,25.624255782386065
1,4096,124,24,0.000296917,25.685615845505644
1,4096,124,28,0.000291658,26.14876327753739
1,4096,124,32,0.000276068,27.62542561977484
1,4096,124,36,0.000271813,28.057878026437294
1,4096,124,40,0.000271241,28.117047201566137
1,4096,124,44,0.000257832,29.579322969995967
1,4096,124,48,0.000259681,29.368710071202745
1,4096,124,52,0.000257582,29.6080316171161
1,4096,124,56,0.000258834,29.464815287017935
1,4096,124,60,0.000264541,28.82916447734
1,4096,128,8,0.000473076,17.732051509694003
1,4096,128,12,0.000395062,21.233649401866035
1,4096,128,16,0.000340392,24.643963430397893
1,4096,128,20,0.000327488,25.61500879421536
1,4096,128,24,0.000324473,25.853023209943508
1,4096,128,28,0.000309846,27.073475210265745
1,4096,128,32,0.000289657,28.960487749303486
1,4096,128,36,0.000293946,28.537921931239072
1,4096,128,40,0.000295319,28.40524314385461
1,4096,128,44,0.00028571,29.360568408526127
1,4096,128,48,0.000277786,30.198094936389882
1,4096,128,52,0.000281199,29.83157123602858
1,4096,128,56,0.000281325,29.8182102550431
1,4096,128,60,0.000285172,29.415959491114137
1,4096,128,64,0.000269152,31.16680537391511
1,4096,132,8,0.000509364,18.061488444413033
1,4096,132,12,0.000413695,22.238296329421434
1,4096,132,16,0.000375507,24.499868178223043
1,4096,132,20,0.000346899,26.52031859417294
1,4096,132,24,0.000349831,26.298046771155217
1,4096,132,28,0.000334229,27.525654566180673
1,4096,132,32,0.000328665,27.99163890283419
1,4096,132,36,0.000317284,28.99570101234226
1,4096,132,40,0.000323522,28.43661945710029
1,4096,132,44,0.000311156,29.56675108305802
1,4096,132,48,0.000305686,30.09582381921318
1,4096,132,52,0.000309089,29.764475604114025
1,4096,132,56,0.000306975,29.969450280967504
1,4096,132,60,0.000309434,29.731290032769508
1,4096,132,64,0.000311232,29.559531153608884
1,4096,136,8,0.000534846,18.812562868564036
1,4096,136,12,0.000462354,21.762164921250815
1,4096,136,16,0.000399603,25.17955070407379
1,4096,136,20,0.000368223,27.325354472697253
1,4096,136,24,0.000369185,27.254151712556034
1,4096,136,28,0.000359156,28.015191170410628
1,4096,136,32,0.000352414,28.551147230246244
1,4096,136,36,0.000341126,29.49591646488394
1,4096,136,40,0.000347144,28.9845827668057
1,4096,136,44,0.000347014,28.99544110612252
1,4096,136,48,0.000320191,31.42444353526489
1,4096,136,52,0.000321644,31.282486227008743
1,4096,136,56,0.000328686,30.612268243855834
1,4096,136,60,0.000331078,30.391098170219706
1,4096,136,64,0.000337592,29.80468731486528
1,4096,136,68,0.000314523,31.990741535595173
1,4096,140,8,0.000587964,18.667809593784657
1,4096,140,12,0.000491712,22.3220096316543
1,4096,140,16,0.000433997,25.290497399751615
1,4096,140,20,0.000401405,27.34395436030941
1,4096,140,24,0.000400884,27.379491324173575
1,4096,140,28,0.000391853,28.010503938977116
1,4096,140,32,0.000381992,28.733586043686778
1,4096,140,36,0.000373597,29.379250904049016
1,4096,140,40,0.000371874,29.51537348671862
1,4096,140,44,0.000375293,29.246482081999932
1,4096,140,48,0.00035495,30.922665164107624
1,4096,140,52,0.000354872,30.929461890484454
1,4096,140,56,0.000359113,30.56419567100049
1,4096,140,60,0.000360903,30.41260394067104
1,4096,140,64,0.000366911,29.91461144528237
1,4096,140,68,0.000365564,30.024838332002055
1,4096,144,8,0.000636111,18.77649655484656
1,4096,144,12,0.000528098,22.616893076663803
1,4096,144,16,0.000460711,25.925007217105737
1,4096,144,20,0.000446635,26.742051115564163
1,4096,144,24,0.00042718,27.95996067231612
1,4096,144,28,0.000432093,27.642049281057552
1,4096,144,32,0.000404822,29.50416726363686
1,4096,144,36,0.000389251,30.68440671957169
1,4096,144,40,0.000389317,30.67920486390268
1,4096,144,44,0.000393366,30.363417275514408
1,4096,144,48,0.000370511,32.23638704383945
1,4096,144,52,0.000381842,31.279785880023674
1,4096,144,56,0.000373345,31.99168597409902
1,4096,144,60,0.000380279,31.40835018499575
1,4096,144,64,0.000384383,31.073007911380053
1,4096,144,68,0.000384677,31.04925950862672
1,4096,144,72,0.000368923,32.37514603318308
1,4096,148,8,0.000704994,18.393302638036637
1,4096,148,12,0.000592897,21.870861211981172
1,4096,148,16,0.000535634,24.209008390057388
1,4096,148,20,0.000487286,26.611000521254457
1,4096,148,24,0.00048907,26.513930521193288
1,4096,148,28,0.000471926,27.4771214131029
1,4096,148,32,0.000440928,29.408810508745194
1,4096,148,36,0.000445371,29.11542960812446
1,4096,148,40,0.000426865,30.377679125718902
1,4096,148,44,0.000430491,30.121809747474394
1,4096,148,48,0.000426828,30.380312444356978
1,4096,148,52,0.000414374,31.293391959920264
1,4096,148,56,0.000411551,31.508046390362313
1,4096,148,60,0.000414809,31.260575349136595
1,4096,148,64,0.000416551,31.129844844928954
1,4096,148,68,0.000414494,31.284332221938072
1,4096,148,72,0.000427198,30.35399978464319
1,4096,152,8,0.000738341,19.0253988333304
1,4096,152,12,0.000629829,22.303247389370767
1,4096,152,16,0.000546648,25.69703355724342
1,4096,152,20,0.000512982,27.38347934235509
1,4096,152,24,0.000514969,27.277820606677295
1,4096,152,28,0.000492693,28.511125589362948
1,4096,152,32,0.000465399,30.183201940700343
1,4096,152,36,0.00047769,29.40658586112332
1,4096,152,40,0.000449605,31.243495957562747
1,4096,152,44,0.000448119,31.347101997460495
1,4096,152,48,0.000450886,31.15473090759083
1,4096,152,52,0.000431463,32.55721116295024
1,4096,152,56,0.00043539,32.263561404717606
1,4096,152,60,0.000435807,32.23269015871705
1,4096,152,64,0.00043858,32.02889324638607
1,4096,152,68,0.000440979,31.854650674975453
1,4096,152,72,0.000447435,31.395022740733292
1,4096,152,76,0.000428489,32.78317996494659
1,4096,156,8,0.000816528,18.597848451002292
1,4096,156,12,0.000671227,22.62373831803548
1,4096,156,16,0.000589947,25.74072586181471
1,4096,156,20,0.000550499,27.585270817930642
1,4096,156,24,0.00056032,27.101770416904625
1,4096,156,28,0.000535346,28.366073530016102
1,4096,156,32,0.000505341,30.05033037097722
1,4096,156,36,0.000507725,29.909230390467282
1,4096,156,40,0.000492149,30.85582618272109
1,4096,156,44,0.000506526,29.980028665853283
1,4096,156,48,0.000487493,31.150527289622623
1,4096,156,52,0.000471559,32.20310501973242
1,4096,156,56,0.000476962,31.838309970186305
1,4096,156,60,0.000476328,31.88068725752003
1,4096,156,64,0.000476937,31.839978865133133
1,4096,156,68,0.000479972,31.63864558765928
1,4096,156,72,0.000484577,31.337979309789777
1,4096,156,76,0.00048798,31.11943932128366
1,4096,160,8,0.000853759,19.19042727514439
1,4096,160,12,0.000726831,22.54169125972888
1,4096,160,16,0.000626902,26.134866374648666
1,4096,160,20,0.000575928,28.448000444500007
1,4096,160,24,0.000586617,27.92963722496961
1,4096,160,28,0.000569902,28.748802425680207
1,4096,160,32,0.000531347,30.834840509121154
1,4096,160,36,0.000534369,30.66046121687448
1,4096,160,40,0.000514566,31.840424746291045
1,4096,160,44,0.000529933,30.917115937297734
1,4096,160,48,0.000511902,32.00612617258773
1,4096,160,52,0.000523707,31.284668717431693
1,4096,160,56,0.000493611,33.19212902467733
1,4096,160,60,0.000501707,32.65651067256387
1,4096,160,64,0.000501835,32.64818117508743
1,4096,160,68,0.000505366,32.42006783202669
1,4096,160,72,0.000504308,32.48808267963229
1,4096,160,76,0.000508248,32.236231131258755
1,4096,160,80,0.000501371,32.67839583861053
1,4096,164,8,0.000935624,18.857763375030995
1,4096,164,12,0.000767673,22.983452589839683
1,4096,164,16,0.000693964,25.424627214091796
1,4096,164,20,0.000645329,27.340745573188247
1,4096,164,24,0.00062698,28.140891256499412
1,4096,164,28,0.000607619,29.037564658116352
1,4096,164,32,0.000601512,29.332375746452275
1,4096,164,36,0.000573314,30.775065670819135
1,4096,164,40,0.00058104,30.3658543301666
1,4096,164,44,0.000556864,31.684174232846797
1,4096,164,48,0.000553028,31.90394699725873
1,4096,164,52,0.000557401,31.65364970640526
1,4096,164,56,0.00053758,32.820744819375726
1,4096,164,60,0.000544894,32.38019871754874
1,4096,164,64,0.000537836,32.80512275117322
1,4096,164,68,0.000550657,32.04131791659781
1,4096,164,72,0.000549543,32.106270118989784
1,4096,164,76,0.00055299,31.906139351525347
1,4096,164,80,0.000557787,31.63174473410101
1,4096,168,8,0.000993222,19.095960419724896
1,4096,168,12,0.000817508,23.20041883382181
1,4096,168,16,0.000723943,26.198924500962093
1,4096,168,20,0.000689393,27.511924258006683
1,4096,168,24,0.000670563,28.28448333713611
1,4096,168,28,0.000638514,29.70416936825191
1,4096,168,32,0.00063159,30.029810478316627
1,4096,168,36,0.000610464,31.069036011951564
1,4096,168,40,0.000612869,30.947115941579682
1,4096,168,44,0.000596532,31.794653094888453
1,4096,168,48,0.000590863,32.09970500775984
1,4096,168,52,0.00059111,32.08629189152611
1,4096,168,56,0.000566747,33.46559928857144
1,4096,168,60,0.000572228,33.145054069356966
1,4096,168,64,0.000572471,33.13098480097682
1,4096,168,68,0.000577447,32.8454871182983
1,4096,168,72,0.000583741,32.491341194125475
1,4096,168,76,0.000585797,32.377304765985485
1,4096,168,80,0.000580694,32.66182877729062
1,4096,168,84,0.00056235,33.727265937583354
1,4096,172,8,0.00109277,18.625870036695737
1,4096,172,12,0.000896036,22.71537304304738
1,4096,172,16,0.000779389,26.115061926714386
1,4096,172,20,0.000742902,27.397680986186604
1,4096,172,24,0.000733541,27.747313374439877
1,4096,172,28,0.000717515,28.36706131579131
1,4096,172,32,0.000671301,30.319919082498014
1,4096,172,36,0.000659976,30.840200249706047
1,4096,172,40,0.000668102,30.465096646919186
1,4096,172,44,0.000634053,32.10108934111186
1,4096,172,48,0.000633591,32.12449671791424
1,4096,172,52,0.000628645,32.377243118135034
1,4096,172,56,0.000632217,32.19431302859619
1,4096,172,60,0.000612379,33.237246868360934
1,4096,172,64,0.000612835,33.21251560371062
1,4096,172,68,0.000613347,33.18479099107031
1,4096,172,72,0.000616404,33.020214015483354
1,4096,172,76,0.000624333,32.600858836550366
1,4096,172,80,0.000622413,32.7014249381038
1,4096,172,84,0.000635127,32.04680638675415
1,4096,176,8,0.00112543,19.37668624436882
1,4096,176,12,0.000935728,23.30496041584734
1,4096,176,16,0.000803835,27.1288311655999
1,4096,176,20,0.000757879,28.77385967944751
1,4096,176,24,0.00077238,28.233646650612393
1,4096,176,28,0.000745624,29.24678390180574
1,4096,176,32,0.000703637,30.991980239811152
1,4096,176,36,0.000689368,31.633472978148102
1,4096,176,40,0.000681446,32.00122093313337
1,4096,176,44,0.00066151,32.96564526613354
1,4096,176,48,0.000653582,33.36552108228195
1,4096,176,52,0.000659225,33.07991050096704
1,4096,176,56,0.000664997,32.7927855313633
1,4096,176,60,0.000642373,33.94772818907395
1,4096,176,64,0.000644619,33.82944654129028
1,4096,176,68,0.000644464,33.83758285955461
1,4096,176,72,0.000651386,33.47800536087666
1,4096,176,76,0.000658141,33.1343952131838
1,4096,176,80,0.000653564,33.36644001199576
1,4096,176,84,0.000657183,33.18269644832566
1,4096,176,88,0.000630957,34.561949546482566
1,4096,180,8,0.00121481,19.20300293873116
1,4096,180,12,0.00099057,23.550077228262513
1,4096,180,16,0.00089714,26.002630581626057
1,4096,180,20,0.000813501,28.67605571474405
1,4096,180,24,0.000824382,28.297561082119696
1,4096,180,28,0.000797213,29.261941287961942
1,4096,180,32,0.000770375,30.281356482232678
1,4096,180,36,0.000732915,31.829066126358445
1,4096,180,40,0.000736762,31.662870777808845
1,4096,180,44,0.000742042,31.437573614431525
1,4096,180,48,0.000712677,32.73292108486734
1,4096,180,52,0.000709594,32.875137050200536
1,4096,180,56,0.000716205,32.57167989611913
1,4096,180,60,0.000697642,33.438353768838454
1,4096,180,64,0.000688335,33.89047484146528
1,4096,180,68,0.000690882,33.765534490694506
1,4096,180,72,0.00069507,33.56208727178558
1,4096,180,76,0.000701183,33.269488849558535
1,4096,180,80,0.000693016,33.66156048345204
1,4096,180,84,0.000706091,33.038234448534254
1,4096,180,88,0.000707009,32.99533669302654
1,4096,184,8,0.00127512,19.54170274170274
1,4096,184,12,0.00106433,23.411926752041186
1,4096,184,16,0.000939495,26.52277659806598
1,4096,184,20,0.000882468,28.236736062950726
1,4096,184,24,0.000873186,28.53689362861979
1,4096,184,28,0.000834405,29.86321510537449
1,4096,184,32,0.000800005,31.147325329216695
1,4096,184,36,0.000799301,31.174758945628742
1,4096,184,40,0.000778627,32.00250697702494
1,4096,184,44,0.000778981,31.987963762915914
1,4096,184,48,0.000732217,34.03091706420365
1,4096,184,52,0.000753322,33.07751001563741
1,4096,184,56,0.000746836,33.36477620253979
1,4096,184,60,0.000749894,33.22871765876244
1,4096,184,64,0.000726494,34.2989976517356
1,4096,184,68,0.000723656,34.43350984445648
1,4096,184,72,0.000722866,34.471141262695994
1,4096,184,76,0.000728516,34.20380060286939
1,4096,184,80,0.000731321,34.072611069557695
1,4096,184,84,0.000733283,33.981445090094816
1,4096,184,88,0.000743234,33.52647483834163
1,4096,184,92,0.000715334,34.83409987502341
1,4096,188,8,0.0014251,18.65040207704722
1,4096,188,12,0.00114154,23.283185871717155
1,4096,188,16,0.000991758,26.799570056404892
1,4096,188,20,0.000938952,28.306759024955483
1,4096,188,24,0.000920511,28.87384072542316
1,4096,188,28,0.000897695,29.607704175694415
1,4096,188,32,0.000845089,31.4507560742123
1,4096,188,36,0.00085018,31.262424427768238
1,4096,188,40,0.000839965,31.642613680331916
1,4096,188,44,0.000827223,32.130015727319
1,4096,188,48,0.000793041,33.514897716511506
1,4096,188,52,0.000797725,33.31810837067912
1,4096,188,56,0.000797206,33.3397992488767
1,4096,188,60,0.000813894,32.65620338766473
1,4096,188,64,0.00078003,34.073930489852955
1,4096,188,68,0.000808563,32.87151155815935
1,4096,188,72,0.000778723,34.131119794843606
1,4096,188,76,0.000783372,33.92856522826958
1,4096,188,80,0.000784511,33.879305707631886
1,4096,188,84,0.000789973,33.64505875517265
1,4096,188,88,0.00080286,33.1050095907132
1,4096,188,92,0.000802134,33.13497246096039
1,4096,192,8,0.00149174,18.97887835681821
1,4096,192,12,0.00120932,23.411133529586877
1,4096,192,16,0.00105641,26.799776601887523
1,4096,192,20,0.000996649,28.406742995778853
1,4096,192,24,0.000971077,29.15479616961374
1,4096,192,28,0.000944518,29.974602919160883
1,4096,192,32,0.000887153,31.91281774395172
1,4096,192,36,0.000891166,31.76911147866952
1,4096,192,40,0.000857954,32.998916025800916
1,4096,192,44,0.000857132,33.03056238712357
1,4096,192,48,0.000820034,34.524851408600135
1,4096,192,52,0.00083262,34.002968941413855
1,4096,192,56,0.000839053,33.74226896274729
1,4096,192,60,0.000838804,33.75228539682691
1,4096,192,64,0.00081045,34.933126041088286
1,4096,192,68,0.000820092,34.522409680865074
1,4096,192,72,0.000811664,34.88087681602239
1,4096,192,76,0.000818182,34.60300031044437
1,4096,192,80,0.000824144,34.352676231338215
1,4096,192,84,0.000830072,34.10734490502029
1,4096,192,88,0.000830337,34.096459630246514
1,4096,192,92,0.000839412,33.727838058069224
1,4096,192,96,0.000809915,34.956201576708665
1,4096,196,8,0.00157411,19.13344302494743
1,4096,196,12,0.00130729,23.038609642848947
1,4096,196,16,0.0011375,26.47748923076923
1,4096,196,20,0.00106327,28.325960480404788
1,4096,196,24,0.00107604,27.989799635701278
1,4096,196,28,0.000994642,30.28038630984817
1,4096,196,32,0.000993088,30.32776954308178
1,4096,196,36,0.000949591,31.716964461541867
1,4096,196,40,0.000910064,33.094534010794845
1,4096,196,44,0.000931205,32.34319403353719
1,4096,196,48,0.000918475,32.79146846675195
1,4096,196,52,0.000895129,33.64670790467072
1,4096,196,56,0.000891436,33.78609793636335
1,4096,196,60,0.000909232,33.12481742833512
1,4096,196,64,0.000901667,33.40273515610531
1,4096,196,68,0.000867358,34.724005543270486
1,4096,196,72,0.000867907,34.70204065642978
1,4096,196,76,0.00088413,34.065289041204345
1,4096,196,80,0.000869488,34.638941538008574
1,4096,196,84,0.000883376,34.09436525330098
1,4096,196,88,0.000879553,34.24255729899165
1,4096,196,92,0.000905978,33.24379179185367
1,4096,196,96,0.000909416,33.118115361946565
1,4096,200,8,0.0016215,19.73481344434166
1,4096,200,12,0.00134318,23.82405932190771
1,4096,200,16,0.00120394,26.579397644400885
1,4096,200,20,0.00108825,29.405008040431884
1,4096,200,24,0.00110192,29.040220705677363
1,4096,200,28,0.00108034,29.620304718884796
1,4096,200,32,0.00102288,31.28421711246676
1,4096,200,36,0.000986487,32.4383392786727
1,4096,200,40,0.000946044,33.825065218953874
1,4096,200,44,0.000961553,33.279496814008176
1,4096,200,48,0.000949749,33.6931126013294
1,4096,200,52,0.000937152,34.146008331626035
1,4096,200,56,0.000936115,34.18383425113368
1,4096,200,60,0.000924016,34.631434953507295
1,4096,200,64,0.000937732,34.12488856091079
1,4096,200,68,0.000911393,35.111088191372986
1,4096,200,72,0.000904808,35.366619216452555
1,4096,200,76,0.000909366,35.18935170217492
1,4096,200,80,0.000913512,35.0296438360963
1,4096,200,84,0.00092223,34.698502542749644
1,4096,200,88,0.000922074,34.70437296789628
1,4096,200,92,0.000930983,34.372271029653604
1,4096,200,96,0.000924888,34.59878385274757
1,4096,200,100,0.000902638,35.451642851287005
1,4096,204,8,0.00173137,19.613748649913074
1,4096,204,12,0.00143719,23.62850840876989
1,4096,204,16,0.00127141,26.70944541886567
1,4096,204,20,0.00120557,28.168132916379804
1,4096,204,24,0.00117741,28.841827400820442
1,4096,204,28,0.0011406,29.772624934245133
1,4096,204,32,0.00107588,31.563609324459975
1,4096,204,36,0.00106431,31.90673394029935
1,4096,204,40,0.00105745,32.11372263463994
1,4096,204,44,0.0010404,32.64
1,4096,204,48,0.00100777,33.69683161832561
1,4096,204,52,0.000989508,34.31872809517457
1,4096,204,56,0.000995363,34.11685586062572
1,4096,204,60,0.00100363,33.83583193009376
1,4096,204,64,0.000996328,34.08381175677086
1,4096,204,68,0.00096498,35.19104644655848
1,4096,204,72,0.000969034,35.04382302375355
1,4096,204,76,0.000976872,34.76264648797386
1,4096,204,80,0.000970331,34.99698144241501
1,4096,204,84,0.000985363,34.46309228172765
1,4096,204,88,0.000986663,34.41768466031461
1,4096,204,92,0.00100708,33.71991897366644
1,4096,204,96,0.0009869,34.40941939406222
1,4096,204,100,0.000998866,33.997208834818686
1,4096,208,8,0.00179291,20.076661962954077
1,4096,208,12,0.00152923,23.538413449906162
1,4096,208,16,0.00130068,27.674484116000862
1,4096,208,20,0.00123698,29.099620042361238
1,4096,208,24,0.00120883,29.77726231149128
1,4096,208,28,0.00117928,30.523410894783257
1,4096,208,32,0.00112637,31.9572147695695
1,4096,208,36,0.00108755,33.097924693117555
1,4096,208,40,0.00108657,33.12777639728687
1,4096,208,44,0.00107335,33.53579727022872
1,4096,208,48,0.00107038,33.62884956744334
1,4096,208,52,0.00102622,35.07595642259944
1,4096,208,56,0.00102532,35.10674521125112
1,4096,208,60,0.00103692,34.71400686648922
1,4096,208,64,0.00103495,34.78008406203198
1,4096,208,68,0.00104065,34.58958151155528
1,4096,208,72,0.00101798,35.35987740427121
1,4096,208,76,0.00101476,35.4720800977571
1,4096,208,80,0.00101023,35.63114142324025
1,4096,208,84,0.00101367,35.51022324819714
1,4096,208,88,0.00101476,35.4720800977571
1,4096,208,92,0.00103831,34.66753474395893
1,4096,208,96,0.0010375,34.694600481927715
1,4096,208,100,0.00104588,34.41661376066088
1,4096,208,104,0.00100716,35.739751380118356
1,4096,212,8,0.00191637,19.88786716552649
1,4096,212,12,0.00159313,23.923039551072417
1,4096,212,16,0.00142409,26.76271303077755
1,4096,212,20,0.0013099,29.09574165966868
1,4096,212,24,0.00130214,29.26913542322638
1,4096,212,28,0.00127033,30.002056158635945
1,4096,212,32,0.00118222,32.23808766557831
1,4096,212,36,0.00115343,33.04276115585688
1,4096,212,40,0.00118011,32.29572836430502
1,4096,212,44,0.00113773,33.49873168502193
1,4096,212,48,0.0011161,34.14793656482394
1,4096,212,52,0.00113826,33.48313390613744
1,4096,212,56,0.00111702,34.119811641689495
1,4096,212,60,0.00110503,34.490024705211624
1,4096,212,64,0.00109643,34.760551973222185
1,4096,212,68,0.00110201,34.58454278999283
1,4096,212,72,0.00108457,35.14066588601935
1,4096,212,76,0.00108929,34.988397947286764
1,4096,212,80,0.00107561,35.43339314435529
1,4096,212,84,0.00108254,35.206562344116605
1,4096,212,88,0.00108969,34.97555451550441
1,4096,212,92,0.0011069,34.43175715963502
1,4096,212,96,0.00109181,34.907641439444596
1,4096,212,100,0.00110713,34.424604156693434
1,4096,212,104,0.00110331,34.54379276903137
1,4096,216,8,0.00207732,19.405187453064524
1,4096,216,12,0.00164887,24.447521029553574
1,4096,216,16,0.00148241,27.192736152616348
1,4096,216,20,0.00135498,29.75009520435726
1,4096,216,24,0.00133947,30.09457770610764
1,4096,216,28,0.00129935,31.02380728825952
1,4096,216,32,0.00123839,32.55096052132204
1,4096,216,36,0.00120929,33.334257291468546
1,4096,216,40,0.00119381,33.76649885660197
1,4096,216,44,0.00116977,34.4604358121682
1,4096,216,48,0.00117324,34.3585148818656
1,4096,216,52,0.0011678,34.518568247987666
1,4096,216,56,0.00114328,35.25889021062207
1,4096,216,60,0.00114166,35.30892209589545
1,4096,216,64,0.0011458,35.18134403909932
1,4096,216,68,0.00114493,35.20807734970697
1,4096,216,72,0.00111147,36.267991038894436
1,4096,216,76,0.00111839,36.04358408068742
1,4096,216,80,0.00111781,36.062286077240316
1,4096,216,84,0.00112004,35.99048605406949
1,4096,216,88,0.00112739,35.75584669014272
1,4096,216,92,0.00112552,35.81525339398678
1,4096,216,96,0.00113018,35.66757861579571
1,4096,216,100,0.00114395,35.23823943354168
1,4096,216,104,0.00115204,34.99078504218603
1,4096,216,108,0.00112441,35.8506096530625
1,4096,220,8,0.00218726,19.47276501193274
1,4096,220,12,0.0017708,24.052405692342443
1,4096,220,16,0.00155003,27.47817784171919
1,4096,220,20,0.00144152,29.54658971086076
1,4096,220,24,0.00150288,28.340253380176726
1,4096,220,28,0.00139252,30.586275242007297
1,4096,220,32,0.0013112,32.48322147651007
1,4096,220,36,0.00131652,32.351958192811345
1,4096,220,40,0.00127877,33.307005951031066
1,4096,220,44,0.00124203,34.29224736922618
1,4096,220,48,0.00123105,34.59810730677064
1,4096,220,52,0.00125225,34.01237772010381
1,4096,220,56,0.00121112,35.167448312305964
1,4096,220,60,0.00121194,35.143653976269455
1,4096,220,64,0.00121509,35.05254754791826
1,4096,220,68,0.00121388,35.087488054832434
1,4096,220,72,0.00122163,34.86489362572956
1,4096,220,76,0.00120363,35.38628980666816
1,4096,220,80,0.0011902,35.785582255083185
1,4096,220,84,0.00119468,35.65138781933238
1,4096,220,88,0.00119304,35.700395627975595
1,4096,220,92,0.001213,35.11294311624072
1,4096,220,96,0.00119802,35.551994123637336
1,4096,220,100,0.00120717,35.28252027469205
1,4096,220,104,0.00121982,34.916627043334266
1,4096,220,108,0.00123623,34.453135743348724
1,4096,224,8,0.00225115,19.97099082691069
1,4096,224,12,0.00186241,24.139526742231837
1,4096,224,16,0.00161567,27.826038733157144
1,4096,224,20,0.00153247,29.336754389971745
1,4096,224,24,0.00151704,29.635142118863048
1,4096,224,28,0.00145217,30.958975877479908
1,4096,224,32,0.00136991,32.817992422859895
1,4096,224,36,0.00138025,32.57213982974099
1,4096,224,40,0.00133724,33.61976608536987
1,4096,224,44,0.00135767,33.11386124757857
1,4096,224,48,0.00128372,35.02141900102826
1,4096,224,52,0.00129564,34.69921891883548
1,4096,224,56,0.00125485,35.82714746782484
1,4096,224,60,0.00125864,35.71926523867031
1,4096,224,64,0.00125818,35.73232446867698
1,4096,224,68,0.00126747,35.47042217961767
1,4096,224,72,0.00127285,35.32049809482657
1,4096,224,76,0.00124208,36.19549143372407
1,4096,224,80,0.00123858,36.297773256471125
1,4096,224,84,0.00123182,36.49696871296131
1,4096,224,88,0.00124184,36.20248663273852
1,4096,224,92,0.00124645,36.06859160014441
1,4096,224,96,0.00125129,35.929077991512756
1,4096,224,100,0.00125361,35.86258565263518
1,4096,224,104,0.00125645,35.78152413546102
1,4096,224,108,0.00127278,35.32244064174484
1,4096,224,112,0.0012303,36.54205966024547
1,4096,228,8,0.00235709,20.113533212562945
1,4096,228,12,0.00194695,24.350603764862992
1,4096,228,16,0.00173844,27.27123628080348
1,4096,228,20,0.0016118,29.413952103238614
1,4096,228,24,0.00161248,29.40154792617583
1,4096,228,28,0.00156135,30.364369295801712
1,4096,228,32,0.00148487,31.92832234471705
1,4096,228,36,0.00143582,33.019046955746546
1,4096,228,40,0.00140441,33.75752664820102
1,4096,228,44,0.00140493,33.74503213683244
1,4096,228,48,0.00136591,34.70902768117958
1,4096,228,52,0.00136455,34.74362097394746
1,4096,228,56,0.0013662,34.701660079051386
1,4096,228,60,0.00133064,35.62902663380028
1,4096,228,64,0.00134232,35.31900590023244
1,4096,228,68,0.00134403,35.274069775228234
1,4096,228,72,0.00134206,35.325848322727744
1,4096,228,76,0.00131299,36.1079734042148
1,4096,228,80,0.00129998,36.469336451330015
1,4096,228,84,0.00132716,35.722450947888724
1,4096,228,88,0.00131831,35.962260773262734
1,4096,228,92,0.00132777,35.70603944960347
1,4096,228,96,0.00132033,35.90724137147531
1,4096,228,100,0.00134232,35.31900590023244
1,4096,228,104,0.00133148,35.60654910325353
1,4096,228,108,0.0013567,34.944650991376136
1,4096,228,112,0.00135134,35.08325661935561
1,4096,232,8,0.00244644,20.41688003793267
1,4096,232,12,0.00205613,24.292565158817776
1,4096,232,16,0.00180266,27.70831548933243
1,4096,232,20,0.00167553,29.8106700566388
1,4096,232,24,0.00164742,30.319330832453172
1,4096,232,28,0.00161923,30.84717550934704
1,4096,232,32,0.00153902,32.454855687385475
1,4096,232,36,0.00149255,33.46532578473083
1,4096,232,40,0.00147144,33.945435763605715
1,4096,232,44,0.00146888,34.00459669952617
1,4096,232,48,0.00141428,35.31738552479
1,4096,232,52,0.00142259,35.1110804940285
1,4096,232,56,0.00141674,35.256061098013745
1,4096,232,60,0.00139668,35.762430907580836
1,4096,232,64,0.00139116,35.90433307455649
1,4096,232,68,0.00138585,36.041903524912506
1,4096,232,72,0.00138372,36.09738386378748
1,4096,232,76,0.00139955,35.68909435175592
1,4096,232,80,0.00136394,36.62087188586008
1,4096,232,84,0.00135525,36.8556886183361
1,4096,232,88,0.00136017,36.722374409081226
1,4096,232,92,0.0013722,36.40043142399067
1,4096,232,96,0.00136937,36.47565814936796
1,4096,232,100,0.00139673,35.76115068767764
1,4096,232,104,0.00139756,35.739912418787036
1,4096,232,108,0.00138458,36.074962804605
1,4096,232,112,0.0013911,35.905881676371216
1,4096,232,116,0.00135961,36.73749972418561
1,4096,236,8,0.00264982,19.841734155527543
1,4096,236,12,0.00218883,24.020606442711404
1,4096,236,16,0.00187908,27.980194563296934
1,4096,236,20,0.00178819,29.402369994239987
1,4096,236,24,0.00173487,30.306030999440885
1,4096,236,28,0.00170674,30.805526325040724
1,4096,236,32,0.00162406,32.373818701279504
1,4096,236,36,0.00162134,32.42812981854515
1,4096,236,40,0.00156664,33.56037379359648
1,4096,236,44,0.00154633,34.00116663325422
1,4096,236,48,0.00148671,35.36468040169233
1,4096,236,52,0.00151985,34.59356120669803
1,4096,236,56,0.00150242,34.994890909332945
1,4096,236,60,0.00146501,35.88850861086272
1,4096,236,64,0.00146222,35.95698595286619
1,4096,236,68,0.00147071,35.74941626833298
1,4096,236,72,0.00145298,36.18564880452587
1,4096,236,76,0.00148533,35.397537247615006
1,4096,236,80,0.00143561,36.623472948781355
1,4096,236,84,0.00143696,36.58906580558958
1,4096,236,88,0.00143945,36.52577303831324
1,4096,236,92,0.00145804,36.060069682587574
1,4096,236,96,0.00145147,36.22329362646145
1,4096,236,100,0.00147355,35.68051576125683
1,4096,236,104,0.00147238,35.70886863445578
1,4096,236,108,0.00146964,35.775444326501734
1,4096,236,112,0.00147348,35.68221082064229
1,4096,236,116,0.0015012,35.023330668798295
1,4096,240,8,0.00271286,20.38291692162515
1,4096,240,12,0.00223249,24.76875596307262
1,4096,240,16,0.00195176,28.331352215436322
1,4096,240,20,0.00181789,30.417682037967094
1,4096,240,24,0.00179933,30.73143892448856
1,4096,240,28,0.00174256,31.73262326691764
1,4096,240,32,0.0016789,32.935850854726304
1,4096,240,36,0.00166403,33.230170129144305
1,4096,240,40,0.0016004,34.55136215946013
1,4096,240,44,0.00160269,34.501993523388805
1,4096,240,48,0.0015567,35.52129504721526
1,4096,240,52,0.00154752,35.73200992555831
1,4096,240,56,0.00154249,35.84853062256481
1,4096,240,60,0.00151075,36.60168790335926
1,4096,240,64,0.00150189,36.81760981163734
1,4096,240,68,0.00150348,36.77867347753213
1,4096,240,72,0.00152869,36.1721473941741
1,4096,240,76,0.00153789,35.955757563934995
1,4096,240,80,0.0014902,37.10642866729298
1,4096,240,84,0.00149162,37.071103900457224
1,4096,240,88,0.00148035,37.35332860472185
1,4096,240,92,0.00151829,36.41991977817149
1,4096,240,96,0.00149446,37.00065575525608
1,4096,240,100,0.00150328,36.78356660103241
1,4096,240,104,0.0015099,36.62229286707729
1,4096,240,108,0.00152644,36.22546578968056
1,4096,240,112,0.00152359,36.293228493229805
1,4096,240,116,0.00153026,36.13503587625632
1,4096,240,120,0.00149111,37.083783221895104
1,4096,244,8,0.00288772,20.12215034698655
1,4096,244,12,0.00237837,24.43149552004104
1,4096,244,16,0.00212842,27.30059668674416
1,4096,244,20,0.00195724,29.68830393819869
1,4096,244,24,0.00196176,29.61990049751244
1,4096,244,28,0.00184199,31.545847697327346
1,4096,244,32,0.00175866,33.04057407344228
1,4096,244,36,0.00174272,33.342783694454646
1,4096,244,40,0.00175099,33.185304313559755
1,4096,244,44,0.00168981,34.38678668015931
1,4096,244,48,0.00168247,34.53680362799931
1,4096,244,52,0.00163306,35.581752048301965
1,4096,244,56,0.00165647,35.07889427517552
1,4096,244,60,0.00166873,34.82117298784105
1,4096,244,64,0.00159193,36.50106223263586
1,4096,244,68,0.00159718,36.38108165641944
1,4096,244,72,0.00160169,36.27864068577565
1,4096,244,76,0.00160019,36.312647873065075
1,4096,244,80,0.00161028,36.08511314802395
1,4096,244,84,0.00157793,36.82491365269689
1,4096,244,88,0.00158037,36.76805811297354
1,4096,244,92,0.00159281,36.480896026519176
1,4096,244,96,0.00157118,36.98311842055016
1,4096,244,100,0.0015925,36.48799748822606
1,4096,244,104,0.00161071,36.075479757374076
1,4096,244,108,0.00160499,36.20404862335591
1,4096,244,112,0.00160745,36.148642881582624
1,4096,244,116,0.00161188,36.049293992108595
1,4096,244,120,0.00162145,35.836526565728214
1,4096,248,8,0.00299035,20.402952162790307
1,4096,248,12,0.0024419,24.985449035587045
1,4096,248,16,0.00216706,28.15425876533183
1,4096,248,20,0.00206269,29.57883540425367
1,4096,248,24,0.00201915,30.216659485427037
1,4096,248,28,0.00192256,31.734753661784286
1,4096,248,32,0.00181547,33.60670680319697
1,4096,248,36,0.00180103,33.876153090176174
1,4096,248,40,0.00177651,34.34372336772661
1,4096,248,44,0.00176264,34.61396995415967
1,4096,248,48,0.00175928,34.680078213814745
1,4096,248,52,0.00168201,36.27324926724574
1,4096,248,56,0.00169693,35.95432221718044
1,4096,248,60,0.0016871,36.163812459249606
1,4096,248,64,0.00165553,36.853435455715086
1,4096,248,68,0.00166339,36.679292288639466
1,4096,248,72,0.00166011,36.751762232623136
1,4096,248,76,0.00167459,36.4339736890821
1,4096,248,80,0.00168799,36.14474493332306
1,4096,248,84,0.00163521,37.31139608979887
1,4096,248,88,0.00163998,37.2028732057708
1,4096,248,92,0.0016302,37.42606305974727
1,4096,248,96,0.00164481,37.09362661948797
1,4096,248,100,0.00165075,36.96015023474178
1,4096,248,104,0.00164018,37.19833676791572
1,4096,248,108,0.00165096,36.95544895091341
1,4096,248,112,0.00165828,36.79231975299708
1,4096,248,116,0.00166944,36.54636764423999
1,4096,248,120,0.00168871,36.12933422553311
1,4096,248,124,0.00163605,37.29223923474222
1,4096,252,8,0.00316894,20.19982454700941
1,4096,252,12,0.00256032,25.001574803149605
1,4096,252,16,0.00227544,28.13171606370636
1,4096,252,20,0.00213676,29.957520732323704
1,4096,252,24,0.00212779,30.083810902391683
1,4096,252,28,0.00204007,31.377370384349557
1,4096,252,32,0.00193466,33.086967219046244
1,4096,252,36,0.00188617,33.93757296532126
1,4096,252,40,0.00189548,33.77088230949417
1,4096,252,44,0.00184728,34.65204625178641
1,4096,252,48,0.00181459,35.27630594238919
1,4096,252,52,0.00176922,36.18093397090244
1,4096,252,56,0.00178482,35.86469896123979
1,4096,252,60,0.00181274,35.31230733585622
1,4096,252,64,0.00175513,36.4713907231943
1,4096,252,68,0.00173894,36.81094919893729
1,4096,252,72,0.00176948,36.175617695594184
1,4096,252,76,0.00177617,36.03936109719227
1,4096,252,80,0.00175981,36.3743995090379
1,4096,252,84,0.00171516,37.32131812775484
1,4096,252,88,0.00172834,37.03671268384692
1,4096,252,92,0.00172807,37.042499435786745
1,4096,252,96,0.00172699,37.0656645377217
1,4096,252,100,0.00173506,36.893267091627955
1,4096,252,104,0.00175123,36.55261273504908
1,4096,252,108,0.0017632,36.30446460980036
1,4096,252,112,0.00176364,36.29540722596448
1,4096,252,116,0.00175153,36.54635204649649
1,4096,252,120,0.00176645,36.23766990291262
1,4096,252,124,0.00177751,36.01219233647068
1,4096,256,8,0.00348554,19.253505626100974
1,4096,256,12,0.00291047,23.05774118956732
1,4096,256,16,0.00247618,27.101771276724634
1,4096,256,20,0.00233839,28.698747428786472
1,4096,256,24,0.00225835,29.715882834813026
1,4096,256,28,0.00221637,30.27872782973962
1,4096,256,32,0.00202893,33.075987835952944
1,4096,256,36,0.00206303,32.52927199313631
1,4096,256,40,0.00199542,33.63144801595654
1,4096,256,44,0.00195737,34.28522149619132
1,4096,256,48,0.0019344,34.69234077750207
1,4096,256,52,0.00189227,35.46474023263065
1,4096,256,56,0.00187502,35.7910123625348
1,4096,256,60,0.0018902,35.503578457306105
1,4096,256,64,0.0018175,36.92372159559835
1,4096,256,68,0.00181974,36.87827052216251
1,4096,256,72,0.00184422,36.38875188426543
1,4096,256,76,0.00185308,36.21476892524877
1,4096,256,80,0.00183648,36.54211535110647
1,4096,256,84,0.00185298,36.21672333214606
1,4096,256,88,0.00178336,37.63057599138705
1,4096,256,92,0.00179963,37.29036746442324
1,4096,256,96,0.00179697,37.34556726044397
1,4096,256,100,0.00180295,37.2216999916803
1,4096,256,104,0.00182099,36.85295580975184
1,4096,256,108,0.0018263,36.74580517987187
1,4096,256,112,0.00183758,36.520240751423074
1,4096,256,116,0.00183279,36.615686467080245
1,4096,256,120,0.00184488,36.37573392307358
1,4096,256,124,0.00186837,35.918401601395864
1,4096,256,128,0.00183391,36.59332464515707
1,4096,260,8,0.00342141,20.54825349782692
1,4096,260,12,0.00282018,24.928905247182804
1,4096,260,16,0.00250118,28.10833286688683
1,4096,260,20,0.00228464,30.77246305763709
1,4096,260,24,0.00228287,30.796322173404526
1,4096,260,28,0.00224455,31.32209128778597
1,4096,260,32,0.00213935,32.86231799378316
1,4096,260,36,0.00209624,33.53814448727245
1,4096,260,40,0.00203941,34.47271514800849
1,4096,260,44,0.0020049,35.06608808419372
1,4096,260,48,0.00199008,35.32722302621
1,4096,260,52,0.00194373,36.16963261358316
1,4096,260,56,0.00196682,35.74500971110727
1,4096,260,60,0.00196884,35.70833587289978
1,4096,260,64,0.00195475,35.96572451720169
1,4096,260,68,0.00190793,36.848312044991175
1,4096,260,72,0.00191452,36.72147587907152
1,4096,260,76,0.0019265,36.49312224240851
1,4096,260,80,0.00192651,36.49293281633627
1,4096,260,84,0.00193692,36.296801106912
1,4096,260,88,0.00188732,37.25070470296505
1,4096,260,92,0.00189229,37.152867689413355
1,4096,260,96,0.00190022,36.997821304901535
1,4096,260,100,0.00191468,36.71840725343138
1,4096,260,104,0.0019141,36.72953346220156
1,4096,260,108,0.00190991,36.81011147122116
1,4096,260,112,0.00191479,36.716297870784786
1,4096,260,116,0.0019394,36.25038671754151
1,4096,260,120,0.00192782,36.46813499185609
1,4096,260,124,0.0019583,35.90052596639943
1,4096,260,128,0.00198032,35.501333117879945
1,4096,264,8,0.00353613,20.813424845806008
1,4096,264,12,0.00292786,25.137464223016128
1,4096,264,16,0.00260072,28.299461687532684
1,4096,264,20,0.00242745,30.319461162948777
1,4096,264,24,0.00236484,31.12217993606333
1,4096,264,28,0.00230796,31.88919045390735
1,4096,264,32,0.00221254,33.26447250671175
1,4096,264,36,0.0021652,33.99176796600776
1,4096,264,40,0.00210729,34.92588870065345
1,4096,264,44,0.00207223,35.5167988109428
1,4096,264,48,0.00205899,35.74518380370959
1,4096,264,52,0.00212387,34.65323960506058
1,4096,264,56,0.00201331,36.55620644610119
1,4096,264,60,0.00204395,36.00820763717312
1,4096,264,64,0.00202953,36.26404931190965
1,4096,264,68,0.00196768,37.40393559928444
1,4096,264,72,0.0019673,37.411160473745745
1,4096,264,76,0.00200329,36.73905225903389
1,4096,264,80,0.00198168,37.13968753784667
1,4096,264,84,0.00200721,36.667302374938345
1,4096,264,88,0.00193732,37.9900976606859
1,4096,264,92,0.00194156,37.90713446918973
1,4096,264,96,0.00194134,37.91143024920931
1,4096,264,100,0.00194912,37.76010507305861
1,4096,264,104,0.00195848,37.579641354519836
1,4096,264,108,0.0019889,37.00486500075419
1,4096,264,112,0.00196806,37.396713514831866
1,4096,264,116,0.00197774,37.213676216287276
1,4096,264,120,0.00199185,36.95005949243166
1,4096,264,124,0.00199755,36.844622662761886
1,4096,264,128,0.0020265,36.318270910436716
1,4096,264,132,0.0019832,37.11122226704316
1,4096,268,8,0.0037291,20.64716097717948
1,4096,268,12,0.00306672,25.106735535034172
1,4096,268,16,0.00270114,28.504752808073633
1,4096,268,20,0.00252708,30.46810073286164
1,4096,268,24,0.00256825,29.97968577825368
1,4096,268,28,0.00242013,31.814542194014376
1,4096,268,32,0.00230531,33.39912115941023
1,4096,268,36,0.00227082,33.90639856967967
1,4096,268,40,0.00220714,34.88465978596736
1,4096,268,44,0.00223109,34.51018470792304
1,4096,268,48,0.00216811,35.5126483434881
1,4096,268,52,0.00217966,35.32446711872494
1,4096,268,56,0.00210622,36.556166022542754
1,4096,268,60,0.00213587,36.04869584759372
1,4096,268,64,0.00211304,36.438178169840604
1,4096,268,68,0.00207913,37.03247415986494
1,4096,268,72,0.00206259,37.32943920022883
1,4096,268,76,0.00210901,36.50780603221416
1,4096,268,80,0.00210087,36.64925864046799
1,4096,268,84,0.00210805,36.52443158369108
1,4096,268,88,0.00211445,36.4138797323181
1,4096,268,92,0.00205408,37.48409409565353
1,4096,268,96,0.00204538,37.64353225317545
1,4096,268,100,0.00205669,37.43652567961142
1,4096,268,104,0.00205691,37.43252159793088
1,4096,268,108,0.0020765,37.07937779918132
1,4096,268,112,0.0020689,37.21558702692252
1,4096,268,116,0.0021035,36.60343617779891
1,4096,268,120,0.0020997,36.669680430537696
1,4096,268,124,0.00209142,36.81485689148999
1,4096,268,128,0.00214253,35.93663939361409
1,4096,268,132,0.00212631,36.210772653093855
1,4096,272,8,0.00378386,21.273142240992005
1,4096,272,12,0.00314504,25.594139343219798
1,4096,272,16,0.00277498,29.00726924158012
1,4096,272,20,0.00261107,30.828201465299667
1,4096,272,24,0.00262287,30.68950882049053
1,4096,272,28,0.00250751,32.10140418183776
1,4096,272,32,0.00243021,33.12248406516309
1,4096,272,36,0.00235446,34.18813316004519
1,4096,272,40,0.00228185,35.276022525582306
1,4096,272,44,0.00233732,34.43884106583609
1,4096,272,48,0.00221124,36.402467393860455
1,4096,272,52,0.00224389,35.8727887730682
1,4096,272,56,0.00216506,37.178919752801306
1,4096,272,60,0.00218869,36.777520800113315
1,4096,272,64,0.00217943,36.933781768627576
1,4096,272,68,0.00213444,37.7122767564326
1,4096,272,72,0.00214213,37.576894026039504
1,4096,272,76,0.00219973,36.59294186104658
1,4096,272,80,0.00214099,37.5969023675963
1,4096,272,84,0.00214808,37.47280920636103
1,4096,272,88,0.00215589,37.33705894085505
1,4096,272,92,0.00210849,38.17641629791936
1,4096,272,96,0.00211071,38.136263153156996
1,4096,272,100,0.00212779,37.83013925246382
1,4096,272,104,0.00214598,37.5094791190971
1,4096,272,108,0.00213981,37.61763521060281
1,4096,272,112,0.00214049,37.605684679676145
1,4096,272,116,0.00214834,37.46827410931231
1,4096,272,120,0.00214944,37.44909930028287
1,4096,272,124,0.00218237,36.884026081736835
1,4096,272,128,0.0022057,36.493898535612274
1,4096,272,132,0.00218262,36.87980133967433
1,4096,272,136,0.00215376,37.373984102221236
1,4096,276,8,0.00404314,20.800245353858635
1,4096,276,12,0.00327731,25.660771791499737
1,4096,276,16,0.00297282,28.28906694653561
1,4096,276,20,0.0027325,30.777055443732845
1,4096,276,24,0.00275444,30.53190630400372
1,4096,276,28,0.00262142,32.0812017913955
1,4096,276,32,0.00250607,33.55784315681525
1,4096,276,36,0.00246772,34.07935422171073
1,4096,276,40,0.00239962,35.04650903059651
1,4096,276,44,0.00244229,34.4342006886979
1,4096,276,48,0.00233503,36.01594155107215
1,4096,276,52,0.00234317,35.89082482278281
1,4096,276,56,0.00230645,36.46222723232674
1,4096,276,60,0.00230318,36.513995432402155
1,4096,276,64,0.00229744,36.60522320495856
1,4096,276,68,0.00232505,36.17053568740457
1,4096,276,72,0.00225962,37.217896814508634
1,4096,276,76,0.00231628,36.30748614157183
1,4096,276,80,0.00226352,37.15377111755142
1,4096,276,84,0.00226584,37.11572926596759
1,4096,276,88,0.00228255,36.84401393178682
1,4096,276,92,0.00224864,37.39962999857692
1,4096,276,96,0.0022146,37.97448929829314
1,4096,276,100,0.00222839,37.7394908431648
1,4096,276,104,0.00224989,37.378851410513406
1,4096,276,108,0.00225533,37.288691233655385
1,4096,276,112,0.00224123,37.523281412438706
1,4096,276,116,0.00225465,37.29993746257734
1,4096,276,120,0.00226468,37.13474044898176
1,4096,276,124,0.0022878,36.759464988198275
1,4096,276,128,0.00229829,36.5916851224171
1,4096,276,132,0.00229714,36.610003743785754
1,4096,276,136,0.00232545,36.16431400374121
1,4096,280,8,0.00418891,20.962016371800782
1,4096,280,12,0.00347253,25.28646260795443
1,4096,280,16,0.00306533,28.645529192615477
1,4096,280,20,0.00283753,30.945223486623927
1,4096,280,24,0.0028581,30.722507959833454
1,4096,280,28,0.00272651,32.205273408129806
1,4096,280,32,0.00264301,33.22272711794507
1,4096,280,36,0.00257288,34.12829203072044
1,4096,280,40,0.00248758,35.29856326228704
1,4096,280,44,0.00248191,35.37920391956195
1,4096,280,48,0.00240429,36.52138469153056
1,4096,280,52,0.00243367,36.08048749419601
1,4096,280,56,0.00235254,37.32476387224021
1,4096,280,60,0.0023767,36.94534438507174
1,4096,280,64,0.00238012,36.89225753323362
1,4096,280,68,0.00237485,36.97412468155884
1,4096,280,72,0.00231377,37.95018519558988
1,4096,280,76,0.00237245,37.01152816708466
1,4096,280,80,0.00233751,37.56475908124457
1,4096,280,84,0.00235785,37.240706575906025
1,4096,280,88,0.00235613,37.267892688433996
1,4096,280,92,0.00236601,37.112269178913024
1,4096,280,96,0.00229458,38.267569664165116
1,4096,280,100,0.00229903,38.19349899740325
1,4096,280,104,0.00231359,37.953137764253825
1,4096,280,108,0.00232117,37.82919820607711
1,4096,280,112,0.00234216,37.49018000478191
1,4096,280,116,0.00233465,37.61077677596214
1,4096,280,120,0.00234724,37.40904210903018
1,4096,280,124,0.00235605,37.26915812482757
1,4096,280,128,0.00237843,36.91847142863149
1,4096,280,132,0.00238656,36.79270581925449
1,4096,280,136,0.00238497,36.81723459833876
1,4096,280,140,0.00233751,37.56475908124457
1,4096,284,8,0.00436371,20.997091007422586
1,4096,284,12,0.00359764,25.468144672618717
1,4096,284,16,0.00320753,28.565661427952346
1,4096,284,20,0.00300964,30.443912228705095
1,4096,284,24,0.00294876,31.07245621888523
1,4096,284,28,0.00292422,31.33321569512554
1,4096,284,32,0.0027128,33.77514597463875
1,4096,284,36,0.00266263,34.4115464784818
1,4096,284,40,0.00267118,34.30140087901227
1,4096,284,44,0.00261326,35.06165326067823
1,4096,284,48,0.00251664,36.40775637357747
1,4096,284,52,0.00254783,35.96206026304738
1,4096,284,56,0.00254723,35.97053112596821
1,4096,284,60,0.00247788,36.97726120716096
1,4096,284,64,0.00248736,36.83633088897466
1,4096,284,68,0.00251141,36.48357536204762
1,4096,284,72,0.00243422,37.64048278298593
1,4096,284,76,0.00244735,37.43854209655341
1,4096,284,80,0.00244261,37.51119335464933
1,4096,284,84,0.00248069,36.93537523834095
1,4096,284,88,0.00248092,36.93195105041678
1,4096,284,92,0.00247995,36.946396499929435
1,4096,284,96,0.00243234,37.66957579943593
1,4096,284,100,0.00243322,37.65595219503375
1,4096,284,104,0.00241669,37.91351642122076
1,4096,284,108,0.00245477,37.32537712290764
1,4096,284,112,0.00244946,37.40629199905285
1,4096,284,116,0.00248261,36.906810171553325
1,4096,284,120,0.00243796,37.58273966759094
1,4096,284,124,0.0024607,37.23542731743
1,4096,284,128,0.0024996,36.655951352216356
1,4096,284,132,0.00247722,36.987112973413744
1,4096,284,136,0.0024738,37.03824723098067
1,4096,284,140,0.002552,35.90329780564263
1,4096,288,8,0.00457891,20.86773664474733
1,4096,288,12,0.00374119,25.540399712390975
1,4096,288,16,0.00330411,28.91897908967922
1,4096,288,20,0.00312265,30.599486974204606
1,4096,288,24,0.00303698,31.462666201292077
1,4096,288,28,0.00298712,31.98783041859718
1,4096,288,32,0.002802,34.10117344753748
1,4096,288,36,0.00272163,35.1081844335931
1,4096,288,40,0.00273675,34.914218690052074
1,4096,288,44,0.00268522,35.58423071480176
1,4096,288,48,0.0025796,37.04120328733137
1,4096,288,52,0.00261508,36.538648148431406
1,4096,288,56,0.00258723,36.931965074616485
1,4096,288,60,0.00255423,37.40911664180594
1,4096,288,64,0.0025518,37.44474018339996
1,4096,288,68,0.00260989,36.61130852258141
1,4096,288,72,0.00248273,38.48645966335445
1,4096,288,76,0.00250781,38.10156590810309
1,4096,288,80,0.00249633,38.27678552114504
1,4096,288,84,0.00251039,38.06240783304586
1,4096,288,88,0.00252185,37.88944148145211
1,4096,288,92,0.00254232,37.58436703483433
1,4096,288,96,0.00245643,38.898518581844385
1,4096,288,100,0.00247144,38.66227300683003
1,4096,288,104,0.00251384,38.010170893931196
1,4096,288,108,0.00250581,38.131976486645044
1,4096,288,112,0.00254718,37.5126563493746
1,4096,288,116,0.00252069,37.90687787867608
1,4096,288,120,0.00251011,38.066653652628766
1,4096,288,124,0.0025338,37.71074591522614
1,4096,288,128,0.00253892,37.634698218139995
1,4096,288,132,0.0025392,37.63054820415879
1,4096,288,136,0.00255073,37.460447793376794
1,4096,288,140,0.00256077,37.31357677573542
1,4096,288,144,0.00249873,38.24002113073441
1,4096,292,8,0.00482883,20.623702221863265
1,4096,292,12,0.00396623,25.10907133474357
1,4096,292,16,0.00348046,28.613560276515177
1,4096,292,20,0.00323045,30.82801219644322
1,4096,292,24,0.00326263,30.523949084021176
1,4096,292,28,0.00311283,31.992865656010768
1,4096,292,32,0.00298378,33.376573339857494
1,4096,292,36,0.00293724,33.90541869237788
1,4096,292,40,0.00286477,34.763123043036614
1,4096,292,44,0.00281444,35.38478418442035
1,4096,292,48,0.0028218,35.292491317598696
1,4096,292,52,0.00277075,35.942741856897946
1,4096,292,56,0.00275092,36.20183502246521
1,4096,292,60,0.00273586,36.401114092095355
1,4096,292,64,0.00268691,37.06426787648265
1,4096,292,68,0.00270183,36.859592202322126
1,4096,292,72,0.00268097,37.14638806103761
1,4096,292,76,0.00263584,37.782396503581396
1,4096,292,80,0.00264757,37.61500243619621
1,4096,292,84,0.0026459,37.638743716693746
1,4096,292,88,0.00265223,37.548912424638885
1,4096,292,92,0.00266719,37.33830435776979
1,4096,292,96,0.00267244,37.26495337594108
1,4096,292,100,0.00260634,38.2100385981875
1,4096,292,104,0.00261248,38.12023517883391
1,4096,292,108,0.00264963,37.58575801149594
1,4096,292,112,0.00262336,37.962137106611365
1,4096,292,116,0.00264925,37.59114919316788
1,4096,292,120,0.00265178,37.555284375023575
1,4096,292,124,0.00265889,37.45485973470132
1,4096,292,128,0.00266856,37.319135413856166
1,4096,292,132,0.00266497,37.36940828602198
1,4096,292,136,0.0026824,37.12658514762899
1,4096,292,140,0.00268155,37.138353564169975
1,4096,292,144,0.00269921,36.89537012681488
1,4096,296,8,0.00492135,21.079042132748132
1,4096,296,12,0.00407583,25.451832878211313
1,4096,296,16,0.00361144,28.724648339720442
1,4096,296,20,0.00334267,31.034276192385132
1,4096,296,24,0.00336682,30.811669171503077
1,4096,296,28,0.00320136,32.404148236999276
1,4096,296,32,0.00309761,33.489478662581796
1,4096,296,36,0.00306041,33.896551115700184
1,4096,296,40,0.00294213,35.25926590599328
1,4096,296,44,0.00291942,35.53354570428373
1,4096,296,48,0.00286191,36.247591293926085
1,4096,296,52,0.0028219,36.76152379602396
1,4096,296,56,0.00280421,36.993429165433405
1,4096,296,60,0.00277185,37.42530945036708
1,4096,296,64,0.00276489,37.519519402218535
1,4096,296,68,0.0027747,37.38686849028724
1,4096,296,72,0.00277621,37.3665335115139
1,4096,296,76,0.00273666,37.90655178209934
1,4096,296,80,0.00273773,37.89173658468877
1,4096,296,84,0.002742,37.83272939460248
1,4096,296,88,0.0027344,37.937881802223515
1,4096,296,92,0.00276373,37.5352671932497
1,4096,296,96,0.00278171,37.292652361317316
1,4096,296,100,0.00266743,38.89037163112059
1,4096,296,104,0.00269262,38.526544406563126
1,4096,296,108,0.00269035,38.55905142453584
1,4096,296,112,0.00268449,38.64322236253441
1,4096,296,116,0.00270487,38.352062760872066
1,4096,296,120,0.00270924,38.29020094196159
1,4096,296,124,0.00272997,37.9994446825423
1,4096,296,128,0.00276155,37.564897973963895
1,4096,296,132,0.00274361,37.81052846432256
1,4096,296,136,0.00278124,37.298954423206915
1,4096,296,140,0.0027822,37.28608439364532
1,4096,296,144,0.00278923,37.192108216246055
1,4096,296,148,0.00273368,37.94787392818471
1,4096,300,8,0.00517023,20.88881925949136
1,4096,300,12,0.00419755,25.72929446939286
1,4096,300,16,0.00373348,28.92743499362525
1,4096,300,20,0.00352314,30.65447299851837
1,4096,300,24,0.00348944,30.950525012609475
1,4096,300,28,0.00343481,31.442787228405646
1,4096,300,32,0.00319976,33.75253143985799
1,4096,300,36,0.00314077,34.38647210715843
1,4096,300,40,0.00307995,35.065504310134905
1,4096,300,44,0.00302509,35.70141714791957
1,4096,300,48,0.00298409,36.19193791071985
1,4096,300,52,0.00294212,36.70822400174024
1,4096,300,56,0.0029523,36.58164820648308
1,4096,300,60,0.00289456,37.31137029462163
1,4096,300,64,0.00290195,37.21635452023639
1,4096,300,68,0.00292154,36.96680517809101
1,4096,300,72,0.00291728,37.02078648604179
1,4096,300,76,0.00287449,37.57188231651528
1,4096,300,80,0.00282291,38.2583929349501
1,4096,300,84,0.00283673,38.072005442886706
1,4096,300,88,0.00284236,37.996594379318594
1,4096,300,92,0.00288799,37.39625137206154
1,4096,300,96,0.00285183,37.87042004607568
1,4096,300,100,0.00282759,38.195070713929525
1,4096,300,104,0.00282714,38.20115027908063
1,4096,300,108,0.00282676,38.20628564151183
1,4096,300,112,0.00283286,38.12401601208672
1,4096,300,116,0.00283576,38.08502835218778
1,4096,300,120,0.00285772,37.792365942079705
1,4096,300,124,0.00285779,37.79144023878592
1,4096,300,128,0.00288845,37.39029583340547
1,4096,300,132,0.00289892,37.25525368068108
1,4096,300,136,0.00287993,37.500911480487375
1,4096,300,140,0.00291674,37.027640447897305
1,4096,300,144,0.00294068,36.72619938245576
1,4096,300,148,0.00296194,36.462588708751696
1,4096,304,8,0.00530701,21.17536164431573
1,4096,304,12,0.00444639,25.273953926668604
1,4096,304,16,0.00381574,29.45113031810343
1,4096,304,20,0.00363754,30.893916218103442
1,4096,304,24,0.0035882,31.318726938297754
1,4096,304,28,0.00345046,32.56894906766055
1,4096,304,32,0.00330693,33.98253243945291
1,4096,304,36,0.00322076,34.891719966715925
1,4096,304,40,0.00320102,35.10688967891484
1,4096,304,44,0.0031056,36.18555383822771
1,4096,304,48,0.00308823,36.389082419379385
1,4096,304,52,0.00301238,37.30533863589587
1,4096,304,56,0.00304326,36.926800864862024
1,4096,304,60,0.0030722,36.57895189115292
1,4096,304,64,0.00296479,37.90415375119317
1,4096,304,68,0.00299433,37.53021744430307
1,4096,304,72,0.00296212,37.938319851997896
1,4096,304,76,0.00295716,38.00195322539193
1,4096,304,80,0.00293303,38.31459480469003
1,4096,304,84,0.00292005,38.484908135134674
1,4096,304,88,0.0029612,37.95010671349453
1,4096,304,92,0.00300702,37.37183523887437
1,4096,304,96,0.00295811,37.98974885991393
1,4096,304,100,0.00298123,37.69513120423449
1,4096,304,104,0.00289269,38.84891087534441
1,4096,304,108,0.0028785,39.04042244224422
1,4096,304,112,0.0028981,38.776390048652566
1,4096,304,116,0.00288992,38.88614771343152
1,4096,304,120,0.00292565,38.41124399706048
1,4096,304,124,0.00291109,38.60336025337588
1,4096,304,128,0.00294873,38.110595408870935
1,4096,304,132,0.00294302,38.18453697222581
1,4096,304,136,0.00294772,38.12365353561397
1,4096,304,140,0.00298416,37.65812020803174
1,4096,304,144,0.00298615,37.63302446293723
1,4096,304,148,0.00299839,37.47939927761232
1,4096,304,152,0.00295853,37.984355744237845
1,4096,308,8,0.00556343,21.007264942670258
1,4096,308,12,0.0045443,25.718471051647118
1,4096,308,16,0.00406853,28.72596441466574
1,4096,308,20,0.00380246,30.736009846257424
1,4096,308,24,0.00372205,31.400020956193494
1,4096,308,28,0.00361171,32.35931124038198
1,4096,308,32,0.00344982,33.87783942350615
1,4096,308,36,0.0033916,34.45938436136337
1,4096,308,40,0.00331052,35.303350531034404
1,4096,308,44,0.00326126,35.83659321857196
1,4096,308,48,0.00321227,36.383133422782024
1,4096,308,52,0.00316309,36.94882156372408
1,4096,308,56,0.00313518,37.27774737016695
1,4096,308,60,0.00319546,36.57453011460009
1,4096,308,64,0.00308615,37.86998298851319
1,4096,308,68,0.00310471,37.64359569814894
1,4096,308,72,0.00307366,38.023869914043836
1,4096,308,76,0.00316401,36.93807794539208
1,4096,308,80,0.00303194,38.54708470484245
1,4096,308,84,0.00306393,38.14462079747253
1,4096,308,88,0.00305844,38.213091641490436
1,4096,308,92,0.00308894,37.83577796914152
1,4096,308,96,0.00307362,38.0243647555651
1,4096,308,100,0.00307886,37.95965000032479
1,4096,308,104,0.0030209,38.68795656923434
1,4096,308,108,0.00303394,38.52167412671312
1,4096,308,112,0.00310115,37.68680908695161
1,4096,308,116,0.00305577,38.24648059245296
1,4096,308,120,0.00306658,38.11165793815912
1,4096,308,124,0.00309807,37.724276081560454
1,4096,308,128,0.00306418,38.141508658107554
1,4096,308,132,0.00311192,37.55637934137125
1,4096,308,136,0.00313747,37.25053880993285
1,4096,308,140,0.00314295,37.185589334860566
1,4096,308,144,0.00313976,37.22336993910362
1,4096,308,148,0.00316387,36.93971244077664
1,4096,308,152,0.00317128,36.853399258343636
1,4096,312,8,0.00578485,21.00059845976992
1,4096,312,12,0.00470559,25.817232695581215
1,4096,312,16,0.00419451,28.962932976676655
1,4096,312,20,0.00389407,31.197516223385815
1,4096,312,24,0.00385485,31.514925872602046
1,4096,312,28,0.00376817,32.23987028186096
1,4096,312,32,0.00357471,33.984662252322565
1,4096,312,36,0.00350177,34.692544627431275
1,4096,312,40,0.00340473,35.68133508383925
1,4096,312,44,0.00340075,35.7230940233772
1,4096,312,48,0.00330226,36.788536335721595
1,4096,312,52,0.0032389,37.50820093241533
1,4096,312,56,0.00323539,37.54889271463409
1,4096,312,60,0.00325746,37.29449079958004
1,4096,312,64,0.00322538,37.66542608932901
1,4096,312,68,0.00319222,38.05668531617495
1,4096,312,72,0.00321161,37.826919208745764
1,4096,312,76,0.00323153,37.5937441397728
1,4096,312,80,0.00313677,38.72942931741887
1,4096,312,84,0.00313863,38.70647766700758
1,4096,312,88,0.00311946,38.944340366601914
1,4096,312,92,0.00316948,38.32972979794793
1,4096,312,96,0.00316876,38.33843901084336
1,4096,312,100,0.00315324,38.52713780111885
1,4096,312,104,0.00310293,39.151805551527104
1,4096,312,108,0.00315081,38.5568510954326
1,4096,312,112,0.00308739,39.348871376793994
1,4096,312,116,0.00310776,39.090956830643286
1,4096,312,120,0.00311565,38.99196379567666
1,4096,312,124,0.0031553,38.50198459734415
1,4096,312,128,0.00315571,38.49698229558483
1,4096,312,132,0.0031436,38.64528311490012
1,4096,312,136,0.00317235,38.295053194004446
1,4096,312,140,0.00318722,38.1163873218667
1,4096,312,144,0.00319031,38.07946939325645
1,4096,312,148,0.00327069,37.14363391211029
1,4096,312,152,0.00323463,37.55771510188182
1,4096,312,156,0.00316715,38.35792810571018
1,4096,316,8,0.00598953,21.07310323180617
1,4096,316,12,0.00493358,25.583447314120782
1,4096,316,16,0.00433296,29.129736715778588
1,4096,316,20,0.00404061,31.23735871563947
1,4096,316,24,0.00406662,31.037565349110565
1,4096,316,28,0.00392497,32.157693944157536
1,4096,316,32,0.00371839,33.94425651962274
1,4096,316,36,0.00363017,34.769166182300005
1,4096,316,40,0.00356189,35.43567712646938
1,4096,316,44,0.0035711,35.34428719442189
1,4096,316,48,0.00344711,36.61559509270084
1,4096,316,52,0.00345517,36.53018056998643
1,4096,316,56,0.00338922,37.24101238633078
1,4096,316,60,0.00340297,37.09053679579897
1,4096,316,64,0.00333895,37.8016993366178
1,4096,316,68,0.00333951,37.79536039718402
1,4096,316,72,0.00336388,37.52154773654233
1,4096,316,76,0.00335823,37.584675260479486
1,4096,316,80,0.0032687,38.614123045859216
1,4096,316,84,0.00328477,38.42521211530792
1,4096,316,88,0.00330733,38.16310558668171
1,4096,316,92,0.00332946,37.909445976224376
1,4096,316,96,0.00332041,38.012770712050624
1,4096,316,100,0.0033225,37.9888589917231
1,4096,316,104,0.00333155,37.88566403025619
1,4096,316,108,0.003306,38.17845856019359
1,4096,316,112,0.00326634,38.642022569603895
1,4096,316,116,0.00328654,38.404517821173634
1,4096,316,120,0.00331938,38.02456603341588
1,4096,316,124,0.00331249,38.10365736953168
1,4096,316,128,0.00331721,38.049440342938794
1,4096,316,132,0.003327,37.937476405169825
1,4096,316,136,0.00332914,37.91308986705275
1,4096,316,140,0.00335958,37.569572387024564
1,4096,316,144,0.00335312,37.64195256954717
1,4096,316,148,0.00336455,37.514075879389516
1,4096,316,152,0.00336776,37.478319120127324
1,4096,316,156,0.00341776,36.930031365572766
1,4096,320,8,0.00624987,20.971956216689307
1,4096,320,12,0.00512335,25.5832609523066
1,4096,320,16,0.00448939,29.195948670086583
1,4096,320,20,0.00419809,31.22181754083405
1,4096,320,24,0.00423699,30.935168598462585
1,4096,320,28,0.00407062,32.1995175182159
1,4096,320,32,0.00379017,34.58208998540963
1,4096,320,36,0.00373332,35.10869681677435
1,4096,320,40,0.00364318,35.97736043785923
1,4096,320,44,0.00367971,35.620198330846726
1,4096,320,48,0.00357841,36.62855849385621
1,4096,320,52,0.00356187,36.79864790124289
1,4096,320,56,0.00348091,37.65452137515764
1,4096,320,60,0.00350352,37.41151755948303
1,4096,320,64,0.00343215,38.189473070815666
1,4096,320,68,0.00341287,38.40521320765221
1,4096,320,72,0.00344266,38.07288550132746
1,4096,320,76,0.00345731,37.91155551570441
1,4096,320,80,0.00336162,38.99072471011001
1,4096,320,84,0.00341469,38.38474356383742
1,4096,320,88,0.00341022,38.435056975796286
1,4096,320,92,0.00340387,38.506758483725875
1,4096,320,96,0.00350342,37.41258541653584
1,4096,320,100,0.00344534,38.043270040112155
1,4096,320,104,0.00344584,38.0377498665057
1,4096,320,108,0.00337518,38.83407699737496
1,4096,320,112,0.00337257,38.86413032197997
1,4096,320,116,0.00335018,39.123867971273185
1,4096,320,120,0.00337988,38.78007503224966
1,4096,320,124,0.0033748,38.83844968590732
1,4096,320,128,0.00340958,38.442271482118024
1,4096,320,132,0.00339688,38.5859965615506
1,4096,320,136,0.00339462,38.61168554948713
1,4096,320,140,0.00341661,38.363172852622924
1,4096,320,144,0.00345749,37.90958180645497
1,4096,320,148,0.00345176,37.972512573295944
1,4096,320,152,0.00349323,37.52172058524632
1,4096,320,156,0.00349551,37.497246467611305
1,4096,320,160,0.00343075,38.20505720323544
1,4096,324,8,0.00648841,20.967986918212628
1,4096,324,12,0.00530871,25.62748690359805
1,4096,324,16,0.00468459,29.0417936254827
1,4096,324,20,0.00442519,30.744193130690434
1,4096,324,24,0.00436465,31.170631322099137
1,4096,324,28,0.00416716,32.647869532247384
1,4096,324,32,0.00404018,33.67396898158003
1,4096,324,36,0.00390623,34.828695698921976
1,4096,324,40,0.00386148,35.23231921439448
1,4096,324,44,0.00381006,35.70780932583739
1,4096,324,48,0.00371351,36.63620025259121
1,4096,324,52,0.0036813,36.95675332083775
1,4096,324,56,0.00360049,37.78621687603631
1,4096,324,60,0.00369775,36.79234561557704
1,4096,324,64,0.00363334,37.44458156957511
1,4096,324,68,0.00354089,38.42223169881019
1,4096,324,72,0.0035529,38.29235160010133
1,4096,324,76,0.00359728,37.81993506204688
1,4096,324,80,0.00356008,38.215123255657176
1,4096,324,84,0.00351773,38.67519565174132
1,4096,324,88,0.00349635,38.911692479299845
1,4096,324,92,0.00355046,38.31866744027535
1,4096,324,96,0.00351714,38.68168341322779
1,4096,324,100,0.00356847,38.12527385686303
1,4096,324,104,0.00354478,38.380067592347054
1,4096,324,108,0.00349019,38.980369550081804
1,4096,324,112,0.00349352,38.9432137214042
1,4096,324,116,0.00355271,38.294399486589114
1,4096,324,120,0.00350078,38.86245236775804
1,4096,324,124,0.00351862,38.665413144926134
1,4096,324,128,0.00352612,38.583172438827944
1,4096,324,132,0.00351285,38.72892266962723
1,4096,324,136,0.00353525,38.48352902906442
1,4096,324,140,0.00357099,38.09836935975738
1,4096,324,144,0.00356758,38.13478492423436
1,4096,324,148,0.003589,37.90718751741432
1,4096,324,152,0.00359379,37.85666274323208
1,4096,324,156,0.00364999,37.27377225691029
1,4096,324,160,0.00367367,37.03351035885096
1,4096,328,8,0.00665141,21.221095677457864
1,4096,328,12,0.00546086,25.847615210790977
1,4096,328,16,0.00482137,29.275954344926856
1,4096,328,20,0.00455697,30.974574772271932
1,4096,328,24,0.00445204,31.704613615331397
1,4096,328,28,0.00428887,32.91081520307213
1,4096,328,32,0.00414786,34.02964613077587
1,4096,328,36,0.00409936,34.43225479099177
1,4096,328,40,0.00400626,35.232413273227394
1,4096,328,44,0.00390962,36.10330620367197
1,4096,328,48,0.00378524,37.2896323614883
1,4096,328,52,0.00381106,37.0369944319953
1,4096,328,56,0.00370459,38.10143848577035
1,4096,328,60,0.00373853,37.75553706938289
1,4096,328,64,0.00374032,37.737468451897165
1,4096,328,68,0.00364782,38.69440049125231
1,4096,328,72,0.00363336,38.84839597507541
1,4096,328,76,0.00371241,38.02117977270829
1,4096,328,80,0.00365151,38.65529821909292
1,4096,328,84,0.00360917,39.10877237702851
1,4096,328,88,0.00360218,39.18466262096842
1,4096,328,92,0.00364003,38.77721007793892
1,4096,328,96,0.00362037,38.98778522637189
1,4096,328,100,0.00366077,38.55751877337282
1,4096,328,104,0.00364898,38.68209965524613
1,4096,328,108,0.0036991,38.15798653726582
1,4096,328,112,0.00358898,39.328780879247034
1,4096,328,116,0.00360157,39.19129935000569
1,4096,328,120,0.0036374,38.805247704404245
1,4096,328,124,0.00360712,39.130998691476854
1,4096,328,128,0.00362874,38.89785655627022
1,4096,328,132,0.00361329,39.064179182960686
1,4096,328,136,0.00361935,38.99877270780665
1,4096,328,140,0.00367785,38.37845697894151
1,4096,328,144,0.00365692,38.59811207245441
1,4096,328,148,0.00368935,38.25882824887852
1,4096,328,152,0.00375662,37.57372531690722
1,4096,328,156,0.00372652,37.87721735023561
1,4096,328,160,0.00377047,37.43570642386758
1,4096,328,164,0.00367572,38.40069646218972
1,4096,332,8,0.00690855,21.18787183996642
1,4096,332,12,0.00563847,25.960494956965277
1,4096,332,16,0.00505005,28.985351036128353
1,4096,332,20,0.00469744,31.16111584182023
1,4096,332,24,0.00464153,31.536470086372383
1,4096,332,28,0.00453533,32.27493302582172
1,4096,332,32,0.00435535,33.608658775988154
1,4096,332,36,0.0042357,34.55803574379678
1,4096,332,40,0.00416376,35.155117489961
1,4096,332,44,0.00409632,35.733895789391454
1,4096,332,48,0.00397156,36.85641712576418
1,4096,332,52,0.00397593,36.815907724733584
1,4096,332,56,0.00389148,37.61485912814661
1,4096,332,60,0.00389376,37.59283366206443
1,4096,332,64,0.00393879,37.16305565922529
1,4096,332,68,0.00386354,37.88687887274365
1,4096,332,72,0.00383203,38.19841493934024
1,4096,332,76,0.0038797,37.72906977343609
1,4096,332,80,0.0038724,37.80019419481459
1,4096,332,84,0.00379724,38.548385669591596
1,4096,332,88,0.00379838,38.53681622165239
1,4096,332,92,0.00382605,38.258117902275195
1,4096,332,96,0.00382404,38.278227215196495
1,4096,332,100,0.00382896,38.22904182859053
1,4096,332,104,0.00385639,37.95712363116801
1,4096,332,108,0.00385365,37.98411168632336
1,4096,332,112,0.00376611,38.86701981620293
1,4096,332,116,0.00379522,38.568902988496056
1,4096,332,120,0.00377884,38.736086206349036
1,4096,332,124,0.00380005,38.519880527887786
1,4096,332,128,0.00381446,38.37436281937679
1,4096,332,132,0.00380919,38.42745360562219
1,4096,332,136,0.00382149,38.3037694721169
1,4096,332,140,0.00383149,38.20379852224592
1,4096,332,144,0.00384522,38.06738548119483
1,4096,332,148,0.00387672,37.75807177201345
1,4096,332,152,0.003918,37.36025319040327
1,4096,332,156,0.00390934,37.44301391027641
1,4096,332,160,0.003924,37.303127420998976
1,4096,332,164,0.00393921,37.159093320741974
1,4096,336,8,0.00740683,20.485447080599933
1,4096,336,12,0.00593896,25.548618613359913
1,4096,336,16,0.00516943,29.35182873160097
1,4096,336,20,0.00486942,31.160225242431334
1,4096,336,24,0.00480273,31.592911531566422
1,4096,336,28,0.00464743,32.64863031826192
1,4096,336,32,0.0044532,34.072627324171386
1,4096,336,36,0.00436692,34.745821769118734
1,4096,336,40,0.00425725,35.64090058136121
1,4096,336,44,0.00419719,36.150906678039355
1,4096,336,48,0.0040693,37.28705772491584
1,4096,336,52,0.00408426,37.15048111530608
1,4096,336,56,0.00398122,38.11199180150808
1,4096,336,60,0.00403932,37.563803808561836
1,4096,336,64,0.00402422,37.70475371624811
1,4096,336,68,0.00394808,38.43190208911674
1,4096,336,72,0.0039399,38.51169420543669
1,4096,336,76,0.00401426,37.7983050425234
1,4096,336,80,0.00394836,38.42917667082029
1,4096,336,84,0.00390321,38.8737024141668
1,4096,336,88,0.0038733,39.17388893191852
1,4096,336,92,0.00394796,38.43307024387278
1,4096,336,96,0.00387476,39.159128307301614
1,4096,336,100,0.00392959,38.612736697721644
1,4096,336,104,0.00391575,38.7492112622103
1,4096,336,108,0.00395672,38.3479811561091
1,4096,336,112,0.00387743,39.132163314360284
1,4096,336,116,0.00392587,38.64932460830338
1,4096,336,120,0.00387873,39.119047729540334
1,4096,336,124,0.00388345,39.071501886209425
1,4096,336,128,0.00392564,38.6515890402584
1,4096,336,132,0.00397638,38.15838124122946
1,4096,336,136,0.0039818,38.10644030338039
1,4096,336,140,0.00394043,38.50651426367173
1,4096,336,144,0.00397456,38.175854434201526
1,4096,336,148,0.00398554,38.07068151367192
1,4096,336,152,0.00399757,37.95611433946123
1,4096,336,156,0.00398776,38.04948743154051
1,4096,336,160,0.00400814,37.856019001332285
1,4096,336,164,0.00401935,37.75043825494172
1,4096,336,168,0.00402869,37.66291871551299
1,4096,340,8,0.00751616,20.91706403269755
1,4096,340,12,0.00617063,25.478111635278733
1,4096,340,16,0.00547127,28.73482756288759
1,4096,340,20,0.00500492,31.412290306338562
1,4096,340,24,0.00515188,30.516238732268608
1,4096,340,28,0.00485503,32.382086207500265
1,4096,340,32,0.0045575,34.49610532089962
1,4096,340,36,0.0045323,34.68790680228581
1,4096,340,40,0.0043869,35.83760742209761
1,4096,340,44,0.00429693,36.587982582913845
1,4096,340,48,0.00430973,36.47931540955002
1,4096,340,52,0.00422504,37.21053528487304
1,4096,340,56,0.00421868,37.26663316487622
1,4096,340,60,0.00417473,37.658962376009946
1,4096,340,64,0.00412825,38.08296493671653
1,4096,340,68,0.0040711,38.61757264621355
1,4096,340,72,0.00406333,38.69141812257434
1,4096,340,76,0.00413126,38.05521802065229
1,4096,340,80,0.00410521,38.296701021385026
1,4096,340,84,0.00411784,38.17923960134439
1,4096,340,88,0.00402935,39.01770757069999
1,4096,340,92,0.00401908,39.11740995451695
1,4096,340,96,0.00402989,39.01247924881324
1,4096,340,100,0.00402791,39.03165661596213
1,4096,340,104,0.00405649,38.75665908211286
1,4096,340,108,0.00407889,38.543819519526146
1,4096,340,112,0.00408387,38.49681796923017
1,4096,340,116,0.0040194,39.1142956660198
1,4096,340,120,0.00400405,39.264244951986115
1,4096,340,124,0.00402844,39.02652143261411
1,4096,340,128,0.00404082,38.90695452903124
1,4096,340,132,0.00405773,38.7448154510034
1,4096,340,136,0.00406946,38.63313560030078
1,4096,340,140,0.00410119,38.33423957436744
1,4096,340,144,0.00405444,38.77625516717475
1,4096,340,148,0.00413914,37.98276936754977
1,4096,340,152,0.00408534,38.482965922053005
1,4096,340,156,0.00412045,38.155055879818946
1,4096,340,160,0.00410023,38.34321489282309
1,4096,340,164,0.00412571,38.10641077535745
1,4096,340,168,0.00415995,37.79276193223476
1,4096,344,8,0.00768734,21.18162277198615
1,4096,344,12,0.00630872,25.81036026325467
1,4096,344,16,0.00557434,29.210693283868583
1,4096,344,20,0.00531412,30.64107246354994
1,4096,344,24,0.00531361,30.644013392025382
1,4096,344,28,0.00499978,32.56750017000748
1,4096,344,32,0.00473071,34.41985156562123
1,4096,344,36,0.00461676,35.269395853369026
1,4096,344,40,0.00451838,36.03732665247279
1,4096,344,44,0.0044288,36.76624277456647
1,4096,344,48,0.00438028,37.17349941099655
1,4096,344,52,0.00434074,37.51211452425162
1,4096,344,56,0.00437338,37.23214904719005
1,4096,344,60,0.00429398,37.92060885239335
1,4096,344,64,0.00427137,38.12133718221554
1,4096,344,68,0.00429205,37.93766055847439
1,4096,344,72,0.00415281,39.209676339635095
1,4096,344,76,0.00421601,38.62190459700048
1,4096,344,80,0.00420003,38.768850698685476
1,4096,344,84,0.00422917,38.50172397893677
1,4096,344,88,0.00409242,39.78827588566178
1,4096,344,92,0.00417134,39.03549842496656
1,4096,344,96,0.0041649,39.0958572834882
1,4096,344,100,0.00416745,39.071935116198155
1,4096,344,104,0.00417553,38.996327651819044
1,4096,344,108,0.0042194,38.59087453192397
1,4096,344,112,0.00418923,38.86879832331956
1,4096,344,116,0.00411503,39.56965951645553
1,4096,344,120,0.00413586,39.37036940321964
1,4096,344,124,0.0041146,39.573794779565446
1,4096,344,128,0.00416379,39.10627961544651
1,4096,344,132,0.00415318,39.20618321382651
1,4096,344,136,0.00415137,39.22327713501808
1,4096,344,140,0.00415989,39.14294272204313
1,4096,344,144,0.00416167,39.12620077997534
1,4096,344,148,0.00417603,38.99165858482818
1,4096,344,152,0.00421017,38.6754777123014
1,4096,344,156,0.00424012,38.40229427469034
1,4096,344,160,0.00425158,38.29878209983112
1,4096,344,164,0.00427439,38.09440317799732
1,4096,344,168,0.00429468,37.91442808311678
1,4096,344,172,0.00424056,38.39830965721509
1,4096,348,8,0.00801597,21.03011463366255
1,4096,348,12,0.00653905,25.780009022717365
1,4096,348,16,0.00575503,29.292074585188953
1,4096,348,20,0.00539975,31.219365340988006
1,4096,348,24,0.00535876,31.458167187931537
1,4096,348,28,0.00516488,32.63904834187822
1,4096,348,32,0.00489332,34.45038705827537
1,4096,348,36,0.00480977,35.04882104549698
1,4096,348,40,0.00468485,35.98338644780516
1,4096,348,44,0.0046161,36.519305907584325
1,4096,348,48,0.00456923,36.8939116656417
1,4096,348,52,0.00454946,37.05423676656131
1,4096,348,56,0.00448847,37.55773526390953
1,4096,348,60,0.00442162,38.125566647518326
1,4096,348,64,0.00443016,38.05207215992199
1,4096,348,68,0.00449146,37.53273278622096
1,4096,348,72,0.00434906,38.76165608200393
1,4096,348,76,0.00435855,38.67725918023196
1,4096,348,80,0.00436916,38.58333592727206
1,4096,348,84,0.00433621,38.87652304662367
1,4096,348,88,0.00429175,39.27926090755519
1,4096,348,92,0.00428568,39.33489387915103
1,4096,348,96,0.00434566,38.79198280583386
1,4096,348,100,0.00434907,38.76156695569398
1,4096,348,104,0.004399,38.32161127528984
1,4096,348,108,0.00442445,38.10118048571009
1,4096,348,112,0.00435866,38.67628307782667
1,4096,348,116,0.00432429,38.983687033015826
1,4096,348,120,0.00430859,39.12573904688077
1,4096,348,124,0.00431602,39.05838434483621
1,4096,348,128,0.00431301,39.08564274138015
1,4096,348,132,0.00431764,39.043729444789285
1,4096,348,136,0.00436244,38.642770559595085
1,4096,348,140,0.00440086,38.30541485073372
1,4096,348,144,0.00438124,38.47695355652738
1,4096,348,148,0.00437147,38.56294747533439
1,4096,348,152,0.00440055,38.308113304018825
1,4096,348,156,0.00439613,38.346629421786886
1,4096,348,160,0.00440493,38.27002199807943
1,4096,348,164,0.00442574,38.09007488013304
1,4096,348,168,0.00445105,37.87348333539278
1,4096,348,172,0.0044726,37.691000313017035
1,4096,352,8,0.00821347,21.24033228343197
1,4096,352,12,0.00673559,25.900749897187925
1,4096,352,16,0.0059746,29.19975094567
1,4096,352,20,0.00551302,31.644512807862114
1,4096,352,24,0.00551103,31.65593945233468
1,4096,352,28,0.00526423,33.14004745233396
1,4096,352,32,0.00497049,35.09851785236465
1,4096,352,36,0.00496249,35.15509995989916
1,4096,352,40,0.00488876,35.685292794082756
1,4096,352,44,0.00477667,36.522688818779606
1,4096,352,48,0.00467484,37.31824661378785
1,4096,352,52,0.0046027,37.90315075933691
1,4096,352,56,0.00460467,37.886934785771835
1,4096,352,60,0.00451088,38.67467811158798
1,4096,352,64,0.00453565,38.46346874207666
1,4096,352,68,0.00452539,38.55067342262214
1,4096,352,72,0.00445982,39.117460345933246
1,4096,352,76,0.0045241,38.561665745673174
1,4096,352,80,0.00451668,38.62501483390455
1,4096,352,84,0.00446612,39.062280458205336
1,4096,352,88,0.00444684,39.23164134531488
1,4096,352,92,0.00441243,39.53758631864981
1,4096,352,96,0.00442568,39.419215126263076
1,4096,352,100,0.00442318,39.44149503298532
1,4096,352,104,0.00442987,39.38193039524862
1,4096,352,108,0.00452929,38.517478898458705
1,4096,352,112,0.0045464,38.37252155551646
1,4096,352,116,0.00455308,38.31622374304866
1,4096,352,120,0.00440195,39.631715944070244
1,4096,352,124,0.00443393,39.345869691222006
1,4096,352,128,0.0044381,39.30890065568599
1,4096,352,132,0.00438756,39.76169716197613
1,4096,352,136,0.00440435,39.61011999500494
1,4096,352,140,0.00443275,39.35634357904236
1,4096,352,144,0.00445837,39.13018255550796
1,4096,352,148,0.00451234,38.66216464184879
1,4096,352,152,0.00447737,38.96413117522117
1,4096,352,156,0.00450533,38.72232045155405
1,4096,352,160,0.00450149,38.755352561040894
1,4096,352,164,0.00451799,38.61381543562513
1,4096,352,168,0.00453893,38.435673605893896
1,4096,352,172,0.004541,38.41815282977318
1,4096,352,176,0.0044762,38.97431571422189
1,4096,356,8,0.00842485,21.421397888389706
1,4096,356,12,0.00692782,26.050339645083156
1,4096,356,16,0.00620978,29.062553584829093
1,4096,356,20,0.00578591,31.191647294893976
1,4096,356,24,0.00565717,31.901474412117718
1,4096,356,28,0.00553565,32.601783711036646
1,4096,356,32,0.00526156,34.30010567208204
1,4096,356,36,0.00508691,35.47773874513211
1,4096,356,40,0.00500249,36.0764467295287
1,4096,356,44,0.00504647,35.76204039655442
1,4096,356,48,0.00485821,37.14785157496279
1,4096,356,52,0.00477911,37.762693053727574
1,4096,356,56,0.00478637,37.70541433278246
1,4096,356,60,0.00473324,38.12865267765843
1,4096,356,64,0.00470498,38.35766868296996
1,4096,356,68,0.00473845,38.08672962677669
1,4096,356,72,0.00460862,39.15967556448568
1,4096,356,76,0.00466001,38.72782762268751
1,4096,356,80,0.00467375,38.613974645627174
1,4096,356,84,0.00465982,38.729406715280845
1,4096,356,88,0.00467709,38.58639966303834
1,4096,356,92,0.00458212,39.38614964252354
1,4096,356,96,0.00459331,39.29019900681644
1,4096,356,100,0.00458307,39.377985498803206
1,4096,356,104,0.00463084,38.971777042609986
1,4096,356,108,0.00467524,38.60166836354926
1,4096,356,112,0.00468219,38.54437004905824
1,4096,356,116,0.00469735,38.41997381502336
1,4096,356,120,0.00459337,39.28968578625279
1,4096,356,124,0.00464189,38.87900488809515
1,4096,356,128,0.00460973,39.15024610985893
1,4096,356,132,0.00463944,38.89953615091476
1,4096,356,136,0.00460404,39.19863076776049
1,4096,356,140,0.00460341,39.20399529913695
1,4096,356,144,0.00464082,38.887968936524146
1,4096,356,148,0.00472622,38.185286338765444
1,4096,356,152,0.00469111,38.47107912626223
1,4096,356,156,0.00465057,38.806439640732215
1,4096,356,160,0.00471816,38.25051799854181
1,4096,356,164,0.0047247,38.197571062712974
1,4096,356,168,0.00469266,38.45837201075722
1,4096,356,172,0.00476518,37.87308433259604
1,4096,356,176,0.00476208,37.89773880321204
1,4096,360,8,0.00880692,21.190609202763284
1,4096,360,12,0.00724896,25.744934445768774
1,4096,360,16,0.00638585,29.224613794561414
1,4096,360,20,0.00587357,31.773521044271202
1,4096,360,24,0.00583588,31.978724716752232
1,4096,360,28,0.00559078,33.38067317977098
1,4096,360,32,0.00540253,34.54381558269922
1,4096,360,36,0.00518354,36.003194727927244
1,4096,360,40,0.00509008,36.664256750385064
1,4096,360,44,0.00517977,36.02939898875819
1,4096,360,48,0.00498542,37.43395741983624
1,4096,360,52,0.00489475,38.12738137800705
1,4096,360,56,0.0049022,38.06943821141528
1,4096,360,60,0.00494452,37.74360301909993
1,4096,360,64,0.00479852,38.89199169744005
1,4096,360,68,0.004795,38.92054223149113
1,4096,360,72,0.00470601,39.65652431677791
1,4096,360,76,0.00476599,39.157446826367654
1,4096,360,80,0.00476977,39.12641490050883
1,4096,360,84,0.00480087,38.872954277037294
1,4096,360,88,0.00479648,38.90853292414438
1,4096,360,92,0.00472042,39.53546506454934
1,4096,360,96,0.00467402,39.927942114068834
1,4096,360,100,0.00469957,39.7108671644427
1,4096,360,104,0.0047041,39.67262600710019
1,4096,360,108,0.00475145,39.2772732534279
1,4096,360,112,0.00478305,39.017781541066896
1,4096,360,116,0.00481021,38.79747453853366
1,4096,360,120,0.00467192,39.94588948440897
1,4096,360,124,0.00471456,39.58460598656078
1,4096,360,128,0.00466587,39.99768531913663
1,4096,360,132,0.00475225,39.27066126571624
1,4096,360,136,0.00467742,39.89891863463191
1,4096,360,140,0.00475956,39.21034717494894
1,4096,360,144,0.0047303,39.45288882311904
1,4096,360,148,0.00476468,39.1682127656002
1,4096,360,152,0.00475894,39.215455542620845
1,4096,360,156,0.00475707,39.23087110343131
1,4096,360,160,0.00477654,39.07095931364544
1,4096,360,164,0.00478054,39.0382676434043
1,4096,360,168,0.00486608,38.35202051754184
1,4096,360,172,0.0048752,38.280275680997704
1,4096,360,176,0.00484119,38.5491996802439
1,4096,360,180,0.00482973,38.6406693541875
1,4096,364,8,0.00913222,21.12456511122159
1,4096,364,12,0.00739214,26.097202704494233
1,4096,364,16,0.00658247,29.307262471382323
1,4096,364,20,0.00617277,31.252448414569148
1,4096,364,24,0.00612387,31.50200379825176
1,4096,364,28,0.00582482,33.119336906548185
1,4096,364,32,0.00560373,34.42602980514764
1,4096,364,36,0.00553396,34.860059704081706
1,4096,364,40,0.00542132,35.58435510170954
1,4096,364,44,0.00529795,36.41298540001321
1,4096,364,48,0.00517547,37.274716305958684
1,4096,364,52,0.00512861,37.61529459249193
1,4096,364,56,0.00505933,38.13038010961925
1,4096,364,60,0.0051316,37.593377504092295
1,4096,364,64,0.00499425,38.62725654502678
1,4096,364,68,0.00501291,38.48347087819251
1,4096,364,72,0.00504064,38.271762315896396
1,4096,364,76,0.0049408,39.045129533678754
1,4096,364,80,0.00492742,39.151153341911176
1,4096,364,84,0.00498492,38.699553052004845
1,4096,364,88,0.00495356,38.944552200841414
1,4096,364,92,0.00486892,39.62155385588591
1,4096,364,96,0.00485001,39.77603675043969
1,4096,364,100,0.00488336,39.50439369614364
1,4096,364,104,0.00490761,39.3091904205917
1,4096,364,108,0.0049411,39.04275889984011
1,4096,364,112,0.00492853,39.142335747170044
1,4096,364,116,0.00493792,39.06790227464195
1,4096,364,120,0.00491901,39.21808981888632
1,4096,364,124,0.00490449,39.334197031699524
1,4096,364,128,0.00486088,39.68708875759122
1,4096,364,132,0.00484169,39.84438821981581
1,4096,364,136,0.0049103,39.28765574404822
1,4096,364,140,0.00494163,39.03857148349836
1,4096,364,144,0.00492132,39.19968138629474
1,4096,364,148,0.0049107,39.28445557659805
1,4096,364,152,0.00496346,38.86687431751238
1,4096,364,156,0.00498478,38.700639948001715
1,4096,364,160,0.00495192,38.95745003958061
1,4096,364,164,0.00500521,38.5426737339692
1,4096,364,168,0.00498076,38.73187545675761
1,4096,364,172,0.00501063,38.500982112029824
1,4096,364,176,0.00505833,38.13791824574514
1,4096,364,180,0.00510198,37.8116292106202
1,4096,368,8,0.00923029,21.59673509716379
1,4096,368,12,0.00763835,26.0977996556848
1,4096,368,16,0.00668251,29.83072647852379
1,4096,368,20,0.00635331,31.37642079482978
1,4096,368,24,0.00624089,31.941618583246942
1,4096,368,28,0.00613594,32.48795262013644
1,4096,368,32,0.00580701,34.328187483748096
1,4096,368,36,0.00558466,35.694944365458234
1,4096,368,40,0.00549971,36.246298077534995
1,4096,368,44,0.00542531,36.743361761816374
1,4096,368,48,0.00526419,37.86795841335514
1,4096,368,52,0.00534732,37.27925914289775
1,4096,368,56,0.00518245,38.465229379926484
1,4096,368,60,0.00523302,38.093515407928884
1,4096,368,64,0.00510449,39.05270222882208
1,4096,368,68,0.00514743,38.72692353271439
1,4096,368,72,0.00513218,38.841998526941765
1,4096,368,76,0.00504127,39.54244228140925
1,4096,368,80,0.00502478,39.672210126612505
1,4096,368,84,0.00505316,39.44939958362688
1,4096,368,88,0.00505411,39.441984444343326
1,4096,368,92,0.00498971,39.951044850301926
1,4096,368,96,0.00499327,39.92256136760079
1,4096,368,100,0.0050217,39.696542605093896
1,4096,368,104,0.00499644,39.89723242948979
1,4096,368,108,0.00507327,39.29302560281633
1,4096,368,112,0.00504657,39.50091408620112
1,4096,368,116,0.00503665,39.5787136290987
1,4096,368,120,0.00505824,39.40978047700386
1,4096,368,124,0.0050191,39.7171062541093
1,4096,368,128,0.00506065,39.391012616956324
1,4096,368,132,0.00504217,39.53538416991096
1,4096,368,136,0.00502998,39.631196943129
1,4096,368,140,0.00500035,39.86603497755157
1,4096,368,144,0.00501809,39.72510018752155
1,4096,368,148,0.00503455,39.595222611752796
1,4096,368,152,0.0050169,39.734522912555555
1,4096,368,156,0.00510146,39.07589748817005
1,4096,368,160,0.00509321,39.13919276841128
1,4096,368,164,0.0051126,38.99075382388609
1,4096,368,168,0.00514494,38.74566622740012
1,4096,368,172,0.0051905,38.40557325883827
1,4096,368,176,0.00513472,38.82278449457809
1,4096,368,180,0.00517906,38.490407139519526
1,4096,368,184,0.00507937,39.24583718059523
1,4096,372,8,0.00966487,21.30555216986881
1,4096,372,12,0.00787183,26.158516126491556
1,4096,372,16,0.00713869,28.844983043107348
1,4096,372,20,0.00651956,31.584246789660654
1,4096,372,24,0.00648988,31.728690206906755
1,4096,372,28,0.00624051,32.99656470384632
1,4096,372,32,0.00591167,34.83201734873563
1,4096,372,36,0.00587617,35.04244975894162
1,4096,372,40,0.00568009,36.25213544151589
1,4096,372,44,0.00570256,36.10928986279846
1,4096,372,48,0.00553323,37.21432002645833
1,4096,372,52,0.00551902,37.310136944602476
1,4096,372,56,0.00546932,37.649176131584916
1,4096,372,60,0.00547445,37.61389582515139
1,4096,372,64,0.00529657,38.87712085368455
1,4096,372,68,0.00531385,38.750697140491354
1,4096,372,72,0.00531141,38.76849876021622
1,4096,372,76,0.00527647,39.02521799612241
1,4096,372,80,0.00521718,39.46871528296896
1,4096,372,84,0.00529506,38.88820749906517
1,4096,372,88,0.00532147,38.69520865475141
1,4096,372,92,0.00530674,38.80261554174503
1,4096,372,96,0.0051911,39.66700545163838
1,4096,372,100,0.0052215,39.43606090203965
1,4096,372,104,0.00520487,39.562062453048775
1,4096,372,108,0.00521686,39.47113627737758
1,4096,372,112,0.00524352,39.27045038447456
1,4096,372,116,0.00530148,38.841114556689824
1,4096,372,120,0.00525171,39.209208429254474
1,4096,372,124,0.00520659,39.54899310297143
1,4096,372,128,0.00519161,39.66310874661232
1,4096,372,132,0.00518481,39.715127844607615
1,4096,372,136,0.00518518,39.71229388372245
1,4096,372,140,0.0052075,39.54208199711954
1,4096,372,144,0.0052321,39.35616521090957
1,4096,372,148,0.00523278,39.35105087544288
1,4096,372,152,0.00523408,39.3412771680983
1,4096,372,156,0.00529206,38.91025271822314
1,4096,372,160,0.00526477,39.111944491402284
1,4096,372,164,0.00535098,38.48180931343418
1,4096,372,168,0.00530772,38.79545115416789
1,4096,372,172,0.0053783,38.28633434356581
1,4096,372,176,0.0053344,38.60141571685663
1,4096,372,180,0.005427,37.942766169154226
1,4096,372,184,0.00540442,38.101293385784224
1,4096,376,8,0.00990655,21.463527060379246
1,4096,376,12,0.00821703,25.87668585851579
1,4096,376,16,0.00723273,29.39823607406885
1,4096,376,20,0.00670903,31.693032226715335
1,4096,376,24,0.00663328,32.05495682377346
1,4096,376,28,0.0064759,32.83396964128538
1,4096,376,32,0.00612135,34.735720715201715
1,4096,376,36,0.0060899,34.91510599517233
1,4096,376,40,0.0058275,36.48725937365937
1,4096,376,44,0.00579899,36.666644363932335
1,4096,376,48,0.00561799,37.847967689511734
1,4096,376,52,0.00572279,37.15486746849002
1,4096,376,56,0.00555293,38.29140723906118
1,4096,376,60,0.00561191,37.8889725601444
1,4096,376,64,0.00546552,38.90380128514762
1,4096,376,68,0.005442,39.071941198088936
1,4096,376,72,0.00543982,39.087599222033084
1,4096,376,76,0.00534538,39.77818302908305
1,4096,376,80,0.00534874,39.75319495806489
1,4096,376,84,0.00544286,39.065767629518305
1,4096,376,88,0.00538176,39.50928766797478
1,4096,376,92,0.00542381,39.202977980423356
1,4096,376,96,0.00530507,40.08043324593266
1,4096,376,100,0.00532477,39.93214805522116
1,4096,376,104,0.00537902,39.52941316447978
1,4096,376,108,0.00536717,39.61668886955323
1,4096,376,112,0.00535756,39.687750393836
1,4096,376,116,0.00538116,39.51369295839559
1,4096,376,120,0.00540456,39.34261142442678
1,4096,376,124,0.00544575,39.04503585364734
1,4096,376,128,0.0053283,39.90569299776664
1,4096,376,132,0.0053111,40.034927604451056
1,4096,376,136,0.00532008,39.96735086690426
1,4096,376,140,0.00536644,39.62207795111843
1,4096,376,144,0.00533364,39.8657397199661
1,4096,376,148,0.00535928,39.67501306145601
1,4096,376,152,0.00536707,39.61742701324931
1,4096,376,156,0.0053884,39.46060129166357
1,4096,376,160,0.00542774,39.17459274025653
1,4096,376,164,0.00547345,38.84743699129434
1,4096,376,168,0.0054223,39.213895210519524
1,4096,376,172,0.00548964,38.732868457676645
1,4096,376,176,0.00546791,38.886796600529266
1,4096,376,180,0.00551584,38.548889017810524
1,4096,376,184,0.00556902,38.180775791791014
1,4096,376,188,0.00546633,38.89803652542016
1,4096,380,8,0.0103287,21.250302555016606
1,4096,380,12,0.00867063,25.313962191905315
1,4096,380,16,0.00752935,29.1509891292077
1,4096,380,20,0.00690686,31.778261033233626
1,4096,380,24,0.00684576,32.061889403075774
1,4096,380,28,0.00662191,33.14572381684438
1,4096,380,32,0.00624757,35.131739220208814
1,4096,380,36,0.00622273,35.27197869745273
1,4096,380,40,0.00611252,35.90793976952222
1,4096,380,44,0.00600873,36.52818482441381
1,4096,380,48,0.00580653,37.8002008084002
1,4096,380,52,0.00587478,37.36105862687624
1,4096,380,56,0.0057864,37.93170192174755
1,4096,380,60,0.00587009,37.39090882763296
1,4096,380,64,0.00560286,39.17427885044424
1,4096,380,68,0.00570234,38.49086515360361
1,4096,380,72,0.00578886,37.91558268812858
1,4096,380,76,0.00557373,39.37901548873017
1,4096,380,80,0.00559816,39.207168069508555
1,4096,380,84,0.0055311,39.68252246388602
1,4096,380,88,0.00561508,39.08902455530465
1,4096,380,92,0.00568077,38.63701575666679
1,4096,380,96,0.00547609,40.08115279332517
1,4096,380,100,0.00552048,39.75886154827116
1,4096,380,104,0.00551714,39.78293101135733
1,4096,380,108,0.00568757,38.59082173933683
1,4096,380,112,0.00556204,39.46178021013873
1,4096,380,116,0.00557794,39.34929382531902
1,4096,380,120,0.00563425,38.95602786528819
1,4096,380,124,0.00562015,39.0537619102693
1,4096,380,128,0.00555816,39.489327403313325
1,4096,380,132,0.00555091,39.54090410401177
1,4096,380,136,0.00553765,39.635585492040846
1,4096,380,140,0.00556184,39.46319922903212
1,4096,380,144,0.00555195,39.53349723970857
1,4096,380,148,0.00556451,39.444263735710784
1,4096,380,152,0.00557602,39.3628430314095
1,4096,380,156,0.00558983,39.26559483919905
1,4096,380,160,0.00560369,39.16847648602974
1,4096,380,164,0.00566228,38.76318373517382
1,4096,380,168,0.0056457,38.87702144995306
1,4096,380,172,0.00573954,38.24139216731654
1,4096,380,176,0.00568483,38.60942191762991
1,4096,380,180,0.00573486,38.27259950548052
1,4096,380,184,0.00577167,38.02850821339404
1,4096,380,188,0.00576123,38.09742016895698
1,4096,384,8,0.0108129,20.94650056876509
1,4096,384,12,0.00891269,25.41235205083987
1,4096,384,16,0.00795039,28.488214540418774
1,4096,384,20,0.00739381,30.632707088767496
1,4096,384,24,0.00715418,31.65875278508509
1,4096,384,28,0.007027,32.23173701437313
1,4096,384,32,0.00649748,34.85850144979285
1,4096,384,36,0.00650684,34.80835797407037
1,4096,384,40,0.00628952,36.01108129078213
1,4096,384,44,0.00620649,36.49283508069779
1,4096,384,48,0.00596688,37.95826562625693
1,4096,384,52,0.00599747,37.76466009834146
1,4096,384,56,0.0058658,38.61236591769238
1,4096,384,60,0.00603534,37.52769785960691
1,4096,384,64,0.00583767,38.798427454789326
1,4096,384,68,0.00581809,38.928998348255185
1,4096,384,72,0.00587584,38.54638928221326
1,4096,384,76,0.00589777,38.40306013967991
1,4096,384,80,0.00573942,39.46259656899129
1,4096,384,84,0.00578392,39.15898145202562
1,4096,384,88,0.00576495,39.28783701506518
1,4096,384,92,0.0058272,38.86813838550247
1,4096,384,96,0.00566631,39.971765752315
1,4096,384,100,0.00569805,39.749109958670076
1,4096,384,104,0.00571923,39.60190724975215
1,4096,384,108,0.00572946,39.53119770449571
1,4096,384,112,0.00573698,39.479380440580236
1,4096,384,116,0.00580938,38.987364572467285
1,4096,384,120,0.00574062,39.45434743982357
1,4096,384,124,0.0058282,38.86146940736419
1,4096,384,128,0.00568022,39.87388094123115
1,4096,384,132,0.00564775,40.10312354477447
1,4096,384,136,0.00568589,39.83411849332295
1,4096,384,140,0.00566002,40.016186515242
1,4096,384,144,0.00575123,39.38156116169932
1,4096,384,148,0.00569402,39.77724279156026
1,4096,384,152,0.00570901,39.672800713258525
1,4096,384,156,0.00575304,39.36917108172375
1,4096,384,160,0.00571151,39.65543542775903
1,4096,384,164,0.00574663,39.41308488627248
1,4096,384,168,0.00577969,39.18764085963088
1,4096,384,172,0.00579613,39.076490002812214
1,4096,384,176,0.00590896,38.33033494895887
1,4096,384,180,0.00585227,38.70163475027639
1,4096,384,184,0.00584924,38.72168281691297
1,4096,384,188,0.0059062,38.348246926958105
1,4096,384,192,0.00577432,39.224084567533495
1,4096,388,8,0.0109844,21.270555333017736
1,4096,388,12,0.0090892,25.705704352418255
1,4096,388,16,0.00796624,29.329305669927095
1,4096,388,20,0.00739974,31.57466181244206
1,4096,388,24,0.00737305,31.688960199646008
1,4096,388,28,0.00705375,33.12341492114123
1,4096,388,32,0.00671509,34.79391757966014
1,4096,388,36,0.00656759,35.57534620766521
1,4096,388,40,0.00638475,36.594116919221584
1,4096,388,44,0.00632959,36.913020906567404
1,4096,388,48,0.00625821,37.33404407969691
1,4096,388,52,0.00613924,38.05752633876506
1,4096,388,56,0.00607403,38.46610701626432
1,4096,388,60,0.00608192,38.416205408818264
1,4096,388,64,0.00604493,38.65128099084688
1,4096,388,68,0.00593448,39.37064207816018
1,4096,388,72,0.00599179,38.99407155457718
1,4096,388,76,0.00604704,38.63779435889295
1,4096,388,80,0.00586253,39.85383238977029
1,4096,388,84,0.00589074,39.66297748669946
1,4096,388,88,0.00590434,39.57161816562054
1,4096,388,92,0.00597624,39.09553297725661
1,4096,388,96,0.00593969,39.33610811338639
1,4096,388,100,0.0058244,40.11473937229585
1,4096,388,104,0.0058695,39.80650617599455
1,4096,388,108,0.00592229,39.45167967120827
1,4096,388,112,0.00583783,40.0224549190367
1,4096,388,116,0.00589848,39.61093162984362
1,4096,388,120,0.00591755,39.48328074963457
1,4096,388,124,0.00595133,39.25917198340539
1,4096,388,128,0.00596921,39.141576188473856
1,4096,388,132,0.00582637,40.10117586078468
1,4096,388,136,0.00587224,39.78793237333624
1,4096,388,140,0.00590412,39.573092687818004
1,4096,388,144,0.0058576,39.88737503414367
1,4096,388,148,0.00588554,39.69802057245384
1,4096,388,152,0.00589357,39.64393194617185
1,4096,388,156,0.00593124,39.39214869066165
1,4096,388,160,0.00592176,39.455210613060984
1,4096,388,164,0.00594534,39.29872606108313
1,4096,388,168,0.00596355,39.17872542361513
1,4096,388,172,0.00600965,38.87818558485103
1,4096,388,176,0.0059912,38.9979116036854
1,4096,388,180,0.00602945,38.75051422600735
1,4096,388,184,0.00604777,38.63313055886715
1,4096,388,188,0.00606814,38.503443888901714
1,4096,388,192,0.00613054,38.111534709829805
1,4096,392,8,0.0112486,21.420012445993283
1,4096,392,12,0.00921258,26.153927781359837
1,4096,392,16,0.00820141,29.378503452455128
1,4096,392,20,0.00757408,31.81180446998183
1,4096,392,24,0.00755083,31.909757205499265
1,4096,392,28,0.00717493,33.5815334783754
1,4096,392,32,0.00704476,34.202038394494636
1,4096,392,36,0.00669197,36.005115384557904
1,4096,392,40,0.00656713,36.6895663706977
1,4096,392,44,0.00650206,37.05674078676604
1,4096,392,48,0.00641909,37.53571799117944
1,4096,392,52,0.0063277,38.077840605591284
1,4096,392,56,0.00619353,38.902718159111195
1,4096,392,60,0.00626303,38.47101993763402
1,4096,392,64,0.00620917,38.80472784607282
1,4096,392,68,0.00617824,38.998995183094216
1,4096,392,72,0.00614111,39.23478849914755
1,4096,392,76,0.00615631,39.137917356338455
1,4096,392,80,0.00607013,39.69357361374468
1,4096,392,84,0.00602277,40.00570368783799
1,4096,392,88,0.00606111,39.752644647597556
1,4096,392,92,0.00613265,39.288912949540574
1,4096,392,96,0.00607057,39.69069659027077
1,4096,392,100,0.0060419,39.87903672685744
1,4096,392,104,0.00599666,40.17989213995791
1,4096,392,108,0.00608108,39.62209870615088
1,4096,392,112,0.0060019,40.14481280927706
1,4096,392,116,0.00604709,39.84480998298355
1,4096,392,120,0.00608051,39.62581296634657
1,4096,392,124,0.00616477,39.08420784554817
1,4096,392,128,0.00613562,39.26989481095635
1,4096,392,132,0.00600009,40.15692297948865
1,4096,392,136,0.00599972,40.15939943864047
1,4096,392,140,0.00598624,40.24983161383439
1,4096,392,144,0.00605594,39.786581769304185
1,4096,392,148,0.00602501,39.99083022268843
1,4096,392,152,0.00603155,39.94746822955956
1,4096,392,156,0.0060671,39.71339717492707
1,4096,392,160,0.00604357,39.86801708261839
1,4096,392,164,0.0060797,39.631092323634384
1,4096,392,168,0.00608991,39.56464906706339
1,4096,392,172,0.00611931,39.3745621646885
1,4096,392,176,0.00613745,39.25818572860064
1,4096,392,180,0.00616754,39.066654127901884
1,4096,392,184,0.00621952,38.740152294710846
1,4096,392,188,0.00621715,38.754920180468545
1,4096,392,192,0.00627631,38.38961937826525
1,4096,392,196,0.00616182,39.10291959193874
1,4096,396,8,0.0120927,20.541032523754
1,4096,396,12,0.00945216,26.27934186471664
1,4096,396,16,0.00837751,29.65040256591756
1,4096,396,20,0.00787529,31.541256766417494
1,4096,396,24,0.00780269,31.83473186811215
1,4096,396,28,0.00764143,32.50655230761781
1,4096,396,32,0.00724894,34.26660228943818
1,4096,396,36,0.00692993,35.84401920365718
1,4096,396,40,0.00674728,36.814322808598426
1,4096,396,44,0.0066807,37.18121514212582
1,4096,396,48,0.00660265,37.62073470500481
1,4096,396,52,0.00651205,38.14413955666802
1,4096,396,56,0.00656517,37.83550829605326
1,4096,396,60,0.00652721,38.05554655051699
1,4096,396,64,0.00646938,38.39572632926184
1,4096,396,68,0.00631608,39.327643728388495
1,4096,396,72,0.00627871,39.561716339821395
1,4096,396,76,0.00639986,38.812809030197535
1,4096,396,80,0.00623122,39.86322806769782
1,4096,396,84,0.00627022,39.61528367425704
1,4096,396,88,0.00634237,39.1646252110804
1,4096,396,92,0.00635993,39.05649024438948
1,4096,396,96,0.00634882,39.12483642629654
1,4096,396,100,0.00625592,39.70583767055845
1,4096,396,104,0.00623053,39.86764272060323
1,4096,396,108,0.00621953,39.938153526070295
1,4096,396,112,0.00621199,39.98662972734985
1,4096,396,116,0.00623481,39.840274843980815
1,4096,396,120,0.0062685,39.626153625269204
1,4096,396,124,0.00633721,39.19651455451216
1,4096,396,128,0.00630705,39.38395034128475
1,4096,396,132,0.00622989,39.87173834529983
1,4096,396,136,0.0062683,39.6274179602125
1,4096,396,140,0.0062252,39.90177729229583
1,4096,396,144,0.00621852,39.94464020377839
1,4096,396,148,0.00628329,39.53287911269415
1,4096,396,152,0.00628828,39.50150820256095
1,4096,396,156,0.00626925,39.621413087689916
1,4096,396,160,0.00629071,39.48624940586993
1,4096,396,164,0.00629271,39.4736995666414
1,4096,396,168,0.00640593,38.77603158323616
1,4096,396,172,0.00633862,39.1877954507448
1,4096,396,176,0.00635933,39.0601752071366
1,4096,396,180,0.00640426,38.7861429735832
1,4096,396,184,0.0064216,38.68141024043852
1,4096,396,188,0.00647712,38.349844375277904
1,4096,396,192,0.00644569,38.5368430687793
1,4096,396,196,0.0064809,38.32747673934176
1,4096,400,8,0.0119959,21.34062471344376
1,4096,400,12,0.00976823,26.2074091212021
1,4096,400,16,0.0085474,29.950628261225635
1,4096,400,20,0.00797259,32.11001694555972
1,4096,400,24,0.00798551,32.05806517054014
1,4096,400,28,0.00774057,33.07249982882398
1,4096,400,32,0.00734384,34.8591472581102
1,4096,400,36,0.00714276,35.84048743062906
1,4096,400,40,0.00694737,36.848476473831106
1,4096,400,44,0.00701134,36.512278679967025
1,4096,400,48,0.00680935,37.595365196384385
1,4096,400,52,0.00674157,37.973350421341024
1,4096,400,56,0.00669429,38.241546153512914
1,4096,400,60,0.00667083,38.37603416666292
1,4096,400,64,0.00661234,38.715492548780006
1,4096,400,68,0.006446,39.714551659944156
1,4096,400,72,0.00646492,39.598324495894765
1,4096,400,76,0.0065098,39.325324894774035
1,4096,400,80,0.00633244,40.42675493174827
1,4096,400,84,0.00638772,40.07689754716863
1,4096,400,88,0.00642979,39.81467512935881
1,4096,400,92,0.00649007,39.44487501675637
1,4096,400,96,0.00643396,39.78887030693383
1,4096,400,100,0.00635429,40.287742611684386
1,4096,400,104,0.00637365,40.16536835251387
1,4096,400,108,0.0063794,40.129165752265095
1,4096,400,112,0.00649946,39.38788760912445
1,4096,400,116,0.00640192,39.98800359892033
1,4096,400,120,0.00639414,40.03665856549903
1,4096,400,124,0.00649888,39.391402826333156
1,4096,400,128,0.00647654,39.52727845423637
1,4096,400,132,0.00647522,39.53533625112351
1,4096,400,136,0.00638609,40.0871268647952
1,4096,400,140,0.00638803,40.07495268494356
1,4096,400,144,0.00641027,39.93591533585949
1,4096,400,148,0.00641951,39.87843308912986
1,4096,400,152,0.00637579,40.15188706027018
1,4096,400,156,0.00642627,39.83648368338087
1,4096,400,160,0.00638037,40.12306496331718
1,4096,400,164,0.00645166,39.67971033811453
1,4096,400,168,0.00639952,40.003000225016876
1,4096,400,172,0.00649376,39.42246094712462
1,4096,400,176,0.00647265,39.55103396599539
1,4096,400,180,0.0065611,39.017847617015434
1,4096,400,184,0.00656943,38.968373207416775
1,4096,400,188,0.00659552,38.81422541361409
1,4096,400,192,0.00660099,38.78206147865699
1,4096,400,196,0.00663601,38.57739816546388
1,4096,400,200,0.0065509,39.07859988703842
1,4096,404,8,0.0124157,21.24383288900344
1,4096,404,12,0.010045,26.25754664011946
1,4096,404,16,0.00894833,29.475562032245122
1,4096,404,20,0.00836625,31.52631776482892
1,4096,404,24,0.00829119,31.811724975546333
1,4096,404,28,0.00803794,32.814011550223064
1,4096,404,32,0.00757288,34.82916090047644
1,4096,404,36,0.00741547,35.56848803919374
1,4096,404,40,0.00722774,36.49232761554787
1,4096,404,44,0.00719961,36.634908835339694
1,4096,404,48,0.00695324,37.932971679389745
1,4096,404,52,0.00691862,38.12278402340351
1,4096,404,56,0.00683966,38.5628899682148
1,4096,404,60,0.00682868,38.62489617319892
1,4096,404,64,0.00675366,39.05394349138098
1,4096,404,68,0.00663795,39.73471568782531
1,4096,404,72,0.00665314,39.64399606802202
1,4096,404,76,0.00678689,38.862727405335875
1,4096,404,80,0.00669623,39.38888837450327
1,4096,404,84,0.00665946,39.60637288909311
1,4096,404,88,0.00661121,39.895428522161595
1,4096,404,92,0.00672892,39.19753184760704
1,4096,404,96,0.00670196,39.35521190815821
1,4096,404,100,0.00667273,39.52760804048717
1,4096,404,104,0.00660208,39.95059981096867
1,4096,404,108,0.00662067,39.8384236036534
1,4096,404,112,0.00658498,40.054344280468584
1,4096,404,116,0.00660111,39.95647035119851
1,4096,404,120,0.00665975,39.60464822253088
1,4096,404,124,0.00673227,39.1780270250599
1,4096,404,128,0.00665744,39.61839025210892
1,4096,404,132,0.00673019,39.19013519677751
1,4096,404,136,0.00659525,39.99197240438194
1,4096,404,140,0.0065906,40.020188753679484
1,4096,404,144,0.0066239,39.81899726747083
1,4096,404,148,0.00663395,39.75867409311195
1,4096,404,152,0.00663037,39.780141379742005
1,4096,404,156,0.00668243,39.470231038708974
1,4096,404,160,0.00663904,39.72819202776305
1,4096,404,164,0.00665681,39.62213973359612
1,4096,404,168,0.00671303,39.290313911899695
1,4096,404,172,0.00670781,39.320889530263976
1,4096,404,176,0.00679455,38.818914571237244
1,4096,404,180,0.00681388,38.708790879792424
1,4096,404,184,0.00685641,38.46868200705617
1,4096,404,188,0.00684301,38.5440114803281
1,4096,404,192,0.00683035,38.61545250243399
1,4096,404,196,0.00687388,38.37091366157105
1,4096,404,200,0.00687653,38.35612670925598
1,4096,408,8,0.0127247,21.34975661508719
1,4096,408,12,0.0103557,26.23378892783684
1,4096,408,16,0.00917284,29.616699735305534
1,4096,408,20,0.0085743,31.684131415975646
1,4096,408,24,0.0084057,32.319645954530856
1,4096,408,28,0.00813139,33.40993950603771
1,4096,408,32,0.00775684,35.02318573027161
1,4096,408,36,0.00773776,35.10954694898783
1,4096,408,40,0.00745674,36.43271027285382
1,4096,408,44,0.00741115,36.65682761784608
1,4096,408,48,0.00723563,37.546039252974516
1,4096,408,52,0.00712072,38.15193519756429
1,4096,408,56,0.00707223,38.4135199222876
1,4096,408,60,0.00705026,38.533224022943834
1,4096,408,64,0.00695504,39.06077434493547
1,4096,408,68,0.00686269,39.58640824516334
1,4096,408,72,0.00685051,39.65679168412279
1,4096,408,76,0.00690675,39.33387599087849
1,4096,408,80,0.00681221,39.87975238578964
1,4096,408,84,0.00674297,40.289256514562574
1,4096,408,88,0.00678531,40.037853539484566
1,4096,408,92,0.00684156,39.70866995246698
1,4096,408,96,0.00685361,39.63885426804268
1,4096,408,100,0.00687258,39.52944134517168
1,4096,408,104,0.00672942,40.370380805478035
1,4096,408,108,0.00676537,40.15585962039031
1,4096,408,112,0.0067243,40.40111952173461
1,4096,408,116,0.00677003,40.12821922502559
1,4096,408,120,0.00678668,40.02977125781678
1,4096,408,124,0.0068331,39.75783290161127
1,4096,408,128,0.00681379,39.870504961262384
1,4096,408,132,0.0068401,39.717145655765265
1,4096,408,136,0.00671272,40.47081481128365
1,4096,408,140,0.00674038,40.304737715084315
1,4096,408,144,0.00674766,40.261253234454614
1,4096,408,148,0.00670547,40.514572132900454
1,4096,408,152,0.00673368,40.34484085967851
1,4096,408,156,0.00680788,39.90511701146319
1,4096,408,160,0.00684554,39.685583314099404
1,4096,408,164,0.00676536,40.15591897548689
1,4096,408,168,0.00683201,39.76417598920376
1,4096,408,172,0.0068686,39.55234662085432
1,4096,408,176,0.0068162,39.85640796924973
1,4096,408,180,0.00686931,39.54825855871987
1,4096,408,184,0.00689975,39.373781368890185
1,4096,408,188,0.00690339,39.35302047255045
1,4096,408,192,0.00701975,38.700701307026605
1,4096,408,196,0.0070105,38.751764924042504
1,4096,408,200,0.00700504,38.78196955335016
1,4096,408,204,0.00691772,39.271501014785215
1,4096,412,8,0.0130686,21.405361859724838
1,4096,412,12,0.0108135,25.869340361585056
1,4096,412,16,0.00945626,29.58232028307175
1,4096,412,20,0.00883441,31.664606012172857
1,4096,412,24,0.00871643,32.09319778854416
1,4096,412,28,0.0086567,32.31463629327573
1,4096,412,32,0.00792354,35.30468856092101
1,4096,412,36,0.00783563,35.700781175221394
1,4096,412,40,0.00772815,36.19729327199912
1,4096,412,44,0.00778617,35.92756284540409
1,4096,412,48,0.00740981,37.75240012901815
1,4096,412,52,0.00726379,38.511315993441436
1,4096,412,56,0.00726314,38.5147624856467
1,4096,412,60,0.00724703,38.6003800177452
1,4096,412,64,0.00719523,38.878272411027865
1,4096,412,68,0.00716156,39.06105820519552
1,4096,412,72,0.00719882,38.858884094893334
1,4096,412,76,0.00711251,39.33043496599654
1,4096,412,80,0.00705264,39.664311803806804
1,4096,412,84,0.00697718,40.09329155905394
1,4096,412,88,0.00702715,39.80818852593156
1,4096,412,92,0.00709446,39.430500982456735
1,4096,412,96,0.00704098,39.729996676599
1,4096,412,100,0.00709079,39.45090913706371
1,4096,412,104,0.00693279,40.35000512059358
1,4096,412,108,0.00702136,39.84101541581688
1,4096,412,112,0.00696714,40.151068013560796
1,4096,412,116,0.00696077,40.18781140592205
1,4096,412,120,0.0070037,39.94147550580408
1,4096,412,124,0.00704938,39.68265464480564
1,4096,412,128,0.00704989,39.679783939891266
1,4096,412,132,0.00704334,39.71668441392862
1,4096,412,136,0.00710529,39.3704003636727
1,4096,412,140,0.00698525,40.04697211982391
1,4096,412,144,0.00691141,40.47482525273425
1,4096,412,148,0.00703044,39.789559686164736
1,4096,412,152,0.00697224,40.12169862196367
1,4096,412,156,0.00698418,40.05310745141161
1,4096,412,160,0.00708805,39.4661595220124
1,4096,412,164,0.00700273,39.94700809541421
1,4096,412,168,0.00705464,39.653066917659864
1,4096,412,172,0.0071143,39.32053919570443
1,4096,412,176,0.00705099,39.673593637205556
1,4096,412,180,0.00711403,39.32203153486842
1,4096,412,184,0.00713557,39.20333091820275
1,4096,412,188,0.00721584,38.76722765471518
1,4096,412,192,0.00717441,38.99109641071531
1,4096,412,196,0.00720115,38.84631093644766
1,4096,412,200,0.00722674,38.708755538458554
1,4096,412,204,0.00728617,38.39302569113814
1,4096,416,8,0.0132277,21.76986051996946
1,4096,416,12,0.0109618,26.269881223886586
1,4096,416,16,0.00967588,29.7611363514223
1,4096,416,20,0.0089311,32.24296939906618
1,4096,416,24,0.00913291,31.530496194531647
1,4096,416,28,0.0086505,33.28884850586671
1,4096,416,32,0.00817862,35.20950771646072
1,4096,416,36,0.00803284,35.84848994876034
1,4096,416,40,0.00785133,36.67724882281091
1,4096,416,44,0.00775148,37.14970354048518
1,4096,416,48,0.00756491,38.065910103358796
1,4096,416,52,0.00741044,38.85939080540427
1,4096,416,56,0.00737664,39.03744577477008
1,4096,416,60,0.0073119,39.38308565489134
1,4096,416,64,0.00730717,39.408578697361634
1,4096,416,68,0.00734644,39.197922258944466
1,4096,416,72,0.00722144,39.87642132317101
1,4096,416,76,0.00727615,39.576587068710786
1,4096,416,80,0.00727112,39.60396527632607
1,4096,416,84,0.00711524,40.4716051742457
1,4096,416,88,0.00715935,40.22225257879556
1,4096,416,92,0.00724317,39.75678936156407
1,4096,416,96,0.00721308,39.92263831816644
1,4096,416,100,0.00721898,39.89000994600346
1,4096,416,104,0.00711838,40.45375267968274
1,4096,416,108,0.00710843,40.51037767833404
1,4096,416,112,0.00708048,40.670291279687255
1,4096,416,116,0.00721108,39.93371090044765
1,4096,416,120,0.00720977,39.94096677147815
1,4096,416,124,0.00716165,40.209334999616004
1,4096,416,128,0.00723276,39.81401069577865
1,4096,416,132,0.00717527,40.13301018637626
1,4096,416,136,0.00724914,39.72404781808601
1,4096,416,140,0.00709292,40.59896121766494
1,4096,416,144,0.0070923,40.60251032810231
1,4096,416,148,0.00710097,40.55293628898587
1,4096,416,152,0.00710216,40.54614145555718
1,4096,416,156,0.00721144,39.93171738238132
1,4096,416,160,0.00713382,40.366197072536174
1,4096,416,164,0.00715838,40.227702916022906
1,4096,416,168,0.00717444,40.13765311299558
1,4096,416,172,0.00720448,39.97029403926446
1,4096,416,176,0.0071749,40.135079792052856
1,4096,416,180,0.00727823,39.56527672249984
1,4096,416,184,0.00724674,39.73720376334738
1,4096,416,188,0.00734548,39.20304513796239
1,4096,416,192,0.00731999,39.339559753496935
1,4096,416,196,0.00737087,39.06800472671476
1,4096,416,200,0.00734124,39.22568721360424
1,4096,416,204,0.00741333,38.84424192636777
1,4096,416,208,0.0072815,39.54750861772987
1,4096,420,8,0.0136112,21.772657811214295
1,4096,420,12,0.0111836,26.498801816946244
1,4096,420,16,0.00999831,29.640209195354014
1,4096,420,20,0.00929403,31.886275383229883
1,4096,420,24,0.00924631,32.050839740393734
1,4096,420,28,0.00882353,33.586557760896156
1,4096,420,32,0.00855903,34.62448431656391
1,4096,420,36,0.00824028,35.96382647191601
1,4096,420,40,0.00803529,36.88130733302718
1,4096,420,44,0.00805079,36.8103006040401
1,4096,420,48,0.00779273,38.029291403654426
1,4096,420,52,0.00787251,37.64390264350252
1,4096,420,56,0.00767884,38.5933292007647
1,4096,420,60,0.00765518,38.71261028480062
1,4096,420,64,0.00761944,38.89419694885713
1,4096,420,68,0.00759961,38.99568530490381
1,4096,420,72,0.00750049,39.51101861345058
1,4096,420,76,0.00752767,39.368357008211035
1,4096,420,80,0.00746562,39.695564467519105
1,4096,420,84,0.00736551,40.235095736751425
1,4096,420,88,0.00744981,39.77980646486286
1,4096,420,92,0.00745762,39.7381470227767
1,4096,420,96,0.00740604,40.01490675178638
1,4096,420,100,0.00748021,39.61813906294074
1,4096,420,104,0.00750864,39.4681327111168
1,4096,420,108,0.00739186,40.09166840281066
1,4096,420,112,0.00738981,40.10279019352324
1,4096,420,116,0.00747104,39.66676660812952
1,4096,420,120,0.00740657,40.012043361502016
1,4096,420,124,0.00743007,39.88549233048948
1,4096,420,128,0.00747759,39.632020477185826
1,4096,420,132,0.0074844,39.59595959595959
1,4096,420,136,0.00744957,39.78108803595375
1,4096,420,140,0.00739227,40.08944478489016
1,4096,420,144,0.00736655,40.22941539798141
1,4096,420,148,0.00739087,40.097038643623826
1,4096,420,152,0.00738098,40.15076588745668
1,4096,420,156,0.00745249,39.76550119490264
1,4096,420,160,0.00741319,39.97631249165339
1,4096,420,164,0.00744694,39.79513733157512
1,4096,420,168,0.00745299,39.76283344000194
1,4096,420,172,0.007486,39.587496660432805
1,4096,420,176,0.00746527,39.69742554522475
1,4096,420,180,0.00749941,39.51670864774695
1,4096,420,184,0.00751396,39.440188662170144
1,4096,420,188,0.00756138,39.1928457503789
1,4096,420,192,0.00756956,39.15049223468735
1,4096,420,196,0.00764905,38.74363483046914
1,4096,420,200,0.00760773,38.954063827186296
1,4096,420,204,0.00768799,38.54739665374174
1,4096,420,208,0.00766717,38.652071103158015
1,4096,424,8,0.0141093,21.609866967177677
1,4096,424,12,0.0117132,26.03046955571492
1,4096,424,16,0.0102569,29.726339927268473
1,4096,424,20,0.00956443,31.878543310997102
1,4096,424,24,0.00943165,32.3273336054667
1,4096,424,28,0.00922203,33.06214531941448
1,4096,424,32,0.00874489,34.86608705198122
1,4096,424,36,0.00851355,35.81350858337591
1,4096,424,40,0.00826664,36.88319510708099
1,4096,424,44,0.00818737,37.240297678008936
1,4096,424,48,0.00805475,37.853452434898664
1,4096,424,52,0.00797916,38.21205440171647
1,4096,424,56,0.00785305,38.82569141925748
1,4096,424,60,0.007876,38.71255662772981
1,4096,424,64,0.0077897,39.141442674300684
1,4096,424,68,0.00773719,39.40708396717671
1,4096,424,72,0.00762455,39.98925785784079
1,4096,424,76,0.00776917,39.24487377673548
1,4096,424,80,0.00766436,39.781546795818564
1,4096,424,84,0.00766541,39.77609756033924
1,4096,424,88,0.007541,40.43231613844318
1,4096,424,92,0.00760083,40.11405280739077
1,4096,424,96,0.00759274,40.15679399004839
1,4096,424,100,0.00761557,40.03641171967429
1,4096,424,104,0.00769254,39.63581547837255
1,4096,424,108,0.00749126,40.700776104420356
1,4096,424,112,0.00751961,40.54732838538168
1,4096,424,116,0.00755139,40.37668508711641
1,4096,424,120,0.00759217,40.15980885570265
1,4096,424,124,0.0075977,40.130578464535326
1,4096,424,128,0.00757858,40.23182390368645
1,4096,424,132,0.00767482,39.72732858881381
1,4096,424,136,0.00762037,40.01119315728764
1,4096,424,140,0.00766571,39.77454091010487
1,4096,424,144,0.00752101,40.53978069434824
1,4096,424,148,0.00757822,40.23373509874351
1,4096,424,152,0.00752775,40.50348324532563
1,4096,424,156,0.00756293,40.31507577089832
1,4096,424,160,0.00759652,40.13681211923355
1,4096,424,164,0.00759203,40.16054941827153
1,4096,424,168,0.00759657,40.13654794203173
1,4096,424,172,0.00761454,40.04182734610364
1,4096,424,176,0.00765578,39.82613084493023
1,4096,424,180,0.00764954,39.858618426728924
1,4096,424,184,0.00764581,39.878063409893784
1,4096,424,188,0.00776898,39.245833558588124
1,4096,424,192,0.00773939,39.39588210440358
1,4096,424,196,0.0077587,39.29783288437496
1,4096,424,200,0.00780608,39.059309666311385
1,4096,424,204,0.00789469,38.62090797738734
1,4096,424,208,0.00783764,38.90202867189613
1,4096,424,212,0.0077879,39.1504893488617
1,4096,428,8,0.014467,21.67768079076519
1,4096,428,12,0.0118343,26.500173901286935
1,4096,428,16,0.0105305,29.781207729927353
1,4096,428,20,0.00986125,31.802358524527826
1,4096,428,24,0.00968581,32.37839767660113
1,4096,428,28,0.00963781,32.5396545480768
1,4096,428,32,0.00898499,34.90387947009401
1,4096,428,36,0.0086891,36.092461589807925
1,4096,428,40,0.00853664,36.73705439142333
1,4096,428,44,0.00852622,36.781951204637
1,4096,428,48,0.00824919,38.01718811180249
1,4096,428,52,0.00821508,38.17504004830141
1,4096,428,56,0.0081435,38.51059225148892
1,4096,428,60,0.00820048,38.24300626304802
1,4096,428,64,0.00797384,39.329985051117156
1,4096,428,68,0.0079946,39.22785480199135
1,4096,428,72,0.00793407,39.52712895147131
1,4096,428,76,0.00799751,39.21358122715696
1,4096,428,80,0.00791936,39.60054953935671
1,4096,428,84,0.00794124,39.49144063143791
1,4096,428,88,0.00783605,40.02156800939249
1,4096,428,92,0.00782442,40.081054953594
1,4096,428,96,0.00780845,40.16302953851277
1,4096,428,100,0.00792863,39.5542493469868
1,4096,428,104,0.00790127,39.6912152097068
1,4096,428,108,0.00778463,40.28592341575643
1,4096,428,112,0.00787597,39.81871540902264
1,4096,428,116,0.00782424,40.08197703546926
1,4096,428,120,0.0078284,40.06067753308467
1,4096,428,124,0.00784686,39.966433452361834
1,4096,428,128,0.00784249,39.98870358776358
1,4096,428,132,0.00786098,39.894645196909295
1,4096,428,136,0.00788847,39.75561902371435
1,4096,428,140,0.00793246,39.53515151667956
1,4096,428,144,0.00780347,40.1886606855668
1,4096,428,148,0.00781653,40.12151274286671
1,4096,428,152,0.00784646,39.968470877312825
1,4096,428,156,0.0078542,39.92908354765603
1,4096,428,160,0.00785,39.9504468789809
1,4096,428,164,0.00782041,40.101606948996285
1,4096,428,168,0.0079025,39.68503739322999
1,4096,428,172,0.00792476,39.57356538242168
1,4096,428,176,0.00792767,39.55903916283095
1,4096,428,180,0.00792334,39.580657651949814
1,4096,428,184,0.00792815,39.55664410991215
1,4096,428,188,0.00799704,39.215885877774774
1,4096,428,192,0.00795398,39.4281866436677
1,4096,428,196,0.00803148,39.047723209171906
1,4096,428,200,0.00805095,38.95329222017278
1,4096,428,204,0.00812262,38.60958754687527
1,4096,428,208,0.00811653,38.638557117388835
1,4096,428,212,0.00815406,38.46071870945272
1,4096,432,8,0.0149905,21.512709516026817
1,4096,432,12,0.01209,26.67380248138958
1,4096,432,16,0.010712,30.105141150112026
1,4096,432,20,0.0100753,32.00760989747204
1,4096,432,24,0.0100442,32.106715517413036
1,4096,432,28,0.00970264,33.23696148677061
1,4096,432,32,0.00909811,35.4454136078812
1,4096,432,36,0.00908147,35.51036032712766
1,4096,432,40,0.00879794,36.65474781596601
1,4096,432,44,0.00856779,37.63937631524582
1,4096,432,48,0.00833127,38.70793672513314
1,4096,432,52,0.00835816,38.58340495994334
1,4096,432,56,0.00831814,38.76903634706798
1,4096,432,60,0.00838427,38.46324987148554
1,4096,432,64,0.00808127,39.90539506785443
1,4096,432,68,0.00827339,38.97873447280981
1,4096,432,72,0.00805131,40.05388837344481
1,4096,432,76,0.00805424,40.03931742783925
1,4096,432,80,0.00799149,40.35371025928831
1,4096,432,84,0.00805279,40.04652698009013
1,4096,432,88,0.00796699,40.47780554513059
1,4096,432,92,0.00798816,40.37053238793414
1,4096,432,96,0.00807426,39.94004057337762
1,4096,432,100,0.00799628,40.3295372348142
1,4096,432,104,0.00803603,40.13004829499143
1,4096,432,108,0.00795456,40.54105720492397
1,4096,432,112,0.00787949,40.92730265537491
1,4096,432,116,0.00796635,40.48105744789018
1,4096,432,120,0.00796627,40.48146397247395
1,4096,432,124,0.00799226,40.349822453223496
1,4096,432,128,0.00799855,40.31809165411231
1,4096,432,132,0.00802183,40.201085288518954
1,4096,432,136,0.00805983,40.01154763810155
1,4096,432,140,0.00805325,40.04423953062428
1,4096,432,144,0.00793511,40.64042867710719
1,4096,432,148,0.00803022,40.159083063726776
1,4096,432,152,0.00794868,40.57104726822567
1,4096,432,156,0.00798042,40.40968670821836
1,4096,432,160,0.00793053,40.66389913410579
1,4096,432,164,0.00801613,40.229670925995464
1,4096,432,168,0.00794633,40.583045506542014
1,4096,432,172,0.00806189,40.0013237590689
1,4096,432,176,0.00797597,40.43223231782466
1,4096,432,180,0.00807846,39.91927570353755
1,4096,432,184,0.00807565,39.93316599902175
1,4096,432,188,0.00805534,40.03384984370617
1,4096,432,192,0.00808157,39.90391371973515
1,4096,432,196,0.00814051,39.61499611203721
1,4096,432,200,0.00820419,39.307508967978556
1,4096,432,204,0.00820437,39.30664657981051
1,4096,432,208,0.00819223,39.36489478444819
1,4096,432,212,0.00827633,38.96488806028759
1,4096,432,216,0.00812917,39.6702580952299
1,4096,436,8,0.0151725,21.850546976437634
1,4096,436,12,0.0129258,25.64850330347058
1,4096,436,16,0.0112132,29.565817429458143
1,4096,436,20,0.0103748,31.955066507306164
1,4096,436,24,0.010287,32.227804413337225
1,4096,436,28,0.00988134,33.55085686759083
1,4096,436,32,0.00944426,35.103589270096336
1,4096,436,36,0.00953532,34.768358481938726
1,4096,436,40,0.00889351,37.2774555827789
1,4096,436,44,0.00886508,37.39700307273031
1,4096,436,48,0.0087477,37.898810430170215
1,4096,436,52,0.00870454,38.08672531805242
1,4096,436,56,0.00852374,38.89459603413525
1,4096,436,60,0.00865085,38.32310397244202
1,4096,436,64,0.00842647,39.343571388730986
1,4096,436,68,0.00841273,39.40782884985017
1,4096,436,72,0.00845705,39.20130825760755
1,4096,436,76,0.00836101,39.65159998612607
1,4096,436,80,0.0082925,39.97918890563763
1,4096,436,84,0.00835844,39.663791808040735
1,4096,436,88,0.00833276,39.78602815873732
1,4096,436,92,0.00831671,39.86280921181574
1,4096,436,96,0.00825925,40.14013669522051
1,4096,436,100,0.00827763,40.0510078367842
1,4096,436,104,0.0082479,40.195373852738264
1,4096,436,108,0.00830554,39.9164201243989
1,4096,436,112,0.00819908,40.43471023578255
1,4096,436,116,0.00820284,40.41617586104325
1,4096,436,120,0.00823559,40.255455164718015
1,4096,436,124,0.00823931,40.237280063500464
1,4096,436,128,0.00828366,40.021853142210084
1,4096,436,132,0.00823251,40.27051579651892
1,4096,436,136,0.00828687,40.0063502866583
1,4096,436,140,0.00831444,39.87369251567153
1,4096,436,144,0.00832429,39.826510609313225
1,4096,436,148,0.00823693,40.24890632796443
1,4096,436,152,0.00821748,40.344171692538346
1,4096,436,156,0.00824346,40.21702343433462
1,4096,436,160,0.00822964,40.2845597134261
1,4096,436,164,0.00825158,40.17744771304405
1,4096,436,168,0.00828687,40.0063502866583
1,4096,436,172,0.00829185,39.98232288331313
1,4096,436,176,0.00836938,39.61194544876682
1,4096,436,180,0.00835877,39.662225901657784
1,4096,436,184,0.00832906,39.80370221849765
1,4096,436,188,0.00837736,39.57421240104281
1,4096,436,192,0.00837995,39.56198115740547
1,4096,436,196,0.00847894,39.10010260716551
1,4096,436,200,0.00843546,39.30164140426248
1,4096,436,204,0.00850952,38.959591610337604
1,4096,436,208,0.00849361,39.032569661192355
1,4096,436,212,0.00854834,38.78266704412787
1,4096,436,216,0.00855104,38.77042137564554
1,4096,440,8,0.015807,21.556019485038274
1,4096,440,12,0.0129923,26.22599539727377
1,4096,440,16,0.01143,29.81067366579178
1,4096,440,20,0.0107605,31.665443055620095
1,4096,440,24,0.0105911,32.171917931093084
1,4096,440,28,0.0101883,33.44385226190826
1,4096,440,32,0.00967469,35.21931968879623
1,4096,440,36,0.00954805,35.686449065515994
1,4096,440,40,0.00916398,37.182097734827
1,4096,440,44,0.00912333,37.34776665976129
1,4096,440,48,0.00904341,37.67782285664368
1,4096,440,52,0.00893784,38.122857424165126
1,4096,440,56,0.0088129,38.66332308320757
1,4096,440,60,0.00883615,38.561590738047684
1,4096,440,64,0.00860961,39.57624096794164
1,4096,440,68,0.00865067,39.38839419374454
1,4096,440,72,0.00862319,39.51391538398203
1,4096,440,76,0.00855223,39.841772262906865
1,4096,440,80,0.00849819,40.09512613862481
1,4096,440,84,0.00857369,39.74204805632114
1,4096,440,88,0.008415,40.491503267973854
1,4096,440,92,0.00845917,40.28007475910758
1,4096,440,96,0.00842507,40.44310611069107
1,4096,440,100,0.0084734,40.212429485212546
1,4096,440,104,0.0084971,40.10026950371303
1,4096,440,108,0.00861699,39.542345993206446
1,4096,440,112,0.00832543,40.927135295113885
1,4096,440,116,0.00839439,40.59091845863726
1,4096,440,120,0.00837236,40.69772441701026
1,4096,440,124,0.00842986,40.42012560113691
1,4096,440,128,0.00844482,40.348521342077156
1,4096,440,132,0.00843843,40.379075254520096
1,4096,440,136,0.00848893,40.138863201840515
1,4096,440,140,0.00852056,39.98985982142019
1,4096,440,144,0.00846855,40.235459435204376
1,4096,440,148,0.00838096,40.6559630400336
1,4096,440,152,0.00838478,40.637440696118446
1,4096,440,156,0.00837081,40.705260303363715
1,4096,440,160,0.00844102,40.36668554274246
1,4096,440,164,0.00841739,40.48000627272824
1,4096,440,168,0.00844259,40.35917887757193
1,4096,440,172,0.00850276,40.07357610940448
1,4096,440,176,0.00845024,40.32264172378536
1,4096,440,180,0.00851784,40.002629774684664
1,4096,440,184,0.0084779,40.19108505644086
1,4096,440,188,0.00861681,39.54317200913099
1,4096,440,192,0.00856868,39.765284734638236
1,4096,440,196,0.00858107,39.707868599137406
1,4096,440,200,0.00871286,39.10725066166563
1,4096,440,204,0.00869315,39.19591862558451
1,4096,440,208,0.00864061,39.43425290575549
1,4096,440,212,0.00872887,39.035522352836054
1,4096,440,216,0.00871903,39.07957651252491
1,4096,440,220,0.0086558,39.365050024261194
1,4096,444,8,0.0160089,21.869930850964153
1,4096,444,12,0.0131083,26.709301434968687
1,4096,444,16,0.0124139,28.203347537840646
1,4096,444,20,0.0109828,31.878349419091673
1,4096,444,24,0.0109991,31.831107636079317
1,4096,444,28,0.0104412,33.531925066084355
1,4096,444,32,0.00993333,35.24634095514797
1,4096,444,36,0.0098019,35.71894591864842
1,4096,444,40,0.00955654,36.63601428969062
1,4096,444,44,0.00963835,36.325048996975625
1,4096,444,48,0.00933582,37.50217292107175
1,4096,444,52,0.00913685,38.31884467841762
1,4096,444,56,0.00896844,39.038398651270455
1,4096,444,60,0.00909982,38.47477598457992
1,4096,444,64,0.00884572,39.57999303618021
1,4096,444,68,0.00885454,39.540567437721215
1,4096,444,72,0.00890539,39.3147898070719
1,4096,444,76,0.00880322,39.771076492465255
1,4096,444,80,0.00876555,39.9419929154474
1,4096,444,84,0.0088189,39.70036353740262
1,4096,444,88,0.00887214,39.46212931716587
1,4096,444,92,0.00874921,40.016588469130355
1,4096,444,96,0.00877615,39.893750220768794
1,4096,444,100,0.0086986,40.24941208930172
1,4096,444,104,0.00874917,40.016771419460355
1,4096,444,108,0.00879469,39.80965059598462
1,4096,444,112,0.0085811,40.80054258778012
1,4096,444,116,0.00863808,40.53140697932874
1,4096,444,120,0.0087733,39.90670967594862
1,4096,444,124,0.00868813,40.29791635254077
1,4096,444,128,0.00869785,40.25288272389153
1,4096,444,132,0.00872958,40.10657282480944
1,4096,444,136,0.00872499,40.12767189417982
1,4096,444,140,0.00878306,39.86236414188221
1,4096,444,144,0.00876068,39.96419638658186
1,4096,444,148,0.00864579,40.49526254974964
1,4096,444,152,0.00872258,40.13875894517448
1,4096,444,156,0.0086626,40.41668044236142
1,4096,444,160,0.00866014,40.42816120755553
1,4096,444,164,0.0086647,40.406884946968745
1,4096,444,168,0.00871297,40.18303012635186
1,4096,444,172,0.00877557,39.89638690136367
1,4096,444,176,0.00873551,40.07934694139209
1,4096,444,180,0.00873276,40.09196817500997
1,4096,444,184,0.00882965,39.652028789363115
1,4096,444,188,0.00884463,39.58487081992124
1,4096,444,192,0.00883558,39.625416328073534
1,4096,444,196,0.00888721,39.39521357096322
1,4096,444,200,0.00895744,39.08633895398685
1,4096,444,204,0.00896039,39.07347068598576
1,4096,444,208,0.00894217,39.15308431845962
1,4096,444,212,0.00898856,38.95101506804205
1,4096,444,216,0.00906906,38.60527287282254
1,4096,444,220,0.00906694,38.61429942185566
1,4096,448,8,0.0166758,21.56787488456326
1,4096,448,12,0.0137008,26.25113628401261
1,4096,448,16,0.0119852,30.008808196776023
1,4096,448,20,0.0112043,32.10031577162339
1,4096,448,24,0.0110724,32.48271088472237
1,4096,448,28,0.0107767,33.37399834828844
1,4096,448,32,0.0101904,35.29415606845658
1,4096,448,36,0.010082,35.673633009323545
1,4096,448,40,0.00973642,36.93981648285509
1,4096,448,44,0.00982655,36.601001165210576
1,4096,448,48,0.00947894,37.94322656330771
1,4096,448,52,0.0093233,38.57663788572716
1,4096,448,56,0.0092138,39.03509605157481
1,4096,448,60,0.00926004,38.8401743404996
1,4096,448,64,0.00900171,39.95480503148846
1,4096,448,68,0.00907018,39.65318968311544
1,4096,448,72,0.00917243,39.21115429608075
1,4096,448,76,0.00897621,40.06831034478917
1,4096,448,80,0.00888946,40.45932688824743
1,4096,448,84,0.00901725,39.885948376722396
1,4096,448,88,0.0090758,39.62863527182177
1,4096,448,92,0.00888537,40.47795060869722
1,4096,448,96,0.00887709,40.515705935165684
1,4096,448,100,0.0089051,40.388268295695724
1,4096,448,104,0.0090271,39.84242647140278
1,4096,448,108,0.00894947,40.188029905681574
1,4096,448,112,0.00882936,40.734726865820406
1,4096,448,116,0.00884513,40.6621008396711
1,4096,448,120,0.00879552,40.89145019282544
1,4096,448,124,0.00891845,40.32781122280217
1,4096,448,128,0.00884795,40.649141100480904
1,4096,448,132,0.00882254,40.76621562497874
1,4096,448,136,0.00888909,40.461010969626805
1,4096,448,140,0.00900986,39.91866333106175
1,4096,448,144,0.00893696,40.24428530507018
1,4096,448,148,0.00892754,40.28674954130702
1,4096,448,152,0.00884151,40.67874921817653
1,4096,448,156,0.00892586,40.29433219880213
1,4096,448,160,0.00887202,40.538859019704645
1,4096,448,164,0.00889718,40.42422070813449
1,4096,448,168,0.0088525,40.6282482914431
1,4096,448,172,0.00887529,40.52392293660264
1,4096,448,176,0.0088992,40.41504494786048
1,4096,448,180,0.00893982,40.23141047582614
1,4096,448,184,0.00890486,40.38935682312805
1,4096,448,188,0.00896882,40.101325257949206
1,4096,448,192,0.00900819,39.92606372645338
1,4096,448,196,0.0090267,39.844192008153584
1,4096,448,200,0.00904884,39.74670432895266
1,4096,448,204,0.00908599,39.584191486013076
1,4096,448,208,0.00914428,39.33186297882392
1,4096,448,212,0.00915786,39.273538577790006
1,4096,448,216,0.00918706,39.148712210435114
1,4096,448,220,0.00927819,38.764195171687575
1,4096,448,224,0.00907226,39.64409838342375
1,4096,452,8,0.0169791,21.755077242021073
1,4096,452,12,0.0139207,26.534702421573627
1,4096,452,16,0.0127141,29.052912278493952
1,4096,452,20,0.0115645,31.94099459552942
1,4096,452,24,0.0116487,31.710116321993013
1,4096,452,28,0.0110853,33.32175331294598
1,4096,452,32,0.0106938,34.54166264564514
1,4096,452,36,0.0102372,36.082291251514086
1,4096,452,40,0.0101591,36.35968068037523
1,4096,452,44,0.00992507,37.21703040885354
1,4096,452,48,0.00979502,37.711166694912315
1,4096,452,52,0.00959825,38.48426869481416
1,4096,452,56,0.00964678,38.29066610827654
1,4096,452,60,0.00955382,38.663239625615724
1,4096,452,64,0.00954137,38.71368912430815
1,4096,452,68,0.00940891,39.2587060562807
1,4096,452,72,0.00932748,39.60143918829094
1,4096,452,76,0.00925529,39.91032501412706
1,4096,452,80,0.00927113,39.84213704262587
1,4096,452,84,0.00921632,40.0790805874796
1,4096,452,88,0.00926431,39.87146716808915
1,4096,452,92,0.00916042,40.32365677556269
1,4096,452,96,0.00910371,40.57484607923583
1,4096,452,100,0.00916991,40.281925558702326
1,4096,452,104,0.00918484,40.21644710196367
1,4096,452,108,0.00925212,39.923999256386644
1,4096,452,112,0.00917471,40.26085096967642
1,4096,452,116,0.00915401,40.35189299552873
1,4096,452,120,0.0091381,40.422148148958755
1,4096,452,124,0.00912797,40.4670076698324
1,4096,452,128,0.00912259,40.490872877110554
1,4096,452,132,0.00919517,40.171267306640324
1,4096,452,136,0.00922694,40.032950468952876
1,4096,452,140,0.00927522,39.82456825821921
1,4096,452,144,0.009204,40.132728378965666
1,4096,452,148,0.00932487,39.612523498987116
1,4096,452,152,0.00910344,40.57604949337833
1,4096,452,156,0.00920178,40.14241070749355
1,4096,452,160,0.00914664,40.384406951623774
1,4096,452,164,0.00918621,40.21044935833167
1,4096,452,168,0.00915897,40.33004060500252
1,4096,452,172,0.00922335,40.04853247464316
1,4096,452,176,0.00919338,40.17908886611888
1,4096,452,180,0.00923502,39.99792442247011
1,4096,452,184,0.00918851,40.20038417545391
1,4096,452,188,0.00926292,39.87745030724653
1,4096,452,192,0.00925741,39.90118532073225
1,4096,452,196,0.00932166,39.62616443852275
1,4096,452,200,0.00935053,39.50381764456132
1,4096,452,204,0.00939006,39.33751562822815
1,4096,452,208,0.00941528,39.23214519377013
1,4096,452,212,0.00948644,38.937855718267336
1,4096,452,216,0.00952548,38.77826965150313
1,4096,452,220,0.00951122,38.836409209333816
1,4096,452,224,0.00957502,38.57763555585262
1,4096,456,8,0.0178611,21.234709172447385
1,4096,456,12,0.0143145,26.495879283244264
1,4096,456,16,0.0128166,29.592502223678668
1,4096,456,20,0.0117182,32.366341588298546
1,4096,456,24,0.0116814,32.468305511325696
1,4096,456,28,0.0112262,33.78483048582779
1,4096,456,32,0.0107723,35.20838298227862
1,4096,456,36,0.0104433,36.317568584642785
1,4096,456,40,0.0103087,36.79176462599551
1,4096,456,44,0.0101281,37.44781982800328
1,4096,456,48,0.00993172,38.18827594817413
1,4096,456,52,0.00972066,39.017439556573315
1,4096,456,56,0.00983338,38.57018278557323
1,4096,456,60,0.0097955,38.71933683834414
1,4096,456,64,0.00965879,39.26736827283749
1,4096,456,68,0.0095404,39.75465011949185
1,4096,456,72,0.00961129,39.46143171208028
1,4096,456,76,0.00950813,39.88957492167229
1,4096,456,80,0.00939683,40.36204379562044
1,4096,456,84,0.00939063,40.38869213247673
1,4096,456,88,0.00944233,40.1675501703499
1,4096,456,92,0.00936993,40.47791861838883
1,4096,456,96,0.00926906,40.918417185777194
1,4096,456,100,0.00929107,40.821483854927365
1,4096,456,104,0.00940354,40.33324301273775
1,4096,456,108,0.00941977,40.263749964171105
1,4096,456,112,0.00938835,40.398500695010306
1,4096,456,116,0.00931823,40.70250079682515
1,4096,456,120,0.00923628,41.06363860775117
1,4096,456,124,0.00927796,40.87916567866212
1,4096,456,128,0.00929517,40.80347793531479
1,4096,456,132,0.00934266,40.596068357405706
1,4096,456,136,0.00931729,40.70660717869681
1,4096,456,140,0.00940289,40.33603115637852
1,4096,456,144,0.00936881,40.482757575401784
1,4096,456,148,0.00941526,40.283036687250274
1,4096,456,152,0.00931679,40.70879176196952
1,4096,456,156,0.00928649,40.84161658495298
1,4096,456,160,0.00930668,40.75301439396219
1,4096,456,164,0.00930345,40.76716314915435
1,4096,456,168,0.00931555,40.71421054044045
1,4096,456,172,0.00932454,40.67495704881957
1,4096,456,176,0.00933072,40.64801687329595
1,4096,456,180,0.00944137,40.17163441322605
1,4096,456,184,0.00938952,40.39346675868415
1,4096,456,188,0.00945592,40.10982157209452
1,4096,456,192,0.00947926,40.01106246690143
1,4096,456,196,0.00950279,39.911990478585764
1,4096,456,200,0.00950903,39.8857994979509
1,4096,456,204,0.0096053,39.486040415187446
1,4096,456,208,0.00964902,39.30712797776355
1,4096,456,212,0.00960098,39.50380731966945
1,4096,456,216,0.0096627,39.2514787792232
1,4096,456,220,0.00968808,39.148651125919685
1,4096,456,224,0.00967475,39.2025906612574
1,4096,456,228,0.00957967,39.59168363837168
1,4096,460,8,0.0180009,21.629140765183962
1,4096,460,12,0.0147112,26.465821958779706
1,4096,460,16,0.0129348,30.100504066549156
1,4096,460,20,0.0120792,32.23259818531028
1,4096,460,24,0.0122082,31.892007011680672
1,4096,460,28,0.0116758,33.34623751691533
1,4096,460,32,0.0110922,35.100701393772205
1,4096,460,36,0.0108506,35.88225535915064
1,4096,460,40,0.0105203,37.008830546657414
1,4096,460,44,0.0104466,37.269925143108765
1,4096,460,48,0.0102428,38.01148123559964
1,4096,460,52,0.01008,38.62539682539682
1,4096,460,56,0.010269,37.91449995130977
1,4096,460,60,0.0100235,38.843118671122866
1,4096,460,64,0.00999672,38.94717467329284
1,4096,460,68,0.0101062,38.52526172052799
1,4096,460,72,0.00995184,39.12281547934854
1,4096,460,76,0.00993064,39.206335140534755
1,4096,460,80,0.00957372,40.66799530381085
1,4096,460,84,0.00979204,39.76127548498577
1,4096,460,88,0.00976801,39.85909105334659
1,4096,460,92,0.00958224,40.631835562457205
1,4096,460,96,0.00963433,40.41215113038478
1,4096,460,100,0.00964475,40.36849062961715
1,4096,460,104,0.00967421,40.24556010258202
1,4096,460,108,0.00975502,39.912168298988625
1,4096,460,112,0.00978051,39.80814906380137
1,4096,460,116,0.00956859,40.68979860146584
1,4096,460,120,0.00966534,40.282493942272076
1,4096,460,124,0.00971715,40.067715328054
1,4096,460,128,0.0096196,40.47403218429041
1,4096,460,132,0.00979544,39.74747433499669
1,4096,460,136,0.00967648,40.236118919276436
1,4096,460,140,0.00967346,40.248680410111795
1,4096,460,144,0.00969651,40.153003503322324
1,4096,460,148,0.00970302,40.12606384404032
1,4096,460,152,0.00975384,39.91699679305791
1,4096,460,156,0.00958411,40.62390769721967
1,4096,460,160,0.00964046,40.38645458826653
1,4096,460,164,0.00962857,40.436326474232416
1,4096,460,168,0.00965567,40.32283621954768
1,4096,460,172,0.00964763,40.356439871761246
1,4096,460,176,0.00965024,40.345525085386484
1,4096,460,180,0.00967324,40.24959579210275
1,4096,460,184,0.00974118,39.96887440741265
1,4096,460,188,0.00967498,40.24235709014386
1,4096,460,192,0.00974295,39.96161326908175
1,4096,460,196,0.00976419,39.87468494570466
1,4096,460,200,0.00979937,39.73153376186428
1,4096,460,204,0.00981553,39.66612093284825
1,4096,460,208,0.00985803,39.495112106577075
1,4096,460,212,0.00987166,39.44058040896871
1,4096,460,216,0.00997666,39.0254854831176
1,4096,460,220,0.00996064,39.0882513573425
1,4096,460,224,0.0100322,38.809433623731586
1,4096,460,228,0.0100541,38.72489830019594
1,4096,464,8,0.0184898,21.611341171889364
1,4096,464,12,0.0149469,26.733929844984576
1,4096,464,16,0.0133214,29.99604966444968
1,4096,464,20,0.0124649,32.05716660382354
1,4096,464,24,0.0124392,32.12339828927906
1,4096,464,28,0.0118806,33.63377068498224
1,4096,464,32,0.011321,35.296296793569475
1,4096,464,36,0.0112522,35.51211105383835
1,4096,464,40,0.0108404,36.86112837164681
1,4096,464,44,0.0106505,37.518367776160744
1,4096,464,48,0.0104334,38.29905649165181
1,4096,464,52,0.0102205,39.0968520131109
1,4096,464,56,0.0102353,39.040318896368454
1,4096,464,60,0.0102401,39.02201892559643
1,4096,464,64,0.0100993,39.566046755715746
1,4096,464,68,0.0100011,39.954542600313964
1,4096,464,72,0.0100574,39.73088233539484
1,4096,464,76,0.01005,39.76013691542289
1,4096,464,80,0.00977491,40.879084922521024
1,4096,464,84,0.00996029,40.11824715947025
1,4096,464,88,0.00996366,40.10467799985146
1,4096,464,92,0.00994664,40.173302341293144
1,4096,464,96,0.00970485,41.17419393396086
1,4096,464,100,0.00980036,40.77292834140787
1,4096,464,104,0.00986073,40.523305678180016
1,4096,464,108,0.00995031,40.15848511252413
1,4096,464,112,0.00983173,40.642834577434485
1,4096,464,116,0.00974773,40.99306977111594
1,4096,464,120,0.00972601,41.084614965438035
1,4096,464,124,0.00979902,40.77850397284626
1,4096,464,128,0.00975026,40.98243287871298
1,4096,464,132,0.00984362,40.5937425459333
1,4096,464,136,0.00985383,40.55168152890805
1,4096,464,140,0.00990637,40.33660927261954
1,4096,464,144,0.00979906,40.778337514006445
1,4096,464,148,0.00989552,40.38083658059405
1,4096,464,152,0.00989806,40.37047421413893
1,4096,464,156,0.00980549,40.75159691152609
1,4096,464,160,0.00983,40.649987385554425
1,4096,464,164,0.00974186,41.01777032312105
1,4096,464,168,0.00978633,40.83138173349969
1,4096,464,172,0.00981964,40.692874280523526
1,4096,464,176,0.00979941,40.77688105712487
1,4096,464,180,0.00987726,40.45548826293932
1,4096,464,184,0.0098075,40.74324506755035
1,4096,464,188,0.00988611,40.41927269674321
1,4096,464,192,0.00988645,40.41788265757678
1,4096,464,196,0.00995831,40.12622382713533
1,4096,464,200,0.00996754,40.08906671054242
1,4096,464,204,0.0100815,39.63590497445817
1,4096,464,208,0.0101225,39.47536438626822
1,4096,464,212,0.0100991,39.56683031161192
1,4096,464,216,0.0101076,39.53355653171871
1,4096,464,220,0.0101585,39.33547039425111
1,4096,464,224,0.0101393,39.409956900377736
1,4096,464,228,0.0102797,38.87169625572731
1,4096,464,232,0.0100485,39.76607215007215
1,4096,468,8,0.0193926,21.142751771294204
1,4096,468,12,0.0154045,26.61643857314421
1,4096,468,16,0.0137038,29.919652067309794
1,4096,468,20,0.0128963,31.793066848631003
1,4096,468,24,0.0127384,32.187160710921304
1,4096,468,28,0.0121866,33.644570922160405
1,4096,468,32,0.0116057,35.32858233454251
1,4096,468,36,0.0113762,36.04129041331904
1,4096,468,40,0.0110516,37.099870426001665
1,4096,468,44,0.0110429,37.12909905912396
1,4096,468,48,0.0106604,38.46130801846085
1,4096,468,52,0.0105376,38.90951715760705
1,4096,468,56,0.0106442,38.5198444223145
1,4096,468,60,0.0105273,38.947586560656575
1,4096,468,64,0.010456,39.21317214996174
1,4096,468,68,0.0103912,39.457707290784505
1,4096,468,72,0.0102393,40.0430623187132
1,4096,468,76,0.0103892,39.46530319947638
1,4096,468,80,0.0100591,40.760398842838825
1,4096,468,84,0.0101491,40.39894453695402
1,4096,468,88,0.0104061,39.401209675094414
1,4096,468,92,0.0102837,39.87017590944894
1,4096,468,96,0.0100177,40.928848737734214
1,4096,468,100,0.0101186,40.520717095250326
1,4096,468,104,0.010108,40.56321013058963
1,4096,468,108,0.0101564,40.369907447520774
1,4096,468,112,0.0101687,40.32107624376764
1,4096,468,116,0.0102979,39.815198050087886
1,4096,468,120,0.010081,40.671850808451545
1,4096,468,124,0.010145,40.41527136520454
1,4096,468,128,0.0100726,40.70576891765781
1,4096,468,132,0.0103554,39.59411785155571
1,4096,468,136,0.0102148,40.13910482828837
1,4096,468,140,0.0101795,40.278297362345896
1,4096,468,144,0.0101897,40.23797835068746
1,4096,468,148,0.0101631,40.343293680077934
1,4096,468,152,0.0102042,40.18080084671018
1,4096,468,156,0.0102816,39.87831932773109
1,4096,468,160,0.0101889,40.24113770868298
1,4096,468,164,0.0101588,40.36037012245541
1,4096,468,168,0.0100834,40.6621702997005
1,4096,468,172,0.0101154,40.533535796903735
1,4096,468,176,0.0100876,40.64524049327888
1,4096,468,180,0.0101817,40.26959427207637
1,4096,468,184,0.0101983,40.20404655677907
1,4096,468,188,0.0102567,39.97513118254409
1,4096,468,192,0.0102154,40.13674726393484
1,4096,468,196,0.0102756,39.901604577834874
1,4096,468,200,0.0102338,40.064582852899214
1,4096,468,204,0.010327,39.70300455117653
1,4096,468,208,0.0103462,39.6293255494771
1,4096,468,212,0.0104023,39.41560308777866
1,4096,468,216,0.0104541,39.22029902143657
1,4096,468,220,0.0104986,39.054057493380064
1,4096,468,224,0.0104591,39.201549655324065
1,4096,468,228,0.0104995,39.050709843325876
1,4096,468,232,0.0105338,38.923553513451935
1,4096,472,8,0.0193121,21.779930302763553
1,4096,472,12,0.0159623,26.350600602670045
1,4096,472,16,0.0140219,29.997089695405045
1,4096,472,20,0.0130913,32.129444134654314
1,4096,472,24,0.0129735,32.42118102285428
1,4096,472,28,0.0125077,33.62858015462475
1,4096,472,32,0.0119458,35.21038289608064
1,4096,472,36,0.0116658,36.055494865332854
1,4096,472,40,0.0111635,37.67780642271689
1,4096,472,44,0.0111446,37.74170378479264
1,4096,472,48,0.0108265,38.85061580381472
1,4096,472,52,0.010968,38.349397520058346
1,4096,472,56,0.0108882,38.630461600631875
1,4096,472,60,0.0106924,39.33786539972317
1,4096,472,64,0.0107212,39.23219341118532
1,4096,472,68,0.0105185,39.98822950040405
1,4096,472,72,0.0106251,39.58703372203555
1,4096,472,76,0.0106174,39.61574321396952
1,4096,472,80,0.0102852,40.89528565317155
1,4096,472,84,0.0105121,40.01257522283844
1,4096,472,88,0.0104894,40.09916601521536
1,4096,472,92,0.0104778,40.14355990761419
1,4096,472,96,0.0102768,40.92871243966993
1,4096,472,100,0.0102717,40.949033947642555
1,4096,472,104,0.0103361,40.69389731136502
1,4096,472,108,0.0104001,40.443475735810225
1,4096,472,112,0.0104818,40.12824056936786
1,4096,472,116,0.0104403,40.287749585739874
1,4096,472,120,0.0102531,41.02331899620603
1,4096,472,124,0.0102805,40.913982004766304
1,4096,472,128,0.0102812,40.91119635840174
1,4096,472,132,0.0103122,40.78821124493318
1,4096,472,136,0.0104358,40.3051219839399
1,4096,472,140,0.0103942,40.46643243347252
1,4096,472,144,0.0103123,40.787815715213874
1,4096,472,148,0.0104788,40.139728976600374
1,4096,472,152,0.0104029,40.43259014313316
1,4096,472,156,0.0104344,40.310529786092154
1,4096,472,160,0.0103549,40.62001487218611
1,4096,472,164,0.0103191,40.76093767867353
1,4096,472,168,0.010351,40.63531948604
1,4096,472,172,0.01035,40.63924560386474
1,4096,472,176,0.0103469,40.65142139191449
1,4096,472,180,0.0103468,40.65181428074381
1,4096,472,184,0.0103959,40.45981511942208
1,4096,472,188,0.010406,40.42054507015183
1,4096,472,192,0.0104359,40.30473576787819
1,4096,472,196,0.0104405,40.28697782673244
1,4096,472,200,0.0107134,39.26075680922956
1,4096,472,204,0.0105127,40.01029155212267
1,4096,472,208,0.0108117,38.90379792262087
1,4096,472,212,0.0105973,39.69088277202683
1,4096,472,216,0.0107928,38.97192498702839
1,4096,472,220,0.0107754,39.03485643224382
1,4096,472,224,0.0105968,39.692755548844936
1,4096,472,228,0.010617,39.61723575397947
1,4096,472,232,0.010707,39.28422452601102
1,4096,472,236,0.0106246,39.58889671140561
1,4096,476,8,0.0199274,21.648619689472785
1,4096,476,12,0.0169064,25.51700563100365
1,4096,476,16,0.0142421,30.290526256661586
1,4096,476,20,0.013338,32.34373249362723
1,4096,476,24,0.0132946,32.449318068990415
1,4096,476,28,0.01269,33.99532734436564
1,4096,476,32,0.0121486,35.51032250629702
1,4096,476,36,0.0120568,35.7806967022759
1,4096,476,40,0.0113967,37.853124500952035
1,4096,476,44,0.0115887,37.22597910033049
1,4096,476,48,0.0111924,38.54407490797327
1,4096,476,52,0.0111528,38.68093250125529
1,4096,476,56,0.0110922,38.89225798308721
1,4096,476,60,0.0110145,39.16661709564664
1,4096,476,64,0.0109228,39.49543194052807
1,4096,476,68,0.010721,40.23884936106706
1,4096,476,72,0.0106992,40.32083744579034
1,4096,476,76,0.0107923,39.97300890449673
1,4096,476,80,0.0105662,40.82836819291704
1,4096,476,84,0.0106466,40.520044333402204
1,4096,476,88,0.0106953,40.335540284050005
1,4096,476,92,0.0107722,40.0475951059208
1,4096,476,96,0.0104753,41.18265863507489
1,4096,476,100,0.0105913,40.73161028391227
1,4096,476,104,0.0105709,40.81021521346338
1,4096,476,108,0.0106691,40.434591858732226
1,4096,476,112,0.0106301,40.58293938909324
1,4096,476,116,0.0106878,40.36384513183255
1,4096,476,120,0.0104973,41.09634896592458
1,4096,476,124,0.0105195,41.00962060934455
1,4096,476,128,0.0104632,41.23028366083034
1,4096,476,132,0.0105169,41.01975905447423
1,4096,476,136,0.0105383,40.93646071947088
1,4096,476,140,0.0106014,40.69280510121305
1,4096,476,144,0.0106108,40.656755758284014
1,4096,476,148,0.0106843,40.37706766002452
1,4096,476,152,0.0107348,40.187120766106496
1,4096,476,156,0.0106494,40.50939057599489
1,4096,476,160,0.0105224,40.99831825439063
1,4096,476,164,0.0105406,40.92752822419976
1,4096,476,168,0.010555,40.87169152060635
1,4096,476,172,0.010587,40.748153773495794
1,4096,476,176,0.0105767,40.78783590344815
1,4096,476,180,0.0106064,40.673621964097144
1,4096,476,184,0.0106336,40.569581703280164
1,4096,476,188,0.0106422,40.53679727875816
1,4096,476,192,0.0106508,40.50406579787434
1,4096,476,196,0.0106964,40.33139224411951
1,4096,476,200,0.0107253,40.22271675384371
1,4096,476,204,0.0108076,39.91642029682816
1,4096,476,208,0.0107935,39.968564784360964
1,4096,476,212,0.010809,39.91125025441762
1,4096,476,216,0.0108641,39.70883036790899
1,4096,476,220,0.0109427,39.423606970857286
1,4096,476,224,0.0109139,39.5276394322836
1,4096,476,228,0.0109565,39.373951900698216
1,4096,476,232,0.0109889,39.25786056839175
1,4096,476,236,0.0110194,39.149200863930886
1,4096,480,8,0.0214515,20.62177470106986
1,4096,480,12,0.0164359,26.914741510960763
1,4096,480,16,0.014637,30.222586595613855
1,4096,480,20,0.0135139,32.73429579914014
1,4096,480,24,0.0137044,32.279267972330054
1,4096,480,28,0.013088,33.79951100244499
1,4096,480,32,0.0123742,35.74922015160576
1,4096,480,36,0.0121485,36.41338436844055
1,4096,480,40,0.0116766,37.885000770772315
1,4096,480,44,0.0117458,37.661802516644244
1,4096,480,48,0.0113273,39.0532607064349
1,4096,480,52,0.0112996,39.148996424652196
1,4096,480,56,0.0111153,39.798116110226445
1,4096,480,60,0.0110484,40.03910068426198
1,4096,480,64,0.011009,40.18239622127351
1,4096,480,68,0.0110451,40.05106336746612
1,4096,480,72,0.0108875,40.63081515499426
1,4096,480,76,0.0110425,40.060493547656776
1,4096,480,80,0.0106905,41.379542584537674
1,4096,480,84,0.0107858,41.01392571714662
1,4096,480,88,0.0108108,40.91908091908092
1,4096,480,92,0.0109017,40.57789152150582
1,4096,480,96,0.010672,41.451274362818594
1,4096,480,100,0.0106515,41.53105196451204
1,4096,480,104,0.0106989,41.347054370075426
1,4096,480,108,0.0107046,41.32503783420212
1,4096,480,112,0.010732,41.219530376444276
1,4096,480,116,0.0108535,40.7580964665776
1,4096,480,120,0.0106213,41.64913899428507
1,4096,480,124,0.0106703,41.457878410166536
1,4096,480,128,0.01063,41.61505174035747
1,4096,480,132,0.0106356,41.59314002030915
1,4096,480,136,0.0106412,41.571251362628274
1,4096,480,140,0.0107184,41.271831616659206
1,4096,480,144,0.0106757,41.4369081184372
1,4096,480,148,0.0107739,41.05922646395456
1,4096,480,152,0.0108102,40.92135205639118
1,4096,480,156,0.0108124,40.91302578520957
1,4096,480,160,0.0106635,41.48431565621044
1,4096,480,164,0.0106997,41.343962914848085
1,4096,480,168,0.0106515,41.53105196451204
1,4096,480,172,0.0107144,41.28723960277757
1,4096,480,176,0.0106706,41.4567128371413
1,4096,480,180,0.0107322,41.21876222955218
1,4096,480,184,0.0107364,41.20263775567229
1,4096,480,188,0.0107738,41.05960756650393
1,4096,480,192,0.0107634,41.09928089637104
1,4096,480,196,0.010844,40.79380302471413
1,4096,480,200,0.0107977,40.9687248210267
1,4096,480,204,0.0108702,40.695479384003974
1,4096,480,208,0.0108639,40.71907878386215
1,4096,480,212,0.0109116,40.54107555262289
1,4096,480,216,0.0109311,40.46875428822351
1,4096,480,220,0.0110688,39.96530789245447
1,4096,480,224,0.0110363,40.08299883113
1,4096,480,228,0.0110592,40.0
1,4096,480,232,0.0110883,39.89502448526826
1,4096,480,236,0.0111664,39.615990829631755
1,4096,480,240,0.0110103,40.17765183509986
1,4096,484,8,0.020426,22.203055713306572
1,4096,484,12,0.0168933,26.846123374355514
1,4096,484,16,0.0150348,30.164659057652912
1,4096,484,20,0.0140101,32.37090498997152
1,4096,484,24,0.0140191,32.35012347440278
1,4096,484,28,0.0133165,34.05696812225435
1,4096,484,32,0.0127377,35.60451384472864
1,4096,484,36,0.0124493,36.42932662880644
1,4096,484,40,0.012246,37.03410223746529
1,4096,484,44,0.0119716,37.882957666477324
1,4096,484,48,0.0118454,38.286559846016175
1,4096,484,52,0.0117466,38.608585973813696
1,4096,484,56,0.0115153,39.38409038409768
1,4096,484,60,0.0115967,39.10764407115817
1,4096,484,64,0.0113248,40.04658943204296
1,4096,484,68,0.011436,39.65718922700245
1,4096,484,72,0.0112395,40.3505152364429
1,4096,484,76,0.0113963,39.79533848705282
1,4096,484,80,0.011345,39.97528567650948
1,4096,484,84,0.0110812,40.92694076453814
1,4096,484,88,0.0111163,40.79771290807193
1,4096,484,92,0.011246,40.327193313178014
1,4096,484,96,0.0110786,40.9365457729316
1,4096,484,100,0.0109719,41.33464723520994
1,4096,484,104,0.0110336,41.10350348027843
1,4096,484,108,0.0110393,41.08228021704275
1,4096,484,112,0.010996,41.24405383775919
1,4096,484,116,0.0110607,41.00279512146609
1,4096,484,120,0.0112049,40.475114994332834
1,4096,484,124,0.0109714,41.33653098054943
1,4096,484,128,0.0110319,41.10983747133313
1,4096,484,132,0.0109804,41.30264981239299
1,4096,484,136,0.0110258,41.132581399989114
1,4096,484,140,0.0110439,41.06516864513441
1,4096,484,144,0.0110662,40.98241636695523
1,4096,484,148,0.0110759,40.94652497765419
1,4096,484,152,0.0111365,40.723711758631524
1,4096,484,156,0.0111308,40.74456606892586
1,4096,484,160,0.0111829,40.55474125674019
1,4096,484,164,0.0109744,41.32523108324828
1,4096,484,168,0.0110504,41.04101353797147
1,4096,484,172,0.0110085,41.19722178316756
1,4096,484,176,0.0110453,41.059963604429036
1,4096,484,180,0.011057,41.016515872298086
1,4096,484,184,0.0111676,40.610302661270104
1,4096,484,188,0.0111263,40.76104509136011
1,4096,484,192,0.0111043,40.84180146429762
1,4096,484,196,0.0111255,40.7639760909622
1,4096,484,200,0.0111368,40.722614754687164
1,4096,484,204,0.0112643,40.26167768969221
1,4096,484,208,0.0111626,40.62849300342214
1,4096,484,212,0.0113063,40.112115899984964
1,4096,484,216,0.0113031,40.123471967867225
1,4096,484,220,0.0113994,39.78451637805499
1,4096,484,224,0.0113829,39.842185734742465
1,4096,484,228,0.0114472,39.618388426864215
1,4096,484,232,0.0114335,39.66586049766038
1,4096,484,236,0.0114987,39.440946889648394
1,4096,484,240,0.0115004,39.435116691593336
1,4096,488,8,0.0209688,22.168988592575637
1,4096,488,12,0.0172653,26.924356252135784
1,4096,488,16,0.0154129,30.16026108000441
1,4096,488,20,0.0144686,32.12868473798432
1,4096,488,24,0.0147437,31.52920148944973
1,4096,488,28,0.0137001,33.930926635572
1,4096,488,32,0.0131064,35.467946041628515
1,4096,488,36,0.012665,36.70407327279906
1,4096,488,40,0.0125056,37.17191402251791
1,4096,488,44,0.0125325,37.09212750847796
1,4096,488,48,0.0120429,38.60009532587666
1,4096,488,52,0.0119335,38.953960531277495
1,4096,488,56,0.0117428,39.58656265967231
1,4096,488,60,0.0118844,39.11489751270573
1,4096,488,64,0.0116118,40.033163506088634
1,4096,488,68,0.0116428,39.92657161507541
1,4096,488,72,0.0115375,40.290971874322864
1,4096,488,76,0.0115341,40.30284877016846
1,4096,488,80,0.0113864,40.82564181830956
1,4096,488,84,0.0113246,41.04843332214824
1,4096,488,88,0.0112794,41.212926928737346
1,4096,488,92,0.0114522,40.59107315624946
1,4096,488,96,0.0113476,40.965233882054356
1,4096,488,100,0.0112108,41.46511292682057
1,4096,488,104,0.0112028,41.49472346199165
1,4096,488,108,0.0112925,41.16511737879123
1,4096,488,112,0.0112613,41.2791674140641
1,4096,488,116,0.0113764,40.86152807566541
1,4096,488,120,0.0113228,41.05495884410217
1,4096,488,124,0.0112618,41.27733470670763
1,4096,488,128,0.0111797,41.5804617297423
1,4096,488,132,0.0112105,41.466222559207885
1,4096,488,136,0.0112452,41.33826770533205
1,4096,488,140,0.0112508,41.317691897465075
1,4096,488,144,0.0112478,41.328712103700276
1,4096,488,148,0.0113518,40.9500773445621
1,4096,488,152,0.0113734,40.87230625846273
1,4096,488,156,0.0113529,40.94610962837688
1,4096,488,160,0.0113768,40.8600914141059
1,4096,488,164,0.011212,41.460674991080985
1,4096,488,168,0.0112485,41.32614019647064
1,4096,488,172,0.0112659,41.26231264257627
1,4096,488,176,0.0112571,41.294568583382926
1,4096,488,180,0.0112855,41.19065065792388
1,4096,488,184,0.011324,41.050608265630515
1,4096,488,188,0.011293,41.16329478437971
1,4096,488,192,0.01133,41.02886919682259
1,4096,488,196,0.0113263,41.042272233650884
1,4096,488,200,0.011438,40.64146599055779
1,4096,488,204,0.0113947,40.79590406065977
1,4096,488,208,0.0114248,40.688422379385194
1,4096,488,212,0.0114607,40.56096817820901
1,4096,488,216,0.0115169,40.36303935954988
1,4096,488,220,0.0116095,40.0410946207847
1,4096,488,224,0.0115635,40.200379469883686
1,4096,488,228,0.011659,39.87109426194357
1,4096,488,232,0.0117097,39.69846264208306
1,4096,488,236,0.0117507,39.55994859880688
1,4096,488,240,0.0117804,39.4602125564497
1,4096,488,244,0.0116155,40.02041134690715
1,4096,492,8,0.0213252,22.33892071352203
1,4096,492,12,0.017667,26.964507386653082
1,4096,492,16,0.0160085,29.75806302901584
1,4096,492,20,0.0154028,30.92826966525567
1,4096,492,24,0.0147187,32.36576273719826
1,4096,492,28,0.0140193,33.9804378249984
1,4096,492,32,0.0135254,35.22128380676357
1,4096,492,36,0.012984,36.689922365988906
1,4096,492,40,0.0127249,37.43698983881995
1,4096,492,44,0.0126293,37.72037658460881
1,4096,492,48,0.0123127,38.69029148765096
1,4096,492,52,0.0122636,38.84519651652044
1,4096,492,56,0.0121549,39.192585048005334
1,4096,492,60,0.0121413,39.23648637295841
1,4096,492,64,0.0118109,40.33409409951824
1,4096,492,68,0.0118775,40.107931130288364
1,4096,492,72,0.0117914,40.40079651271265
1,4096,492,76,0.011896,40.045557498318765
1,4096,492,80,0.0117082,40.687889854973434
1,4096,492,84,0.0116223,40.98861258098655
1,4096,492,88,0.0116743,40.80603993387184
1,4096,492,92,0.011839,40.238360672354084
1,4096,492,96,0.0116634,40.84417511188847
1,4096,492,100,0.0115653,41.19062644289383
1,4096,492,104,0.0116446,40.910117307593225
1,4096,492,108,0.0116576,40.86449629426297
1,4096,492,112,0.0115604,41.20808553337255
1,4096,492,116,0.0116544,40.87571663920922
1,4096,492,120,0.0116278,40.969224788868054
1,4096,492,124,0.0115806,41.13620641417543
1,4096,492,128,0.0115365,41.29345572747367
1,4096,492,132,0.0114885,41.46598354876616
1,4096,492,136,0.011572,41.16677773937089
1,4096,492,140,0.0115565,41.22199212564358
1,4096,492,144,0.0115689,41.17780878043721
1,4096,492,148,0.0115852,41.119872941338954
1,4096,492,152,0.0116276,40.96992947813822
1,4096,492,156,0.0117073,40.69101774106753
1,4096,492,160,0.011669,40.82457382809152
1,4096,492,164,0.0115671,41.18421661436315
1,4096,492,168,0.0115826,41.129103310137616
1,4096,492,172,0.0116038,41.05396094382875
1,4096,492,176,0.0115542,41.23019785013241
1,4096,492,180,0.0116465,40.903443266217316
1,4096,492,184,0.0115899,41.10319778427769
1,4096,492,188,0.0116884,40.75681461962287
1,4096,492,192,0.0116883,40.75716331716332
1,4096,492,196,0.0117003,40.71536217020076
1,4096,492,200,0.0116617,40.850129226442114
1,4096,492,204,0.0117471,40.5531537145338
1,4096,492,208,0.0117886,40.41039241300918
1,4096,492,212,0.0118159,40.31702637970869
1,4096,492,216,0.0119129,39.988747660099556
1,4096,492,220,0.0118537,40.1884603119701
1,4096,492,224,0.0119563,39.84359308481721
1,4096,492,228,0.0119228,39.95554332874828
1,4096,492,232,0.0120098,39.66610201668638
1,4096,492,236,0.0120266,39.6106922987378
1,4096,492,240,0.0120567,39.51180273209087
1,4096,492,244,0.0121211,39.30187458233989
1,4096,496,8,0.0218276,22.36140226135718
1,4096,496,12,0.0181688,26.8645009026463
1,4096,496,16,0.0161081,30.301261104661627
1,4096,496,20,0.0149368,32.677397032831664
1,4096,496,24,0.0151693,32.176550269293905
1,4096,496,28,0.0142948,34.14498586898733
1,4096,496,32,0.0136106,35.86144211129561
1,4096,496,36,0.0133812,36.47623113024243
1,4096,496,40,0.0130205,37.48671279904765
1,4096,496,44,0.0130336,37.44903510925608
1,4096,496,48,0.0125945,38.7546741831752
1,4096,496,52,0.0125437,38.91162448081507
1,4096,496,56,0.0122856,39.72909292179462
1,4096,496,60,0.0123926,39.38606458693091
1,4096,496,64,0.0121249,40.255651098153386
1,4096,496,68,0.0122583,39.817572094009776
1,4096,496,72,0.0119568,40.82160310450957
1,4096,496,76,0.0120966,40.34982920820726
1,4096,496,80,0.0119784,40.7479917184265
1,4096,496,84,0.0118929,41.040935684315855
1,4096,496,88,0.0120705,40.43707750300319
1,4096,496,92,0.0119834,40.730989869319224
1,4096,496,96,0.01189,41.050945668629105
1,4096,496,100,0.0117936,41.386493013159686
1,4096,496,104,0.0117593,41.507210803364146
1,4096,496,108,0.0117762,41.44764389191759
1,4096,496,112,0.0117968,41.37526651295267
1,4096,496,116,0.0118639,41.14125574220956
1,4096,496,120,0.0118366,41.23614416301979
1,4096,496,124,0.0117445,41.55951670994934
1,4096,496,128,0.0116969,41.72864126392463
1,4096,496,132,0.0117253,41.62756978499484
1,4096,496,136,0.0117066,41.6940652281619
1,4096,496,140,0.0119101,40.98166631682354
1,4096,496,144,0.0117852,41.415991582663004
1,4096,496,148,0.0118066,41.3409232124405
1,4096,496,152,0.0117917,41.393161630638495
1,4096,496,156,0.01193,40.91330628667226
1,4096,496,160,0.0118579,41.162072879683585
1,4096,496,164,0.011918,40.95450109078705
1,4096,496,168,0.0117742,41.45468430976202
1,4096,496,172,0.0118081,41.335671615247165
1,4096,496,176,0.0117976,41.372460839492774
1,4096,496,180,0.011811,41.32552230971129
1,4096,496,184,0.0117553,41.52133454697031
1,4096,496,188,0.0118819,41.078930474082426
1,4096,496,192,0.0118238,41.280784857659974
1,4096,496,196,0.0118939,41.03748509740287
1,4096,496,200,0.0118689,41.12392420527597
1,4096,496,204,0.0119472,40.854404714075265
1,4096,496,208,0.0118864,41.06337865123166
1,4096,496,212,0.0119859,40.72249426409364
1,4096,496,216,0.012016,40.62048468708389
1,4096,496,220,0.0120809,40.402266718539174
1,4096,496,224,0.0120702,40.43808255041341
1,4096,496,228,0.0121877,40.04822435734388
1,4096,496,232,0.0121839,40.060714877830584
1,4096,496,236,0.0122607,39.80977790827604
1,4096,496,240,0.0122435,39.865703761179404
1,4096,496,244,0.0123119,39.64422583029427
1,4096,496,248,0.0121374,40.21419282548157
1,4096,500,8,0.0231504,21.59789895638952
1,4096,500,12,0.01872,26.70940170940171
1,4096,500,16,0.0165437,30.22298518469266
1,4096,500,20,0.01552,32.21649484536083
1,4096,500,24,0.015234,32.82132072994617
1,4096,500,28,0.0145918,34.26582052933839
1,4096,500,32,0.0140174,35.669953058341775
1,4096,500,36,0.0136576,36.60965323336457
1,4096,500,40,0.0134869,37.07301158902342
1,4096,500,44,0.01348,37.0919881305638
1,4096,500,48,0.0129121,38.72336800365549
1,4096,500,52,0.0128828,38.81143850715683
1,4096,500,56,0.0126996,39.37131878169391
1,4096,500,60,0.0128529,38.90172645862023
1,4096,500,64,0.0123987,40.3268084557252
1,4096,500,68,0.0124559,40.141619634068995
1,4096,500,72,0.0122902,40.68282045857675
1,4096,500,76,0.0123831,40.377611422018724
1,4096,500,80,0.0122925,40.67520846044336
1,4096,500,84,0.012209,40.953395036448526
1,4096,500,88,0.0122371,40.85935393189563
1,4096,500,92,0.0122426,40.84099782725892
1,4096,500,96,0.0121532,41.1414277721094
1,4096,500,100,0.0121286,41.22487343963854
1,4096,500,104,0.0121101,41.287850637071536
1,4096,500,108,0.0121302,41.21943578836293
1,4096,500,112,0.0121421,41.17903822238328
1,4096,500,116,0.0122038,40.97084514659368
1,4096,500,120,0.0121404,41.18480445454845
1,4096,500,124,0.0122919,40.677193924454315
1,4096,500,128,0.0120458,41.50824353716648
1,4096,500,132,0.012053,41.483448104206424
1,4096,500,136,0.012072,41.4181577203446
1,4096,500,140,0.0121014,41.31753350851967
1,4096,500,144,0.0120765,41.402724299258885
1,4096,500,148,0.0121566,41.12992119507099
1,4096,500,152,0.0121774,41.05966790940595
1,4096,500,156,0.012283,40.7066677521778
1,4096,500,160,0.0122216,40.91117365974995
1,4096,500,164,0.0122644,40.76840285704967
1,4096,500,168,0.0121067,41.29944576143788
1,4096,500,172,0.0121538,41.13939673188633
1,4096,500,176,0.0121061,41.301492635943866
1,4096,500,180,0.0122458,40.830325499354885
1,4096,500,184,0.0121554,41.133981604883424
1,4096,500,188,0.0122162,40.92925787069629
1,4096,500,192,0.0121829,41.04113142191104
1,4096,500,196,0.0122398,40.85034069184137
1,4096,500,200,0.0122667,40.760758802285864
1,4096,500,204,0.0123014,40.64578015510429
1,4096,500,208,0.0122892,40.686130911694825
1,4096,500,212,0.0123591,40.45602026037495
1,4096,500,216,0.0123614,40.448492889154956
1,4096,500,220,0.0124288,40.22914521112255
1,4096,500,224,0.0124088,40.29398491393205
1,4096,500,228,0.0125082,39.97377720215539
1,4096,500,232,0.0125157,39.949823022284015
1,4096,500,236,0.0126362,39.56885772621516
1,4096,500,240,0.0125751,39.76111521975968
1,4096,500,244,0.0126769,39.441819372244005
1,4096,500,248,0.0127126,39.3310573761465
1,4096,504,8,0.0238591,21.46335176096332
1,4096,504,12,0.0192022,26.668624220141446
1,4096,504,16,0.0171251,29.90325638974371
1,4096,504,20,0.0160779,31.85094172746441
1,4096,504,24,0.0156698,32.680458972035375
1,4096,504,28,0.0149284,34.30349240374052
1,4096,504,32,0.0144557,35.42521330686166
1,4096,504,36,0.0138434,36.99208691506421
1,4096,504,40,0.0137224,37.31827202238676
1,4096,504,44,0.013539,37.82378728118768
1,4096,504,48,0.0132424,38.67095511387664
1,4096,504,52,0.0130992,39.093704653719314
1,4096,504,56,0.01285,39.85184871595331
1,4096,504,60,0.0130531,39.23177298879194
1,4096,504,64,0.0126181,40.58426038785554
1,4096,504,68,0.012775,40.08581260273972
1,4096,504,72,0.0125264,40.881359049687056
1,4096,504,76,0.012561,40.76874898495343
1,4096,504,80,0.0126669,40.427907064869856
1,4096,504,84,0.0124065,41.27644831338411
1,4096,504,88,0.012392,41.324746287927695
1,4096,504,92,0.0125324,40.86178672879895
1,4096,504,96,0.012501,40.96442332613391
1,4096,504,100,0.0124701,41.06593018500253
1,4096,504,104,0.0123617,41.42603816627163
1,4096,504,108,0.0123113,41.5956280815186
1,4096,504,112,0.0123279,41.53961793979511
1,4096,504,116,0.012431,41.195097417745956
1,4096,504,120,0.0124959,40.98114229467265
1,4096,504,124,0.0125184,40.907484662576685
1,4096,504,128,0.0122678,41.743120689936255
1,4096,504,132,0.0123244,41.55141475447081
1,4096,504,136,0.0122704,41.73427565523536
1,4096,504,140,0.0123409,41.49585978332212
1,4096,504,144,0.0122833,41.69044605277084
1,4096,504,148,0.0123953,41.31374440312054
1,4096,504,152,0.0123324,41.52446044565534
1,4096,504,156,0.0124472,41.141482100392054
1,4096,504,160,0.0124595,41.100867290019664
1,4096,504,164,0.012433,41.18847068286013
1,4096,504,168,0.0123348,41.51638097091157
1,4096,504,172,0.0123095,41.60171054876315
1,4096,504,176,0.0123311,41.528838140960666
1,4096,504,180,0.012327,41.54265076660989
1,4096,504,184,0.0123691,41.40125441624694
1,4096,504,188,0.0124232,41.220962070964006
1,4096,504,192,0.0123809,41.36179566913552
1,4096,504,196,0.0124381,41.171582154830716
1,4096,504,200,0.0124241,41.21797603045693
1,4096,504,204,0.0125132,40.92448422465876
1,4096,504,208,0.0125034,40.9565602955996
1,4096,504,212,0.0125326,40.86113464085664
1,4096,504,216,0.0125857,40.68873848891997
1,4096,504,220,0.0126364,40.52548637270108
1,4096,504,224,0.0126311,40.54249083611087
1,4096,504,228,0.0126653,40.433014298911196
1,4096,504,232,0.0127525,40.15653840423447
1,4096,504,236,0.0128088,39.98003372681281
1,4096,504,240,0.0127779,40.076714953161314
1,4096,504,244,0.012835,39.89842275029218
1,4096,504,248,0.0129465,39.55480291970803
1,4096,504,252,0.0127432,40.18584468579321
1,4096,508,8,0.0241552,21.709033582831026
1,4096,508,12,0.0198236,26.45261445953308
1,4096,508,16,0.0174888,29.984106856959883
1,4096,508,20,0.016223,32.323617579979036
1,4096,508,24,0.0161907,32.3881023056446
1,4096,508,28,0.0154501,33.94062485032459
1,4096,508,32,0.0149303,35.122271354225965
1,4096,508,36,0.0145875,35.94762968294773
1,4096,508,40,0.014052,37.31753828636493
1,4096,508,44,0.0141736,36.99737878873398
1,4096,508,48,0.0136965,38.286134997992185
1,4096,508,52,0.0135038,38.832480338867576
1,4096,508,56,0.0134066,39.11402204884161
1,4096,508,60,0.0134337,39.03511675859964
1,4096,508,64,0.0129628,40.45314654241368
1,4096,508,68,0.0130721,40.11490487373872
1,4096,508,72,0.0131885,39.76085589718315
1,4096,508,76,0.0129578,40.46875611600735
1,4096,508,80,0.0128925,40.67372875702928
1,4096,508,84,0.012974,40.41822475720672
1,4096,508,88,0.0127855,41.01412130929568
1,4096,508,92,0.0128761,40.725533973796416
1,4096,508,96,0.0128004,40.96637980063123
1,4096,508,100,0.0128051,40.95134344909451
1,4096,508,104,0.0127562,41.108327558363776
1,4096,508,108,0.0127868,41.00995151249727
1,4096,508,112,0.0126453,41.46884992843191
1,4096,508,116,0.0127839,41.019254531089885
1,4096,508,120,0.012789,41.00289686449292
1,4096,508,124,0.0128546,40.79364958847416
1,4096,508,128,0.0126125,41.57669359762141
1,4096,508,132,0.0126302,41.518427895045214
1,4096,508,136,0.0126048,41.60209190149784
1,4096,508,140,0.0126746,41.37298597194389
1,4096,508,144,0.012599,41.62124359076117
1,4096,508,148,0.0127501,41.12799491768692
1,4096,508,152,0.0127338,41.18064112833561
1,4096,508,156,0.0127384,41.16577026942159
1,4096,508,160,0.01277,41.0639035238841
1,4096,508,164,0.0128758,40.726482859317485
1,4096,508,168,0.0128774,40.721422647428824
1,4096,508,172,0.0127287,41.19714094919355
1,4096,508,176,0.0126781,41.361564272249
1,4096,508,180,0.0126975,41.29836960031502
1,4096,508,184,0.0127359,41.17385092533704
1,4096,508,188,0.0127392,41.163185129364486
1,4096,508,192,0.0127753,41.0468676273747
1,4096,508,196,0.0127687,41.06808429988958
1,4096,508,200,0.0128247,40.888757475808404
1,4096,508,204,0.0128618,40.77081341647359
1,4096,508,208,0.0128324,40.86422243695645
1,4096,508,212,0.0128898,40.68224859966795
1,4096,508,216,0.0129167,40.597524754774824
1,4096,508,220,0.0130022,40.33056313546938
1,4096,508,224,0.0130364,40.22475898254119
1,4096,508,228,0.0130847,40.07627595588741
1,4096,508,232,0.0130572,40.16068130992862
1,4096,508,236,0.0131742,39.80401451321522
1,4096,508,240,0.0133189,39.3715733281277
1,4096,508,244,0.0131972,39.7346443184918
1,4096,508,248,0.013298,39.433452248458416
1,4096,508,252,0.0133142,39.38547175196407
1,4096,512,8,0.0358411,14.979197401865456
1,4096,512,12,0.0265546,20.217623763867653
1,4096,512,16,0.0226638,23.688477307424172
1,4096,512,20,0.0200637,26.758320349686247
1,4096,512,24,0.0191979,27.96508534787659
1,4096,512,28,0.0181244,29.621444682306727
1,4096,512,32,0.0168375,31.88542907201188
1,4096,512,36,0.0163805,32.77500149568084
1,4096,512,40,0.0156624,34.277691286137504
1,4096,512,44,0.0156236,34.36281727642797
1,4096,512,48,0.0148637,36.11960090690743
1,4096,512,52,0.0147026,36.51537224708555
1,4096,512,56,0.0147465,36.406666802292065
1,4096,512,60,0.014607,36.754358321352775
1,4096,512,64,0.0139738,38.41982223876111
1,4096,512,68,0.0142563,37.65850269705323
1,4096,512,72,0.0142258,37.739242221878555
1,4096,512,76,0.0139313,38.53702899226921
1,4096,512,80,0.0137163,39.14108848596195
1,4096,512,84,0.0139769,38.4113009322525
1,4096,512,88,0.013551,39.618545642388014
1,4096,512,92,0.0137777,38.96665713435479
1,4096,512,96,0.0135395,39.65219631448724
1,4096,512,100,0.0138245,38.83474353502839
1,4096,512,104,0.0133394,40.24700601226442
1,4096,512,108,0.0134009,40.06230268116321
1,4096,512,112,0.0133976,40.07217053800681
1,4096,512,116,0.0134245,39.99187396178628
1,4096,512,120,0.0134301,39.97519839762921
1,4096,512,124,0.0135972,39.483931397640696
1,4096,512,128,0.0132199,40.610814907828356
1,4096,512,132,0.0132047,40.65756223162965
1,4096,512,136,0.0131742,40.751689817977564
1,4096,512,140,0.0132365,40.55988456162883
1,4096,512,144,0.0132091,40.64401904747485
1,4096,512,148,0.0132638,40.47640284081485
1,4096,512,152,0.0132602,40.48739174371427
1,4096,512,156,0.0133599,40.18524929078811
1,4096,512,160,0.0133792,40.12728055489117
1,4096,512,164,0.0134369,39.95496818462592
1,4096,512,168,0.0135241,39.69734858511842
1,4096,512,172,0.0131827,40.72541376197592
1,4096,512,176,0.0131426,40.84967297186249
1,4096,512,180,0.0131711,40.76128129009726
1,4096,512,184,0.0132011,40.668649733734306
1,4096,512,188,0.0131933,40.69269341256547
1,4096,512,192,0.0132353,40.563561989528004
1,4096,512,196,0.0132366,40.55957813940136
1,4096,512,200,0.0132398,40.549775072131006
1,4096,512,204,0.0133024,40.35895116670676
1,4096,512,208,0.0133016,40.36137848078426
1,4096,512,212,0.013335,40.26028586426697
1,4096,512,216,0.0133782,40.13028000777384
1,4096,512,220,0.0134278,39.98204560687529
1,4096,512,224,0.0134478,39.922583024732674
1,4096,512,228,0.0134909,39.79504050878741
1,4096,512,232,0.0135775,39.54121981218928
1,4096,512,236,0.0136118,39.44158098120748
1,4096,512,240,0.0136529,39.322848039610626
1,4096,512,244,0.0137313,39.098330966478045
1,4096,512,248,0.0137958,38.91553313327245
1,4096,512,252,0.0138552,38.748694497372824
1,4096,512,256,0.0135288,39.68355744781503
