threads,size,nb,ib,GFlops
4,4096,20,2,2.5527
4,4096,20,4,4.5223
4,4096,20,6,5.5373
4,4096,20,10,8.242
4,4096,20,12,8.3467
4,4096,20,14,8.014
4,4096,20,18,8.1776
4,4096,22,2,3.0327
4,4096,22,4,5.0661
4,4096,22,6,6.3568
4,4096,22,10,7.725
4,4096,22,12,9.3368
4,4096,22,14,9.4081
4,4096,22,18,9.5213
4,4096,22,20,9.876
4,4096,26,2,3.5096
4,4096,26,4,6.4142
4,4096,26,6,7.7696
4,4096,26,10,11.5362
4,4096,26,12,11.1523
4,4096,26,14,13.3916
4,4096,26,18,13.4438
4,4096,26,20,13.8269
4,4096,26,22,13.5585
4,4096,28,2,3.8416
4,4096,28,4,7.047
4,4096,28,6,9.2721
4,4096,28,10,13.1081
4,4096,28,12,13.3842
4,4096,28,14,16.0005
4,4096,28,18,16.3984
4,4096,28,20,16.6506
4,4096,28,22,16.0656
4,4096,28,26,16.1901
4,4096,30,2,4.2122
4,4096,30,4,7.8618
4,4096,30,6,10.8113
4,4096,30,10,15.2138
4,4096,30,12,15.3353
4,4096,30,14,15.7843
4,4096,30,18,18.5292
4,4096,30,20,19.4959
4,4096,30,22,19.1284
4,4096,30,26,19.2716
4,4096,30,28,19.3614
4,4096,34,2,4.8369
4,4096,34,4,9.3191
4,4096,34,6,12.7961
4,4096,34,10,16.8256
4,4096,34,12,19.9343
4,4096,34,14,19.9426
4,4096,34,18,23.8031
4,4096,34,20,23.9734
4,4096,34,22,23.6138
4,4096,34,26,23.7867
4,4096,34,28,24.1466
4,4096,34,30,23.8889
4,4096,36,2,5.2239
4,4096,36,4,9.6923
4,4096,36,6,15.1489
4,4096,36,10,19.2048
4,4096,36,12,22.292
4,4096,36,14,22.69
4,4096,36,18,26.552
4,4096,36,20,27.4594
4,4096,36,22,26.8555
4,4096,36,26,27.6592
4,4096,36,28,27.1783
4,4096,36,30,26.8382
4,4096,36,34,26.7249
4,4096,38,2,5.5058
4,4096,38,4,10.0582
4,4096,38,6,13.3093
4,4096,38,10,21.0219
4,4096,38,12,21.4135
4,4096,38,14,25.3684
4,4096,38,18,24.6523
4,4096,38,20,30.6362
4,4096,38,22,29.9271
4,4096,38,26,29.978
4,4096,38,28,30.4463
4,4096,38,30,30.9186
4,4096,38,34,30.6142
4,4096,38,36,29.4322
4,4096,42,2,6.1637
4,4096,42,4,11.1888
4,4096,42,6,16.2867
4,4096,42,10,21.1382
4,4096,42,12,25.5941
4,4096,42,14,30.2834
4,4096,42,18,30.1268
4,4096,42,20,30.959
4,4096,42,22,35.9115
4,4096,42,26,36.6639
4,4096,42,28,35.9105
4,4096,42,30,36.025
4,4096,42,34,35.9812
4,4096,42,36,36.2575
4,4096,42,38,35.4752
4,4096,44,2,7.3062
4,4096,44,4,11.8813
4,4096,44,6,15.8113
4,4096,44,10,24.5457
4,4096,44,12,28.6559
4,4096,44,14,26.8833
4,4096,44,18,33.1487
4,4096,44,20,32.0385
4,4096,44,22,38.5994
4,4096,44,26,37.8241
4,4096,44,28,39.1544
4,4096,44,30,37.8958
4,4096,44,34,38.3496
4,4096,44,36,38.4435
4,4096,44,38,37.4487
4,4096,44,42,37.882
4,4096,46,2,6.646
4,4096,46,4,13.8362
4,4096,46,6,19.3151
4,4096,46,10,25.0501
4,4096,46,12,30.5855
4,4096,46,14,23.8828
4,4096,46,18,35.2438
4,4096,46,20,35.8068
4,4096,46,22,35.0098
4,4096,46,26,41.468
4,4096,46,28,41.6475
4,4096,46,30,40.3182
4,4096,46,34,41.1305
4,4096,46,36,42.7277
4,4096,46,38,40.9831
4,4096,46,42,39.356
4,4096,46,44,41.815
4,4096,50,2,7.9475
4,4096,50,4,14.8749
4,4096,50,6,19.9729
4,4096,50,10,29.3586
4,4096,50,12,28.8525
4,4096,50,14,35.2444
4,4096,50,18,39.5566
4,4096,50,20,40.1599
4,4096,50,22,38.406
4,4096,50,26,49.1192
4,4096,50,28,48.1928
4,4096,50,30,47.1123
4,4096,50,34,47.4804
4,4096,50,36,45.2526
4,4096,50,38,47.0812
4,4096,50,42,46.7199
4,4096,50,44,46.1143
4,4096,50,46,42.8298
4,4096,52,2,7.6227
4,4096,52,4,15.7487
4,4096,52,6,22.0151
4,4096,52,10,29.3143
4,4096,52,12,31.9763
4,4096,52,14,37.303
4,4096,52,18,43.7266
4,4096,52,20,43.6834
4,4096,52,22,42.9816
4,4096,52,26,49.8365
4,4096,52,28,51.4147
4,4096,52,30,50.517
4,4096,52,34,50.8426
4,4096,52,36,52.0588
4,4096,52,38,49.8988
4,4096,52,42,48.5301
4,4096,52,44,49.7518
4,4096,52,46,51.2532
4,4096,52,50,46.9866
4,4096,54,2,7.8767
4,4096,54,4,15.0159
4,4096,54,6,21.4974
4,4096,54,10,31.904
4,4096,54,12,33.3503
4,4096,54,14,38.938
4,4096,54,18,44.859
4,4096,54,20,45.9796
4,4096,54,22,44.1097
4,4096,54,26,46.5478
4,4096,54,28,53.8176
4,4096,54,30,54.4827
4,4096,54,34,53.2409
4,4096,54,36,52.6131
4,4096,54,38,53.7337
4,4096,54,42,50.303
4,4096,54,44,54.1677
4,4096,54,46,52.561
4,4096,54,50,51.5439
4,4096,54,52,52.1881
4,4096,58,2,8.4573
4,4096,58,4,17.2795
4,4096,58,6,24.1108
4,4096,58,10,36.0436
4,4096,58,12,40.5963
4,4096,58,14,39.1126
4,4096,58,18,45.2279
4,4096,58,20,46.7045
4,4096,58,22,48.7999
4,4096,58,26,49.2142
4,4096,58,28,52.716
4,4096,58,30,56.3767
4,4096,58,34,58.3349
4,4096,58,36,57.7895
4,4096,58,38,56.6991
4,4096,58,42,57.2738
4,4096,58,44,57.5802
4,4096,58,46,56.9763
4,4096,58,50,55.9286
4,4096,58,52,57.5519
4,4096,58,54,54.2194
4,4096,60,2,9.9476
4,4096,60,4,16.4383
4,4096,60,6,26.7784
4,4096,60,10,34.8283
4,4096,60,12,42.5538
4,4096,60,14,41.8929
4,4096,60,18,46.8797
4,4096,60,20,54.0224
4,4096,60,22,53.7452
4,4096,60,26,55.8437
4,4096,60,28,56.2758
4,4096,60,30,60.4291
4,4096,60,34,60.4262
4,4096,60,36,61.9649
4,4096,60,38,61.0479
4,4096,60,42,58.0454
4,4096,60,44,60.3748
4,4096,60,46,58.3637
4,4096,60,50,57.7575
4,4096,60,52,61.8259
4,4096,60,54,58.5477
4,4096,60,58,56.3807
4,4096,62,2,9.862
4,4096,62,4,19.0989
4,4096,62,6,24.9012
4,4096,62,10,34.3714
4,4096,62,12,38.5751
4,4096,62,14,41.5454
4,4096,62,18,46.5603
4,4096,62,20,48.4274
4,4096,62,22,55.493
4,4096,62,26,52.8529
4,4096,62,28,54.9507
4,4096,62,30,53.5459
4,4096,62,34,59.2705
4,4096,62,36,62.4215
4,4096,62,38,62.6592
4,4096,62,42,57.3169
4,4096,62,44,61.629
4,4096,62,46,59.648
4,4096,62,50,61.2806
4,4096,62,52,59.8181
4,4096,62,54,59.1206
4,4096,62,58,55.3157
4,4096,62,60,57.4364
4,4096,66,2,10.4345
4,4096,66,4,18.0284
4,4096,66,6,28.6888
4,4096,66,10,37.3335
4,4096,66,12,40.356
4,4096,66,14,45.0131
4,4096,66,18,52.0109
4,4096,66,20,53.8299
4,4096,66,22,60.6095
4,4096,66,26,59.0626
4,4096,66,28,60.6424
4,4096,66,30,59.6423
4,4096,66,34,69.0148
4,4096,66,36,66.9284
4,4096,66,38,66.1958
4,4096,66,42,65.8515
4,4096,66,44,65.0264
4,4096,66,46,67.1019
4,4096,66,50,64.7544
4,4096,66,52,63.5781
4,4096,66,54,62.7164
4,4096,66,58,62.3931
4,4096,66,60,62.9338
4,4096,66,62,61.9337
4,4096,68,2,9.728
4,4096,68,4,18.8773
4,4096,68,6,26.8437
4,4096,68,10,41.8464
4,4096,68,12,44.1743
4,4096,68,14,47.8986
4,4096,68,18,54.8126
4,4096,68,20,57.0638
4,4096,68,22,55.9711
4,4096,68,26,60.4483
4,4096,68,28,62.4602
4,4096,68,30,61.5292
4,4096,68,34,68.327
4,4096,68,36,69.0822
4,4096,68,38,66.149
4,4096,68,42,66.4192
4,4096,68,44,68.2269
4,4096,68,46,67.5739
4,4096,68,50,66.2125
4,4096,68,52,66.911
4,4096,68,54,64.8504
4,4096,68,58,63.326
4,4096,68,60,68.9336
4,4096,68,62,63.2207
4,4096,68,66,60.6839
4,4096,70,2,10.0881
4,4096,70,4,19.1406
4,4096,70,6,27.0526
4,4096,70,10,40.2584
4,4096,70,12,47.3552
4,4096,70,14,51.0663
4,4096,70,18,57.842
4,4096,70,20,58.4077
4,4096,70,22,58.1494
4,4096,70,26,61.3863
4,4096,70,28,64.9957
4,4096,70,30,64.3324
4,4096,70,34,63.0096
4,4096,70,36,69.1217
4,4096,70,38,69.1379
4,4096,70,42,71.355
4,4096,70,44,70.5853
4,4096,70,46,69.1496
4,4096,70,50,69.6817
4,4096,70,52,68.1918
4,4096,70,54,67.1419
4,4096,70,58,66.2477
4,4096,70,60,66.3589
4,4096,70,62,67.0864
4,4096,70,66,66.4164
4,4096,70,68,67.1648
4,4096,74,2,10.6182
4,4096,74,4,20.2338
4,4096,74,6,28.9829
4,4096,74,10,39.5115
4,4096,74,12,44.9526
4,4096,74,14,49.318
4,4096,74,18,54.5891
4,4096,74,20,61.2386
4,4096,74,22,62.6057
4,4096,74,26,66.2625
4,4096,74,28,66.3674
4,4096,74,30,66.2652
4,4096,74,34,64.7923
4,4096,74,36,66.7349
4,4096,74,38,73.2811
4,4096,74,42,73.0673
4,4096,74,44,73.5047
4,4096,74,46,69.8963
4,4096,74,50,71.267
4,4096,74,52,71.439
4,4096,74,54,68.8066
4,4096,74,58,67.4802
4,4096,74,60,67.3419
4,4096,74,62,69.3952
4,4096,74,66,68.1431
4,4096,74,68,71.4855
4,4096,74,70,67.9627
4,4096,76,2,11.1401
4,4096,76,4,20.7392
4,4096,76,6,31.3968
4,4096,76,10,41.4997
4,4096,76,12,47.162
4,4096,76,14,48.5681
4,4096,76,18,55.667
4,4096,76,20,63.2981
4,4096,76,22,63.1231
4,4096,76,26,71.639
4,4096,76,28,70.6942
4,4096,76,30,67.6163
4,4096,76,34,69.2469
4,4096,76,36,68.6933
4,4096,76,38,75.1594
4,4096,76,42,74.0848
4,4096,76,44,77.7294
4,4096,76,46,73.992
4,4096,76,50,71.1455
4,4096,76,52,77.6308
4,4096,76,54,74.4196
4,4096,76,58,70.3682
4,4096,76,60,72.471
4,4096,76,62,71.5723
4,4096,76,66,67.4272
4,4096,76,68,71.6017
4,4096,76,70,66.6126
4,4096,76,74,69.6605
4,4096,78,2,12.8323
4,4096,78,4,21.0685
4,4096,78,6,29.8899
4,4096,78,10,45.9989
4,4096,78,12,48.5427
4,4096,78,14,53.5501
4,4096,78,18,57.1829
4,4096,78,20,66.267
4,4096,78,22,62.985
4,4096,78,26,68.2284
4,4096,78,28,69.556
4,4096,78,30,71.1603
4,4096,78,34,72.3958
4,4096,78,36,72.1076
4,4096,78,38,68.3238
4,4096,78,42,75.2341
4,4096,78,44,76.1315
4,4096,78,46,70.8972
4,4096,78,50,75.4255
4,4096,78,52,74.0989
4,4096,78,54,73.5301
4,4096,78,58,69.1329
4,4096,78,60,71.9975
4,4096,78,62,69.8456
4,4096,78,66,71.5993
4,4096,78,68,74.449
4,4096,78,70,72.1443
4,4096,78,74,69.4357
4,4096,78,76,70.2132
4,4096,82,2,13.7402
4,4096,82,4,22.5966
4,4096,82,6,31.524
4,4096,82,10,43.1451
4,4096,82,12,55.7981
4,4096,82,14,56.1363
4,4096,82,18,62.1288
4,4096,82,20,62.6664
4,4096,82,22,68.3259
4,4096,82,26,68.3126
4,4096,82,28,77.2142
4,4096,82,30,73.5808
4,4096,82,34,70.796
4,4096,82,36,72.318
4,4096,82,38,72.0982
4,4096,82,42,77.8233
4,4096,82,44,80.1889
4,4096,82,46,79.1144
4,4096,82,50,79.1423
4,4096,82,52,78.4601
4,4096,82,54,79.458
4,4096,82,58,74.987
4,4096,82,60,80.6076
4,4096,82,62,73.161
4,4096,82,66,74.1558
4,4096,82,68,74.161
4,4096,82,70,75.4733
4,4096,82,74,73.9572
4,4096,82,76,73.9578
4,4096,82,78,70.5486
4,4096,84,2,13.4193
4,4096,84,4,24.7874
4,4096,84,6,32.7409
4,4096,84,10,48.1582
4,4096,84,12,55.965
4,4096,84,14,58.2829
4,4096,84,18,63.5574
4,4096,84,20,67.8456
4,4096,84,22,70.3929
4,4096,84,26,69.2911
4,4096,84,28,75.9456
4,4096,84,30,76.9349
4,4096,84,34,75.7586
4,4096,84,36,76.7816
4,4096,84,38,74.5198
4,4096,84,42,80.0954
4,4096,84,44,86.0046
4,4096,84,46,80.9127
4,4096,84,50,78.5265
4,4096,84,52,77.8307
4,4096,84,54,77.9554
4,4096,84,58,76.2285
4,4096,84,60,77.5616
4,4096,84,62,75.3424
4,4096,84,66,66.243
4,4096,84,68,80.1463
4,4096,84,70,76.5867
4,4096,84,74,75.9207
4,4096,84,76,78.1169
4,4096,84,78,71.6178
4,4096,84,82,73.6435
4,4096,86,2,12.2323
4,4096,86,4,23.941
4,4096,86,6,35.4673
4,4096,86,10,50.3069
4,4096,86,12,51.6062
4,4096,86,14,56.3583
4,4096,86,18,65.6047
4,4096,86,20,67.6555
4,4096,86,22,72.2595
4,4096,86,26,70.5011
4,4096,86,28,73.602
4,4096,86,30,76.4604
4,4096,86,34,74.6689
4,4096,86,36,76.5503
4,4096,86,38,75.7629
4,4096,86,42,73.0427
4,4096,86,44,81.9328
4,4096,86,46,83.2296
4,4096,86,50,82.7979
4,4096,86,52,81.8461
4,4096,86,54,81.9258
4,4096,86,58,76.977
4,4096,86,60,79.0518
4,4096,86,62,81.4956
4,4096,86,66,77.7081
4,4096,86,68,75.8
4,4096,86,70,74.0264
4,4096,86,74,76.7454
4,4096,86,76,76.7653
4,4096,86,78,76.2768
4,4096,86,82,74.3678
4,4096,86,84,75.5117
4,4096,90,2,13.9239
4,4096,90,4,24.2935
4,4096,90,6,36.3784
4,4096,90,10,52.6982
4,4096,90,12,56.7037
4,4096,90,14,59.4012
4,4096,90,18,68.4397
4,4096,90,20,70.4323
4,4096,90,22,70.3286
4,4096,90,26,76.0812
4,4096,90,28,75.9626
4,4096,90,30,78.833
4,4096,90,34,78.6115
4,4096,90,36,77.8301
4,4096,90,38,74.9402
4,4096,90,42,66.7359
4,4096,90,44,70.6648
4,4096,90,46,83.9877
4,4096,90,50,77.9972
4,4096,90,52,80.9038
4,4096,90,54,85.3094
4,4096,90,58,81.1722
4,4096,90,60,81.3021
4,4096,90,62,78.0867
4,4096,90,66,77.8497
4,4096,90,68,78.6676
4,4096,90,70,78.295
4,4096,90,74,81.3373
4,4096,90,76,78.361
4,4096,90,78,76.6299
4,4096,90,82,72.8342
4,4096,90,84,77.0893
4,4096,90,86,74.2578
4,4096,92,2,15.0809
4,4096,92,4,26.0886
4,4096,92,6,33.7994
4,4096,92,10,46.9036
4,4096,92,12,58.7848
4,4096,92,14,59.7481
4,4096,92,18,64.4728
4,4096,92,20,72.6445
4,4096,92,22,71.2538
4,4096,92,26,75.7935
4,4096,92,28,77.847
4,4096,92,30,76.1127
4,4096,92,34,81.1835
4,4096,92,36,84.6659
4,4096,92,38,82.6515
4,4096,92,42,79.2082
4,4096,92,44,82.3894
4,4096,92,46,83.9555
4,4096,92,50,84.8476
4,4096,92,52,88.1637
4,4096,92,54,85.1162
4,4096,92,58,81.8232
4,4096,92,60,86.6027
4,4096,92,62,81.0708
4,4096,92,66,81.6304
4,4096,92,68,82.5158
4,4096,92,70,77.6444
4,4096,92,74,76.7676
4,4096,92,76,80.1176
4,4096,92,78,72.4495
4,4096,92,82,78.8942
4,4096,92,84,77.3324
4,4096,92,86,75.3142
4,4096,92,90,72.4954
4,4096,94,2,15.3408
4,4096,94,4,27.9513
4,4096,94,6,37.5318
4,4096,94,10,52.8835
4,4096,94,12,59.1268
4,4096,94,14,62.6059
4,4096,94,18,66.0938
4,4096,94,20,75.3694
4,4096,94,22,72.0657
4,4096,94,26,76.6562
4,4096,94,28,79.8536
4,4096,94,30,74.8026
4,4096,94,34,79.931
4,4096,94,36,83.4737
4,4096,94,38,80.5873
4,4096,94,42,80.1441
4,4096,94,44,81.7678
4,4096,94,46,81.7829
4,4096,94,50,85.6134
4,4096,94,52,86.1652
4,4096,94,54,86.0757
4,4096,94,58,83.8845
4,4096,94,60,83.2107
4,4096,94,62,85.409
4,4096,94,66,85.0213
4,4096,94,68,84.3713
4,4096,94,70,83.6751
4,4096,94,74,80.6987
4,4096,94,76,78.5278
4,4096,94,78,78.2572
4,4096,94,82,81.2445
4,4096,94,84,77.7474
4,4096,94,86,80.5707
4,4096,94,90,76.5902
4,4096,94,92,77.8233
4,4096,98,2,15.1152
4,4096,98,4,29.1002
4,4096,98,6,34.9078
4,4096,98,10,53.9488
4,4096,98,12,58.771
4,4096,98,14,66.2823
4,4096,98,18,69.6209
4,4096,98,20,72.773
4,4096,98,22,76.8807
4,4096,98,26,79.2495
4,4096,98,28,82.212
4,4096,98,30,80.9244
4,4096,98,34,82.7003
4,4096,98,36,83.2454
4,4096,98,38,85.4139
4,4096,98,42,82.0399
4,4096,98,44,82.8153
4,4096,98,46,85.9884
4,4096,98,50,87.4434
4,4096,98,52,88.3199
4,4096,98,54,86.595
4,4096,98,58,87.8615
4,4096,98,60,84.3257
4,4096,98,62,85.3556
4,4096,98,66,85.5184
4,4096,98,68,85.6173
4,4096,98,70,84.1217
4,4096,98,74,81.745
4,4096,98,76,81.7177
4,4096,98,78,79.5318
4,4096,98,82,78.6504
4,4096,98,84,79.1727
4,4096,98,86,78.4906
4,4096,98,90,77.1125
4,4096,98,92,81.006
4,4096,98,94,79.0328
4,4096,100,2,15.5927
4,4096,100,4,26.7124
4,4096,100,6,41.2459
4,4096,100,10,53.1923
4,4096,100,12,59.7529
4,4096,100,14,63.392
4,4096,100,18,70.7228
4,4096,100,20,78.8637
4,4096,100,22,76.5592
4,4096,100,26,83.2572
4,4096,100,28,86.5742
4,4096,100,30,81.0228
4,4096,100,34,89.2615
4,4096,100,36,91.8642
4,4096,100,38,85.6296
4,4096,100,42,83.4628
4,4096,100,44,86.3975
4,4096,100,46,81.1149
4,4096,100,50,87.3252
4,4096,100,52,90.3092
4,4096,100,54,93.5114
4,4096,100,58,85.63
4,4096,100,60,87.563
4,4096,100,62,87.5019
4,4096,100,66,84.6013
4,4096,100,68,89.5376
4,4096,100,70,83.435
4,4096,100,74,82.2278
4,4096,100,76,87.4913
4,4096,100,78,82.7491
4,4096,100,82,82.0093
4,4096,100,84,82.1609
4,4096,100,86,79.8623
4,4096,100,90,77.6737
4,4096,100,92,81.1514
4,4096,100,94,78.8094
4,4096,100,98,77.7118
4,4096,102,2,15.4155
4,4096,102,4,29.7544
4,4096,102,6,41.9088
4,4096,102,10,52.3648
4,4096,102,12,62.8455
4,4096,102,14,62.4413
4,4096,102,18,71.949
4,4096,102,20,74.564
4,4096,102,22,75.9419
4,4096,102,26,79.4101
4,4096,102,28,82.5982
4,4096,102,30,81.4553
4,4096,102,34,87.5447
4,4096,102,36,88.406
4,4096,102,38,86.3659
4,4096,102,42,84.162
4,4096,102,44,84.9885
4,4096,102,46,81.5477
4,4096,102,50,80.7275
4,4096,102,52,89.3723
4,4096,102,54,88.963
4,4096,102,58,85.9785
4,4096,102,60,85.8665
4,4096,102,62,86.502
4,4096,102,66,84.3154
4,4096,102,68,84.2305
4,4096,102,70,85.9095
4,4096,102,74,87.4477
4,4096,102,76,84.7963
4,4096,102,78,82.4225
4,4096,102,82,84.3793
4,4096,102,84,82.2482
4,4096,102,86,80.8001
4,4096,102,90,77.4297
4,4096,102,92,77.2321
4,4096,102,94,81.3598
4,4096,102,98,77.215
4,4096,102,100,77.6419
4,4096,106,2,15.0033
4,4096,106,4,28.9882
4,4096,106,6,41.1399
4,4096,106,10,55.3212
4,4096,106,12,67.0785
4,4096,106,14,67.995
4,4096,106,18,74.6939
4,4096,106,20,78.1301
4,4096,106,22,80.7372
4,4096,106,26,80.8867
4,4096,106,28,85.8905
4,4096,106,30,86.7267
4,4096,106,34,83.0028
4,4096,106,36,87.3235
4,4096,106,38,84.2061
4,4096,106,42,87.0323
4,4096,106,44,90.665
4,4096,106,46,88.6857
4,4096,106,50,86.5972
4,4096,106,52,85.0346
4,4096,106,54,92.9253
4,4096,106,58,87.6909
4,4096,106,60,91.1301
4,4096,106,62,90.2385
4,4096,106,66,86.6389
4,4096,106,68,85.8472
4,4096,106,70,87.3436
4,4096,106,74,86.4981
4,4096,106,76,89.6223
4,4096,106,78,85.498
4,4096,106,82,86.3798
4,4096,106,84,87.4467
4,4096,106,86,86.6808
4,4096,106,90,82.0767
4,4096,106,92,83.3306
4,4096,106,94,83.558
4,4096,106,98,82.4475
4,4096,106,100,82.4983
4,4096,106,102,82.488
4,4096,108,2,17.4236
4,4096,108,4,31.5013
4,4096,108,6,45.653
4,4096,108,10,54.5871
4,4096,108,12,65.8216
4,4096,108,14,70.3466
4,4096,108,18,76.844
4,4096,108,20,80.9181
4,4096,108,22,86.2701
4,4096,108,26,83.19
4,4096,108,28,88.9563
4,4096,108,30,85.3859
4,4096,108,34,88.2155
4,4096,108,36,94.0496
4,4096,108,38,86.8269
4,4096,108,42,91.2871
4,4096,108,44,91.8429
4,4096,108,46,90.4858
4,4096,108,50,86.1471
4,4096,108,52,89.3486
4,4096,108,54,93.3487
4,4096,108,58,90.0538
4,4096,108,60,95.8058
4,4096,108,62,90.2149
4,4096,108,66,87.6715
4,4096,108,68,92.8946
4,4096,108,70,89.5229
4,4096,108,74,88.7513
4,4096,108,76,91.3437
4,4096,108,78,89.193
4,4096,108,82,88.9557
4,4096,108,84,91.0143
4,4096,108,86,87.875
4,4096,108,90,87.2048
4,4096,108,92,87.4179
4,4096,108,94,84.6624
4,4096,108,98,82.121
4,4096,108,100,85.9756
4,4096,108,102,84.8714
4,4096,108,106,82.6916
4,4096,110,2,15.2621
4,4096,110,4,32.6924
4,4096,110,6,41.2899
4,4096,110,10,56.6869
4,4096,110,12,64.5587
4,4096,110,14,68.9231
4,4096,110,18,73.6601
4,4096,110,20,81.4642
4,4096,110,22,82.6946
4,4096,110,26,80.199
4,4096,110,28,86.5556
4,4096,110,30,87.3119
4,4096,110,34,81.5135
4,4096,110,36,86.3276
4,4096,110,38,92.6195
4,4096,110,42,88.0607
4,4096,110,44,90.7348
4,4096,110,46,86.4572
4,4096,110,50,83.4216
4,4096,110,52,89.0288
4,4096,110,54,86.6377
4,4096,110,58,89.37
4,4096,110,60,89.234
4,4096,110,62,89.2046
4,4096,110,66,88.0776
4,4096,110,68,89.3822
4,4096,110,70,94.7064
4,4096,110,74,90.0167
4,4096,110,76,92.2582
4,4096,110,78,85.2794
4,4096,110,82,87.0848
4,4096,110,84,88.2054
4,4096,110,86,88.0023
4,4096,110,90,87.7685
4,4096,110,92,87.7262
4,4096,110,94,85.5863
4,4096,110,98,84.6027
4,4096,110,100,85.4454
4,4096,110,102,83.6485
4,4096,110,106,82.6276
4,4096,110,108,85.2453
4,4096,114,2,16.4818
4,4096,114,4,30.3184
4,4096,114,6,42.2204
4,4096,114,10,57.6936
4,4096,114,12,66.2329
4,4096,114,14,69.6214
4,4096,114,18,74.4746
4,4096,114,20,83.2352
4,4096,114,22,81.6985
4,4096,114,26,82.5762
4,4096,114,28,84.9525
4,4096,114,30,88.9933
4,4096,114,34,89.3986
4,4096,114,36,92.815
4,4096,114,38,92.5323
4,4096,114,42,94.0885
4,4096,114,44,92.1005
4,4096,114,46,90.7456
4,4096,114,50,88.9721
4,4096,114,52,87.3307
4,4096,114,54,90.289
4,4096,114,58,87.8558
4,4096,114,60,96.216
4,4096,114,62,91.8715
4,4096,114,66,91.2053
4,4096,114,68,94.6706
4,4096,114,70,90.6672
4,4096,114,74,92.3362
4,4096,114,76,85.409
4,4096,114,78,88.5332
4,4096,114,82,90.6182
4,4096,114,84,90.1195
4,4096,114,86,87.2381
4,4096,114,90,89.5878
4,4096,114,92,91.0685
4,4096,114,94,89.5871
4,4096,114,98,83.6942
4,4096,114,100,85.8442
4,4096,114,102,84.602
4,4096,114,106,83.9135
4,4096,114,108,80.0784
4,4096,114,110,82.3585
4,4096,116,2,15.8717
4,4096,116,4,34.1859
4,4096,116,6,41.6478
4,4096,116,10,61.5375
4,4096,116,12,67.9591
4,4096,116,14,71.0686
4,4096,116,18,78.9128
4,4096,116,20,86.0279
4,4096,116,22,84.4557
4,4096,116,26,85.7061
4,4096,116,28,86.0245
4,4096,116,30,91.7766
4,4096,116,34,87.5507
4,4096,116,36,87.8606
4,4096,116,38,86.7574
4,4096,116,42,98.8656
4,4096,116,44,97.5441
4,4096,116,46,96.1114
4,4096,116,50,91.0656
4,4096,116,52,89.6505
4,4096,116,54,92.8692
4,4096,116,58,92.9063
4,4096,116,60,90.8754
4,4096,116,62,92.1586
4,4096,116,66,87.1615
4,4096,116,68,95.1902
4,4096,116,70,91.2857
4,4096,116,74,92.3312
4,4096,116,76,92.412
4,4096,116,78,90.1524
4,4096,116,82,88.424
4,4096,116,84,84.5821
4,4096,116,86,87.7884
4,4096,116,90,90.784
4,4096,116,92,90.1207
4,4096,116,94,88.9094
4,4096,116,98,85.372
4,4096,116,100,88.7986
4,4096,116,102,84.467
4,4096,116,106,85.8751
4,4096,116,108,83.9307
4,4096,116,110,83.5212
4,4096,116,114,84.2471
4,4096,118,2,16.5778
4,4096,118,4,31.4617
4,4096,118,6,43.1834
4,4096,118,10,59.8123
4,4096,118,12,70.5067
4,4096,118,14,71.4788
4,4096,118,18,79.6627
4,4096,118,20,86.3324
4,4096,118,22,85.7482
4,4096,118,26,87.7366
4,4096,118,28,90.2628
4,4096,118,30,92.3566
4,4096,118,34,92.6882
4,4096,118,36,91.4913
4,4096,118,38,85.4314
4,4096,118,42,96.145
4,4096,118,44,96.9961
4,4096,118,46,92.0498
4,4096,118,50,91.9319
4,4096,118,52,89.9001
4,4096,118,54,88.9835
4,4096,118,58,85.9442
4,4096,118,60,92.3729
4,4096,118,62,89.9991
4,4096,118,66,92.7169
4,4096,118,68,85.2133
4,4096,118,70,95.0335
4,4096,118,74,95.1126
4,4096,118,76,88.3887
4,4096,118,78,91.7448
4,4096,118,82,92.0984
4,4096,118,84,87.7961
4,4096,118,86,88.5944
4,4096,118,90,89.1313
4,4096,118,92,91.6653
4,4096,118,94,88.2586
4,4096,118,98,86.9394
4,4096,118,100,87.325
4,4096,118,102,86.0535
4,4096,118,106,85.146
4,4096,118,108,86.0351
4,4096,118,110,82.586
4,4096,118,114,83.92
4,4096,118,116,82.4466
4,4096,122,2,16.7893
4,4096,122,4,31.8791
4,4096,122,6,45.8241
4,4096,122,10,59.1804
4,4096,122,12,66.0516
4,4096,122,14,73.5681
4,4096,122,18,78.2958
4,4096,122,20,82.9237
4,4096,122,22,88.396
4,4096,122,26,88.3293
4,4096,122,28,84.4521
4,4096,122,30,85.0407
4,4096,122,34,93.3042
4,4096,122,36,89.1828
4,4096,122,38,91.9943
4,4096,122,42,93.8965
4,4096,122,44,94.7261
4,4096,122,46,95.9898
4,4096,122,50,83.427
4,4096,122,52,90.5497
4,4096,122,54,89.544
4,4096,122,58,92.989
4,4096,122,60,90.8283
4,4096,122,62,80.2517
4,4096,122,66,93.4362
4,4096,122,68,94.1398
4,4096,122,70,93.8228
4,4096,122,74,92.3071
4,4096,122,76,91.4342
4,4096,122,78,89.2898
4,4096,122,82,96.1198
4,4096,122,84,90.0037
4,4096,122,86,92.7778
4,4096,122,90,88.2943
4,4096,122,92,90.1791
4,4096,122,94,91.6224
4,4096,122,98,87.894
4,4096,122,100,82.8248
4,4096,122,102,82.2809
4,4096,122,106,86.7452
4,4096,122,108,90.2106
4,4096,122,110,87.123
4,4096,122,114,85.994
4,4096,122,116,84.0488
4,4096,122,118,84.1285
4,4096,124,2,18.8874
4,4096,124,4,35.5637
4,4096,124,6,42.8162
4,4096,124,10,59.7022
4,4096,124,12,67.4901
4,4096,124,14,72.9171
4,4096,124,18,81.5063
4,4096,124,20,82.4087
4,4096,124,22,88.007
4,4096,124,26,88.8807
4,4096,124,28,89.1806
4,4096,124,30,88.2656
4,4096,124,34,93.4805
4,4096,124,36,95.8724
4,4096,124,38,92.2152
4,4096,124,42,99.4154
4,4096,124,44,77.3598
4,4096,124,46,99.8457
4,4096,124,50,92.1994
4,4096,124,52,90.451
4,4096,124,54,86.6655
4,4096,124,58,89.972
4,4096,124,60,90.9538
4,4096,124,62,89.1321
4,4096,124,66,93.2729
4,4096,124,68,90.4805
4,4096,124,70,89.558
4,4096,124,74,89.5295
4,4096,124,76,89.9165
4,4096,124,78,89.8809
4,4096,124,82,90.8726
4,4096,124,84,92.4048
4,4096,124,86,90.2659
4,4096,124,90,85.6619
4,4096,124,92,90.0694
4,4096,124,94,89.9786
4,4096,124,98,86.4498
4,4096,124,100,85.6578
4,4096,124,102,84.8833
4,4096,124,106,84.295
4,4096,124,108,89.558
4,4096,124,110,84.1565
4,4096,124,114,81.9185
4,4096,124,116,87.2463
4,4096,124,118,86.286
4,4096,124,122,81.4912
4,4096,126,2,18.8203
4,4096,126,4,36.7281
4,4096,126,6,47.5677
4,4096,126,10,63.3903
4,4096,126,12,71.2128
4,4096,126,14,77.3411
4,4096,126,18,81.7186
4,4096,126,20,83.541
4,4096,126,22,87.6279
4,4096,126,26,90.1784
4,4096,126,28,94.2394
4,4096,126,30,94.2973
4,4096,126,34,92.4183
4,4096,126,36,94.5159
4,4096,126,38,91.4884
4,4096,126,42,93.7997
4,4096,126,44,87.8734
4,4096,126,46,86.1862
4,4096,126,50,91.1561
4,4096,126,52,85.1449
4,4096,126,54,94.6734
4,4096,126,58,90.2697
4,4096,126,60,90.7429
4,4096,126,62,86.1188
4,4096,126,66,89.0115
4,4096,126,68,90.2646
4,4096,126,70,93.2753
4,4096,126,74,92.8487
4,4096,126,76,89.6837
4,4096,126,78,93.2758
4,4096,126,82,90.7248
4,4096,126,84,90.0374
4,4096,126,86,89.8401
4,4096,126,90,91.4981
4,4096,126,92,93.9519
4,4096,126,94,90.2344
4,4096,126,98,90.9028
4,4096,126,100,90.7594
4,4096,126,102,89.8397
4,4096,126,106,87.6305
4,4096,126,108,87.7579
4,4096,126,110,82.867
4,4096,126,114,82.117
4,4096,126,116,84.3961
4,4096,126,118,85.1465
4,4096,126,122,84.7375
4,4096,126,124,84.8849
4,4096,130,2,19.3361
4,4096,130,4,37.3584
4,4096,130,6,45.224
4,4096,130,10,64.4151
4,4096,130,12,74.4318
4,4096,130,14,74.5834
4,4096,130,18,79.5904
4,4096,130,20,83.652
4,4096,130,22,91.7987
4,4096,130,26,92.4461
4,4096,130,28,81.3943
4,4096,130,30,95.2298
4,4096,130,34,96.045
4,4096,130,36,95.387
4,4096,130,38,91.1516
4,4096,130,42,82.3988
4,4096,130,44,97.7712
4,4096,130,46,96.0692
4,4096,130,50,84.7205
4,4096,130,52,97.6322
4,4096,130,54,91.2417
4,4096,130,58,90.1655
4,4096,130,60,92.9115
4,4096,130,62,88.8266
4,4096,130,66,98.5422
4,4096,130,68,95.5008
4,4096,130,70,84.4236
4,4096,130,74,90.0206
4,4096,130,76,92.7544
4,4096,130,78,90.7827
4,4096,130,82,91.083
4,4096,130,84,93.4803
4,4096,130,86,85.3404
4,4096,130,90,81.5637
4,4096,130,92,93.3716
4,4096,130,94,84.9345
4,4096,130,98,88.4849
4,4096,130,100,90.7004
4,4096,130,102,88.4086
4,4096,130,106,84.4853
4,4096,130,108,87.1841
4,4096,130,110,85.57
4,4096,130,114,84.6609
4,4096,130,116,84.2164
4,4096,130,118,86.1036
4,4096,130,122,86.7113
4,4096,130,124,84.5318
4,4096,130,126,85.0444
4,4096,132,2,19.9672
4,4096,132,4,36.6214
4,4096,132,6,50.9425
4,4096,132,10,66.796
4,4096,132,12,75.4042
4,4096,132,14,77.9918
4,4096,132,18,82.1098
4,4096,132,20,89.752
4,4096,132,22,91.8602
4,4096,132,26,89.4722
4,4096,132,28,94.0802
4,4096,132,30,92.3891
4,4096,132,34,79.8226
4,4096,132,36,94.5806
4,4096,132,38,84.5971
4,4096,132,42,84.7591
4,4096,132,44,96.2835
4,4096,132,46,91.8735
4,4096,132,50,85.8702
4,4096,132,52,96.3918
4,4096,132,54,96.0027
4,4096,132,58,90.592
4,4096,132,60,97.2305
4,4096,132,62,90.2423
4,4096,132,66,93.8603
4,4096,132,68,96.6399
4,4096,132,70,91.7389
4,4096,132,74,89.327
4,4096,132,76,77.623
4,4096,132,78,91.2606
4,4096,132,82,84.6275
4,4096,132,84,95.2551
4,4096,132,86,94.0399
4,4096,132,90,91.2914
4,4096,132,92,91.9451
4,4096,132,94,91.103
4,4096,132,98,89.7819
4,4096,132,100,90.7358
4,4096,132,102,84.6905
4,4096,132,106,91.2029
4,4096,132,108,89.6596
4,4096,132,110,87.3844
4,4096,132,114,87.4915
4,4096,132,116,91.7512
4,4096,132,118,91.632
4,4096,132,122,83.6856
4,4096,132,124,85.0069
4,4096,132,126,83.0797
4,4096,132,130,84.6681
4,4096,134,2,19.7067
4,4096,134,4,37.2481
4,4096,134,6,45.7293
4,4096,134,10,65.8108
4,4096,134,12,72.9407
4,4096,134,14,77.0785
4,4096,134,18,81.6464
4,4096,134,20,89.1509
4,4096,134,22,89.4013
4,4096,134,26,79.8969
4,4096,134,28,97.2098
4,4096,134,30,99.1972
4,4096,134,34,97.0946
4,4096,134,36,98.743
4,4096,134,38,90.0865
4,4096,134,42,93.1329
4,4096,134,44,95.2708
4,4096,134,46,97.9752
4,4096,134,50,89.5134
4,4096,134,52,98.545
4,4096,134,54,98.5653
4,4096,134,58,91.569
4,4096,134,60,91.496
4,4096,134,62,89.4763
4,4096,134,66,89.0712
4,4096,134,68,94.8574
4,4096,134,70,91.7183
4,4096,134,74,89.8649
4,4096,134,76,81.4071
4,4096,134,78,88.5058
4,4096,134,82,91.5335
4,4096,134,84,82.2608
4,4096,134,86,83.7797
4,4096,134,90,91.0895
4,4096,134,92,93.2874
4,4096,134,94,92.4481
4,4096,134,98,91.0522
4,4096,134,100,92.5694
4,4096,134,102,90.5894
4,4096,134,106,86.8671
4,4096,134,108,89.7485
4,4096,134,110,89.4754
4,4096,134,114,88.4171
4,4096,134,116,89.8746
4,4096,134,118,86.5935
4,4096,134,122,84.8048
4,4096,134,124,86.7339
4,4096,134,126,84.0771
4,4096,134,130,87.1349
4,4096,134,132,83.2174
4,4096,138,2,18.655
4,4096,138,4,35.3009
4,4096,138,6,51.5347
4,4096,138,10,68.1796
4,4096,138,12,74.3142
4,4096,138,14,80.1616
4,4096,138,18,83.7797
4,4096,138,20,91.3645
4,4096,138,22,87.9779
4,4096,138,26,94.2829
4,4096,138,28,97.2663
4,4096,138,30,85.3612
4,4096,138,34,94.6196
4,4096,138,36,100.0004
4,4096,138,38,98.8189
4,4096,138,42,102.4889
4,4096,138,44,84.9578
4,4096,138,46,97.557
4,4096,138,50,92.5
4,4096,138,52,88.1526
4,4096,138,54,87.5604
4,4096,138,58,94.2663
4,4096,138,60,98.9394
4,4096,138,62,93.4628
4,4096,138,66,89.3557
4,4096,138,68,90.8484
4,4096,138,70,97.9379
4,4096,138,74,86.1587
4,4096,138,76,94.9422
4,4096,138,78,87.5362
4,4096,138,82,92.755
4,4096,138,84,93.9321
4,4096,138,86,83.829
4,4096,138,90,91.7813
4,4096,138,92,93.3056
4,4096,138,94,83.2832
4,4096,138,98,92.3892
4,4096,138,100,88.0805
4,4096,138,102,91.7607
4,4096,138,106,87.3957
4,4096,138,108,86.5531
4,4096,138,110,86.5974
4,4096,138,114,86.455
4,4096,138,116,90.2917
4,4096,138,118,76.3375
4,4096,138,122,85.6253
4,4096,138,124,84.516
4,4096,138,126,83.6965
4,4096,138,130,84.9434
4,4096,138,132,86.8516
4,4096,138,134,85.4146
4,4096,140,2,18.5804
4,4096,140,4,38.823
4,4096,140,6,48.9313
4,4096,140,10,69.3297
4,4096,140,12,75.9985
4,4096,140,14,77.3972
4,4096,140,18,86.2526
4,4096,140,20,91.5737
4,4096,140,22,91.4315
4,4096,140,26,91.872
4,4096,140,28,101.013
4,4096,140,30,84.367
4,4096,140,34,80.5384
4,4096,140,36,102.7078
4,4096,140,38,90.4285
4,4096,140,42,85.6533
4,4096,140,44,101.777
4,4096,140,46,96.7442
4,4096,140,50,84.7017
4,4096,140,52,89.1421
4,4096,140,54,97.809
4,4096,140,58,89.3619
4,4096,140,60,97.6101
4,4096,140,62,79.3621
4,4096,140,66,82.9622
4,4096,140,68,93.2265
4,4096,140,70,89.0743
4,4096,140,74,95.7807
4,4096,140,76,97.7454
4,4096,140,78,92.6149
4,4096,140,82,79.2865
4,4096,140,84,94.3222
4,4096,140,86,91.5623
4,4096,140,90,85.1207
4,4096,140,92,90.989
4,4096,140,94,91.9933
4,4096,140,98,92.8812
4,4096,140,100,92.1142
4,4096,140,102,90.3383
4,4096,140,106,90.0679
4,4096,140,108,88.968
4,4096,140,110,91.2609
4,4096,140,114,84.5426
4,4096,140,116,86.5238
4,4096,140,118,84.9395
4,4096,140,122,91.3282
4,4096,140,124,91.1592
4,4096,140,126,87.2145
4,4096,140,130,86.9199
4,4096,140,132,86.6918
4,4096,140,134,86.5775
4,4096,140,138,83.393
4,4096,142,2,19.3617
4,4096,142,4,40.5123
4,4096,142,6,49.6763
4,4096,142,10,64.7442
4,4096,142,12,78.3286
4,4096,142,14,79.7407
4,4096,142,18,86.5986
4,4096,142,20,90.7699
4,4096,142,22,89.9823
4,4096,142,26,94.031
4,4096,142,28,97.8807
4,4096,142,30,99.4986
4,4096,142,34,97.5582
4,4096,142,36,103.9213
4,4096,142,38,100.4523
4,4096,142,42,84.3342
4,4096,142,44,102.6025
4,4096,142,46,96.2885
4,4096,142,50,88.6444
4,4096,142,52,89.7697
4,4096,142,54,86.5658
4,4096,142,58,85.4455
4,4096,142,60,81.6835
4,4096,142,62,91.3916
4,4096,142,66,92.4703
4,4096,142,68,80.6782
4,4096,142,70,86.8186
4,4096,142,74,98.3703
4,4096,142,76,79.0766
4,4096,142,78,85.825
4,4096,142,82,80.7141
4,4096,142,84,93.9402
4,4096,142,86,92.7108
4,4096,142,90,92.9204
4,4096,142,92,92.1966
4,4096,142,94,89.1064
4,4096,142,98,92.904
4,4096,142,100,88.0472
4,4096,142,102,92.2745
4,4096,142,106,89.5782
4,4096,142,108,90.3591
4,4096,142,110,89.8896
4,4096,142,114,89.3455
4,4096,142,116,73.9848
4,4096,142,118,89.1689
4,4096,142,122,87.1231
4,4096,142,124,86.7995
4,4096,142,126,89.8649
4,4096,142,130,87.2832
4,4096,142,132,82.717
4,4096,142,134,84.7211
4,4096,142,138,82.2136
4,4096,142,140,86.6483
4,4096,146,2,21.6582
4,4096,146,4,39.8697
4,4096,146,6,50.9101
4,4096,146,10,67.9323
4,4096,146,12,76.4704
4,4096,146,14,79.6222
4,4096,146,18,80.6369
4,4096,146,20,89.1741
4,4096,146,22,93.3075
4,4096,146,26,96.568
4,4096,146,28,94.9078
4,4096,146,30,94.4975
4,4096,146,34,96.5709
4,4096,146,36,97.5387
4,4096,146,38,94.383
4,4096,146,42,87.5585
4,4096,146,44,88.5927
4,4096,146,46,98.6904
4,4096,146,50,83.7332
4,4096,146,52,97.6098
4,4096,146,54,87.7632
4,4096,146,58,89.4198
4,4096,146,60,96.4808
4,4096,146,62,93.7101
4,4096,146,66,93.6502
4,4096,146,68,91.9167
4,4096,146,70,94.3741
4,4096,146,74,96.89
4,4096,146,76,95.4347
4,4096,146,78,93.5739
4,4096,146,82,95.6476
4,4096,146,84,96.8233
4,4096,146,86,86.5403
4,4096,146,90,88.7804
4,4096,146,92,93.7644
4,4096,146,94,78.0615
4,4096,146,98,82.8918
4,4096,146,100,94.9099
4,4096,146,102,85.54
4,4096,146,106,95.3865
4,4096,146,108,91.2738
4,4096,146,110,87.7794
4,4096,146,114,74.1138
4,4096,146,116,91.0106
4,4096,146,118,87.4731
4,4096,146,122,87.6051
4,4096,146,124,91.3868
4,4096,146,126,85.9315
4,4096,146,130,86.5331
4,4096,146,132,87.191
4,4096,146,134,85.2535
4,4096,146,138,85.3822
4,4096,146,140,81.034
4,4096,146,142,79.9183
4,4096,148,2,21.58
4,4096,148,4,36.8267
4,4096,148,6,50.0287
4,4096,148,10,73.9757
4,4096,148,12,75.8138
4,4096,148,14,80.763
4,4096,148,18,86.6576
4,4096,148,20,91.1809
4,4096,148,22,91.6254
4,4096,148,26,97.102
4,4096,148,28,97.6247
4,4096,148,30,95.9987
4,4096,148,34,93.6111
4,4096,148,36,97.3039
4,4096,148,38,89.7722
4,4096,148,42,88.5925
4,4096,148,44,101.4942
4,4096,148,46,95.4733
4,4096,148,50,95.2582
4,4096,148,52,99.4343
4,4096,148,54,99.8441
4,4096,148,58,88.9408
4,4096,148,60,95.5018
4,4096,148,62,95.3726
4,4096,148,66,86.4784
4,4096,148,68,90.7609
4,4096,148,70,84.5458
4,4096,148,74,92.3726
4,4096,148,76,68.7593
4,4096,148,78,90.1332
4,4096,148,82,93.7052
4,4096,148,84,96.2693
4,4096,148,86,94.6451
4,4096,148,90,89.5213
4,4096,148,92,92.2768
4,4096,148,94,90.6465
4,4096,148,98,93.0125
4,4096,148,100,94.5897
4,4096,148,102,93.343
4,4096,148,106,93.8726
4,4096,148,108,93.1678
4,4096,148,110,95.573
4,4096,148,114,89.6538
4,4096,148,116,91.7811
4,4096,148,118,81.1009
4,4096,148,122,81.459
4,4096,148,124,91.4492
4,4096,148,126,90.9537
4,4096,148,130,86.2389
4,4096,148,132,91.2319
4,4096,148,134,88.6188
4,4096,148,138,84.3002
4,4096,148,140,83.8858
4,4096,148,142,80.8228
4,4096,148,146,82.2229
4,4096,150,2,21.6518
4,4096,150,4,37.5401
4,4096,150,6,49.1662
4,4096,150,10,67.7499
4,4096,150,12,78.7106
4,4096,150,14,80.7307
4,4096,150,18,87.8621
4,4096,150,20,89.7701
4,4096,150,22,90.4392
4,4096,150,26,91.7567
4,4096,150,28,96.6522
4,4096,150,30,100.1913
4,4096,150,34,101.1734
4,4096,150,36,104.0555
4,4096,150,38,103.0428
4,4096,150,42,87.9232
4,4096,150,44,86.5538
4,4096,150,46,98.8059
4,4096,150,50,96.8556
4,4096,150,52,88.8237
4,4096,150,54,87.8014
4,4096,150,58,96.5406
4,4096,150,60,102.3297
4,4096,150,62,80.2572
4,4096,150,66,91.739
4,4096,150,68,89.309
4,4096,150,70,96.0712
4,4096,150,74,93.2252
4,4096,150,76,97.2955
4,4096,150,78,79.7833
4,4096,150,82,95.6301
4,4096,150,84,91.5976
4,4096,150,86,91.9326
4,4096,150,90,94.9372
4,4096,150,92,82.8106
4,4096,150,94,92.7636
4,4096,150,98,97.2376
4,4096,150,100,90.8467
4,4096,150,102,92.3666
4,4096,150,106,92.0168
4,4096,150,108,93.3382
4,4096,150,110,95.7399
4,4096,150,114,92.3374
4,4096,150,116,93.2676
4,4096,150,118,90.8162
4,4096,150,122,92.5015
4,4096,150,124,80.7289
4,4096,150,126,91.7876
4,4096,150,130,87.5224
4,4096,150,132,85.2319
4,4096,150,134,88.0141
4,4096,150,138,82.2511
4,4096,150,140,84.6599
4,4096,150,142,86.5716
4,4096,150,146,82.2591
4,4096,150,148,84.8121
4,4096,154,2,21.8215
4,4096,154,4,40.4596
4,4096,154,6,45.4051
4,4096,154,10,58.7079
4,4096,154,12,80.0009
4,4096,154,14,80.4536
4,4096,154,18,88.6172
4,4096,154,20,95.5353
4,4096,154,22,95.4798
4,4096,154,26,95.9121
4,4096,154,28,92.956
4,4096,154,30,82.2213
4,4096,154,34,93.164
4,4096,154,36,90.3184
4,4096,154,38,88.3609
4,4096,154,42,89.5397
4,4096,154,44,90.063
4,4096,154,46,99.5906
4,4096,154,50,98.0851
4,4096,154,52,100.5655
4,4096,154,54,98.5725
4,4096,154,58,96.0862
4,4096,154,60,95.5546
4,4096,154,62,90.0723
4,4096,154,66,92.1982
4,4096,154,68,97.0652
4,4096,154,70,87.3316
4,4096,154,74,92.1478
4,4096,154,76,88.6741
4,4096,154,78,95.942
4,4096,154,82,93.7956
4,4096,154,84,90.5119
4,4096,154,86,92.9324
4,4096,154,90,89.3775
4,4096,154,92,93.2269
4,4096,154,94,91.2848
4,4096,154,98,93.4229
4,4096,154,100,91.1503
4,4096,154,102,94.6968
4,4096,154,106,91.7659
4,4096,154,108,82.4206
4,4096,154,110,93.2488
4,4096,154,114,85.5565
4,4096,154,116,94.3383
4,4096,154,118,82.8972
4,4096,154,122,90.8182
4,4096,154,124,81.4609
4,4096,154,126,91.3426
4,4096,154,130,80.9663
4,4096,154,132,85.4384
4,4096,154,134,87.4668
4,4096,154,138,83.55
4,4096,154,140,84.9537
4,4096,154,142,85.861
4,4096,154,146,87.3396
4,4096,154,148,85.5109
4,4096,154,150,82.71
4,4096,156,2,21.7313
4,4096,156,4,41.0751
4,4096,156,6,51.4294
4,4096,156,10,71.8215
4,4096,156,12,79.77
4,4096,156,14,81.9051
4,4096,156,18,89.6597
4,4096,156,20,94.0447
4,4096,156,22,93.115
4,4096,156,26,99.8655
4,4096,156,28,98.9985
4,4096,156,30,100.644
4,4096,156,34,87.0393
4,4096,156,36,87.9061
4,4096,156,38,95.4309
4,4096,156,42,90.93
4,4096,156,44,90.6749
4,4096,156,46,98.4895
4,4096,156,50,97.6305
4,4096,156,52,93.2128
4,4096,156,54,101.2718
4,4096,156,58,94.6686
4,4096,156,60,101.8425
4,4096,156,62,92.5741
4,4096,156,66,96.8506
4,4096,156,68,96.1351
4,4096,156,70,86.7709
4,4096,156,74,96.1256
4,4096,156,76,93.5278
4,4096,156,78,86.5962
4,4096,156,82,96.8984
4,4096,156,84,98.866
4,4096,156,86,86.4776
4,4096,156,90,90.3251
4,4096,156,92,86.0078
4,4096,156,94,96.5827
4,4096,156,98,94.1212
4,4096,156,100,90.8685
4,4096,156,102,95.8875
4,4096,156,106,94.6291
4,4096,156,108,86.2987
4,4096,156,110,91.8813
4,4096,156,114,85.052
4,4096,156,116,94.599
4,4096,156,118,87.9986
4,4096,156,122,91.7338
4,4096,156,124,94.7439
4,4096,156,126,81.1536
4,4096,156,130,90.4516
4,4096,156,132,82.9277
4,4096,156,134,85.9723
4,4096,156,138,84.1593
4,4096,156,140,80.752
4,4096,156,142,85.4821
4,4096,156,146,79.4301
4,4096,156,148,84.7811
4,4096,156,150,84.6088
4,4096,156,154,86.5049
4,4096,158,2,21.4467
4,4096,158,4,39.4921
4,4096,158,6,52.5915
4,4096,158,10,72.3268
4,4096,158,12,79.1699
4,4096,158,14,81.5963
4,4096,158,18,89.3251
4,4096,158,20,93.0132
4,4096,158,22,95.8625
4,4096,158,26,95.873
4,4096,158,28,105.8493
4,4096,158,30,84.9396
4,4096,158,34,96.0686
4,4096,158,36,89.68
4,4096,158,38,86.9973
4,4096,158,42,92.7878
4,4096,158,44,101.8273
4,4096,158,46,93.3216
4,4096,158,50,96.003
4,4096,158,52,97.2929
4,4096,158,54,100.1792
4,4096,158,58,93.2423
4,4096,158,60,98.7698
4,4096,158,62,95.9048
4,4096,158,66,89.8338
4,4096,158,68,99.2354
4,4096,158,70,87.4231
4,4096,158,74,90.7578
4,4096,158,76,86.3411
4,4096,158,78,90.5219
4,4096,158,82,92.6481
4,4096,158,84,95.5367
4,4096,158,86,86.8843
4,4096,158,90,84.277
4,4096,158,92,99.4684
4,4096,158,94,88.2513
4,4096,158,98,89.267
4,4096,158,100,94.3359
4,4096,158,102,85.0092
4,4096,158,106,94.7336
4,4096,158,108,88.424
4,4096,158,110,92.2076
4,4096,158,114,89.503
4,4096,158,116,89.6627
4,4096,158,118,89.0467
4,4096,158,122,80.115
4,4096,158,124,92.0783
4,4096,158,126,80.8867
4,4096,158,130,91.4778
4,4096,158,132,78.2702
4,4096,158,134,91.3241
4,4096,158,138,86.0841
4,4096,158,140,83.8842
4,4096,158,142,88.6146
4,4096,158,146,76.255
4,4096,158,148,83.2542
4,4096,158,150,83.2695
4,4096,158,154,76.0036
4,4096,158,156,80.9717
4,4096,162,2,20.9601
4,4096,162,4,39.1571
4,4096,162,6,52.5586
4,4096,162,10,68.9995
4,4096,162,12,78.9519
4,4096,162,14,83.5847
4,4096,162,18,89.2983
4,4096,162,20,94.8592
4,4096,162,22,95.5506
4,4096,162,26,83.1746
4,4096,162,28,87.9825
4,4096,162,30,88.4024
4,4096,162,34,89.4579
4,4096,162,36,103.5309
4,4096,162,38,101.0457
4,4096,162,42,102.1254
4,4096,162,44,99.4945
4,4096,162,46,99.4895
4,4096,162,50,93.9231
4,4096,162,52,101.6927
4,4096,162,54,101.1286
4,4096,162,58,94.9281
4,4096,162,60,90.398
4,4096,162,62,92.6706
4,4096,162,66,95.1819
4,4096,162,68,77.2291
4,4096,162,70,91.1298
4,4096,162,74,92.3394
4,4096,162,76,92.2394
4,4096,162,78,83.8469
4,4096,162,82,94.6528
4,4096,162,84,85.7275
4,4096,162,86,93.6368
4,4096,162,90,89.9326
4,4096,162,92,100.0677
4,4096,162,94,94.6837
4,4096,162,98,88.8546
4,4096,162,100,94.5463
4,4096,162,102,88.4993
4,4096,162,106,93.9251
4,4096,162,108,91.0634
4,4096,162,110,83.4387
4,4096,162,114,89.2774
4,4096,162,116,85.8911
4,4096,162,118,92.8358
4,4096,162,122,84.0413
4,4096,162,124,92.3985
4,4096,162,126,89.1608
4,4096,162,130,92.5178
4,4096,162,132,78.7962
4,4096,162,134,86.6261
4,4096,162,138,72.6929
4,4096,162,140,85.951
4,4096,162,142,86.2744
4,4096,162,146,88.7554
4,4096,162,148,89.1325
4,4096,162,150,83.4194
4,4096,162,154,88.337
4,4096,162,156,85.2564
4,4096,162,158,85.9066
4,4096,164,2,21.659
4,4096,164,4,40.4788
4,4096,164,6,56.8127
4,4096,164,10,74.4206
4,4096,164,12,84.4395
4,4096,164,14,85.2194
4,4096,164,18,89.3687
4,4096,164,20,98.6627
4,4096,164,22,99.0023
4,4096,164,26,103.0049
4,4096,164,28,95.2809
4,4096,164,30,90.9409
4,4096,164,34,88.3121
4,4096,164,36,89.8384
4,4096,164,38,103.6667
4,4096,164,42,101.452
4,4096,164,44,104.66
4,4096,164,46,105.4651
4,4096,164,50,91.3647
4,4096,164,52,89.6818
4,4096,164,54,98.7338
4,4096,164,58,99.8878
4,4096,164,60,94.5721
4,4096,164,62,89.7076
4,4096,164,66,101.6101
4,4096,164,68,100.8445
4,4096,164,70,94.1235
4,4096,164,74,85.5894
4,4096,164,76,81.8373
4,4096,164,78,89.9723
4,4096,164,82,86.5936
4,4096,164,84,97.3111
4,4096,164,86,78.8425
4,4096,164,90,96.594
4,4096,164,92,89.5672
4,4096,164,94,85.4264
4,4096,164,98,88.6123
4,4096,164,100,89.3409
4,4096,164,102,92.1239
4,4096,164,106,94.063
4,4096,164,108,97.4896
4,4096,164,110,94.1736
4,4096,164,114,75.9221
4,4096,164,116,92.4721
4,4096,164,118,80.6074
4,4096,164,122,92.7145
4,4096,164,124,94.8857
4,4096,164,126,91.2999
4,4096,164,130,93.913
4,4096,164,132,93.6817
4,4096,164,134,92.1226
4,4096,164,138,86.9556
4,4096,164,140,92.4305
4,4096,164,142,88.8997
4,4096,164,146,87.7712
4,4096,164,148,87.9116
4,4096,164,150,88.8255
4,4096,164,154,84.7297
4,4096,164,156,85.1946
4,4096,164,158,85.6084
4,4096,164,162,84.5657
4,4096,166,2,23.6814
4,4096,166,4,40.9121
4,4096,166,6,54.1274
4,4096,166,10,75.4493
4,4096,166,12,83.3241
4,4096,166,14,83.5464
4,4096,166,18,88.7881
4,4096,166,20,94.2545
4,4096,166,22,97.6278
4,4096,166,26,100.4051
4,4096,166,28,106.4707
4,4096,166,30,101.7946
4,4096,166,34,99.6015
4,4096,166,36,99.6311
4,4096,166,38,98.8048
4,4096,166,42,103.8393
4,4096,166,44,100.7353
4,4096,166,46,96.9262
4,4096,166,50,93.1941
4,4096,166,52,97.7855
4,4096,166,54,96.8291
4,4096,166,58,93.0255
4,4096,166,60,99.3308
4,4096,166,62,98.4516
4,4096,166,66,96.2688
4,4096,166,68,89.6778
4,4096,166,70,94.7764
4,4096,166,74,87.1895
4,4096,166,76,98.2475
4,4096,166,78,95.4924
4,4096,166,82,86.6271
4,4096,166,84,94.9927
4,4096,166,86,93.4987
4,4096,166,90,94.9876
4,4096,166,92,94.1981
4,4096,166,94,89.0546
4,4096,166,98,96.7678
4,4096,166,100,99.1548
4,4096,166,102,87.4851
4,4096,166,106,98.1038
4,4096,166,108,93.9521
4,4096,166,110,96.9975
4,4096,166,114,89.1613
4,4096,166,116,83.8797
4,4096,166,118,79.4801
4,4096,166,122,92.7225
4,4096,166,124,80.0764
4,4096,166,126,96.1872
4,4096,166,130,92.5101
4,4096,166,132,95.3721
4,4096,166,134,92.105
4,4096,166,138,89.0051
4,4096,166,140,89.8078
4,4096,166,142,91.9588
4,4096,166,146,87.6054
4,4096,166,148,87.0282
4,4096,166,150,87.8251
4,4096,166,154,87.753
4,4096,166,156,87.4589
4,4096,166,158,88.8177
4,4096,166,162,86.5958
4,4096,166,164,84.4522
4,4096,170,2,21.3322
4,4096,170,4,40.1028
4,4096,170,6,56.9769
4,4096,170,10,73.1864
4,4096,170,12,80.0859
4,4096,170,14,84.0674
4,4096,170,18,89.6828
4,4096,170,20,96.0747
4,4096,170,22,98.559
4,4096,170,26,94.1004
4,4096,170,28,82.0381
4,4096,170,30,92.4586
4,4096,170,34,88.7379
4,4096,170,36,90.3577
4,4096,170,38,85.9467
4,4096,170,42,99.223
4,4096,170,44,104.1766
4,4096,170,46,97.6778
4,4096,170,50,99.491
4,4096,170,52,102.7564
4,4096,170,54,84.8974
4,4096,170,58,93.4742
4,4096,170,60,88.1866
4,4096,170,62,96.9483
4,4096,170,66,95.3119
4,4096,170,68,83.1855
4,4096,170,70,87.6374
4,4096,170,74,84.5876
4,4096,170,76,84.3956
4,4096,170,78,84.0356
4,4096,170,82,95.3862
4,4096,170,84,96.8206
4,4096,170,86,100.6203
4,4096,170,90,87.8207
4,4096,170,92,93.5205
4,4096,170,94,90.9115
4,4096,170,98,92.7152
4,4096,170,100,89.1848
4,4096,170,102,96.6543
4,4096,170,106,86.4779
4,4096,170,108,92.1611
4,4096,170,110,90.0894
4,4096,170,114,92.0941
4,4096,170,116,83.5691
4,4096,170,118,91.1645
4,4096,170,122,86.4325
4,4096,170,124,90.6846
4,4096,170,126,83.5019
4,4096,170,130,92.179
4,4096,170,132,83.4344
4,4096,170,134,89.577
4,4096,170,138,83.5263
4,4096,170,140,89.3471
4,4096,170,142,77.9144
4,4096,170,146,87.3447
4,4096,170,148,86.9128
4,4096,170,150,80.3056
4,4096,170,154,87.2073
4,4096,170,156,85.326
4,4096,170,158,86.1393
4,4096,170,162,84.7618
4,4096,170,164,87.4297
4,4096,170,166,87.2119
4,4096,172,2,23.5509
4,4096,172,4,40.6759
4,4096,172,6,58.0939
4,4096,172,10,72.2796
4,4096,172,12,82.9658
4,4096,172,14,86.2359
4,4096,172,18,91.4815
4,4096,172,20,96.0046
4,4096,172,22,99.6559
4,4096,172,26,99.5934
4,4096,172,28,98.5387
4,4096,172,30,100.1024
4,4096,172,34,95.8128
4,4096,172,36,93.2038
4,4096,172,38,89.7289
4,4096,172,42,90.4097
4,4096,172,44,105.295
4,4096,172,46,98.8899
4,4096,172,50,101.0066
4,4096,172,52,97.8624
4,4096,172,54,90.3734
4,4096,172,58,98.9709
4,4096,172,60,98.7135
4,4096,172,62,93.6899
4,4096,172,66,93.1529
4,4096,172,68,96.0053
4,4096,172,70,97.7892
4,4096,172,74,87.7949
4,4096,172,76,99.2097
4,4096,172,78,94.3825
4,4096,172,82,82.9314
4,4096,172,84,96.7532
4,4096,172,86,90.2962
4,4096,172,90,85.8219
4,4096,172,92,94.5699
4,4096,172,94,92.3741
4,4096,172,98,96.9278
4,4096,172,100,94.9686
4,4096,172,102,88.5634
4,4096,172,106,93.2503
4,4096,172,108,88.283
4,4096,172,110,93.5247
4,4096,172,114,86.8464
4,4096,172,116,82.7097
4,4096,172,118,92.1562
4,4096,172,122,94.3606
4,4096,172,124,92.3943
4,4096,172,126,82.0581
4,4096,172,130,93.9066
4,4096,172,132,82.1979
4,4096,172,134,88.6395
4,4096,172,138,80.5326
4,4096,172,140,89.8504
4,4096,172,142,92.1973
4,4096,172,146,86.1974
4,4096,172,148,85.7406
4,4096,172,150,80.701
4,4096,172,154,83.6371
4,4096,172,156,83.9527
4,4096,172,158,67.9686
4,4096,172,162,74.5285
4,4096,172,164,83.9558
4,4096,172,166,80.6645
4,4096,172,170,82.1218
4,4096,174,2,21.9786
4,4096,174,4,41.5177
4,4096,174,6,55.3837
4,4096,174,10,72.2275
4,4096,174,12,82.4408
4,4096,174,14,87.9945
4,4096,174,18,90.5988
4,4096,174,20,96.185
4,4096,174,22,99.8271
4,4096,174,26,97.9748
4,4096,174,28,102.7682
4,4096,174,30,103.6652
4,4096,174,34,89.775
4,4096,174,36,91.308
4,4096,174,38,99.8988
4,4096,174,42,98.8807
4,4096,174,44,97.0161
4,4096,174,46,99.8119
4,4096,174,50,101.1089
4,4096,174,52,98.8793
4,4096,174,54,100.8892
4,4096,174,58,92.6892
4,4096,174,60,97.0429
4,4096,174,62,98.8284
4,4096,174,66,95.1066
4,4096,174,68,99.3332
4,4096,174,70,94.0968
4,4096,174,74,84.3467
4,4096,174,76,94.7956
4,4096,174,78,90.4385
4,4096,174,82,93.3362
4,4096,174,84,89.9308
4,4096,174,86,84.7016
4,4096,174,90,97.2112
4,4096,174,92,87.1854
4,4096,174,94,93.0237
4,4096,174,98,89.0853
4,4096,174,100,95.4615
4,4096,174,102,94.1775
4,4096,174,106,92.4111
4,4096,174,108,95.1358
4,4096,174,110,93.3147
4,4096,174,114,85.1675
4,4096,174,116,92.7355
4,4096,174,118,86.3673
4,4096,174,122,92.7739
4,4096,174,124,89.3979
4,4096,174,126,84.3373
4,4096,174,130,97.4955
4,4096,174,132,93.6123
4,4096,174,134,92.2843
4,4096,174,138,87.2416
4,4096,174,140,88.2203
4,4096,174,142,88.3007
4,4096,174,146,88.4127
4,4096,174,148,91.57
4,4096,174,150,88.9832
4,4096,174,154,89.0211
4,4096,174,156,89.2547
4,4096,174,158,89.5255
4,4096,174,162,85.5236
4,4096,174,164,86.3696
4,4096,174,166,85.251
4,4096,174,170,77.5572
4,4096,174,172,79.5449
4,4096,178,2,23.2173
4,4096,178,4,41.0044
4,4096,178,6,54.695
4,4096,178,10,72.0965
4,4096,178,12,83.1611
4,4096,178,14,85.2568
4,4096,178,18,91.4787
4,4096,178,20,95.7877
4,4096,178,22,98.7321
4,4096,178,26,100.1599
4,4096,178,28,87.0217
4,4096,178,30,89.4592
4,4096,178,34,96.3924
4,4096,178,36,96.195
4,4096,178,38,98.2068
4,4096,178,42,91.115
4,4096,178,44,102.8092
4,4096,178,46,113.0551
4,4096,178,50,101.2431
4,4096,178,52,102.63
4,4096,178,54,101.0112
4,4096,178,58,90.9485
4,4096,178,60,98.7583
4,4096,178,62,99.3361
4,4096,178,66,86.5488
4,4096,178,68,95.5607
4,4096,178,70,93.7742
4,4096,178,74,88.4118
4,4096,178,76,97.6224
4,4096,178,78,88.7605
4,4096,178,82,91.1085
4,4096,178,84,94.3396
4,4096,178,86,84.0122
4,4096,178,90,92.22
4,4096,178,92,80.9038
4,4096,178,94,95.4396
4,4096,178,98,85.6861
4,4096,178,100,94.5467
4,4096,178,102,88.461
4,4096,178,106,94.3909
4,4096,178,108,93.9368
4,4096,178,110,86.6236
4,4096,178,114,89.7109
4,4096,178,116,83.7638
4,4096,178,118,95.3347
4,4096,178,122,86.9168
4,4096,178,124,92.868
4,4096,178,126,87.6052
4,4096,178,130,91.3372
4,4096,178,132,87.9918
4,4096,178,134,89.6326
4,4096,178,138,84.7151
4,4096,178,140,86.7586
4,4096,178,142,79.4775
4,4096,178,146,86.6841
4,4096,178,148,78.1554
4,4096,178,150,87.0953
4,4096,178,154,87.6519
4,4096,178,156,90.5317
4,4096,178,158,89.0597
4,4096,178,162,86.9828
4,4096,178,164,84.7804
4,4096,178,166,86.275
4,4096,178,170,84.8361
4,4096,178,172,81.9591
4,4096,178,174,78.4614
4,4096,180,2,23.8382
4,4096,180,4,45.4141
4,4096,180,6,59.8238
4,4096,180,10,74.855
4,4096,180,12,85.4112
4,4096,180,14,90.2229
4,4096,180,18,95.6927
4,4096,180,20,103.2594
4,4096,180,22,82.5445
4,4096,180,26,102.6883
4,4096,180,28,88.8114
4,4096,180,30,102.1333
4,4096,180,34,96.4132
4,4096,180,36,104.6984
4,4096,180,38,100.8773
4,4096,180,42,103.843
4,4096,180,44,104.6035
4,4096,180,46,96.3866
4,4096,180,50,94.13
4,4096,180,52,101.4632
4,4096,180,54,102.2419
4,4096,180,58,84.1047
4,4096,180,60,98.2973
4,4096,180,62,98.2398
4,4096,180,66,100.1505
4,4096,180,68,102.7525
4,4096,180,70,99.9065
4,4096,180,74,97.0649
4,4096,180,76,97.7112
4,4096,180,78,100.3611
4,4096,180,82,96.8873
4,4096,180,84,92.2768
4,4096,180,86,92.7598
4,4096,180,90,97.2301
4,4096,180,92,95.0882
4,4096,180,94,98.4496
4,4096,180,98,103.1699
4,4096,180,100,101.0562
4,4096,180,102,91.3667
4,4096,180,106,95.5832
4,4096,180,108,102.2279
4,4096,180,110,94.3418
4,4096,180,114,85.9101
4,4096,180,116,96.2232
4,4096,180,118,101.5994
4,4096,180,122,89.783
4,4096,180,124,95.9426
4,4096,180,126,98.0805
4,4096,180,130,87.9233
4,4096,180,132,90.4363
4,4096,180,134,84.6439
4,4096,180,138,91.8777
4,4096,180,140,89.2097
4,4096,180,142,93.7223
4,4096,180,146,87.3253
4,4096,180,148,82.6895
4,4096,180,150,90.8992
4,4096,180,154,86.6641
4,4096,180,156,91.0573
4,4096,180,158,83.2831
4,4096,180,162,90.6098
4,4096,180,164,86.0088
4,4096,180,166,85.0509
4,4096,180,170,85.1862
4,4096,180,172,88.5152
4,4096,180,174,76.0043
4,4096,180,178,87.9477
4,4096,182,2,22.4416
4,4096,182,4,43.1603
4,4096,182,6,55.2776
4,4096,182,10,72.9614
4,4096,182,12,81.7049
4,4096,182,14,89.2584
4,4096,182,18,91.1061
4,4096,182,20,100.3057
4,4096,182,22,95.9409
4,4096,182,26,98.2129
4,4096,182,28,105.8589
4,4096,182,30,95.3427
4,4096,182,34,101.4338
4,4096,182,36,87.8139
4,4096,182,38,85.1078
4,4096,182,42,103.0033
4,4096,182,44,103.8885
4,4096,182,46,100.3682
4,4096,182,50,103.9963
4,4096,182,52,106.6337
4,4096,182,54,92.1865
4,4096,182,58,99.3554
4,4096,182,60,100.791
4,4096,182,62,92.7073
4,4096,182,66,101.4116
4,4096,182,68,101.5711
4,4096,182,70,91.5649
4,4096,182,74,93.0225
4,4096,182,76,94.1751
4,4096,182,78,97.7529
4,4096,182,82,94.5933
4,4096,182,84,93.8715
4,4096,182,86,98.7856
4,4096,182,90,92.3211
4,4096,182,92,90.0658
4,4096,182,94,94.9422
4,4096,182,98,90.2196
4,4096,182,100,86.8447
4,4096,182,102,97.7239
4,4096,182,106,94.6953
4,4096,182,108,95.9473
4,4096,182,110,96.8194
4,4096,182,114,88.5492
4,4096,182,116,81.3693
4,4096,182,118,81.135
4,4096,182,122,93.7918
4,4096,182,124,85.5484
4,4096,182,126,92.3261
4,4096,182,130,93.3531
4,4096,182,132,85.9788
4,4096,182,134,92.0078
4,4096,182,138,83.7404
4,4096,182,140,93.1237
4,4096,182,142,79.702
4,4096,182,146,86.4811
4,4096,182,148,90.5776
4,4096,182,150,84.5317
4,4096,182,154,88.6011
4,4096,182,156,83.563
4,4096,182,158,87.3836
4,4096,182,162,85.6487
4,4096,182,164,83.3166
4,4096,182,166,89.3432
4,4096,182,170,76.1673
4,4096,182,172,87.6847
4,4096,182,174,82.7273
4,4096,182,178,81.0958
4,4096,182,180,81.3552
4,4096,186,2,23.7385
4,4096,186,4,42.3147
4,4096,186,6,55.7023
4,4096,186,10,77.2068
4,4096,186,12,81.9966
4,4096,186,14,88.8958
4,4096,186,18,89.4765
4,4096,186,20,96.7773
4,4096,186,22,95.794
4,4096,186,26,92.143
4,4096,186,28,92.0322
4,4096,186,30,84.3195
4,4096,186,34,100.7275
4,4096,186,36,94.8007
4,4096,186,38,104.0245
4,4096,186,42,102.6229
4,4096,186,44,93.2046
4,4096,186,46,82.179
4,4096,186,50,91.4774
4,4096,186,52,101.4966
4,4096,186,54,99.4449
4,4096,186,58,91.4187
4,4096,186,60,97.0257
4,4096,186,62,92.6777
4,4096,186,66,92.7547
4,4096,186,68,97.9161
4,4096,186,70,76.3936
4,4096,186,74,95.1033
4,4096,186,76,90.6552
4,4096,186,78,97.5757
4,4096,186,82,92.0119
4,4096,186,84,88.1466
4,4096,186,86,92.3513
4,4096,186,90,83.3841
4,4096,186,92,91.1633
4,4096,186,94,90.6241
4,4096,186,98,93.0303
4,4096,186,100,93.4207
4,4096,186,102,71.3139
4,4096,186,106,93.8264
4,4096,186,108,82.3174
4,4096,186,110,91.8447
4,4096,186,114,84.4912
4,4096,186,116,89.0682
4,4096,186,118,91.8265
4,4096,186,122,93.2754
4,4096,186,124,87.0012
4,4096,186,126,91.7336
4,4096,186,130,94.8443
4,4096,186,132,92.6459
4,4096,186,134,88.2297
4,4096,186,138,77.8911
4,4096,186,140,96.6394
4,4096,186,142,92.4811
4,4096,186,146,91.8124
4,4096,186,148,89.7082
4,4096,186,150,86.4723
4,4096,186,154,90.9334
4,4096,186,156,89.2051
4,4096,186,158,84.0107
4,4096,186,162,84.4274
4,4096,186,164,87.6501
4,4096,186,166,86.7987
4,4096,186,170,83.2236
4,4096,186,172,84.4175
4,4096,186,174,85.9179
4,4096,186,178,87.8105
4,4096,186,180,86.0708
4,4096,186,182,81.8846
4,4096,188,2,26.27
4,4096,188,4,43.2588
4,4096,188,6,58.0074
4,4096,188,10,73.9794
4,4096,188,12,85.9796
4,4096,188,14,85.2366
4,4096,188,18,94.4441
4,4096,188,20,90.2134
4,4096,188,22,101.399
4,4096,188,26,102.8728
4,4096,188,28,107.1356
4,4096,188,30,98.7914
4,4096,188,34,85.7691
4,4096,188,36,108.9224
4,4096,188,38,106.1946
4,4096,188,42,92.433
4,4096,188,44,108.4578
4,4096,188,46,103.28
4,4096,188,50,90.3197
4,4096,188,52,104.4044
4,4096,188,54,103.1539
4,4096,188,58,90.8607
4,4096,188,60,100.5424
4,4096,188,62,98.0904
4,4096,188,66,85.4498
4,4096,188,68,100.6692
4,4096,188,70,97.2855
4,4096,188,74,99.8742
4,4096,188,76,93.0923
4,4096,188,78,101.8619
4,4096,188,82,93.3394
4,4096,188,84,89.7051
4,4096,188,86,97.1235
4,4096,188,90,96.1139
4,4096,188,92,86.7012
4,4096,188,94,97.3678
4,4096,188,98,89.448
4,4096,188,100,96.1611
4,4096,188,102,94.749
4,4096,188,106,88.6161
4,4096,188,108,97.4265
4,4096,188,110,93.7822
4,4096,188,114,86.2986
4,4096,188,116,93.9273
4,4096,188,118,88.4105
4,4096,188,122,96.3139
4,4096,188,124,90.3901
4,4096,188,126,84.8186
4,4096,188,130,92.1188
4,4096,188,132,88.5261
4,4096,188,134,95.0566
4,4096,188,138,85.8472
4,4096,188,140,91.0763
4,4096,188,142,92.3826
4,4096,188,146,91.22
4,4096,188,148,86.569
4,4096,188,150,86.3804
4,4096,188,154,84.1706
4,4096,188,156,93.1259
4,4096,188,158,81.2756
4,4096,188,162,86.9121
4,4096,188,164,87.55
4,4096,188,166,83.8637
4,4096,188,170,84.669
4,4096,188,172,77.4468
4,4096,188,174,89.217
4,4096,188,178,84.3514
4,4096,188,180,86.5916
4,4096,188,182,81.1944
4,4096,188,186,80.9579
4,4096,190,2,25.328
4,4096,190,4,46.6838
4,4096,190,6,63.6409
4,4096,190,10,76.661
4,4096,190,12,88.2551
4,4096,190,14,90.211
4,4096,190,18,94.2757
4,4096,190,20,98.1099
4,4096,190,22,98.3214
4,4096,190,26,89.7144
4,4096,190,28,90.5007
4,4096,190,30,103.4932
4,4096,190,34,99.9374
4,4096,190,36,105.7427
4,4096,190,38,108.7404
4,4096,190,42,103.0026
4,4096,190,44,97.9762
4,4096,190,46,94.8807
4,4096,190,50,106.1185
4,4096,190,52,106.6327
4,4096,190,54,87.664
4,4096,190,58,92.671
4,4096,190,60,97.9051
4,4096,190,62,99.3445
4,4096,190,66,96.3686
4,4096,190,68,102.7236
4,4096,190,70,92.4555
4,4096,190,74,92.8392
4,4096,190,76,96.9104
4,4096,190,78,93.0502
4,4096,190,82,93.7895
4,4096,190,84,86.9975
4,4096,190,86,86.5412
4,4096,190,90,92.4399
4,4096,190,92,87.9862
4,4096,190,94,86.56
4,4096,190,98,94.3747
4,4096,190,100,79.0877
4,4096,190,102,88.3072
4,4096,190,106,87.2224
4,4096,190,108,98.1132
4,4096,190,110,93.7646
4,4096,190,114,96.3769
4,4096,190,116,91.3231
4,4096,190,118,80.7868
4,4096,190,122,94.691
4,4096,190,124,85.9004
4,4096,190,126,81.2345
4,4096,190,130,91.5191
4,4096,190,132,94.2122
4,4096,190,134,90.248
4,4096,190,138,90.9822
4,4096,190,140,94.8187
4,4096,190,142,94.7757
4,4096,190,146,91.997
4,4096,190,148,90.4537
4,4096,190,150,90.8653
4,4096,190,154,89.2786
4,4096,190,156,89.0961
4,4096,190,158,85.9978
4,4096,190,162,87.0287
4,4096,190,164,88.0154
4,4096,190,166,87.4232
4,4096,190,170,88.0973
4,4096,190,172,89.2238
4,4096,190,174,86.8864
4,4096,190,178,82.342
4,4096,190,180,89.4632
4,4096,190,182,86.6472
4,4096,190,186,80.1061
4,4096,190,188,82.6814
4,4096,194,2,22.8091
4,4096,194,4,44.6846
4,4096,194,6,56.5268
4,4096,194,10,76.4242
4,4096,194,12,79.6799
4,4096,194,14,85.8277
4,4096,194,18,91.1736
4,4096,194,20,101.4044
4,4096,194,22,90.8146
4,4096,194,26,89.467
4,4096,194,28,104.5572
4,4096,194,30,92.0104
4,4096,194,34,100.503
4,4096,194,36,103.0923
4,4096,194,38,95.5404
4,4096,194,42,103.1336
4,4096,194,44,94.7832
4,4096,194,46,90.5438
4,4096,194,50,86.6271
4,4096,194,52,88.0993
4,4096,194,54,95.8398
4,4096,194,58,87.7903
4,4096,194,60,98.4074
4,4096,194,62,97.8347
4,4096,194,66,93.1089
4,4096,194,68,84.1076
4,4096,194,70,83.9511
4,4096,194,74,95.0499
4,4096,194,76,93.6294
4,4096,194,78,85.1414
4,4096,194,82,95.5091
4,4096,194,84,93.8941
4,4096,194,86,79.9588
4,4096,194,90,92.1089
4,4096,194,92,91.9317
4,4096,194,94,91.4992
4,4096,194,98,95.6213
4,4096,194,100,95.2255
4,4096,194,102,97.4914
4,4096,194,106,73.5293
4,4096,194,108,87.6131
4,4096,194,110,94.8894
4,4096,194,114,93.9982
4,4096,194,116,80.1343
4,4096,194,118,82.1761
4,4096,194,122,95.6056
4,4096,194,124,89.5949
4,4096,194,126,90.5019
4,4096,194,130,89.5534
4,4096,194,132,95.5903
4,4096,194,134,77.92
4,4096,194,138,90.418
4,4096,194,140,98.0352
4,4096,194,142,86.3051
4,4096,194,146,92.5681
4,4096,194,148,90.9856
4,4096,194,150,88.5225
4,4096,194,154,74.1668
4,4096,194,156,89.9319
4,4096,194,158,91.2287
4,4096,194,162,91.8599
4,4096,194,164,91.4476
4,4096,194,166,86.8962
4,4096,194,170,90.9461
4,4096,194,172,88.0941
4,4096,194,174,87.8523
4,4096,194,178,79.8569
4,4096,194,180,80.5263
4,4096,194,182,81.6338
4,4096,194,186,77.1238
4,4096,194,188,82.7562
4,4096,194,190,87.0211
4,4096,196,2,25.2918
4,4096,196,4,47.8337
4,4096,196,6,59.1016
4,4096,196,10,77.1615
4,4096,196,12,85.7251
4,4096,196,14,91.7543
4,4096,196,18,97.9709
4,4096,196,20,97.0
4,4096,196,22,94.9683
4,4096,196,26,88.9385
4,4096,196,28,109.3504
4,4096,196,30,101.0272
4,4096,196,34,102.0602
4,4096,196,36,104.3027
4,4096,196,38,97.6371
4,4096,196,42,110.0895
4,4096,196,44,106.9405
4,4096,196,46,107.6002
4,4096,196,50,90.3268
4,4096,196,52,102.9248
4,4096,196,54,100.2706
4,4096,196,58,98.3307
4,4096,196,60,88.2544
4,4096,196,62,96.7806
4,4096,196,66,97.1199
4,4096,196,68,89.2858
4,4096,196,70,97.3729
4,4096,196,74,95.1946
4,4096,196,76,98.7186
4,4096,196,78,96.9751
4,4096,196,82,95.3712
4,4096,196,84,85.2986
4,4096,196,86,94.7563
4,4096,196,90,84.8632
4,4096,196,92,95.1302
4,4096,196,94,88.9896
4,4096,196,98,100.8734
4,4096,196,100,90.6611
4,4096,196,102,86.9741
4,4096,196,106,94.8056
4,4096,196,108,87.9842
4,4096,196,110,88.8217
4,4096,196,114,87.5173
4,4096,196,116,88.5333
4,4096,196,118,87.4693
4,4096,196,122,93.0681
4,4096,196,124,88.7304
4,4096,196,126,95.4906
4,4096,196,130,86.2151
4,4096,196,132,89.0596
4,4096,196,134,86.7834
4,4096,196,138,90.0048
4,4096,196,140,82.3301
4,4096,196,142,89.7892
4,4096,196,146,89.9249
4,4096,196,148,84.5103
4,4096,196,150,92.2619
4,4096,196,154,76.981
4,4096,196,156,81.6508
4,4096,196,158,90.9533
4,4096,196,162,91.5527
4,4096,196,164,91.9746
4,4096,196,166,85.1498
4,4096,196,170,84.4018
4,4096,196,172,84.9471
4,4096,196,174,85.0265
4,4096,196,178,87.3424
4,4096,196,180,86.1638
4,4096,196,182,85.0553
4,4096,196,186,82.7235
4,4096,196,188,88.7181
4,4096,196,190,89.0815
4,4096,196,194,80.1465
4,4096,198,2,25.476
4,4096,198,4,48.3474
4,4096,198,6,63.2801
4,4096,198,10,76.2976
4,4096,198,12,88.2654
4,4096,198,14,89.9792
4,4096,198,18,96.0501
4,4096,198,20,94.4174
4,4096,198,22,90.5005
4,4096,198,26,87.9965
4,4096,198,28,105.4069
4,4096,198,30,97.19
4,4096,198,34,94.9258
4,4096,198,36,100.3263
4,4096,198,38,102.3622
4,4096,198,42,107.1485
4,4096,198,44,91.7274
4,4096,198,46,88.2114
4,4096,198,50,100.8499
4,4096,198,52,102.398
4,4096,198,54,105.4148
4,4096,198,58,97.78
4,4096,198,60,97.1052
4,4096,198,62,86.918
4,4096,198,66,95.191
4,4096,198,68,96.4374
4,4096,198,70,88.0957
4,4096,198,74,95.6035
4,4096,198,76,96.0112
4,4096,198,78,92.721
4,4096,198,82,93.2116
4,4096,198,84,83.8799
4,4096,198,86,95.0562
4,4096,198,90,88.5146
4,4096,198,92,95.1325
4,4096,198,94,88.618
4,4096,198,98,91.8343
4,4096,198,100,92.1987
4,4096,198,102,93.1481
4,4096,198,106,89.5181
4,4096,198,108,93.0959
4,4096,198,110,90.7021
4,4096,198,114,84.0837
4,4096,198,116,97.5751
4,4096,198,118,80.7962
4,4096,198,122,93.476
4,4096,198,124,84.0203
4,4096,198,126,89.1809
4,4096,198,130,78.2125
4,4096,198,132,88.5629
4,4096,198,134,88.6513
4,4096,198,138,84.4383
4,4096,198,140,90.8176
4,4096,198,142,77.958
4,4096,198,146,90.5386
4,4096,198,148,90.6562
4,4096,198,150,85.2832
4,4096,198,154,88.2882
4,4096,198,156,81.4602
4,4096,198,158,90.2423
4,4096,198,162,85.7256
4,4096,198,164,93.1578
4,4096,198,166,84.4439
4,4096,198,170,85.1611
4,4096,198,172,90.4852
4,4096,198,174,91.1723
4,4096,198,178,83.2742
4,4096,198,180,81.393
4,4096,198,182,88.776
4,4096,198,186,81.2184
4,4096,198,188,86.937
4,4096,198,190,86.0595
4,4096,198,194,76.7072
4,4096,198,196,73.5207
4,4096,202,2,23.2345
4,4096,202,4,44.7432
4,4096,202,6,58.5396
4,4096,202,10,75.8236
4,4096,202,12,88.6306
4,4096,202,14,89.3714
4,4096,202,18,91.3701
4,4096,202,20,99.1984
4,4096,202,22,92.9077
4,4096,202,26,103.852
4,4096,202,28,89.9527
4,4096,202,30,95.2807
4,4096,202,34,103.0408
4,4096,202,36,95.5122
4,4096,202,38,96.9243
4,4096,202,42,104.3629
4,4096,202,44,105.4871
4,4096,202,46,107.9538
4,4096,202,50,97.7626
4,4096,202,52,102.2607
4,4096,202,54,107.7006
4,4096,202,58,91.6128
4,4096,202,60,102.4155
4,4096,202,62,92.8596
4,4096,202,66,89.4592
4,4096,202,68,96.4278
4,4096,202,70,96.2009
4,4096,202,74,90.6294
4,4096,202,76,95.5133
4,4096,202,78,91.2826
4,4096,202,82,95.5118
4,4096,202,84,95.4789
4,4096,202,86,88.2378
4,4096,202,90,82.1166
4,4096,202,92,89.0201
4,4096,202,94,94.912
4,4096,202,98,95.4457
4,4096,202,100,92.3035
4,4096,202,102,98.2944
4,4096,202,106,91.5003
4,4096,202,108,94.1656
4,4096,202,110,85.8628
4,4096,202,114,80.9435
4,4096,202,116,93.2147
4,4096,202,118,93.2364
4,4096,202,122,90.2216
4,4096,202,124,82.3227
4,4096,202,126,92.7024
4,4096,202,130,78.8038
4,4096,202,132,93.8931
4,4096,202,134,82.1243
4,4096,202,138,92.8663
4,4096,202,140,82.4178
4,4096,202,142,88.8249
4,4096,202,146,87.5873
4,4096,202,148,95.8221
4,4096,202,150,90.2203
4,4096,202,154,86.3891
4,4096,202,156,91.1653
4,4096,202,158,92.5568
4,4096,202,162,92.9817
4,4096,202,164,89.8875
4,4096,202,166,75.2375
4,4096,202,170,87.7242
4,4096,202,172,92.4073
4,4096,202,174,77.0357
4,4096,202,178,84.8994
4,4096,202,180,83.3648
4,4096,202,182,88.4301
4,4096,202,186,83.2658
4,4096,202,188,84.5393
4,4096,202,190,83.3403
4,4096,202,194,68.9619
4,4096,202,196,66.9556
4,4096,202,198,73.4071
4,4096,204,2,23.1533
4,4096,204,4,44.5334
4,4096,204,6,54.0793
4,4096,204,10,70.7798
4,4096,204,12,70.6257
4,4096,204,14,80.4327
4,4096,204,18,83.5665
4,4096,204,20,88.2091
4,4096,204,22,90.2577
4,4096,204,26,93.5205
4,4096,204,28,92.2363
4,4096,204,30,98.8597
4,4096,204,34,95.1108
4,4096,204,36,101.1486
4,4096,204,38,98.3373
4,4096,204,42,97.786
4,4096,204,44,97.2226
4,4096,204,46,108.7482
4,4096,204,50,100.9949
4,4096,204,52,98.5027
4,4096,204,54,98.3929
4,4096,204,58,86.2371
4,4096,204,60,98.6316
4,4096,204,62,87.732
4,4096,204,66,94.7064
4,4096,204,68,98.9554
4,4096,204,70,85.9768
4,4096,204,74,99.0759
4,4096,204,76,86.1721
4,4096,204,78,89.7962
4,4096,204,82,80.0544
4,4096,204,84,95.2917
4,4096,204,86,90.4788
4,4096,204,90,97.1466
4,4096,204,92,97.6311
4,4096,204,94,90.1903
4,4096,204,98,97.4668
4,4096,204,100,94.6133
4,4096,204,102,97.3783
4,4096,204,106,81.93
4,4096,204,108,81.9406
4,4096,204,110,91.6894
4,4096,204,114,94.4617
4,4096,204,116,94.9532
4,4096,204,118,94.1489
4,4096,204,122,97.6818
4,4096,204,124,93.4928
4,4096,204,126,81.5975
4,4096,204,130,94.9799
4,4096,204,132,95.8668
4,4096,204,134,93.962
4,4096,204,138,91.684
4,4096,204,140,94.6504
4,4096,204,142,81.0103
4,4096,204,146,84.7179
4,4096,204,148,86.8177
4,4096,204,150,85.0744
4,4096,204,154,87.5902
4,4096,204,156,89.0274
4,4096,204,158,93.9156
4,4096,204,162,91.6573
4,4096,204,164,93.6587
4,4096,204,166,84.6718
4,4096,204,170,90.3185
4,4096,204,172,89.4553
4,4096,204,174,86.7936
4,4096,204,178,80.285
4,4096,204,180,83.1325
4,4096,204,182,87.6077
4,4096,204,186,82.2358
4,4096,204,188,86.0338
4,4096,204,190,76.861
4,4096,204,194,79.9789
4,4096,204,196,80.5725
4,4096,204,198,80.6314
4,4096,204,202,83.5074
4,4096,206,2,24.4212
4,4096,206,4,46.2629
4,4096,206,6,63.7707
4,4096,206,10,79.9881
4,4096,206,12,84.6659
4,4096,206,14,90.9018
4,4096,206,18,92.742
4,4096,206,20,102.8876
4,4096,206,22,101.657
4,4096,206,26,107.3728
4,4096,206,28,107.8154
4,4096,206,30,105.8955
4,4096,206,34,101.8762
4,4096,206,36,115.9606
4,4096,206,38,94.7858
4,4096,206,42,108.8301
4,4096,206,44,106.6983
4,4096,206,46,106.8796
4,4096,206,50,100.5433
4,4096,206,52,101.0968
4,4096,206,54,94.9574
4,4096,206,58,91.4021
4,4096,206,60,98.5755
4,4096,206,62,94.2102
4,4096,206,66,89.2901
4,4096,206,68,90.5787
4,4096,206,70,80.8523
4,4096,206,74,76.9447
4,4096,206,76,86.9329
4,4096,206,78,90.9613
4,4096,206,82,97.7492
4,4096,206,84,97.2739
4,4096,206,86,84.6283
4,4096,206,90,92.1466
4,4096,206,92,96.7753
4,4096,206,94,98.1866
4,4096,206,98,92.9724
4,4096,206,100,96.2966
4,4096,206,102,92.332
4,4096,206,106,96.2517
4,4096,206,108,91.5102
4,4096,206,110,92.0729
4,4096,206,114,95.1311
4,4096,206,116,90.6064
4,4096,206,118,92.8651
4,4096,206,122,92.8341
4,4096,206,124,91.9758
4,4096,206,126,94.5703
4,4096,206,130,92.4432
4,4096,206,132,84.7856
4,4096,206,134,94.5291
4,4096,206,138,90.5395
4,4096,206,140,94.001
4,4096,206,142,89.7382
4,4096,206,146,89.5693
4,4096,206,148,89.2271
4,4096,206,150,88.5401
4,4096,206,154,90.2101
4,4096,206,156,83.8214
4,4096,206,158,89.2578
4,4096,206,162,88.26
4,4096,206,164,87.6772
4,4096,206,166,88.6924
4,4096,206,170,89.5911
4,4096,206,172,89.1841
4,4096,206,174,87.3239
4,4096,206,178,84.3519
4,4096,206,180,83.8317
4,4096,206,182,89.683
4,4096,206,186,80.4129
4,4096,206,188,80.3058
4,4096,206,190,78.6796
4,4096,206,194,80.861
4,4096,206,196,76.9939
4,4096,206,198,85.1766
4,4096,206,202,84.2691
4,4096,206,204,87.3517
4,4096,210,2,25.7606
4,4096,210,4,48.2295
4,4096,210,6,62.1075
4,4096,210,10,77.6227
4,4096,210,12,86.4617
4,4096,210,14,92.055
4,4096,210,18,90.7307
4,4096,210,20,103.0973
4,4096,210,22,107.1354
4,4096,210,26,104.099
4,4096,210,28,103.3613
4,4096,210,30,95.1352
4,4096,210,34,101.5233
4,4096,210,36,106.6642
4,4096,210,38,104.2327
4,4096,210,42,91.5702
4,4096,210,44,91.4081
4,4096,210,46,108.5511
4,4096,210,50,97.9642
4,4096,210,52,91.141
4,4096,210,54,100.9879
4,4096,210,58,97.3612
4,4096,210,60,90.9728
4,4096,210,62,98.4734
4,4096,210,66,91.2712
4,4096,210,68,92.7638
4,4096,210,70,91.4896
4,4096,210,74,88.2435
4,4096,210,76,94.7185
4,4096,210,78,87.6664
4,4096,210,82,92.3153
4,4096,210,84,91.4327
4,4096,210,86,94.8837
4,4096,210,90,92.0799
4,4096,210,92,86.2464
4,4096,210,94,85.5862
4,4096,210,98,93.3314
4,4096,210,100,86.7385
4,4096,210,102,93.4267
4,4096,210,106,85.2914
4,4096,210,108,96.5302
4,4096,210,110,81.1528
4,4096,210,114,93.4978
4,4096,210,116,85.2281
4,4096,210,118,94.7191
4,4096,210,122,81.343
4,4096,210,124,87.5885
4,4096,210,126,83.5141
4,4096,210,130,90.0319
4,4096,210,132,78.9349
4,4096,210,134,86.2979
4,4096,210,138,94.8604
4,4096,210,140,81.7469
4,4096,210,142,87.3657
4,4096,210,146,77.9438
4,4096,210,148,82.3152
4,4096,210,150,83.2605
4,4096,210,154,87.2165
4,4096,210,156,88.0806
4,4096,210,158,91.4928
4,4096,210,162,90.4813
4,4096,210,164,86.8556
4,4096,210,166,87.8095
4,4096,210,170,91.1074
4,4096,210,172,91.6818
4,4096,210,174,85.3793
4,4096,210,178,86.3062
4,4096,210,180,82.6742
4,4096,210,182,84.189
4,4096,210,186,81.0106
4,4096,210,188,82.496
4,4096,210,190,82.9748
4,4096,210,194,83.4296
4,4096,210,196,79.988
4,4096,210,198,79.8617
4,4096,210,202,85.8498
4,4096,210,204,86.5619
4,4096,210,206,73.9785
4,4096,212,2,25.5374
4,4096,212,4,45.3953
4,4096,212,6,61.8859
4,4096,212,10,76.5118
4,4096,212,12,87.4058
4,4096,212,14,87.2553
4,4096,212,18,96.5193
4,4096,212,20,101.4986
4,4096,212,22,102.1869
4,4096,212,26,102.3868
4,4096,212,28,110.7113
4,4096,212,30,104.8741
4,4096,212,34,101.1237
4,4096,212,36,106.6016
4,4096,212,38,101.7731
4,4096,212,42,96.4419
4,4096,212,44,111.5417
4,4096,212,46,106.7473
4,4096,212,50,102.0513
4,4096,212,52,103.3309
4,4096,212,54,103.6849
4,4096,212,58,95.6455
4,4096,212,60,86.7739
4,4096,212,62,97.3865
4,4096,212,66,86.4942
4,4096,212,68,97.7176
4,4096,212,70,86.7846
4,4096,212,74,101.7736
4,4096,212,76,96.2619
4,4096,212,78,84.061
4,4096,212,82,100.3978
4,4096,212,84,87.751
4,4096,212,86,100.5373
4,4096,212,90,92.2268
4,4096,212,92,89.5464
4,4096,212,94,89.4105
4,4096,212,98,94.5165
4,4096,212,100,94.126
4,4096,212,102,81.3771
4,4096,212,106,88.733
4,4096,212,108,77.3913
4,4096,212,110,94.145
4,4096,212,114,94.0016
4,4096,212,116,92.9415
4,4096,212,118,88.7397
4,4096,212,122,92.3031
4,4096,212,124,93.4016
4,4096,212,126,93.816
4,4096,212,130,96.1923
4,4096,212,132,87.7507
4,4096,212,134,92.4698
4,4096,212,138,89.3993
4,4096,212,140,90.6675
4,4096,212,142,90.5717
4,4096,212,146,91.4727
4,4096,212,148,94.2622
4,4096,212,150,90.7315
4,4096,212,154,88.1697
4,4096,212,156,86.9234
4,4096,212,158,89.2983
4,4096,212,162,86.5671
4,4096,212,164,85.5395
4,4096,212,166,88.8059
4,4096,212,170,90.5402
4,4096,212,172,93.9527
4,4096,212,174,85.582
4,4096,212,178,85.367
4,4096,212,180,75.4421
4,4096,212,182,89.6924
4,4096,212,186,81.9986
4,4096,212,188,86.1846
4,4096,212,190,81.4516
4,4096,212,194,80.1829
4,4096,212,196,80.7757
4,4096,212,198,77.7513
4,4096,212,202,80.1243
4,4096,212,204,80.3388
4,4096,212,206,77.6174
4,4096,212,210,78.0416
4,4096,214,2,25.66
4,4096,214,4,44.9446
4,4096,214,6,64.3168
4,4096,214,10,76.5052
4,4096,214,12,89.8224
4,4096,214,14,90.675
4,4096,214,18,97.2532
4,4096,214,20,102.3112
4,4096,214,22,102.9845
4,4096,214,26,103.16
4,4096,214,28,105.3957
4,4096,214,30,107.9919
4,4096,214,34,105.0296
4,4096,214,36,109.7793
4,4096,214,38,105.8773
4,4096,214,42,98.6437
4,4096,214,44,96.5378
4,4096,214,46,108.2724
4,4096,214,50,103.5276
4,4096,214,52,103.6813
4,4096,214,54,89.5456
4,4096,214,58,83.2253
4,4096,214,60,91.5789
4,4096,214,62,92.8124
4,4096,214,66,83.9898
4,4096,214,68,96.8894
4,4096,214,70,86.8263
4,4096,214,74,87.8242
4,4096,214,76,97.6325
4,4096,214,78,84.495
4,4096,214,82,96.5777
4,4096,214,84,101.7268
4,4096,214,86,95.938
4,4096,214,90,93.9154
4,4096,214,92,97.0549
4,4096,214,94,92.8674
4,4096,214,98,92.0805
4,4096,214,100,93.2372
4,4096,214,102,89.3379
4,4096,214,106,89.403
4,4096,214,108,94.3505
4,4096,214,110,95.1245
4,4096,214,114,94.3596
4,4096,214,116,94.2854
4,4096,214,118,91.9291
4,4096,214,122,94.0295
4,4096,214,124,95.2381
4,4096,214,126,93.9901
4,4096,214,130,92.9006
4,4096,214,132,94.7433
4,4096,214,134,93.2363
4,4096,214,138,87.1361
4,4096,214,140,91.2538
4,4096,214,142,91.1333
4,4096,214,146,95.5716
4,4096,214,148,93.5834
4,4096,214,150,87.4689
4,4096,214,154,88.5764
4,4096,214,156,89.2553
4,4096,214,158,92.3493
4,4096,214,162,86.2039
4,4096,214,164,85.5066
4,4096,214,166,84.5802
4,4096,214,170,91.3868
4,4096,214,172,90.855
4,4096,214,174,87.5397
4,4096,214,178,84.193
4,4096,214,180,85.1352
4,4096,214,182,87.068
4,4096,214,186,83.9755
4,4096,214,188,82.0082
4,4096,214,190,83.1864
4,4096,214,194,81.5175
4,4096,214,196,80.0788
4,4096,214,198,81.0788
4,4096,214,202,79.8217
4,4096,214,204,79.0434
4,4096,214,206,74.4608
4,4096,214,210,71.9319
4,4096,214,212,73.912
4,4096,218,2,26.5866
4,4096,218,4,47.2896
4,4096,218,6,63.8564
4,4096,218,10,82.4814
4,4096,218,12,87.8281
4,4096,218,14,93.65
4,4096,218,18,97.4523
4,4096,218,20,103.026
4,4096,218,22,105.7423
4,4096,218,26,100.2204
4,4096,218,28,105.8745
4,4096,218,30,107.5791
4,4096,218,34,105.7145
4,4096,218,36,104.8778
4,4096,218,38,97.6228
4,4096,218,42,103.4587
4,4096,218,44,112.9681
4,4096,218,46,101.5162
4,4096,218,50,106.6563
4,4096,218,52,108.7451
4,4096,218,54,105.2728
4,4096,218,58,91.8589
4,4096,218,60,84.8938
4,4096,218,62,85.1999
4,4096,218,66,94.6783
4,4096,218,68,92.4028
4,4096,218,70,93.2792
4,4096,218,74,97.8629
4,4096,218,76,97.5172
4,4096,218,78,96.1385
4,4096,218,82,94.4803
4,4096,218,84,84.3874
4,4096,218,86,98.3551
4,4096,218,90,93.6594
4,4096,218,92,95.2951
4,4096,218,94,94.3965
4,4096,218,98,97.2229
4,4096,218,100,93.0993
4,4096,218,102,91.6552
4,4096,218,106,92.4347
4,4096,218,108,96.0665
4,4096,218,110,94.1736
4,4096,218,114,91.9713
4,4096,218,116,90.9359
4,4096,218,118,94.4257
4,4096,218,122,96.079
4,4096,218,124,94.6606
4,4096,218,126,92.7436
4,4096,218,130,95.3331
4,4096,218,132,94.8355
4,4096,218,134,93.5147
4,4096,218,138,91.692
4,4096,218,140,81.6812
4,4096,218,142,89.4634
4,4096,218,146,88.5758
4,4096,218,148,90.515
4,4096,218,150,85.6544
4,4096,218,154,85.8394
4,4096,218,156,90.5749
4,4096,218,158,87.7732
4,4096,218,162,90.7338
4,4096,218,164,88.5901
4,4096,218,166,86.1826
4,4096,218,170,84.959
4,4096,218,172,85.0016
4,4096,218,174,87.54
4,4096,218,178,87.1779
4,4096,218,180,84.2823
4,4096,218,182,87.9027
4,4096,218,186,86.2308
4,4096,218,188,84.8349
4,4096,218,190,86.0589
4,4096,218,194,85.0945
4,4096,218,196,82.1786
4,4096,218,198,83.1402
4,4096,218,202,82.664
4,4096,218,204,82.2532
4,4096,218,206,78.6564
4,4096,218,210,82.2168
4,4096,218,212,81.0777
4,4096,218,214,85.8934
4,4096,220,2,24.8827
4,4096,220,4,49.728
4,4096,220,6,65.4351
4,4096,220,10,81.0045
4,4096,220,12,88.8662
4,4096,220,14,93.6036
4,4096,220,18,99.0817
4,4096,220,20,100.551
4,4096,220,22,103.295
4,4096,220,26,94.6751
4,4096,220,28,93.6408
4,4096,220,30,94.2096
4,4096,220,34,107.4346
4,4096,220,36,102.8309
4,4096,220,38,108.5526
4,4096,220,42,105.4941
4,4096,220,44,105.9495
4,4096,220,46,101.3234
4,4096,220,50,99.8029
4,4096,220,52,97.0174
4,4096,220,54,71.8903
4,4096,220,58,100.4545
4,4096,220,60,98.275
4,4096,220,62,91.3781
4,4096,220,66,94.9791
4,4096,220,68,99.7532
4,4096,220,70,96.0278
4,4096,220,74,96.5689
4,4096,220,76,88.1028
4,4096,220,78,85.1563
4,4096,220,82,91.4974
4,4096,220,84,94.9532
4,4096,220,86,86.0372
4,4096,220,90,87.3855
4,4096,220,92,90.1101
4,4096,220,94,94.1483
4,4096,220,98,98.8065
4,4096,220,100,95.0212
4,4096,220,102,89.352
4,4096,220,106,94.5208
4,4096,220,108,95.7346
4,4096,220,110,94.082
4,4096,220,114,97.7862
4,4096,220,116,94.9787
4,4096,220,118,82.737
4,4096,220,122,90.3442
4,4096,220,124,91.6199
4,4096,220,126,91.349
4,4096,220,130,87.0866
4,4096,220,132,96.1905
4,4096,220,134,95.0129
4,4096,220,138,90.9467
4,4096,220,140,92.7837
4,4096,220,142,88.2969
4,4096,220,146,86.109
4,4096,220,148,87.1312
4,4096,220,150,86.6353
4,4096,220,154,90.4964
4,4096,220,156,86.8594
4,4096,220,158,88.2165
4,4096,220,162,90.5591
4,4096,220,164,90.6563
4,4096,220,166,90.8778
4,4096,220,170,87.4136
4,4096,220,172,89.9094
4,4096,220,174,87.028
4,4096,220,178,84.6501
4,4096,220,180,83.6462
4,4096,220,182,80.9359
4,4096,220,186,83.5412
4,4096,220,188,86.0851
4,4096,220,190,86.5818
4,4096,220,194,83.8478
4,4096,220,196,84.7685
4,4096,220,198,81.4127
4,4096,220,202,83.0717
4,4096,220,204,82.299
4,4096,220,206,81.2974
4,4096,220,210,80.1619
4,4096,220,212,81.0504
4,4096,220,214,80.7134
4,4096,220,218,77.6534
4,4096,222,2,25.016
4,4096,222,4,50.7433
4,4096,222,6,58.9635
4,4096,222,10,76.3963
4,4096,222,12,89.9258
4,4096,222,14,94.1756
4,4096,222,18,98.3813
4,4096,222,20,103.5112
4,4096,222,22,102.1612
4,4096,222,26,103.9884
4,4096,222,28,95.8375
4,4096,222,30,101.7355
4,4096,222,34,105.3694
4,4096,222,36,108.8822
4,4096,222,38,109.5871
4,4096,222,42,103.6515
4,4096,222,44,102.1519
4,4096,222,46,107.1396
4,4096,222,50,104.6113
4,4096,222,52,105.8352
4,4096,222,54,97.8895
4,4096,222,58,89.6761
4,4096,222,60,98.1575
4,4096,222,62,93.7382
4,4096,222,66,100.4938
4,4096,222,68,98.1047
4,4096,222,70,90.1072
4,4096,222,74,96.6991
4,4096,222,76,93.9462
4,4096,222,78,94.0888
4,4096,222,82,90.1291
4,4096,222,84,88.6111
4,4096,222,86,97.1603
4,4096,222,90,88.8493
4,4096,222,92,98.8017
4,4096,222,94,93.7313
4,4096,222,98,80.7671
4,4096,222,100,89.2035
4,4096,222,102,89.0064
4,4096,222,106,82.2135
4,4096,222,108,91.1956
4,4096,222,110,80.3646
4,4096,222,114,91.6199
4,4096,222,116,95.4438
4,4096,222,118,94.8253
4,4096,222,122,83.4872
4,4096,222,124,91.7335
4,4096,222,126,80.5138
4,4096,222,130,86.5592
4,4096,222,132,89.7142
4,4096,222,134,83.9179
4,4096,222,138,93.9592
4,4096,222,140,84.6553
4,4096,222,142,91.1753
4,4096,222,146,89.8664
4,4096,222,148,91.1494
4,4096,222,150,86.4821
4,4096,222,154,91.2314
4,4096,222,156,89.6364
4,4096,222,158,84.5445
4,4096,222,162,85.1731
4,4096,222,164,86.4412
4,4096,222,166,83.743
4,4096,222,170,87.6639
4,4096,222,172,87.2552
4,4096,222,174,90.1928
4,4096,222,178,83.7964
4,4096,222,180,87.009
4,4096,222,182,86.369
4,4096,222,186,84.0465
4,4096,222,188,85.6157
4,4096,222,190,84.8293
4,4096,222,194,84.526
4,4096,222,196,82.3797
4,4096,222,198,81.633
4,4096,222,202,79.7908
4,4096,222,204,75.4621
4,4096,222,206,78.3313
4,4096,222,210,79.5571
4,4096,222,212,78.1997
4,4096,222,214,83.2441
4,4096,222,218,74.6974
4,4096,222,220,73.8617
4,4096,226,2,24.1336
4,4096,226,4,49.7409
4,4096,226,6,65.0513
4,4096,226,10,78.4408
4,4096,226,12,90.5255
4,4096,226,14,93.8257
4,4096,226,18,96.0607
4,4096,226,20,99.8405
4,4096,226,22,101.493
4,4096,226,26,102.838
4,4096,226,28,91.6339
4,4096,226,30,89.3045
4,4096,226,34,105.0192
4,4096,226,36,107.9917
4,4096,226,38,97.2878
4,4096,226,42,106.552
4,4096,226,44,110.3213
4,4096,226,46,108.5051
4,4096,226,50,101.922
4,4096,226,52,93.3766
4,4096,226,54,97.3194
4,4096,226,58,89.2072
4,4096,226,60,98.7833
4,4096,226,62,103.0947
4,4096,226,66,98.06
4,4096,226,68,98.7186
4,4096,226,70,71.5147
4,4096,226,74,91.2515
4,4096,226,76,99.4201
4,4096,226,78,96.5083
4,4096,226,82,97.7308
4,4096,226,84,102.3455
4,4096,226,86,96.628
4,4096,226,90,94.5806
4,4096,226,92,93.2478
4,4096,226,94,94.568
4,4096,226,98,93.4278
4,4096,226,100,97.1556
4,4096,226,102,93.1058
4,4096,226,106,92.1663
4,4096,226,108,91.4813
4,4096,226,110,90.166
4,4096,226,114,90.1713
4,4096,226,116,95.5443
4,4096,226,118,93.792
4,4096,226,122,93.7024
4,4096,226,124,91.7021
4,4096,226,126,94.3755
4,4096,226,130,93.8155
4,4096,226,132,90.6079
4,4096,226,134,87.0793
4,4096,226,138,77.6271
4,4096,226,140,92.0763
4,4096,226,142,90.9405
4,4096,226,146,90.5254
4,4096,226,148,90.9674
4,4096,226,150,88.0641
4,4096,226,154,90.0172
4,4096,226,156,82.401
4,4096,226,158,85.9958
4,4096,226,162,84.0814
4,4096,226,164,85.6889
4,4096,226,166,85.0648
4,4096,226,170,87.3095
4,4096,226,172,87.4332
4,4096,226,174,86.393
4,4096,226,178,88.4167
4,4096,226,180,87.9031
4,4096,226,182,83.8571
4,4096,226,186,88.2868
4,4096,226,188,85.0989
4,4096,226,190,84.0292
4,4096,226,194,84.8589
4,4096,226,196,80.6399
4,4096,226,198,79.4703
4,4096,226,202,80.5813
4,4096,226,204,79.9321
4,4096,226,206,79.3052
4,4096,226,210,81.3643
4,4096,226,212,80.4188
4,4096,226,214,78.2864
4,4096,226,218,73.7874
4,4096,226,220,72.831
4,4096,226,222,72.3177
4,4096,228,2,25.9415
4,4096,228,4,52.0302
4,4096,228,6,63.2287
4,4096,228,10,81.455
4,4096,228,12,93.0418
4,4096,228,14,97.3541
4,4096,228,18,96.4159
4,4096,228,20,103.7979
4,4096,228,22,106.7191
4,4096,228,26,99.5304
4,4096,228,28,111.7034
4,4096,228,30,110.3369
4,4096,228,34,105.6592
4,4096,228,36,97.2956
4,4096,228,38,110.3055
4,4096,228,42,112.4639
4,4096,228,44,98.7686
4,4096,228,46,107.131
4,4096,228,50,107.2154
4,4096,228,52,104.2346
4,4096,228,54,95.7253
4,4096,228,58,102.18
4,4096,228,60,97.519
4,4096,228,62,87.193
4,4096,228,66,95.474
4,4096,228,68,99.9292
4,4096,228,70,85.7741
4,4096,228,74,91.4287
4,4096,228,76,85.303
4,4096,228,78,94.7152
4,4096,228,82,87.4799
4,4096,228,84,93.9581
4,4096,228,86,91.356
4,4096,228,90,84.9904
4,4096,228,92,97.2152
4,4096,228,94,86.6311
4,4096,228,98,92.5635
4,4096,228,100,81.9181
4,4096,228,102,91.4322
4,4096,228,106,93.6995
4,4096,228,108,83.1418
4,4096,228,110,86.9084
4,4096,228,114,74.9784
4,4096,228,116,94.3853
4,4096,228,118,95.522
4,4096,228,122,91.6064
4,4096,228,124,93.1044
4,4096,228,126,92.1924
4,4096,228,130,96.4766
4,4096,228,132,95.1369
4,4096,228,134,85.5605
4,4096,228,138,88.1186
4,4096,228,140,96.6509
4,4096,228,142,95.3876
4,4096,228,146,80.6965
4,4096,228,148,83.7688
4,4096,228,150,86.1851
4,4096,228,154,94.4219
4,4096,228,156,93.836
4,4096,228,158,91.387
4,4096,228,162,87.5987
4,4096,228,164,85.0084
4,4096,228,166,83.516
4,4096,228,170,82.9573
4,4096,228,172,71.8177
4,4096,228,174,82.9056
4,4096,228,178,89.1711
4,4096,228,180,87.3376
4,4096,228,182,88.3995
4,4096,228,186,90.1399
4,4096,228,188,82.6049
4,4096,228,190,85.6115
4,4096,228,194,86.0646
4,4096,228,196,87.7625
4,4096,228,198,86.0938
4,4096,228,202,80.9314
4,4096,228,204,83.9902
4,4096,228,206,77.4987
4,4096,228,210,79.7322
4,4096,228,212,77.8403
4,4096,228,214,78.9227
4,4096,228,218,75.7972
4,4096,228,220,77.1716
4,4096,228,222,74.1651
4,4096,228,226,79.6686
4,4096,230,2,25.7046
4,4096,230,4,51.5251
4,4096,230,6,65.6623
4,4096,230,10,84.8575
4,4096,230,12,90.0492
4,4096,230,14,94.1767
4,4096,230,18,97.3011
4,4096,230,20,106.0056
4,4096,230,22,103.3721
4,4096,230,26,106.1774
4,4096,230,28,94.027
4,4096,230,30,92.6354
4,4096,230,34,105.9122
4,4096,230,36,106.5383
4,4096,230,38,104.3939
4,4096,230,42,102.2263
4,4096,230,44,100.9842
4,4096,230,46,101.1105
4,4096,230,50,102.1671
4,4096,230,52,100.8113
4,4096,230,54,110.4749
4,4096,230,58,98.4331
4,4096,230,60,94.9076
4,4096,230,62,88.3137
4,4096,230,66,99.0536
4,4096,230,68,85.9729
4,4096,230,70,97.0596
4,4096,230,74,93.5359
4,4096,230,76,80.1368
4,4096,230,78,96.7773
4,4096,230,82,84.3655
4,4096,230,84,97.3445
4,4096,230,86,83.6076
4,4096,230,90,94.1032
4,4096,230,92,89.5463
4,4096,230,94,98.7065
4,4096,230,98,85.7736
4,4096,230,100,92.8949
4,4096,230,102,83.0274
4,4096,230,106,89.1938
4,4096,230,108,92.9619
4,4096,230,110,84.6525
4,4096,230,114,84.6696
4,4096,230,116,90.8116
4,4096,230,118,94.1257
4,4096,230,122,95.1087
4,4096,230,124,90.4927
4,4096,230,126,91.4603
4,4096,230,130,95.0249
4,4096,230,132,94.2319
4,4096,230,134,94.5452
4,4096,230,138,89.0352
4,4096,230,140,95.2032
4,4096,230,142,94.1356
4,4096,230,146,91.2922
4,4096,230,148,89.6229
4,4096,230,150,87.2423
4,4096,230,154,91.3279
4,4096,230,156,92.7498
4,4096,230,158,89.8944
4,4096,230,162,84.7328
4,4096,230,164,87.0176
4,4096,230,166,88.6578
4,4096,230,170,88.1648
4,4096,230,172,84.6134
4,4096,230,174,89.4258
4,4096,230,178,86.0807
4,4096,230,180,89.4068
4,4096,230,182,86.3944
4,4096,230,186,87.8024
4,4096,230,188,87.2645
4,4096,230,190,86.2418
4,4096,230,194,85.0234
4,4096,230,196,82.0797
4,4096,230,198,81.5513
4,4096,230,202,82.1995
4,4096,230,204,72.1489
4,4096,230,206,79.3891
4,4096,230,210,81.9597
4,4096,230,212,81.6194
4,4096,230,214,81.8427
4,4096,230,218,79.0921
4,4096,230,220,79.6339
4,4096,230,222,83.0771
4,4096,230,226,84.0155
4,4096,230,228,82.8515
4,4096,234,2,25.8661
4,4096,234,4,47.6564
4,4096,234,6,62.8275
4,4096,234,10,79.9662
4,4096,234,12,88.4827
4,4096,234,14,93.6185
4,4096,234,18,103.5451
4,4096,234,20,109.332
4,4096,234,22,97.462
4,4096,234,26,95.7235
4,4096,234,28,102.5043
4,4096,234,30,111.4444
4,4096,234,34,109.7556
4,4096,234,36,108.7919
4,4096,234,38,89.2308
4,4096,234,42,92.4605
4,4096,234,44,106.9356
4,4096,234,46,108.7006
4,4096,234,50,101.6586
4,4096,234,52,106.8482
4,4096,234,54,106.5376
4,4096,234,58,95.0725
4,4096,234,60,84.6733
4,4096,234,62,98.3243
4,4096,234,66,95.8095
4,4096,234,68,97.0827
4,4096,234,70,92.2919
4,4096,234,74,95.8817
4,4096,234,76,94.3941
4,4096,234,78,95.9754
4,4096,234,82,93.6228
4,4096,234,84,93.9748
4,4096,234,86,93.3404
4,4096,234,90,83.9564
4,4096,234,92,94.5523
4,4096,234,94,97.8368
4,4096,234,98,95.2579
4,4096,234,100,86.3713
4,4096,234,102,96.1248
4,4096,234,106,80.8525
4,4096,234,108,88.261
4,4096,234,110,85.0824
4,4096,234,114,80.6262
4,4096,234,116,85.9588
4,4096,234,118,93.7703
4,4096,234,122,88.2981
4,4096,234,124,89.6638
4,4096,234,126,93.7318
4,4096,234,130,97.4508
4,4096,234,132,93.3024
4,4096,234,134,92.0338
4,4096,234,138,88.4363
4,4096,234,140,89.6783
4,4096,234,142,92.6913
4,4096,234,146,89.7745
4,4096,234,148,89.6652
4,4096,234,150,90.5482
4,4096,234,154,91.1031
4,4096,234,156,90.2488
4,4096,234,158,90.848
4,4096,234,162,82.5324
4,4096,234,164,87.3363
4,4096,234,166,85.4329
4,4096,234,170,89.3178
4,4096,234,172,87.2821
4,4096,234,174,88.5509
4,4096,234,178,88.0056
4,4096,234,180,87.8578
4,4096,234,182,87.6295
4,4096,234,186,85.6424
4,4096,234,188,89.7305
4,4096,234,190,86.5262
4,4096,234,194,85.9293
4,4096,234,196,80.6643
4,4096,234,198,82.1374
4,4096,234,202,81.6929
4,4096,234,204,85.6003
4,4096,234,206,82.2995
4,4096,234,210,82.7343
4,4096,234,212,82.0187
4,4096,234,214,80.3274
4,4096,234,218,77.0375
4,4096,234,220,80.6812
4,4096,234,222,81.3191
4,4096,234,226,85.2883
4,4096,234,228,83.3358
4,4096,234,230,76.1164
4,4096,236,2,27.2762
4,4096,236,4,46.7934
4,4096,236,6,68.7679
4,4096,236,10,82.0445
4,4096,236,12,90.5522
4,4096,236,14,93.1656
4,4096,236,18,95.0816
4,4096,236,20,102.9794
4,4096,236,22,94.2836
4,4096,236,26,96.7521
4,4096,236,28,100.6887
4,4096,236,30,102.5799
4,4096,236,34,109.306
4,4096,236,36,107.9989
4,4096,236,38,103.7765
4,4096,236,42,111.8023
4,4096,236,44,111.7918
4,4096,236,46,109.8153
4,4096,236,50,92.1621
4,4096,236,52,108.1344
4,4096,236,54,96.3867
4,4096,236,58,82.4808
4,4096,236,60,101.2563
4,4096,236,62,97.6346
4,4096,236,66,96.3699
4,4096,236,68,97.908
4,4096,236,70,92.2818
4,4096,236,74,89.7189
4,4096,236,76,94.6936
4,4096,236,78,92.8948
4,4096,236,82,100.1854
4,4096,236,84,93.3854
4,4096,236,86,97.95
4,4096,236,90,94.545
4,4096,236,92,95.1411
4,4096,236,94,96.8345
4,4096,236,98,93.5395
4,4096,236,100,95.3625
4,4096,236,102,92.431
4,4096,236,106,96.2498
4,4096,236,108,94.2465
4,4096,236,110,92.9064
4,4096,236,114,86.3637
4,4096,236,116,90.6725
4,4096,236,118,89.5978
4,4096,236,122,89.0224
4,4096,236,124,94.6257
4,4096,236,126,92.3385
4,4096,236,130,91.8352
4,4096,236,132,93.1426
4,4096,236,134,90.5109
4,4096,236,138,89.0425
4,4096,236,140,90.5415
4,4096,236,142,91.3118
4,4096,236,146,89.7363
4,4096,236,148,92.4237
4,4096,236,150,87.3326
4,4096,236,154,90.8185
4,4096,236,156,91.8288
4,4096,236,158,91.7649
4,4096,236,162,81.5647
4,4096,236,164,84.4969
4,4096,236,166,86.3869
4,4096,236,170,88.0476
4,4096,236,172,89.4049
4,4096,236,174,85.2257
4,4096,236,178,85.7161
4,4096,236,180,86.7047
4,4096,236,182,86.1259
4,4096,236,186,85.0549
4,4096,236,188,86.8998
4,4096,236,190,87.308
4,4096,236,194,88.7299
4,4096,236,196,82.4057
4,4096,236,198,81.2687
4,4096,236,202,82.0052
4,4096,236,204,84.8564
4,4096,236,206,85.6482
4,4096,236,210,80.2647
4,4096,236,212,82.3074
4,4096,236,214,82.3017
4,4096,236,218,82.6416
4,4096,236,220,78.407
4,4096,236,222,81.4422
4,4096,236,226,76.8793
4,4096,236,228,79.5108
4,4096,236,230,73.8934
4,4096,236,234,76.353
4,4096,238,2,27.8437
4,4096,238,4,48.8403
4,4096,238,6,63.7232
4,4096,238,10,80.7811
4,4096,238,12,92.834
4,4096,238,14,97.1892
4,4096,238,18,80.8964
4,4096,238,20,103.1982
4,4096,238,22,102.2176
4,4096,238,26,104.4847
4,4096,238,28,92.1105
4,4096,238,30,91.3935
4,4096,238,34,95.4952
4,4096,238,36,110.9435
4,4096,238,38,98.2234
4,4096,238,42,104.8813
4,4096,238,44,104.648
4,4096,238,46,112.0668
4,4096,238,50,96.2677
4,4096,238,52,93.984
4,4096,238,54,89.3436
4,4096,238,58,78.9635
4,4096,238,60,87.4719
4,4096,238,62,85.9243
4,4096,238,66,86.2449
4,4096,238,68,88.1965
4,4096,238,70,98.9089
4,4096,238,74,96.1653
4,4096,238,76,93.947
4,4096,238,78,79.8315
4,4096,238,82,91.3192
4,4096,238,84,97.0643
4,4096,238,86,96.7717
4,4096,238,90,92.9445
4,4096,238,92,97.321
4,4096,238,94,94.4103
4,4096,238,98,92.653
4,4096,238,100,91.85
4,4096,238,102,93.7225
4,4096,238,106,92.3162
4,4096,238,108,95.5865
4,4096,238,110,90.9313
4,4096,238,114,90.7209
4,4096,238,116,88.0813
4,4096,238,118,87.6483
4,4096,238,122,93.3174
4,4096,238,124,88.0239
4,4096,238,126,86.1041
4,4096,238,130,89.7507
4,4096,238,132,91.6415
4,4096,238,134,90.0711
4,4096,238,138,92.6111
4,4096,238,140,92.5424
4,4096,238,142,91.2417
4,4096,238,146,93.9354
4,4096,238,148,87.3759
4,4096,238,150,86.9995
4,4096,238,154,90.2237
4,4096,238,156,92.6977
4,4096,238,158,93.3415
4,4096,238,162,90.2909
4,4096,238,164,87.7819
4,4096,238,166,87.876
4,4096,238,170,89.0887
4,4096,238,172,83.4428
4,4096,238,174,85.1945
4,4096,238,178,80.9764
4,4096,238,180,81.374
4,4096,238,182,79.7469
4,4096,238,186,82.7583
4,4096,238,188,86.2376
4,4096,238,190,87.6697
4,4096,238,194,81.9062
4,4096,238,196,86.8832
4,4096,238,198,87.952
4,4096,238,202,86.1046
4,4096,238,204,81.2638
4,4096,238,206,83.4211
4,4096,238,210,83.4318
4,4096,238,212,83.7522
4,4096,238,214,83.0482
4,4096,238,218,81.7782
4,4096,238,220,79.9573
4,4096,238,222,81.5393
4,4096,238,226,77.8457
4,4096,238,228,80.6575
4,4096,238,230,74.8027
4,4096,238,234,72.1075
4,4096,238,236,73.6727
4,4096,242,2,28.0338
4,4096,242,4,53.0095
4,4096,242,6,65.8421
4,4096,242,10,82.2039
4,4096,242,12,93.6625
4,4096,242,14,96.2409
4,4096,242,18,100.7456
4,4096,242,20,102.143
4,4096,242,22,105.5081
4,4096,242,26,105.6296
4,4096,242,28,108.242
4,4096,242,30,107.9792
4,4096,242,34,100.4939
4,4096,242,36,100.9809
4,4096,242,38,107.0762
4,4096,242,42,108.862
4,4096,242,44,112.3915
4,4096,242,46,105.5588
4,4096,242,50,105.6169
4,4096,242,52,105.1688
4,4096,242,54,105.7602
4,4096,242,58,91.5024
4,4096,242,60,94.9231
4,4096,242,62,90.369
4,4096,242,66,96.2793
4,4096,242,68,91.9868
4,4096,242,70,79.52
4,4096,242,74,93.249
4,4096,242,76,78.7861
4,4096,242,78,86.4777
4,4096,242,82,93.1709
4,4096,242,84,86.878
4,4096,242,86,93.6763
4,4096,242,90,82.4712
4,4096,242,92,97.339
4,4096,242,94,91.5596
4,4096,242,98,95.6148
4,4096,242,100,93.4549
4,4096,242,102,91.5358
4,4096,242,106,98.8364
4,4096,242,108,93.9373
4,4096,242,110,94.3542
4,4096,242,114,87.5104
4,4096,242,116,91.3416
4,4096,242,118,88.1635
4,4096,242,122,87.1792
4,4096,242,124,88.8238
4,4096,242,126,93.8672
4,4096,242,130,96.8018
4,4096,242,132,93.5336
4,4096,242,134,89.0784
4,4096,242,138,91.4129
4,4096,242,140,90.9676
4,4096,242,142,88.6008
4,4096,242,146,85.9882
4,4096,242,148,90.3577
4,4096,242,150,91.0009
4,4096,242,154,93.7134
4,4096,242,156,88.6216
4,4096,242,158,92.0049
4,4096,242,162,88.1598
4,4096,242,164,89.5093
4,4096,242,166,87.4503
4,4096,242,170,87.3739
4,4096,242,172,83.2042
4,4096,242,174,89.7213
4,4096,242,178,86.7477
4,4096,242,180,90.0541
4,4096,242,182,87.3128
4,4096,242,186,86.8975
4,4096,242,188,87.7594
4,4096,242,190,86.4839
4,4096,242,194,84.973
4,4096,242,196,87.8425
4,4096,242,198,84.6551
4,4096,242,202,82.6879
4,4096,242,204,81.8748
4,4096,242,206,82.6089
4,4096,242,210,81.6286
4,4096,242,212,82.258
4,4096,242,214,82.3764
4,4096,242,218,82.2459
4,4096,242,220,82.9852
4,4096,242,222,81.9564
4,4096,242,226,78.8814
4,4096,242,228,81.2692
4,4096,242,230,81.8595
4,4096,242,234,83.1574
4,4096,242,236,82.2034
4,4096,242,238,82.0442
4,4096,244,2,27.8718
4,4096,244,4,53.5939
4,4096,244,6,65.3644
4,4096,244,10,84.598
4,4096,244,12,90.8271
4,4096,244,14,93.539
4,4096,244,18,96.9641
4,4096,244,20,105.2966
4,4096,244,22,101.4072
4,4096,244,26,105.1852
4,4096,244,28,108.6497
4,4096,244,30,90.0715
4,4096,244,34,92.5532
4,4096,244,36,111.155
4,4096,244,38,108.2138
4,4096,244,42,105.5734
4,4096,244,44,115.4875
4,4096,244,46,108.2306
4,4096,244,50,108.861
4,4096,244,52,108.0376
4,4096,244,54,105.145
4,4096,244,58,96.2928
4,4096,244,60,98.9308
4,4096,244,62,95.5125
4,4096,244,66,94.3693
4,4096,244,68,95.6357
4,4096,244,70,94.3912
4,4096,244,74,96.3415
4,4096,244,76,94.3223
4,4096,244,78,94.7411
4,4096,244,82,97.4926
4,4096,244,84,101.6616
4,4096,244,86,95.3323
4,4096,244,90,94.8188
4,4096,244,92,98.9136
4,4096,244,94,94.7135
4,4096,244,98,99.8982
4,4096,244,100,95.1758
4,4096,244,102,98.3932
4,4096,244,106,93.5863
4,4096,244,108,91.3505
4,4096,244,110,94.6288
4,4096,244,114,95.3054
4,4096,244,116,95.4301
4,4096,244,118,93.6464
4,4096,244,122,96.8148
4,4096,244,124,91.7891
4,4096,244,126,89.6322
4,4096,244,130,91.6324
4,4096,244,132,91.8168
4,4096,244,134,78.9688
4,4096,244,138,91.0396
4,4096,244,140,92.698
4,4096,244,142,91.1305
4,4096,244,146,93.2342
4,4096,244,148,91.2007
4,4096,244,150,86.0307
4,4096,244,154,88.8861
4,4096,244,156,92.5968
4,4096,244,158,91.8168
4,4096,244,162,84.5578
4,4096,244,164,89.8597
4,4096,244,166,90.8215
4,4096,244,170,89.5799
4,4096,244,172,89.3281
4,4096,244,174,86.4943
4,4096,244,178,83.9329
4,4096,244,180,84.8421
4,4096,244,182,83.9584
4,4096,244,186,88.1899
4,4096,244,188,86.9727
4,4096,244,190,87.3434
4,4096,244,194,87.468
4,4096,244,196,85.9303
4,4096,244,198,87.1766
4,4096,244,202,87.9212
4,4096,244,204,87.9732
4,4096,244,206,85.7391
4,4096,244,210,82.0611
4,4096,244,212,79.3713
4,4096,244,214,82.1604
4,4096,244,218,81.0116
4,4096,244,220,80.9453
4,4096,244,222,81.312
4,4096,244,226,81.3558
4,4096,244,228,80.5257
4,4096,244,230,79.5772
4,4096,244,234,78.9039
4,4096,244,236,80.426
4,4096,244,238,82.7747
4,4096,244,242,78.0803
4,4096,246,2,26.5512
4,4096,246,4,51.0436
4,4096,246,6,72.3744
4,4096,246,10,80.6707
4,4096,246,12,91.5831
4,4096,246,14,91.7372
4,4096,246,18,96.5076
4,4096,246,20,89.3994
4,4096,246,22,93.5288
4,4096,246,26,99.2834
4,4096,246,28,93.6498
4,4096,246,30,98.4433
4,4096,246,34,108.0312
4,4096,246,36,113.2759
4,4096,246,38,110.075
4,4096,246,42,103.5396
4,4096,246,44,114.3343
4,4096,246,46,112.0741
4,4096,246,50,110.9801
4,4096,246,52,95.638
4,4096,246,54,99.963
4,4096,246,58,94.6288
4,4096,246,60,87.7409
4,4096,246,62,95.5924
4,4096,246,66,82.4347
4,4096,246,68,97.1675
4,4096,246,70,80.6012
4,4096,246,74,89.3062
4,4096,246,76,94.0734
4,4096,246,78,82.273
4,4096,246,82,89.7876
4,4096,246,84,79.941
4,4096,246,86,88.3633
4,4096,246,90,87.8001
4,4096,246,92,86.921
4,4096,246,94,94.2541
4,4096,246,98,83.9928
4,4096,246,100,96.8031
4,4096,246,102,80.1366
4,4096,246,106,88.4079
4,4096,246,108,94.5308
4,4096,246,110,82.1152
4,4096,246,114,86.3059
4,4096,246,116,85.2442
4,4096,246,118,86.8191
4,4096,246,122,85.4357
4,4096,246,124,89.1882
4,4096,246,126,91.1222
4,4096,246,130,93.5066
4,4096,246,132,92.445
4,4096,246,134,89.8452
4,4096,246,138,92.2985
4,4096,246,140,92.6954
4,4096,246,142,85.8537
4,4096,246,146,87.512
4,4096,246,148,89.0684
4,4096,246,150,88.1105
4,4096,246,154,91.5617
4,4096,246,156,87.4831
4,4096,246,158,92.4939
4,4096,246,162,89.5954
4,4096,246,164,89.9288
4,4096,246,166,89.6274
4,4096,246,170,86.0207
4,4096,246,172,86.3967
4,4096,246,174,89.3395
4,4096,246,178,84.5724
4,4096,246,180,86.5411
4,4096,246,182,86.8644
4,4096,246,186,87.8808
4,4096,246,188,84.077
4,4096,246,190,87.9776
4,4096,246,194,85.0832
4,4096,246,196,85.9383
4,4096,246,198,85.7453
4,4096,246,202,85.3379
4,4096,246,204,82.3419
4,4096,246,206,84.879
4,4096,246,210,84.3441
4,4096,246,212,82.4199
4,4096,246,214,74.0578
4,4096,246,218,81.2456
4,4096,246,220,83.6219
4,4096,246,222,82.767
4,4096,246,226,83.2824
4,4096,246,228,80.3255
4,4096,246,230,79.5282
4,4096,246,234,79.2081
4,4096,246,236,80.5566
4,4096,246,238,81.1074
4,4096,246,242,75.3479
4,4096,246,244,75.9325
4,4096,250,2,28.0083
4,4096,250,4,49.9166
4,4096,250,6,65.773
4,4096,250,10,82.699
4,4096,250,12,95.5183
4,4096,250,14,96.1294
4,4096,250,18,100.5682
4,4096,250,20,107.8132
4,4096,250,22,103.6543
4,4096,250,26,106.6801
4,4096,250,28,109.5556
4,4096,250,30,103.9011
4,4096,250,34,100.0485
4,4096,250,36,112.731
4,4096,250,38,106.609
4,4096,250,42,112.0739
4,4096,250,44,103.3246
4,4096,250,46,107.4823
4,4096,250,50,107.0424
4,4096,250,52,102.9603
4,4096,250,54,92.5548
4,4096,250,58,83.6277
4,4096,250,60,98.1669
4,4096,250,62,97.9109
4,4096,250,66,94.6679
4,4096,250,68,90.2888
4,4096,250,70,90.5554
4,4096,250,74,94.1602
4,4096,250,76,93.0071
4,4096,250,78,92.8378
4,4096,250,82,94.9966
4,4096,250,84,92.7627
4,4096,250,86,96.2457
4,4096,250,90,96.0873
4,4096,250,92,89.7593
4,4096,250,94,88.7824
4,4096,250,98,80.4462
4,4096,250,100,92.1848
4,4096,250,102,94.3123
4,4096,250,106,94.8573
4,4096,250,108,97.2393
4,4096,250,110,96.2783
4,4096,250,114,90.0924
4,4096,250,116,92.0666
4,4096,250,118,92.0896
4,4096,250,122,88.9196
4,4096,250,124,93.4571
4,4096,250,126,91.4434
4,4096,250,130,91.3032
4,4096,250,132,91.9265
4,4096,250,134,91.6852
4,4096,250,138,93.7425
4,4096,250,140,83.0699
4,4096,250,142,86.7788
4,4096,250,146,89.3579
4,4096,250,148,90.0528
4,4096,250,150,90.8554
4,4096,250,154,94.7658
4,4096,250,156,91.5892
4,4096,250,158,91.0126
4,4096,250,162,88.9187
4,4096,250,164,90.9895
4,4096,250,166,87.6682
4,4096,250,170,88.2917
4,4096,250,172,86.8923
4,4096,250,174,90.902
4,4096,250,178,86.21
4,4096,250,180,87.0941
4,4096,250,182,87.6212
4,4096,250,186,85.5886
4,4096,250,188,88.396
4,4096,250,190,88.0714
4,4096,250,194,78.363
4,4096,250,196,83.4715
4,4096,250,198,85.1196
4,4096,250,202,85.6261
4,4096,250,204,88.2078
4,4096,250,206,83.2947
4,4096,250,210,85.0038
4,4096,250,212,84.4956
4,4096,250,214,85.3569
4,4096,250,218,83.4986
4,4096,250,220,83.3977
4,4096,250,222,82.7539
4,4096,250,226,83.2907
4,4096,250,228,79.4238
4,4096,250,230,78.8796
4,4096,250,234,79.0631
4,4096,250,236,80.4736
4,4096,250,238,75.2995
4,4096,250,242,74.8915
4,4096,250,244,71.5857
4,4096,250,246,74.115
4,4096,252,2,26.4455
4,4096,252,4,52.8459
4,4096,252,6,64.4433
4,4096,252,10,83.9186
4,4096,252,12,93.6283
4,4096,252,14,96.4006
4,4096,252,18,103.0835
4,4096,252,20,104.2685
4,4096,252,22,100.9657
4,4096,252,26,105.4343
4,4096,252,28,95.6431
4,4096,252,30,91.6537
4,4096,252,34,89.4314
4,4096,252,36,112.6159
4,4096,252,38,104.1967
4,4096,252,42,110.4073
4,4096,252,44,115.0272
4,4096,252,46,109.2895
4,4096,252,50,101.7396
4,4096,252,52,95.6448
4,4096,252,54,80.2732
4,4096,252,58,76.0804
4,4096,252,60,93.6361
4,4096,252,62,90.7685
4,4096,252,66,95.1046
4,4096,252,68,88.1905
4,4096,252,70,93.5292
4,4096,252,74,79.939
4,4096,252,76,93.5271
4,4096,252,78,87.7698
4,4096,252,82,89.4132
4,4096,252,84,93.5115
4,4096,252,86,82.3291
4,4096,252,90,90.039
4,4096,252,92,83.2323
4,4096,252,94,81.5174
4,4096,252,98,87.458
4,4096,252,100,96.5797
4,4096,252,102,96.0442
4,4096,252,106,93.1378
4,4096,252,108,97.1589
4,4096,252,110,79.8906
4,4096,252,114,75.4917
4,4096,252,116,90.7974
4,4096,252,118,91.4886
4,4096,252,122,89.125
4,4096,252,124,92.8546
4,4096,252,126,94.3809
4,4096,252,130,91.0762
4,4096,252,132,86.3626
4,4096,252,134,90.6655
4,4096,252,138,90.2876
4,4096,252,140,88.686
4,4096,252,142,85.6292
4,4096,252,146,89.1113
4,4096,252,148,91.9137
4,4096,252,150,89.4165
4,4096,252,154,89.9213
4,4096,252,156,92.4709
4,4096,252,158,90.782
4,4096,252,162,89.6235
4,4096,252,164,89.0827
4,4096,252,166,85.4242
4,4096,252,170,84.837
4,4096,252,172,91.2347
4,4096,252,174,86.5256
4,4096,252,178,89.3843
4,4096,252,180,86.2048
4,4096,252,182,85.908
4,4096,252,186,86.6076
4,4096,252,188,86.6488
4,4096,252,190,85.3903
4,4096,252,194,83.8216
4,4096,252,196,84.115
4,4096,252,198,84.3723
4,4096,252,202,83.3789
4,4096,252,204,84.4362
4,4096,252,206,87.9287
4,4096,252,210,84.5089
4,4096,252,212,83.9136
4,4096,252,214,84.9925
4,4096,252,218,84.9829
4,4096,252,220,82.3993
4,4096,252,222,81.9854
4,4096,252,226,82.315
4,4096,252,228,81.2306
4,4096,252,230,78.6173
4,4096,252,234,79.7935
4,4096,252,236,76.2632
4,4096,252,238,71.3742
4,4096,252,242,77.1812
4,4096,252,244,77.9991
4,4096,252,246,78.3795
4,4096,252,250,81.0598
4,4096,254,2,27.8467
4,4096,254,4,49.3484
4,4096,254,6,67.074
4,4096,254,10,84.8941
4,4096,254,12,89.8311
4,4096,254,14,92.8746
4,4096,254,18,97.5178
4,4096,254,20,100.7724
4,4096,254,22,95.1514
4,4096,254,26,99.9104
4,4096,254,28,94.4902
4,4096,254,30,110.2523
4,4096,254,34,106.4073
4,4096,254,36,107.4768
4,4096,254,38,104.3263
4,4096,254,42,106.2175
4,4096,254,44,107.1242
4,4096,254,46,98.9251
4,4096,254,50,95.2269
4,4096,254,52,101.9856
4,4096,254,54,105.3565
4,4096,254,58,92.8214
4,4096,254,60,81.8119
4,4096,254,62,86.1107
4,4096,254,66,90.2542
4,4096,254,68,78.3609
4,4096,254,70,93.0214
4,4096,254,74,90.4132
4,4096,254,76,92.4451
4,4096,254,78,87.0915
4,4096,254,82,85.0239
4,4096,254,84,92.0841
4,4096,254,86,90.7701
4,4096,254,90,94.2944
4,4096,254,92,93.6849
4,4096,254,94,95.3905
4,4096,254,98,92.8098
4,4096,254,100,95.5917
4,4096,254,102,87.2965
4,4096,254,106,89.7608
4,4096,254,108,95.6133
4,4096,254,110,90.2534
4,4096,254,114,74.6602
4,4096,254,116,90.1595
4,4096,254,118,90.3859
4,4096,254,122,86.7229
4,4096,254,124,94.3911
4,4096,254,126,89.715
4,4096,254,130,90.1582
4,4096,254,132,91.4813
4,4096,254,134,91.6807
4,4096,254,138,92.7211
4,4096,254,140,92.0892
4,4096,254,142,88.2045
4,4096,254,146,89.5707
4,4096,254,148,87.4652
4,4096,254,150,90.4906
4,4096,254,154,87.1859
4,4096,254,156,87.0063
4,4096,254,158,90.2134
4,4096,254,162,88.0753
4,4096,254,164,80.725
4,4096,254,166,90.7685
4,4096,254,170,87.8297
4,4096,254,172,89.3065
4,4096,254,174,82.9775
4,4096,254,178,85.2306
4,4096,254,180,85.322
4,4096,254,182,83.6632
4,4096,254,186,82.7138
4,4096,254,188,81.8095
4,4096,254,190,87.3948
4,4096,254,194,88.8465
4,4096,254,196,87.072
4,4096,254,198,85.5057
4,4096,254,202,84.8863
4,4096,254,204,85.1806
4,4096,254,206,84.8514
4,4096,254,210,82.4489
4,4096,254,212,80.509
4,4096,254,214,83.6156
4,4096,254,218,82.9945
4,4096,254,220,83.0353
4,4096,254,222,81.8172
4,4096,254,226,77.7424
4,4096,254,228,77.3682
4,4096,254,230,80.1692
4,4096,254,234,76.861
4,4096,254,236,78.824
4,4096,254,238,77.1568
4,4096,254,242,74.7574
4,4096,254,244,73.9573
4,4096,254,246,80.6102
4,4096,254,250,79.6992
4,4096,254,252,81.1553
4,4096,258,2,28.3475
4,4096,258,4,51.3406
4,4096,258,6,68.3725
4,4096,258,10,84.6447
4,4096,258,12,91.8202
4,4096,258,14,97.517
4,4096,258,18,100.7674
4,4096,258,20,106.6969
4,4096,258,22,107.1748
4,4096,258,26,105.3048
4,4096,258,28,105.5216
4,4096,258,30,102.7818
4,4096,258,34,107.6091
4,4096,258,36,102.8841
4,4096,258,38,107.2473
4,4096,258,42,107.8576
4,4096,258,44,98.6344
4,4096,258,46,111.2303
4,4096,258,50,107.3475
4,4096,258,52,95.6276
4,4096,258,54,105.635
4,4096,258,58,96.1501
4,4096,258,60,101.2303
4,4096,258,62,94.3994
4,4096,258,66,101.5842
4,4096,258,68,101.5353
4,4096,258,70,93.9674
4,4096,258,74,102.5805
4,4096,258,76,95.8226
4,4096,258,78,94.214
4,4096,258,82,89.2217
4,4096,258,84,100.7591
4,4096,258,86,95.0977
4,4096,258,90,98.5861
4,4096,258,92,97.7088
4,4096,258,94,90.5235
4,4096,258,98,97.021
4,4096,258,100,98.7224
4,4096,258,102,90.3821
4,4096,258,106,96.1613
4,4096,258,108,91.8071
4,4096,258,110,94.1536
4,4096,258,114,93.9576
4,4096,258,116,89.8339
4,4096,258,118,89.016
4,4096,258,122,87.4533
4,4096,258,124,94.6622
4,4096,258,126,92.0747
4,4096,258,130,92.3432
4,4096,258,132,94.8217
4,4096,258,134,85.6986
4,4096,258,138,81.6753
4,4096,258,140,82.8669
4,4096,258,142,80.1928
4,4096,258,146,92.2544
4,4096,258,148,91.383
4,4096,258,150,92.8828
4,4096,258,154,94.391
4,4096,258,156,95.3114
4,4096,258,158,91.2408
4,4096,258,162,91.8002
4,4096,258,164,95.4149
4,4096,258,166,91.5301
4,4096,258,170,96.0088
4,4096,258,172,91.8938
4,4096,258,174,92.6149
4,4096,258,178,89.7064
4,4096,258,180,87.7016
4,4096,258,182,89.8258
4,4096,258,186,90.9692
4,4096,258,188,81.9437
4,4096,258,190,93.0998
4,4096,258,194,91.7189
4,4096,258,196,92.5828
4,4096,258,198,90.6175
4,4096,258,202,87.9814
4,4096,258,204,84.5145
4,4096,258,206,82.3371
4,4096,258,210,88.7672
4,4096,258,212,90.2868
4,4096,258,214,88.7905
4,4096,258,218,90.109
4,4096,258,220,86.9751
4,4096,258,222,87.8102
4,4096,258,226,83.1519
4,4096,258,228,82.9392
4,4096,258,230,83.6207
4,4096,258,234,85.5482
4,4096,258,236,83.72
4,4096,258,238,81.9668
4,4096,258,242,79.6612
4,4096,258,244,81.4867
4,4096,258,246,82.8245
4,4096,258,250,82.6438
4,4096,258,252,80.5076
4,4096,258,254,76.3667
4,4096,260,2,26.6736
4,4096,260,4,51.1359
4,4096,260,6,66.142
4,4096,260,10,83.1041
4,4096,260,12,93.3571
4,4096,260,14,96.7292
4,4096,260,18,97.1873
4,4096,260,20,109.2486
4,4096,260,22,105.3819
4,4096,260,26,106.0618
4,4096,260,28,97.6611
4,4096,260,30,109.9968
4,4096,260,34,104.5113
4,4096,260,36,110.2764
4,4096,260,38,102.7976
4,4096,260,42,108.9157
4,4096,260,44,113.0949
4,4096,260,46,112.8405
4,4096,260,50,103.5923
4,4096,260,52,104.7016
4,4096,260,54,108.2866
4,4096,260,58,102.8469
4,4096,260,60,98.6924
4,4096,260,62,86.8467
4,4096,260,66,98.1899
4,4096,260,68,97.682
4,4096,260,70,95.504
4,4096,260,74,101.5535
4,4096,260,76,104.2499
4,4096,260,78,93.1764
4,4096,260,82,99.1368
4,4096,260,84,99.3703
4,4096,260,86,99.0996
4,4096,260,90,97.8413
4,4096,260,92,87.2474
4,4096,260,94,97.8871
4,4096,260,98,95.4155
4,4096,260,100,98.0812
4,4096,260,102,92.6712
4,4096,260,106,86.8913
4,4096,260,108,98.6984
4,4096,260,110,82.8911
4,4096,260,114,91.3624
4,4096,260,116,86.9833
4,4096,260,118,95.8384
4,4096,260,122,90.3477
4,4096,260,124,92.6353
4,4096,260,126,92.4896
4,4096,260,130,79.6371
4,4096,260,132,97.0602
4,4096,260,134,87.2973
4,4096,260,138,97.0623
4,4096,260,140,93.0211
4,4096,260,142,88.9015
4,4096,260,146,83.9863
4,4096,260,148,91.4505
4,4096,260,150,91.2799
4,4096,260,154,95.5406
4,4096,260,156,95.5361
4,4096,260,158,88.796
4,4096,260,162,93.1505
4,4096,260,164,86.9318
4,4096,260,166,85.7583
4,4096,260,170,94.2524
4,4096,260,172,93.4113
4,4096,260,174,92.2257
4,4096,260,178,91.2717
4,4096,260,180,91.4991
4,4096,260,182,91.9952
4,4096,260,186,89.6778
4,4096,260,188,92.6133
4,4096,260,190,91.1204
4,4096,260,194,90.8258
4,4096,260,196,92.3846
4,4096,260,198,90.8738
4,4096,260,202,80.7332
4,4096,260,204,90.9384
4,4096,260,206,89.9343
4,4096,260,210,87.2783
4,4096,260,212,86.8852
4,4096,260,214,88.6385
4,4096,260,218,89.8095
4,4096,260,220,89.2576
4,4096,260,222,85.664
4,4096,260,226,82.7815
4,4096,260,228,82.352
4,4096,260,230,83.8605
4,4096,260,234,83.0982
4,4096,260,236,82.3853
4,4096,260,238,82.9577
4,4096,260,242,80.658
4,4096,260,244,78.4096
4,4096,260,246,83.1495
4,4096,260,250,79.5598
4,4096,260,252,81.2147
4,4096,260,254,80.0765
4,4096,260,258,84.4673
4,4096,262,2,29.9017
4,4096,262,4,52.093
4,4096,262,6,67.7652
4,4096,262,10,85.1236
4,4096,262,12,95.8481
4,4096,262,14,94.9094
4,4096,262,18,94.0467
4,4096,262,20,89.4596
4,4096,262,22,86.5959
4,4096,262,26,104.2535
4,4096,262,28,100.9552
4,4096,262,30,96.259
4,4096,262,34,88.2912
4,4096,262,36,111.5343
4,4096,262,38,107.6941
4,4096,262,42,108.5543
4,4096,262,44,113.0543
4,4096,262,46,105.2092
4,4096,262,50,108.4117
4,4096,262,52,92.8975
4,4096,262,54,95.9237
4,4096,262,58,101.4927
4,4096,262,60,95.7887
4,4096,262,62,90.2098
4,4096,262,66,85.7903
4,4096,262,68,87.3386
4,4096,262,70,97.4949
4,4096,262,74,91.6453
4,4096,262,76,97.8715
4,4096,262,78,83.8835
4,4096,262,82,90.6338
4,4096,262,84,90.439
4,4096,262,86,84.4597
4,4096,262,90,99.3642
4,4096,262,92,91.1583
4,4096,262,94,97.2606
4,4096,262,98,87.1271
4,4096,262,100,88.9425
4,4096,262,102,85.7947
4,4096,262,106,83.7961
4,4096,262,108,89.7382
4,4096,262,110,84.9134
4,4096,262,114,96.4492
4,4096,262,116,100.3104
4,4096,262,118,82.5805
4,4096,262,122,98.0547
4,4096,262,124,95.644
4,4096,262,126,98.9636
4,4096,262,130,90.4439
4,4096,262,132,95.4528
4,4096,262,134,96.4543
4,4096,262,138,90.1005
4,4096,262,140,89.2592
4,4096,262,142,86.446
4,4096,262,146,95.6623
4,4096,262,148,96.6476
4,4096,262,150,92.2523
4,4096,262,154,96.058
4,4096,262,156,91.8827
4,4096,262,158,89.0014
4,4096,262,162,93.0014
4,4096,262,164,93.9198
4,4096,262,166,93.6731
4,4096,262,170,92.2732
4,4096,262,172,92.3684
4,4096,262,174,88.2334
4,4096,262,178,87.5119
4,4096,262,180,86.6025
4,4096,262,182,88.6947
4,4096,262,186,93.9626
4,4096,262,188,89.6685
4,4096,262,190,93.5559
4,4096,262,194,92.782
4,4096,262,196,92.9082
4,4096,262,198,89.8947
4,4096,262,202,86.2885
4,4096,262,204,92.51
4,4096,262,206,91.6743
4,4096,262,210,89.8969
4,4096,262,212,91.497
4,4096,262,214,88.2101
4,4096,262,218,86.1188
4,4096,262,220,84.605
4,4096,262,222,85.1735
4,4096,262,226,81.262
4,4096,262,228,83.7695
4,4096,262,230,86.2841
4,4096,262,234,84.1403
4,4096,262,236,84.5423
4,4096,262,238,83.2503
4,4096,262,242,80.9316
4,4096,262,244,81.9187
4,4096,262,246,82.1388
4,4096,262,250,80.1375
4,4096,262,252,79.8286
4,4096,262,254,77.5151
4,4096,262,258,80.2871
4,4096,262,260,82.9936
4,4096,266,2,27.4688
4,4096,266,4,56.6072
4,4096,266,6,67.2178
4,4096,266,10,85.354
4,4096,266,12,91.4591
4,4096,266,14,97.1878
4,4096,266,18,96.4872
4,4096,266,20,104.5174
4,4096,266,22,103.5769
4,4096,266,26,106.3772
4,4096,266,28,94.1067
4,4096,266,30,90.3228
4,4096,266,34,89.8267
4,4096,266,36,105.0427
4,4096,266,38,107.8931
4,4096,266,42,106.5143
4,4096,266,44,98.2589
4,4096,266,46,104.3009
4,4096,266,50,100.0363
4,4096,266,52,104.046
4,4096,266,54,101.1123
4,4096,266,58,101.8508
4,4096,266,60,102.6195
4,4096,266,62,94.994
4,4096,266,66,93.3238
4,4096,266,68,102.2914
4,4096,266,70,99.6194
4,4096,266,74,102.3735
4,4096,266,76,101.0823
4,4096,266,78,93.8154
4,4096,266,82,99.1843
4,4096,266,84,97.0712
4,4096,266,86,96.0484
4,4096,266,90,89.6112
4,4096,266,92,101.522
4,4096,266,94,95.5352
4,4096,266,98,96.6816
4,4096,266,100,94.4852
4,4096,266,102,91.2783
4,4096,266,106,91.8416
4,4096,266,108,94.0557
4,4096,266,110,88.2332
4,4096,266,114,94.6279
4,4096,266,116,87.6345
4,4096,266,118,92.6943
4,4096,266,122,87.2214
4,4096,266,124,98.7112
4,4096,266,126,88.973
4,4096,266,130,89.53
4,4096,266,132,86.578
4,4096,266,134,95.6806
4,4096,266,138,92.3308
4,4096,266,140,82.9819
4,4096,266,142,88.9418
4,4096,266,146,96.3071
4,4096,266,148,93.6823
4,4096,266,150,86.1929
4,4096,266,154,92.0066
4,4096,266,156,82.8877
4,4096,266,158,94.4166
4,4096,266,162,86.5697
4,4096,266,164,90.7846
4,4096,266,166,80.0273
4,4096,266,170,87.7456
4,4096,266,172,88.7898
4,4096,266,174,89.0417
4,4096,266,178,86.826
4,4096,266,180,77.783
4,4096,266,182,83.2732
4,4096,266,186,88.1536
4,4096,266,188,76.5729
4,4096,266,190,88.1133
4,4096,266,194,85.5877
4,4096,266,196,91.3325
4,4096,266,198,82.5455
4,4096,266,202,90.303
4,4096,266,204,77.6362
4,4096,266,206,85.5458
4,4096,266,210,78.1816
4,4096,266,212,81.3706
4,4096,266,214,85.2591
4,4096,266,218,76.4889
4,4096,266,220,79.5326
4,4096,266,222,83.2031
4,4096,266,226,86.4621
4,4096,266,228,87.8131
4,4096,266,230,86.5695
4,4096,266,234,85.2127
4,4096,266,236,86.2426
4,4096,266,238,85.0383
4,4096,266,242,83.892
4,4096,266,244,81.4465
4,4096,266,246,83.7581
4,4096,266,250,79.4149
4,4096,266,252,76.8716
4,4096,266,254,74.1557
4,4096,266,258,79.8801
4,4096,266,260,80.7304
4,4096,266,262,83.4433
4,4096,268,2,28.844
4,4096,268,4,51.4451
4,4096,268,6,65.786
4,4096,268,10,82.8267
4,4096,268,12,94.2019
4,4096,268,14,95.292
4,4096,268,18,98.6317
4,4096,268,20,104.93
4,4096,268,22,103.7906
4,4096,268,26,106.9366
4,4096,268,28,106.7851
4,4096,268,30,106.8912
4,4096,268,34,97.1608
4,4096,268,36,109.6529
4,4096,268,38,102.5346
4,4096,268,42,95.3101
4,4096,268,44,88.2941
4,4096,268,46,108.5548
4,4096,268,50,105.6228
4,4096,268,52,102.6188
4,4096,268,54,104.3697
4,4096,268,58,99.761
4,4096,268,60,88.5467
4,4096,268,62,101.0226
4,4096,268,66,96.4774
4,4096,268,68,94.283
4,4096,268,70,99.7517
4,4096,268,74,99.0381
4,4096,268,76,90.9122
4,4096,268,78,98.0526
4,4096,268,82,93.9294
4,4096,268,84,92.1183
4,4096,268,86,96.7796
4,4096,268,90,94.1145
4,4096,268,92,98.844
4,4096,268,94,98.0492
4,4096,268,98,91.0818
4,4096,268,100,92.5833
4,4096,268,102,90.4003
4,4096,268,106,89.9902
4,4096,268,108,96.7471
4,4096,268,110,88.3322
4,4096,268,114,94.229
4,4096,268,116,88.9178
4,4096,268,118,92.129
4,4096,268,122,95.814
4,4096,268,124,90.6405
4,4096,268,126,84.1781
4,4096,268,130,96.6181
4,4096,268,132,85.7538
4,4096,268,134,89.4261
4,4096,268,138,88.0101
4,4096,268,140,91.2955
4,4096,268,142,88.457
4,4096,268,146,91.725
4,4096,268,148,87.8085
4,4096,268,150,90.482
4,4096,268,154,83.7483
4,4096,268,156,93.4373
4,4096,268,158,93.6389
4,4096,268,162,81.1467
4,4096,268,164,91.4838
4,4096,268,166,80.6827
4,4096,268,170,92.5787
4,4096,268,172,78.7584
4,4096,268,174,85.6967
4,4096,268,178,84.4458
4,4096,268,180,78.6162
4,4096,268,182,84.1411
4,4096,268,186,90.4434
4,4096,268,188,83.3272
4,4096,268,190,89.846
4,4096,268,194,80.6267
4,4096,268,196,88.3312
4,4096,268,198,81.8566
4,4096,268,202,79.7463
4,4096,268,204,88.9006
4,4096,268,206,75.2398
4,4096,268,210,82.0084
4,4096,268,212,84.6232
4,4096,268,214,75.5563
4,4096,268,218,79.082
4,4096,268,220,83.8769
4,4096,268,222,85.1471
4,4096,268,226,85.7533
4,4096,268,228,86.6951
4,4096,268,230,85.943
4,4096,268,234,84.7142
4,4096,268,236,84.5598
4,4096,268,238,81.2443
4,4096,268,242,82.7448
4,4096,268,244,81.7166
4,4096,268,246,82.7648
4,4096,268,250,77.7491
4,4096,268,252,78.4801
4,4096,268,254,75.042
4,4096,268,258,77.7519
4,4096,268,260,83.1964
4,4096,268,262,82.1774
4,4096,268,266,79.8402
4,4096,270,2,28.631
4,4096,270,4,49.27
4,4096,270,6,65.8549
4,4096,270,10,85.1384
4,4096,270,12,90.9841
4,4096,270,14,96.6771
4,4096,270,18,97.6273
4,4096,270,20,104.6477
4,4096,270,22,102.0286
4,4096,270,26,110.5331
4,4096,270,28,87.1553
4,4096,270,30,90.3084
4,4096,270,34,110.0183
4,4096,270,36,114.7687
4,4096,270,38,100.0592
4,4096,270,42,103.013
4,4096,270,44,106.018
4,4096,270,46,109.4612
4,4096,270,50,106.8871
4,4096,270,52,101.9375
4,4096,270,54,107.467
4,4096,270,58,86.2117
4,4096,270,60,97.166
4,4096,270,62,96.5474
4,4096,270,66,86.3247
4,4096,270,68,102.7258
4,4096,270,70,96.3779
4,4096,270,74,98.8905
4,4096,270,76,100.0342
4,4096,270,78,88.2718
4,4096,270,82,101.4587
4,4096,270,84,100.6723
4,4096,270,86,88.1364
4,4096,270,90,97.2448
4,4096,270,92,86.6238
4,4096,270,94,93.9797
4,4096,270,98,94.9333
4,4096,270,100,85.1624
4,4096,270,102,97.7895
4,4096,270,106,90.5534
4,4096,270,108,96.6691
4,4096,270,110,86.3815
4,4096,270,114,95.1428
4,4096,270,116,91.2354
4,4096,270,118,93.8918
4,4096,270,122,88.0472
4,4096,270,124,89.2668
4,4096,270,126,81.3875
4,4096,270,130,90.3182
4,4096,270,132,88.052
4,4096,270,134,75.4337
4,4096,270,138,96.1563
4,4096,270,140,92.4979
4,4096,270,142,94.5393
4,4096,270,146,95.2567
4,4096,270,148,91.1666
4,4096,270,150,91.6989
4,4096,270,154,93.7227
4,4096,270,156,85.239
4,4096,270,158,83.4125
4,4096,270,162,95.7395
4,4096,270,164,94.3312
4,4096,270,166,94.4888
4,4096,270,170,94.9356
4,4096,270,172,90.7769
4,4096,270,174,90.1157
4,4096,270,178,92.308
4,4096,270,180,90.7863
4,4096,270,182,88.3188
4,4096,270,186,89.134
4,4096,270,188,90.4879
4,4096,270,190,92.3747
4,4096,270,194,87.8599
4,4096,270,196,88.3302
4,4096,270,198,93.0014
4,4096,270,202,91.4856
4,4096,270,204,90.7583
4,4096,270,206,88.1103
4,4096,270,210,90.4061
4,4096,270,212,90.2525
4,4096,270,214,84.8483
4,4096,270,218,84.1683
4,4096,270,220,88.6041
4,4096,270,222,87.6842
4,4096,270,226,85.9511
4,4096,270,228,85.7102
4,4096,270,230,85.0223
4,4096,270,234,85.3901
4,4096,270,236,84.6221
4,4096,270,238,86.1088
4,4096,270,242,85.2494
4,4096,270,244,81.5953
4,4096,270,246,79.605
4,4096,270,250,78.6237
4,4096,270,252,77.0314
4,4096,270,254,76.651
4,4096,270,258,86.0434
4,4096,270,260,81.6539
4,4096,270,262,81.7691
4,4096,270,266,79.614
4,4096,270,268,78.1771
4,4096,274,2,30.0865
4,4096,274,4,56.7222
4,4096,274,6,68.6129
4,4096,274,10,84.9292
4,4096,274,12,97.3543
4,4096,274,14,98.5308
4,4096,274,18,104.2049
4,4096,274,20,105.8676
4,4096,274,22,105.4623
4,4096,274,26,109.6678
4,4096,274,28,111.3381
4,4096,274,30,105.2114
4,4096,274,34,100.2113
4,4096,274,36,106.3476
4,4096,274,38,108.9101
4,4096,274,42,96.8799
4,4096,274,44,105.443
4,4096,274,46,111.1642
4,4096,274,50,100.9738
4,4096,274,52,109.0193
4,4096,274,54,100.6784
4,4096,274,58,98.5332
4,4096,274,60,94.147
4,4096,274,62,99.2872
4,4096,274,66,94.3962
4,4096,274,68,86.4101
4,4096,274,70,98.3507
4,4096,274,74,94.9747
4,4096,274,76,100.8633
4,4096,274,78,100.7766
4,4096,274,82,98.2343
4,4096,274,84,89.8157
4,4096,274,86,95.0228
4,4096,274,90,84.5999
4,4096,274,92,100.4772
4,4096,274,94,97.3976
4,4096,274,98,90.0952
4,4096,274,100,99.3245
4,4096,274,102,93.5629
4,4096,274,106,97.6927
4,4096,274,108,88.1138
4,4096,274,110,83.9056
4,4096,274,114,90.6768
4,4096,274,116,84.8501
4,4096,274,118,88.3937
4,4096,274,122,99.1142
4,4096,274,124,96.3058
4,4096,274,126,94.2309
4,4096,274,130,95.384
4,4096,274,132,92.2841
4,4096,274,134,86.8204
4,4096,274,138,93.0194
4,4096,274,140,83.7891
4,4096,274,142,94.2083
4,4096,274,146,94.2363
4,4096,274,148,92.3446
4,4096,274,150,93.7603
4,4096,274,154,94.0998
4,4096,274,156,90.6642
4,4096,274,158,95.253
4,4096,274,162,94.2481
4,4096,274,164,91.3538
4,4096,274,166,82.9104
4,4096,274,170,82.4521
4,4096,274,172,92.0296
4,4096,274,174,88.9172
4,4096,274,178,89.3284
4,4096,274,180,91.4814
4,4096,274,182,90.6369
4,4096,274,186,94.6401
4,4096,274,188,93.0678
4,4096,274,190,93.9078
4,4096,274,194,93.409
4,4096,274,196,90.0209
4,4096,274,198,78.4548
4,4096,274,202,87.2444
4,4096,274,204,81.6491
4,4096,274,206,92.7086
4,4096,274,210,90.2675
4,4096,274,212,91.884
4,4096,274,214,87.6197
4,4096,274,218,87.3429
4,4096,274,220,84.0146
4,4096,274,222,87.2327
4,4096,274,226,88.7361
4,4096,274,228,88.1463
4,4096,274,230,87.7799
4,4096,274,234,86.531
4,4096,274,236,84.0451
4,4096,274,238,85.4278
4,4096,274,242,84.7252
4,4096,274,244,84.7417
4,4096,274,246,80.5156
4,4096,274,250,79.9761
4,4096,274,252,81.954
4,4096,274,254,76.828
4,4096,274,258,81.4563
4,4096,274,260,85.6697
4,4096,274,262,82.798
4,4096,274,266,79.3041
4,4096,274,268,82.4969
4,4096,274,270,71.0642
4,4096,276,2,29.483
4,4096,276,4,54.3416
4,4096,276,6,74.3809
4,4096,276,10,84.8759
4,4096,276,12,99.1829
4,4096,276,14,98.9609
4,4096,276,18,95.2578
4,4096,276,20,108.6784
4,4096,276,22,105.3676
4,4096,276,26,109.9027
4,4096,276,28,105.6373
4,4096,276,30,106.4752
4,4096,276,34,102.1652
4,4096,276,36,105.5488
4,4096,276,38,112.5606
4,4096,276,42,112.5056
4,4096,276,44,102.3269
4,4096,276,46,109.4685
4,4096,276,50,103.6905
4,4096,276,52,102.1662
4,4096,276,54,100.0839
4,4096,276,58,102.9628
4,4096,276,60,77.3661
4,4096,276,62,92.123
4,4096,276,66,101.4908
4,4096,276,68,101.6183
4,4096,276,70,96.1629
4,4096,276,74,99.1006
4,4096,276,76,102.0736
4,4096,276,78,90.1573
4,4096,276,82,95.0758
4,4096,276,84,95.7255
4,4096,276,86,88.9248
4,4096,276,90,95.9532
4,4096,276,92,95.7102
4,4096,276,94,97.2549
4,4096,276,98,97.5686
4,4096,276,100,90.9169
4,4096,276,102,94.5567
4,4096,276,106,89.569
4,4096,276,108,97.8271
4,4096,276,110,97.801
4,4096,276,114,87.3947
4,4096,276,116,96.0257
4,4096,276,118,88.4448
4,4096,276,122,93.717
4,4096,276,124,87.1267
4,4096,276,126,92.1102
4,4096,276,130,90.0281
4,4096,276,132,93.8961
4,4096,276,134,92.9583
4,4096,276,138,97.5007
4,4096,276,140,88.6064
4,4096,276,142,91.8329
4,4096,276,146,94.9377
4,4096,276,148,93.0184
4,4096,276,150,87.5844
4,4096,276,154,83.4384
4,4096,276,156,83.0632
4,4096,276,158,88.1217
4,4096,276,162,94.7688
4,4096,276,164,93.2052
4,4096,276,166,93.202
4,4096,276,170,90.6857
4,4096,276,172,97.9304
4,4096,276,174,93.8995
4,4096,276,178,79.1364
4,4096,276,180,91.7967
4,4096,276,182,93.7645
4,4096,276,186,93.0091
4,4096,276,188,87.6973
4,4096,276,190,91.3197
4,4096,276,194,82.543
4,4096,276,196,91.7519
4,4096,276,198,93.9233
4,4096,276,202,91.684
4,4096,276,204,82.1346
4,4096,276,206,91.8995
4,4096,276,210,86.9377
4,4096,276,212,87.3034
4,4096,276,214,93.3752
4,4096,276,218,89.1837
4,4096,276,220,88.4992
4,4096,276,222,87.6095
4,4096,276,226,83.87
4,4096,276,228,87.63
4,4096,276,230,86.4545
4,4096,276,234,80.7602
4,4096,276,236,81.3103
4,4096,276,238,81.8008
4,4096,276,242,84.3795
4,4096,276,244,85.3145
4,4096,276,246,83.3203
4,4096,276,250,84.1711
4,4096,276,252,82.5585
4,4096,276,254,78.0803
4,4096,276,258,83.2783
4,4096,276,260,84.0025
4,4096,276,262,82.7828
4,4096,276,266,78.9225
4,4096,276,268,77.1517
4,4096,276,270,78.5232
4,4096,276,274,79.3964
4,4096,278,2,28.1225
4,4096,278,4,53.849
4,4096,278,6,71.2533
4,4096,278,10,85.8892
4,4096,278,12,90.7689
4,4096,278,14,97.8952
4,4096,278,18,105.4794
4,4096,278,20,110.8055
4,4096,278,22,104.4049
4,4096,278,26,97.6616
4,4096,278,28,110.5905
4,4096,278,30,106.8401
4,4096,278,34,108.5858
4,4096,278,36,110.2495
4,4096,278,38,95.0067
4,4096,278,42,104.6617
4,4096,278,44,104.7072
4,4096,278,46,111.3242
4,4096,278,50,104.8411
4,4096,278,52,101.0741
4,4096,278,54,92.392
4,4096,278,58,103.2987
4,4096,278,60,97.0967
4,4096,278,62,94.563
4,4096,278,66,98.0405
4,4096,278,68,99.8636
4,4096,278,70,93.6261
4,4096,278,74,95.4134
4,4096,278,76,100.5392
4,4096,278,78,90.4383
4,4096,278,82,93.6982
4,4096,278,84,94.0491
4,4096,278,86,90.4282
4,4096,278,90,98.0973
4,4096,278,92,87.2502
4,4096,278,94,100.5595
4,4096,278,98,90.6911
4,4096,278,100,85.3422
4,4096,278,102,93.8947
4,4096,278,106,81.3857
4,4096,278,108,92.5494
4,4096,278,110,87.1365
4,4096,278,114,95.4228
4,4096,278,116,85.0538
4,4096,278,118,95.3154
4,4096,278,122,88.6457
4,4096,278,124,93.1988
4,4096,278,126,89.4957
4,4096,278,130,90.5592
4,4096,278,132,81.5616
4,4096,278,134,89.1226
4,4096,278,138,82.2951
4,4096,278,140,87.1975
4,4096,278,142,90.5931
4,4096,278,146,87.6709
4,4096,278,148,91.566
4,4096,278,150,90.08
4,4096,278,154,97.2089
4,4096,278,156,92.2729
4,4096,278,158,82.9844
4,4096,278,162,92.7986
4,4096,278,164,87.8648
4,4096,278,166,92.573
4,4096,278,170,83.6278
4,4096,278,172,89.3558
4,4096,278,174,84.7954
4,4096,278,178,88.5023
4,4096,278,180,81.4613
4,4096,278,182,88.3377
4,4096,278,186,89.4247
4,4096,278,188,84.3111
4,4096,278,190,94.7924
4,4096,278,194,91.6666
4,4096,278,196,77.9844
4,4096,278,198,88.5216
4,4096,278,202,92.2969
4,4096,278,204,85.8973
4,4096,278,206,89.5109
4,4096,278,210,84.6775
4,4096,278,212,87.1231
4,4096,278,214,78.6106
4,4096,278,218,86.9472
4,4096,278,220,79.084
4,4096,278,222,81.2927
4,4096,278,226,85.8854
4,4096,278,228,89.0845
4,4096,278,230,90.5118
4,4096,278,234,85.3924
4,4096,278,236,88.9566
4,4096,278,238,85.6811
4,4096,278,242,85.2923
4,4096,278,244,81.094
4,4096,278,246,81.7201
4,4096,278,250,82.3721
4,4096,278,252,81.7186
4,4096,278,254,77.2754
4,4096,278,258,80.1364
4,4096,278,260,83.8212
4,4096,278,262,81.5858
4,4096,278,266,81.9035
4,4096,278,268,79.9642
4,4096,278,270,82.1435
4,4096,278,274,81.1449
4,4096,278,276,81.8585
4,4096,282,2,28.3578
4,4096,282,4,54.4399
4,4096,282,6,70.4343
4,4096,282,10,84.7295
4,4096,282,12,95.8195
4,4096,282,14,94.7802
4,4096,282,18,99.1237
4,4096,282,20,109.3341
4,4096,282,22,110.9324
4,4096,282,26,102.8254
4,4096,282,28,100.8492
4,4096,282,30,111.3296
4,4096,282,34,104.0344
4,4096,282,36,113.0787
4,4096,282,38,107.7707
4,4096,282,42,109.5023
4,4096,282,44,110.0629
4,4096,282,46,111.1311
4,4096,282,50,104.456
4,4096,282,52,103.162
4,4096,282,54,99.4135
4,4096,282,58,92.2542
4,4096,282,60,91.5222
4,4096,282,62,82.2913
4,4096,282,66,95.2808
4,4096,282,68,104.8462
4,4096,282,70,89.6196
4,4096,282,74,97.475
4,4096,282,76,97.2532
4,4096,282,78,94.0853
4,4096,282,82,87.9321
4,4096,282,84,86.3166
4,4096,282,86,82.2747
4,4096,282,90,90.7285
4,4096,282,92,87.8518
4,4096,282,94,97.4414
4,4096,282,98,98.6218
4,4096,282,100,96.4206
4,4096,282,102,83.4475
4,4096,282,106,97.7792
4,4096,282,108,100.139
4,4096,282,110,97.494
4,4096,282,114,96.7552
4,4096,282,116,98.2255
4,4096,282,118,91.5285
4,4096,282,122,91.5005
4,4096,282,124,95.8191
4,4096,282,126,94.1715
4,4096,282,130,98.6562
4,4096,282,132,92.1578
4,4096,282,134,95.8408
4,4096,282,138,90.5025
4,4096,282,140,88.951
4,4096,282,142,94.1218
4,4096,282,146,93.867
4,4096,282,148,95.4054
4,4096,282,150,93.1839
4,4096,282,154,96.5902
4,4096,282,156,91.6847
4,4096,282,158,89.0705
4,4096,282,162,92.9961
4,4096,282,164,90.7864
4,4096,282,166,87.3923
4,4096,282,170,90.7022
4,4096,282,172,88.9418
4,4096,282,174,94.0842
4,4096,282,178,87.892
4,4096,282,180,88.3162
4,4096,282,182,89.4737
4,4096,282,186,93.4835
4,4096,282,188,92.8917
4,4096,282,190,92.842
4,4096,282,194,93.5896
4,4096,282,196,91.9338
4,4096,282,198,80.2484
4,4096,282,202,89.7114
4,4096,282,204,91.4039
4,4096,282,206,91.9017
4,4096,282,210,91.8475
4,4096,282,212,91.3263
4,4096,282,214,78.7765
4,4096,282,218,88.0911
4,4096,282,220,84.8082
4,4096,282,222,85.3306
4,4096,282,226,85.1824
4,4096,282,228,89.3759
4,4096,282,230,85.3989
4,4096,282,234,84.795
4,4096,282,236,84.3378
4,4096,282,238,85.4641
4,4096,282,242,87.1107
4,4096,282,244,87.5359
4,4096,282,246,82.6213
4,4096,282,250,80.6823
4,4096,282,252,81.8705
4,4096,282,254,80.2939
4,4096,282,258,83.5742
4,4096,282,260,87.4102
4,4096,282,262,83.0485
4,4096,282,266,76.8559
4,4096,282,268,81.4382
4,4096,282,270,79.6241
4,4096,282,274,79.7218
4,4096,282,276,80.1854
4,4096,282,278,77.8506
4,4096,284,2,28.6158
4,4096,284,4,54.1225
4,4096,284,6,68.0813
4,4096,284,10,87.6339
4,4096,284,12,96.5085
4,4096,284,14,97.3379
4,4096,284,18,99.0709
4,4096,284,20,103.4815
4,4096,284,22,91.471
4,4096,284,26,90.226
4,4096,284,28,109.1541
4,4096,284,30,100.4887
4,4096,284,34,98.4616
4,4096,284,36,90.9595
4,4096,284,38,108.1703
4,4096,284,42,109.6574
4,4096,284,44,113.1519
4,4096,284,46,115.2788
4,4096,284,50,86.5413
4,4096,284,52,90.6558
4,4096,284,54,89.7613
4,4096,284,58,103.6801
4,4096,284,60,105.3923
4,4096,284,62,103.1585
4,4096,284,66,94.7868
4,4096,284,68,88.9454
4,4096,284,70,84.6022
4,4096,284,74,97.9419
4,4096,284,76,95.4016
4,4096,284,78,87.0295
4,4096,284,82,82.5769
4,4096,284,84,95.324
4,4096,284,86,91.5189
4,4096,284,90,83.8935
4,4096,284,92,90.0946
4,4096,284,94,92.3139
4,4096,284,98,100.7344
4,4096,284,100,97.8928
4,4096,284,102,94.8507
4,4096,284,106,99.8874
4,4096,284,108,98.8336
4,4096,284,110,98.1419
4,4096,284,114,85.1329
4,4096,284,116,96.1004
4,4096,284,118,81.3986
4,4096,284,122,80.1375
4,4096,284,124,96.6152
4,4096,284,126,98.2254
4,4096,284,130,96.3093
4,4096,284,132,93.7335
4,4096,284,134,95.3182
4,4096,284,138,87.8536
4,4096,284,140,87.8985
4,4096,284,142,92.3809
4,4096,284,146,95.7945
4,4096,284,148,94.6922
4,4096,284,150,95.9118
4,4096,284,154,93.2596
4,4096,284,156,81.1419
4,4096,284,158,85.6848
4,4096,284,162,94.0044
4,4096,284,164,96.0803
4,4096,284,166,89.7784
4,4096,284,170,82.5092
4,4096,284,172,92.6568
4,4096,284,174,91.1298
4,4096,284,178,87.6401
4,4096,284,180,89.0199
4,4096,284,182,90.1214
4,4096,284,186,92.542
4,4096,284,188,92.6494
4,4096,284,190,91.2248
4,4096,284,194,93.034
4,4096,284,196,91.4983
4,4096,284,198,79.8217
4,4096,284,202,89.7863
4,4096,284,204,92.225
4,4096,284,206,88.2608
4,4096,284,210,91.3769
4,4096,284,212,91.5262
4,4096,284,214,90.2135
4,4096,284,218,89.8333
4,4096,284,220,82.5274
4,4096,284,222,85.9913
4,4096,284,226,89.4114
4,4096,284,228,88.8664
4,4096,284,230,89.1747
4,4096,284,234,86.0206
4,4096,284,236,77.1329
4,4096,284,238,85.1945
4,4096,284,242,87.0786
4,4096,284,244,83.3617
4,4096,284,246,83.9709
4,4096,284,250,80.6106
4,4096,284,252,80.3642
4,4096,284,254,80.672
4,4096,284,258,81.8118
4,4096,284,260,87.8489
4,4096,284,262,84.8698
4,4096,284,266,83.1747
4,4096,284,268,83.1331
4,4096,284,270,79.7867
4,4096,284,274,77.7004
4,4096,284,276,80.3858
4,4096,284,278,79.4583
4,4096,284,282,81.6952
4,4096,286,2,28.6413
4,4096,286,4,56.5574
4,4096,286,6,66.0348
4,4096,286,10,82.4946
4,4096,286,12,95.1729
4,4096,286,14,97.8984
4,4096,286,18,93.9873
4,4096,286,20,102.0727
4,4096,286,22,104.7689
4,4096,286,26,103.0815
4,4096,286,28,102.0905
4,4096,286,30,97.0243
4,4096,286,34,99.4039
4,4096,286,36,109.0905
4,4096,286,38,107.7665
4,4096,286,42,115.273
4,4096,286,44,106.3593
4,4096,286,46,106.4312
4,4096,286,50,103.6031
4,4096,286,52,110.2964
4,4096,286,54,102.1393
4,4096,286,58,90.1809
4,4096,286,60,100.4064
4,4096,286,62,97.8547
4,4096,286,66,84.8986
4,4096,286,68,101.5973
4,4096,286,70,94.0688
4,4096,286,74,82.6062
4,4096,286,76,90.7275
4,4096,286,78,88.2289
4,4096,286,82,99.4813
4,4096,286,84,97.8976
4,4096,286,86,95.9841
4,4096,286,90,100.5422
4,4096,286,92,99.7152
4,4096,286,94,96.1761
4,4096,286,98,98.0036
4,4096,286,100,99.2023
4,4096,286,102,82.5778
4,4096,286,106,83.2504
4,4096,286,108,92.4669
4,4096,286,110,85.0084
4,4096,286,114,97.3135
4,4096,286,116,94.1501
4,4096,286,118,94.3983
4,4096,286,122,94.2486
4,4096,286,124,93.7002
4,4096,286,126,93.6921
4,4096,286,130,93.3117
4,4096,286,132,97.6346
4,4096,286,134,93.9299
4,4096,286,138,92.6379
4,4096,286,140,92.7064
4,4096,286,142,87.922
4,4096,286,146,89.7295
4,4096,286,148,94.0446
4,4096,286,150,94.8271
4,4096,286,154,95.2802
4,4096,286,156,94.6127
4,4096,286,158,93.4043
4,4096,286,162,94.9822
4,4096,286,164,89.4153
4,4096,286,166,81.2402
4,4096,286,170,85.5548
4,4096,286,172,85.2132
4,4096,286,174,82.9599
4,4096,286,178,82.6015
4,4096,286,180,90.8178
4,4096,286,182,91.8592
4,4096,286,186,90.7602
4,4096,286,188,91.028
4,4096,286,190,93.8977
4,4096,286,194,90.5169
4,4096,286,196,93.8962
4,4096,286,198,90.3683
4,4096,286,202,91.363
4,4096,286,204,86.7599
4,4096,286,206,87.6032
4,4096,286,210,88.3195
4,4096,286,212,91.0106
4,4096,286,214,89.2109
4,4096,286,218,84.4889
4,4096,286,220,87.7532
4,4096,286,222,85.0454
4,4096,286,226,89.0971
4,4096,286,228,82.578
4,4096,286,230,82.7367
4,4096,286,234,85.6297
4,4096,286,236,86.2967
4,4096,286,238,86.4881
4,4096,286,242,84.0866
4,4096,286,244,84.9701
4,4096,286,246,85.8854
4,4096,286,250,85.0399
4,4096,286,252,83.2681
4,4096,286,254,82.509
4,4096,286,258,83.7189
4,4096,286,260,82.919
4,4096,286,262,81.8955
4,4096,286,266,79.0293
4,4096,286,268,79.5488
4,4096,286,270,80.1879
4,4096,286,274,78.7241
4,4096,286,276,82.0228
4,4096,286,278,79.8222
4,4096,286,282,81.2338
4,4096,286,284,78.2442
4,4096,290,2,29.9485
4,4096,290,4,53.2806
4,4096,290,6,73.7823
4,4096,290,10,84.1555
4,4096,290,12,92.7787
4,4096,290,14,97.1505
4,4096,290,18,94.6944
4,4096,290,20,108.1689
4,4096,290,22,91.3061
4,4096,290,26,97.1083
4,4096,290,28,98.6927
4,4096,290,30,94.3829
4,4096,290,34,106.6344
4,4096,290,36,105.7981
4,4096,290,38,94.6103
4,4096,290,42,112.9061
4,4096,290,44,104.6718
4,4096,290,46,111.5494
4,4096,290,50,105.3422
4,4096,290,52,85.3423
4,4096,290,54,84.4774
4,4096,290,58,98.2291
4,4096,290,60,100.3847
4,4096,290,62,89.3917
4,4096,290,66,96.0108
4,4096,290,68,103.5948
4,4096,290,70,97.4013
4,4096,290,74,104.2203
4,4096,290,76,100.6489
4,4096,290,78,85.0624
4,4096,290,82,84.6362
4,4096,290,84,101.1978
4,4096,290,86,96.5015
4,4096,290,90,97.7477
4,4096,290,92,98.3808
4,4096,290,94,97.3373
4,4096,290,98,99.5141
4,4096,290,100,99.4054
4,4096,290,102,95.6852
4,4096,290,106,93.8585
4,4096,290,108,96.9458
4,4096,290,110,83.3044
4,4096,290,114,95.2172
4,4096,290,116,95.3673
4,4096,290,118,92.5276
4,4096,290,122,91.4706
4,4096,290,124,90.7616
4,4096,290,126,94.3136
4,4096,290,130,93.9223
4,4096,290,132,93.9923
4,4096,290,134,95.7714
4,4096,290,138,94.1922
4,4096,290,140,92.3801
4,4096,290,142,89.19
4,4096,290,146,89.4918
4,4096,290,148,90.8563
4,4096,290,150,92.9022
4,4096,290,154,93.9038
4,4096,290,156,93.7021
4,4096,290,158,93.9916
4,4096,290,162,90.9895
4,4096,290,164,91.0649
4,4096,290,166,90.0172
4,4096,290,170,92.7315
4,4096,290,172,94.5482
4,4096,290,174,95.0224
4,4096,290,178,90.1618
4,4096,290,180,91.5409
4,4096,290,182,90.2813
4,4096,290,186,87.965
4,4096,290,188,79.6584
4,4096,290,190,91.1695
4,4096,290,194,81.1955
4,4096,290,196,92.3232
4,4096,290,198,89.8215
4,4096,290,202,88.4204
4,4096,290,204,90.042
4,4096,290,206,86.6703
4,4096,290,210,80.1384
4,4096,290,212,89.9801
4,4096,290,214,88.28
4,4096,290,218,89.3366
4,4096,290,220,84.7549
4,4096,290,222,88.2751
4,4096,290,226,87.5992
4,4096,290,228,89.036
4,4096,290,230,86.4175
4,4096,290,234,84.2515
4,4096,290,236,83.7925
4,4096,290,238,84.622
4,4096,290,242,85.0699
4,4096,290,244,84.8045
4,4096,290,246,84.0874
4,4096,290,250,85.8513
4,4096,290,252,83.7287
4,4096,290,254,83.0036
4,4096,290,258,84.7229
4,4096,290,260,83.5478
4,4096,290,262,81.5253
4,4096,290,266,80.0621
4,4096,290,268,77.9529
4,4096,290,270,79.1411
4,4096,290,274,80.0847
4,4096,290,276,83.711
4,4096,290,278,81.003
4,4096,290,282,79.4246
4,4096,290,284,77.638
4,4096,290,286,81.2318
4,4096,292,2,29.8126
4,4096,292,4,55.4339
4,4096,292,6,67.1439
4,4096,292,10,87.531
4,4096,292,12,96.5395
4,4096,292,14,97.4621
4,4096,292,18,95.9906
4,4096,292,20,105.301
4,4096,292,22,95.8788
4,4096,292,26,108.2703
4,4096,292,28,107.7935
4,4096,292,30,92.4088
4,4096,292,34,108.8878
4,4096,292,36,108.5081
4,4096,292,38,93.8503
4,4096,292,42,107.7334
4,4096,292,44,110.7176
4,4096,292,46,110.1851
4,4096,292,50,102.9153
4,4096,292,52,100.5837
4,4096,292,54,95.155
4,4096,292,58,100.2306
4,4096,292,60,101.5047
4,4096,292,62,95.0102
4,4096,292,66,97.9532
4,4096,292,68,95.4054
4,4096,292,70,90.4212
4,4096,292,74,96.9642
4,4096,292,76,92.1324
4,4096,292,78,86.4963
4,4096,292,82,95.2635
4,4096,292,84,93.024
4,4096,292,86,97.0628
4,4096,292,90,92.9187
4,4096,292,92,89.1551
4,4096,292,94,90.3287
4,4096,292,98,86.3386
4,4096,292,100,98.1758
4,4096,292,102,91.4335
4,4096,292,106,83.6632
4,4096,292,108,94.5086
4,4096,292,110,94.2279
4,4096,292,114,90.3873
4,4096,292,116,85.9274
4,4096,292,118,89.6672
4,4096,292,122,80.4816
4,4096,292,124,90.1777
4,4096,292,126,89.6708
4,4096,292,130,90.2795
4,4096,292,132,92.4679
4,4096,292,134,86.5689
4,4096,292,138,87.0799
4,4096,292,140,79.7404
4,4096,292,142,87.6639
4,4096,292,146,92.532
4,4096,292,148,85.4592
4,4096,292,150,87.4932
4,4096,292,154,82.56
4,4096,292,156,94.1987
4,4096,292,158,87.1649
4,4096,292,162,92.0656
4,4096,292,164,86.9762
4,4096,292,166,92.3555
4,4096,292,170,86.9304
4,4096,292,172,89.1821
4,4096,292,174,81.2712
4,4096,292,178,86.8905
4,4096,292,180,75.3509
4,4096,292,182,82.6603
4,4096,292,186,94.1432
4,4096,292,188,86.5393
4,4096,292,190,93.7914
4,4096,292,194,83.2834
4,4096,292,196,90.5876
4,4096,292,198,80.1873
4,4096,292,202,89.1086
4,4096,292,204,83.004
4,4096,292,206,84.698
4,4096,292,210,75.8394
4,4096,292,212,84.8447
4,4096,292,214,87.5484
4,4096,292,218,79.5328
4,4096,292,220,88.1622
4,4096,292,222,75.208
4,4096,292,226,78.8942
4,4096,292,228,86.5979
4,4096,292,230,84.5899
4,4096,292,234,87.0673
4,4096,292,236,84.8473
4,4096,292,238,83.6779
4,4096,292,242,82.6219
4,4096,292,244,81.6254
4,4096,292,246,78.6133
4,4096,292,250,82.8135
4,4096,292,252,81.7057
4,4096,292,254,83.476
4,4096,292,258,79.2614
4,4096,292,260,83.3374
4,4096,292,262,78.6687
4,4096,292,266,82.9421
4,4096,292,268,82.4679
4,4096,292,270,82.1082
4,4096,292,274,82.5249
4,4096,292,276,84.031
4,4096,292,278,78.6248
4,4096,292,282,76.6015
4,4096,292,284,69.9047
4,4096,292,286,72.6765
4,4096,292,290,77.3954
4,4096,294,2,28.7846
4,4096,294,4,57.308
4,4096,294,6,69.9974
4,4096,294,10,82.1659
4,4096,294,12,80.4886
4,4096,294,14,91.1134
4,4096,294,18,100.8382
4,4096,294,20,106.5331
4,4096,294,22,108.2419
4,4096,294,26,104.7484
4,4096,294,28,100.5836
4,4096,294,30,107.6643
4,4096,294,34,107.5944
4,4096,294,36,109.9947
4,4096,294,38,96.7255
4,4096,294,42,90.3656
4,4096,294,44,108.6923
4,4096,294,46,112.658
4,4096,294,50,105.9427
4,4096,294,52,105.9389
4,4096,294,54,103.087
4,4096,294,58,87.9887
4,4096,294,60,94.3533
4,4096,294,62,98.737
4,4096,294,66,94.1258
4,4096,294,68,104.5437
4,4096,294,70,98.7939
4,4096,294,74,98.1593
4,4096,294,76,99.0962
4,4096,294,78,96.444
4,4096,294,82,88.7724
4,4096,294,84,88.9289
4,4096,294,86,97.8145
4,4096,294,90,96.1659
4,4096,294,92,99.1462
4,4096,294,94,95.65
4,4096,294,98,84.3695
4,4096,294,100,94.8668
4,4096,294,102,91.8837
4,4096,294,106,95.7629
4,4096,294,108,97.8762
4,4096,294,110,88.0356
4,4096,294,114,100.1977
4,4096,294,116,90.0273
4,4096,294,118,97.0941
4,4096,294,122,91.0158
4,4096,294,124,90.7032
4,4096,294,126,87.8239
4,4096,294,130,95.0103
4,4096,294,132,92.699
4,4096,294,134,94.4041
4,4096,294,138,91.1852
4,4096,294,140,95.4149
4,4096,294,142,83.2463
4,4096,294,146,89.979
4,4096,294,148,77.7731
4,4096,294,150,93.0131
4,4096,294,154,90.4867
4,4096,294,156,84.4138
4,4096,294,158,82.157
4,4096,294,162,87.4512
4,4096,294,164,95.9995
4,4096,294,166,96.0035
4,4096,294,170,93.8079
4,4096,294,172,81.9991
4,4096,294,174,79.4686
4,4096,294,178,86.3618
4,4096,294,180,95.0342
4,4096,294,182,93.4973
4,4096,294,186,93.0625
4,4096,294,188,88.8258
4,4096,294,190,93.3158
4,4096,294,194,86.9826
4,4096,294,196,80.8386
4,4096,294,198,80.5755
4,4096,294,202,90.1442
4,4096,294,204,81.9321
4,4096,294,206,88.5448
4,4096,294,210,91.563
4,4096,294,212,90.5424
4,4096,294,214,84.6829
4,4096,294,218,91.5563
4,4096,294,220,90.5702
4,4096,294,222,90.2529
4,4096,294,226,86.0611
4,4096,294,228,89.3148
4,4096,294,230,91.7872
4,4096,294,234,85.151
4,4096,294,236,84.4457
4,4096,294,238,87.2254
4,4096,294,242,84.6173
4,4096,294,244,87.3142
4,4096,294,246,85.2499
4,4096,294,250,86.0609
4,4096,294,252,84.7205
4,4096,294,254,84.3399
4,4096,294,258,84.1866
4,4096,294,260,84.1371
4,4096,294,262,82.5882
4,4096,294,266,83.4958
4,4096,294,268,82.0906
4,4096,294,270,84.4128
4,4096,294,274,75.6466
4,4096,294,276,82.3592
4,4096,294,278,84.0052
4,4096,294,282,83.417
4,4096,294,284,83.6703
4,4096,294,286,81.8249
4,4096,294,290,79.6936
4,4096,294,292,77.3579
4,4096,298,2,30.4657
4,4096,298,4,51.6173
4,4096,298,6,70.2972
4,4096,298,10,87.5097
4,4096,298,12,93.7631
4,4096,298,14,96.066
4,4096,298,18,106.6813
4,4096,298,20,109.0584
4,4096,298,22,107.1645
4,4096,298,26,104.5041
4,4096,298,28,104.5558
4,4096,298,30,91.9184
4,4096,298,34,105.8765
4,4096,298,36,109.5054
4,4096,298,38,111.7753
4,4096,298,42,96.3319
4,4096,298,44,104.7309
4,4096,298,46,108.9095
4,4096,298,50,107.8136
4,4096,298,52,103.0508
4,4096,298,54,106.3042
4,4096,298,58,98.3983
4,4096,298,60,90.5398
4,4096,298,62,102.3299
4,4096,298,66,97.9482
4,4096,298,68,92.3579
4,4096,298,70,94.2439
4,4096,298,74,97.2254
4,4096,298,76,92.6559
4,4096,298,78,98.542
4,4096,298,82,91.9316
4,4096,298,84,104.3927
4,4096,298,86,99.8842
4,4096,298,90,92.4846
4,4096,298,92,100.6083
4,4096,298,94,96.0659
4,4096,298,98,85.8473
4,4096,298,100,95.231
4,4096,298,102,86.1775
4,4096,298,106,97.2944
4,4096,298,108,91.1155
4,4096,298,110,97.4485
4,4096,298,114,91.8975
4,4096,298,116,93.9637
4,4096,298,118,96.2122
4,4096,298,122,80.0723
4,4096,298,124,89.7578
4,4096,298,126,91.6021
4,4096,298,130,84.8343
4,4096,298,132,95.2482
4,4096,298,134,82.7674
4,4096,298,138,92.4964
4,4096,298,140,79.9791
4,4096,298,142,89.4293
4,4096,298,146,90.3922
4,4096,298,148,90.2895
4,4096,298,150,93.0066
4,4096,298,154,90.9776
4,4096,298,156,92.0434
4,4096,298,158,96.3765
4,4096,298,162,92.3295
4,4096,298,164,93.8112
4,4096,298,166,92.7088
4,4096,298,170,92.4715
4,4096,298,172,92.5989
4,4096,298,174,91.5435
4,4096,298,178,92.8645
4,4096,298,180,92.9517
4,4096,298,182,93.7613
4,4096,298,186,96.8142
4,4096,298,188,92.9581
4,4096,298,190,93.8956
4,4096,298,194,87.7736
4,4096,298,196,94.4014
4,4096,298,198,92.5361
4,4096,298,202,93.2028
4,4096,298,204,92.4144
4,4096,298,206,92.9847
4,4096,298,210,92.2462
4,4096,298,212,87.218
4,4096,298,214,87.6948
4,4096,298,218,88.5659
4,4096,298,220,78.6098
4,4096,298,222,89.0935
4,4096,298,226,90.4929
4,4096,298,228,92.6559
4,4096,298,230,89.48
4,4096,298,234,85.9369
4,4096,298,236,85.2029
4,4096,298,238,84.9395
4,4096,298,242,87.3953
4,4096,298,244,87.5954
4,4096,298,246,86.41
4,4096,298,250,86.0167
4,4096,298,252,82.4629
4,4096,298,254,85.6312
4,4096,298,258,83.5598
4,4096,298,260,85.1865
4,4096,298,262,83.0006
4,4096,298,266,82.1324
4,4096,298,268,84.5558
4,4096,298,270,82.0453
4,4096,298,274,81.5243
4,4096,298,276,82.0253
4,4096,298,278,80.6394
4,4096,298,282,82.0751
4,4096,298,284,79.829
4,4096,298,286,77.3812
4,4096,298,290,79.1966
4,4096,298,292,78.9029
4,4096,298,294,79.296
4,4096,300,2,31.206
4,4096,300,4,54.5138
4,4096,300,6,68.8704
4,4096,300,10,84.3364
4,4096,300,12,97.0834
4,4096,300,14,97.3631
4,4096,300,18,102.0128
4,4096,300,20,103.4028
4,4096,300,22,95.7104
4,4096,300,26,88.8475
4,4096,300,28,109.7985
4,4096,300,30,108.0942
4,4096,300,34,102.7801
4,4096,300,36,103.1343
4,4096,300,38,109.8931
4,4096,300,42,111.2559
4,4096,300,44,98.308
4,4096,300,46,112.412
4,4096,300,50,109.6426
4,4096,300,52,96.9691
4,4096,300,54,108.203
4,4096,300,58,96.5544
4,4096,300,60,99.372
4,4096,300,62,97.0634
4,4096,300,66,93.4657
4,4096,300,68,102.4572
4,4096,300,70,101.8283
4,4096,300,74,87.1601
4,4096,300,76,99.5123
4,4096,300,78,96.5924
4,4096,300,82,92.9249
4,4096,300,84,102.296
4,4096,300,86,98.2198
4,4096,300,90,85.9087
4,4096,300,92,97.7373
4,4096,300,94,96.4238
4,4096,300,98,91.5935
4,4096,300,100,93.1837
4,4096,300,102,94.0108
4,4096,300,106,86.9463
4,4096,300,108,96.3626
4,4096,300,110,88.4213
4,4096,300,114,94.7025
4,4096,300,116,92.2211
4,4096,300,118,95.5884
4,4096,300,122,91.3212
4,4096,300,124,78.7339
4,4096,300,126,86.7615
4,4096,300,130,81.3134
4,4096,300,132,94.6062
4,4096,300,134,94.9371
4,4096,300,138,93.3769
4,4096,300,140,92.1371
4,4096,300,142,91.312
4,4096,300,146,91.9699
4,4096,300,148,87.2693
4,4096,300,150,88.4802
4,4096,300,154,87.52
4,4096,300,156,85.3251
4,4096,300,158,95.19
4,4096,300,162,91.9075
4,4096,300,164,95.5373
4,4096,300,166,93.9252
4,4096,300,170,90.916
4,4096,300,172,81.2514
4,4096,300,174,79.5282
4,4096,300,178,91.3036
4,4096,300,180,93.3759
4,4096,300,182,92.5893
4,4096,300,186,94.6261
4,4096,300,188,87.0807
4,4096,300,190,83.2179
4,4096,300,194,83.0784
4,4096,300,196,91.2318
4,4096,300,198,88.3371
4,4096,300,202,98.0206
4,4096,300,204,95.0868
4,4096,300,206,93.9244
4,4096,300,210,89.2376
4,4096,300,212,92.4766
4,4096,300,214,89.9281
4,4096,300,218,76.2478
4,4096,300,220,89.4392
4,4096,300,222,90.2952
4,4096,300,226,91.8598
4,4096,300,228,91.6128
4,4096,300,230,86.4666
4,4096,300,234,75.1292
4,4096,300,236,85.8358
4,4096,300,238,89.2401
4,4096,300,242,83.4056
4,4096,300,244,86.8945
4,4096,300,246,85.8949
4,4096,300,250,85.1402
4,4096,300,252,83.5448
4,4096,300,254,85.4985
4,4096,300,258,84.1603
4,4096,300,260,85.1022
4,4096,300,262,81.9684
4,4096,300,266,85.5244
4,4096,300,268,86.7694
4,4096,300,270,83.2007
4,4096,300,274,84.4646
4,4096,300,276,81.4953
4,4096,300,278,83.8896
4,4096,300,282,81.6843
4,4096,300,284,82.3564
4,4096,300,286,78.8046
4,4096,300,290,79.4142
4,4096,300,292,77.3859
4,4096,300,294,78.1814
4,4096,300,298,79.0404
4,4096,302,2,29.3372
4,4096,302,4,59.3508
4,4096,302,6,71.4099
4,4096,302,10,83.6579
4,4096,302,12,95.0686
4,4096,302,14,100.0433
4,4096,302,18,100.7112
4,4096,302,20,107.5532
4,4096,302,22,105.6996
4,4096,302,26,110.3869
4,4096,302,28,96.5056
4,4096,302,30,112.1105
4,4096,302,34,109.3399
4,4096,302,36,111.9272
4,4096,302,38,107.9369
4,4096,302,42,104.485
4,4096,302,44,112.511
4,4096,302,46,107.2862
4,4096,302,50,106.1243
4,4096,302,52,105.4554
4,4096,302,54,102.258
4,4096,302,58,85.8027
4,4096,302,60,102.5731
4,4096,302,62,89.217
4,4096,302,66,100.459
4,4096,302,68,101.4931
4,4096,302,70,94.4992
4,4096,302,74,97.3954
4,4096,302,76,97.9324
4,4096,302,78,98.7711
4,4096,302,82,97.0665
4,4096,302,84,93.8246
4,4096,302,86,101.6819
4,4096,302,90,101.6463
4,4096,302,92,92.5413
4,4096,302,94,99.7305
4,4096,302,98,97.1055
4,4096,302,100,82.395
4,4096,302,102,98.2018
4,4096,302,106,87.9393
4,4096,302,108,100.3447
4,4096,302,110,91.3163
4,4096,302,114,94.9847
4,4096,302,116,92.8746
4,4096,302,118,96.6981
4,4096,302,122,92.7682
4,4096,302,124,82.4322
4,4096,302,126,92.7193
4,4096,302,130,81.3239
4,4096,302,132,94.1788
4,4096,302,134,83.1619
4,4096,302,138,94.1799
4,4096,302,140,81.7336
4,4096,302,142,87.7911
4,4096,302,146,92.9896
4,4096,302,148,85.6141
4,4096,302,150,89.0472
4,4096,302,154,79.4958
4,4096,302,156,91.5898
4,4096,302,158,85.0097
4,4096,302,162,91.0974
4,4096,302,164,86.2543
4,4096,302,166,94.5706
4,4096,302,170,85.2178
4,4096,302,172,92.581
4,4096,302,174,83.984
4,4096,302,178,89.3354
4,4096,302,180,80.1583
4,4096,302,182,86.8786
4,4096,302,186,82.9808
4,4096,302,188,91.6318
4,4096,302,190,83.9504
4,4096,302,194,93.8486
4,4096,302,196,86.4109
4,4096,302,198,90.8909
4,4096,302,202,84.7413
4,4096,302,204,88.9654
4,4096,302,206,84.7644
4,4096,302,210,89.0905
4,4096,302,212,87.2524
4,4096,302,214,89.7081
4,4096,302,218,82.8112
4,4096,302,220,88.519
4,4096,302,222,79.9439
4,4096,302,226,90.8499
4,4096,302,228,80.6073
4,4096,302,230,80.863
4,4096,302,234,82.9487
4,4096,302,236,75.9979
4,4096,302,238,82.987
4,4096,302,242,87.7461
4,4096,302,244,80.9861
4,4096,302,246,84.5033
4,4096,302,250,74.6833
4,4096,302,252,76.8857
4,4096,302,254,84.1248
4,4096,302,258,89.4947
4,4096,302,260,87.695
4,4096,302,262,82.117
4,4096,302,266,85.5783
4,4096,302,268,81.6127
4,4096,302,270,82.9439
4,4096,302,274,83.5693
4,4096,302,276,83.6249
4,4096,302,278,82.5175
4,4096,302,282,84.2542
4,4096,302,284,83.9535
4,4096,302,286,83.9851
4,4096,302,290,79.9949
4,4096,302,292,80.1801
4,4096,302,294,80.4304
4,4096,302,298,78.5494
4,4096,302,300,78.59
4,4096,306,2,29.1895
4,4096,306,4,57.1547
4,4096,306,6,70.53
4,4096,306,10,86.2775
4,4096,306,12,92.5147
4,4096,306,14,96.6739
4,4096,306,18,103.1349
4,4096,306,20,103.4866
4,4096,306,22,112.3894
4,4096,306,26,104.8986
4,4096,306,28,106.5728
4,4096,306,30,99.8643
4,4096,306,34,106.2999
4,4096,306,36,110.4074
4,4096,306,38,108.3414
4,4096,306,42,107.7966
4,4096,306,44,106.9752
4,4096,306,46,111.1708
4,4096,306,50,101.392
4,4096,306,52,98.1945
4,4096,306,54,103.2807
4,4096,306,58,99.9663
4,4096,306,60,88.6758
4,4096,306,62,94.8309
4,4096,306,66,98.8828
4,4096,306,68,93.2456
4,4096,306,70,101.8181
4,4096,306,74,96.4592
4,4096,306,76,98.4832
4,4096,306,78,99.556
4,4096,306,82,90.6052
4,4096,306,84,98.4346
4,4096,306,86,90.7013
4,4096,306,90,95.8124
4,4096,306,92,96.2513
4,4096,306,94,86.1319
4,4096,306,98,94.0546
4,4096,306,100,90.3431
4,4096,306,102,89.0054
4,4096,306,106,90.8382
4,4096,306,108,89.5339
4,4096,306,110,84.5172
4,4096,306,114,94.8305
4,4096,306,116,89.1906
4,4096,306,118,98.8271
4,4096,306,122,88.0353
4,4096,306,124,93.5856
4,4096,306,126,89.5085
4,4096,306,130,92.1604
4,4096,306,132,83.8559
4,4096,306,134,90.611
4,4096,306,138,79.8968
4,4096,306,140,88.0402
4,4096,306,142,70.9063
4,4096,306,146,92.9963
4,4096,306,148,94.4124
4,4096,306,150,92.2638
4,4096,306,154,98.5662
4,4096,306,156,89.6255
4,4096,306,158,93.8684
4,4096,306,162,87.4019
4,4096,306,164,95.5007
4,4096,306,166,92.803
4,4096,306,170,92.0412
4,4096,306,172,91.0033
4,4096,306,174,89.414
4,4096,306,178,93.091
4,4096,306,180,87.4091
4,4096,306,182,90.7867
4,4096,306,186,82.7466
4,4096,306,188,93.888
4,4096,306,190,91.819
4,4096,306,194,92.2032
4,4096,306,196,89.7805
4,4096,306,198,81.3442
4,4096,306,202,88.9324
4,4096,306,204,89.698
4,4096,306,206,95.5986
4,4096,306,210,92.266
4,4096,306,212,91.8541
4,4096,306,214,94.4594
4,4096,306,218,87.0493
4,4096,306,220,88.8034
4,4096,306,222,87.5892
4,4096,306,226,88.8827
4,4096,306,228,83.198
4,4096,306,230,88.0687
4,4096,306,234,88.2152
4,4096,306,236,87.602
4,4096,306,238,90.1525
4,4096,306,242,86.7387
4,4096,306,244,87.1015
4,4096,306,246,82.726
4,4096,306,250,83.8591
4,4096,306,252,85.2902
4,4096,306,254,83.5002
4,4096,306,258,86.779
4,4096,306,260,84.7562
4,4096,306,262,86.9002
4,4096,306,266,86.0972
4,4096,306,268,83.9326
4,4096,306,270,83.9172
4,4096,306,274,84.6147
4,4096,306,276,78.2263
4,4096,306,278,81.7533
4,4096,306,282,80.741
4,4096,306,284,82.2468
4,4096,306,286,80.2927
4,4096,306,290,81.5279
4,4096,306,292,77.5088
4,4096,306,294,78.0434
4,4096,306,298,78.5995
4,4096,306,300,78.7106
4,4096,306,302,79.272
4,4096,308,2,29.0432
4,4096,308,4,55.072
4,4096,308,6,69.5817
4,4096,308,10,85.4882
4,4096,308,12,94.7772
4,4096,308,14,97.3633
4,4096,308,18,104.2422
4,4096,308,20,102.0023
4,4096,308,22,107.5811
4,4096,308,26,88.185
4,4096,308,28,102.3143
4,4096,308,30,100.8012
4,4096,308,34,110.5364
4,4096,308,36,103.5251
4,4096,308,38,105.3184
4,4096,308,42,109.9449
4,4096,308,44,110.7245
4,4096,308,46,109.3576
4,4096,308,50,101.4161
4,4096,308,52,103.2706
4,4096,308,54,107.0871
4,4096,308,58,98.4448
4,4096,308,60,90.8354
4,4096,308,62,99.7459
4,4096,308,66,98.1665
4,4096,308,68,94.2013
4,4096,308,70,93.0731
4,4096,308,74,92.2117
4,4096,308,76,86.7452
4,4096,308,78,96.7109
4,4096,308,82,94.4588
4,4096,308,84,97.7004
4,4096,308,86,96.7948
4,4096,308,90,85.8954
4,4096,308,92,98.9062
4,4096,308,94,88.8092
4,4096,308,98,97.9356
4,4096,308,100,94.8745
4,4096,308,102,93.6708
4,4096,308,106,90.747
4,4096,308,108,94.6378
4,4096,308,110,96.251
4,4096,308,114,86.9657
4,4096,308,116,92.5939
4,4096,308,118,85.0116
4,4096,308,122,94.0664
4,4096,308,124,91.2098
4,4096,308,126,94.1066
4,4096,308,130,80.7639
4,4096,308,132,97.7473
4,4096,308,134,87.6463
4,4096,308,138,94.3473
4,4096,308,140,85.1386
4,4096,308,142,92.3971
4,4096,308,146,90.1866
4,4096,308,148,95.2358
4,4096,308,150,81.666
4,4096,308,154,95.2922
4,4096,308,156,98.2253
4,4096,308,158,94.441
4,4096,308,162,93.1615
4,4096,308,164,89.959
4,4096,308,166,90.3244
4,4096,308,170,91.3803
4,4096,308,172,92.943
4,4096,308,174,91.6244
4,4096,308,178,94.0265
4,4096,308,180,93.0953
4,4096,308,182,87.2979
4,4096,308,186,92.6439
4,4096,308,188,86.2643
4,4096,308,190,82.734
4,4096,308,194,87.3804
4,4096,308,196,92.4067
4,4096,308,198,93.3686
4,4096,308,202,92.4934
4,4096,308,204,91.1438
4,4096,308,206,91.4366
4,4096,308,210,90.0996
4,4096,308,212,90.0276
4,4096,308,214,91.6427
4,4096,308,218,92.9765
4,4096,308,220,89.8947
4,4096,308,222,88.3028
4,4096,308,226,88.3255
4,4096,308,228,90.4735
4,4096,308,230,89.5693
4,4096,308,234,90.2282
4,4096,308,236,89.4974
4,4096,308,238,86.177
4,4096,308,242,85.806
4,4096,308,244,86.4454
4,4096,308,246,86.3388
4,4096,308,250,81.4565
4,4096,308,252,83.3341
4,4096,308,254,82.4172
4,4096,308,258,85.5748
4,4096,308,260,89.3415
4,4096,308,262,83.0392
4,4096,308,266,85.6308
4,4096,308,268,85.5066
4,4096,308,270,83.879
4,4096,308,274,84.9792
4,4096,308,276,82.641
4,4096,308,278,83.3852
4,4096,308,282,77.1425
4,4096,308,284,79.2326
4,4096,308,286,76.7673
4,4096,308,290,78.9525
4,4096,308,292,77.7762
4,4096,308,294,82.1195
4,4096,308,298,80.4717
4,4096,308,300,78.5794
4,4096,308,302,76.8496
4,4096,308,306,78.6889
4,4096,310,2,30.9571
4,4096,310,4,53.9346
4,4096,310,6,73.7248
4,4096,310,10,88.8727
4,4096,310,12,94.9155
4,4096,310,14,95.5504
4,4096,310,18,95.7736
4,4096,310,20,104.9407
4,4096,310,22,106.6431
4,4096,310,26,109.1271
4,4096,310,28,108.3755
4,4096,310,30,107.4634
4,4096,310,34,99.3651
4,4096,310,36,103.7163
4,4096,310,38,105.7334
4,4096,310,42,101.9937
4,4096,310,44,97.3193
4,4096,310,46,94.0731
4,4096,310,50,84.0574
4,4096,310,52,86.858
4,4096,310,54,107.3927
4,4096,310,58,95.4603
4,4096,310,60,87.4394
4,4096,310,62,102.5783
4,4096,310,66,100.4496
4,4096,310,68,96.2719
4,4096,310,70,97.2033
4,4096,310,74,98.8015
4,4096,310,76,99.6981
4,4096,310,78,102.0123
4,4096,310,82,94.228
4,4096,310,84,97.3434
4,4096,310,86,93.9118
4,4096,310,90,95.9577
4,4096,310,92,84.5848
4,4096,310,94,84.6858
4,4096,310,98,97.5561
4,4096,310,100,99.7411
4,4096,310,102,92.1697
4,4096,310,106,93.6283
4,4096,310,108,97.2374
4,4096,310,110,98.0417
4,4096,310,114,97.5868
4,4096,310,116,97.0433
4,4096,310,118,95.7629
4,4096,310,122,91.8144
4,4096,310,124,91.6652
4,4096,310,126,95.4649
4,4096,310,130,90.7568
4,4096,310,132,97.8467
4,4096,310,134,93.5316
4,4096,310,138,93.0493
4,4096,310,140,93.3092
4,4096,310,142,90.5459
4,4096,310,146,89.629
4,4096,310,148,94.4965
4,4096,310,150,91.1552
4,4096,310,154,90.0581
4,4096,310,156,92.0938
4,4096,310,158,91.9691
4,4096,310,162,94.4968
4,4096,310,164,87.426
4,4096,310,166,95.8418
4,4096,310,170,83.397
4,4096,310,172,88.7402
4,4096,310,174,93.3582
4,4096,310,178,93.695
4,4096,310,180,93.9618
4,4096,310,182,85.0675
4,4096,310,186,84.0207
4,4096,310,188,84.5512
4,4096,310,190,94.6326
4,4096,310,194,93.8639
4,4096,310,196,92.3773
4,4096,310,198,92.2237
4,4096,310,202,89.2736
4,4096,310,204,87.0115
4,4096,310,206,94.5797
4,4096,310,210,93.6219
4,4096,310,212,92.4398
4,4096,310,214,91.8277
4,4096,310,218,90.8062
4,4096,310,220,89.7494
4,4096,310,222,78.9415
4,4096,310,226,81.2364
4,4096,310,228,91.022
4,4096,310,230,91.4406
4,4096,310,234,87.0284
4,4096,310,236,90.0622
4,4096,310,238,87.2685
4,4096,310,242,86.3611
4,4096,310,244,86.8983
4,4096,310,246,84.4697
4,4096,310,250,84.9648
4,4096,310,252,83.4428
4,4096,310,254,85.1082
4,4096,310,258,85.3963
4,4096,310,260,85.271
4,4096,310,262,85.2398
4,4096,310,266,86.2388
4,4096,310,268,81.8786
4,4096,310,270,85.4048
4,4096,310,274,83.9481
4,4096,310,276,85.7205
4,4096,310,278,79.577
4,4096,310,282,80.1738
4,4096,310,284,77.3946
4,4096,310,286,78.8551
4,4096,310,290,80.3972
4,4096,310,292,79.4304
4,4096,310,294,77.4686
4,4096,310,298,77.6362
4,4096,310,300,78.5701
4,4096,310,302,74.6859
4,4096,310,306,77.7027
4,4096,310,308,79.0353
4,4096,314,2,29.2031
4,4096,314,4,58.0942
4,4096,314,6,61.9622
4,4096,314,10,74.3751
4,4096,314,12,85.9635
4,4096,314,14,98.2323
4,4096,314,18,99.2031
4,4096,314,20,102.1634
4,4096,314,22,102.73
4,4096,314,26,85.3092
4,4096,314,28,102.8886
4,4096,314,30,96.713
4,4096,314,34,88.4345
4,4096,314,36,93.3904
4,4096,314,38,104.1206
4,4096,314,42,105.7798
4,4096,314,44,98.2458
4,4096,314,46,112.276
4,4096,314,50,103.5893
4,4096,314,52,104.552
4,4096,314,54,109.0461
4,4096,314,58,97.7263
4,4096,314,60,97.184
4,4096,314,62,99.915
4,4096,314,66,96.8694
4,4096,314,68,86.936
4,4096,314,70,102.5129
4,4096,314,74,97.0174
4,4096,314,76,95.5341
4,4096,314,78,97.2376
4,4096,314,82,101.8154
4,4096,314,84,93.1837
4,4096,314,86,98.0187
4,4096,314,90,95.8286
4,4096,314,92,99.2835
4,4096,314,94,93.3189
4,4096,314,98,100.1171
4,4096,314,100,92.4055
4,4096,314,102,93.5876
4,4096,314,106,95.6619
4,4096,314,108,97.8164
4,4096,314,110,81.8737
4,4096,314,114,83.7341
4,4096,314,116,81.7949
4,4096,314,118,92.6297
4,4096,314,122,97.0274
4,4096,314,124,94.9952
4,4096,314,126,95.9162
4,4096,314,130,92.3887
4,4096,314,132,89.8405
4,4096,314,134,91.0609
4,4096,314,138,94.2168
4,4096,314,140,91.8538
4,4096,314,142,92.2577
4,4096,314,146,92.9788
4,4096,314,148,92.7559
4,4096,314,150,91.4986
4,4096,314,154,89.1217
4,4096,314,156,89.2949
4,4096,314,158,89.0989
4,4096,314,162,86.2234
4,4096,314,164,82.2488
4,4096,314,166,92.824
4,4096,314,170,82.8717
4,4096,314,172,88.515
4,4096,314,174,90.2427
4,4096,314,178,90.8668
4,4096,314,180,86.1555
4,4096,314,182,89.0481
4,4096,314,186,98.2851
4,4096,314,188,83.2496
4,4096,314,190,80.3507
4,4096,314,194,88.2225
4,4096,314,196,86.3162
4,4096,314,198,78.7712
4,4096,314,202,87.2972
4,4096,314,204,93.6462
4,4096,314,206,94.3972
4,4096,314,210,89.7918
4,4096,314,212,86.2773
4,4096,314,214,89.3741
4,4096,314,218,89.6874
4,4096,314,220,88.9465
4,4096,314,222,87.2906
4,4096,314,226,88.1371
4,4096,314,228,86.168
4,4096,314,230,88.4324
4,4096,314,234,85.409
4,4096,314,236,89.9242
4,4096,314,238,87.9513
4,4096,314,242,88.6221
4,4096,314,244,83.9156
4,4096,314,246,81.5158
4,4096,314,250,75.3668
4,4096,314,252,86.3938
4,4096,314,254,84.5642
4,4096,314,258,84.3832
4,4096,314,260,82.469
4,4096,314,262,83.7813
4,4096,314,266,82.2466
4,4096,314,268,82.7671
4,4096,314,270,81.8556
4,4096,314,274,81.5549
4,4096,314,276,81.1263
4,4096,314,278,78.1352
4,4096,314,282,78.2874
4,4096,314,284,78.7194
4,4096,314,286,79.7279
4,4096,314,290,70.1156
4,4096,314,292,80.6364
4,4096,314,294,79.2721
4,4096,314,298,73.0539
4,4096,314,300,78.2383
4,4096,314,302,75.376
4,4096,314,306,77.9239
4,4096,314,308,80.3705
4,4096,314,310,76.0156
4,4096,316,2,29.8603
4,4096,316,4,58.765
4,4096,316,6,75.5304
4,4096,316,10,88.8514
4,4096,316,12,95.6334
4,4096,316,14,95.4803
4,4096,316,18,101.3497
4,4096,316,20,94.3821
4,4096,316,22,99.9112
4,4096,316,26,94.4664
4,4096,316,28,94.6543
4,4096,316,30,103.0752
4,4096,316,34,105.4531
4,4096,316,36,108.0302
4,4096,316,38,103.8106
4,4096,316,42,108.8887
4,4096,316,44,108.4147
4,4096,316,46,98.5574
4,4096,316,50,108.5498
4,4096,316,52,105.8522
4,4096,316,54,89.8991
4,4096,316,58,87.6296
4,4096,316,60,99.8294
4,4096,316,62,87.7054
4,4096,316,66,85.04
4,4096,316,68,86.5537
4,4096,316,70,98.3425
4,4096,316,74,89.2194
4,4096,316,76,84.8538
4,4096,316,78,93.5828
4,4096,316,82,86.729
4,4096,316,84,83.4954
4,4096,316,86,84.0072
4,4096,316,90,95.7524
4,4096,316,92,87.5671
4,4096,316,94,86.8529
4,4096,316,98,95.2999
4,4096,316,100,87.9841
4,4096,316,102,81.9863
4,4096,316,106,96.582
4,4096,316,108,90.1745
4,4096,316,110,88.6887
4,4096,316,114,83.3207
4,4096,316,116,91.9028
4,4096,316,118,82.3873
4,4096,316,122,98.4812
4,4096,316,124,100.8173
4,4096,316,126,92.0908
4,4096,316,130,93.6961
4,4096,316,132,95.2273
4,4096,316,134,95.7555
4,4096,316,138,90.7571
4,4096,316,140,93.139
4,4096,316,142,93.0215
4,4096,316,146,90.4418
4,4096,316,148,92.8264
4,4096,316,150,91.0479
4,4096,316,154,91.6592
4,4096,316,156,91.4821
4,4096,316,158,91.168
4,4096,316,162,92.7804
4,4096,316,164,97.0955
4,4096,316,166,89.882
4,4096,316,170,84.0554
4,4096,316,172,82.7812
4,4096,316,174,86.2871
4,4096,316,178,80.4472
4,4096,316,180,91.3901
4,4096,316,182,88.5997
4,4096,316,186,82.2434
4,4096,316,188,84.302
4,4096,316,190,85.5767
4,4096,316,194,82.1059
4,4096,316,196,89.7194
4,4096,316,198,83.8483
4,4096,316,202,83.9132
4,4096,316,204,86.4398
4,4096,316,206,85.9075
4,4096,316,210,83.7699
4,4096,316,212,95.1284
4,4096,316,214,93.2912
4,4096,316,218,87.9992
4,4096,316,220,88.8299
4,4096,316,222,86.142
4,4096,316,226,87.803
4,4096,316,228,88.3825
4,4096,316,230,89.1822
4,4096,316,234,87.7893
4,4096,316,236,90.5007
4,4096,316,238,85.1283
4,4096,316,242,86.5606
4,4096,316,244,87.8577
4,4096,316,246,90.6322
4,4096,316,250,85.4104
4,4096,316,252,86.747
4,4096,316,254,85.0344
4,4096,316,258,84.992
4,4096,316,260,88.4255
4,4096,316,262,83.674
4,4096,316,266,80.6995
4,4096,316,268,86.593
4,4096,316,270,86.4632
4,4096,316,274,84.2091
4,4096,316,276,81.8116
4,4096,316,278,80.9795
4,4096,316,282,85.7866
4,4096,316,284,83.4674
4,4096,316,286,82.4846
4,4096,316,290,80.8802
4,4096,316,292,78.3327
4,4096,316,294,78.1682
4,4096,316,298,77.1298
4,4096,316,300,78.5376
4,4096,316,302,78.7237
4,4096,316,306,80.0083
4,4096,316,308,78.6333
4,4096,316,310,81.198
4,4096,316,314,79.7023
4,4096,318,2,30.8042
4,4096,318,4,59.1707
4,4096,318,6,74.6015
4,4096,318,10,91.5151
4,4096,318,12,99.9482
4,4096,318,14,94.0425
4,4096,318,18,98.5066
4,4096,318,20,107.8408
4,4096,318,22,94.0406
4,4096,318,26,89.5098
4,4096,318,28,96.228
4,4096,318,30,104.7955
4,4096,318,34,104.7609
4,4096,318,36,104.1008
4,4096,318,38,103.2773
4,4096,318,42,109.2272
4,4096,318,44,109.2033
4,4096,318,46,105.5168
4,4096,318,50,102.5365
4,4096,318,52,103.5545
4,4096,318,54,105.9534
4,4096,318,58,93.7516
4,4096,318,60,102.0027
4,4096,318,62,80.4326
4,4096,318,66,93.301
4,4096,318,68,93.8762
4,4096,318,70,84.64
4,4096,318,74,99.2368
4,4096,318,76,90.575
4,4096,318,78,84.7761
4,4096,318,82,90.5571
4,4096,318,84,97.2622
4,4096,318,86,90.2667
4,4096,318,90,89.4151
4,4096,318,92,101.0273
4,4096,318,94,91.6771
4,4096,318,98,99.92
4,4096,318,100,100.1494
4,4096,318,102,86.6466
4,4096,318,106,94.6995
4,4096,318,108,90.3132
4,4096,318,110,96.9149
4,4096,318,114,97.4942
4,4096,318,116,89.3071
4,4096,318,118,95.4402
4,4096,318,122,90.9624
4,4096,318,124,97.002
4,4096,318,126,88.9699
4,4096,318,130,88.1655
4,4096,318,132,85.2001
4,4096,318,134,94.3219
4,4096,318,138,89.9976
4,4096,318,140,95.5505
4,4096,318,142,89.6688
4,4096,318,146,93.8728
4,4096,318,148,87.1112
4,4096,318,150,95.154
4,4096,318,154,83.0258
4,4096,318,156,88.998
4,4096,318,158,78.4443
4,4096,318,162,82.4561
4,4096,318,164,89.9338
4,4096,318,166,82.8442
4,4096,318,170,80.8501
4,4096,318,172,96.4466
4,4096,318,174,91.8383
4,4096,318,178,80.7187
4,4096,318,180,85.7288
4,4096,318,182,95.556
4,4096,318,186,94.6288
4,4096,318,188,97.688
4,4096,318,190,96.2582
4,4096,318,194,90.4025
4,4096,318,196,93.2484
4,4096,318,198,85.9119
4,4096,318,202,96.1867
4,4096,318,204,95.6047
4,4096,318,206,93.5349
4,4096,318,210,93.5366
4,4096,318,212,83.5029
4,4096,318,214,89.444
4,4096,318,218,79.8527
4,4096,318,220,90.6383
4,4096,318,222,83.9141
4,4096,318,226,82.8764
4,4096,318,228,89.7898
4,4096,318,230,88.4696
4,4096,318,234,90.8577
4,4096,318,236,89.6986
4,4096,318,238,82.2694
4,4096,318,242,83.9301
4,4096,318,244,86.3098
4,4096,318,246,88.4494
4,4096,318,250,87.5032
4,4096,318,252,88.2202
4,4096,318,254,84.1739
4,4096,318,258,84.083
4,4096,318,260,87.3774
4,4096,318,262,84.7508
4,4096,318,266,84.1657
4,4096,318,268,75.1232
4,4096,318,270,84.3389
4,4096,318,274,86.6343
4,4096,318,276,88.2786
4,4096,318,278,84.8259
4,4096,318,282,85.5126
4,4096,318,284,83.248
4,4096,318,286,80.9951
4,4096,318,290,81.9467
4,4096,318,292,81.0325
4,4096,318,294,79.4908
4,4096,318,298,79.4267
4,4096,318,300,80.4399
4,4096,318,302,80.869
4,4096,318,306,81.1137
4,4096,318,308,80.6128
4,4096,318,310,77.6101
4,4096,318,314,77.1856
4,4096,318,316,77.6075
4,4096,322,2,32.6931
4,4096,322,4,56.7104
4,4096,322,6,75.508
4,4096,322,10,84.4586
4,4096,322,12,95.8763
4,4096,322,14,96.0942
4,4096,322,18,101.083
4,4096,322,20,95.3116
4,4096,322,22,101.9214
4,4096,322,26,97.1129
4,4096,322,28,109.5732
4,4096,322,30,103.4091
4,4096,322,34,105.8128
4,4096,322,36,113.8652
4,4096,322,38,88.6113
4,4096,322,42,107.2356
4,4096,322,44,108.2471
4,4096,322,46,110.3502
4,4096,322,50,101.7229
4,4096,322,52,98.1593
4,4096,322,54,93.5673
4,4096,322,58,99.1763
4,4096,322,60,97.3104
4,4096,322,62,92.6589
4,4096,322,66,91.4425
4,4096,322,68,88.3202
4,4096,322,70,101.4014
4,4096,322,74,90.8454
4,4096,322,76,100.3316
4,4096,322,78,97.3242
4,4096,322,82,90.4298
4,4096,322,84,99.822
4,4096,322,86,96.735
4,4096,322,90,98.7779
4,4096,322,92,99.5375
4,4096,322,94,92.5723
4,4096,322,98,95.4398
4,4096,322,100,95.4404
4,4096,322,102,83.9156
4,4096,322,106,93.0963
4,4096,322,108,87.4621
4,4096,322,110,98.9423
4,4096,322,114,94.4487
4,4096,322,116,87.2499
4,4096,322,118,97.0533
4,4096,322,122,85.9962
4,4096,322,124,92.2408
4,4096,322,126,90.7605
4,4096,322,130,90.7521
4,4096,322,132,84.1845
4,4096,322,134,96.3322
4,4096,322,138,81.6645
4,4096,322,140,94.7302
4,4096,322,142,84.9555
4,4096,322,146,93.6015
4,4096,322,148,81.1676
4,4096,322,150,89.2227
4,4096,322,154,91.1782
4,4096,322,156,85.8477
4,4096,322,158,88.4774
4,4096,322,162,78.9138
4,4096,322,164,91.9604
4,4096,322,166,83.723
4,4096,322,170,93.8724
4,4096,322,172,83.1094
4,4096,322,174,91.4622
4,4096,322,178,87.9001
4,4096,322,180,92.2972
4,4096,322,182,86.9802
4,4096,322,186,88.9771
4,4096,322,188,81.1791
4,4096,322,190,99.8248
4,4096,322,194,90.795
4,4096,322,196,82.5997
4,4096,322,198,90.8178
4,4096,322,202,84.8271
4,4096,322,204,90.422
4,4096,322,206,80.5744
4,4096,322,210,90.2474
4,4096,322,212,83.0995
4,4096,322,214,91.6595
4,4096,322,218,83.4075
4,4096,322,220,94.1592
4,4096,322,222,80.7288
4,4096,322,226,91.516
4,4096,322,228,80.0484
4,4096,322,230,86.8428
4,4096,322,234,79.7338
4,4096,322,236,79.7855
4,4096,322,238,77.7243
4,4096,322,242,85.8768
4,4096,322,244,87.0287
4,4096,322,246,87.9167
4,4096,322,250,85.3404
4,4096,322,252,90.3343
4,4096,322,254,87.3814
4,4096,322,258,83.9976
4,4096,322,260,86.448
4,4096,322,262,84.2849
4,4096,322,266,84.37
4,4096,322,268,85.974
4,4096,322,270,83.6682
4,4096,322,274,86.2672
4,4096,322,276,86.2543
4,4096,322,278,84.0106
4,4096,322,282,83.1541
4,4096,322,284,82.4464
4,4096,322,286,84.8264
4,4096,322,290,82.7788
4,4096,322,292,80.5659
4,4096,322,294,79.5057
4,4096,322,298,81.5296
4,4096,322,300,77.4182
4,4096,322,302,80.2065
4,4096,322,306,75.7654
4,4096,322,308,79.0516
4,4096,322,310,78.1452
4,4096,322,314,76.9757
4,4096,322,316,76.0891
4,4096,322,318,74.3408
4,4096,324,2,31.9603
4,4096,324,4,53.1222
4,4096,324,6,75.1771
4,4096,324,10,85.6355
4,4096,324,12,100.6852
4,4096,324,14,96.2109
4,4096,324,18,99.8667
4,4096,324,20,107.2587
4,4096,324,22,89.5379
4,4096,324,26,100.1502
4,4096,324,28,102.2268
4,4096,324,30,96.7107
4,4096,324,34,101.518
4,4096,324,36,113.5553
4,4096,324,38,112.0317
4,4096,324,42,109.5019
4,4096,324,44,110.6259
4,4096,324,46,104.2353
4,4096,324,50,90.5877
4,4096,324,52,89.5243
4,4096,324,54,108.9623
4,4096,324,58,89.3985
4,4096,324,60,95.279
4,4096,324,62,93.0153
4,4096,324,66,91.2328
4,4096,324,68,95.8861
4,4096,324,70,93.3899
4,4096,324,74,99.362
4,4096,324,76,100.3081
4,4096,324,78,88.6491
4,4096,324,82,99.419
4,4096,324,84,90.7998
4,4096,324,86,92.3163
4,4096,324,90,77.364
4,4096,324,92,84.8201
4,4096,324,94,98.9379
4,4096,324,98,92.3382
4,4096,324,100,99.012
4,4096,324,102,96.3438
4,4096,324,106,93.8944
4,4096,324,108,85.0146
4,4096,324,110,101.574
4,4096,324,114,103.9426
4,4096,324,116,95.4485
4,4096,324,118,99.1117
4,4096,324,122,97.3881
4,4096,324,124,86.2823
4,4096,324,126,87.8808
4,4096,324,130,97.8031
4,4096,324,132,96.4933
4,4096,324,134,97.076
4,4096,324,138,96.6499
4,4096,324,140,96.1177
4,4096,324,142,95.2288
4,4096,324,146,89.8871
4,4096,324,148,91.7355
4,4096,324,150,90.7438
4,4096,324,154,92.6096
4,4096,324,156,94.8909
4,4096,324,158,89.1944
4,4096,324,162,91.889
4,4096,324,164,93.9386
4,4096,324,166,90.2425
4,4096,324,170,91.7102
4,4096,324,172,94.3705
4,4096,324,174,93.3324
4,4096,324,178,93.2392
4,4096,324,180,93.1727
4,4096,324,182,93.8543
4,4096,324,186,91.598
4,4096,324,188,92.1421
4,4096,324,190,92.0845
4,4096,324,194,86.1814
4,4096,324,196,85.422
4,4096,324,198,93.4563
4,4096,324,202,91.5129
4,4096,324,204,80.136
4,4096,324,206,80.45
4,4096,324,210,92.957
4,4096,324,212,91.8043
4,4096,324,214,91.7565
4,4096,324,218,85.4313
4,4096,324,220,91.6375
4,4096,324,222,79.7821
4,4096,324,226,79.5643
4,4096,324,228,79.0153
4,4096,324,230,90.1491
4,4096,324,234,87.1777
4,4096,324,236,80.2171
4,4096,324,238,79.6719
4,4096,324,242,83.2608
4,4096,324,244,82.9445
4,4096,324,246,87.9782
4,4096,324,250,87.5598
4,4096,324,252,86.5608
4,4096,324,254,90.0234
4,4096,324,258,88.1688
4,4096,324,260,87.5661
4,4096,324,262,85.7342
4,4096,324,266,86.3119
4,4096,324,268,86.9791
4,4096,324,270,85.2564
4,4096,324,274,82.7107
4,4096,324,276,81.0977
4,4096,324,278,80.6094
4,4096,324,282,80.4093
4,4096,324,284,84.7045
4,4096,324,286,82.4418
4,4096,324,290,83.5485
4,4096,324,292,85.2213
4,4096,324,294,82.2731
4,4096,324,298,79.0923
4,4096,324,300,78.6059
4,4096,324,302,81.6312
4,4096,324,306,82.3342
4,4096,324,308,81.3199
4,4096,324,310,79.4402
4,4096,324,314,75.3957
4,4096,324,316,74.5001
4,4096,324,318,74.6622
4,4096,324,322,72.7434
4,4096,326,2,30.5665
4,4096,326,4,56.1878
4,4096,326,6,72.5809
4,4096,326,10,83.9646
4,4096,326,12,97.3106
4,4096,326,14,97.5327
4,4096,326,18,103.1874
4,4096,326,20,107.1752
4,4096,326,22,105.2469
4,4096,326,26,106.0365
4,4096,326,28,105.6795
4,4096,326,30,109.4369
4,4096,326,34,108.4408
4,4096,326,36,114.7707
4,4096,326,38,92.0001
4,4096,326,42,109.4019
4,4096,326,44,110.2752
4,4096,326,46,109.9169
4,4096,326,50,104.477
4,4096,326,52,109.2607
4,4096,326,54,97.966
4,4096,326,58,92.4174
4,4096,326,60,82.7613
4,4096,326,62,84.3153
4,4096,326,66,100.6875
4,4096,326,68,100.0863
4,4096,326,70,85.0138
4,4096,326,74,83.6591
4,4096,326,76,96.2822
4,4096,326,78,83.7643
4,4096,326,82,85.5604
4,4096,326,84,92.8975
4,4096,326,86,100.7728
4,4096,326,90,98.451
4,4096,326,92,80.6573
4,4096,326,94,105.8548
4,4096,326,98,83.5618
4,4096,326,100,88.2013
4,4096,326,102,94.9356
4,4096,326,106,94.6173
4,4096,326,108,95.3595
4,4096,326,110,85.1794
4,4096,326,114,92.1603
4,4096,326,116,86.925
4,4096,326,118,97.3912
4,4096,326,122,91.1964
4,4096,326,124,96.4361
4,4096,326,126,91.3411
4,4096,326,130,91.5529
4,4096,326,132,94.6183
4,4096,326,134,96.0229
4,4096,326,138,94.6655
4,4096,326,140,96.4724
4,4096,326,142,90.9612
4,4096,326,146,92.921
4,4096,326,148,89.089
4,4096,326,150,91.8009
4,4096,326,154,92.0262
4,4096,326,156,93.2921
4,4096,326,158,92.4681
4,4096,326,162,92.1829
4,4096,326,164,93.7895
4,4096,326,166,94.8633
4,4096,326,170,83.6631
4,4096,326,172,82.1959
4,4096,326,174,86.8291
4,4096,326,178,83.5874
4,4096,326,180,91.8898
4,4096,326,182,91.5322
4,4096,326,186,95.5936
4,4096,326,188,77.0849
4,4096,326,190,82.389
4,4096,326,194,80.7275
4,4096,326,196,81.2253
4,4096,326,198,85.6041
4,4096,326,202,85.3267
4,4096,326,204,80.6114
4,4096,326,206,90.2532
4,4096,326,210,79.5119
4,4096,326,212,81.5817
4,4096,326,214,82.2667
4,4096,326,218,82.4011
4,4096,326,220,87.1785
4,4096,326,222,87.1057
4,4096,326,226,91.0064
4,4096,326,228,90.6077
4,4096,326,230,88.201
4,4096,326,234,83.3483
4,4096,326,236,77.9651
4,4096,326,238,81.8376
4,4096,326,242,80.2296
4,4096,326,244,92.2076
4,4096,326,246,89.1769
4,4096,326,250,88.5189
4,4096,326,252,84.1223
4,4096,326,254,86.8586
4,4096,326,258,83.7875
4,4096,326,260,86.9443
4,4096,326,262,85.7663
4,4096,326,266,84.4892
4,4096,326,268,86.5138
4,4096,326,270,85.2211
4,4096,326,274,82.7496
4,4096,326,276,86.0942
4,4096,326,278,80.8076
4,4096,326,282,84.49
4,4096,326,284,80.8156
4,4096,326,286,77.0434
4,4096,326,290,80.9089
4,4096,326,292,82.3999
4,4096,326,294,81.1166
4,4096,326,298,80.6142
4,4096,326,300,82.3156
4,4096,326,302,79.4662
4,4096,326,306,66.2534
4,4096,326,308,81.2663
4,4096,326,310,79.3264
4,4096,326,314,79.5592
4,4096,326,316,77.9883
4,4096,326,318,78.7589
4,4096,326,322,77.212
4,4096,326,324,77.1158
4,4096,330,2,31.39
4,4096,330,4,59.7944
4,4096,330,6,73.5655
4,4096,330,10,86.5598
4,4096,330,12,92.71
4,4096,330,14,99.3429
4,4096,330,18,101.3637
4,4096,330,20,105.9219
4,4096,330,22,108.2869
4,4096,330,26,105.9364
4,4096,330,28,90.534
4,4096,330,30,89.8569
4,4096,330,34,105.8926
4,4096,330,36,113.5996
4,4096,330,38,105.5882
4,4096,330,42,104.8146
4,4096,330,44,113.2133
4,4096,330,46,109.537
4,4096,330,50,105.1884
4,4096,330,52,102.7393
4,4096,330,54,105.6633
4,4096,330,58,94.2973
4,4096,330,60,103.5943
4,4096,330,62,84.6794
4,4096,330,66,92.5092
4,4096,330,68,88.2926
4,4096,330,70,83.1
4,4096,330,74,101.5725
4,4096,330,76,95.3661
4,4096,330,78,97.4976
4,4096,330,82,99.9555
4,4096,330,84,97.9893
4,4096,330,86,100.6259
4,4096,330,90,96.9052
4,4096,330,92,96.5611
4,4096,330,94,100.6792
4,4096,330,98,88.0255
4,4096,330,100,99.7209
4,4096,330,102,94.7778
4,4096,330,106,98.6344
4,4096,330,108,98.9838
4,4096,330,110,92.9152
4,4096,330,114,85.4587
4,4096,330,116,88.5952
4,4096,330,118,88.6371
4,4096,330,122,94.712
4,4096,330,124,97.5852
4,4096,330,126,95.1777
4,4096,330,130,92.3625
4,4096,330,132,96.1383
4,4096,330,134,92.5916
4,4096,330,138,96.8437
4,4096,330,140,91.2073
4,4096,330,142,91.8865
4,4096,330,146,91.3338
4,4096,330,148,92.4758
4,4096,330,150,89.0173
4,4096,330,154,93.9623
4,4096,330,156,93.2382
4,4096,330,158,89.0845
4,4096,330,162,90.4394
4,4096,330,164,90.4059
4,4096,330,166,93.2267
4,4096,330,170,92.3813
4,4096,330,172,90.3286
4,4096,330,174,94.7914
4,4096,330,178,93.1301
4,4096,330,180,82.7277
4,4096,330,182,79.453
4,4096,330,186,94.3105
4,4096,330,188,91.3738
4,4096,330,190,92.6454
4,4096,330,194,91.224
4,4096,330,196,96.3143
4,4096,330,198,95.9287
4,4096,330,202,81.8802
4,4096,330,204,85.0614
4,4096,330,206,91.9781
4,4096,330,210,90.6744
4,4096,330,212,77.9118
4,4096,330,214,93.5031
4,4096,330,218,92.2518
4,4096,330,220,90.0339
4,4096,330,222,92.5543
4,4096,330,226,91.2436
4,4096,330,228,88.9678
4,4096,330,230,85.1798
4,4096,330,234,90.7438
4,4096,330,236,90.6206
4,4096,330,238,86.8873
4,4096,330,242,88.222
4,4096,330,244,87.604
4,4096,330,246,79.1069
4,4096,330,250,76.8793
4,4096,330,252,73.713
4,4096,330,254,89.2661
4,4096,330,258,90.8492
4,4096,330,260,77.4703
4,4096,330,262,86.3518
4,4096,330,266,85.6907
4,4096,330,268,82.9928
4,4096,330,270,74.2099
4,4096,330,274,77.591
4,4096,330,276,85.9604
4,4096,330,278,81.7612
4,4096,330,282,84.6582
4,4096,330,284,81.0286
4,4096,330,286,84.5711
4,4096,330,290,85.8345
4,4096,330,292,83.4321
4,4096,330,294,81.6552
4,4096,330,298,79.3045
4,4096,330,300,77.8631
4,4096,330,302,78.5435
4,4096,330,306,80.222
4,4096,330,308,82.0069
4,4096,330,310,78.062
4,4096,330,314,77.1751
4,4096,330,316,76.1196
4,4096,330,318,73.6374
4,4096,330,322,76.8808
4,4096,330,324,77.3391
4,4096,330,326,75.3399
4,4096,332,2,30.3948
4,4096,332,4,58.4734
4,4096,332,6,73.9833
4,4096,332,10,84.7929
4,4096,332,12,94.5772
4,4096,332,14,99.5358
4,4096,332,18,98.4238
4,4096,332,20,102.0424
4,4096,332,22,100.9798
4,4096,332,26,101.1296
4,4096,332,28,100.9181
4,4096,332,30,107.1588
4,4096,332,34,102.1539
4,4096,332,36,103.6609
4,4096,332,38,97.3847
4,4096,332,42,99.8906
4,4096,332,44,106.4697
4,4096,332,46,107.7597
4,4096,332,50,101.085
4,4096,332,52,105.7385
4,4096,332,54,102.9132
4,4096,332,58,93.5923
4,4096,332,60,99.8273
4,4096,332,62,98.1381
4,4096,332,66,85.2386
4,4096,332,68,100.4861
4,4096,332,70,82.5679
4,4096,332,74,94.1347
4,4096,332,76,93.9046
4,4096,332,78,95.8561
4,4096,332,82,86.8331
4,4096,332,84,103.1234
4,4096,332,86,91.8149
4,4096,332,90,103.548
4,4096,332,92,96.7413
4,4096,332,94,87.9216
4,4096,332,98,100.9626
4,4096,332,100,95.0095
4,4096,332,102,99.818
4,4096,332,106,96.6957
4,4096,332,108,88.721
4,4096,332,110,96.4353
4,4096,332,114,90.3453
4,4096,332,116,93.7162
4,4096,332,118,94.0661
4,4096,332,122,87.7001
4,4096,332,124,97.5724
4,4096,332,126,86.3676
4,4096,332,130,96.6005
4,4096,332,132,88.1411
4,4096,332,134,93.1837
4,4096,332,138,84.91
4,4096,332,140,91.5255
4,4096,332,142,80.645
4,4096,332,146,91.5099
4,4096,332,148,79.31
4,4096,332,150,91.6134
4,4096,332,154,85.0844
4,4096,332,156,92.0609
4,4096,332,158,80.6529
4,4096,332,162,86.454
4,4096,332,164,90.8276
4,4096,332,166,83.7121
4,4096,332,170,91.9583
4,4096,332,172,84.9384
4,4096,332,174,88.1648
4,4096,332,178,87.4497
4,4096,332,180,94.655
4,4096,332,182,79.6244
4,4096,332,186,93.2456
4,4096,332,188,84.4495
4,4096,332,190,96.8674
4,4096,332,194,88.8126
4,4096,332,196,78.4783
4,4096,332,198,86.9592
4,4096,332,202,81.5722
4,4096,332,204,81.6539
4,4096,332,206,85.7015
4,4096,332,210,93.4313
4,4096,332,212,90.6265
4,4096,332,214,89.7817
4,4096,332,218,93.2938
4,4096,332,220,92.0132
4,4096,332,222,84.6141
4,4096,332,226,92.0123
4,4096,332,228,93.7687
4,4096,332,230,89.1984
4,4096,332,234,88.8611
4,4096,332,236,86.2972
4,4096,332,238,87.735
4,4096,332,242,88.6553
4,4096,332,244,89.1513
4,4096,332,246,89.0955
4,4096,332,250,89.1542
4,4096,332,252,88.5739
4,4096,332,254,87.4919
4,4096,332,258,83.8835
4,4096,332,260,84.5992
4,4096,332,262,87.4187
4,4096,332,266,85.1462
4,4096,332,268,82.8348
4,4096,332,270,83.6301
4,4096,332,274,86.1217
4,4096,332,276,87.0782
4,4096,332,278,87.459
4,4096,332,282,82.3422
4,4096,332,284,81.1267
4,4096,332,286,80.3494
4,4096,332,290,79.1731
4,4096,332,292,80.0765
4,4096,332,294,82.7173
4,4096,332,298,82.806
4,4096,332,300,81.8293
4,4096,332,302,82.3441
4,4096,332,306,80.586
4,4096,332,308,80.255
4,4096,332,310,79.8085
4,4096,332,314,76.808
4,4096,332,316,76.9222
4,4096,332,318,76.6414
4,4096,332,322,78.9546
4,4096,332,324,77.8057
4,4096,332,326,77.1505
4,4096,332,330,75.0855
4,4096,334,2,31.1733
4,4096,334,4,54.2009
4,4096,334,6,74.348
4,4096,334,10,87.3532
4,4096,334,12,93.419
4,4096,334,14,96.7164
4,4096,334,18,101.6767
4,4096,334,20,103.5195
4,4096,334,22,107.6688
4,4096,334,26,98.2511
4,4096,334,28,89.5585
4,4096,334,30,86.7451
4,4096,334,34,111.7682
4,4096,334,36,103.9135
4,4096,334,38,112.096
4,4096,334,42,100.0758
4,4096,334,44,103.9888
4,4096,334,46,111.8461
4,4096,334,50,104.2802
4,4096,334,52,104.4546
4,4096,334,54,95.8686
4,4096,334,58,95.3888
4,4096,334,60,99.0426
4,4096,334,62,90.0009
4,4096,334,66,96.2607
4,4096,334,68,91.0583
4,4096,334,70,94.7264
4,4096,334,74,89.7147
4,4096,334,76,96.7704
4,4096,334,78,88.8522
4,4096,334,82,85.5257
4,4096,334,84,89.3263
4,4096,334,86,86.1628
4,4096,334,90,83.4805
4,4096,334,92,93.9835
4,4096,334,94,98.7339
4,4096,334,98,96.5239
4,4096,334,100,94.9886
4,4096,334,102,94.8155
4,4096,334,106,96.1102
4,4096,334,108,99.9191
4,4096,334,110,91.7586
4,4096,334,114,99.4379
4,4096,334,116,97.1335
4,4096,334,118,93.1094
4,4096,334,122,85.4266
4,4096,334,124,83.4759
4,4096,334,126,92.3253
4,4096,334,130,94.5507
4,4096,334,132,94.0561
4,4096,334,134,95.8514
4,4096,334,138,92.1368
4,4096,334,140,91.0848
4,4096,334,142,90.5994
4,4096,334,146,93.6906
4,4096,334,148,94.0713
4,4096,334,150,91.3744
4,4096,334,154,94.3346
4,4096,334,156,93.3348
4,4096,334,158,91.4956
4,4096,334,162,90.8169
4,4096,334,164,86.4433
4,4096,334,166,87.1312
4,4096,334,170,96.4765
4,4096,334,172,92.1942
4,4096,334,174,78.8309
4,4096,334,178,85.7818
4,4096,334,180,90.5325
4,4096,334,182,90.7109
4,4096,334,186,92.3163
4,4096,334,188,85.4352
4,4096,334,190,91.4895
4,4096,334,194,93.8388
4,4096,334,196,87.4423
4,4096,334,198,83.0806
4,4096,334,202,80.1496
4,4096,334,204,85.1487
4,4096,334,206,83.7821
4,4096,334,210,77.6197
4,4096,334,212,84.3324
4,4096,334,214,80.9451
4,4096,334,218,89.6878
4,4096,334,220,91.3553
4,4096,334,222,88.76
4,4096,334,226,88.2873
4,4096,334,228,90.7805
4,4096,334,230,89.2031
4,4096,334,234,90.9611
4,4096,334,236,88.6232
4,4096,334,238,91.8147
4,4096,334,242,89.4139
4,4096,334,244,85.9342
4,4096,334,246,82.5327
4,4096,334,250,87.6673
4,4096,334,252,87.4295
4,4096,334,254,85.0318
4,4096,334,258,88.2306
4,4096,334,260,89.0349
4,4096,334,262,89.5105
4,4096,334,266,84.4753
4,4096,334,268,83.2423
4,4096,334,270,81.9429
4,4096,334,274,84.5397
4,4096,334,276,73.9008
4,4096,334,278,84.7393
4,4096,334,282,84.2215
4,4096,334,284,83.7417
4,4096,334,286,84.2553
4,4096,334,290,81.4851
4,4096,334,292,82.6515
4,4096,334,294,84.3394
4,4096,334,298,80.3845
4,4096,334,300,78.0365
4,4096,334,302,82.5009
4,4096,334,306,78.3409
4,4096,334,308,79.591
4,4096,334,310,76.7386
4,4096,334,314,76.203
4,4096,334,316,77.9916
4,4096,334,318,74.6289
4,4096,334,322,77.436
4,4096,334,324,74.755
4,4096,334,326,77.3631
4,4096,334,330,77.3548
4,4096,334,332,76.9898
4,4096,338,2,30.719
4,4096,338,4,52.1013
4,4096,338,6,71.3241
4,4096,338,10,86.0512
4,4096,338,12,94.7523
4,4096,338,14,94.5861
4,4096,338,18,93.5594
4,4096,338,20,103.0935
4,4096,338,22,98.8479
4,4096,338,26,104.2897
4,4096,338,28,102.4408
4,4096,338,30,95.2786
4,4096,338,34,108.8602
4,4096,338,36,105.4905
4,4096,338,38,98.2703
4,4096,338,42,100.8876
4,4096,338,44,106.8758
4,4096,338,46,102.9586
4,4096,338,50,96.5371
4,4096,338,52,104.8508
4,4096,338,54,100.35
4,4096,338,58,83.7009
4,4096,338,60,101.9561
4,4096,338,62,91.4951
4,4096,338,66,93.8366
4,4096,338,68,90.7446
4,4096,338,70,97.2959
4,4096,338,74,92.2009
4,4096,338,76,96.2228
4,4096,338,78,90.8753
4,4096,338,82,91.0867
4,4096,338,84,91.5047
4,4096,338,86,97.1296
4,4096,338,90,97.8441
4,4096,338,92,95.6414
4,4096,338,94,98.9606
4,4096,338,98,96.2614
4,4096,338,100,86.7233
4,4096,338,102,92.779
4,4096,338,106,87.5591
4,4096,338,108,97.1813
4,4096,338,110,89.7324
4,4096,338,114,94.8753
4,4096,338,116,94.4122
4,4096,338,118,93.8295
4,4096,338,122,88.9492
4,4096,338,124,94.8801
4,4096,338,126,90.6028
4,4096,338,130,82.3414
4,4096,338,132,92.6023
4,4096,338,134,83.5836
4,4096,338,138,91.1363
4,4096,338,140,92.4124
4,4096,338,142,92.3607
4,4096,338,146,80.9914
4,4096,338,148,88.351
4,4096,338,150,90.0379
4,4096,338,154,80.4456
4,4096,338,156,85.9737
4,4096,338,158,78.3582
4,4096,338,162,86.4286
4,4096,338,164,90.4733
4,4096,338,166,84.4799
4,4096,338,170,90.237
4,4096,338,172,81.7299
4,4096,338,174,93.1465
4,4096,338,178,82.8483
4,4096,338,180,90.3857
4,4096,338,182,82.8354
4,4096,338,186,94.065
4,4096,338,188,82.6284
4,4096,338,190,90.9193
4,4096,338,194,85.6446
4,4096,338,196,90.9449
4,4096,338,198,89.305
4,4096,338,202,90.5152
4,4096,338,204,86.1234
4,4096,338,206,92.5808
4,4096,338,210,89.3351
4,4096,338,212,79.7028
4,4096,338,214,92.2058
4,4096,338,218,82.6367
4,4096,338,220,91.2928
4,4096,338,222,81.7172
4,4096,338,226,89.078
4,4096,338,228,80.4168
4,4096,338,230,91.0399
4,4096,338,234,79.85
4,4096,338,236,84.3785
4,4096,338,238,86.5508
4,4096,338,242,77.0118
4,4096,338,244,72.5679
4,4096,338,246,79.4806
4,4096,338,250,83.4399
4,4096,338,252,79.7708
4,4096,338,254,88.8444
4,4096,338,258,85.8395
4,4096,338,260,85.9625
4,4096,338,262,84.2406
4,4096,338,266,85.953
4,4096,338,268,82.8387
4,4096,338,270,83.8835
4,4096,338,274,85.5401
4,4096,338,276,83.9106
4,4096,338,278,82.8306
4,4096,338,282,86.2313
4,4096,338,284,82.7791
4,4096,338,286,83.5522
4,4096,338,290,82.8169
4,4096,338,292,84.1302
4,4096,338,294,81.1464
4,4096,338,298,77.4478
4,4096,338,300,78.5967
4,4096,338,302,77.849
4,4096,338,306,74.2748
4,4096,338,308,78.0911
4,4096,338,310,79.8135
4,4096,338,314,79.2959
4,4096,338,316,76.8773
4,4096,338,318,79.1549
4,4096,338,322,78.1705
4,4096,338,324,77.8003
4,4096,338,326,75.8749
4,4096,338,330,78.6134
4,4096,338,332,75.7269
4,4096,338,334,75.3646
4,4096,340,2,30.6568
4,4096,340,4,55.3483
4,4096,340,6,71.9709
4,4096,340,10,82.5135
4,4096,340,12,94.0207
4,4096,340,14,95.6212
4,4096,340,18,97.6291
4,4096,340,20,100.6322
4,4096,340,22,105.2524
4,4096,340,26,103.1358
4,4096,340,28,104.2531
4,4096,340,30,103.5136
4,4096,340,34,104.6874
4,4096,340,36,98.7619
4,4096,340,38,98.8283
4,4096,340,42,103.6314
4,4096,340,44,102.9664
4,4096,340,46,101.666
4,4096,340,50,92.3218
4,4096,340,52,98.0966
4,4096,340,54,96.3115
4,4096,340,58,84.595
4,4096,340,60,94.6923
4,4096,340,62,97.1583
4,4096,340,66,95.0392
4,4096,340,68,83.8006
4,4096,340,70,94.8135
4,4096,340,74,84.7416
4,4096,340,76,95.3111
4,4096,340,78,90.522
4,4096,340,82,85.0628
4,4096,340,84,97.5719
4,4096,340,86,82.7232
4,4096,340,90,83.6069
4,4096,340,92,97.0777
4,4096,340,94,97.7765
4,4096,340,98,96.0514
4,4096,340,100,81.4094
4,4096,340,102,90.8689
4,4096,340,106,95.8294
4,4096,340,108,95.8393
4,4096,340,110,96.5011
4,4096,340,114,95.2034
4,4096,340,116,92.8328
4,4096,340,118,83.8102
4,4096,340,122,88.1939
4,4096,340,124,85.5746
4,4096,340,126,95.4033
4,4096,340,130,84.9538
4,4096,340,132,95.4537
4,4096,340,134,96.5095
4,4096,340,138,81.2178
4,4096,340,140,77.7489
4,4096,340,142,91.8872
4,4096,340,146,91.6318
4,4096,340,148,91.9034
4,4096,340,150,91.6235
4,4096,340,154,86.0455
4,4096,340,156,91.081
4,4096,340,158,90.5246
4,4096,340,162,86.7172
4,4096,340,164,91.1941
4,4096,340,166,89.3513
4,4096,340,170,88.7422
4,4096,340,172,92.8368
4,4096,340,174,92.5566
4,4096,340,178,91.139
4,4096,340,180,93.3574
4,4096,340,182,86.3899
4,4096,340,186,92.0638
4,4096,340,188,86.8497
4,4096,340,190,81.7054
4,4096,340,194,79.3534
4,4096,340,196,94.6545
4,4096,340,198,91.7858
4,4096,340,202,91.2648
4,4096,340,204,89.307
4,4096,340,206,78.9154
4,4096,340,210,91.2496
4,4096,340,212,89.492
4,4096,340,214,92.4195
4,4096,340,218,91.1351
4,4096,340,220,89.9573
4,4096,340,222,87.8724
4,4096,340,226,83.2479
4,4096,340,228,92.7591
4,4096,340,230,88.962
4,4096,340,234,80.8547
4,4096,340,236,89.2958
4,4096,340,238,86.9969
4,4096,340,242,90.7011
4,4096,340,244,87.0612
4,4096,340,246,85.2502
4,4096,340,250,83.0733
4,4096,340,252,85.98
4,4096,340,254,84.2005
4,4096,340,258,85.4889
4,4096,340,260,84.4332
4,4096,340,262,83.7733
4,4096,340,266,85.0669
4,4096,340,268,86.301
4,4096,340,270,84.9822
4,4096,340,274,82.5916
4,4096,340,276,80.2799
4,4096,340,278,79.561
4,4096,340,282,80.2422
4,4096,340,284,83.1242
4,4096,340,286,82.0408
4,4096,340,290,83.9335
4,4096,340,292,80.517
4,4096,340,294,82.1572
4,4096,340,298,77.4528
4,4096,340,300,79.8878
4,4096,340,302,80.2316
4,4096,340,306,80.3108
4,4096,340,308,78.6284
4,4096,340,310,81.4808
4,4096,340,314,78.1321
4,4096,340,316,76.1773
4,4096,340,318,72.3804
4,4096,340,322,79.6517
4,4096,340,324,76.5933
4,4096,340,326,73.0249
4,4096,340,330,77.0404
4,4096,340,332,75.1095
4,4096,340,334,72.4404
4,4096,340,338,72.1953
4,4096,342,2,32.1482
4,4096,342,4,56.6809
4,4096,342,6,76.3761
4,4096,342,10,87.3185
4,4096,342,12,96.6365
4,4096,342,14,97.3095
4,4096,342,18,98.1601
4,4096,342,20,102.2705
4,4096,342,22,85.6214
4,4096,342,26,86.899
4,4096,342,28,88.5119
4,4096,342,30,107.1204
4,4096,342,34,93.7839
4,4096,342,36,96.7813
4,4096,342,38,101.8574
4,4096,342,42,101.9872
4,4096,342,44,106.702
4,4096,342,46,108.9702
4,4096,342,50,101.2048
4,4096,342,52,108.439
4,4096,342,54,101.3487
4,4096,342,58,93.1266
4,4096,342,60,85.4576
4,4096,342,62,98.1487
4,4096,342,66,88.8526
4,4096,342,68,96.3793
4,4096,342,70,85.5426
4,4096,342,74,98.2044
4,4096,342,76,87.6416
4,4096,342,78,95.4555
4,4096,342,82,87.0816
4,4096,342,84,96.1199
4,4096,342,86,92.3943
4,4096,342,90,98.2084
4,4096,342,92,98.6415
4,4096,342,94,85.2071
4,4096,342,98,100.7507
4,4096,342,100,89.6622
4,4096,342,102,96.0581
4,4096,342,106,85.4728
4,4096,342,108,94.7719
4,4096,342,110,87.346
4,4096,342,114,95.3216
4,4096,342,116,97.5704
4,4096,342,118,85.6577
4,4096,342,122,96.3673
4,4096,342,124,90.2458
4,4096,342,126,91.8056
4,4096,342,130,88.5905
4,4096,342,132,93.9038
4,4096,342,134,92.0452
4,4096,342,138,93.9641
4,4096,342,140,92.0282
4,4096,342,142,95.487
4,4096,342,146,87.9806
4,4096,342,148,92.9969
4,4096,342,150,87.5707
4,4096,342,154,90.0186
4,4096,342,156,82.3537
4,4096,342,158,94.9652
4,4096,342,162,85.6398
4,4096,342,164,93.3638
4,4096,342,166,89.3835
4,4096,342,170,91.2802
4,4096,342,172,91.8988
4,4096,342,174,92.6432
4,4096,342,178,92.2323
4,4096,342,180,89.2912
4,4096,342,182,87.0415
4,4096,342,186,87.5544
4,4096,342,188,92.412
4,4096,342,190,88.441
4,4096,342,194,94.6022
4,4096,342,196,88.9232
4,4096,342,198,83.1441
4,4096,342,202,93.5497
4,4096,342,204,85.4996
4,4096,342,206,88.9895
4,4096,342,210,87.6559
4,4096,342,212,92.4542
4,4096,342,214,92.5107
4,4096,342,218,78.7394
4,4096,342,220,92.1073
4,4096,342,222,81.737
4,4096,342,226,87.3963
4,4096,342,228,79.6972
4,4096,342,230,91.3745
4,4096,342,234,83.3445
4,4096,342,236,88.2791
4,4096,342,238,81.1493
4,4096,342,242,90.5029
4,4096,342,244,81.262
4,4096,342,246,88.1466
4,4096,342,250,79.5004
4,4096,342,252,85.7848
4,4096,342,254,83.1999
4,4096,342,258,74.6156
4,4096,342,260,85.7436
4,4096,342,262,76.2206
4,4096,342,266,80.964
4,4096,342,268,82.2307
4,4096,342,270,76.2437
4,4096,342,274,77.7049
4,4096,342,276,86.2667
4,4096,342,278,75.8684
4,4096,342,282,84.2815
4,4096,342,284,84.7215
4,4096,342,286,82.8603
4,4096,342,290,83.2129
4,4096,342,292,76.7508
4,4096,342,294,81.3464
4,4096,342,298,83.443
4,4096,342,300,80.4015
4,4096,342,302,84.678
4,4096,342,306,82.5902
4,4096,342,308,81.1165
4,4096,342,310,81.546
4,4096,342,314,80.7505
4,4096,342,316,79.0359
4,4096,342,318,78.4994
4,4096,342,322,78.8359
4,4096,342,324,79.8098
4,4096,342,326,79.596
4,4096,342,330,78.4463
4,4096,342,332,78.0602
4,4096,342,334,74.4908
4,4096,342,338,75.9047
4,4096,342,340,73.554
4,4096,346,2,32.0891
4,4096,346,4,55.5033
4,4096,346,6,75.1291
4,4096,346,10,85.8204
4,4096,346,12,99.0292
4,4096,346,14,97.0897
4,4096,346,18,103.1127
4,4096,346,20,101.6226
4,4096,346,22,84.2422
4,4096,346,26,101.9855
4,4096,346,28,95.5965
4,4096,346,30,93.8239
4,4096,346,34,108.5115
4,4096,346,36,105.7029
4,4096,346,38,103.483
4,4096,346,42,102.5315
4,4096,346,44,99.0267
4,4096,346,46,108.9897
4,4096,346,50,104.8685
4,4096,346,52,102.2316
4,4096,346,54,100.6802
4,4096,346,58,86.952
4,4096,346,60,84.8102
4,4096,346,62,96.514
4,4096,346,66,97.4231
4,4096,346,68,99.5076
4,4096,346,70,94.2146
4,4096,346,74,92.3699
4,4096,346,76,86.6416
4,4096,346,78,99.3711
4,4096,346,82,98.2204
4,4096,346,84,98.0132
4,4096,346,86,94.588
4,4096,346,90,101.0332
4,4096,346,92,94.1236
4,4096,346,94,95.169
4,4096,346,98,98.7963
4,4096,346,100,89.4117
4,4096,346,102,85.2603
4,4096,346,106,84.0347
4,4096,346,108,88.1307
4,4096,346,110,80.3563
4,4096,346,114,82.2964
4,4096,346,116,89.1773
4,4096,346,118,87.6854
4,4096,346,122,81.4864
4,4096,346,124,89.4806
4,4096,346,126,84.1864
4,4096,346,130,81.4907
4,4096,346,132,85.6422
4,4096,346,134,84.1669
4,4096,346,138,84.8433
4,4096,346,140,94.2149
4,4096,346,142,96.3325
4,4096,346,146,94.1513
4,4096,346,148,96.4758
4,4096,346,150,89.3558
4,4096,346,154,91.4153
4,4096,346,156,95.7927
4,4096,346,158,92.6604
4,4096,346,162,92.5535
4,4096,346,164,92.2641
4,4096,346,166,93.5048
4,4096,346,170,90.908
4,4096,346,172,89.6777
4,4096,346,174,93.0211
4,4096,346,178,94.0826
4,4096,346,180,95.7217
4,4096,346,182,94.6059
4,4096,346,186,95.3799
4,4096,346,188,87.6479
4,4096,346,190,92.7136
4,4096,346,194,83.5094
4,4096,346,196,95.1835
4,4096,346,198,95.2771
4,4096,346,202,84.3141
4,4096,346,204,81.7525
4,4096,346,206,88.1235
4,4096,346,210,89.3048
4,4096,346,212,93.898
4,4096,346,214,84.8413
4,4096,346,218,86.4991
4,4096,346,220,91.9947
4,4096,346,222,94.1877
4,4096,346,226,89.4673
4,4096,346,228,87.5813
4,4096,346,230,91.3938
4,4096,346,234,91.4305
4,4096,346,236,93.9097
4,4096,346,238,90.3529
4,4096,346,242,91.3021
4,4096,346,244,88.1955
4,4096,346,246,93.2371
4,4096,346,250,84.4555
4,4096,346,252,88.2866
4,4096,346,254,89.8157
4,4096,346,258,89.2003
4,4096,346,260,78.1094
4,4096,346,262,76.5119
4,4096,346,266,86.1042
4,4096,346,268,85.5461
4,4096,346,270,86.3755
4,4096,346,274,84.2151
4,4096,346,276,83.0829
4,4096,346,278,85.6595
4,4096,346,282,82.3979
4,4096,346,284,85.4212
4,4096,346,286,85.604
4,4096,346,290,84.0889
4,4096,346,292,81.7675
4,4096,346,294,85.0559
4,4096,346,298,84.1549
4,4096,346,300,83.0617
4,4096,346,302,80.239
4,4096,346,306,82.5249
4,4096,346,308,84.1053
4,4096,346,310,82.0359
4,4096,346,314,80.07
4,4096,346,316,83.3487
4,4096,346,318,83.4795
4,4096,346,322,77.9125
4,4096,346,324,78.8882
4,4096,346,326,78.3889
4,4096,346,330,78.1313
4,4096,346,332,77.4538
4,4096,346,334,77.534
4,4096,346,338,78.3246
4,4096,346,340,76.2438
4,4096,346,342,72.5116
4,4096,348,2,32.3014
4,4096,348,4,51.472
4,4096,348,6,59.1182
4,4096,348,10,84.325
4,4096,348,12,97.5268
4,4096,348,14,101.7523
4,4096,348,18,88.81
4,4096,348,20,87.4932
4,4096,348,22,103.5481
4,4096,348,26,95.9067
4,4096,348,28,86.863
4,4096,348,30,70.267
4,4096,348,34,96.3218
4,4096,348,36,104.5645
4,4096,348,38,88.8137
4,4096,348,42,92.855
4,4096,348,44,110.1122
4,4096,348,46,97.7112
4,4096,348,50,98.7092
4,4096,348,52,103.6112
4,4096,348,54,104.2254
4,4096,348,58,93.9789
4,4096,348,60,87.4619
4,4096,348,62,95.4867
4,4096,348,66,96.7293
4,4096,348,68,92.4988
4,4096,348,70,96.965
4,4096,348,74,92.1411
4,4096,348,76,86.8856
4,4096,348,78,83.5305
4,4096,348,82,99.5969
4,4096,348,84,97.9626
4,4096,348,86,90.9969
4,4096,348,90,91.8171
4,4096,348,92,91.8144
4,4096,348,94,87.5713
4,4096,348,98,82.0193
4,4096,348,100,100.196
4,4096,348,102,101.4741
4,4096,348,106,81.6373
4,4096,348,108,96.5749
4,4096,348,110,91.2258
4,4096,348,114,83.3369
4,4096,348,116,97.945
4,4096,348,118,100.3592
4,4096,348,122,97.7826
4,4096,348,124,94.5389
4,4096,348,126,85.6704
4,4096,348,130,89.3957
4,4096,348,132,85.3873
4,4096,348,134,95.0138
4,4096,348,138,95.2665
4,4096,348,140,94.8367
4,4096,348,142,92.9701
4,4096,348,146,91.6152
4,4096,348,148,93.552
4,4096,348,150,82.1239
4,4096,348,154,91.8076
4,4096,348,156,93.0916
4,4096,348,158,96.6516
4,4096,348,162,93.6128
4,4096,348,164,85.3968
4,4096,348,166,90.9393
4,4096,348,170,89.782
4,4096,348,172,87.3519
4,4096,348,174,93.1425
4,4096,348,178,88.6816
4,4096,348,180,92.7138
4,4096,348,182,93.9157
4,4096,348,186,91.1632
4,4096,348,188,92.4855
4,4096,348,190,87.2362
4,4096,348,194,88.6917
4,4096,348,196,86.2242
4,4096,348,198,83.3951
4,4096,348,202,93.2332
4,4096,348,204,81.1983
4,4096,348,206,82.3051
4,4096,348,210,79.4953
4,4096,348,212,84.1466
4,4096,348,214,86.3823
4,4096,348,218,81.0124
4,4096,348,220,95.1616
4,4096,348,222,89.2502
4,4096,348,226,82.262
4,4096,348,228,86.6881
4,4096,348,230,82.731
4,4096,348,234,79.4294
4,4096,348,236,89.5612
4,4096,348,238,88.6567
4,4096,348,242,78.3772
4,4096,348,244,79.5505
4,4096,348,246,90.01
4,4096,348,250,90.2353
4,4096,348,252,87.9564
4,4096,348,254,90.3969
4,4096,348,258,88.5085
4,4096,348,260,88.7495
4,4096,348,262,91.4719
4,4096,348,266,84.0954
4,4096,348,268,86.0468
4,4096,348,270,86.3217
4,4096,348,274,76.3193
4,4096,348,276,87.2229
4,4096,348,278,87.78
4,4096,348,282,83.7998
4,4096,348,284,85.6273
4,4096,348,286,83.4861
4,4096,348,290,83.4171
4,4096,348,292,84.8669
4,4096,348,294,71.8314
4,4096,348,298,82.3412
4,4096,348,300,85.4009
4,4096,348,302,81.8227
4,4096,348,306,78.6476
4,4096,348,308,80.6894
4,4096,348,310,80.4529
4,4096,348,314,80.5097
4,4096,348,316,77.9587
4,4096,348,318,78.3727
4,4096,348,322,79.0771
4,4096,348,324,78.6211
4,4096,348,326,79.664
4,4096,348,330,75.7974
4,4096,348,332,76.8124
4,4096,348,334,74.8536
4,4096,348,338,73.5456
4,4096,348,340,73.6403
4,4096,348,342,75.5531
4,4096,348,346,73.8592
4,4096,350,2,32.1411
4,4096,350,4,60.221
4,4096,350,6,72.2155
4,4096,350,10,89.3153
4,4096,350,12,98.1216
4,4096,350,14,96.8377
4,4096,350,18,96.3593
4,4096,350,20,102.3611
4,4096,350,22,106.0128
4,4096,350,26,101.531
4,4096,350,28,98.6785
4,4096,350,30,91.914
4,4096,350,34,101.2652
4,4096,350,36,99.7985
4,4096,350,38,100.5355
4,4096,350,42,98.8904
4,4096,350,44,107.616
4,4096,350,46,104.8118
4,4096,350,50,103.6481
4,4096,350,52,102.0696
4,4096,350,54,106.1216
4,4096,350,58,95.4276
4,4096,350,60,97.4106
4,4096,350,62,96.755
4,4096,350,66,96.766
4,4096,350,68,92.244
4,4096,350,70,94.2216
4,4096,350,74,98.9749
4,4096,350,76,100.218
4,4096,350,78,95.0441
4,4096,350,82,94.7264
4,4096,350,84,95.2424
4,4096,350,86,97.5218
4,4096,350,90,91.5177
4,4096,350,92,97.6074
4,4096,350,94,102.9445
4,4096,350,98,96.7398
4,4096,350,100,88.3472
4,4096,350,102,97.7912
4,4096,350,106,85.7836
4,4096,350,108,90.962
4,4096,350,110,97.7908
4,4096,350,114,95.7974
4,4096,350,116,94.4164
4,4096,350,118,99.524
4,4096,350,122,98.759
4,4096,350,124,95.1422
4,4096,350,126,92.221
4,4096,350,130,89.8878
4,4096,350,132,85.2177
4,4096,350,134,87.6918
4,4096,350,138,82.8918
4,4096,350,140,96.4702
4,4096,350,142,94.4616
4,4096,350,146,92.4751
4,4096,350,148,93.2736
4,4096,350,150,96.2514
4,4096,350,154,93.4678
4,4096,350,156,93.3004
4,4096,350,158,92.6788
4,4096,350,162,92.0647
4,4096,350,164,95.7699
4,4096,350,166,86.3487
4,4096,350,170,88.9463
4,4096,350,172,87.0439
4,4096,350,174,92.3813
4,4096,350,178,94.7469
4,4096,350,180,95.4311
4,4096,350,182,91.3837
4,4096,350,186,92.3511
4,4096,350,188,88.3956
4,4096,350,190,90.1271
4,4096,350,194,84.5484
4,4096,350,196,81.8224
4,4096,350,198,84.6009
4,4096,350,202,80.9371
4,4096,350,204,78.6397
4,4096,350,206,82.6198
4,4096,350,210,90.9812
4,4096,350,212,85.1947
4,4096,350,214,86.0295
4,4096,350,218,82.3705
4,4096,350,220,82.1183
4,4096,350,222,89.9673
4,4096,350,226,76.977
4,4096,350,228,86.1962
4,4096,350,230,83.2293
4,4096,350,234,80.0313
4,4096,350,236,82.7694
4,4096,350,238,80.4798
4,4096,350,242,91.1895
4,4096,350,244,90.7073
4,4096,350,246,77.1562
4,4096,350,250,84.322
4,4096,350,252,77.4081
4,4096,350,254,88.819
4,4096,350,258,85.4244
4,4096,350,260,86.0859
4,4096,350,262,87.8494
4,4096,350,266,87.3997
4,4096,350,268,86.5911
4,4096,350,270,83.1562
4,4096,350,274,82.6723
4,4096,350,276,84.4265
4,4096,350,278,87.1351
4,4096,350,282,86.3224
4,4096,350,284,83.4216
4,4096,350,286,85.0403
4,4096,350,290,84.336
4,4096,350,292,85.8351
4,4096,350,294,83.3658
4,4096,350,298,84.9298
4,4096,350,300,80.5887
4,4096,350,302,79.9713
4,4096,350,306,80.5336
4,4096,350,308,80.4388
4,4096,350,310,79.9477
4,4096,350,314,80.8695
4,4096,350,316,80.168
4,4096,350,318,81.0777
4,4096,350,322,80.5538
4,4096,350,324,80.077
4,4096,350,326,78.9326
4,4096,350,330,78.1378
4,4096,350,332,80.3579
4,4096,350,334,78.1815
4,4096,350,338,74.469
4,4096,350,340,75.8923
4,4096,350,342,73.9458
4,4096,350,346,76.4252
4,4096,350,348,73.3438
4,4096,354,2,30.2913
4,4096,354,4,61.6527
4,4096,354,6,69.0525
4,4096,354,10,86.0222
4,4096,354,12,100.3495
4,4096,354,14,97.2561
4,4096,354,18,100.3203
4,4096,354,20,104.9114
4,4096,354,22,93.6515
4,4096,354,26,101.1411
4,4096,354,28,102.9605
4,4096,354,30,103.5804
4,4096,354,34,102.0569
4,4096,354,36,108.0493
4,4096,354,38,110.5572
4,4096,354,42,92.974
4,4096,354,44,107.2897
4,4096,354,46,107.4194
4,4096,354,50,101.592
4,4096,354,52,98.657
4,4096,354,54,104.8177
4,4096,354,58,91.3039
4,4096,354,60,86.322
4,4096,354,62,99.8142
4,4096,354,66,95.1289
4,4096,354,68,84.2653
4,4096,354,70,91.3158
4,4096,354,74,85.653
4,4096,354,76,93.355
4,4096,354,78,83.9592
4,4096,354,82,94.9407
4,4096,354,84,80.5117
4,4096,354,86,87.5244
4,4096,354,90,84.9156
4,4096,354,92,95.2947
4,4096,354,94,85.1025
4,4096,354,98,97.3063
4,4096,354,100,91.0644
4,4096,354,102,95.8281
4,4096,354,106,90.8161
4,4096,354,108,82.0109
4,4096,354,110,98.1215
4,4096,354,114,92.9999
4,4096,354,116,79.88
4,4096,354,118,85.1771
4,4096,354,122,100.5696
4,4096,354,124,99.1143
4,4096,354,126,101.3225
4,4096,354,130,92.9666
4,4096,354,132,94.1667
4,4096,354,134,98.3553
4,4096,354,138,95.505
4,4096,354,140,96.5122
4,4096,354,142,93.2286
4,4096,354,146,93.8635
4,4096,354,148,89.7609
4,4096,354,150,94.4039
4,4096,354,154,93.7443
4,4096,354,156,93.476
4,4096,354,158,95.4444
4,4096,354,162,93.3148
4,4096,354,164,93.8675
4,4096,354,166,79.2273
4,4096,354,170,87.4767
4,4096,354,172,94.1478
4,4096,354,174,91.7583
4,4096,354,178,94.22
4,4096,354,180,97.0898
4,4096,354,182,89.9551
4,4096,354,186,93.0077
4,4096,354,188,79.3777
4,4096,354,190,79.6442
4,4096,354,194,86.5149
4,4096,354,196,82.3814
4,4096,354,198,94.7608
4,4096,354,202,87.5515
4,4096,354,204,83.2599
4,4096,354,206,80.0715
4,4096,354,210,87.4692
4,4096,354,212,84.4198
4,4096,354,214,86.2211
4,4096,354,218,94.8146
4,4096,354,220,90.8087
4,4096,354,222,92.3028
4,4096,354,226,90.8157
4,4096,354,228,89.4899
4,4096,354,230,91.3436
4,4096,354,234,92.5501
4,4096,354,236,84.3031
4,4096,354,238,89.198
4,4096,354,242,89.305
4,4096,354,244,88.9389
4,4096,354,246,87.4722
4,4096,354,250,85.7296
4,4096,354,252,89.0949
4,4096,354,254,88.6162
4,4096,354,258,88.1377
4,4096,354,260,84.5292
4,4096,354,262,89.786
4,4096,354,266,88.8388
4,4096,354,268,85.6727
4,4096,354,270,84.7881
4,4096,354,274,85.6094
4,4096,354,276,86.5037
4,4096,354,278,86.9156
4,4096,354,282,84.5995
4,4096,354,284,84.7441
4,4096,354,286,84.8858
4,4096,354,290,81.3629
4,4096,354,292,84.2674
4,4096,354,294,83.4447
4,4096,354,298,80.4615
4,4096,354,300,78.4949
4,4096,354,302,80.9882
4,4096,354,306,86.3811
4,4096,354,308,84.1316
4,4096,354,310,81.4687
4,4096,354,314,82.1239
4,4096,354,316,80.6454
4,4096,354,318,80.2721
4,4096,354,322,81.1313
4,4096,354,324,81.7288
4,4096,354,326,80.3903
4,4096,354,330,79.4754
4,4096,354,332,80.0261
4,4096,354,334,77.5181
4,4096,354,338,75.5572
4,4096,354,340,72.6853
4,4096,354,342,72.795
4,4096,354,346,74.8426
4,4096,354,348,72.5811
4,4096,354,350,72.5762
4,4096,356,2,31.0012
4,4096,356,4,57.5966
4,4096,356,6,74.0513
4,4096,356,10,86.0792
4,4096,356,12,95.428
4,4096,356,14,97.4267
4,4096,356,18,97.8494
4,4096,356,20,107.2426
4,4096,356,22,85.6598
4,4096,356,26,83.2828
4,4096,356,28,102.9781
4,4096,356,30,97.5339
4,4096,356,34,99.8279
4,4096,356,36,104.743
4,4096,356,38,105.1053
4,4096,356,42,109.7927
4,4096,356,44,111.3325
4,4096,356,46,105.255
4,4096,356,50,91.3941
4,4096,356,52,110.7168
4,4096,356,54,100.2585
4,4096,356,58,97.3767
4,4096,356,60,99.9632
4,4096,356,62,86.1929
4,4096,356,66,93.7055
4,4096,356,68,88.991
4,4096,356,70,99.0394
4,4096,356,74,86.8648
4,4096,356,76,97.3498
4,4096,356,78,89.1609
4,4096,356,82,96.9978
4,4096,356,84,94.962
4,4096,356,86,87.7273
4,4096,356,90,92.609
4,4096,356,92,86.6069
4,4096,356,94,96.5524
4,4096,356,98,88.6164
4,4096,356,100,94.1085
4,4096,356,102,88.4229
4,4096,356,106,97.3318
4,4096,356,108,96.1187
4,4096,356,110,91.6192
4,4096,356,114,97.9053
4,4096,356,116,94.8596
4,4096,356,118,84.5045
4,4096,356,122,93.8807
4,4096,356,124,89.669
4,4096,356,126,95.2564
4,4096,356,130,88.9871
4,4096,356,132,93.4575
4,4096,356,134,95.3247
4,4096,356,138,87.877
4,4096,356,140,93.8706
4,4096,356,142,87.4778
4,4096,356,146,91.8687
4,4096,356,148,81.9806
4,4096,356,150,89.5708
4,4096,356,154,87.7269
4,4096,356,156,94.0985
4,4096,356,158,89.7917
4,4096,356,162,95.2602
4,4096,356,164,89.6402
4,4096,356,166,90.7214
4,4096,356,170,86.1276
4,4096,356,172,88.603
4,4096,356,174,83.9226
4,4096,356,178,92.7231
4,4096,356,180,87.361
4,4096,356,182,90.1396
4,4096,356,186,91.7323
4,4096,356,188,90.3463
4,4096,356,190,94.6809
4,4096,356,194,74.3975
4,4096,356,196,88.6017
4,4096,356,198,82.1924
4,4096,356,202,91.3101
4,4096,356,204,89.2118
4,4096,356,206,81.587
4,4096,356,210,92.9799
4,4096,356,212,83.1943
4,4096,356,214,91.0473
4,4096,356,218,83.7141
4,4096,356,220,89.1847
4,4096,356,222,87.0286
4,4096,356,226,92.6476
4,4096,356,228,87.2849
4,4096,356,230,81.3011
4,4096,356,234,89.1078
4,4096,356,236,80.3253
4,4096,356,238,86.8485
4,4096,356,242,81.1825
4,4096,356,244,85.0026
4,4096,356,246,78.3369
4,4096,356,250,82.6267
4,4096,356,252,79.5691
4,4096,356,254,84.4241
4,4096,356,258,85.1776
4,4096,356,260,86.2943
4,4096,356,262,76.5116
4,4096,356,266,83.2358
4,4096,356,268,85.1974
4,4096,356,270,76.1946
4,4096,356,274,75.9984
4,4096,356,276,84.1166
4,4096,356,278,86.7038
4,4096,356,282,84.5643
4,4096,356,284,86.4441
4,4096,356,286,80.6805
4,4096,356,290,83.6911
4,4096,356,292,81.4185
4,4096,356,294,83.7219
4,4096,356,298,82.3244
4,4096,356,300,84.6347
4,4096,356,302,82.7017
4,4096,356,306,80.1361
4,4096,356,308,77.6488
4,4096,356,310,78.5173
4,4096,356,314,80.3541
4,4096,356,316,81.7889
4,4096,356,318,80.8537
4,4096,356,322,81.5318
4,4096,356,324,79.6283
4,4096,356,326,81.4953
4,4096,356,330,77.5714
4,4096,356,332,76.2206
4,4096,356,334,76.6345
4,4096,356,338,76.3678
4,4096,356,340,78.9631
4,4096,356,342,76.1753
4,4096,356,346,75.8823
4,4096,356,348,76.0596
4,4096,356,350,75.2438
4,4096,356,354,72.8281
4,4096,358,2,31.0071
4,4096,358,4,61.4344
4,4096,358,6,71.6894
4,4096,358,10,86.4817
4,4096,358,12,96.1813
4,4096,358,14,96.45
4,4096,358,18,100.1274
4,4096,358,20,108.5539
4,4096,358,22,101.2402
4,4096,358,26,102.6763
4,4096,358,28,101.0853
4,4096,358,30,98.3961
4,4096,358,34,91.1091
4,4096,358,36,107.3135
4,4096,358,38,104.2468
4,4096,358,42,100.4099
4,4096,358,44,98.4033
4,4096,358,46,108.0225
4,4096,358,50,102.3855
4,4096,358,52,100.9335
4,4096,358,54,97.8468
4,4096,358,58,88.7636
4,4096,358,60,76.4897
4,4096,358,62,92.291
4,4096,358,66,97.5056
4,4096,358,68,100.0948
4,4096,358,70,97.0346
4,4096,358,74,100.0125
4,4096,358,76,100.0965
4,4096,358,78,94.3161
4,4096,358,82,99.5501
4,4096,358,84,85.7786
4,4096,358,86,87.8896
4,4096,358,90,100.9354
4,4096,358,92,100.1144
4,4096,358,94,92.9547
4,4096,358,98,82.1121
4,4096,358,100,80.7012
4,4096,358,102,92.83
4,4096,358,106,88.9791
4,4096,358,108,83.5515
4,4096,358,110,98.0308
4,4096,358,114,96.7096
4,4096,358,116,82.8313
4,4096,358,118,88.3143
4,4096,358,122,88.4658
4,4096,358,124,85.7381
4,4096,358,126,91.7891
4,4096,358,130,95.2493
4,4096,358,132,96.1037
4,4096,358,134,84.7457
4,4096,358,138,88.9698
4,4096,358,140,97.9337
4,4096,358,142,93.5827
4,4096,358,146,94.213
4,4096,358,148,96.8139
4,4096,358,150,94.4028
4,4096,358,154,82.1695
4,4096,358,156,81.4534
4,4096,358,158,90.3734
4,4096,358,162,89.6499
4,4096,358,164,82.824
4,4096,358,166,83.5659
4,4096,358,170,80.1071
4,4096,358,172,82.6292
4,4096,358,174,82.7582
4,4096,358,178,78.1969
4,4096,358,180,89.3592
4,4096,358,182,79.6514
4,4096,358,186,87.8892
4,4096,358,188,85.9225
4,4096,358,190,83.0066
4,4096,358,194,84.0864
4,4096,358,196,86.0979
4,4096,358,198,82.2758
4,4096,358,202,74.6099
4,4096,358,204,87.6642
4,4096,358,206,91.8425
4,4096,358,210,81.4293
4,4096,358,212,84.0642
4,4096,358,214,94.3461
4,4096,358,218,81.9352
4,4096,358,220,82.6465
4,4096,358,222,83.7986
4,4096,358,226,95.1294
4,4096,358,228,90.806
4,4096,358,230,90.6814
4,4096,358,234,88.7022
4,4096,358,236,92.2732
4,4096,358,238,84.8425
4,4096,358,242,88.375
4,4096,358,244,88.5904
4,4096,358,246,78.4157
4,4096,358,250,79.7349
4,4096,358,252,90.1772
4,4096,358,254,89.2457
4,4096,358,258,86.8948
4,4096,358,260,83.8682
4,4096,358,262,85.2124
4,4096,358,266,86.9295
4,4096,358,268,87.5066
4,4096,358,270,87.7537
4,4096,358,274,85.7692
4,4096,358,276,85.7041
4,4096,358,278,88.9036
4,4096,358,282,87.8213
4,4096,358,284,83.8675
4,4096,358,286,80.3271
4,4096,358,290,81.3083
4,4096,358,292,80.0807
4,4096,358,294,84.2604
4,4096,358,298,83.2284
4,4096,358,300,82.8885
4,4096,358,302,84.2567
4,4096,358,306,78.9887
4,4096,358,308,82.7776
4,4096,358,310,79.3117
4,4096,358,314,80.1802
4,4096,358,316,80.1545
4,4096,358,318,77.5882
4,4096,358,322,77.6117
4,4096,358,324,76.0127
4,4096,358,326,80.1723
4,4096,358,330,79.924
4,4096,358,332,77.9508
4,4096,358,334,78.2512
4,4096,358,338,76.0815
4,4096,358,340,76.86
4,4096,358,342,75.2738
4,4096,358,346,77.3301
4,4096,358,348,77.7373
4,4096,358,350,75.4324
4,4096,358,354,59.6023
4,4096,358,356,75.9495
4,4096,362,2,30.717
4,4096,362,4,58.16
4,4096,362,6,71.4817
4,4096,362,10,87.203
4,4096,362,12,93.2621
4,4096,362,14,93.4851
4,4096,362,18,93.3729
4,4096,362,20,104.5392
4,4096,362,22,83.729
4,4096,362,26,98.3122
4,4096,362,28,97.4478
4,4096,362,30,86.3597
4,4096,362,34,87.1422
4,4096,362,36,83.6411
4,4096,362,38,103.1229
4,4096,362,42,108.9209
4,4096,362,44,100.9376
4,4096,362,46,108.1128
4,4096,362,50,97.2528
4,4096,362,52,104.9762
4,4096,362,54,86.5263
4,4096,362,58,89.1081
4,4096,362,60,84.6366
4,4096,362,62,99.5416
4,4096,362,66,100.6771
4,4096,362,68,80.8797
4,4096,362,70,78.7527
4,4096,362,74,97.7095
4,4096,362,76,96.7255
4,4096,362,78,96.9327
4,4096,362,82,98.5084
4,4096,362,84,97.8636
4,4096,362,86,90.9044
4,4096,362,90,89.6828
4,4096,362,92,94.7834
4,4096,362,94,85.5177
4,4096,362,98,96.1014
4,4096,362,100,95.3557
4,4096,362,102,96.0271
4,4096,362,106,97.7946
4,4096,362,108,94.8654
4,4096,362,110,86.173
4,4096,362,114,95.8391
4,4096,362,116,71.1781
4,4096,362,118,97.1539
4,4096,362,122,95.3061
4,4096,362,124,95.3618
4,4096,362,126,92.4267
4,4096,362,130,86.1075
4,4096,362,132,93.677
4,4096,362,134,95.8666
4,4096,362,138,93.3618
4,4096,362,140,93.8786
4,4096,362,142,91.5327
4,4096,362,146,89.4298
4,4096,362,148,91.4298
4,4096,362,150,81.174
4,4096,362,154,96.5893
4,4096,362,156,93.0712
4,4096,362,158,92.1595
4,4096,362,162,92.3427
4,4096,362,164,89.557
4,4096,362,166,89.9814
4,4096,362,170,89.9237
4,4096,362,172,92.5015
4,4096,362,174,91.1101
4,4096,362,178,89.6026
4,4096,362,180,92.9794
4,4096,362,182,92.702
4,4096,362,186,95.7632
4,4096,362,188,95.8705
4,4096,362,190,82.8134
4,4096,362,194,78.2683
4,4096,362,196,91.3419
4,4096,362,198,84.7634
4,4096,362,202,83.9718
4,4096,362,204,90.8148
4,4096,362,206,92.1529
4,4096,362,210,78.77
4,4096,362,212,84.4381
4,4096,362,214,83.3276
4,4096,362,218,84.2497
4,4096,362,220,84.0519
4,4096,362,222,80.7293
4,4096,362,226,90.4537
4,4096,362,228,91.9507
4,4096,362,230,89.9828
4,4096,362,234,89.802
4,4096,362,236,83.832
4,4096,362,238,88.2627
4,4096,362,242,90.2443
4,4096,362,244,89.8912
4,4096,362,246,89.1621
4,4096,362,250,91.235
4,4096,362,252,85.9413
4,4096,362,254,87.1198
4,4096,362,258,90.6354
4,4096,362,260,88.5637
4,4096,362,262,83.1866
4,4096,362,266,87.4441
4,4096,362,268,87.794
4,4096,362,270,86.1742
4,4096,362,274,83.8833
4,4096,362,276,82.1586
4,4096,362,278,85.5008
4,4096,362,282,87.6049
4,4096,362,284,86.0304
4,4096,362,286,83.3712
4,4096,362,290,84.0178
4,4096,362,292,81.2827
4,4096,362,294,83.2096
4,4096,362,298,82.6291
4,4096,362,300,80.1127
4,4096,362,302,79.5257
4,4096,362,306,79.7761
4,4096,362,308,79.8903
4,4096,362,310,83.1206
4,4096,362,314,79.7551
4,4096,362,316,82.1849
4,4096,362,318,81.4137
4,4096,362,322,79.9598
4,4096,362,324,76.368
4,4096,362,326,76.5423
4,4096,362,330,79.6536
4,4096,362,332,78.8115
4,4096,362,334,79.4077
4,4096,362,338,78.2742
4,4096,362,340,75.481
4,4096,362,342,75.704
4,4096,362,346,75.1995
4,4096,362,348,72.9055
4,4096,362,350,73.7243
4,4096,362,354,73.8876
4,4096,362,356,74.9376
4,4096,362,358,73.6953
4,4096,364,2,31.1862
4,4096,364,4,55.8433
4,4096,364,6,74.588
4,4096,364,10,84.6855
4,4096,364,12,90.1547
4,4096,364,14,98.0214
4,4096,364,18,97.1141
4,4096,364,20,102.926
4,4096,364,22,91.1569
4,4096,364,26,88.281
4,4096,364,28,91.4252
4,4096,364,30,92.3907
4,4096,364,34,89.2748
4,4096,364,36,98.4415
4,4096,364,38,99.076
4,4096,364,42,91.6772
4,4096,364,44,99.5888
4,4096,364,46,101.2484
4,4096,364,50,79.9669
4,4096,364,52,81.5213
4,4096,364,54,105.1661
4,4096,364,58,91.7904
4,4096,364,60,95.7363
4,4096,364,62,88.3413
4,4096,364,66,98.0368
4,4096,364,68,89.0707
4,4096,364,70,91.8094
4,4096,364,74,82.3875
4,4096,364,76,93.5767
4,4096,364,78,85.3069
4,4096,364,82,97.3764
4,4096,364,84,89.6002
4,4096,364,86,92.464
4,4096,364,90,93.4409
4,4096,364,92,88.3276
4,4096,364,94,94.3681
4,4096,364,98,85.7412
4,4096,364,100,92.8838
4,4096,364,102,79.4902
4,4096,364,106,92.1622
4,4096,364,108,87.4327
4,4096,364,110,93.0973
4,4096,364,114,84.3177
4,4096,364,116,95.3078
4,4096,364,118,86.3074
4,4096,364,122,93.8881
4,4096,364,124,89.1475
4,4096,364,126,94.0029
4,4096,364,130,87.524
4,4096,364,132,95.7315
4,4096,364,134,91.641
4,4096,364,138,81.8727
4,4096,364,140,93.5265
4,4096,364,142,84.0231
4,4096,364,146,95.6033
4,4096,364,148,83.7687
4,4096,364,150,89.7221
4,4096,364,154,80.4579
4,4096,364,156,87.2734
4,4096,364,158,85.3086
4,4096,364,162,90.6511
4,4096,364,164,85.6939
4,4096,364,166,93.5377
4,4096,364,170,80.9664
4,4096,364,172,88.2788
4,4096,364,174,91.6503
4,4096,364,178,83.5875
4,4096,364,180,84.597
4,4096,364,182,72.0044
4,4096,364,186,84.4953
4,4096,364,188,82.5964
4,4096,364,190,93.3951
4,4096,364,194,87.3046
4,4096,364,196,87.2484
4,4096,364,198,82.7036
4,4096,364,202,88.4654
4,4096,364,204,81.253
4,4096,364,206,85.5569
4,4096,364,210,75.712
4,4096,364,212,84.3616
4,4096,364,214,81.2281
4,4096,364,218,90.4559
4,4096,364,220,92.622
4,4096,364,222,80.2733
4,4096,364,226,88.2289
4,4096,364,228,82.1671
4,4096,364,230,78.8176
4,4096,364,234,89.06
4,4096,364,236,89.4541
4,4096,364,238,90.9063
4,4096,364,242,89.9321
4,4096,364,244,86.852
4,4096,364,246,75.5496
4,4096,364,250,88.1474
4,4096,364,252,80.8464
4,4096,364,254,80.0884
4,4096,364,258,86.8997
4,4096,364,260,87.4258
4,4096,364,262,87.1575
4,4096,364,266,85.0752
4,4096,364,268,82.7543
4,4096,364,270,85.1999
4,4096,364,274,84.7104
4,4096,364,276,86.0481
4,4096,364,278,86.0542
4,4096,364,282,83.8512
4,4096,364,284,88.5578
4,4096,364,286,86.5384
4,4096,364,290,84.9847
4,4096,364,292,84.2061
4,4096,364,294,84.6571
4,4096,364,298,79.9487
4,4096,364,300,81.0974
4,4096,364,302,82.0508
4,4096,364,306,82.2969
4,4096,364,308,83.7944
4,4096,364,310,80.244
4,4096,364,314,79.7568
4,4096,364,316,80.9832
4,4096,364,318,77.8662
4,4096,364,322,78.4338
4,4096,364,324,80.8833
4,4096,364,326,79.4079
4,4096,364,330,76.7402
4,4096,364,332,79.4165
4,4096,364,334,74.8992
4,4096,364,338,75.5761
4,4096,364,340,74.4092
4,4096,364,342,73.5887
4,4096,364,346,73.9933
4,4096,364,348,74.3768
4,4096,364,350,71.9337
4,4096,364,354,73.7634
4,4096,364,356,73.5851
4,4096,364,358,75.7213
4,4096,364,362,72.1947
4,4096,366,2,30.6727
4,4096,366,4,53.6513
4,4096,366,6,75.3105
4,4096,366,10,86.5211
4,4096,366,12,95.2819
4,4096,366,14,97.1274
4,4096,366,18,96.3496
4,4096,366,20,102.3932
4,4096,366,22,85.9227
4,4096,366,26,84.7066
4,4096,366,28,103.9994
4,4096,366,30,96.0725
4,4096,366,34,91.0048
4,4096,366,36,92.9042
4,4096,366,38,86.0894
4,4096,366,42,103.3542
4,4096,366,44,105.8225
4,4096,366,46,98.8532
4,4096,366,50,101.4774
4,4096,366,52,103.5189
4,4096,366,54,86.7441
4,4096,366,58,92.064
4,4096,366,60,80.1874
4,4096,366,62,90.5891
4,4096,366,66,91.7769
4,4096,366,68,91.5063
4,4096,366,70,93.6738
4,4096,366,74,84.9203
4,4096,366,76,95.5856
4,4096,366,78,88.8435
4,4096,366,82,93.5217
4,4096,366,84,93.2397
4,4096,366,86,89.7622
4,4096,366,90,89.4974
4,4096,366,92,96.0091
4,4096,366,94,93.0601
4,4096,366,98,94.1604
4,4096,366,100,96.4522
4,4096,366,102,83.6283
4,4096,366,106,94.7479
4,4096,366,108,83.4048
4,4096,366,110,89.6327
4,4096,366,114,80.5192
4,4096,366,116,89.2029
4,4096,366,118,84.7905
4,4096,366,122,93.2429
4,4096,366,124,84.3071
4,4096,366,126,86.8879
4,4096,366,130,86.9945
4,4096,366,132,95.1412
4,4096,366,134,88.0259
4,4096,366,138,91.5316
4,4096,366,140,83.2785
4,4096,366,142,89.8955
4,4096,366,146,82.9794
4,4096,366,148,93.4994
4,4096,366,150,83.7158
4,4096,366,154,93.7404
4,4096,366,156,81.4837
4,4096,366,158,90.0385
4,4096,366,162,90.3377
4,4096,366,164,89.7449
4,4096,366,166,78.0481
4,4096,366,170,86.612
4,4096,366,172,91.1811
4,4096,366,174,85.7376
4,4096,366,178,89.8718
4,4096,366,180,74.311
4,4096,366,182,89.8168
4,4096,366,186,82.9284
4,4096,366,188,89.9905
4,4096,366,190,84.9375
4,4096,366,194,91.332
4,4096,366,196,87.5491
4,4096,366,198,92.9682
4,4096,366,202,94.6608
4,4096,366,204,83.9805
4,4096,366,206,92.402
4,4096,366,210,89.1702
4,4096,366,212,92.9354
4,4096,366,214,85.2824
4,4096,366,218,88.7374
4,4096,366,220,87.5963
4,4096,366,222,82.2942
4,4096,366,226,89.5305
4,4096,366,228,78.3077
4,4096,366,230,88.0049
4,4096,366,234,90.9258
4,4096,366,236,90.2313
4,4096,366,238,79.2128
4,4096,366,242,83.5577
4,4096,366,244,84.634
4,4096,366,246,80.7621
4,4096,366,250,85.7298
4,4096,366,252,76.137
4,4096,366,254,84.7329
4,4096,366,258,74.0774
4,4096,366,260,81.8431
4,4096,366,262,79.7533
4,4096,366,266,79.594
4,4096,366,268,73.9979
4,4096,366,270,76.143
4,4096,366,274,72.8955
4,4096,366,276,83.5957
4,4096,366,278,87.8738
4,4096,366,282,82.7888
4,4096,366,284,74.452
4,4096,366,286,84.4801
4,4096,366,290,82.9666
4,4096,366,292,80.8812
4,4096,366,294,80.3811
4,4096,366,298,82.8468
4,4096,366,300,83.7223
4,4096,366,302,79.9558
4,4096,366,306,78.7357
4,4096,366,308,83.2419
4,4096,366,310,81.902
4,4096,366,314,70.891
4,4096,366,316,80.3051
4,4096,366,318,80.7816
4,4096,366,322,80.9743
4,4096,366,324,80.1916
4,4096,366,326,78.5609
4,4096,366,330,76.4962
4,4096,366,332,76.5165
4,4096,366,334,76.2212
4,4096,366,338,74.4016
4,4096,366,340,75.6428
4,4096,366,342,75.623
4,4096,366,346,72.7975
4,4096,366,348,76.0078
4,4096,366,350,75.9594
4,4096,366,354,72.3408
4,4096,366,356,76.0836
4,4096,366,358,75.589
4,4096,366,362,73.807
4,4096,366,364,73.6599
4,4096,370,2,30.3998
4,4096,370,4,56.5803
4,4096,370,6,70.9169
4,4096,370,10,84.8341
4,4096,370,12,95.9682
4,4096,370,14,97.4949
4,4096,370,18,97.2178
4,4096,370,20,101.6018
4,4096,370,22,87.065
4,4096,370,26,94.3589
4,4096,370,28,70.0422
4,4096,370,30,94.2776
4,4096,370,34,91.1069
4,4096,370,36,93.1728
4,4096,370,38,85.1255
4,4096,370,42,96.0874
4,4096,370,44,100.8982
4,4096,370,46,102.4056
4,4096,370,50,97.8426
4,4096,370,52,95.1717
4,4096,370,54,103.5366
4,4096,370,58,91.9334
4,4096,370,60,91.421
4,4096,370,62,88.3081
4,4096,370,66,89.3993
4,4096,370,68,89.6276
4,4096,370,70,88.5158
4,4096,370,74,76.1399
4,4096,370,76,96.0004
4,4096,370,78,96.2955
4,4096,370,82,97.0188
4,4096,370,84,93.6405
4,4096,370,86,91.0421
4,4096,370,90,89.8513
4,4096,370,92,95.8899
4,4096,370,94,98.7075
4,4096,370,98,82.7957
4,4096,370,100,96.8237
4,4096,370,102,93.8999
4,4096,370,106,92.8875
4,4096,370,108,91.5234
4,4096,370,110,95.8502
4,4096,370,114,96.3092
4,4096,370,116,95.903
4,4096,370,118,95.2747
4,4096,370,122,96.1979
4,4096,370,124,95.9408
4,4096,370,126,93.2258
4,4096,370,130,96.5073
4,4096,370,132,97.3897
4,4096,370,134,95.5492
4,4096,370,138,97.1654
4,4096,370,140,92.3166
4,4096,370,142,84.3377
4,4096,370,146,90.5984
4,4096,370,148,92.7313
4,4096,370,150,89.8158
4,4096,370,154,90.692
4,4096,370,156,94.4533
4,4096,370,158,92.6189
4,4096,370,162,90.2116
4,4096,370,164,91.2862
4,4096,370,166,81.1014
4,4096,370,170,90.1575
4,4096,370,172,91.6137
4,4096,370,174,91.0377
4,4096,370,178,91.8431
4,4096,370,180,90.1042
4,4096,370,182,89.7433
4,4096,370,186,94.5977
4,4096,370,188,79.8163
4,4096,370,190,86.4003
4,4096,370,194,88.6843
4,4096,370,196,79.8347
4,4096,370,198,81.7627
4,4096,370,202,82.9115
4,4096,370,204,82.1164
4,4096,370,206,93.6917
4,4096,370,210,82.9465
4,4096,370,212,79.1678
4,4096,370,214,88.5562
4,4096,370,218,85.1706
4,4096,370,220,92.1407
4,4096,370,222,90.6942
4,4096,370,226,92.0664
4,4096,370,228,77.0548
4,4096,370,230,83.0264
4,4096,370,234,80.9271
4,4096,370,236,88.2343
4,4096,370,238,81.3308
4,4096,370,242,87.716
4,4096,370,244,86.998
4,4096,370,246,88.3715
4,4096,370,250,88.4122
4,4096,370,252,86.981
4,4096,370,254,82.8211
4,4096,370,258,88.0894
4,4096,370,260,85.7166
4,4096,370,262,85.6872
4,4096,370,266,87.4561
4,4096,370,268,85.8659
4,4096,370,270,86.3896
4,4096,370,274,89.7594
4,4096,370,276,84.5458
4,4096,370,278,80.924
4,4096,370,282,83.7285
4,4096,370,284,82.0967
4,4096,370,286,82.4237
4,4096,370,290,82.9171
4,4096,370,292,85.2841
4,4096,370,294,84.7815
4,4096,370,298,82.0212
4,4096,370,300,81.2324
4,4096,370,302,81.9127
4,4096,370,306,78.9919
4,4096,370,308,76.383
4,4096,370,310,79.8557
4,4096,370,314,80.0603
4,4096,370,316,81.9939
4,4096,370,318,82.3315
4,4096,370,322,77.9979
4,4096,370,324,78.2321
4,4096,370,326,78.9048
4,4096,370,330,80.0264
4,4096,370,332,75.6325
4,4096,370,334,78.2658
4,4096,370,338,79.2055
4,4096,370,340,76.7517
4,4096,370,342,77.0808
4,4096,370,346,75.8976
4,4096,370,348,75.7705
4,4096,370,350,75.0393
4,4096,370,354,75.3163
4,4096,370,356,73.5312
4,4096,370,358,70.3083
4,4096,370,362,71.5521
4,4096,370,364,72.7537
4,4096,370,366,70.1935
4,4096,372,2,31.8108
4,4096,372,4,54.2967
4,4096,372,6,75.3494
4,4096,372,10,86.2285
4,4096,372,12,93.2503
4,4096,372,14,92.461
4,4096,372,18,97.5503
4,4096,372,20,100.1087
4,4096,372,22,104.2227
4,4096,372,26,105.0386
4,4096,372,28,97.8512
4,4096,372,30,86.9865
4,4096,372,34,83.889
4,4096,372,36,96.3139
4,4096,372,38,90.1532
4,4096,372,42,87.9955
4,4096,372,44,88.0203
4,4096,372,46,100.1502
4,4096,372,50,100.7743
4,4096,372,52,104.4568
4,4096,372,54,101.9055
4,4096,372,58,97.0557
4,4096,372,60,94.7269
4,4096,372,62,90.6159
4,4096,372,66,93.4017
4,4096,372,68,97.4487
4,4096,372,70,94.0942
4,4096,372,74,95.1388
4,4096,372,76,95.2022
4,4096,372,78,96.0266
4,4096,372,82,95.6917
4,4096,372,84,92.1095
4,4096,372,86,93.0831
4,4096,372,90,92.6576
4,4096,372,92,96.4166
4,4096,372,94,98.081
4,4096,372,98,94.8079
4,4096,372,100,97.6005
4,4096,372,102,91.8267
4,4096,372,106,90.2962
4,4096,372,108,93.7715
4,4096,372,110,91.1992
4,4096,372,114,94.1394
4,4096,372,116,96.9121
4,4096,372,118,98.0821
4,4096,372,122,93.3057
4,4096,372,124,94.7298
4,4096,372,126,90.7165
4,4096,372,130,93.8806
4,4096,372,132,93.4653
4,4096,372,134,93.4314
4,4096,372,138,94.6221
4,4096,372,140,95.7028
4,4096,372,142,92.9909
4,4096,372,146,91.3321
4,4096,372,148,91.8851
4,4096,372,150,90.1413
4,4096,372,154,89.0356
4,4096,372,156,93.9157
4,4096,372,158,91.5683
4,4096,372,162,89.1055
4,4096,372,164,92.5476
4,4096,372,166,85.8627
4,4096,372,170,87.7624
4,4096,372,172,90.892
4,4096,372,174,89.5589
4,4096,372,178,90.9603
4,4096,372,180,88.2591
4,4096,372,182,89.682
4,4096,372,186,89.5328
4,4096,372,188,91.8176
4,4096,372,190,90.7933
4,4096,372,194,86.4124
4,4096,372,196,83.2769
4,4096,372,198,85.9459
4,4096,372,202,82.3646
4,4096,372,204,85.7809
4,4096,372,206,86.3697
4,4096,372,210,80.3462
4,4096,372,212,80.2719
4,4096,372,214,82.5962
4,4096,372,218,80.0377
4,4096,372,220,91.3479
4,4096,372,222,87.7867
4,4096,372,226,88.8867
4,4096,372,228,90.4723
4,4096,372,230,80.7114
4,4096,372,234,72.7891
4,4096,372,236,89.2935
4,4096,372,238,88.1158
4,4096,372,242,81.774
4,4096,372,244,85.3985
4,4096,372,246,88.4979
4,4096,372,250,89.3083
4,4096,372,252,84.6749
4,4096,372,254,84.8385
4,4096,372,258,84.1211
4,4096,372,260,90.3516
4,4096,372,262,86.8175
4,4096,372,266,85.7235
4,4096,372,268,85.7101
4,4096,372,270,83.9038
4,4096,372,274,84.2653
4,4096,372,276,83.9285
4,4096,372,278,83.6935
4,4096,372,282,82.1147
4,4096,372,284,80.5959
4,4096,372,286,84.6912
4,4096,372,290,83.7963
4,4096,372,292,85.9592
4,4096,372,294,83.8807
4,4096,372,298,82.1059
4,4096,372,300,82.3215
4,4096,372,302,81.3727
4,4096,372,306,79.6902
4,4096,372,308,78.9351
4,4096,372,310,79.296
4,4096,372,314,78.6297
4,4096,372,316,78.0874
4,4096,372,318,78.0681
4,4096,372,322,76.9807
4,4096,372,324,77.5052
4,4096,372,326,77.6877
4,4096,372,330,77.9326
4,4096,372,332,80.2918
4,4096,372,334,78.92
4,4096,372,338,74.0702
4,4096,372,340,77.5935
4,4096,372,342,76.9605
4,4096,372,346,72.9716
4,4096,372,348,73.9577
4,4096,372,350,75.3126
4,4096,372,354,72.5148
4,4096,372,356,75.6221
4,4096,372,358,71.5789
4,4096,372,362,69.7946
4,4096,372,364,71.4287
4,4096,372,366,71.7988
4,4096,372,370,70.2177
4,4096,374,2,34.6549
4,4096,374,4,57.0217
4,4096,374,6,78.1118
4,4096,374,10,86.2603
4,4096,374,12,96.0394
4,4096,374,14,101.0403
4,4096,374,18,97.3176
4,4096,374,20,97.9771
4,4096,374,22,102.3392
4,4096,374,26,95.5624
4,4096,374,28,88.4689
4,4096,374,30,83.2838
4,4096,374,34,104.7613
4,4096,374,36,100.0217
4,4096,374,38,97.5941
4,4096,374,42,96.8966
4,4096,374,44,98.0268
4,4096,374,46,106.1029
4,4096,374,50,104.0041
4,4096,374,52,90.9728
4,4096,374,54,99.3108
4,4096,374,58,91.4149
4,4096,374,60,94.8484
4,4096,374,62,91.5455
4,4096,374,66,79.0455
4,4096,374,68,88.8067
4,4096,374,70,85.3863
4,4096,374,74,81.3941
4,4096,374,76,92.8581
4,4096,374,78,98.0925
4,4096,374,82,98.4548
4,4096,374,84,99.9198
4,4096,374,86,93.9503
4,4096,374,90,79.0204
4,4096,374,92,94.7621
4,4096,374,94,93.1161
4,4096,374,98,94.5486
4,4096,374,100,99.4556
4,4096,374,102,96.5837
4,4096,374,106,93.6324
4,4096,374,108,97.882
4,4096,374,110,95.5951
4,4096,374,114,90.3018
4,4096,374,116,99.3626
4,4096,374,118,96.8024
4,4096,374,122,94.3065
4,4096,374,124,86.7173
4,4096,374,126,84.7527
4,4096,374,130,84.3264
4,4096,374,132,91.4133
4,4096,374,134,88.1023
4,4096,374,138,83.6132
4,4096,374,140,84.1178
4,4096,374,142,85.541
4,4096,374,146,86.3535
4,4096,374,148,84.0944
4,4096,374,150,85.9879
4,4096,374,154,83.5006
4,4096,374,156,96.3567
4,4096,374,158,96.8258
4,4096,374,162,90.4883
4,4096,374,164,97.702
4,4096,374,166,93.655
4,4096,374,170,92.6838
4,4096,374,172,92.5217
4,4096,374,174,95.4719
4,4096,374,178,91.8788
4,4096,374,180,86.1383
4,4096,374,182,89.8805
4,4096,374,186,89.2947
4,4096,374,188,89.4641
4,4096,374,190,87.5055
4,4096,374,194,84.3079
4,4096,374,196,82.9618
4,4096,374,198,91.0736
4,4096,374,202,94.8927
4,4096,374,204,94.1226
4,4096,374,206,80.0583
4,4096,374,210,92.3796
4,4096,374,212,87.3701
4,4096,374,214,83.606
4,4096,374,218,79.6226
4,4096,374,220,89.6662
4,4096,374,222,82.7765
4,4096,374,226,80.6851
4,4096,374,228,89.9782
4,4096,374,230,84.4455
4,4096,374,234,90.1505
4,4096,374,236,82.3629
4,4096,374,238,86.3514
4,4096,374,242,90.0299
4,4096,374,244,90.5324
4,4096,374,246,86.3911
4,4096,374,250,79.4917
4,4096,374,252,88.9957
4,4096,374,254,91.25
4,4096,374,258,76.4458
4,4096,374,260,83.355
4,4096,374,262,82.4781
4,4096,374,266,89.1264
4,4096,374,268,91.1223
4,4096,374,270,70.4404
4,4096,374,274,86.7844
4,4096,374,276,89.5009
4,4096,374,278,85.3374
4,4096,374,282,86.7604
4,4096,374,284,82.2205
4,4096,374,286,87.4455
4,4096,374,290,86.5715
4,4096,374,292,85.9597
4,4096,374,294,84.4125
4,4096,374,298,84.5662
4,4096,374,300,84.1864
4,4096,374,302,82.9154
4,4096,374,306,74.2686
4,4096,374,308,83.9294
4,4096,374,310,81.0881
4,4096,374,314,79.7347
4,4096,374,316,76.2755
4,4096,374,318,81.465
4,4096,374,322,80.3222
4,4096,374,324,81.651
4,4096,374,326,82.509
4,4096,374,330,80.5579
4,4096,374,332,82.9446
4,4096,374,334,82.011
4,4096,374,338,79.9485
4,4096,374,340,78.7917
4,4096,374,342,77.1218
4,4096,374,346,77.9643
4,4096,374,348,74.3651
4,4096,374,350,72.0679
4,4096,374,354,74.2365
4,4096,374,356,69.4343
4,4096,374,358,79.692
4,4096,374,362,73.8029
4,4096,374,364,75.8817
4,4096,374,366,79.3401
4,4096,374,370,75.3927
4,4096,374,372,75.7962
4,4096,378,2,34.1458
4,4096,378,4,59.3529
4,4096,378,6,69.6193
4,4096,378,10,87.8576
4,4096,378,12,94.6201
4,4096,378,14,89.4721
4,4096,378,18,98.7988
4,4096,378,20,101.4574
4,4096,378,22,73.1464
4,4096,378,26,106.5649
4,4096,378,28,105.2152
4,4096,378,30,106.4948
4,4096,378,34,102.0957
4,4096,378,36,86.4946
4,4096,378,38,102.3617
4,4096,378,42,98.6073
4,4096,378,44,110.9238
4,4096,378,46,104.2118
4,4096,378,50,98.8698
4,4096,378,52,101.497
4,4096,378,54,91.7028
4,4096,378,58,90.0128
4,4096,378,60,85.5022
4,4096,378,62,92.9777
4,4096,378,66,94.9679
4,4096,378,68,96.5305
4,4096,378,70,93.289
4,4096,378,74,95.5451
4,4096,378,76,99.274
4,4096,378,78,96.6074
4,4096,378,82,97.5798
4,4096,378,84,100.4258
4,4096,378,86,84.6053
4,4096,378,90,83.3356
4,4096,378,92,70.3993
4,4096,378,94,85.2205
4,4096,378,98,84.5655
4,4096,378,100,89.5757
4,4096,378,102,83.0659
4,4096,378,106,86.9539
4,4096,378,108,94.764
4,4096,378,110,83.3522
4,4096,378,114,80.9382
4,4096,378,116,86.0576
4,4096,378,118,85.8416
4,4096,378,122,95.5158
4,4096,378,124,96.9075
4,4096,378,126,96.7356
4,4096,378,130,85.2492
4,4096,378,132,89.3516
4,4096,378,134,83.9127
4,4096,378,138,83.2146
4,4096,378,140,88.9332
4,4096,378,142,97.7119
4,4096,378,146,81.2746
4,4096,378,148,93.9517
4,4096,378,150,80.6703
4,4096,378,154,95.2114
4,4096,378,156,94.0935
4,4096,378,158,96.0337
4,4096,378,162,94.6935
4,4096,378,164,93.6296
4,4096,378,166,95.0057
4,4096,378,170,81.0345
4,4096,378,172,77.2967
4,4096,378,174,80.8059
4,4096,378,178,79.6069
4,4096,378,180,90.6236
4,4096,378,182,92.8306
4,4096,378,186,93.6481
4,4096,378,188,92.3914
4,4096,378,190,87.227
4,4096,378,194,92.2413
4,4096,378,196,83.6763
4,4096,378,198,85.9222
4,4096,378,202,79.8821
4,4096,378,204,94.2491
4,4096,378,206,92.9411
4,4096,378,210,88.649
4,4096,378,212,83.8207
4,4096,378,214,85.9921
4,4096,378,218,82.9307
4,4096,378,220,83.518
4,4096,378,222,83.177
4,4096,378,226,90.7866
4,4096,378,228,89.6312
4,4096,378,230,79.8052
4,4096,378,234,82.4631
4,4096,378,236,93.0441
4,4096,378,238,84.7229
4,4096,378,242,81.9071
4,4096,378,244,77.4891
4,4096,378,246,87.3156
4,4096,378,250,79.0284
4,4096,378,252,74.7277
4,4096,378,254,89.8111
4,4096,378,258,91.0404
4,4096,378,260,88.2802
4,4096,378,262,91.6398
4,4096,378,266,86.8787
4,4096,378,268,87.1689
4,4096,378,270,89.0548
4,4096,378,274,85.0583
4,4096,378,276,86.1778
4,4096,378,278,88.344
4,4096,378,282,85.3641
4,4096,378,284,85.8489
4,4096,378,286,86.7028
4,4096,378,290,87.1063
4,4096,378,292,85.2333
4,4096,378,294,83.1464
4,4096,378,298,80.3196
4,4096,378,300,83.9225
4,4096,378,302,85.7554
4,4096,378,306,83.1481
4,4096,378,308,85.2247
4,4096,378,310,74.0781
4,4096,378,314,73.6624
4,4096,378,316,78.8217
4,4096,378,318,81.3109
4,4096,378,322,82.0234
4,4096,378,324,84.2478
4,4096,378,326,81.8208
4,4096,378,330,80.4914
4,4096,378,332,81.3544
4,4096,378,334,69.0866
4,4096,378,338,79.0872
4,4096,378,340,78.1053
4,4096,378,342,69.3073
4,4096,378,346,68.8629
4,4096,378,348,69.7593
4,4096,378,350,68.0033
4,4096,378,354,68.5707
4,4096,378,356,69.1112
4,4096,378,358,68.411
4,4096,378,362,68.2118
4,4096,378,364,76.5615
4,4096,378,366,75.1839
4,4096,378,370,74.7943
4,4096,378,372,75.132
4,4096,378,374,72.4451
4,4096,380,2,32.3206
4,4096,380,4,59.9921
4,4096,380,6,74.7453
4,4096,380,10,83.4691
4,4096,380,12,93.765
4,4096,380,14,96.7337
4,4096,380,18,95.2249
4,4096,380,20,103.7023
4,4096,380,22,103.6447
4,4096,380,26,105.563
4,4096,380,28,100.9988
4,4096,380,30,89.5312
4,4096,380,34,106.147
4,4096,380,36,100.1455
4,4096,380,38,96.812
4,4096,380,42,102.1274
4,4096,380,44,101.2568
4,4096,380,46,102.3641
4,4096,380,50,101.8074
4,4096,380,52,105.6751
4,4096,380,54,98.5088
4,4096,380,58,84.4608
4,4096,380,60,95.1489
4,4096,380,62,92.0603
4,4096,380,66,84.7236
4,4096,380,68,79.003
4,4096,380,70,93.0181
4,4096,380,74,82.17
4,4096,380,76,94.1571
4,4096,380,78,89.3636
4,4096,380,82,97.893
4,4096,380,84,101.233
4,4096,380,86,90.9712
4,4096,380,90,91.7871
4,4096,380,92,97.8457
4,4096,380,94,92.445
4,4096,380,98,94.5568
4,4096,380,100,97.1672
4,4096,380,102,95.4468
4,4096,380,106,93.196
4,4096,380,108,85.7506
4,4096,380,110,96.1927
4,4096,380,114,94.34
4,4096,380,116,101.2138
4,4096,380,118,99.9848
4,4096,380,122,97.4657
4,4096,380,124,91.6169
4,4096,380,126,82.5333
4,4096,380,130,96.0208
4,4096,380,132,96.8694
4,4096,380,134,79.3771
4,4096,380,138,97.9092
4,4096,380,140,97.9267
4,4096,380,142,81.4586
4,4096,380,146,81.4296
4,4096,380,148,91.0918
4,4096,380,150,83.6776
4,4096,380,154,82.3552
4,4096,380,156,92.9647
4,4096,380,158,97.4941
4,4096,380,162,89.7214
4,4096,380,164,85.7604
4,4096,380,166,83.0337
4,4096,380,170,85.6114
4,4096,380,172,84.2815
4,4096,380,174,82.1732
4,4096,380,178,89.9539
4,4096,380,180,93.5043
4,4096,380,182,92.1267
4,4096,380,186,80.6861
4,4096,380,188,88.4736
4,4096,380,190,92.4733
4,4096,380,194,82.5625
4,4096,380,196,80.654
4,4096,380,198,85.4212
4,4096,380,202,82.1707
4,4096,380,204,80.3151
4,4096,380,206,84.6547
4,4096,380,210,84.9547
4,4096,380,212,80.6622
4,4096,380,214,91.5521
4,4096,380,218,82.5579
4,4096,380,220,91.9389
4,4096,380,222,90.0723
4,4096,380,226,84.117
4,4096,380,228,82.0015
4,4096,380,230,95.056
4,4096,380,234,87.4188
4,4096,380,236,93.6224
4,4096,380,238,91.2768
4,4096,380,242,88.9582
4,4096,380,244,77.2998
4,4096,380,246,76.6755
4,4096,380,250,84.125
4,4096,380,252,87.46
4,4096,380,254,88.8054
4,4096,380,258,89.7072
4,4096,380,260,89.7772
4,4096,380,262,86.8679
4,4096,380,266,87.3127
4,4096,380,268,87.9806
4,4096,380,270,88.5501
4,4096,380,274,88.4195
4,4096,380,276,88.398
4,4096,380,278,87.4885
4,4096,380,282,87.0079
4,4096,380,284,83.9964
4,4096,380,286,81.3584
4,4096,380,290,82.8407
4,4096,380,292,84.0467
4,4096,380,294,85.807
4,4096,380,298,83.3877
4,4096,380,300,86.0818
4,4096,380,302,85.5613
4,4096,380,306,85.944
4,4096,380,308,85.1142
4,4096,380,310,83.5776
4,4096,380,314,80.4226
4,4096,380,316,81.5077
4,4096,380,318,83.6955
4,4096,380,322,81.1373
4,4096,380,324,80.2609
4,4096,380,326,81.3155
4,4096,380,330,79.0626
4,4096,380,332,80.6119
4,4096,380,334,81.0738
4,4096,380,338,76.9716
4,4096,380,340,79.9157
4,4096,380,342,79.9712
4,4096,380,346,76.9707
4,4096,380,348,78.8325
4,4096,380,350,76.7883
4,4096,380,354,76.6236
4,4096,380,356,74.8746
4,4096,380,358,74.5806
4,4096,380,362,75.8113
4,4096,380,364,75.7805
4,4096,380,366,73.2826
4,4096,380,370,76.3086
4,4096,380,372,75.6327
4,4096,380,374,74.0111
4,4096,380,378,75.436
4,4096,382,2,32.711
4,4096,382,4,61.3553
4,4096,382,6,74.128
4,4096,382,10,83.344
4,4096,382,12,90.7398
4,4096,382,14,101.2811
4,4096,382,18,88.941
4,4096,382,20,102.3885
4,4096,382,22,104.253
4,4096,382,26,106.7579
4,4096,382,28,85.5203
4,4096,382,30,83.4954
4,4096,382,34,105.7357
4,4096,382,36,98.4624
4,4096,382,38,105.0811
4,4096,382,42,104.3102
4,4096,382,44,102.9538
4,4096,382,46,100.2502
4,4096,382,50,94.7968
4,4096,382,52,106.5123
4,4096,382,54,101.8925
4,4096,382,58,83.0938
4,4096,382,60,95.0518
4,4096,382,62,78.3088
4,4096,382,66,77.4456
4,4096,382,68,86.857
4,4096,382,70,98.9213
4,4096,382,74,94.1707
4,4096,382,76,95.3372
4,4096,382,78,98.9837
4,4096,382,82,97.9334
4,4096,382,84,93.5453
4,4096,382,86,97.1149
4,4096,382,90,95.2395
4,4096,382,92,88.9939
4,4096,382,94,94.9764
4,4096,382,98,98.7147
4,4096,382,100,96.8478
4,4096,382,102,81.5979
4,4096,382,106,81.8945
4,4096,382,108,89.9044
4,4096,382,110,97.24
4,4096,382,114,89.7028
4,4096,382,116,97.5527
4,4096,382,118,93.8982
4,4096,382,122,93.4956
4,4096,382,124,92.0856
4,4096,382,126,91.9123
4,4096,382,130,84.3386
4,4096,382,132,81.8248
4,4096,382,134,97.3003
4,4096,382,138,97.4433
4,4096,382,140,94.8754
4,4096,382,142,85.0691
4,4096,382,146,88.1543
4,4096,382,148,84.0089
4,4096,382,150,92.6387
4,4096,382,154,85.8104
4,4096,382,156,96.721
4,4096,382,158,91.5795
4,4096,382,162,85.208
4,4096,382,164,85.2014
4,4096,382,166,80.9266
4,4096,382,170,84.0066
4,4096,382,172,92.3267
4,4096,382,174,92.8214
4,4096,382,178,93.0651
4,4096,382,180,91.3692
4,4096,382,182,87.8718
4,4096,382,186,92.8333
4,4096,382,188,93.5836
4,4096,382,190,89.7302
4,4096,382,194,94.0587
4,4096,382,196,96.2829
4,4096,382,198,93.5771
4,4096,382,202,90.1269
4,4096,382,204,93.0986
4,4096,382,206,92.9552
4,4096,382,210,80.0535
4,4096,382,212,94.7874
4,4096,382,214,93.0266
4,4096,382,218,77.8768
4,4096,382,220,85.8832
4,4096,382,222,80.6818
4,4096,382,226,82.5093
4,4096,382,228,87.5505
4,4096,382,230,81.1999
4,4096,382,234,80.5275
4,4096,382,236,91.0759
4,4096,382,238,89.406
4,4096,382,242,79.5409
4,4096,382,244,85.909
4,4096,382,246,80.9979
4,4096,382,250,89.8944
4,4096,382,252,88.7963
4,4096,382,254,87.8644
4,4096,382,258,86.7939
4,4096,382,260,76.9748
4,4096,382,262,81.1551
4,4096,382,266,78.0937
4,4096,382,268,80.8244
4,4096,382,270,77.4418
4,4096,382,274,80.5129
4,4096,382,276,89.1144
4,4096,382,278,85.4784
4,4096,382,282,90.4924
4,4096,382,284,85.2104
4,4096,382,286,86.8506
4,4096,382,290,86.6923
4,4096,382,292,85.6246
4,4096,382,294,86.7581
4,4096,382,298,85.7873
4,4096,382,300,86.8346
4,4096,382,302,88.0669
4,4096,382,306,85.2999
4,4096,382,308,80.1369
4,4096,382,310,80.5123
4,4096,382,314,79.8176
4,4096,382,316,84.2589
4,4096,382,318,85.4653
4,4096,382,322,84.2791
4,4096,382,324,81.0651
4,4096,382,326,81.4186
4,4096,382,330,80.0408
4,4096,382,332,81.9491
4,4096,382,334,81.2465
4,4096,382,338,79.3551
4,4096,382,340,75.9587
4,4096,382,342,78.0937
4,4096,382,346,69.8417
4,4096,382,348,79.3654
4,4096,382,350,79.1379
4,4096,382,354,75.4485
4,4096,382,356,77.6476
4,4096,382,358,79.2368
4,4096,382,362,77.4583
4,4096,382,364,74.9693
4,4096,382,366,74.1463
4,4096,382,370,75.1864
4,4096,382,372,77.5535
4,4096,382,374,75.888
4,4096,382,378,74.0078
4,4096,382,380,74.9619
4,4096,386,2,33.4304
4,4096,386,4,61.2442
4,4096,386,6,76.6683
4,4096,386,10,89.5063
4,4096,386,12,95.3415
4,4096,386,14,96.7488
4,4096,386,18,99.6026
4,4096,386,20,98.8051
4,4096,386,22,101.4575
4,4096,386,26,104.3266
4,4096,386,28,100.8061
4,4096,386,30,95.9691
4,4096,386,34,103.5071
4,4096,386,36,107.0289
4,4096,386,38,104.3634
4,4096,386,42,102.207
4,4096,386,44,91.5271
4,4096,386,46,104.3609
4,4096,386,50,101.3263
4,4096,386,52,96.8336
4,4096,386,54,98.1328
4,4096,386,58,95.6327
4,4096,386,60,85.1109
4,4096,386,62,89.0299
4,4096,386,66,89.9761
4,4096,386,68,86.125
4,4096,386,70,94.4925
4,4096,386,74,87.4274
4,4096,386,76,92.6874
4,4096,386,78,81.7385
4,4096,386,82,90.6838
4,4096,386,84,96.2501
4,4096,386,86,83.259
4,4096,386,90,92.8945
4,4096,386,92,87.8127
4,4096,386,94,79.5116
4,4096,386,98,91.9979
4,4096,386,100,95.0887
4,4096,386,102,94.3004
4,4096,386,106,96.0326
4,4096,386,108,91.9848
4,4096,386,110,93.7138
4,4096,386,114,95.9928
4,4096,386,116,91.9334
4,4096,386,118,93.7294
4,4096,386,122,84.7863
4,4096,386,124,95.9749
4,4096,386,126,93.1007
4,4096,386,130,91.1067
4,4096,386,132,97.3917
4,4096,386,134,97.4843
4,4096,386,138,88.7711
4,4096,386,140,83.7973
4,4096,386,142,94.2405
4,4096,386,146,85.4961
4,4096,386,148,82.4568
4,4096,386,150,86.2302
4,4096,386,154,93.2754
4,4096,386,156,88.5949
4,4096,386,158,90.1302
4,4096,386,162,90.6071
4,4096,386,164,93.4416
4,4096,386,166,93.667
4,4096,386,170,90.0619
4,4096,386,172,94.6993
4,4096,386,174,93.5051
4,4096,386,178,87.3792
4,4096,386,180,85.737
4,4096,386,182,92.4615
4,4096,386,186,90.9512
4,4096,386,188,91.9087
4,4096,386,190,90.3881
4,4096,386,194,93.3715
4,4096,386,196,93.1046
4,4096,386,198,90.173
4,4096,386,202,81.2935
4,4096,386,204,87.916
4,4096,386,206,85.6738
4,4096,386,210,80.5216
4,4096,386,212,83.7602
4,4096,386,214,92.8038
4,4096,386,218,90.0459
4,4096,386,220,87.8159
4,4096,386,222,84.7127
4,4096,386,226,80.3897
4,4096,386,228,87.153
4,4096,386,230,81.2399
4,4096,386,234,79.81
4,4096,386,236,89.4363
4,4096,386,238,87.2287
4,4096,386,242,89.8116
4,4096,386,244,83.3132
4,4096,386,246,87.2662
4,4096,386,250,89.6977
4,4096,386,252,80.42
4,4096,386,254,80.1621
4,4096,386,258,84.2358
4,4096,386,260,89.1911
4,4096,386,262,88.2701
4,4096,386,266,87.9168
4,4096,386,268,88.4424
4,4096,386,270,83.0004
4,4096,386,274,88.37
4,4096,386,276,85.8848
4,4096,386,278,89.5158
4,4096,386,282,86.9955
4,4096,386,284,74.8866
4,4096,386,286,83.0502
4,4096,386,290,85.2018
4,4096,386,292,86.7796
4,4096,386,294,85.8297
4,4096,386,298,85.4494
4,4096,386,300,85.0047
4,4096,386,302,84.0807
4,4096,386,306,83.3064
4,4096,386,308,83.4993
4,4096,386,310,80.9521
4,4096,386,314,78.9484
4,4096,386,316,78.5872
4,4096,386,318,78.637
4,4096,386,322,81.7545
4,4096,386,324,76.9527
4,4096,386,326,81.328
4,4096,386,330,80.4365
4,4096,386,332,78.8791
4,4096,386,334,79.6233
4,4096,386,338,79.5063
4,4096,386,340,76.8584
4,4096,386,342,79.0607
4,4096,386,346,79.0742
4,4096,386,348,77.1559
4,4096,386,350,78.8827
4,4096,386,354,73.1786
4,4096,386,356,74.1104
4,4096,386,358,72.4777
4,4096,386,362,73.2537
4,4096,386,364,74.1048
4,4096,386,366,71.7266
4,4096,386,370,71.4757
4,4096,386,372,74.4883
4,4096,386,374,71.9627
4,4096,386,378,73.4784
4,4096,386,380,72.7945
4,4096,386,382,73.1301
4,4096,388,2,31.9955
4,4096,388,4,56.4419
4,4096,388,6,67.6539
4,4096,388,10,86.2439
4,4096,388,12,94.6938
4,4096,388,14,95.9226
4,4096,388,18,96.7855
4,4096,388,20,101.583
4,4096,388,22,88.9606
4,4096,388,26,107.6428
4,4096,388,28,91.8438
4,4096,388,30,87.4298
4,4096,388,34,98.3161
4,4096,388,36,101.0994
4,4096,388,38,83.078
4,4096,388,42,83.8477
4,4096,388,44,87.2339
4,4096,388,46,93.5965
4,4096,388,50,99.8271
4,4096,388,52,100.7241
4,4096,388,54,92.5195
4,4096,388,58,89.5486
4,4096,388,60,84.8209
4,4096,388,62,95.0568
4,4096,388,66,86.8473
4,4096,388,68,93.5557
4,4096,388,70,83.6801
4,4096,388,74,93.3923
4,4096,388,76,93.7234
4,4096,388,78,89.0903
4,4096,388,82,95.9999
4,4096,388,84,85.618
4,4096,388,86,88.2872
4,4096,388,90,81.5318
4,4096,388,92,87.5454
4,4096,388,94,80.8934
4,4096,388,98,89.6622
4,4096,388,100,92.8103
4,4096,388,102,80.2137
4,4096,388,106,94.6084
4,4096,388,108,94.2918
4,4096,388,110,96.6773
4,4096,388,114,93.6048
4,4096,388,116,91.9368
4,4096,388,118,92.9619
4,4096,388,122,92.2502
4,4096,388,124,94.2089
4,4096,388,126,92.1654
4,4096,388,130,93.7449
4,4096,388,132,97.2344
4,4096,388,134,82.0249
4,4096,388,138,89.4634
4,4096,388,140,87.7847
4,4096,388,142,89.737
4,4096,388,146,81.7982
4,4096,388,148,88.2755
4,4096,388,150,79.8334
4,4096,388,154,93.5975
4,4096,388,156,88.2417
4,4096,388,158,95.077
4,4096,388,162,92.8805
4,4096,388,164,92.916
4,4096,388,166,91.4744
4,4096,388,170,91.6328
4,4096,388,172,91.3811
4,4096,388,174,91.8612
4,4096,388,178,87.3107
4,4096,388,180,87.8148
4,4096,388,182,88.5909
4,4096,388,186,89.7502
4,4096,388,188,90.7236
4,4096,388,190,91.9132
4,4096,388,194,94.6065
4,4096,388,196,88.7758
4,4096,388,198,80.5557
4,4096,388,202,83.7481
4,4096,388,204,89.8178
4,4096,388,206,82.7839
4,4096,388,210,80.3839
4,4096,388,212,90.7586
4,4096,388,214,81.4246
4,4096,388,218,81.1824
4,4096,388,220,81.9487
4,4096,388,222,92.1158
4,4096,388,226,82.9638
4,4096,388,228,86.1131
4,4096,388,230,81.4936
4,4096,388,234,89.2322
4,4096,388,236,91.7533
4,4096,388,238,81.7385
4,4096,388,242,77.5765
4,4096,388,244,80.0244
4,4096,388,246,86.7668
4,4096,388,250,88.5547
4,4096,388,252,89.6547
4,4096,388,254,89.6286
4,4096,388,258,84.8232
4,4096,388,260,86.7014
4,4096,388,262,85.7549
4,4096,388,266,87.8554
4,4096,388,268,87.6776
4,4096,388,270,86.8877
4,4096,388,274,87.628
4,4096,388,276,85.1278
4,4096,388,278,88.5898
4,4096,388,282,88.4995
4,4096,388,284,81.5674
4,4096,388,286,84.7588
4,4096,388,290,83.8644
4,4096,388,292,82.7486
4,4096,388,294,86.1393
4,4096,388,298,86.5524
4,4096,388,300,82.0205
4,4096,388,302,83.3115
4,4096,388,306,81.6955
4,4096,388,308,80.9161
4,4096,388,310,82.488
4,4096,388,314,79.062
4,4096,388,316,76.1379
4,4096,388,318,77.6228
4,4096,388,322,76.3926
4,4096,388,324,80.3271
4,4096,388,326,79.7592
4,4096,388,330,78.8812
4,4096,388,332,80.787
4,4096,388,334,78.5393
4,4096,388,338,79.563
4,4096,388,340,79.0017
4,4096,388,342,76.7791
4,4096,388,346,80.4373
4,4096,388,348,76.815
4,4096,388,350,76.7118
4,4096,388,354,77.3487
4,4096,388,356,76.0892
4,4096,388,358,77.5509
4,4096,388,362,74.7156
4,4096,388,364,75.174
4,4096,388,366,74.7398
4,4096,388,370,72.816
4,4096,388,372,72.6922
4,4096,388,374,70.0018
4,4096,388,378,68.5762
4,4096,388,380,71.2132
4,4096,388,382,71.5632
4,4096,388,386,70.3538
4,4096,390,2,30.8756
4,4096,390,4,60.9233
4,4096,390,6,75.6199
4,4096,390,10,84.9208
4,4096,390,12,95.2122
4,4096,390,14,98.7452
4,4096,390,18,97.5193
4,4096,390,20,107.4551
4,4096,390,22,103.9755
4,4096,390,26,96.4049
4,4096,390,28,94.7955
4,4096,390,30,87.6943
4,4096,390,34,88.4868
4,4096,390,36,103.7785
4,4096,390,38,90.5816
4,4096,390,42,85.5426
4,4096,390,44,96.04
4,4096,390,46,89.3357
4,4096,390,50,102.6361
4,4096,390,52,100.1331
4,4096,390,54,100.9165
4,4096,390,58,88.33
4,4096,390,60,80.8713
4,4096,390,62,92.7529
4,4096,390,66,83.3387
4,4096,390,68,90.7376
4,4096,390,70,95.6257
4,4096,390,74,93.1445
4,4096,390,76,95.7901
4,4096,390,78,90.0419
4,4096,390,82,93.1577
4,4096,390,84,91.636
4,4096,390,86,92.6607
4,4096,390,90,88.0539
4,4096,390,92,94.9135
4,4096,390,94,86.8187
4,4096,390,98,93.9433
4,4096,390,100,89.2453
4,4096,390,102,93.8408
4,4096,390,106,88.5785
4,4096,390,108,94.9446
4,4096,390,110,88.2989
4,4096,390,114,88.4773
4,4096,390,116,90.2796
4,4096,390,118,89.871
4,4096,390,122,86.8688
4,4096,390,124,91.5574
4,4096,390,126,85.42
4,4096,390,130,94.0385
4,4096,390,132,86.4386
4,4096,390,134,93.8753
4,4096,390,138,86.8287
4,4096,390,140,92.59
4,4096,390,142,85.5216
4,4096,390,146,86.3675
4,4096,390,148,93.8489
4,4096,390,150,80.2898
4,4096,390,154,87.9054
4,4096,390,156,92.7924
4,4096,390,158,87.9556
4,4096,390,162,92.2424
4,4096,390,164,83.1141
4,4096,390,166,86.2177
4,4096,390,170,81.6285
4,4096,390,172,89.4227
4,4096,390,174,83.0965
4,4096,390,178,88.8512
4,4096,390,180,77.0515
4,4096,390,182,84.2668
4,4096,390,186,89.8738
4,4096,390,188,85.5526
4,4096,390,190,88.5604
4,4096,390,194,78.0025
4,4096,390,196,86.6142
4,4096,390,198,79.3807
4,4096,390,202,80.9656
4,4096,390,204,88.8565
4,4096,390,206,80.0448
4,4096,390,210,80.376
4,4096,390,212,92.5653
4,4096,390,214,90.528
4,4096,390,218,85.7921
4,4096,390,220,79.6898
4,4096,390,222,79.1425
4,4096,390,226,85.8133
4,4096,390,228,80.9785
4,4096,390,230,91.7973
4,4096,390,234,88.4694
4,4096,390,236,90.191
4,4096,390,238,89.374
4,4096,390,242,80.3467
4,4096,390,244,88.7668
4,4096,390,246,79.028
4,4096,390,250,91.0939
4,4096,390,252,83.9739
4,4096,390,254,88.0685
4,4096,390,258,83.8432
4,4096,390,260,86.963
4,4096,390,262,85.1078
4,4096,390,266,77.9111
4,4096,390,268,87.5261
4,4096,390,270,88.9639
4,4096,390,274,86.8698
4,4096,390,276,86.3895
4,4096,390,278,84.4591
4,4096,390,282,88.9353
4,4096,390,284,85.7137
4,4096,390,286,86.8814
4,4096,390,290,83.0827
4,4096,390,292,83.9754
4,4096,390,294,82.8436
4,4096,390,298,83.3235
4,4096,390,300,85.3441
4,4096,390,302,81.62
4,4096,390,306,83.2826
4,4096,390,308,80.5474
4,4096,390,310,82.2638
4,4096,390,314,79.9997
4,4096,390,316,81.4414
4,4096,390,318,80.7572
4,4096,390,322,78.7009
4,4096,390,324,77.2641
4,4096,390,326,79.0659
4,4096,390,330,80.4598
4,4096,390,332,78.4573
4,4096,390,334,77.4265
4,4096,390,338,78.9628
4,4096,390,340,78.4296
4,4096,390,342,78.3548
4,4096,390,346,77.374
4,4096,390,348,78.3389
4,4096,390,350,75.1517
4,4096,390,354,77.4548
4,4096,390,356,76.9335
4,4096,390,358,72.7306
4,4096,390,362,75.5596
4,4096,390,364,75.0896
4,4096,390,366,76.5445
4,4096,390,370,75.5716
4,4096,390,372,76.0759
4,4096,390,374,72.9212
4,4096,390,378,75.6215
4,4096,390,380,72.7456
4,4096,390,382,69.3597
4,4096,390,386,70.0994
4,4096,390,388,70.4587
4,4096,394,2,31.589
4,4096,394,4,58.3622
4,4096,394,6,72.6555
4,4096,394,10,85.1622
4,4096,394,12,94.7597
4,4096,394,14,92.8135
4,4096,394,18,97.6742
4,4096,394,20,102.3223
4,4096,394,22,101.9952
4,4096,394,26,98.5656
4,4096,394,28,96.9853
4,4096,394,30,104.9946
4,4096,394,34,105.5738
4,4096,394,36,103.8761
4,4096,394,38,98.1886
4,4096,394,42,104.5702
4,4096,394,44,103.1437
4,4096,394,46,99.1393
4,4096,394,50,94.6349
4,4096,394,52,103.6601
4,4096,394,54,97.5927
4,4096,394,58,84.7513
4,4096,394,60,96.6884
4,4096,394,62,84.8666
4,4096,394,66,94.7634
4,4096,394,68,84.9555
4,4096,394,70,93.6613
4,4096,394,74,85.97
4,4096,394,76,90.9076
4,4096,394,78,84.5439
4,4096,394,82,92.164
4,4096,394,84,83.6765
4,4096,394,86,90.2498
4,4096,394,90,85.2892
4,4096,394,92,94.0216
4,4096,394,94,80.08
4,4096,394,98,92.9287
4,4096,394,100,83.9408
4,4096,394,102,93.3462
4,4096,394,106,85.0288
4,4096,394,108,94.3916
4,4096,394,110,87.9359
4,4096,394,114,97.5504
4,4096,394,116,87.6665
4,4096,394,118,91.9296
4,4096,394,122,83.2696
4,4096,394,124,91.5798
4,4096,394,126,85.4256
4,4096,394,130,93.2422
4,4096,394,132,95.7383
4,4096,394,134,97.2084
4,4096,394,138,94.9544
4,4096,394,140,83.6946
4,4096,394,142,87.6315
4,4096,394,146,81.6852
4,4096,394,148,77.0871
4,4096,394,150,83.5876
4,4096,394,154,83.5597
4,4096,394,156,90.9955
4,4096,394,158,82.9826
4,4096,394,162,92.6653
4,4096,394,164,93.6102
4,4096,394,166,94.278
4,4096,394,170,89.633
4,4096,394,172,91.4307
4,4096,394,174,93.1817
4,4096,394,178,88.1896
4,4096,394,180,91.9886
4,4096,394,182,93.3987
4,4096,394,186,92.3922
4,4096,394,188,89.2868
4,4096,394,190,88.274
4,4096,394,194,92.4464
4,4096,394,196,88.0349
4,4096,394,198,93.336
4,4096,394,202,81.8665
4,4096,394,204,91.2168
4,4096,394,206,85.1048
4,4096,394,210,77.6661
4,4096,394,212,91.1693
4,4096,394,214,89.8026
4,4096,394,218,93.4083
4,4096,394,220,91.1289
4,4096,394,222,91.7721
4,4096,394,226,91.4674
4,4096,394,228,78.8408
4,4096,394,230,77.7939
4,4096,394,234,77.763
4,4096,394,236,86.9613
4,4096,394,238,90.38
4,4096,394,242,90.4066
4,4096,394,244,93.4119
4,4096,394,246,90.7681
4,4096,394,250,91.4216
4,4096,394,252,84.8059
4,4096,394,254,86.0832
4,4096,394,258,88.1534
4,4096,394,260,86.8638
4,4096,394,262,88.6027
4,4096,394,266,87.8924
4,4096,394,268,88.3937
4,4096,394,270,88.2524
4,4096,394,274,83.2559
4,4096,394,276,87.4493
4,4096,394,278,88.1729
4,4096,394,282,86.5519
4,4096,394,284,84.1882
4,4096,394,286,85.2785
4,4096,394,290,87.707
4,4096,394,292,74.2285
4,4096,394,294,84.7721
4,4096,394,298,83.4524
4,4096,394,300,84.0008
4,4096,394,302,82.1486
4,4096,394,306,84.0676
4,4096,394,308,84.4709
4,4096,394,310,83.6791
4,4096,394,314,83.6989
4,4096,394,316,83.4665
4,4096,394,318,82.3303
4,4096,394,322,80.8099
4,4096,394,324,84.1693
4,4096,394,326,81.4902
4,4096,394,330,75.8769
4,4096,394,332,76.2028
4,4096,394,334,79.0993
4,4096,394,338,81.4773
4,4096,394,340,76.6319
4,4096,394,342,81.1048
4,4096,394,346,78.8005
4,4096,394,348,77.1467
4,4096,394,350,76.5201
4,4096,394,354,78.5828
4,4096,394,356,75.4493
4,4096,394,358,78.2795
4,4096,394,362,76.5279
4,4096,394,364,74.7026
4,4096,394,366,75.3568
4,4096,394,370,74.7683
4,4096,394,372,74.1257
4,4096,394,374,74.3209
4,4096,394,378,72.8433
4,4096,394,380,72.5735
4,4096,394,382,73.239
4,4096,394,386,71.0484
4,4096,394,388,70.9324
4,4096,394,390,74.0311
4,4096,396,2,32.5447
4,4096,396,4,59.7436
4,4096,396,6,72.3104
4,4096,396,10,83.7089
4,4096,396,12,93.4575
4,4096,396,14,98.3957
4,4096,396,18,96.0196
4,4096,396,20,98.7182
4,4096,396,22,102.3259
4,4096,396,26,97.8276
4,4096,396,28,98.3806
4,4096,396,30,83.0181
4,4096,396,34,90.3538
4,4096,396,36,90.3299
4,4096,396,38,90.4546
4,4096,396,42,85.2181
4,4096,396,44,108.1185
4,4096,396,46,89.8849
4,4096,396,50,85.4714
4,4096,396,52,87.1832
4,4096,396,54,85.0094
4,4096,396,58,85.5612
4,4096,396,60,95.7381
4,4096,396,62,94.3001
4,4096,396,66,89.3954
4,4096,396,68,97.1944
4,4096,396,70,97.9264
4,4096,396,74,94.016
4,4096,396,76,94.5441
4,4096,396,78,92.9732
4,4096,396,82,93.5464
4,4096,396,84,95.3559
4,4096,396,86,92.7736
4,4096,396,90,97.0152
4,4096,396,92,82.9073
4,4096,396,94,95.2373
4,4096,396,98,93.6559
4,4096,396,100,94.1528
4,4096,396,102,94.3797
4,4096,396,106,79.4201
4,4096,396,108,85.9418
4,4096,396,110,85.7508
4,4096,396,114,86.5793
4,4096,396,116,88.5152
4,4096,396,118,81.4699
4,4096,396,122,95.0553
4,4096,396,124,93.1134
4,4096,396,126,92.8212
4,4096,396,130,90.9185
4,4096,396,132,94.1668
4,4096,396,134,96.5273
4,4096,396,138,96.7971
4,4096,396,140,95.3079
4,4096,396,142,96.278
4,4096,396,146,81.476
4,4096,396,148,85.0612
4,4096,396,150,83.099
4,4096,396,154,82.7883
4,4096,396,156,94.448
4,4096,396,158,93.5781
4,4096,396,162,89.789
4,4096,396,164,93.1215
4,4096,396,166,77.3293
4,4096,396,170,81.9385
4,4096,396,172,92.0796
4,4096,396,174,92.0637
4,4096,396,178,93.0727
4,4096,396,180,91.3579
4,4096,396,182,89.2821
4,4096,396,186,91.6334
4,4096,396,188,91.7541
4,4096,396,190,78.984
4,4096,396,194,83.0009
4,4096,396,196,84.8615
4,4096,396,198,81.1549
4,4096,396,202,89.6485
4,4096,396,204,83.8388
4,4096,396,206,82.5562
4,4096,396,210,90.2971
4,4096,396,212,84.3707
4,4096,396,214,82.051
4,4096,396,218,78.9666
4,4096,396,220,87.8072
4,4096,396,222,78.1395
4,4096,396,226,91.1924
4,4096,396,228,80.1893
4,4096,396,230,86.1349
4,4096,396,234,84.037
4,4096,396,236,89.666
4,4096,396,238,90.9911
4,4096,396,242,85.5062
4,4096,396,244,88.2687
4,4096,396,246,81.3453
4,4096,396,250,87.7979
4,4096,396,252,77.9466
4,4096,396,254,80.5566
4,4096,396,258,88.6156
4,4096,396,260,86.7637
4,4096,396,262,88.1078
4,4096,396,266,87.6074
4,4096,396,268,87.6614
4,4096,396,270,84.3336
4,4096,396,274,84.3057
4,4096,396,276,82.5088
4,4096,396,278,83.8977
4,4096,396,282,87.7535
4,4096,396,284,87.6767
4,4096,396,286,85.16
4,4096,396,290,76.9934
4,4096,396,292,84.8019
4,4096,396,294,85.2404
4,4096,396,298,83.5044
4,4096,396,300,83.7159
4,4096,396,302,77.613
4,4096,396,306,80.4697
4,4096,396,308,82.5248
4,4096,396,310,81.9518
4,4096,396,314,82.1964
4,4096,396,316,82.4074
4,4096,396,318,82.1458
4,4096,396,322,80.4181
4,4096,396,324,80.1549
4,4096,396,326,83.1629
4,4096,396,330,79.2949
4,4096,396,332,79.8192
4,4096,396,334,79.3445
4,4096,396,338,71.5548
4,4096,396,340,76.1063
4,4096,396,342,76.0542
4,4096,396,346,76.6248
4,4096,396,348,77.3346
4,4096,396,350,79.5711
4,4096,396,354,74.6118
4,4096,396,356,77.6436
4,4096,396,358,76.2984
4,4096,396,362,74.8415
4,4096,396,364,75.1632
4,4096,396,366,74.9812
4,4096,396,370,78.1569
4,4096,396,372,77.6649
4,4096,396,374,73.2334
4,4096,396,378,73.294
4,4096,396,380,74.8023
4,4096,396,382,75.0815
4,4096,396,386,72.2091
4,4096,396,388,69.3894
4,4096,396,390,70.7269
4,4096,396,394,68.6095
4,4096,398,2,30.8177
4,4096,398,4,59.2835
4,4096,398,6,70.0667
4,4096,398,10,82.3208
4,4096,398,12,87.7893
4,4096,398,14,85.7685
4,4096,398,18,96.702
4,4096,398,20,101.7996
4,4096,398,22,105.3221
4,4096,398,26,103.7862
4,4096,398,28,103.389
4,4096,398,30,104.9883
4,4096,398,34,82.1005
4,4096,398,36,77.177
4,4096,398,38,99.9271
4,4096,398,42,90.6875
4,4096,398,44,85.5975
4,4096,398,46,88.7702
4,4096,398,50,93.0079
4,4096,398,52,84.0285
4,4096,398,54,100.8082
4,4096,398,58,87.9632
4,4096,398,60,98.1138
4,4096,398,62,83.3196
4,4096,398,66,94.1852
4,4096,398,68,96.4419
4,4096,398,70,95.7942
4,4096,398,74,92.8535
4,4096,398,76,95.6204
4,4096,398,78,94.8134
4,4096,398,82,95.2981
4,4096,398,84,97.307
4,4096,398,86,95.2684
4,4096,398,90,97.4514
4,4096,398,92,91.538
4,4096,398,94,91.0248
4,4096,398,98,94.744
4,4096,398,100,96.8899
4,4096,398,102,93.843
4,4096,398,106,99.3126
4,4096,398,108,96.1845
4,4096,398,110,94.4465
4,4096,398,114,87.5333
4,4096,398,116,93.3298
4,4096,398,118,93.8498
4,4096,398,122,79.9847
4,4096,398,124,95.4126
4,4096,398,126,94.3292
4,4096,398,130,94.5176
4,4096,398,132,88.6519
4,4096,398,134,82.2675
4,4096,398,138,79.1846
4,4096,398,140,86.4928
4,4096,398,142,82.0073
4,4096,398,146,94.8031
4,4096,398,148,92.0496
4,4096,398,150,88.921
4,4096,398,154,91.4599
4,4096,398,156,89.7226
4,4096,398,158,93.7759
4,4096,398,162,81.7498
4,4096,398,164,94.9643
4,4096,398,166,92.7606
4,4096,398,170,90.0598
4,4096,398,172,92.0475
4,4096,398,174,85.8364
4,4096,398,178,87.5904
4,4096,398,180,91.5243
4,4096,398,182,89.0487
4,4096,398,186,92.5361
4,4096,398,188,91.3736
4,4096,398,190,94.4008
4,4096,398,194,91.7554
4,4096,398,196,85.1716
4,4096,398,198,87.0403
4,4096,398,202,92.6223
4,4096,398,204,81.5744
4,4096,398,206,95.1985
4,4096,398,210,93.0642
4,4096,398,212,90.7616
4,4096,398,214,79.6666
4,4096,398,218,90.0316
4,4096,398,220,88.6221
4,4096,398,222,91.0651
4,4096,398,226,90.6276
4,4096,398,228,90.1073
4,4096,398,230,89.6978
4,4096,398,234,92.1179
4,4096,398,236,78.2271
4,4096,398,238,77.3401
4,4096,398,242,84.2599
4,4096,398,244,89.3685
4,4096,398,246,85.3746
4,4096,398,250,87.0321
4,4096,398,252,88.6087
4,4096,398,254,89.0373
4,4096,398,258,84.6584
4,4096,398,260,87.4792
4,4096,398,262,86.412
4,4096,398,266,89.0454
4,4096,398,268,85.0259
4,4096,398,270,88.0681
4,4096,398,274,86.5397
4,4096,398,276,83.4963
4,4096,398,278,76.3709
4,4096,398,282,76.6821
4,4096,398,284,83.8184
4,4096,398,286,84.535
4,4096,398,290,86.5638
4,4096,398,292,81.9234
4,4096,398,294,84.934
4,4096,398,298,82.2761
4,4096,398,300,84.0633
4,4096,398,302,83.5601
4,4096,398,306,81.0873
4,4096,398,308,78.9704
4,4096,398,310,81.7583
4,4096,398,314,80.7743
4,4096,398,316,83.2052
4,4096,398,318,85.656
4,4096,398,322,81.7474
4,4096,398,324,83.8141
4,4096,398,326,79.3645
4,4096,398,330,79.2739
4,4096,398,332,78.8476
4,4096,398,334,79.9301
4,4096,398,338,78.7081
4,4096,398,340,79.4114
4,4096,398,342,76.9009
4,4096,398,346,77.228
4,4096,398,348,77.045
4,4096,398,350,77.5703
4,4096,398,354,76.7031
4,4096,398,356,79.7584
4,4096,398,358,75.6908
4,4096,398,362,75.3884
4,4096,398,364,75.5268
4,4096,398,366,74.3864
4,4096,398,370,76.6831
4,4096,398,372,74.1148
4,4096,398,374,73.1456
4,4096,398,378,72.4749
4,4096,398,380,72.8695
4,4096,398,382,72.7064
4,4096,398,386,71.699
4,4096,398,388,73.0547
4,4096,398,390,73.3533
4,4096,398,394,70.9195
4,4096,398,396,70.8577
4,4096,402,2,30.148
4,4096,402,4,58.971
4,4096,402,6,68.9104
4,4096,402,10,83.0628
4,4096,402,12,89.8422
4,4096,402,14,93.392
4,4096,402,18,90.641
4,4096,402,20,91.4491
4,4096,402,22,99.4882
4,4096,402,26,101.8189
4,4096,402,28,102.2775
4,4096,402,30,102.0182
4,4096,402,34,87.5481
4,4096,402,36,77.2997
4,4096,402,38,96.618
4,4096,402,42,91.4049
4,4096,402,44,84.1029
4,4096,402,46,103.7427
4,4096,402,50,93.0243
4,4096,402,52,86.1691
4,4096,402,54,81.981
4,4096,402,58,86.4819
4,4096,402,60,85.6747
4,4096,402,62,91.2619
4,4096,402,66,78.8163
4,4096,402,68,91.8907
4,4096,402,70,95.1187
4,4096,402,74,92.6379
4,4096,402,76,95.1498
4,4096,402,78,86.4399
4,4096,402,82,90.0929
4,4096,402,84,94.726
4,4096,402,86,90.111
4,4096,402,90,95.4966
4,4096,402,92,93.471
4,4096,402,94,94.7148
4,4096,402,98,94.5392
4,4096,402,100,92.2992
4,4096,402,102,91.1042
4,4096,402,106,93.1581
4,4096,402,108,97.298
4,4096,402,110,91.5871
4,4096,402,114,94.0772
4,4096,402,116,95.4509
4,4096,402,118,94.8313
4,4096,402,122,91.848
4,4096,402,124,94.2994
4,4096,402,126,94.5623
4,4096,402,130,93.526
4,4096,402,132,95.1491
4,4096,402,134,97.1932
4,4096,402,138,93.3898
4,4096,402,140,90.267
4,4096,402,142,89.8603
4,4096,402,146,94.3744
4,4096,402,148,93.0618
4,4096,402,150,92.6062
4,4096,402,154,92.6132
4,4096,402,156,92.3953
4,4096,402,158,91.0568
4,4096,402,162,88.4679
4,4096,402,164,89.2836
4,4096,402,166,79.1133
4,4096,402,170,90.8052
4,4096,402,172,91.3178
4,4096,402,174,91.6473
4,4096,402,178,90.7791
4,4096,402,180,92.7282
4,4096,402,182,89.7171
4,4096,402,186,88.9488
4,4096,402,188,91.7346
4,4096,402,190,93.0976
4,4096,402,194,92.138
4,4096,402,196,94.8103
4,4096,402,198,89.5437
4,4096,402,202,94.9431
4,4096,402,204,89.1298
4,4096,402,206,89.4091
4,4096,402,210,92.5616
4,4096,402,212,90.2906
4,4096,402,214,89.1312
4,4096,402,218,92.754
4,4096,402,220,92.8345
4,4096,402,222,79.9197
4,4096,402,226,77.4452
4,4096,402,228,82.9575
4,4096,402,230,80.959
4,4096,402,234,88.7692
4,4096,402,236,77.7976
4,4096,402,238,78.2695
4,4096,402,242,89.1117
4,4096,402,244,79.4651
4,4096,402,246,77.4789
4,4096,402,250,88.4757
4,4096,402,252,85.2459
4,4096,402,254,85.694
4,4096,402,258,81.2245
4,4096,402,260,86.8845
4,4096,402,262,84.5258
4,4096,402,266,88.1396
4,4096,402,268,85.8106
4,4096,402,270,82.7458
4,4096,402,274,84.7244
4,4096,402,276,78.0217
4,4096,402,278,85.8509
4,4096,402,282,77.954
4,4096,402,284,88.9119
4,4096,402,286,85.0296
4,4096,402,290,83.1617
4,4096,402,292,86.5488
4,4096,402,294,84.6211
4,4096,402,298,84.3429
4,4096,402,300,80.854
4,4096,402,302,83.6836
4,4096,402,306,85.0917
4,4096,402,308,82.1709
4,4096,402,310,83.7841
4,4096,402,314,81.7712
4,4096,402,316,83.0733
4,4096,402,318,82.1652
4,4096,402,322,82.2606
4,4096,402,324,81.0226
4,4096,402,326,78.95
4,4096,402,330,77.9838
4,4096,402,332,76.8399
4,4096,402,334,76.1676
4,4096,402,338,79.1091
4,4096,402,340,76.789
4,4096,402,342,78.7025
4,4096,402,346,78.3022
4,4096,402,348,79.4406
4,4096,402,350,78.0349
4,4096,402,354,75.6995
4,4096,402,356,76.5718
4,4096,402,358,74.6862
4,4096,402,362,76.6097
4,4096,402,364,73.8042
4,4096,402,366,74.3878
4,4096,402,370,77.1784
4,4096,402,372,76.1934
4,4096,402,374,75.4769
4,4096,402,378,73.0151
4,4096,402,380,74.6725
4,4096,402,382,73.2408
4,4096,402,386,71.5193
4,4096,402,388,70.514
4,4096,402,390,70.4842
4,4096,402,394,71.6771
4,4096,402,396,70.7713
4,4096,402,398,70.5863
4,4096,404,2,31.077
4,4096,404,4,55.4062
4,4096,404,6,68.628
4,4096,404,10,78.2312
4,4096,404,12,84.3079
4,4096,404,14,83.6012
4,4096,404,18,92.1288
4,4096,404,20,95.0573
4,4096,404,22,100.2604
4,4096,404,26,98.7503
4,4096,404,28,102.0823
4,4096,404,30,102.2835
4,4096,404,34,101.7449
4,4096,404,36,93.5811
4,4096,404,38,87.0778
4,4096,404,42,75.0883
4,4096,404,44,97.5489
4,4096,404,46,103.1929
4,4096,404,50,94.4153
4,4096,404,52,99.2631
4,4096,404,54,88.7108
4,4096,404,58,87.1917
4,4096,404,60,82.5565
4,4096,404,62,96.8009
4,4096,404,66,94.6592
4,4096,404,68,96.5215
4,4096,404,70,91.4682
4,4096,404,74,92.1078
4,4096,404,76,90.1518
4,4096,404,78,79.8222
4,4096,404,82,92.4519
4,4096,404,84,94.1944
4,4096,404,86,93.0317
4,4096,404,90,95.568
4,4096,404,92,93.0949
4,4096,404,94,92.9871
4,4096,404,98,94.121
4,4096,404,100,88.5648
4,4096,404,102,94.1063
4,4096,404,106,96.5603
4,4096,404,108,98.7611
4,4096,404,110,97.6172
4,4096,404,114,92.5853
4,4096,404,116,91.0818
4,4096,404,118,91.2648
4,4096,404,122,89.558
4,4096,404,124,97.2213
4,4096,404,126,96.3169
4,4096,404,130,94.9611
4,4096,404,132,94.9694
4,4096,404,134,92.7924
4,4096,404,138,92.6472
4,4096,404,140,92.8107
4,4096,404,142,97.4495
4,4096,404,146,95.8112
4,4096,404,148,95.0644
4,4096,404,150,84.1219
4,4096,404,154,82.0826
4,4096,404,156,95.9547
4,4096,404,158,91.5699
4,4096,404,162,92.9888
4,4096,404,164,91.9372
4,4096,404,166,93.8607
4,4096,404,170,90.0703
4,4096,404,172,88.9931
4,4096,404,174,88.2126
4,4096,404,178,88.4958
4,4096,404,180,85.1872
4,4096,404,182,86.5833
4,4096,404,186,91.9803
4,4096,404,188,81.2828
4,4096,404,190,92.6342
4,4096,404,194,89.6264
4,4096,404,196,92.8377
4,4096,404,198,87.4819
4,4096,404,202,87.4591
4,4096,404,204,88.5209
4,4096,404,206,84.7504
4,4096,404,210,79.2315
4,4096,404,212,78.4272
4,4096,404,214,82.4082
4,4096,404,218,80.6828
4,4096,404,220,86.3665
4,4096,404,222,77.4753
4,4096,404,226,75.7569
4,4096,404,228,79.6358
4,4096,404,230,79.1689
4,4096,404,234,88.3362
4,4096,404,236,88.7108
4,4096,404,238,86.4738
4,4096,404,242,91.094
4,4096,404,244,87.6147
4,4096,404,246,78.565
4,4096,404,250,84.2417
4,4096,404,252,86.1465
4,4096,404,254,87.7847
4,4096,404,258,85.6512
4,4096,404,260,81.6765
4,4096,404,262,84.1708
4,4096,404,266,86.3033
4,4096,404,268,85.0395
4,4096,404,270,84.2007
4,4096,404,274,84.6199
4,4096,404,276,86.2848
4,4096,404,278,86.2452
4,4096,404,282,83.5094
4,4096,404,284,85.86
4,4096,404,286,85.7251
4,4096,404,290,87.8043
4,4096,404,292,82.0815
4,4096,404,294,74.2766
4,4096,404,298,80.1429
4,4096,404,300,78.7942
4,4096,404,302,81.9834
4,4096,404,306,83.4364
4,4096,404,308,84.8388
4,4096,404,310,78.0174
4,4096,404,314,80.8227
4,4096,404,316,81.6002
4,4096,404,318,79.6682
4,4096,404,322,81.3894
4,4096,404,324,80.9227
4,4096,404,326,80.8166
4,4096,404,330,77.63
4,4096,404,332,67.7775
4,4096,404,334,75.8039
4,4096,404,338,79.25
4,4096,404,340,71.4541
4,4096,404,342,75.5405
4,4096,404,346,74.0975
4,4096,404,348,77.1443
4,4096,404,350,76.0788
4,4096,404,354,76.9458
4,4096,404,356,76.836
4,4096,404,358,74.3051
4,4096,404,362,74.5261
4,4096,404,364,75.0372
4,4096,404,366,76.1355
4,4096,404,370,74.1735
4,4096,404,372,73.3971
4,4096,404,374,73.8712
4,4096,404,378,72.2058
4,4096,404,380,72.8453
4,4096,404,382,74.4826
4,4096,404,386,72.4783
4,4096,404,388,69.2098
4,4096,404,390,71.6146
4,4096,404,394,69.0591
4,4096,404,396,70.848
4,4096,404,398,71.1405
4,4096,404,402,69.33
4,4096,406,2,30.5755
4,4096,406,4,54.4267
4,4096,406,6,70.3165
4,4096,406,10,82.816
4,4096,406,12,90.0849
4,4096,406,14,92.9089
4,4096,406,18,92.1348
4,4096,406,20,95.2253
4,4096,406,22,98.2118
4,4096,406,26,92.7642
4,4096,406,28,105.4717
4,4096,406,30,103.3011
4,4096,406,34,98.2207
4,4096,406,36,100.5576
4,4096,406,38,103.8701
4,4096,406,42,85.7709
4,4096,406,44,85.7619
4,4096,406,46,102.0408
4,4096,406,50,87.6186
4,4096,406,52,99.9696
4,4096,406,54,100.785
4,4096,406,58,85.0025
4,4096,406,60,90.4671
4,4096,406,62,91.2926
4,4096,406,66,93.9978
4,4096,406,68,97.1298
4,4096,406,70,95.673
4,4096,406,74,93.5332
4,4096,406,76,94.8947
4,4096,406,78,92.4145
4,4096,406,82,95.1046
4,4096,406,84,90.7478
4,4096,406,86,93.7603
4,4096,406,90,94.868
4,4096,406,92,90.4175
4,4096,406,94,93.5563
4,4096,406,98,93.2158
4,4096,406,100,95.1616
4,4096,406,102,97.096
4,4096,406,106,92.143
4,4096,406,108,92.3544
4,4096,406,110,90.8055
4,4096,406,114,87.8734
4,4096,406,116,94.7398
4,4096,406,118,93.7936
4,4096,406,122,91.3741
4,4096,406,124,93.9653
4,4096,406,126,88.8072
4,4096,406,130,92.3438
4,4096,406,132,94.6512
4,4096,406,134,92.5153
4,4096,406,138,90.5939
4,4096,406,140,93.4169
4,4096,406,142,91.5625
4,4096,406,146,91.0651
4,4096,406,148,89.9983
4,4096,406,150,93.1366
4,4096,406,154,83.6264
4,4096,406,156,89.6045
4,4096,406,158,95.4815
4,4096,406,162,89.4304
4,4096,406,164,90.1571
4,4096,406,166,90.4725
4,4096,406,170,89.3125
4,4096,406,172,92.6904
4,4096,406,174,89.3696
4,4096,406,178,90.2244
4,4096,406,180,90.7768
4,4096,406,182,89.4021
4,4096,406,186,93.1747
4,4096,406,188,84.6987
4,4096,406,190,91.7113
4,4096,406,194,94.1541
4,4096,406,196,91.8985
4,4096,406,198,90.099
4,4096,406,202,87.2629
4,4096,406,204,90.1384
4,4096,406,206,80.3415
4,4096,406,210,80.7184
4,4096,406,212,81.0187
4,4096,406,214,79.9607
4,4096,406,218,79.5714
4,4096,406,220,91.7831
4,4096,406,222,91.4092
4,4096,406,226,90.1227
4,4096,406,228,89.2037
4,4096,406,230,87.6489
4,4096,406,234,90.4525
4,4096,406,236,88.8472
4,4096,406,238,88.8816
4,4096,406,242,91.6427
4,4096,406,244,86.1184
4,4096,406,246,89.0542
4,4096,406,250,90.1502
4,4096,406,252,77.5814
4,4096,406,254,86.1701
4,4096,406,258,82.6391
4,4096,406,260,86.9583
4,4096,406,262,87.5555
4,4096,406,266,87.1106
4,4096,406,268,87.0653
4,4096,406,270,86.3414
4,4096,406,274,86.5173
4,4096,406,276,86.953
4,4096,406,278,86.5285
4,4096,406,282,83.9075
4,4096,406,284,76.4034
4,4096,406,286,78.1609
4,4096,406,290,73.7709
4,4096,406,292,83.3012
4,4096,406,294,85.7713
4,4096,406,298,85.385
4,4096,406,300,83.3794
4,4096,406,302,83.8075
4,4096,406,306,85.8687
4,4096,406,308,82.1078
4,4096,406,310,82.1644
4,4096,406,314,82.6684
4,4096,406,316,83.4695
4,4096,406,318,70.6956
4,4096,406,322,76.511
4,4096,406,324,79.0219
4,4096,406,326,75.0927
4,4096,406,330,81.6501
4,4096,406,332,78.6789
4,4096,406,334,81.1174
4,4096,406,338,80.6073
4,4096,406,340,78.4807
4,4096,406,342,78.7413
4,4096,406,346,79.2878
4,4096,406,348,81.0688
4,4096,406,350,78.9642
4,4096,406,354,78.239
4,4096,406,356,77.5555
4,4096,406,358,76.7876
4,4096,406,362,75.2278
4,4096,406,364,76.3894
4,4096,406,366,72.7093
4,4096,406,370,73.6983
4,4096,406,372,72.0912
4,4096,406,374,71.6182
4,4096,406,378,72.8921
4,4096,406,380,68.6431
4,4096,406,382,69.9527
4,4096,406,386,67.7238
4,4096,406,388,68.2616
4,4096,406,390,69.9343
4,4096,406,394,68.3193
4,4096,406,396,68.6952
4,4096,406,398,67.3671
4,4096,406,402,66.7224
4,4096,406,404,67.2024
4,4096,410,2,29.8338
4,4096,410,4,56.5752
4,4096,410,6,67.1073
4,4096,410,10,74.8673
4,4096,410,12,81.8377
4,4096,410,14,81.5947
4,4096,410,18,91.523
4,4096,410,20,99.3085
4,4096,410,22,99.103
4,4096,410,26,102.48
4,4096,410,28,102.0419
4,4096,410,30,104.0026
4,4096,410,34,76.4045
4,4096,410,36,79.8736
4,4096,410,38,93.1169
4,4096,410,42,85.6018
4,4096,410,44,83.4207
4,4096,410,46,97.7525
4,4096,410,50,85.1077
4,4096,410,52,84.4315
4,4096,410,54,90.4653
4,4096,410,58,81.0144
4,4096,410,60,96.1368
4,4096,410,62,94.8452
4,4096,410,66,93.9365
4,4096,410,68,94.6705
4,4096,410,70,95.3129
4,4096,410,74,82.6939
4,4096,410,76,83.594
4,4096,410,78,92.8084
4,4096,410,82,96.2881
4,4096,410,84,96.1535
4,4096,410,86,97.2585
4,4096,410,90,93.492
4,4096,410,92,96.3024
4,4096,410,94,97.0185
4,4096,410,98,88.5524
4,4096,410,100,95.0176
4,4096,410,102,97.1637
4,4096,410,106,93.7505
4,4096,410,108,88.2137
4,4096,410,110,95.9251
4,4096,410,114,94.6243
4,4096,410,116,96.2184
4,4096,410,118,87.4389
4,4096,410,122,83.7084
4,4096,410,124,96.9813
4,4096,410,126,85.9942
4,4096,410,130,81.4405
4,4096,410,132,93.5604
4,4096,410,134,93.1512
4,4096,410,138,94.8324
4,4096,410,140,91.3235
4,4096,410,142,92.1605
4,4096,410,146,84.5973
4,4096,410,148,93.459
4,4096,410,150,86.2286
4,4096,410,154,95.4056
4,4096,410,156,92.2596
4,4096,410,158,93.3507
4,4096,410,162,93.5154
4,4096,410,164,81.1763
4,4096,410,166,89.3589
4,4096,410,170,91.3374
4,4096,410,172,91.57
4,4096,410,174,92.7355
4,4096,410,178,87.7303
4,4096,410,180,76.0005
4,4096,410,182,86.0296
4,4096,410,186,82.268
4,4096,410,188,92.8485
4,4096,410,190,96.4091
4,4096,410,194,91.902
4,4096,410,196,80.4918
4,4096,410,198,84.965
4,4096,410,202,80.546
4,4096,410,204,88.3011
4,4096,410,206,91.7316
4,4096,410,210,91.3424
4,4096,410,212,91.5704
4,4096,410,214,86.8322
4,4096,410,218,79.586
4,4096,410,220,78.1529
4,4096,410,222,87.008
4,4096,410,226,81.7552
4,4096,410,228,81.6482
4,4096,410,230,92.1448
4,4096,410,234,92.6741
4,4096,410,236,79.0085
4,4096,410,238,83.8177
4,4096,410,242,78.3542
4,4096,410,244,80.5462
4,4096,410,246,88.1115
4,4096,410,250,81.1974
4,4096,410,252,79.1458
4,4096,410,254,84.4855
4,4096,410,258,78.8688
4,4096,410,260,75.5049
4,4096,410,262,76.6788
4,4096,410,266,80.3885
4,4096,410,268,78.4846
4,4096,410,270,77.7708
4,4096,410,274,86.2625
4,4096,410,276,90.931
4,4096,410,278,89.2532
4,4096,410,282,84.4886
4,4096,410,284,81.3203
4,4096,410,286,77.4678
4,4096,410,290,83.3357
4,4096,410,292,77.2207
4,4096,410,294,79.6476
4,4096,410,298,78.1595
4,4096,410,300,87.1811
4,4096,410,302,82.3138
4,4096,410,306,84.3382
4,4096,410,308,81.1836
4,4096,410,310,82.146
4,4096,410,314,84.5874
4,4096,410,316,82.9349
4,4096,410,318,82.8789
4,4096,410,322,82.9157
4,4096,410,324,82.6339
4,4096,410,326,82.8846
4,4096,410,330,73.2826
4,4096,410,332,82.4557
4,4096,410,334,77.895
4,4096,410,338,77.3976
4,4096,410,340,79.3806
4,4096,410,342,78.472
4,4096,410,346,79.8125
4,4096,410,348,80.701
4,4096,410,350,79.7159
4,4096,410,354,81.0335
4,4096,410,356,78.0585
4,4096,410,358,79.5443
4,4096,410,362,74.2236
4,4096,410,364,78.9878
4,4096,410,366,75.9846
4,4096,410,370,73.3905
4,4096,410,372,73.9121
4,4096,410,374,76.5754
4,4096,410,378,75.4801
4,4096,410,380,76.1135
4,4096,410,382,74.0694
4,4096,410,386,75.3139
4,4096,410,388,73.2105
4,4096,410,390,73.0604
4,4096,410,394,70.0912
4,4096,410,396,73.909
4,4096,410,398,70.2518
4,4096,410,402,72.5885
4,4096,410,404,70.4469
4,4096,410,406,69.2594
4,4096,412,2,30.4229
4,4096,412,4,56.0302
4,4096,412,6,72.6438
4,4096,412,10,82.8404
4,4096,412,12,89.8802
4,4096,412,14,89.6934
4,4096,412,18,95.2592
4,4096,412,20,94.8437
4,4096,412,22,95.3204
4,4096,412,26,98.8345
4,4096,412,28,102.0763
4,4096,412,30,98.9313
4,4096,412,34,97.8271
4,4096,412,36,85.2741
4,4096,412,38,96.5807
4,4096,412,42,85.1469
4,4096,412,44,80.6941
4,4096,412,46,98.074
4,4096,412,50,89.4694
4,4096,412,52,95.9712
4,4096,412,54,99.5307
4,4096,412,58,92.1348
4,4096,412,60,89.268
4,4096,412,62,90.3149
4,4096,412,66,92.9092
4,4096,412,68,93.9619
4,4096,412,70,96.1086
4,4096,412,74,94.9896
4,4096,412,76,94.3523
4,4096,412,78,92.5162
4,4096,412,82,92.49
4,4096,412,84,94.3729
4,4096,412,86,92.7071
4,4096,412,90,99.0276
4,4096,412,92,96.536
4,4096,412,94,96.5189
4,4096,412,98,93.2157
4,4096,412,100,92.0048
4,4096,412,102,93.3759
4,4096,412,106,91.5061
4,4096,412,108,95.2579
4,4096,412,110,83.0985
4,4096,412,114,90.0209
4,4096,412,116,84.6341
4,4096,412,118,93.8531
4,4096,412,122,95.4692
4,4096,412,124,93.1775
4,4096,412,126,81.4244
4,4096,412,130,94.9984
4,4096,412,132,93.3473
4,4096,412,134,90.3637
4,4096,412,138,93.9911
4,4096,412,140,94.7961
4,4096,412,142,94.8677
4,4096,412,146,89.763
4,4096,412,148,96.7118
4,4096,412,150,83.9689
4,4096,412,154,92.8656
4,4096,412,156,84.6693
4,4096,412,158,94.0208
4,4096,412,162,93.2198
4,4096,412,164,91.7083
4,4096,412,166,83.1811
4,4096,412,170,91.1911
4,4096,412,172,83.386
4,4096,412,174,80.9324
4,4096,412,178,92.9108
4,4096,412,180,91.3252
4,4096,412,182,90.1036
4,4096,412,186,83.3455
4,4096,412,188,81.7357
4,4096,412,190,91.8386
4,4096,412,194,93.5249
4,4096,412,196,93.8105
4,4096,412,198,87.3743
4,4096,412,202,89.8369
4,4096,412,204,88.4523
4,4096,412,206,89.3884
4,4096,412,210,92.7777
4,4096,412,212,91.4266
4,4096,412,214,91.6666
4,4096,412,218,88.5079
4,4096,412,220,94.5507
4,4096,412,222,77.651
4,4096,412,226,82.6149
4,4096,412,228,82.7925
4,4096,412,230,81.4867
4,4096,412,234,89.2766
4,4096,412,236,87.3047
4,4096,412,238,90.39
4,4096,412,242,88.6636
4,4096,412,244,89.5255
4,4096,412,246,78.1444
4,4096,412,250,89.1978
4,4096,412,252,85.9914
4,4096,412,254,85.7431
4,4096,412,258,78.8662
4,4096,412,260,81.6954
4,4096,412,262,75.3471
4,4096,412,266,78.4769
4,4096,412,268,75.4077
4,4096,412,270,79.602
4,4096,412,274,77.5149
4,4096,412,276,90.6336
4,4096,412,278,84.358
4,4096,412,282,84.8386
4,4096,412,284,88.8322
4,4096,412,286,77.5534
4,4096,412,290,82.3937
4,4096,412,292,86.3264
4,4096,412,294,86.234
4,4096,412,298,85.6014
4,4096,412,300,84.0506
4,4096,412,302,83.7399
4,4096,412,306,84.8691
4,4096,412,308,84.1685
4,4096,412,310,84.6344
4,4096,412,314,78.6831
4,4096,412,316,81.0594
4,4096,412,318,82.5475
4,4096,412,322,82.9607
4,4096,412,324,83.8492
4,4096,412,326,79.7451
4,4096,412,330,81.2663
4,4096,412,332,81.1578
4,4096,412,334,81.8329
4,4096,412,338,79.2609
4,4096,412,340,77.9847
4,4096,412,342,79.187
4,4096,412,346,75.9391
4,4096,412,348,74.9798
4,4096,412,350,77.7944
4,4096,412,354,80.076
4,4096,412,356,78.558
4,4096,412,358,78.1026
4,4096,412,362,76.4719
4,4096,412,364,78.6371
4,4096,412,366,77.4664
4,4096,412,370,78.0854
4,4096,412,372,75.0451
4,4096,412,374,76.5509
4,4096,412,378,76.9368
4,4096,412,380,76.2699
4,4096,412,382,74.8451
4,4096,412,386,71.9534
4,4096,412,388,71.1657
4,4096,412,390,72.8853
4,4096,412,394,70.2884
4,4096,412,396,71.6706
4,4096,412,398,70.2354
4,4096,412,402,70.4237
4,4096,412,404,68.695
4,4096,412,406,70.1123
4,4096,412,410,70.7349
4,4096,414,2,30.8862
4,4096,414,4,58.5643
4,4096,414,6,74.0206
4,4096,414,10,82.7943
4,4096,414,12,90.0154
4,4096,414,14,91.1276
4,4096,414,18,94.5819
4,4096,414,20,97.1579
4,4096,414,22,101.6287
4,4096,414,26,98.8457
4,4096,414,28,95.1713
4,4096,414,30,102.2093
4,4096,414,34,99.5151
4,4096,414,36,89.5052
4,4096,414,38,84.1171
4,4096,414,42,86.1944
4,4096,414,44,99.0824
4,4096,414,46,88.4302
4,4096,414,50,84.2756
4,4096,414,52,99.8067
4,4096,414,54,91.9177
4,4096,414,58,78.1461
4,4096,414,60,95.4016
4,4096,414,62,95.8851
4,4096,414,66,92.9978
4,4096,414,68,92.3602
4,4096,414,70,92.2925
4,4096,414,74,95.1917
4,4096,414,76,94.6679
4,4096,414,78,95.1763
4,4096,414,82,92.3891
4,4096,414,84,97.7901
4,4096,414,86,82.4231
4,4096,414,90,82.853
4,4096,414,92,95.6873
4,4096,414,94,93.4034
4,4096,414,98,93.8382
4,4096,414,100,96.4405
4,4096,414,102,89.4804
4,4096,414,106,97.0358
4,4096,414,108,88.0697
4,4096,414,110,90.7682
4,4096,414,114,96.5847
4,4096,414,116,83.1281
4,4096,414,118,95.2946
4,4096,414,122,98.0488
4,4096,414,124,96.1953
4,4096,414,126,83.3447
4,4096,414,130,84.7545
4,4096,414,132,83.0447
4,4096,414,134,83.4404
4,4096,414,138,83.671
4,4096,414,140,83.038
4,4096,414,142,92.9679
4,4096,414,146,85.54
4,4096,414,148,84.7014
4,4096,414,150,84.3334
4,4096,414,154,85.2453
4,4096,414,156,83.9407
4,4096,414,158,89.351
4,4096,414,162,81.898
4,4096,414,164,86.0924
4,4096,414,166,93.1673
4,4096,414,170,89.5314
4,4096,414,172,96.656
4,4096,414,174,94.0367
4,4096,414,178,89.7603
4,4096,414,180,84.3508
4,4096,414,182,94.2752
4,4096,414,186,94.7636
4,4096,414,188,87.1353
4,4096,414,190,80.3979
4,4096,414,194,88.4624
4,4096,414,196,79.2458
4,4096,414,198,82.8593
4,4096,414,202,82.3343
4,4096,414,204,89.1807
4,4096,414,206,88.4396
4,4096,414,210,88.1566
4,4096,414,212,79.8347
4,4096,414,214,88.1707
4,4096,414,218,83.8498
4,4096,414,220,80.0714
4,4096,414,222,89.5145
4,4096,414,226,80.4558
4,4096,414,228,77.7881
4,4096,414,230,83.8675
4,4096,414,234,83.6986
4,4096,414,236,79.5079
4,4096,414,238,82.6428
4,4096,414,242,81.3302
4,4096,414,244,78.0697
4,4096,414,246,80.553
4,4096,414,250,74.0414
4,4096,414,252,83.0685
4,4096,414,254,72.4919
4,4096,414,258,86.6807
4,4096,414,260,78.789
4,4096,414,262,77.1597
4,4096,414,266,87.5385
4,4096,414,268,88.3407
4,4096,414,270,83.9931
4,4096,414,274,76.1016
4,4096,414,276,74.6787
4,4096,414,278,78.9368
4,4096,414,282,76.0896
4,4096,414,284,78.8468
4,4096,414,286,77.3015
4,4096,414,290,85.7902
4,4096,414,292,85.9397
4,4096,414,294,86.5168
4,4096,414,298,82.8257
4,4096,414,300,87.1951
4,4096,414,302,85.3313
4,4096,414,306,83.747
4,4096,414,308,74.8481
4,4096,414,310,85.4824
4,4096,414,314,80.3415
4,4096,414,316,84.1402
4,4096,414,318,82.1263
4,4096,414,322,85.3248
4,4096,414,324,76.4838
4,4096,414,326,75.4645
4,4096,414,330,83.4513
4,4096,414,332,82.4445
4,4096,414,334,80.8059
4,4096,414,338,74.0747
4,4096,414,340,76.5098
4,4096,414,342,82.1383
4,4096,414,346,79.0972
4,4096,414,348,78.145
4,4096,414,350,80.9946
4,4096,414,354,79.0848
4,4096,414,356,78.0569
4,4096,414,358,75.7914
4,4096,414,362,74.9945
4,4096,414,364,75.6493
4,4096,414,366,76.7416
4,4096,414,370,76.9873
4,4096,414,372,76.4335
4,4096,414,374,76.7259
4,4096,414,378,77.2356
4,4096,414,380,74.8863
4,4096,414,382,75.1095
4,4096,414,386,73.2397
4,4096,414,388,72.1329
4,4096,414,390,74.1039
4,4096,414,394,70.9781
4,4096,414,396,72.1533
4,4096,414,398,72.5417
4,4096,414,402,71.8127
4,4096,414,404,72.0748
4,4096,414,406,71.9192
4,4096,414,410,71.5703
4,4096,414,412,71.4508
4,4096,418,2,32.425
4,4096,418,4,52.5154
4,4096,418,6,67.8375
4,4096,418,10,81.4492
4,4096,418,12,85.9489
4,4096,418,14,87.9544
4,4096,418,18,90.082
4,4096,418,20,102.9253
4,4096,418,22,97.3739
4,4096,418,26,98.6894
4,4096,418,28,103.2913
4,4096,418,30,98.9852
4,4096,418,34,81.3837
4,4096,418,36,90.8786
4,4096,418,38,91.7542
4,4096,418,42,86.8623
4,4096,418,44,84.9671
4,4096,418,46,104.141
4,4096,418,50,98.9068
4,4096,418,52,80.5651
4,4096,418,54,81.2876
4,4096,418,58,82.4691
4,4096,418,60,91.2251
4,4096,418,62,98.8279
4,4096,418,66,93.1054
4,4096,418,68,95.815
4,4096,418,70,97.1428
4,4096,418,74,91.4218
4,4096,418,76,87.5607
4,4096,418,78,94.2828
4,4096,418,82,96.597
4,4096,418,84,100.3468
4,4096,418,86,95.8781
4,4096,418,90,94.7924
4,4096,418,92,95.5088
4,4096,418,94,80.0098
4,4096,418,98,90.5874
4,4096,418,100,94.2164
4,4096,418,102,93.7912
4,4096,418,106,95.7429
4,4096,418,108,95.521
4,4096,418,110,97.0683
4,4096,418,114,91.5544
4,4096,418,116,95.2986
4,4096,418,118,95.4893
4,4096,418,122,82.629
4,4096,418,124,91.6316
4,4096,418,126,97.1914
4,4096,418,130,96.888
4,4096,418,132,96.394
4,4096,418,134,89.9895
4,4096,418,138,83.0793
4,4096,418,140,85.1329
4,4096,418,142,83.0153
4,4096,418,146,85.4825
4,4096,418,148,97.6231
4,4096,418,150,91.0562
4,4096,418,154,92.1124
4,4096,418,156,92.4473
4,4096,418,158,84.9536
4,4096,418,162,85.1394
4,4096,418,164,92.6026
4,4096,418,166,95.7097
4,4096,418,170,93.4153
4,4096,418,172,92.3723
4,4096,418,174,90.3333
4,4096,418,178,90.2798
4,4096,418,180,90.9131
4,4096,418,182,93.1211
4,4096,418,186,96.1989
4,4096,418,188,91.797
4,4096,418,190,89.4707
4,4096,418,194,89.2437
4,4096,418,196,88.3408
4,4096,418,198,88.0948
4,4096,418,202,80.1774
4,4096,418,204,83.6075
4,4096,418,206,87.7492
4,4096,418,210,89.821
4,4096,418,212,86.806
4,4096,418,214,80.106
4,4096,418,218,85.8404
4,4096,418,220,80.2494
4,4096,418,222,79.6292
4,4096,418,226,93.9459
4,4096,418,228,94.4159
4,4096,418,230,89.6773
4,4096,418,234,79.4489
4,4096,418,236,83.1713
4,4096,418,238,81.9354
4,4096,418,242,86.064
4,4096,418,244,80.3477
4,4096,418,246,81.1332
4,4096,418,250,80.0799
4,4096,418,252,75.7288
4,4096,418,254,86.159
4,4096,418,258,90.0514
4,4096,418,260,87.0641
4,4096,418,262,85.0351
4,4096,418,266,88.261
4,4096,418,268,87.5103
4,4096,418,270,87.3245
4,4096,418,274,81.7378
4,4096,418,276,87.316
4,4096,418,278,88.7929
4,4096,418,282,90.3173
4,4096,418,284,87.659
4,4096,418,286,89.437
4,4096,418,290,85.2377
4,4096,418,292,85.7814
4,4096,418,294,84.9396
4,4096,418,298,83.3159
4,4096,418,300,85.8575
4,4096,418,302,83.6362
4,4096,418,306,86.9742
4,4096,418,308,86.3481
4,4096,418,310,85.5386
4,4096,418,314,85.0283
4,4096,418,316,83.3522
4,4096,418,318,84.132
4,4096,418,322,78.4316
4,4096,418,324,84.5384
4,4096,418,326,77.2946
4,4096,418,330,84.3072
4,4096,418,332,82.4589
4,4096,418,334,83.3854
4,4096,418,338,82.6033
4,4096,418,340,78.6877
4,4096,418,342,80.5316
4,4096,418,346,81.5705
4,4096,418,348,70.6947
4,4096,418,350,79.4213
4,4096,418,354,79.086
4,4096,418,356,76.7822
4,4096,418,358,81.0865
4,4096,418,362,81.0633
4,4096,418,364,76.1679
4,4096,418,366,81.1202
4,4096,418,370,78.5829
4,4096,418,372,75.9947
4,4096,418,374,70.3142
4,4096,418,378,77.3086
4,4096,418,380,78.5204
4,4096,418,382,75.6486
4,4096,418,386,73.9988
4,4096,418,388,73.8743
4,4096,418,390,71.3277
4,4096,418,394,70.3007
4,4096,418,396,74.2053
4,4096,418,398,71.6795
4,4096,418,402,70.0328
4,4096,418,404,70.3349
4,4096,418,406,69.2265
4,4096,418,410,69.8844
4,4096,418,412,67.3003
4,4096,418,414,69.3651
4,4096,420,2,30.8739
4,4096,420,4,59.6392
4,4096,420,6,70.8886
4,4096,420,10,83.0824
4,4096,420,12,89.7865
4,4096,420,14,95.1667
4,4096,420,18,91.2723
4,4096,420,20,94.8813
4,4096,420,22,100.0416
4,4096,420,26,99.5619
4,4096,420,28,80.3555
4,4096,420,30,79.4782
4,4096,420,34,77.6778
4,4096,420,36,97.1861
4,4096,420,38,82.7508
4,4096,420,42,102.84
4,4096,420,44,96.6215
4,4096,420,46,88.1451
4,4096,420,50,78.8829
4,4096,420,52,94.8506
4,4096,420,54,94.301
4,4096,420,58,84.8092
4,4096,420,60,97.2416
4,4096,420,62,92.6533
4,4096,420,66,93.6184
4,4096,420,68,94.0294
4,4096,420,70,95.4936
4,4096,420,74,87.9543
4,4096,420,76,93.7176
4,4096,420,78,89.4367
4,4096,420,82,82.3661
4,4096,420,84,97.8122
4,4096,420,86,94.6716
4,4096,420,90,93.5051
4,4096,420,92,95.0906
4,4096,420,94,92.8908
4,4096,420,98,94.8872
4,4096,420,100,94.7765
4,4096,420,102,96.0167
4,4096,420,106,96.3966
4,4096,420,108,96.2379
4,4096,420,110,95.508
4,4096,420,114,93.0732
4,4096,420,116,91.3276
4,4096,420,118,92.5567
4,4096,420,122,97.4288
4,4096,420,124,95.4703
4,4096,420,126,94.7423
4,4096,420,130,91.2773
4,4096,420,132,94.2442
4,4096,420,134,89.6588
4,4096,420,138,93.9282
4,4096,420,140,94.7663
4,4096,420,142,92.11
4,4096,420,146,89.5389
4,4096,420,148,95.0434
4,4096,420,150,80.7411
4,4096,420,154,86.8017
4,4096,420,156,87.8537
4,4096,420,158,84.872
4,4096,420,162,89.8553
4,4096,420,164,95.2439
4,4096,420,166,94.1712
4,4096,420,170,92.1714
4,4096,420,172,90.0281
4,4096,420,174,94.3108
4,4096,420,178,92.1886
4,4096,420,180,85.4169
4,4096,420,182,90.5586
4,4096,420,186,91.6608
4,4096,420,188,88.2415
4,4096,420,190,92.3524
4,4096,420,194,90.477
4,4096,420,196,83.4451
4,4096,420,198,83.9825
4,4096,420,202,85.4921
4,4096,420,204,89.8695
4,4096,420,206,91.8735
4,4096,420,210,90.8582
4,4096,420,212,78.8651
4,4096,420,214,76.2684
4,4096,420,218,80.6868
4,4096,420,220,81.9507
4,4096,420,222,79.7424
4,4096,420,226,81.444
4,4096,420,228,90.8472
4,4096,420,230,82.6669
4,4096,420,234,76.1916
4,4096,420,236,89.1434
4,4096,420,238,89.2541
4,4096,420,242,88.8481
4,4096,420,244,88.1426
4,4096,420,246,88.3147
4,4096,420,250,91.1934
4,4096,420,252,82.4405
4,4096,420,254,78.699
4,4096,420,258,74.5084
4,4096,420,260,80.7498
4,4096,420,262,89.4947
4,4096,420,266,85.6065
4,4096,420,268,87.6669
4,4096,420,270,87.9404
4,4096,420,274,87.9663
4,4096,420,276,85.4478
4,4096,420,278,86.4972
4,4096,420,282,84.3912
4,4096,420,284,89.0528
4,4096,420,286,85.5265
4,4096,420,290,86.2243
4,4096,420,292,84.4457
4,4096,420,294,83.7567
4,4096,420,298,87.7333
4,4096,420,300,82.712
4,4096,420,302,82.7694
4,4096,420,306,84.8022
4,4096,420,308,85.0172
4,4096,420,310,85.8073
4,4096,420,314,85.0596
4,4096,420,316,82.5488
4,4096,420,318,86.3457
4,4096,420,322,84.8634
4,4096,420,324,83.9745
4,4096,420,326,78.8735
4,4096,420,330,65.7838
4,4096,420,332,79.138
4,4096,420,334,77.3774
4,4096,420,338,82.0104
4,4096,420,340,80.2125
4,4096,420,342,81.0417
4,4096,420,346,81.3338
4,4096,420,348,80.7908
4,4096,420,350,81.3847
4,4096,420,354,80.2452
4,4096,420,356,79.204
4,4096,420,358,71.0744
4,4096,420,362,80.5113
4,4096,420,364,79.3707
4,4096,420,366,73.8217
4,4096,420,370,76.1222
4,4096,420,372,75.7246
4,4096,420,374,73.5328
4,4096,420,378,72.6603
4,4096,420,380,71.7204
4,4096,420,382,73.8012
4,4096,420,386,74.1576
4,4096,420,388,72.7585
4,4096,420,390,74.3646
4,4096,420,394,72.9188
4,4096,420,396,73.1259
4,4096,420,398,73.0978
4,4096,420,402,71.4548
4,4096,420,404,72.1874
4,4096,420,406,70.9756
4,4096,420,410,72.3199
4,4096,420,412,72.8237
4,4096,420,414,72.2497
4,4096,420,418,69.6861
4,4096,422,2,31.3076
4,4096,422,4,57.1217
4,4096,422,6,70.0984
4,4096,422,10,81.458
4,4096,422,12,89.7249
4,4096,422,14,91.093
4,4096,422,18,94.7322
4,4096,422,20,96.5531
4,4096,422,22,95.036
4,4096,422,26,98.2742
4,4096,422,28,93.8274
4,4096,422,30,86.6963
4,4096,422,34,93.7193
4,4096,422,36,103.867
4,4096,422,38,102.0209
4,4096,422,42,96.5451
4,4096,422,44,102.4199
4,4096,422,46,85.9846
4,4096,422,50,92.1853
4,4096,422,52,83.1295
4,4096,422,54,99.2133
4,4096,422,58,93.463
4,4096,422,60,90.5699
4,4096,422,62,90.2211
4,4096,422,66,91.0836
4,4096,422,68,96.0042
4,4096,422,70,97.3438
4,4096,422,74,95.4059
4,4096,422,76,99.6882
4,4096,422,78,88.7402
4,4096,422,82,93.765
4,4096,422,84,83.0845
4,4096,422,86,95.3846
4,4096,422,90,91.8126
4,4096,422,92,95.8971
4,4096,422,94,98.6926
4,4096,422,98,94.1023
4,4096,422,100,95.8883
4,4096,422,102,90.9205
4,4096,422,106,96.6336
4,4096,422,108,98.3439
4,4096,422,110,86.3874
4,4096,422,114,93.9501
4,4096,422,116,93.5177
4,4096,422,118,92.8189
4,4096,422,122,94.6935
4,4096,422,124,91.4259
4,4096,422,126,96.604
4,4096,422,130,95.2552
4,4096,422,132,97.9088
4,4096,422,134,92.7258
4,4096,422,138,94.0926
4,4096,422,140,89.0687
4,4096,422,142,93.9339
4,4096,422,146,99.4366
4,4096,422,148,81.5599
4,4096,422,150,96.4478
4,4096,422,154,95.7895
4,4096,422,156,95.162
4,4096,422,158,86.7671
4,4096,422,162,86.2192
4,4096,422,164,85.5611
4,4096,422,166,80.6232
4,4096,422,170,96.2171
4,4096,422,172,93.013
4,4096,422,174,91.9734
4,4096,422,178,93.9
4,4096,422,180,89.5838
4,4096,422,182,90.3355
4,4096,422,186,85.2542
4,4096,422,188,84.0499
4,4096,422,190,83.2091
4,4096,422,194,87.0655
4,4096,422,196,83.6611
4,4096,422,198,78.4434
4,4096,422,202,86.5898
4,4096,422,204,88.2709
4,4096,422,206,90.2395
4,4096,422,210,89.5309
4,4096,422,212,90.8849
4,4096,422,214,85.0474
4,4096,422,218,77.9144
4,4096,422,220,88.5528
4,4096,422,222,78.8342
4,4096,422,226,75.0632
4,4096,422,228,86.5955
4,4096,422,230,78.6658
4,4096,422,234,81.1799
4,4096,422,236,83.2368
4,4096,422,238,81.1825
4,4096,422,242,78.1649
4,4096,422,244,88.4773
4,4096,422,246,91.3266
4,4096,422,250,79.236
4,4096,422,252,84.8715
4,4096,422,254,78.1208
4,4096,422,258,77.4365
4,4096,422,260,87.7942
4,4096,422,262,87.1689
4,4096,422,266,81.6515
4,4096,422,268,79.0501
4,4096,422,270,90.2916
4,4096,422,274,85.1681
4,4096,422,276,89.3248
4,4096,422,278,84.8883
4,4096,422,282,89.9941
4,4096,422,284,82.7888
4,4096,422,286,85.5555
4,4096,422,290,86.8379
4,4096,422,292,85.9269
4,4096,422,294,85.0342
4,4096,422,298,86.6264
4,4096,422,300,84.4572
4,4096,422,302,84.5499
4,4096,422,306,85.5257
4,4096,422,308,76.8025
4,4096,422,310,84.9525
4,4096,422,314,76.7531
4,4096,422,316,73.7471
4,4096,422,318,76.2609
4,4096,422,322,83.6964
4,4096,422,324,83.1955
4,4096,422,326,87.9813
4,4096,422,330,82.8307
4,4096,422,332,83.0803
4,4096,422,334,78.4113
4,4096,422,338,80.7592
4,4096,422,340,80.7283
4,4096,422,342,81.0662
4,4096,422,346,81.5807
4,4096,422,348,81.1891
4,4096,422,350,82.9302
4,4096,422,354,79.4605
4,4096,422,356,80.5165
4,4096,422,358,78.639
4,4096,422,362,78.1705
4,4096,422,364,78.0002
4,4096,422,366,77.009
4,4096,422,370,75.1929
4,4096,422,372,73.4384
4,4096,422,374,77.7352
4,4096,422,378,77.0753
4,4096,422,380,75.7816
4,4096,422,382,76.3417
4,4096,422,386,74.8361
4,4096,422,388,71.9521
4,4096,422,390,72.3942
4,4096,422,394,74.0814
4,4096,422,396,74.6375
4,4096,422,398,73.1908
4,4096,422,402,71.1679
4,4096,422,404,68.9213
4,4096,422,406,72.14
4,4096,422,410,72.1571
4,4096,422,412,71.5137
4,4096,422,414,70.7857
4,4096,422,418,69.0509
4,4096,422,420,67.3992
4,4096,426,2,31.2569
4,4096,426,4,57.7656
4,4096,426,6,70.6123
4,4096,426,10,81.6399
4,4096,426,12,89.1565
4,4096,426,14,94.3577
4,4096,426,18,88.1101
4,4096,426,20,93.158
4,4096,426,22,101.652
4,4096,426,26,99.8385
4,4096,426,28,103.4044
4,4096,426,30,97.165
4,4096,426,34,82.6012
4,4096,426,36,83.5658
4,4096,426,38,94.7573
4,4096,426,42,103.0653
4,4096,426,44,82.7229
4,4096,426,46,83.1591
4,4096,426,50,88.8058
4,4096,426,52,96.8978
4,4096,426,54,97.1377
4,4096,426,58,88.6731
4,4096,426,60,94.6384
4,4096,426,62,95.2552
4,4096,426,66,87.4874
4,4096,426,68,94.5647
4,4096,426,70,95.7067
4,4096,426,74,97.8439
4,4096,426,76,92.8448
4,4096,426,78,90.617
4,4096,426,82,96.2065
4,4096,426,84,96.2642
4,4096,426,86,95.9311
4,4096,426,90,95.3001
4,4096,426,92,97.9964
4,4096,426,94,93.802
4,4096,426,98,92.1959
4,4096,426,100,94.6915
4,4096,426,102,90.7995
4,4096,426,106,89.768
4,4096,426,108,97.6894
4,4096,426,110,95.7726
4,4096,426,114,95.4801
4,4096,426,116,94.1458
4,4096,426,118,96.5185
4,4096,426,122,92.2283
4,4096,426,124,86.0805
4,4096,426,126,83.5435
4,4096,426,130,86.9672
4,4096,426,132,97.0327
4,4096,426,134,92.7199
4,4096,426,138,85.943
4,4096,426,140,87.7404
4,4096,426,142,91.5941
4,4096,426,146,88.384
4,4096,426,148,98.4873
4,4096,426,150,93.7744
4,4096,426,154,95.0585
4,4096,426,156,91.1874
4,4096,426,158,90.7481
4,4096,426,162,84.2766
4,4096,426,164,90.2904
4,4096,426,166,83.2843
4,4096,426,170,93.0999
4,4096,426,172,94.8277
4,4096,426,174,78.3911
4,4096,426,178,82.2473
4,4096,426,180,82.349
4,4096,426,182,82.4607
4,4096,426,186,84.9221
4,4096,426,188,81.5854
4,4096,426,190,93.6662
4,4096,426,194,89.2557
4,4096,426,196,84.8777
4,4096,426,198,88.9879
4,4096,426,202,79.2189
4,4096,426,204,80.7711
4,4096,426,206,85.0036
4,4096,426,210,79.6993
4,4096,426,212,89.4262
4,4096,426,214,91.7787
4,4096,426,218,87.5402
4,4096,426,220,91.415
4,4096,426,222,84.5703
4,4096,426,226,78.4301
4,4096,426,228,85.5225
4,4096,426,230,89.6593
4,4096,426,234,88.8227
4,4096,426,236,87.8737
4,4096,426,238,86.4872
4,4096,426,242,76.1837
4,4096,426,244,80.6667
4,4096,426,246,91.7011
4,4096,426,250,88.3986
4,4096,426,252,91.4122
4,4096,426,254,92.0016
4,4096,426,258,86.5673
4,4096,426,260,78.5974
4,4096,426,262,77.6121
4,4096,426,266,87.2022
4,4096,426,268,87.6923
4,4096,426,270,78.4096
4,4096,426,274,85.3237
4,4096,426,276,89.3074
4,4096,426,278,86.9046
4,4096,426,282,77.6176
4,4096,426,284,76.5148
4,4096,426,286,80.6843
4,4096,426,290,88.9544
4,4096,426,292,81.1336
4,4096,426,294,87.991
4,4096,426,298,87.8493
4,4096,426,300,87.4806
4,4096,426,302,85.9932
4,4096,426,306,83.7957
4,4096,426,308,81.5162
4,4096,426,310,83.0031
4,4096,426,314,88.0604
4,4096,426,316,87.27
4,4096,426,318,86.1114
4,4096,426,322,85.6624
4,4096,426,324,82.7933
4,4096,426,326,83.6004
4,4096,426,330,82.1817
4,4096,426,332,82.7081
4,4096,426,334,80.6311
4,4096,426,338,82.6239
4,4096,426,340,76.3339
4,4096,426,342,83.1259
4,4096,426,346,82.0672
4,4096,426,348,83.6473
4,4096,426,350,80.0068
4,4096,426,354,80.3789
4,4096,426,356,78.3835
4,4096,426,358,74.3257
4,4096,426,362,78.6007
4,4096,426,364,77.3362
4,4096,426,366,74.8657
4,4096,426,370,76.6727
4,4096,426,372,75.1854
4,4096,426,374,77.8762
4,4096,426,378,77.6745
4,4096,426,380,78.5662
4,4096,426,382,76.4542
4,4096,426,386,75.2744
4,4096,426,388,74.6816
4,4096,426,390,74.0631
4,4096,426,394,75.5196
4,4096,426,396,74.8156
4,4096,426,398,73.9668
4,4096,426,402,72.4742
4,4096,426,404,72.5988
4,4096,426,406,72.5584
4,4096,426,410,71.3101
4,4096,426,412,70.2506
4,4096,426,414,71.3089
4,4096,426,418,67.5921
4,4096,426,420,68.538
4,4096,426,422,69.1066
4,4096,428,2,31.3353
4,4096,428,4,54.7312
4,4096,428,6,73.3138
4,4096,428,10,80.7533
4,4096,428,12,87.3989
4,4096,428,14,89.9939
4,4096,428,18,93.9092
4,4096,428,20,95.7656
4,4096,428,22,90.8609
4,4096,428,26,93.7418
4,4096,428,28,101.5512
4,4096,428,30,100.7128
4,4096,428,34,81.8923
4,4096,428,36,93.1853
4,4096,428,38,103.532
4,4096,428,42,97.7212
4,4096,428,44,97.7458
4,4096,428,46,103.9007
4,4096,428,50,100.2896
4,4096,428,52,96.4534
4,4096,428,54,97.4332
4,4096,428,58,93.7254
4,4096,428,60,88.8694
4,4096,428,62,89.524
4,4096,428,66,94.1963
4,4096,428,68,96.6033
4,4096,428,70,89.9251
4,4096,428,74,95.636
4,4096,428,76,95.091
4,4096,428,78,92.922
4,4096,428,82,95.6747
4,4096,428,84,89.841
4,4096,428,86,92.9619
4,4096,428,90,94.371
4,4096,428,92,95.5055
4,4096,428,94,94.9405
4,4096,428,98,92.5859
4,4096,428,100,96.6623
4,4096,428,102,93.1318
4,4096,428,106,87.3868
4,4096,428,108,97.6101
4,4096,428,110,97.0309
4,4096,428,114,92.7174
4,4096,428,116,95.2032
4,4096,428,118,93.1772
4,4096,428,122,92.7966
4,4096,428,124,90.4449
4,4096,428,126,80.3919
4,4096,428,130,93.0447
4,4096,428,132,92.0283
4,4096,428,134,87.2874
4,4096,428,138,93.9196
4,4096,428,140,91.8301
4,4096,428,142,91.843
4,4096,428,146,94.2241
4,4096,428,148,90.6944
4,4096,428,150,91.1626
4,4096,428,154,95.5076
4,4096,428,156,94.8673
4,4096,428,158,93.8078
4,4096,428,162,94.4862
4,4096,428,164,92.7811
4,4096,428,166,87.4844
4,4096,428,170,82.583
4,4096,428,172,92.6527
4,4096,428,174,86.462
4,4096,428,178,87.2041
4,4096,428,180,93.8376
4,4096,428,182,91.3343
4,4096,428,186,91.4366
4,4096,428,188,89.9769
4,4096,428,190,92.3026
4,4096,428,194,92.251
4,4096,428,196,89.8816
4,4096,428,198,90.9062
4,4096,428,202,90.6784
4,4096,428,204,90.3625
4,4096,428,206,83.8035
4,4096,428,210,84.9141
4,4096,428,212,87.9578
4,4096,428,214,89.0447
4,4096,428,218,92.1291
4,4096,428,220,86.2482
4,4096,428,222,92.6706
4,4096,428,226,77.9342
4,4096,428,228,78.6696
4,4096,428,230,77.4911
4,4096,428,234,85.4549
4,4096,428,236,80.4873
4,4096,428,238,85.1044
4,4096,428,242,90.7768
4,4096,428,244,89.4513
4,4096,428,246,91.1065
4,4096,428,250,86.7909
4,4096,428,252,86.6522
4,4096,428,254,87.9668
4,4096,428,258,88.8735
4,4096,428,260,90.0491
4,4096,428,262,85.3665
4,4096,428,266,86.3217
4,4096,428,268,86.823
4,4096,428,270,83.9854
4,4096,428,274,85.8113
4,4096,428,276,86.6312
4,4096,428,278,76.0937
4,4096,428,282,77.4358
4,4096,428,284,78.9749
4,4096,428,286,69.7397
4,4096,428,290,82.5171
4,4096,428,292,87.4719
4,4096,428,294,84.8312
4,4096,428,298,81.6203
4,4096,428,300,83.1381
4,4096,428,302,76.1511
4,4096,428,306,77.8966
4,4096,428,308,78.8523
4,4096,428,310,87.1456
4,4096,428,314,85.4118
4,4096,428,316,86.2279
4,4096,428,318,86.2079
4,4096,428,322,82.6658
4,4096,428,324,80.0099
4,4096,428,326,81.0032
4,4096,428,330,83.2676
4,4096,428,332,79.9744
4,4096,428,334,83.0656
4,4096,428,338,81.7105
4,4096,428,340,80.7161
4,4096,428,342,81.5206
4,4096,428,346,79.6244
4,4096,428,348,77.5412
4,4096,428,350,79.147
4,4096,428,354,76.6392
4,4096,428,356,75.9941
4,4096,428,358,76.5609
4,4096,428,362,77.1622
4,4096,428,364,78.1838
4,4096,428,366,69.217
4,4096,428,370,77.2399
4,4096,428,372,75.6931
4,4096,428,374,75.0627
4,4096,428,378,76.5857
4,4096,428,380,77.4348
4,4096,428,382,76.3013
4,4096,428,386,76.337
4,4096,428,388,74.566
4,4096,428,390,74.5819
4,4096,428,394,73.1629
4,4096,428,396,73.9384
4,4096,428,398,71.3643
4,4096,428,402,72.4886
4,4096,428,404,71.6309
4,4096,428,406,70.8465
4,4096,428,410,73.0661
4,4096,428,412,68.8252
4,4096,428,414,72.6907
4,4096,428,418,68.5501
4,4096,428,420,69.4244
4,4096,428,422,68.8885
4,4096,428,426,68.471
4,4096,430,2,30.7239
4,4096,430,4,56.1019
4,4096,430,6,67.6134
4,4096,430,10,84.1332
4,4096,430,12,89.9655
4,4096,430,14,93.558
4,4096,430,18,89.3878
4,4096,430,20,91.5383
4,4096,430,22,99.1281
4,4096,430,26,101.9138
4,4096,430,28,87.7553
4,4096,430,30,82.6489
4,4096,430,34,102.9088
4,4096,430,36,106.0486
4,4096,430,38,83.307
4,4096,430,42,79.9371
4,4096,430,44,98.9911
4,4096,430,46,90.371
4,4096,430,50,85.3009
4,4096,430,52,98.9083
4,4096,430,54,97.0744
4,4096,430,58,78.2483
4,4096,430,60,91.2711
4,4096,430,62,93.9149
4,4096,430,66,93.9974
4,4096,430,68,94.6929
4,4096,430,70,93.526
4,4096,430,74,96.8489
4,4096,430,76,96.1216
4,4096,430,78,90.8594
4,4096,430,82,84.7514
4,4096,430,84,95.3361
4,4096,430,86,94.9921
4,4096,430,90,95.9892
4,4096,430,92,97.4361
4,4096,430,94,96.8774
4,4096,430,98,94.2965
4,4096,430,100,85.0193
4,4096,430,102,80.8936
4,4096,430,106,94.2678
4,4096,430,108,98.4995
4,4096,430,110,95.2543
4,4096,430,114,96.3641
4,4096,430,116,93.3
4,4096,430,118,92.3588
4,4096,430,122,93.0442
4,4096,430,124,97.4402
4,4096,430,126,95.8245
4,4096,430,130,89.7103
4,4096,430,132,83.7272
4,4096,430,134,80.7777
4,4096,430,138,92.7913
4,4096,430,140,92.7252
4,4096,430,142,90.5282
4,4096,430,146,92.9645
4,4096,430,148,93.8437
4,4096,430,150,82.3525
4,4096,430,154,84.4781
4,4096,430,156,95.6576
4,4096,430,158,92.2772
4,4096,430,162,84.2997
4,4096,430,164,81.3822
4,4096,430,166,92.568
4,4096,430,170,96.9739
4,4096,430,172,92.3222
4,4096,430,174,91.5628
4,4096,430,178,94.5212
4,4096,430,180,88.6066
4,4096,430,182,79.7114
4,4096,430,186,85.0617
4,4096,430,188,83.1873
4,4096,430,190,90.5292
4,4096,430,194,90.6862
4,4096,430,196,92.6891
4,4096,430,198,92.4677
4,4096,430,202,89.8294
4,4096,430,204,95.5281
4,4096,430,206,89.2518
4,4096,430,210,90.602
4,4096,430,212,89.3087
4,4096,430,214,90.7997
4,4096,430,218,91.9092
4,4096,430,220,77.0351
4,4096,430,222,84.9248
4,4096,430,226,76.74
4,4096,430,228,80.4471
4,4096,430,230,81.8931
4,4096,430,234,79.0246
4,4096,430,236,90.1262
4,4096,430,238,92.281
4,4096,430,242,88.7885
4,4096,430,244,87.3918
4,4096,430,246,89.1238
4,4096,430,250,78.7154
4,4096,430,252,84.7081
4,4096,430,254,80.8815
4,4096,430,258,91.983
4,4096,430,260,86.5563
4,4096,430,262,86.033
4,4096,430,266,85.4389
4,4096,430,268,86.7182
4,4096,430,270,80.1867
4,4096,430,274,77.8252
4,4096,430,276,78.699
4,4096,430,278,85.9089
4,4096,430,282,88.4159
4,4096,430,284,84.0025
4,4096,430,286,84.456
4,4096,430,290,81.2061
4,4096,430,292,86.9454
4,4096,430,294,84.6987
4,4096,430,298,87.7672
4,4096,430,300,85.7235
4,4096,430,302,85.5812
4,4096,430,306,85.4439
4,4096,430,308,85.9033
4,4096,430,310,83.251
4,4096,430,314,83.392
4,4096,430,316,85.5605
4,4096,430,318,83.7832
4,4096,430,322,80.7826
4,4096,430,324,81.0874
4,4096,430,326,88.04
4,4096,430,330,82.7402
4,4096,430,332,81.6173
4,4096,430,334,83.282
4,4096,430,338,79.5064
4,4096,430,340,77.0788
4,4096,430,342,78.418
4,4096,430,346,82.874
4,4096,430,348,83.4491
4,4096,430,350,79.4653
4,4096,430,354,81.7894
4,4096,430,356,80.7062
4,4096,430,358,79.2921
4,4096,430,362,79.713
4,4096,430,364,78.5902
4,4096,430,366,78.2017
4,4096,430,370,80.2961
4,4096,430,372,75.3161
4,4096,430,374,74.7352
4,4096,430,378,72.5493
4,4096,430,380,75.294
4,4096,430,382,75.4095
4,4096,430,386,74.9004
4,4096,430,388,71.2533
4,4096,430,390,72.5315
4,4096,430,394,73.8676
4,4096,430,396,71.837
4,4096,430,398,74.4095
4,4096,430,402,72.3701
4,4096,430,404,71.3388
4,4096,430,406,74.5756
4,4096,430,410,70.9626
4,4096,430,412,72.0967
4,4096,430,414,69.5947
4,4096,430,418,70.6714
4,4096,430,420,70.9961
4,4096,430,422,68.269
4,4096,430,426,68.409
4,4096,430,428,66.7834
4,4096,434,2,30.0159
4,4096,434,4,56.0736
4,4096,434,6,66.657
4,4096,434,10,79.3717
4,4096,434,12,87.7576
4,4096,434,14,92.1128
4,4096,434,18,94.3303
4,4096,434,20,95.21
4,4096,434,22,95.8716
4,4096,434,26,96.468
4,4096,434,28,99.0841
4,4096,434,30,102.5912
4,4096,434,34,79.0836
4,4096,434,36,96.8396
4,4096,434,38,87.694
4,4096,434,42,84.427
4,4096,434,44,103.8045
4,4096,434,46,101.4355
4,4096,434,50,95.6698
4,4096,434,52,97.3623
4,4096,434,54,95.3405
4,4096,434,58,92.8228
4,4096,434,60,94.2809
4,4096,434,62,96.0881
4,4096,434,66,95.5484
4,4096,434,68,96.1776
4,4096,434,70,97.1687
4,4096,434,74,95.633
4,4096,434,76,89.4246
4,4096,434,78,82.9519
4,4096,434,82,93.5794
4,4096,434,84,76.9092
4,4096,434,86,96.4608
4,4096,434,90,95.9885
4,4096,434,92,94.3312
4,4096,434,94,95.1591
4,4096,434,98,90.7584
4,4096,434,100,93.1685
4,4096,434,102,97.6837
4,4096,434,106,95.9147
4,4096,434,108,83.9771
4,4096,434,110,98.7882
4,4096,434,114,87.4043
4,4096,434,116,82.0334
4,4096,434,118,81.4997
4,4096,434,122,89.9191
4,4096,434,124,83.9551
4,4096,434,126,89.0255
4,4096,434,130,85.2701
4,4096,434,132,94.0201
4,4096,434,134,95.8694
4,4096,434,138,82.0181
4,4096,434,140,80.7982
4,4096,434,142,91.4269
4,4096,434,146,91.9609
4,4096,434,148,81.81
4,4096,434,150,91.4198
4,4096,434,154,93.8881
4,4096,434,156,95.4629
4,4096,434,158,92.4058
4,4096,434,162,90.4734
4,4096,434,164,92.262
4,4096,434,166,88.6381
4,4096,434,170,94.6368
4,4096,434,172,83.1199
4,4096,434,174,82.7149
4,4096,434,178,90.878
4,4096,434,180,90.7353
4,4096,434,182,91.9675
4,4096,434,186,87.0976
4,4096,434,188,82.6496
4,4096,434,190,92.6159
4,4096,434,194,93.6298
4,4096,434,196,88.4424
4,4096,434,198,78.6573
4,4096,434,202,83.8835
4,4096,434,204,82.7423
4,4096,434,206,85.997
4,4096,434,210,76.1563
4,4096,434,212,89.1817
4,4096,434,214,89.4281
4,4096,434,218,89.4462
4,4096,434,220,82.6182
4,4096,434,222,88.9669
4,4096,434,226,79.2017
4,4096,434,228,81.9223
4,4096,434,230,80.5827
4,4096,434,234,89.2033
4,4096,434,236,87.7809
4,4096,434,238,91.4169
4,4096,434,242,87.3692
4,4096,434,244,79.0382
4,4096,434,246,93.1627
4,4096,434,250,89.0616
4,4096,434,252,78.2969
4,4096,434,254,84.0107
4,4096,434,258,79.7446
4,4096,434,260,87.6092
4,4096,434,262,87.5209
4,4096,434,266,89.1549
4,4096,434,268,84.7089
4,4096,434,270,87.9399
4,4096,434,274,89.1383
4,4096,434,276,89.9597
4,4096,434,278,87.2919
4,4096,434,282,88.5367
4,4096,434,284,82.7708
4,4096,434,286,84.3719
4,4096,434,290,86.0483
4,4096,434,292,86.9757
4,4096,434,294,77.2166
4,4096,434,298,85.096
4,4096,434,300,85.7606
4,4096,434,302,76.1016
4,4096,434,306,90.4079
4,4096,434,308,81.9166
4,4096,434,310,76.7919
4,4096,434,314,78.2874
4,4096,434,316,81.0288
4,4096,434,318,69.7675
4,4096,434,322,76.9826
4,4096,434,324,76.6918
4,4096,434,326,82.7607
4,4096,434,330,82.7592
4,4096,434,332,85.3651
4,4096,434,334,83.5148
4,4096,434,338,83.2286
4,4096,434,340,78.9793
4,4096,434,342,79.0258
4,4096,434,346,80.2345
4,4096,434,348,76.222
4,4096,434,350,80.0322
4,4096,434,354,73.6818
4,4096,434,356,73.7888
4,4096,434,358,78.0873
4,4096,434,362,80.0638
4,4096,434,364,78.0502
4,4096,434,366,80.2166
4,4096,434,370,80.1218
4,4096,434,372,77.4436
4,4096,434,374,79.1855
4,4096,434,378,76.5407
4,4096,434,380,75.0728
4,4096,434,382,75.7713
4,4096,434,386,75.5361
4,4096,434,388,74.5423
4,4096,434,390,73.7972
4,4096,434,394,74.1141
4,4096,434,396,74.0732
4,4096,434,398,74.3908
4,4096,434,402,71.9884
4,4096,434,404,71.3325
4,4096,434,406,72.0304
4,4096,434,410,71.73
4,4096,434,412,69.9089
4,4096,434,414,70.8705
4,4096,434,418,68.3937
4,4096,434,420,68.7242
4,4096,434,422,68.5023
4,4096,434,426,71.4545
4,4096,434,428,68.7295
4,4096,434,430,68.4126
4,4096,436,2,31.0248
4,4096,436,4,54.1285
4,4096,436,6,63.3062
4,4096,436,10,80.1423
4,4096,436,12,85.9389
4,4096,436,14,89.967
4,4096,436,18,91.6561
4,4096,436,20,92.3266
4,4096,436,22,90.0959
4,4096,436,26,87.8429
4,4096,436,28,86.1039
4,4096,436,30,82.2216
4,4096,436,34,91.5404
4,4096,436,36,82.3607
4,4096,436,38,99.871
4,4096,436,42,95.1488
4,4096,436,44,97.6157
4,4096,436,46,87.3402
4,4096,436,50,86.5227
4,4096,436,52,97.5323
4,4096,436,54,98.1279
4,4096,436,58,93.8807
4,4096,436,60,94.0733
4,4096,436,62,91.3234
4,4096,436,66,93.4232
4,4096,436,68,87.9091
4,4096,436,70,89.0659
4,4096,436,74,94.5396
4,4096,436,76,95.3213
4,4096,436,78,94.8151
4,4096,436,82,96.0286
4,4096,436,84,95.4281
4,4096,436,86,92.0662
4,4096,436,90,92.4247
4,4096,436,92,94.8455
4,4096,436,94,97.7405
4,4096,436,98,93.5639
4,4096,436,100,98.4741
4,4096,436,102,92.2635
4,4096,436,106,82.0887
4,4096,436,108,84.1099
4,4096,436,110,91.3694
4,4096,436,114,94.9655
4,4096,436,116,96.7119
4,4096,436,118,96.669
4,4096,436,122,96.0963
4,4096,436,124,95.0171
4,4096,436,126,87.8085
4,4096,436,130,90.4445
4,4096,436,132,92.7471
4,4096,436,134,92.3361
4,4096,436,138,83.689
4,4096,436,140,84.9974
4,4096,436,142,82.2805
4,4096,436,146,96.7241
4,4096,436,148,95.5636
4,4096,436,150,93.5264
4,4096,436,154,84.7968
4,4096,436,156,94.7289
4,4096,436,158,91.3667
4,4096,436,162,92.2572
4,4096,436,164,94.338
4,4096,436,166,92.5211
4,4096,436,170,88.0624
4,4096,436,172,94.9976
4,4096,436,174,74.6754
4,4096,436,178,85.2097
4,4096,436,180,80.0394
4,4096,436,182,92.7391
4,4096,436,186,93.2093
4,4096,436,188,89.1567
4,4096,436,190,80.1072
4,4096,436,194,84.6101
4,4096,436,196,79.4849
4,4096,436,198,86.258
4,4096,436,202,91.8897
4,4096,436,204,91.6084
4,4096,436,206,91.2023
4,4096,436,210,86.2612
4,4096,436,212,86.2503
4,4096,436,214,90.1556
4,4096,436,218,90.5779
4,4096,436,220,94.0854
4,4096,436,222,84.8401
4,4096,436,226,88.9685
4,4096,436,228,90.4809
4,4096,436,230,80.6363
4,4096,436,234,79.3633
4,4096,436,236,89.4263
4,4096,436,238,90.2881
4,4096,436,242,77.3407
4,4096,436,244,88.868
4,4096,436,246,86.1137
4,4096,436,250,79.2685
4,4096,436,252,78.8823
4,4096,436,254,75.7853
4,4096,436,258,86.5693
4,4096,436,260,80.5904
4,4096,436,262,76.5606
4,4096,436,266,85.102
4,4096,436,268,90.084
4,4096,436,270,82.205
4,4096,436,274,74.964
4,4096,436,276,84.8718
4,4096,436,278,88.8309
4,4096,436,282,87.8434
4,4096,436,284,86.8915
4,4096,436,286,83.7958
4,4096,436,290,88.0806
4,4096,436,292,87.1935
4,4096,436,294,84.3896
4,4096,436,298,79.9183
4,4096,436,300,86.1078
4,4096,436,302,85.6803
4,4096,436,306,83.4658
4,4096,436,308,86.9178
4,4096,436,310,89.3637
4,4096,436,314,83.5989
4,4096,436,316,85.3297
4,4096,436,318,77.3408
4,4096,436,322,82.0199
4,4096,436,324,80.0916
4,4096,436,326,84.7667
4,4096,436,330,81.3506
4,4096,436,332,83.1963
4,4096,436,334,82.2372
4,4096,436,338,78.2468
4,4096,436,340,81.4525
4,4096,436,342,82.5194
4,4096,436,346,81.6088
4,4096,436,348,80.3553
4,4096,436,350,78.6298
4,4096,436,354,78.0847
4,4096,436,356,79.3389
4,4096,436,358,79.284
4,4096,436,362,78.2546
4,4096,436,364,78.0376
4,4096,436,366,78.0861
4,4096,436,370,75.6426
4,4096,436,372,76.3669
4,4096,436,374,77.2086
4,4096,436,378,74.7272
4,4096,436,380,75.985
4,4096,436,382,76.6595
4,4096,436,386,72.5152
4,4096,436,388,72.7588
4,4096,436,390,75.0315
4,4096,436,394,73.2332
4,4096,436,396,72.0893
4,4096,436,398,71.5287
4,4096,436,402,71.7669
4,4096,436,404,70.6133
4,4096,436,406,68.9389
4,4096,436,410,68.5663
4,4096,436,412,68.2314
4,4096,436,414,69.5818
4,4096,436,418,66.2661
4,4096,436,420,69.0289
4,4096,436,422,67.7425
4,4096,436,426,67.8687
4,4096,436,428,66.5069
4,4096,436,430,66.7713
4,4096,436,434,66.6314
4,4096,438,2,31.0236
4,4096,438,4,57.9506
4,4096,438,6,70.4955
4,4096,438,10,76.1215
4,4096,438,12,84.0632
4,4096,438,14,82.6313
4,4096,438,18,89.1508
4,4096,438,20,95.4317
4,4096,438,22,96.5811
4,4096,438,26,96.9151
4,4096,438,28,101.5622
4,4096,438,30,100.5607
4,4096,438,34,95.4398
4,4096,438,36,87.9164
4,4096,438,38,97.5695
4,4096,438,42,99.4461
4,4096,438,44,99.7718
4,4096,438,46,94.1342
4,4096,438,50,85.7367
4,4096,438,52,87.6756
4,4096,438,54,82.2511
4,4096,438,58,90.4249
4,4096,438,60,94.2273
4,4096,438,62,90.3329
4,4096,438,66,94.0841
4,4096,438,68,94.2685
4,4096,438,70,95.8149
4,4096,438,74,96.2453
4,4096,438,76,96.432
4,4096,438,78,83.5186
4,4096,438,82,82.0038
4,4096,438,84,96.6087
4,4096,438,86,90.2779
4,4096,438,90,93.5834
4,4096,438,92,97.3961
4,4096,438,94,95.6614
4,4096,438,98,93.9262
4,4096,438,100,91.0244
4,4096,438,102,85.1906
4,4096,438,106,93.8292
4,4096,438,108,94.8647
4,4096,438,110,96.0069
4,4096,438,114,96.2615
4,4096,438,116,94.0839
4,4096,438,118,79.9734
4,4096,438,122,93.5433
4,4096,438,124,97.8017
4,4096,438,126,87.2616
4,4096,438,130,94.9962
4,4096,438,132,94.3155
4,4096,438,134,91.9403
4,4096,438,138,90.9213
4,4096,438,140,80.4536
4,4096,438,142,92.1062
4,4096,438,146,92.4328
4,4096,438,148,96.3509
4,4096,438,150,96.6901
4,4096,438,154,92.9995
4,4096,438,156,93.3963
4,4096,438,158,83.7472
4,4096,438,162,95.1893
4,4096,438,164,94.8729
4,4096,438,166,89.8543
4,4096,438,170,84.6409
4,4096,438,172,83.9253
4,4096,438,174,88.4145
4,4096,438,178,80.2439
4,4096,438,180,82.8294
4,4096,438,182,90.7645
4,4096,438,186,82.2717
4,4096,438,188,85.4958
4,4096,438,190,92.8189
4,4096,438,194,91.7139
4,4096,438,196,81.7695
4,4096,438,198,89.2509
4,4096,438,202,78.2291
4,4096,438,204,84.2849
4,4096,438,206,90.7993
4,4096,438,210,88.3747
4,4096,438,212,90.544
4,4096,438,214,89.8711
4,4096,438,218,86.651
4,4096,438,220,87.2402
4,4096,438,222,81.3321
4,4096,438,226,79.4417
4,4096,438,228,78.3074
4,4096,438,230,79.8348
4,4096,438,234,91.3454
4,4096,438,236,83.4033
4,4096,438,238,86.6829
4,4096,438,242,86.8729
4,4096,438,244,87.4752
4,4096,438,246,77.4494
4,4096,438,250,89.3849
4,4096,438,252,80.6009
4,4096,438,254,78.9007
4,4096,438,258,88.1668
4,4096,438,260,89.0245
4,4096,438,262,86.0414
4,4096,438,266,79.2741
4,4096,438,268,75.2083
4,4096,438,270,83.8221
4,4096,438,274,86.7641
4,4096,438,276,83.0896
4,4096,438,278,77.3739
4,4096,438,282,85.2457
4,4096,438,284,86.1917
4,4096,438,286,84.5888
4,4096,438,290,83.2221
4,4096,438,292,88.8864
4,4096,438,294,81.5671
4,4096,438,298,88.3452
4,4096,438,300,87.6724
4,4096,438,302,84.4823
4,4096,438,306,86.148
4,4096,438,308,84.0437
4,4096,438,310,83.0914
4,4096,438,314,81.7374
4,4096,438,316,84.4175
4,4096,438,318,82.8348
4,4096,438,322,84.2164
4,4096,438,324,82.6938
4,4096,438,326,83.0207
4,4096,438,330,82.5758
4,4096,438,332,85.0913
4,4096,438,334,81.8518
4,4096,438,338,80.2941
4,4096,438,340,81.0761
4,4096,438,342,77.9421
4,4096,438,346,79.4084
4,4096,438,348,82.1165
4,4096,438,350,81.7959
4,4096,438,354,83.5566
4,4096,438,356,79.604
4,4096,438,358,79.3154
4,4096,438,362,81.6882
4,4096,438,364,80.3469
4,4096,438,366,78.9422
4,4096,438,370,72.074
4,4096,438,372,75.2474
4,4096,438,374,76.2505
4,4096,438,378,72.9952
4,4096,438,380,75.8207
4,4096,438,382,77.5905
4,4096,438,386,76.3013
4,4096,438,388,73.7235
4,4096,438,390,73.8935
4,4096,438,394,73.1517
4,4096,438,396,74.6458
4,4096,438,398,75.1967
4,4096,438,402,71.143
4,4096,438,404,73.2973
4,4096,438,406,70.9514
4,4096,438,410,71.8175
4,4096,438,412,70.8705
4,4096,438,414,71.5378
4,4096,438,418,70.497
4,4096,438,420,73.5181
4,4096,438,422,70.012
4,4096,438,426,70.724
4,4096,438,428,68.4737
4,4096,438,430,71.1152
4,4096,438,434,65.0112
4,4096,438,436,68.1839
4,4096,442,2,31.4142
4,4096,442,4,51.8719
4,4096,442,6,70.556
4,4096,442,10,79.0525
4,4096,442,12,85.879
4,4096,442,14,90.0749
4,4096,442,18,86.8491
4,4096,442,20,92.4686
4,4096,442,22,93.9158
4,4096,442,26,94.2355
4,4096,442,28,95.5796
4,4096,442,30,91.9847
4,4096,442,34,100.0137
4,4096,442,36,97.9761
4,4096,442,38,88.6662
4,4096,442,42,83.4437
4,4096,442,44,95.5809
4,4096,442,46,101.855
4,4096,442,50,92.0769
4,4096,442,52,94.36
4,4096,442,54,96.8322
4,4096,442,58,90.4341
4,4096,442,60,94.9281
4,4096,442,62,94.1069
4,4096,442,66,94.5476
4,4096,442,68,94.3931
4,4096,442,70,87.2072
4,4096,442,74,88.5235
4,4096,442,76,96.4778
4,4096,442,78,97.6644
4,4096,442,82,91.9439
4,4096,442,84,96.2947
4,4096,442,86,97.692
4,4096,442,90,92.4416
4,4096,442,92,94.2021
4,4096,442,94,91.3454
4,4096,442,98,93.2413
4,4096,442,100,82.0726
4,4096,442,102,89.6271
4,4096,442,106,94.7261
4,4096,442,108,96.5687
4,4096,442,110,89.7257
4,4096,442,114,92.9205
4,4096,442,116,82.0292
4,4096,442,118,86.9443
4,4096,442,122,84.3983
4,4096,442,124,94.6582
4,4096,442,126,96.3673
4,4096,442,130,93.9195
4,4096,442,132,95.0724
4,4096,442,134,84.841
4,4096,442,138,93.2821
4,4096,442,140,85.5662
4,4096,442,142,84.582
4,4096,442,146,90.9042
4,4096,442,148,87.1263
4,4096,442,150,94.6781
4,4096,442,154,83.7666
4,4096,442,156,85.0962
4,4096,442,158,81.8155
4,4096,442,162,85.2657
4,4096,442,164,88.1015
4,4096,442,166,83.7233
4,4096,442,170,86.2374
4,4096,442,172,89.5675
4,4096,442,174,80.8634
4,4096,442,178,93.2413
4,4096,442,180,94.9858
4,4096,442,182,82.4865
4,4096,442,186,95.4885
4,4096,442,188,94.5931
4,4096,442,190,93.3314
4,4096,442,194,86.721
4,4096,442,196,90.0953
4,4096,442,198,86.7933
4,4096,442,202,82.5657
4,4096,442,204,86.626
4,4096,442,206,92.42
4,4096,442,210,91.178
4,4096,442,212,88.6585
4,4096,442,214,86.5575
4,4096,442,218,87.1603
4,4096,442,220,80.6577
4,4096,442,222,90.7238
4,4096,442,226,88.0884
4,4096,442,228,88.2941
4,4096,442,230,80.6814
4,4096,442,234,79.4586
4,4096,442,236,74.5372
4,4096,442,238,79.9914
4,4096,442,242,77.5076
4,4096,442,244,83.5764
4,4096,442,246,81.0545
4,4096,442,250,90.8437
4,4096,442,252,90.1463
4,4096,442,254,84.8154
4,4096,442,258,85.4214
4,4096,442,260,85.0479
4,4096,442,262,89.1952
4,4096,442,266,88.1294
4,4096,442,268,86.1644
4,4096,442,270,87.9028
4,4096,442,274,84.9487
4,4096,442,276,87.1811
4,4096,442,278,84.8206
4,4096,442,282,83.7311
4,4096,442,284,86.9288
4,4096,442,286,87.2083
4,4096,442,290,87.1621
4,4096,442,292,87.1404
4,4096,442,294,86.7215
4,4096,442,298,86.2059
4,4096,442,300,85.669
4,4096,442,302,80.23
4,4096,442,306,86.2738
4,4096,442,308,83.0573
4,4096,442,310,76.1773
4,4096,442,314,85.865
4,4096,442,316,80.9056
4,4096,442,318,85.1796
4,4096,442,322,82.7977
4,4096,442,324,85.6949
4,4096,442,326,82.5523
4,4096,442,330,82.043
4,4096,442,332,79.466
4,4096,442,334,79.8053
4,4096,442,338,83.6198
4,4096,442,340,81.7031
4,4096,442,342,83.2784
4,4096,442,346,82.419
4,4096,442,348,81.5629
4,4096,442,350,78.6887
4,4096,442,354,79.6401
4,4096,442,356,79.1689
4,4096,442,358,81.2163
4,4096,442,362,76.4181
4,4096,442,364,75.7033
4,4096,442,366,74.5315
4,4096,442,370,75.8475
4,4096,442,372,75.6387
4,4096,442,374,78.5993
4,4096,442,378,77.9964
4,4096,442,380,74.5957
4,4096,442,382,76.4233
4,4096,442,386,74.1422
4,4096,442,388,74.5236
4,4096,442,390,75.0683
4,4096,442,394,74.0021
4,4096,442,396,71.7557
4,4096,442,398,74.6123
4,4096,442,402,73.1619
4,4096,442,404,71.6064
4,4096,442,406,71.1153
4,4096,442,410,70.9859
4,4096,442,412,67.3996
4,4096,442,414,69.1827
4,4096,442,418,69.9698
4,4096,442,420,68.6354
4,4096,442,422,69.1944
4,4096,442,426,70.2309
4,4096,442,428,69.222
4,4096,442,430,70.9859
4,4096,442,434,71.709
4,4096,442,436,67.6339
4,4096,442,438,68.9869
4,4096,444,2,30.3079
4,4096,444,4,51.9737
4,4096,444,6,66.8676
4,4096,444,10,77.6226
4,4096,444,12,84.031
4,4096,444,14,87.1607
4,4096,444,18,85.9148
4,4096,444,20,89.549
4,4096,444,22,91.146
4,4096,444,26,87.9928
4,4096,444,28,96.1668
4,4096,444,30,98.0769
4,4096,444,34,89.9158
4,4096,444,36,97.259
4,4096,444,38,98.318
4,4096,444,42,98.5668
4,4096,444,44,100.4273
4,4096,444,46,100.6018
4,4096,444,50,99.0214
4,4096,444,52,80.8009
4,4096,444,54,91.8554
4,4096,444,58,92.5137
4,4096,444,60,92.8859
4,4096,444,62,92.2151
4,4096,444,66,92.5199
4,4096,444,68,91.7419
4,4096,444,70,95.4486
4,4096,444,74,96.6724
4,4096,444,76,92.1616
4,4096,444,78,90.3861
4,4096,444,82,98.0901
4,4096,444,84,94.2755
4,4096,444,86,89.7921
4,4096,444,90,94.7038
4,4096,444,92,95.0997
4,4096,444,94,82.3417
4,4096,444,98,91.4764
4,4096,444,100,97.6088
4,4096,444,102,93.6015
4,4096,444,106,90.2078
4,4096,444,108,94.1157
4,4096,444,110,97.3013
4,4096,444,114,95.9916
4,4096,444,116,92.8121
4,4096,444,118,95.7741
4,4096,444,122,97.2295
4,4096,444,124,91.7062
4,4096,444,126,95.1496
4,4096,444,130,97.4974
4,4096,444,132,95.4902
4,4096,444,134,92.11
4,4096,444,138,92.6509
4,4096,444,140,90.2096
4,4096,444,142,91.9607
4,4096,444,146,94.136
4,4096,444,148,87.0653
4,4096,444,150,81.8073
4,4096,444,154,98.262
4,4096,444,156,91.3087
4,4096,444,158,81.1094
4,4096,444,162,96.3294
4,4096,444,164,94.6232
4,4096,444,166,83.7154
4,4096,444,170,95.0166
4,4096,444,172,90.438
4,4096,444,174,88.9037
4,4096,444,178,89.4096
4,4096,444,180,92.0853
4,4096,444,182,95.8748
4,4096,444,186,94.4489
4,4096,444,188,83.1496
4,4096,444,190,93.0581
4,4096,444,194,79.8911
4,4096,444,196,85.1331
4,4096,444,198,91.5131
4,4096,444,202,83.058
4,4096,444,204,89.571
4,4096,444,206,81.268
4,4096,444,210,91.3952
4,4096,444,212,89.7073
4,4096,444,214,84.6052
4,4096,444,218,86.1107
4,4096,444,220,90.8047
4,4096,444,222,88.0087
4,4096,444,226,89.2149
4,4096,444,228,91.4873
4,4096,444,230,88.0877
4,4096,444,234,84.4684
4,4096,444,236,83.5936
4,4096,444,238,86.9046
4,4096,444,242,78.5875
4,4096,444,244,79.3641
4,4096,444,246,84.9691
4,4096,444,250,79.0295
4,4096,444,252,84.8232
4,4096,444,254,89.4953
4,4096,444,258,77.6524
4,4096,444,260,75.7595
4,4096,444,262,77.4362
4,4096,444,266,82.6232
4,4096,444,268,90.0374
4,4096,444,270,73.088
4,4096,444,274,86.9704
4,4096,444,276,88.0962
4,4096,444,278,85.8187
4,4096,444,282,84.7249
4,4096,444,284,85.6624
4,4096,444,286,86.6464
4,4096,444,290,87.4003
4,4096,444,292,87.8573
4,4096,444,294,84.4481
4,4096,444,298,87.7243
4,4096,444,300,87.0037
4,4096,444,302,86.4201
4,4096,444,306,82.4426
4,4096,444,308,80.7078
4,4096,444,310,84.8858
4,4096,444,314,85.6985
4,4096,444,316,86.084
4,4096,444,318,84.3126
4,4096,444,322,78.8749
4,4096,444,324,83.2568
4,4096,444,326,84.1927
4,4096,444,330,83.3275
4,4096,444,332,79.0502
4,4096,444,334,80.5263
4,4096,444,338,84.4782
4,4096,444,340,81.2005
4,4096,444,342,79.4141
4,4096,444,346,79.8146
4,4096,444,348,83.8075
4,4096,444,350,70.4241
4,4096,444,354,79.0506
4,4096,444,356,79.1459
4,4096,444,358,79.2383
4,4096,444,362,76.0213
4,4096,444,364,74.9451
4,4096,444,366,76.5909
4,4096,444,370,74.6957
4,4096,444,372,76.2571
4,4096,444,374,78.1016
4,4096,444,378,76.6488
4,4096,444,380,73.2928
4,4096,444,382,72.6245
4,4096,444,386,72.7233
4,4096,444,388,74.5877
4,4096,444,390,71.5317
4,4096,444,394,60.574
4,4096,444,396,72.8637
4,4096,444,398,72.9684
4,4096,444,402,72.601
4,4096,444,404,73.704
4,4096,444,406,70.9305
4,4096,444,410,70.3455
4,4096,444,412,71.8165
4,4096,444,414,71.3621
4,4096,444,418,70.6488
4,4096,444,420,70.9052
4,4096,444,422,70.5063
4,4096,444,426,65.0578
4,4096,444,428,69.4359
4,4096,444,430,68.297
4,4096,444,434,66.8919
4,4096,444,436,67.9783
4,4096,444,438,67.4151
4,4096,444,442,63.569
4,4096,446,2,29.0549
4,4096,446,4,53.1705
4,4096,446,6,66.5395
4,4096,446,10,73.2368
4,4096,446,12,75.953
4,4096,446,14,80.6692
4,4096,446,18,84.6763
4,4096,446,20,92.4545
4,4096,446,22,96.831
4,4096,446,26,85.9664
4,4096,446,28,96.9086
4,4096,446,30,97.3725
4,4096,446,34,95.9267
4,4096,446,36,99.8648
4,4096,446,38,92.607
4,4096,446,42,93.782
4,4096,446,44,93.8467
4,4096,446,46,104.4522
4,4096,446,50,80.0775
4,4096,446,52,97.5858
4,4096,446,54,95.7187
4,4096,446,58,94.082
4,4096,446,60,90.2104
4,4096,446,62,89.2333
4,4096,446,66,93.5713
4,4096,446,68,95.0547
4,4096,446,70,95.068
4,4096,446,74,92.2561
4,4096,446,76,95.6364
4,4096,446,78,94.8956
4,4096,446,82,94.1768
4,4096,446,84,89.8706
4,4096,446,86,96.5429
4,4096,446,90,93.7564
4,4096,446,92,95.2049
4,4096,446,94,98.2355
4,4096,446,98,94.997
4,4096,446,100,97.9007
4,4096,446,102,92.0656
4,4096,446,106,96.2306
4,4096,446,108,95.4076
4,4096,446,110,91.0569
4,4096,446,114,94.6096
4,4096,446,116,95.9998
4,4096,446,118,97.7084
4,4096,446,122,79.7563
4,4096,446,124,90.4973
4,4096,446,126,95.488
4,4096,446,130,92.7421
4,4096,446,132,96.5371
4,4096,446,134,92.8207
4,4096,446,138,92.3309
4,4096,446,140,92.4766
4,4096,446,142,81.9502
4,4096,446,146,89.5929
4,4096,446,148,93.1446
4,4096,446,150,93.3814
4,4096,446,154,95.1615
4,4096,446,156,86.5535
4,4096,446,158,86.2246
4,4096,446,162,79.2385
4,4096,446,164,79.5002
4,4096,446,166,84.5611
4,4096,446,170,83.3125
4,4096,446,172,87.7082
4,4096,446,174,81.099
4,4096,446,178,93.5572
4,4096,446,180,95.2179
4,4096,446,182,78.4398
4,4096,446,186,93.2667
4,4096,446,188,91.845
4,4096,446,190,92.6773
4,4096,446,194,91.8349
4,4096,446,196,92.0652
4,4096,446,198,91.3465
4,4096,446,202,88.2264
4,4096,446,204,90.9884
4,4096,446,206,89.8484
4,4096,446,210,93.6901
4,4096,446,212,83.059
4,4096,446,214,79.156
4,4096,446,218,87.9531
4,4096,446,220,87.22
4,4096,446,222,88.1243
4,4096,446,226,76.3242
4,4096,446,228,81.2476
4,4096,446,230,86.2576
4,4096,446,234,83.8124
4,4096,446,236,88.7535
4,4096,446,238,77.8299
4,4096,446,242,91.4176
4,4096,446,244,90.1433
4,4096,446,246,91.0961
4,4096,446,250,78.6554
4,4096,446,252,78.8914
4,4096,446,254,81.8243
4,4096,446,258,83.5669
4,4096,446,260,77.8801
4,4096,446,262,77.3158
4,4096,446,266,88.9215
4,4096,446,268,85.3915
4,4096,446,270,79.8565
4,4096,446,274,88.3519
4,4096,446,276,87.2218
4,4096,446,278,88.2231
4,4096,446,282,81.6902
4,4096,446,284,85.1344
4,4096,446,286,86.954
4,4096,446,290,86.8163
4,4096,446,292,87.4018
4,4096,446,294,87.6764
4,4096,446,298,86.7778
4,4096,446,300,86.7823
4,4096,446,302,89.0032
4,4096,446,306,80.8808
4,4096,446,308,86.2317
4,4096,446,310,84.489
4,4096,446,314,85.5832
4,4096,446,316,82.0124
4,4096,446,318,83.6225
4,4096,446,322,82.6243
4,4096,446,324,84.8683
4,4096,446,326,82.424
4,4096,446,330,80.146
4,4096,446,332,79.079
4,4096,446,334,78.165
4,4096,446,338,83.0296
4,4096,446,340,81.2296
4,4096,446,342,80.5511
4,4096,446,346,80.1085
4,4096,446,348,79.9033
4,4096,446,350,82.0385
4,4096,446,354,80.2781
4,4096,446,356,80.6509
4,4096,446,358,77.8223
4,4096,446,362,78.061
4,4096,446,364,75.8407
4,4096,446,366,77.0507
4,4096,446,370,75.1792
4,4096,446,372,75.9777
4,4096,446,374,79.3038
4,4096,446,378,75.5114
4,4096,446,380,76.1167
4,4096,446,382,73.689
4,4096,446,386,72.6368
4,4096,446,388,71.4479
4,4096,446,390,75.4827
4,4096,446,394,74.7437
4,4096,446,396,74.5774
4,4096,446,398,74.0734
4,4096,446,402,71.0172
4,4096,446,404,71.491
4,4096,446,406,71.7087
4,4096,446,410,70.9667
4,4096,446,412,70.797
4,4096,446,414,70.9653
4,4096,446,418,71.7013
4,4096,446,420,69.4519
4,4096,446,422,71.2112
4,4096,446,426,68.3634
4,4096,446,428,69.3795
4,4096,446,430,72.2935
4,4096,446,434,69.33
4,4096,446,436,67.2062
4,4096,446,438,67.7987
4,4096,446,442,65.3661
4,4096,446,444,67.9139
4,4096,450,2,27.3579
4,4096,450,4,51.8434
4,4096,450,6,65.7892
4,4096,450,10,74.1714
4,4096,450,12,74.0227
4,4096,450,14,78.0207
4,4096,450,18,88.2289
4,4096,450,20,85.8002
4,4096,450,22,85.1878
4,4096,450,26,85.7638
4,4096,450,28,90.9261
4,4096,450,30,95.6252
4,4096,450,34,96.2718
4,4096,450,36,99.5161
4,4096,450,38,94.3231
4,4096,450,42,84.8868
4,4096,450,44,74.4433
4,4096,450,46,87.1893
4,4096,450,50,81.6907
4,4096,450,52,81.074
4,4096,450,54,78.8961
4,4096,450,58,81.5587
4,4096,450,60,77.926
4,4096,450,62,76.8876
4,4096,450,66,79.5735
4,4096,450,68,81.3502
4,4096,450,70,77.0654
4,4096,450,74,80.9049
4,4096,450,76,81.6019
4,4096,450,78,79.5507
4,4096,450,82,80.5206
4,4096,450,84,85.4287
4,4096,450,86,92.6277
4,4096,450,90,93.8208
4,4096,450,92,95.2536
4,4096,450,94,94.5961
4,4096,450,98,92.2915
4,4096,450,100,94.2276
4,4096,450,102,92.543
4,4096,450,106,91.7213
4,4096,450,108,96.1508
4,4096,450,110,93.201
4,4096,450,114,90.3688
4,4096,450,116,92.2148
4,4096,450,118,84.8171
4,4096,450,122,84.4882
4,4096,450,124,81.8307
4,4096,450,126,95.7041
4,4096,450,130,94.719
4,4096,450,132,95.4169
4,4096,450,134,87.738
4,4096,450,138,90.2345
4,4096,450,140,90.4868
4,4096,450,142,92.7845
4,4096,450,146,93.4999
4,4096,450,148,91.8591
4,4096,450,150,91.7184
4,4096,450,154,90.5075
4,4096,450,156,94.8108
4,4096,450,158,88.6384
4,4096,450,162,95.4988
4,4096,450,164,94.966
4,4096,450,166,90.9788
4,4096,450,170,93.4451
4,4096,450,172,88.1572
4,4096,450,174,87.4521
4,4096,450,178,87.2911
4,4096,450,180,91.5647
4,4096,450,182,92.6477
4,4096,450,186,93.2284
4,4096,450,188,81.4056
4,4096,450,190,93.1655
4,4096,450,194,92.693
4,4096,450,196,78.2376
4,4096,450,198,79.9355
4,4096,450,202,78.8449
4,4096,450,204,87.6876
4,4096,450,206,92.3328
4,4096,450,210,89.9904
4,4096,450,212,92.6006
4,4096,450,214,89.6349
4,4096,450,218,86.3637
4,4096,450,220,76.267
4,4096,450,222,85.6372
4,4096,450,226,92.1184
4,4096,450,228,87.5008
4,4096,450,230,82.2548
4,4096,450,234,77.8055
4,4096,450,236,83.1381
4,4096,450,238,78.6521
4,4096,450,242,76.5075
4,4096,450,244,84.0525
4,4096,450,246,86.3158
4,4096,450,250,87.701
4,4096,450,252,87.1172
4,4096,450,254,78.854
4,4096,450,258,87.5822
4,4096,450,260,86.0777
4,4096,450,262,84.6582
4,4096,450,266,84.0128
4,4096,450,268,82.7845
4,4096,450,270,84.9886
4,4096,450,274,86.8565
4,4096,450,276,87.9938
4,4096,450,278,86.66
4,4096,450,282,86.579
4,4096,450,284,86.9775
4,4096,450,286,85.5553
4,4096,450,290,81.5025
4,4096,450,292,83.588
4,4096,450,294,84.2029
4,4096,450,298,82.9228
4,4096,450,300,82.3353
4,4096,450,302,79.1984
4,4096,450,306,74.6255
4,4096,450,308,85.3633
4,4096,450,310,85.25
4,4096,450,314,84.5394
4,4096,450,316,85.2891
4,4096,450,318,74.1414
4,4096,450,322,79.7873
4,4096,450,324,83.6945
4,4096,450,326,82.1382
4,4096,450,330,80.2868
4,4096,450,332,85.7709
4,4096,450,334,79.5266
4,4096,450,338,81.6734
4,4096,450,340,71.8404
4,4096,450,342,81.2135
4,4096,450,346,79.9699
4,4096,450,348,75.9434
4,4096,450,350,77.1505
4,4096,450,354,76.8387
4,4096,450,356,77.5349
4,4096,450,358,79.2601
4,4096,450,362,77.6255
4,4096,450,364,77.8395
4,4096,450,366,77.1724
4,4096,450,370,76.1549
4,4096,450,372,76.472
4,4096,450,374,77.5797
4,4096,450,378,75.6913
4,4096,450,380,78.7884
4,4096,450,382,74.3188
4,4096,450,386,74.783
4,4096,450,388,73.1351
4,4096,450,390,72.6297
4,4096,450,394,73.6876
4,4096,450,396,70.3259
4,4096,450,398,71.9741
4,4096,450,402,71.6106
4,4096,450,404,70.7655
4,4096,450,406,70.4909
4,4096,450,410,70.6666
4,4096,450,412,69.5414
4,4096,450,414,70.3277
4,4096,450,418,69.9203
4,4096,450,420,70.451
4,4096,450,422,70.192
4,4096,450,426,68.1079
4,4096,450,428,68.9521
4,4096,450,430,67.4735
4,4096,450,434,66.7119
4,4096,450,436,65.7735
4,4096,450,438,66.8083
4,4096,450,442,68.2873
4,4096,450,444,68.9939
4,4096,450,446,66.1723
4,4096,452,2,27.2916
4,4096,452,4,47.6934
4,4096,452,6,61.5536
4,4096,452,10,69.6743
4,4096,452,12,72.3716
4,4096,452,14,72.3523
4,4096,452,18,80.1503
4,4096,452,20,84.7247
4,4096,452,22,82.3955
4,4096,452,26,85.2418
4,4096,452,28,86.5409
4,4096,452,30,94.6885
4,4096,452,34,71.6726
4,4096,452,36,97.1666
4,4096,452,38,92.0306
4,4096,452,42,97.6338
4,4096,452,44,96.0613
4,4096,452,46,97.9216
4,4096,452,50,87.248
4,4096,452,52,87.8921
4,4096,452,54,89.7562
4,4096,452,58,91.8249
4,4096,452,60,91.7734
4,4096,452,62,87.6192
4,4096,452,66,91.9424
4,4096,452,68,93.6157
4,4096,452,70,93.1071
4,4096,452,74,91.0968
4,4096,452,76,93.2837
4,4096,452,78,92.4731
4,4096,452,82,87.3732
4,4096,452,84,90.717
4,4096,452,86,93.4761
4,4096,452,90,89.9403
4,4096,452,92,98.6846
4,4096,452,94,96.7813
4,4096,452,98,93.0751
4,4096,452,100,96.0896
4,4096,452,102,88.5007
4,4096,452,106,93.0118
4,4096,452,108,92.6749
4,4096,452,110,92.8651
4,4096,452,114,94.0158
4,4096,452,116,95.1871
4,4096,452,118,94.1867
4,4096,452,122,82.4214
4,4096,452,124,84.2073
4,4096,452,126,81.6197
4,4096,452,130,89.1281
4,4096,452,132,81.634
4,4096,452,134,92.9158
4,4096,452,138,92.1107
4,4096,452,140,92.4338
4,4096,452,142,91.5153
4,4096,452,146,89.4336
4,4096,452,148,90.6291
4,4096,452,150,93.8929
4,4096,452,154,90.6235
4,4096,452,156,93.8761
4,4096,452,158,92.2091
4,4096,452,162,86.2413
4,4096,452,164,80.3953
4,4096,452,166,85.9287
4,4096,452,170,81.9509
4,4096,452,172,90.661
4,4096,452,174,93.3706
4,4096,452,178,91.5818
4,4096,452,180,94.3499
4,4096,452,182,92.6245
4,4096,452,186,89.599
4,4096,452,188,90.7306
4,4096,452,190,90.7303
4,4096,452,194,84.4975
4,4096,452,196,81.4878
4,4096,452,198,91.5721
4,4096,452,202,88.8685
4,4096,452,204,88.8299
4,4096,452,206,87.5036
4,4096,452,210,87.0075
4,4096,452,212,88.7542
4,4096,452,214,88.4186
4,4096,452,218,86.6484
4,4096,452,220,89.1253
4,4096,452,222,89.9113
4,4096,452,226,89.8071
4,4096,452,228,86.1074
4,4096,452,230,85.6447
4,4096,452,234,78.2704
4,4096,452,236,87.6833
4,4096,452,238,86.6725
4,4096,452,242,86.225
4,4096,452,244,89.8106
4,4096,452,246,86.699
4,4096,452,250,82.8705
4,4096,452,252,80.9368
4,4096,452,254,86.6162
4,4096,452,258,87.3269
4,4096,452,260,88.5675
4,4096,452,262,86.4885
4,4096,452,266,87.6148
4,4096,452,268,87.4919
4,4096,452,270,84.4622
4,4096,452,274,84.9579
4,4096,452,276,84.4582
4,4096,452,278,84.4108
4,4096,452,282,83.3799
4,4096,452,284,85.0915
4,4096,452,286,84.0957
4,4096,452,290,85.8494
4,4096,452,292,83.2766
4,4096,452,294,83.6918
4,4096,452,298,81.9936
4,4096,452,300,80.469
4,4096,452,302,82.7564
4,4096,452,306,82.4699
4,4096,452,308,82.9533
4,4096,452,310,87.4593
4,4096,452,314,82.7555
4,4096,452,316,83.9448
4,4096,452,318,82.6661
4,4096,452,322,82.7685
4,4096,452,324,80.1066
4,4096,452,326,82.0639
4,4096,452,330,78.7958
4,4096,452,332,80.3288
4,4096,452,334,79.089
4,4096,452,338,82.1374
4,4096,452,340,84.0518
4,4096,452,342,81.4597
4,4096,452,346,78.6822
4,4096,452,348,81.0034
4,4096,452,350,78.7674
4,4096,452,354,78.3519
4,4096,452,356,80.5486
4,4096,452,358,76.2545
4,4096,452,362,75.9064
4,4096,452,364,74.41
4,4096,452,366,73.5075
4,4096,452,370,75.9223
4,4096,452,372,75.8074
4,4096,452,374,77.1287
4,4096,452,378,77.007
4,4096,452,380,75.6153
4,4096,452,382,72.8727
4,4096,452,386,72.4717
4,4096,452,388,71.1894
4,4096,452,390,71.4489
4,4096,452,394,72.3819
4,4096,452,396,72.685
4,4096,452,398,71.6736
4,4096,452,402,73.1318
4,4096,452,404,69.4957
4,4096,452,406,71.358
4,4096,452,410,72.1463
4,4096,452,412,70.9629
4,4096,452,414,71.0359
4,4096,452,418,68.2357
4,4096,452,420,68.4589
4,4096,452,422,70.6642
4,4096,452,426,70.1718
4,4096,452,428,69.2328
4,4096,452,430,65.5741
4,4096,452,434,68.4294
4,4096,452,436,64.6928
4,4096,452,438,66.1716
4,4096,452,442,68.0394
4,4096,452,444,64.8698
4,4096,452,446,64.5881
4,4096,452,450,61.4297
4,4096,454,2,26.8246
4,4096,454,4,50.0406
4,4096,454,6,58.2195
4,4096,454,10,72.7633
4,4096,454,12,79.5427
4,4096,454,14,82.4394
4,4096,454,18,84.5375
4,4096,454,20,87.6945
4,4096,454,22,90.4545
4,4096,454,26,88.4767
4,4096,454,28,94.1948
4,4096,454,30,91.2389
4,4096,454,34,93.9816
4,4096,454,36,89.7253
4,4096,454,38,90.2994
4,4096,454,42,97.5766
4,4096,454,44,95.4127
4,4096,454,46,99.2281
4,4096,454,50,90.0195
4,4096,454,52,95.9086
4,4096,454,54,95.7408
4,4096,454,58,88.4279
4,4096,454,60,85.401
4,4096,454,62,88.5357
4,4096,454,66,90.0995
4,4096,454,68,93.6035
4,4096,454,70,91.2701
4,4096,454,74,88.5062
4,4096,454,76,93.4793
4,4096,454,78,92.2273
4,4096,454,82,94.3643
4,4096,454,84,95.3753
4,4096,454,86,89.6871
4,4096,454,90,88.0835
4,4096,454,92,96.8354
4,4096,454,94,95.5248
4,4096,454,98,94.4108
4,4096,454,100,95.8446
4,4096,454,102,93.3073
4,4096,454,106,90.8278
4,4096,454,108,90.0316
4,4096,454,110,92.2287
4,4096,454,114,93.9214
4,4096,454,116,95.5696
4,4096,454,118,93.6094
4,4096,454,122,93.2295
4,4096,454,124,94.3483
4,4096,454,126,93.1078
4,4096,454,130,90.0235
4,4096,454,132,92.0462
4,4096,454,134,92.0522
4,4096,454,138,96.2653
4,4096,454,140,98.2863
4,4096,454,142,91.5004
4,4096,454,146,89.6778
4,4096,454,148,89.2705
4,4096,454,150,77.0682
4,4096,454,154,93.2331
4,4096,454,156,86.9624
4,4096,454,158,82.0283
4,4096,454,162,92.2697
4,4096,454,164,93.7589
4,4096,454,166,94.9702
4,4096,454,170,92.9102
4,4096,454,172,91.0655
4,4096,454,174,81.9423
4,4096,454,178,93.6868
4,4096,454,180,80.2157
4,4096,454,182,90.7927
4,4096,454,186,93.2247
4,4096,454,188,90.8041
4,4096,454,190,81.4974
4,4096,454,194,85.5708
4,4096,454,196,82.8422
4,4096,454,198,91.1535
4,4096,454,202,88.4933
4,4096,454,204,90.9328
4,4096,454,206,85.3184
4,4096,454,210,90.7667
4,4096,454,212,82.0917
4,4096,454,214,87.2995
4,4096,454,218,85.8237
4,4096,454,220,86.9235
4,4096,454,222,87.2029
4,4096,454,226,88.1216
4,4096,454,228,88.2809
4,4096,454,230,87.5506
4,4096,454,234,86.3054
4,4096,454,236,87.1406
4,4096,454,238,84.4898
4,4096,454,242,89.7238
4,4096,454,244,89.4665
4,4096,454,246,88.0356
4,4096,454,250,88.6378
4,4096,454,252,87.3199
4,4096,454,254,85.667
4,4096,454,258,82.9579
4,4096,454,260,80.9793
4,4096,454,262,82.8142
4,4096,454,266,85.848
4,4096,454,268,85.2277
4,4096,454,270,87.6466
4,4096,454,274,85.5822
4,4096,454,276,86.0959
4,4096,454,278,81.8586
4,4096,454,282,84.3343
4,4096,454,284,84.6602
4,4096,454,286,85.6627
4,4096,454,290,83.705
4,4096,454,292,86.4793
4,4096,454,294,83.7097
4,4096,454,298,86.0667
4,4096,454,300,82.5777
4,4096,454,302,84.4068
4,4096,454,306,85.8536
4,4096,454,308,85.4307
4,4096,454,310,85.2312
4,4096,454,314,81.6963
4,4096,454,316,82.1574
4,4096,454,318,82.7574
4,4096,454,322,84.1177
4,4096,454,324,81.8576
4,4096,454,326,84.5743
4,4096,454,330,79.2521
4,4096,454,332,78.0221
4,4096,454,334,81.2343
4,4096,454,338,81.3832
4,4096,454,340,78.6772
4,4096,454,342,78.5596
4,4096,454,346,79.0951
4,4096,454,348,78.6015
4,4096,454,350,79.8055
4,4096,454,354,77.8865
4,4096,454,356,80.2654
4,4096,454,358,79.7039
4,4096,454,362,67.753
4,4096,454,364,77.6436
4,4096,454,366,75.1456
4,4096,454,370,75.9384
4,4096,454,372,75.1796
4,4096,454,374,75.912
4,4096,454,378,75.849
4,4096,454,380,76.3184
4,4096,454,382,73.783
4,4096,454,386,73.0774
4,4096,454,388,71.2154
4,4096,454,390,70.0849
4,4096,454,394,68.6021
4,4096,454,396,71.0609
4,4096,454,398,67.5404
4,4096,454,402,71.3005
4,4096,454,404,69.4044
4,4096,454,406,69.8379
4,4096,454,410,69.4373
4,4096,454,412,68.0938
4,4096,454,414,71.8913
4,4096,454,418,69.1792
4,4096,454,420,68.0454
4,4096,454,422,68.6749
4,4096,454,426,68.1176
4,4096,454,428,67.1964
4,4096,454,430,67.0369
4,4096,454,434,67.6194
4,4096,454,436,66.1784
4,4096,454,438,67.8589
4,4096,454,442,66.045
4,4096,454,444,65.555
4,4096,454,446,62.3727
4,4096,454,450,63.207
4,4096,454,452,63.8879
4,4096,458,2,27.1182
4,4096,458,4,50.4488
4,4096,458,6,64.4955
4,4096,458,10,71.7126
4,4096,458,12,71.2565
4,4096,458,14,77.7358
4,4096,458,18,78.6293
4,4096,458,20,81.1211
4,4096,458,22,84.4665
4,4096,458,26,93.3132
4,4096,458,28,92.7339
4,4096,458,30,92.9258
4,4096,458,34,95.7203
4,4096,458,36,92.5401
4,4096,458,38,93.5527
4,4096,458,42,100.6861
4,4096,458,44,93.8339
4,4096,458,46,94.028
4,4096,458,50,93.0894
4,4096,458,52,93.8151
4,4096,458,54,89.2648
4,4096,458,58,90.62
4,4096,458,60,91.5619
4,4096,458,62,91.3296
4,4096,458,66,88.3754
4,4096,458,68,91.499
4,4096,458,70,86.1862
4,4096,458,74,93.9108
4,4096,458,76,95.915
4,4096,458,78,93.9672
4,4096,458,82,92.3537
4,4096,458,84,96.7272
4,4096,458,86,96.4467
4,4096,458,90,91.3129
4,4096,458,92,92.4542
4,4096,458,94,96.8192
4,4096,458,98,94.7741
4,4096,458,100,98.267
4,4096,458,102,95.1238
4,4096,458,106,96.552
4,4096,458,108,94.9792
4,4096,458,110,92.0583
4,4096,458,114,94.612
4,4096,458,116,98.847
4,4096,458,118,98.0552
4,4096,458,122,95.8708
4,4096,458,124,97.2944
4,4096,458,126,79.5753
4,4096,458,130,88.7745
4,4096,458,132,86.3782
4,4096,458,134,93.7387
4,4096,458,138,93.7488
4,4096,458,140,96.7882
4,4096,458,142,85.2715
4,4096,458,146,83.7793
4,4096,458,148,86.0839
4,4096,458,150,86.7633
4,4096,458,154,85.5536
4,4096,458,156,85.2199
4,4096,458,158,83.17
4,4096,458,162,96.0824
4,4096,458,164,97.7796
4,4096,458,166,79.8211
4,4096,458,170,79.3272
4,4096,458,172,86.7343
4,4096,458,174,81.6152
4,4096,458,178,79.1751
4,4096,458,180,88.1087
4,4096,458,182,81.6005
4,4096,458,186,86.9231
4,4096,458,188,82.9431
4,4096,458,190,66.6137
4,4096,458,194,87.5961
4,4096,458,196,79.6297
4,4096,458,198,95.0088
4,4096,458,202,88.5005
4,4096,458,204,82.1069
4,4096,458,206,79.9592
4,4096,458,210,83.8707
4,4096,458,212,62.8471
4,4096,458,214,79.3851
4,4096,458,218,86.4371
4,4096,458,220,77.718
4,4096,458,222,90.3398
4,4096,458,226,88.9758
4,4096,458,228,80.9668
4,4096,458,230,92.3261
4,4096,458,234,83.3463
4,4096,458,236,86.8324
4,4096,458,238,79.6249
4,4096,458,242,78.2586
4,4096,458,244,84.3351
4,4096,458,246,79.6021
4,4096,458,250,81.0947
4,4096,458,252,80.7457
4,4096,458,254,89.5351
4,4096,458,258,86.644
4,4096,458,260,86.5434
4,4096,458,262,78.1684
4,4096,458,266,82.5604
4,4096,458,268,78.5958
4,4096,458,270,84.9758
4,4096,458,274,89.5497
4,4096,458,276,90.8907
4,4096,458,278,86.6938
4,4096,458,282,75.1766
4,4096,458,284,85.6024
4,4096,458,286,88.2764
4,4096,458,290,85.73
4,4096,458,292,87.0985
4,4096,458,294,89.4343
4,4096,458,298,85.2832
4,4096,458,300,85.6436
4,4096,458,302,86.7353
4,4096,458,306,84.6958
4,4096,458,308,86.8987
4,4096,458,310,82.5362
4,4096,458,314,86.2944
4,4096,458,316,87.0109
4,4096,458,318,86.4997
4,4096,458,322,84.7139
4,4096,458,324,83.5174
4,4096,458,326,79.803
4,4096,458,330,83.8453
4,4096,458,332,84.98
4,4096,458,334,80.4854
4,4096,458,338,76.9841
4,4096,458,340,81.3547
4,4096,458,342,84.6113
4,4096,458,346,82.8247
4,4096,458,348,80.3041
4,4096,458,350,79.1162
4,4096,458,354,72.8575
4,4096,458,356,79.5969
4,4096,458,358,78.3996
4,4096,458,362,80.9154
4,4096,458,364,81.3366
4,4096,458,366,81.196
4,4096,458,370,79.0287
4,4096,458,372,71.8744
4,4096,458,374,71.0223
4,4096,458,378,69.3561
4,4096,458,380,62.7904
4,4096,458,382,69.4122
4,4096,458,386,66.5749
4,4096,458,388,68.9902
4,4096,458,390,66.5169
4,4096,458,394,76.4851
4,4096,458,396,71.0969
4,4096,458,398,77.02
4,4096,458,402,74.986
4,4096,458,404,74.3189
4,4096,458,406,72.7232
4,4096,458,410,74.2832
4,4096,458,412,70.8256
4,4096,458,414,73.832
4,4096,458,418,73.6969
4,4096,458,420,72.4713
4,4096,458,422,71.1852
4,4096,458,426,72.174
4,4096,458,428,68.6664
4,4096,458,430,70.1503
4,4096,458,434,70.6918
4,4096,458,436,69.84
4,4096,458,438,69.1885
4,4096,458,442,70.3889
4,4096,458,444,70.1567
4,4096,458,446,70.6793
4,4096,458,450,68.025
4,4096,458,452,66.786
4,4096,458,454,67.4134
4,4096,460,2,30.1613
4,4096,460,4,50.5633
4,4096,460,6,65.0917
4,4096,460,10,75.2006
4,4096,460,12,78.2946
4,4096,460,14,85.5527
4,4096,460,18,87.3971
4,4096,460,20,86.8225
4,4096,460,22,91.9097
4,4096,460,26,92.7331
4,4096,460,28,89.4109
4,4096,460,30,93.8137
4,4096,460,34,97.3421
4,4096,460,36,93.0867
4,4096,460,38,90.0575
4,4096,460,42,99.151
4,4096,460,44,97.4374
4,4096,460,46,86.5286
4,4096,460,50,78.0981
4,4096,460,52,95.7394
4,4096,460,54,97.3736
4,4096,460,58,93.6585
4,4096,460,60,94.5819
4,4096,460,62,89.2419
4,4096,460,66,89.2179
4,4096,460,68,83.4147
4,4096,460,70,84.7565
4,4096,460,74,89.8589
4,4096,460,76,92.5392
4,4096,460,78,92.8573
4,4096,460,82,95.1873
4,4096,460,84,96.8735
4,4096,460,86,96.8942
4,4096,460,90,81.2172
4,4096,460,92,83.6889
4,4096,460,94,82.5863
4,4096,460,98,94.0826
4,4096,460,100,95.7575
4,4096,460,102,96.6006
4,4096,460,106,99.479
4,4096,460,108,95.7842
4,4096,460,110,83.2775
4,4096,460,114,78.7626
4,4096,460,116,90.5861
4,4096,460,118,83.6245
4,4096,460,122,87.6999
4,4096,460,124,91.3961
4,4096,460,126,85.3388
4,4096,460,130,80.3804
4,4096,460,132,82.1201
4,4096,460,134,80.6425
4,4096,460,138,86.9235
4,4096,460,140,83.499
4,4096,460,142,84.1007
4,4096,460,146,87.2715
4,4096,460,148,94.2335
4,4096,460,150,79.9068
4,4096,460,154,87.5714
4,4096,460,156,86.83
4,4096,460,158,84.9038
4,4096,460,162,92.9891
4,4096,460,164,87.2481
4,4096,460,166,95.663
4,4096,460,170,83.3022
4,4096,460,172,90.2698
4,4096,460,174,86.9699
4,4096,460,178,82.5989
4,4096,460,180,87.7499
4,4096,460,182,84.2615
4,4096,460,186,82.2248
4,4096,460,188,79.4783
4,4096,460,190,82.8218
4,4096,460,194,82.4671
4,4096,460,196,78.969
4,4096,460,198,85.2505
4,4096,460,202,81.8722
4,4096,460,204,91.6578
4,4096,460,206,92.9983
4,4096,460,210,89.173
4,4096,460,212,79.2249
4,4096,460,214,79.5659
4,4096,460,218,81.2497
4,4096,460,220,82.8786
4,4096,460,222,89.3196
4,4096,460,226,86.5704
4,4096,460,228,85.3279
4,4096,460,230,88.4891
4,4096,460,234,86.8743
4,4096,460,236,79.9838
4,4096,460,238,86.3675
4,4096,460,242,78.2129
4,4096,460,244,76.8347
4,4096,460,246,78.8204
4,4096,460,250,76.1939
4,4096,460,252,81.0085
4,4096,460,254,77.0868
4,4096,460,258,84.6592
4,4096,460,260,81.503
4,4096,460,262,76.8367
4,4096,460,266,84.5406
4,4096,460,268,79.4478
4,4096,460,270,86.1493
4,4096,460,274,75.3112
4,4096,460,276,76.2362
4,4096,460,278,83.3711
4,4096,460,282,72.374
4,4096,460,284,77.1425
4,4096,460,286,87.6462
4,4096,460,290,85.7403
4,4096,460,292,86.5231
4,4096,460,294,85.0992
4,4096,460,298,84.995
4,4096,460,300,83.4337
4,4096,460,302,82.9517
4,4096,460,306,81.9324
4,4096,460,308,77.3269
4,4096,460,310,77.3927
4,4096,460,314,78.6074
4,4096,460,316,85.7619
4,4096,460,318,85.3176
4,4096,460,322,83.5031
4,4096,460,324,81.024
4,4096,460,326,79.9521
4,4096,460,330,81.5339
4,4096,460,332,73.9074
4,4096,460,334,74.8014
4,4096,460,338,78.0457
4,4096,460,340,84.494
4,4096,460,342,81.7049
4,4096,460,346,82.4439
4,4096,460,348,81.1144
4,4096,460,350,82.3786
4,4096,460,354,77.8473
4,4096,460,356,78.2558
4,4096,460,358,79.7252
4,4096,460,362,82.089
4,4096,460,364,81.9683
4,4096,460,366,81.7371
4,4096,460,370,77.8053
4,4096,460,372,79.0423
4,4096,460,374,79.4318
4,4096,460,378,76.0947
4,4096,460,380,76.9825
4,4096,460,382,76.9455
4,4096,460,386,73.7457
4,4096,460,388,73.9924
4,4096,460,390,73.1972
4,4096,460,394,71.4989
4,4096,460,396,74.5834
4,4096,460,398,75.8239
4,4096,460,402,72.1587
4,4096,460,404,73.0897
4,4096,460,406,75.4062
4,4096,460,410,73.0318
4,4096,460,412,70.6325
4,4096,460,414,73.8775
4,4096,460,418,71.5135
4,4096,460,420,71.3426
4,4096,460,422,71.6995
4,4096,460,426,71.5479
4,4096,460,428,68.5918
4,4096,460,430,70.009
4,4096,460,434,70.8748
4,4096,460,436,70.9673
4,4096,460,438,69.6874
4,4096,460,442,67.8277
4,4096,460,444,66.4753
4,4096,460,446,68.6046
4,4096,460,450,65.9811
4,4096,460,452,66.9039
4,4096,460,454,65.2382
4,4096,460,458,67.1573
4,4096,462,2,28.4742
4,4096,462,4,49.5068
4,4096,462,6,65.3898
4,4096,462,10,76.9015
4,4096,462,12,78.1599
4,4096,462,14,77.4708
4,4096,462,18,82.1789
4,4096,462,20,82.8407
4,4096,462,22,88.9028
4,4096,462,26,91.8799
4,4096,462,28,90.8968
4,4096,462,30,95.0145
4,4096,462,34,95.0422
4,4096,462,36,100.5813
4,4096,462,38,95.0029
4,4096,462,42,97.0815
4,4096,462,44,87.2716
4,4096,462,46,81.9593
4,4096,462,50,88.6428
4,4096,462,52,96.7922
4,4096,462,54,93.2971
4,4096,462,58,89.5701
4,4096,462,60,94.658
4,4096,462,62,91.6694
4,4096,462,66,90.0768
4,4096,462,68,95.2616
4,4096,462,70,95.2429
4,4096,462,74,91.2594
4,4096,462,76,95.8802
4,4096,462,78,94.6278
4,4096,462,82,86.3826
4,4096,462,84,95.0013
4,4096,462,86,94.0001
4,4096,462,90,90.9676
4,4096,462,92,96.5551
4,4096,462,94,97.0282
4,4096,462,98,95.8174
4,4096,462,100,91.8628
4,4096,462,102,95.4528
4,4096,462,106,91.5162
4,4096,462,108,93.3133
4,4096,462,110,94.6826
4,4096,462,114,95.045
4,4096,462,116,97.1014
4,4096,462,118,95.3636
4,4096,462,122,97.8357
4,4096,462,124,96.829
4,4096,462,126,82.5741
4,4096,462,130,78.0041
4,4096,462,132,94.247
4,4096,462,134,93.8471
4,4096,462,138,94.4393
4,4096,462,140,96.2339
4,4096,462,142,98.1721
4,4096,462,146,90.6106
4,4096,462,148,83.2541
4,4096,462,150,91.6998
4,4096,462,154,93.8522
4,4096,462,156,90.979
4,4096,462,158,80.4207
4,4096,462,162,87.275
4,4096,462,164,79.4952
4,4096,462,166,92.0711
4,4096,462,170,94.4798
4,4096,462,172,84.0296
4,4096,462,174,84.6234
4,4096,462,178,93.8817
4,4096,462,180,82.7776
4,4096,462,182,76.9683
4,4096,462,186,88.4713
4,4096,462,188,86.8443
4,4096,462,190,83.3767
4,4096,462,194,84.9973
4,4096,462,196,90.2985
4,4096,462,198,83.4773
4,4096,462,202,77.1215
4,4096,462,204,87.5604
4,4096,462,206,82.4298
4,4096,462,210,81.4178
4,4096,462,212,86.568
4,4096,462,214,83.949
4,4096,462,218,85.3608
4,4096,462,220,89.4825
4,4096,462,222,87.3562
4,4096,462,226,85.6234
4,4096,462,228,86.1013
4,4096,462,230,84.7183
4,4096,462,234,88.8573
4,4096,462,236,79.3624
4,4096,462,238,91.4902
4,4096,462,242,86.9111
4,4096,462,244,84.4024
4,4096,462,246,78.1037
4,4096,462,250,79.0816
4,4096,462,252,78.8406
4,4096,462,254,82.5782
4,4096,462,258,77.1276
4,4096,462,260,85.5728
4,4096,462,262,89.7658
4,4096,462,266,88.5034
4,4096,462,268,81.4076
4,4096,462,270,76.262
4,4096,462,274,86.8972
4,4096,462,276,87.85
4,4096,462,278,89.7646
4,4096,462,282,77.3613
4,4096,462,284,86.3392
4,4096,462,286,86.7955
4,4096,462,290,84.1936
4,4096,462,292,84.0702
4,4096,462,294,85.8303
4,4096,462,298,89.2787
4,4096,462,300,85.6911
4,4096,462,302,75.4886
4,4096,462,306,80.4563
4,4096,462,308,76.2743
4,4096,462,310,79.2715
4,4096,462,314,72.1346
4,4096,462,316,78.5526
4,4096,462,318,74.3622
4,4096,462,322,81.4497
4,4096,462,324,76.8828
4,4096,462,326,73.1841
4,4096,462,330,77.0272
4,4096,462,332,84.2737
4,4096,462,334,81.8661
4,4096,462,338,82.2356
4,4096,462,340,77.5947
4,4096,462,342,81.4527
4,4096,462,346,76.5553
4,4096,462,348,59.5922
4,4096,462,350,76.6732
4,4096,462,354,80.1331
4,4096,462,356,79.7673
4,4096,462,358,81.2656
4,4096,462,362,80.0596
4,4096,462,364,75.8769
4,4096,462,366,74.5233
4,4096,462,370,77.7075
4,4096,462,372,75.7501
4,4096,462,374,75.7652
4,4096,462,378,77.6163
4,4096,462,380,79.012
4,4096,462,382,79.3087
4,4096,462,386,76.7494
4,4096,462,388,73.5787
4,4096,462,390,75.2304
4,4096,462,394,73.7646
4,4096,462,396,74.8274
4,4096,462,398,72.8353
4,4096,462,402,73.061
4,4096,462,404,72.8989
4,4096,462,406,74.8922
4,4096,462,410,74.3022
4,4096,462,412,73.9618
4,4096,462,414,76.2204
4,4096,462,418,73.8337
4,4096,462,420,70.9394
4,4096,462,422,72.2916
4,4096,462,426,70.6097
4,4096,462,428,70.2295
4,4096,462,430,69.005
4,4096,462,434,69.6469
4,4096,462,436,66.2958
4,4096,462,438,68.1011
4,4096,462,442,66.3644
4,4096,462,444,66.8725
4,4096,462,446,65.5397
4,4096,462,450,65.3033
4,4096,462,452,65.463
4,4096,462,454,64.0745
4,4096,462,458,64.5054
4,4096,462,460,66.241
4,4096,466,2,27.7655
4,4096,466,4,52.2558
4,4096,466,6,59.167
4,4096,466,10,73.4682
4,4096,466,12,81.2232
4,4096,466,14,82.2348
4,4096,466,18,84.1473
4,4096,466,20,88.6931
4,4096,466,22,88.7436
4,4096,466,26,91.6169
4,4096,466,28,96.0888
4,4096,466,30,93.602
4,4096,466,34,89.6782
4,4096,466,36,93.1812
4,4096,466,38,82.1066
4,4096,466,42,96.7115
4,4096,466,44,98.6819
4,4096,466,46,98.6897
4,4096,466,50,92.2185
4,4096,466,52,92.8373
4,4096,466,54,96.0343
4,4096,466,58,82.5345
4,4096,466,60,93.1068
4,4096,466,62,92.8494
4,4096,466,66,90.7463
4,4096,466,68,93.6689
4,4096,466,70,96.6951
4,4096,466,74,93.0167
4,4096,466,76,89.1861
4,4096,466,78,94.9041
4,4096,466,82,90.8886
4,4096,466,84,99.8982
4,4096,466,86,97.411
4,4096,466,90,91.6915
4,4096,466,92,91.5339
4,4096,466,94,97.5267
4,4096,466,98,95.6905
4,4096,466,100,95.9596
4,4096,466,102,92.4899
4,4096,466,106,94.2625
4,4096,466,108,95.1036
4,4096,466,110,97.3544
4,4096,466,114,94.8262
4,4096,466,116,93.5538
4,4096,466,118,100.3359
4,4096,466,122,93.059
4,4096,466,124,86.0989
4,4096,466,126,81.2878
4,4096,466,130,87.758
4,4096,466,132,95.4132
4,4096,466,134,94.6989
4,4096,466,138,95.7494
4,4096,466,140,80.5365
4,4096,466,142,80.4876
4,4096,466,146,89.1579
4,4096,466,148,85.5402
4,4096,466,150,95.098
4,4096,466,154,95.4169
4,4096,466,156,97.3681
4,4096,466,158,82.0046
4,4096,466,162,80.1523
4,4096,466,164,83.4784
4,4096,466,166,84.2059
4,4096,466,170,94.6741
4,4096,466,172,92.9088
4,4096,466,174,85.7721
4,4096,466,178,80.4417
4,4096,466,180,84.3437
4,4096,466,182,83.539
4,4096,466,186,82.4794
4,4096,466,188,88.4517
4,4096,466,190,85.4866
4,4096,466,194,80.1773
4,4096,466,196,92.6314
4,4096,466,198,80.6267
4,4096,466,202,79.4747
4,4096,466,204,91.6401
4,4096,466,206,80.9909
4,4096,466,210,81.8313
4,4096,466,212,87.124
4,4096,466,214,90.3449
4,4096,466,218,86.9445
4,4096,466,220,88.0057
4,4096,466,222,88.8693
4,4096,466,226,91.029
4,4096,466,228,87.9801
4,4096,466,230,85.1787
4,4096,466,234,90.9768
4,4096,466,236,89.4317
4,4096,466,238,87.6271
4,4096,466,242,81.6084
4,4096,466,244,78.5185
4,4096,466,246,79.9296
4,4096,466,250,79.3052
4,4096,466,252,76.9733
4,4096,466,254,89.4584
4,4096,466,258,90.963
4,4096,466,260,86.8249
4,4096,466,262,78.0263
4,4096,466,266,78.4237
4,4096,466,268,83.9328
4,4096,466,270,77.3563
4,4096,466,274,87.3391
4,4096,466,276,87.8738
4,4096,466,278,86.8629
4,4096,466,282,82.3435
4,4096,466,284,75.2292
4,4096,466,286,84.9875
4,4096,466,290,86.1289
4,4096,466,292,85.6676
4,4096,466,294,77.1163
4,4096,466,298,80.1953
4,4096,466,300,84.9143
4,4096,466,302,86.808
4,4096,466,306,74.959
4,4096,466,308,82.1557
4,4096,466,310,85.7141
4,4096,466,314,83.9581
4,4096,466,316,84.9846
4,4096,466,318,77.5668
4,4096,466,322,85.5824
4,4096,466,324,85.1247
4,4096,466,326,74.0371
4,4096,466,330,82.0566
4,4096,466,332,80.7825
4,4096,466,334,81.824
4,4096,466,338,75.2304
4,4096,466,340,79.0333
4,4096,466,342,75.9936
4,4096,466,346,65.0992
4,4096,466,348,74.4965
4,4096,466,350,80.769
4,4096,466,354,83.1712
4,4096,466,356,83.0071
4,4096,466,358,79.7112
4,4096,466,362,77.9429
4,4096,466,364,81.0501
4,4096,466,366,80.0182
4,4096,466,370,80.5917
4,4096,466,372,81.3501
4,4096,466,374,76.1038
4,4096,466,378,78.1438
4,4096,466,380,78.9883
4,4096,466,382,78.2454
4,4096,466,386,76.7262
4,4096,466,388,77.177
4,4096,466,390,74.2321
4,4096,466,394,73.5761
4,4096,466,396,75.4318
4,4096,466,398,72.3231
4,4096,466,402,71.7734
4,4096,466,404,72.5864
4,4096,466,406,71.5256
4,4096,466,410,62.8994
4,4096,466,412,68.5334
4,4096,466,414,71.3171
4,4096,466,418,71.257
4,4096,466,420,71.2975
4,4096,466,422,69.2564
4,4096,466,426,71.004
4,4096,466,428,70.4097
4,4096,466,430,71.6485
4,4096,466,434,70.6033
4,4096,466,436,66.6907
4,4096,466,438,69.4844
4,4096,466,442,69.7188
4,4096,466,444,70.4938
4,4096,466,446,68.9171
4,4096,466,450,68.0124
4,4096,466,452,63.1249
4,4096,466,454,67.7645
4,4096,466,458,66.6458
4,4096,466,460,64.9342
4,4096,466,462,68.0028
4,4096,468,2,28.1136
4,4096,468,4,52.9958
4,4096,468,6,64.7317
4,4096,468,10,68.4653
4,4096,468,12,77.5492
4,4096,468,14,80.3004
4,4096,468,18,83.9678
4,4096,468,20,85.8399
4,4096,468,22,86.6398
4,4096,468,26,84.746
4,4096,468,28,86.8147
4,4096,468,30,86.2376
4,4096,468,34,92.9291
4,4096,468,36,94.6664
4,4096,468,38,91.9339
4,4096,468,42,94.3066
4,4096,468,44,98.373
4,4096,468,46,95.3126
4,4096,468,50,87.1557
4,4096,468,52,93.4186
4,4096,468,54,96.7882
4,4096,468,58,88.4566
4,4096,468,60,93.5382
4,4096,468,62,90.6677
4,4096,468,66,92.0995
4,4096,468,68,96.4903
4,4096,468,70,94.8328
4,4096,468,74,88.9228
4,4096,468,76,91.7784
4,4096,468,78,96.1927
4,4096,468,82,94.5042
4,4096,468,84,89.1578
4,4096,468,86,98.9971
4,4096,468,90,94.1657
4,4096,468,92,97.5729
4,4096,468,94,92.04
4,4096,468,98,93.074
4,4096,468,100,97.5086
4,4096,468,102,97.2475
4,4096,468,106,95.6289
4,4096,468,108,95.3294
4,4096,468,110,97.4142
4,4096,468,114,89.9052
4,4096,468,116,94.7597
4,4096,468,118,93.7143
4,4096,468,122,96.592
4,4096,468,124,86.3048
4,4096,468,126,86.0182
4,4096,468,130,91.9768
4,4096,468,132,90.6486
4,4096,468,134,92.5907
4,4096,468,138,88.6394
4,4096,468,140,83.5819
4,4096,468,142,85.4223
4,4096,468,146,96.3613
4,4096,468,148,96.615
4,4096,468,150,92.9848
4,4096,468,154,90.7107
4,4096,468,156,93.4943
4,4096,468,158,97.6276
4,4096,468,162,80.9368
4,4096,468,164,88.7738
4,4096,468,166,84.6509
4,4096,468,170,78.6328
4,4096,468,172,87.1392
4,4096,468,174,80.5191
4,4096,468,178,79.8791
4,4096,468,180,89.3937
4,4096,468,182,85.7973
4,4096,468,186,82.4363
4,4096,468,188,93.7549
4,4096,468,190,83.6524
4,4096,468,194,80.2275
4,4096,468,196,90.3538
4,4096,468,198,86.5168
4,4096,468,202,81.3985
4,4096,468,204,81.4193
4,4096,468,206,84.055
4,4096,468,210,75.8363
4,4096,468,212,83.1737
4,4096,468,214,79.8204
4,4096,468,218,80.8235
4,4096,468,220,79.5438
4,4096,468,222,90.1691
4,4096,468,226,87.8291
4,4096,468,228,90.7371
4,4096,468,230,84.3444
4,4096,468,234,85.8367
4,4096,468,236,86.2412
4,4096,468,238,85.788
4,4096,468,242,81.4619
4,4096,468,244,78.1176
4,4096,468,246,88.5798
4,4096,468,250,89.6983
4,4096,468,252,75.5711
4,4096,468,254,77.3273
4,4096,468,258,76.4273
4,4096,468,260,82.0726
4,4096,468,262,77.46
4,4096,468,266,84.091
4,4096,468,268,86.8175
4,4096,468,270,86.2798
4,4096,468,274,79.0273
4,4096,468,276,84.4001
4,4096,468,278,83.7945
4,4096,468,282,78.0277
4,4096,468,284,85.1286
4,4096,468,286,85.3259
4,4096,468,290,86.8064
4,4096,468,292,88.733
4,4096,468,294,88.4193
4,4096,468,298,87.5589
4,4096,468,300,84.2021
4,4096,468,302,81.4944
4,4096,468,306,76.8799
4,4096,468,308,77.2521
4,4096,468,310,76.5042
4,4096,468,314,85.0957
4,4096,468,316,79.5518
4,4096,468,318,74.7916
4,4096,468,322,82.5495
4,4096,468,324,71.287
4,4096,468,326,74.4526
4,4096,468,330,81.733
4,4096,468,332,83.8971
4,4096,468,334,84.6021
4,4096,468,338,80.4836
4,4096,468,340,84.119
4,4096,468,342,82.2635
4,4096,468,346,80.9624
4,4096,468,348,80.2975
4,4096,468,350,79.5087
4,4096,468,354,79.8062
4,4096,468,356,80.1195
4,4096,468,358,80.6857
4,4096,468,362,79.0558
4,4096,468,364,81.8842
4,4096,468,366,76.6203
4,4096,468,370,81.4832
4,4096,468,372,81.1124
4,4096,468,374,76.5485
4,4096,468,378,82.2059
4,4096,468,380,73.5049
4,4096,468,382,73.0957
4,4096,468,386,72.7825
4,4096,468,388,74.9584
4,4096,468,390,74.9749
4,4096,468,394,74.3959
4,4096,468,396,73.6721
4,4096,468,398,76.4497
4,4096,468,402,75.8377
4,4096,468,404,75.0168
4,4096,468,406,72.4238
4,4096,468,410,72.5124
4,4096,468,412,71.9967
4,4096,468,414,72.4089
4,4096,468,418,73.083
4,4096,468,420,72.7425
4,4096,468,422,72.3492
4,4096,468,426,72.405
4,4096,468,428,67.9244
4,4096,468,430,70.6206
4,4096,468,434,71.7707
4,4096,468,436,69.879
4,4096,468,438,68.1455
4,4096,468,442,68.8182
4,4096,468,444,66.5479
4,4096,468,446,69.2614
4,4096,468,450,66.6228
4,4096,468,452,66.7449
4,4096,468,454,66.8766
4,4096,468,458,65.2713
4,4096,468,460,61.8179
4,4096,468,462,58.0305
4,4096,468,466,65.2037
4,4096,470,2,27.0773
4,4096,470,4,51.7973
4,4096,470,6,63.3603
4,4096,470,10,71.3902
4,4096,470,12,73.1576
4,4096,470,14,76.7916
4,4096,470,18,82.5533
4,4096,470,20,84.3884
4,4096,470,22,85.561
4,4096,470,26,86.2794
4,4096,470,28,92.2003
4,4096,470,30,96.0952
4,4096,470,34,96.5392
4,4096,470,36,87.802
4,4096,470,38,96.9303
4,4096,470,42,95.7003
4,4096,470,44,94.7928
4,4096,470,46,78.0384
4,4096,470,50,76.1692
4,4096,470,52,91.8853
4,4096,470,54,96.7841
4,4096,470,58,92.5159
4,4096,470,60,94.9865
4,4096,470,62,90.9793
4,4096,470,66,93.6478
4,4096,470,68,95.199
4,4096,470,70,94.9171
4,4096,470,74,91.5813
4,4096,470,76,81.1698
4,4096,470,78,93.4865
4,4096,470,82,96.8285
4,4096,470,84,99.7065
4,4096,470,86,93.6944
4,4096,470,90,93.4548
4,4096,470,92,93.1471
4,4096,470,94,89.1219
4,4096,470,98,84.9668
4,4096,470,100,94.8569
4,4096,470,102,97.2046
4,4096,470,106,96.2076
4,4096,470,108,84.8842
4,4096,470,110,96.3614
4,4096,470,114,92.2129
4,4096,470,116,98.3863
4,4096,470,118,96.2339
4,4096,470,122,96.0053
4,4096,470,124,92.7816
4,4096,470,126,83.0494
4,4096,470,130,84.3874
4,4096,470,132,87.2023
4,4096,470,134,82.3329
4,4096,470,138,95.6191
4,4096,470,140,97.1062
4,4096,470,142,97.6478
4,4096,470,146,97.3121
4,4096,470,148,95.9136
4,4096,470,150,81.4717
4,4096,470,154,94.2178
4,4096,470,156,94.6664
4,4096,470,158,94.9136
4,4096,470,162,98.4739
4,4096,470,164,96.8721
4,4096,470,166,94.8398
4,4096,470,170,88.7468
4,4096,470,172,89.4514
4,4096,470,174,82.5791
4,4096,470,178,89.632
4,4096,470,180,85.1021
4,4096,470,182,82.6049
4,4096,470,186,80.5184
4,4096,470,188,83.1224
4,4096,470,190,80.8198
4,4096,470,194,82.1115
4,4096,470,196,88.7115
4,4096,470,198,84.8532
4,4096,470,202,79.2872
4,4096,470,204,85.9004
4,4096,470,206,79.1978
4,4096,470,210,77.7251
4,4096,470,212,83.2841
4,4096,470,214,78.2858
4,4096,470,218,90.1098
4,4096,470,220,82.1288
4,4096,470,222,88.8309
4,4096,470,226,89.7483
4,4096,470,228,87.0956
4,4096,470,230,87.827
4,4096,470,234,87.7625
4,4096,470,236,91.1735
4,4096,470,238,79.9825
4,4096,470,242,89.3654
4,4096,470,244,89.1415
4,4096,470,246,89.6404
4,4096,470,250,78.1266
4,4096,470,252,74.9293
4,4096,470,254,87.5981
4,4096,470,258,79.702
4,4096,470,260,87.6968
4,4096,470,262,91.1453
4,4096,470,266,89.7604
4,4096,470,268,87.9161
4,4096,470,270,77.9605
4,4096,470,274,85.7729
4,4096,470,276,86.9508
4,4096,470,278,73.0375
4,4096,470,282,88.7162
4,4096,470,284,85.7667
4,4096,470,286,88.4961
4,4096,470,290,85.2486
4,4096,470,292,82.6029
4,4096,470,294,83.856
4,4096,470,298,80.925
4,4096,470,300,85.9593
4,4096,470,302,86.4557
4,4096,470,306,77.0962
4,4096,470,308,79.306
4,4096,470,310,82.8112
4,4096,470,314,81.2318
4,4096,470,316,84.0996
4,4096,470,318,84.8846
4,4096,470,322,84.1966
4,4096,470,324,82.5064
4,4096,470,326,88.7305
4,4096,470,330,85.4424
4,4096,470,332,87.1151
4,4096,470,334,75.2401
4,4096,470,338,82.2048
4,4096,470,340,84.3656
4,4096,470,342,78.6365
4,4096,470,346,82.8452
4,4096,470,348,81.7355
4,4096,470,350,81.4474
4,4096,470,354,81.3766
4,4096,470,356,80.1431
4,4096,470,358,83.7106
4,4096,470,362,81.7353
4,4096,470,364,79.3121
4,4096,470,366,75.3287
4,4096,470,370,81.6517
4,4096,470,372,80.3365
4,4096,470,374,76.7762
4,4096,470,378,71.4979
4,4096,470,380,77.2877
4,4096,470,382,78.9593
4,4096,470,386,74.8898
4,4096,470,388,75.4174
4,4096,470,390,76.3341
4,4096,470,394,76.678
4,4096,470,396,76.5496
4,4096,470,398,76.7189
4,4096,470,402,74.3099
4,4096,470,404,77.172
4,4096,470,406,76.166
4,4096,470,410,73.8486
4,4096,470,412,77.1553
4,4096,470,414,72.209
4,4096,470,418,74.9136
4,4096,470,420,72.7687
4,4096,470,422,75.2427
4,4096,470,426,71.5017
4,4096,470,428,69.5275
4,4096,470,430,70.761
4,4096,470,434,68.2107
4,4096,470,436,67.4042
4,4096,470,438,68.5847
4,4096,470,442,67.6645
4,4096,470,444,67.8656
4,4096,470,446,68.0485
4,4096,470,450,65.9939
4,4096,470,452,66.036
4,4096,470,454,64.6371
4,4096,470,458,65.1214
4,4096,470,460,59.983
4,4096,470,462,65.4161
4,4096,470,466,62.9038
4,4096,470,468,63.74
4,4096,474,2,28.2573
4,4096,474,4,50.9949
4,4096,474,6,62.7514
4,4096,474,10,72.4218
4,4096,474,12,78.3252
4,4096,474,14,83.5322
4,4096,474,18,86.3925
4,4096,474,20,88.4512
4,4096,474,22,88.5979
4,4096,474,26,88.5951
4,4096,474,28,93.5282
4,4096,474,30,93.4433
4,4096,474,34,93.6483
4,4096,474,36,90.324
4,4096,474,38,97.0384
4,4096,474,42,76.0745
4,4096,474,44,101.7586
4,4096,474,46,100.4777
4,4096,474,50,88.8413
4,4096,474,52,95.1367
4,4096,474,54,95.6094
4,4096,474,58,90.4497
4,4096,474,60,89.0817
4,4096,474,62,92.8336
4,4096,474,66,93.1114
4,4096,474,68,94.4212
4,4096,474,70,95.1322
4,4096,474,74,96.2714
4,4096,474,76,97.4989
4,4096,474,78,95.3793
4,4096,474,82,92.5635
4,4096,474,84,92.044
4,4096,474,86,96.3705
4,4096,474,90,95.281
4,4096,474,92,96.7048
4,4096,474,94,97.9576
4,4096,474,98,97.6344
4,4096,474,100,83.463
4,4096,474,102,88.7497
4,4096,474,106,85.1211
4,4096,474,108,84.4535
4,4096,474,110,88.5145
4,4096,474,114,82.3787
4,4096,474,116,94.5323
4,4096,474,118,85.7539
4,4096,474,122,80.5473
4,4096,474,124,89.3204
4,4096,474,126,89.8387
4,4096,474,130,82.662
4,4096,474,132,93.7053
4,4096,474,134,86.356
4,4096,474,138,85.4298
4,4096,474,140,87.3325
4,4096,474,142,82.6828
4,4096,474,146,83.2635
4,4096,474,148,93.4585
4,4096,474,150,97.0406
4,4096,474,154,92.293
4,4096,474,156,81.2755
4,4096,474,158,91.2013
4,4096,474,162,80.2858
4,4096,474,164,82.0547
4,4096,474,166,90.8664
4,4096,474,170,85.4964
4,4096,474,172,82.7983
4,4096,474,174,90.8883
4,4096,474,178,83.6685
4,4096,474,180,76.297
4,4096,474,182,87.6971
4,4096,474,186,86.9955
4,4096,474,188,84.1173
4,4096,474,190,82.3871
4,4096,474,194,89.5004
4,4096,474,196,79.2552
4,4096,474,198,94.5303
4,4096,474,202,92.2307
4,4096,474,204,84.2454
4,4096,474,206,82.2748
4,4096,474,210,89.476
4,4096,474,212,82.295
4,4096,474,214,81.2041
4,4096,474,218,79.508
4,4096,474,220,81.4196
4,4096,474,222,80.7309
4,4096,474,226,78.4425
4,4096,474,228,83.5391
4,4096,474,230,78.5002
4,4096,474,234,78.8771
4,4096,474,236,83.7707
4,4096,474,238,91.4476
4,4096,474,242,88.1085
4,4096,474,244,79.3756
4,4096,474,246,87.1347
4,4096,474,250,89.7503
4,4096,474,252,77.216
4,4096,474,254,80.477
4,4096,474,258,79.34
4,4096,474,260,87.6959
4,4096,474,262,83.7408
4,4096,474,266,85.8671
4,4096,474,268,79.8825
4,4096,474,270,76.7714
4,4096,474,274,76.4258
4,4096,474,276,77.2732
4,4096,474,278,87.7254
4,4096,474,282,86.7845
4,4096,474,284,85.7517
4,4096,474,286,85.9595
4,4096,474,290,82.3482
4,4096,474,292,86.598
4,4096,474,294,85.0013
4,4096,474,298,84.0782
4,4096,474,300,86.9549
4,4096,474,302,83.6314
4,4096,474,306,76.3431
4,4096,474,308,85.1821
4,4096,474,310,78.9311
4,4096,474,314,72.2962
4,4096,474,316,81.3815
4,4096,474,318,74.8477
4,4096,474,322,83.6528
4,4096,474,324,76.3686
4,4096,474,326,81.5571
4,4096,474,330,84.3256
4,4096,474,332,85.1391
4,4096,474,334,81.3703
4,4096,474,338,81.5209
4,4096,474,340,72.1592
4,4096,474,342,72.1969
4,4096,474,346,77.2448
4,4096,474,348,74.2542
4,4096,474,350,72.4046
4,4096,474,354,79.9254
4,4096,474,356,79.5343
4,4096,474,358,81.286
4,4096,474,362,83.0613
4,4096,474,364,81.6357
4,4096,474,366,79.8385
4,4096,474,370,78.1314
4,4096,474,372,74.9643
4,4096,474,374,79.0294
4,4096,474,378,79.3046
4,4096,474,380,79.1646
4,4096,474,382,80.8916
4,4096,474,386,76.6507
4,4096,474,388,72.5338
4,4096,474,390,77.2145
4,4096,474,394,77.5465
4,4096,474,396,72.7275
4,4096,474,398,77.9055
4,4096,474,402,75.1356
4,4096,474,404,76.088
4,4096,474,406,72.0079
4,4096,474,410,70.8785
4,4096,474,412,71.842
4,4096,474,414,70.3638
4,4096,474,418,70.3443
4,4096,474,420,68.61
4,4096,474,422,72.5806
4,4096,474,426,68.5919
4,4096,474,428,71.3921
4,4096,474,430,72.0976
4,4096,474,434,70.9697
4,4096,474,436,69.8463
4,4096,474,438,70.7435
4,4096,474,442,71.6312
4,4096,474,444,68.702
4,4096,474,446,68.1053
4,4096,474,450,68.7334
4,4096,474,452,68.4236
4,4096,474,454,67.377
4,4096,474,458,68.5264
4,4096,474,460,67.1752
4,4096,474,462,67.4592
4,4096,474,466,67.1715
4,4096,474,468,66.5346
4,4096,474,470,64.2702
4,4096,476,2,27.6121
4,4096,476,4,50.7767
4,4096,476,6,58.6924
4,4096,476,10,70.8495
4,4096,476,12,62.6664
4,4096,476,14,81.9496
4,4096,476,18,84.3798
4,4096,476,20,83.2744
4,4096,476,22,82.1491
4,4096,476,26,87.2462
4,4096,476,28,81.2229
4,4096,476,30,84.2746
4,4096,476,34,92.8131
4,4096,476,36,95.4799
4,4096,476,38,93.144
4,4096,476,42,89.8724
4,4096,476,44,95.513
4,4096,476,46,101.8197
4,4096,476,50,93.2757
4,4096,476,52,95.6386
4,4096,476,54,96.153
4,4096,476,58,89.5237
4,4096,476,60,94.6313
4,4096,476,62,88.6366
4,4096,476,66,87.0021
4,4096,476,68,93.6364
4,4096,476,70,96.3192
4,4096,476,74,93.3003
4,4096,476,76,95.5254
4,4096,476,78,92.2641
4,4096,476,82,95.5837
4,4096,476,84,93.5837
4,4096,476,86,93.6514
4,4096,476,90,97.5527
4,4096,476,92,82.8532
4,4096,476,94,94.6874
4,4096,476,98,99.5837
4,4096,476,100,96.6372
4,4096,476,102,95.1613
4,4096,476,106,94.9951
4,4096,476,108,96.9038
4,4096,476,110,96.4852
4,4096,476,114,96.3428
4,4096,476,116,94.8294
4,4096,476,118,98.107
4,4096,476,122,95.6167
4,4096,476,124,87.7387
4,4096,476,126,84.5261
4,4096,476,130,82.2858
4,4096,476,132,87.6556
4,4096,476,134,85.7405
4,4096,476,138,86.9988
4,4096,476,140,97.2002
4,4096,476,142,91.0219
4,4096,476,146,91.9404
4,4096,476,148,88.2952
4,4096,476,150,92.6009
4,4096,476,154,81.6099
4,4096,476,156,89.2639
4,4096,476,158,85.8413
4,4096,476,162,94.0638
4,4096,476,164,86.819
4,4096,476,166,84.4328
4,4096,476,170,81.6961
4,4096,476,172,91.253
4,4096,476,174,86.1966
4,4096,476,178,95.6885
4,4096,476,180,81.6215
4,4096,476,182,89.0768
4,4096,476,186,86.8286
4,4096,476,188,93.6682
4,4096,476,190,84.8779
4,4096,476,194,88.6973
4,4096,476,196,95.8449
4,4096,476,198,95.3997
4,4096,476,202,79.2419
4,4096,476,204,83.4376
4,4096,476,206,81.0266
4,4096,476,210,92.7147
4,4096,476,212,93.5867
4,4096,476,214,81.2592
4,4096,476,218,79.0147
4,4096,476,220,79.1715
4,4096,476,222,77.1236
4,4096,476,226,89.1944
4,4096,476,228,89.7038
4,4096,476,230,81.5722
4,4096,476,234,83.9625
4,4096,476,236,88.6732
4,4096,476,238,83.8858
4,4096,476,242,87.396
4,4096,476,244,81.5219
4,4096,476,246,77.3991
4,4096,476,250,78.1162
4,4096,476,252,81.685
4,4096,476,254,87.4964
4,4096,476,258,87.5588
4,4096,476,260,85.8383
4,4096,476,262,85.3361
4,4096,476,266,76.7276
4,4096,476,268,75.2599
4,4096,476,270,91.5364
4,4096,476,274,85.7992
4,4096,476,276,86.6685
4,4096,476,278,87.0401
4,4096,476,282,87.6195
4,4096,476,284,85.3798
4,4096,476,286,81.996
4,4096,476,290,76.9802
4,4096,476,292,86.9273
4,4096,476,294,84.2316
4,4096,476,298,82.0075
4,4096,476,300,84.6216
4,4096,476,302,84.5607
4,4096,476,306,86.7531
4,4096,476,308,72.6835
4,4096,476,310,84.2836
4,4096,476,314,82.4613
4,4096,476,316,85.5612
4,4096,476,318,86.1616
4,4096,476,322,86.5168
4,4096,476,324,84.3183
4,4096,476,326,83.1426
4,4096,476,330,85.3738
4,4096,476,332,82.0778
4,4096,476,334,76.7643
4,4096,476,338,80.8676
4,4096,476,340,81.6603
4,4096,476,342,82.9812
4,4096,476,346,82.7184
4,4096,476,348,82.2469
4,4096,476,350,83.5203
4,4096,476,354,79.2157
4,4096,476,356,78.758
4,4096,476,358,77.271
4,4096,476,362,81.1597
4,4096,476,364,80.2745
4,4096,476,366,80.9618
4,4096,476,370,82.188
4,4096,476,372,80.1563
4,4096,476,374,77.858
4,4096,476,378,78.165
4,4096,476,380,78.8933
4,4096,476,382,79.2923
4,4096,476,386,76.1539
4,4096,476,388,72.4034
4,4096,476,390,72.2531
4,4096,476,394,74.0189
4,4096,476,396,74.7952
4,4096,476,398,73.8127
4,4096,476,402,73.3556
4,4096,476,404,74.5611
4,4096,476,406,72.2206
4,4096,476,410,74.6212
4,4096,476,412,74.4506
4,4096,476,414,71.6915
4,4096,476,418,72.259
4,4096,476,420,70.5517
4,4096,476,422,72.9737
4,4096,476,426,71.8916
4,4096,476,428,68.9637
4,4096,476,430,73.4996
4,4096,476,434,71.2356
4,4096,476,436,71.5076
4,4096,476,438,69.3612
4,4096,476,442,68.5319
4,4096,476,444,71.231
4,4096,476,446,70.6725
4,4096,476,450,68.2137
4,4096,476,452,67.7463
4,4096,476,454,66.0109
4,4096,476,458,66.101
4,4096,476,460,66.1948
4,4096,476,462,66.0923
4,4096,476,466,66.8074
4,4096,476,468,64.7046
4,4096,476,470,62.3073
4,4096,476,474,63.452
4,4096,478,2,28.2326
4,4096,478,4,47.9867
4,4096,478,6,64.9135
4,4096,478,10,70.5014
4,4096,478,12,74.3015
4,4096,478,14,80.8324
4,4096,478,18,85.1619
4,4096,478,20,85.9801
4,4096,478,22,90.1794
4,4096,478,26,84.6864
4,4096,478,28,85.8558
4,4096,478,30,90.6921
4,4096,478,34,91.6723
4,4096,478,36,97.5036
4,4096,478,38,95.6786
4,4096,478,42,94.8813
4,4096,478,44,97.0373
4,4096,478,46,89.7169
4,4096,478,50,76.5436
4,4096,478,52,89.1636
4,4096,478,54,94.4145
4,4096,478,58,92.3408
4,4096,478,60,92.9696
4,4096,478,62,94.9921
4,4096,478,66,92.032
4,4096,478,68,92.759
4,4096,478,70,92.3653
4,4096,478,74,93.1499
4,4096,478,76,90.8569
4,4096,478,78,93.286
4,4096,478,82,84.6056
4,4096,478,84,86.5193
4,4096,478,86,97.3263
4,4096,478,90,96.2207
4,4096,478,92,98.379
4,4096,478,94,81.1669
4,4096,478,98,83.3866
4,4096,478,100,96.3293
4,4096,478,102,96.7793
4,4096,478,106,97.1681
4,4096,478,108,94.7558
4,4096,478,110,98.0972
4,4096,478,114,83.4539
4,4096,478,116,81.5218
4,4096,478,118,92.0402
4,4096,478,122,83.4964
4,4096,478,124,86.2718
4,4096,478,126,80.5117
4,4096,478,130,94.0625
4,4096,478,132,95.5496
4,4096,478,134,92.1317
4,4096,478,138,96.0779
4,4096,478,140,96.2807
4,4096,478,142,90.1952
4,4096,478,146,98.2986
4,4096,478,148,96.8345
4,4096,478,150,93.8563
4,4096,478,154,88.7771
4,4096,478,156,82.3127
4,4096,478,158,89.3141
4,4096,478,162,83.6679
4,4096,478,164,85.8667
4,4096,478,166,96.8208
4,4096,478,170,85.8465
4,4096,478,172,89.3777
4,4096,478,174,80.9589
4,4096,478,178,89.4608
4,4096,478,180,81.9376
4,4096,478,182,82.2417
4,4096,478,186,83.9415
4,4096,478,188,90.0821
4,4096,478,190,81.6098
4,4096,478,194,81.7687
4,4096,478,196,91.5187
4,4096,478,198,83.1399
4,4096,478,202,81.0507
4,4096,478,204,92.2315
4,4096,478,206,95.7395
4,4096,478,210,79.7064
4,4096,478,212,77.6153
4,4096,478,214,90.4484
4,4096,478,218,79.8745
4,4096,478,220,88.1793
4,4096,478,222,80.467
4,4096,478,226,77.8416
4,4096,478,228,89.4787
4,4096,478,230,85.9795
4,4096,478,234,82.2599
4,4096,478,236,86.5485
4,4096,478,238,86.5311
4,4096,478,242,87.8903
4,4096,478,244,86.3439
4,4096,478,246,89.4369
4,4096,478,250,78.8363
4,4096,478,252,76.3481
4,4096,478,254,76.2898
4,4096,478,258,73.9559
4,4096,478,260,82.9679
4,4096,478,262,77.0606
4,4096,478,266,86.4527
4,4096,478,268,87.3051
4,4096,478,270,87.3095
4,4096,478,274,86.8747
4,4096,478,276,87.0482
4,4096,478,278,84.359
4,4096,478,282,79.1277
4,4096,478,284,89.3814
4,4096,478,286,87.6985
4,4096,478,290,85.8436
4,4096,478,292,87.2992
4,4096,478,294,86.8433
4,4096,478,298,82.0831
4,4096,478,300,80.149
4,4096,478,302,83.7402
4,4096,478,306,85.0313
4,4096,478,308,86.8653
4,4096,478,310,85.2494
4,4096,478,314,85.4529
4,4096,478,316,83.1965
4,4096,478,318,81.2242
4,4096,478,322,85.8749
4,4096,478,324,81.8018
4,4096,478,326,85.4319
4,4096,478,330,83.9588
4,4096,478,332,81.9685
4,4096,478,334,85.9374
4,4096,478,338,84.9975
4,4096,478,340,84.118
4,4096,478,342,83.8617
4,4096,478,346,72.4971
4,4096,478,348,73.6057
4,4096,478,350,78.313
4,4096,478,354,76.3456
4,4096,478,356,74.1132
4,4096,478,358,84.6625
4,4096,478,362,77.8028
4,4096,478,364,72.6528
4,4096,478,366,80.6732
4,4096,478,370,79.5445
4,4096,478,372,79.3675
4,4096,478,374,77.9935
4,4096,478,378,77.3329
4,4096,478,380,77.0262
4,4096,478,382,75.1482
4,4096,478,386,74.8054
4,4096,478,388,76.024
4,4096,478,390,74.9247
4,4096,478,394,77.1581
4,4096,478,396,75.0566
4,4096,478,398,73.7322
4,4096,478,402,74.9799
4,4096,478,404,75.471
4,4096,478,406,75.1273
4,4096,478,410,72.9081
4,4096,478,412,74.9549
4,4096,478,414,76.3404
4,4096,478,418,72.469
4,4096,478,420,71.721
4,4096,478,422,73.2213
4,4096,478,426,71.812
4,4096,478,428,70.4737
4,4096,478,430,72.0115
4,4096,478,434,70.1629
4,4096,478,436,67.3414
4,4096,478,438,67.9647
4,4096,478,442,68.4012
4,4096,478,444,69.9507
4,4096,478,446,67.2485
4,4096,478,450,66.5782
4,4096,478,452,64.1789
4,4096,478,454,65.5309
4,4096,478,458,65.2843
4,4096,478,460,64.2726
4,4096,478,462,63.6514
4,4096,478,466,66.6038
4,4096,478,468,61.3836
4,4096,478,470,66.7575
4,4096,478,474,63.6771
4,4096,478,476,62.5709
4,4096,482,2,26.4816
4,4096,482,4,46.842
4,4096,482,6,59.8102
4,4096,482,10,67.6511
4,4096,482,12,70.0421
4,4096,482,14,74.8176
4,4096,482,18,83.7188
4,4096,482,20,85.1292
4,4096,482,22,84.9406
4,4096,482,26,84.5898
4,4096,482,28,84.9271
4,4096,482,30,87.8647
4,4096,482,34,90.6039
4,4096,482,36,94.9753
4,4096,482,38,83.7302
4,4096,482,42,93.3736
4,4096,482,44,98.3197
4,4096,482,46,99.2151
4,4096,482,50,84.3551
4,4096,482,52,88.7749
4,4096,482,54,98.9038
4,4096,482,58,91.9993
4,4096,482,60,89.8917
4,4096,482,62,91.3209
4,4096,482,66,88.823
4,4096,482,68,95.8209
4,4096,482,70,95.6943
4,4096,482,74,95.9845
4,4096,482,76,89.1584
4,4096,482,78,89.4004
4,4096,482,82,93.2472
4,4096,482,84,95.7119
4,4096,482,86,84.3508
4,4096,482,90,95.9011
4,4096,482,92,93.2395
4,4096,482,94,95.4809
4,4096,482,98,94.7459
4,4096,482,100,95.6517
4,4096,482,102,92.3878
4,4096,482,106,97.3503
4,4096,482,108,94.9462
4,4096,482,110,95.3078
4,4096,482,114,94.9666
4,4096,482,116,91.7399
4,4096,482,118,92.0865
4,4096,482,122,96.9514
4,4096,482,124,96.5584
4,4096,482,126,95.1363
4,4096,482,130,84.5293
4,4096,482,132,93.9438
4,4096,482,134,80.3681
4,4096,482,138,86.8212
4,4096,482,140,83.3428
4,4096,482,142,83.7607
4,4096,482,146,87.5461
4,4096,482,148,81.9092
4,4096,482,150,92.9456
4,4096,482,154,94.2845
4,4096,482,156,92.0362
4,4096,482,158,89.7429
4,4096,482,162,83.7105
4,4096,482,164,80.4933
4,4096,482,166,90.6618
4,4096,482,170,90.8236
4,4096,482,172,92.6558
4,4096,482,174,94.6944
4,4096,482,178,89.0512
4,4096,482,180,80.8593
4,4096,482,182,84.865
4,4096,482,186,96.0472
4,4096,482,188,82.8026
4,4096,482,190,96.5377
4,4096,482,194,95.8869
4,4096,482,196,80.8203
4,4096,482,198,84.9855
4,4096,482,202,80.6032
4,4096,482,204,82.5765
4,4096,482,206,85.6898
4,4096,482,210,90.9351
4,4096,482,212,90.9261
4,4096,482,214,83.4139
4,4096,482,218,78.053
4,4096,482,220,81.8609
4,4096,482,222,92.1059
4,4096,482,226,88.47
4,4096,482,228,80.6836
4,4096,482,230,76.9896
4,4096,482,234,84.886
4,4096,482,236,86.9134
4,4096,482,238,86.7356
4,4096,482,242,86.0038
4,4096,482,244,84.684
4,4096,482,246,89.8763
4,4096,482,250,87.7399
4,4096,482,252,88.9965
4,4096,482,254,88.136
4,4096,482,258,90.4993
4,4096,482,260,85.4217
4,4096,482,262,83.8135
4,4096,482,266,86.4279
4,4096,482,268,84.0178
4,4096,482,270,84.6997
4,4096,482,274,87.1772
4,4096,482,276,77.4297
4,4096,482,278,84.6713
4,4096,482,282,85.8594
4,4096,482,284,86.4139
4,4096,482,286,83.6494
4,4096,482,290,83.1059
4,4096,482,292,82.0897
4,4096,482,294,86.0393
4,4096,482,298,77.5634
4,4096,482,300,82.4371
4,4096,482,302,84.9666
4,4096,482,306,84.2776
4,4096,482,308,77.249
4,4096,482,310,75.543
4,4096,482,314,77.3795
4,4096,482,316,74.092
4,4096,482,318,74.8038
4,4096,482,322,85.3477
4,4096,482,324,85.0735
4,4096,482,326,86.1777
4,4096,482,330,82.3852
4,4096,482,332,84.7282
4,4096,482,334,81.8711
4,4096,482,338,83.1162
4,4096,482,340,80.6638
4,4096,482,342,78.2477
4,4096,482,346,71.8446
4,4096,482,348,82.5654
4,4096,482,350,79.4057
4,4096,482,354,81.2592
4,4096,482,356,79.9418
4,4096,482,358,76.8492
4,4096,482,362,77.3042
4,4096,482,364,78.2071
4,4096,482,366,79.423
4,4096,482,370,74.3133
4,4096,482,372,75.4425
4,4096,482,374,75.9212
4,4096,482,378,78.9129
4,4096,482,380,79.0693
4,4096,482,382,76.4885
4,4096,482,386,77.6014
4,4096,482,388,76.3267
4,4096,482,390,72.2991
4,4096,482,394,74.3015
4,4096,482,396,77.4714
4,4096,482,398,74.858
4,4096,482,402,72.7355
4,4096,482,404,75.0138
4,4096,482,406,73.8646
4,4096,482,410,70.0762
4,4096,482,412,73.2997
4,4096,482,414,72.1702
4,4096,482,418,71.8623
4,4096,482,420,72.402
4,4096,482,422,71.2208
4,4096,482,426,72.6151
4,4096,482,428,71.2957
4,4096,482,430,67.4702
4,4096,482,434,70.1275
4,4096,482,436,68.1817
4,4096,482,438,68.4701
4,4096,482,442,66.3693
4,4096,482,444,66.4509
4,4096,482,446,69.3548
4,4096,482,450,67.225
4,4096,482,452,67.1333
4,4096,482,454,69.4585
4,4096,482,458,67.397
4,4096,482,460,63.877
4,4096,482,462,65.1554
4,4096,482,466,66.2618
4,4096,482,468,64.991
4,4096,482,470,66.9096
4,4096,482,474,61.2777
4,4096,482,476,62.4591
4,4096,482,478,63.0203
4,4096,484,2,26.4506
4,4096,484,4,44.4008
4,4096,484,6,60.4578
4,4096,484,10,54.4281
4,4096,484,12,59.3116
4,4096,484,14,71.9542
4,4096,484,18,78.7266
4,4096,484,20,80.0077
4,4096,484,22,83.1428
4,4096,484,26,88.9512
4,4096,484,28,90.0052
4,4096,484,30,73.412
4,4096,484,34,92.0278
4,4096,484,36,97.0433
4,4096,484,38,96.4255
4,4096,484,42,94.9062
4,4096,484,44,97.8454
4,4096,484,46,99.7185
4,4096,484,50,92.7959
4,4096,484,52,90.4186
4,4096,484,54,93.4118
4,4096,484,58,90.6699
4,4096,484,60,90.1041
4,4096,484,62,92.3647
4,4096,484,66,88.8063
4,4096,484,68,89.4616
4,4096,484,70,92.1913
4,4096,484,74,97.4586
4,4096,484,76,90.7567
4,4096,484,78,87.3015
4,4096,484,82,92.4421
4,4096,484,84,95.763
4,4096,484,86,92.5779
4,4096,484,90,83.9909
4,4096,484,92,90.3848
4,4096,484,94,94.4936
4,4096,484,98,96.7714
4,4096,484,100,86.6462
4,4096,484,102,84.3877
4,4096,484,106,84.7419
4,4096,484,108,88.1937
4,4096,484,110,95.1912
4,4096,484,114,94.5878
4,4096,484,116,95.3251
4,4096,484,118,89.4355
4,4096,484,122,95.2859
4,4096,484,124,91.5652
4,4096,484,126,96.8735
4,4096,484,130,83.6183
4,4096,484,132,97.3361
4,4096,484,134,95.5579
4,4096,484,138,89.8864
4,4096,484,140,91.3292
4,4096,484,142,91.2377
4,4096,484,146,94.6448
4,4096,484,148,94.3551
4,4096,484,150,94.7028
4,4096,484,154,86.087
4,4096,484,156,81.034
4,4096,484,158,85.3634
4,4096,484,162,88.916
4,4096,484,164,82.8962
4,4096,484,166,80.2435
4,4096,484,170,92.4322
4,4096,484,172,94.262
4,4096,484,174,84.573
4,4096,484,178,79.8631
4,4096,484,180,81.0661
4,4096,484,182,90.451
4,4096,484,186,86.4603
4,4096,484,188,78.6536
4,4096,484,190,93.0489
4,4096,484,194,86.007
4,4096,484,196,79.8264
4,4096,484,198,86.0759
4,4096,484,202,92.8354
4,4096,484,204,91.9885
4,4096,484,206,83.5848
4,4096,484,210,83.0626
4,4096,484,212,92.4816
4,4096,484,214,90.3169
4,4096,484,218,87.167
4,4096,484,220,88.938
4,4096,484,222,83.3433
4,4096,484,226,67.8033
4,4096,484,228,86.1181
4,4096,484,230,88.3996
4,4096,484,234,87.7745
4,4096,484,236,87.5589
4,4096,484,238,87.9562
4,4096,484,242,83.4496
4,4096,484,244,83.264
4,4096,484,246,78.3231
4,4096,484,250,87.5504
4,4096,484,252,83.2032
4,4096,484,254,77.2161
4,4096,484,258,86.3975
4,4096,484,260,88.974
4,4096,484,262,87.6811
4,4096,484,266,84.8747
4,4096,484,268,88.0302
4,4096,484,270,79.8289
4,4096,484,274,84.56
4,4096,484,276,88.4576
4,4096,484,278,85.81
4,4096,484,282,86.1492
4,4096,484,284,82.7549
4,4096,484,286,84.5152
4,4096,484,290,80.4808
4,4096,484,292,83.4849
4,4096,484,294,84.8293
4,4096,484,298,85.613
4,4096,484,300,86.0229
4,4096,484,302,84.8871
4,4096,484,306,74.8677
4,4096,484,308,85.7089
4,4096,484,310,84.2214
4,4096,484,314,83.053
4,4096,484,316,71.4741
4,4096,484,318,72.6896
4,4096,484,322,86.8775
4,4096,484,324,79.5891
4,4096,484,326,82.4407
4,4096,484,330,83.9738
4,4096,484,332,81.4827
4,4096,484,334,84.5824
4,4096,484,338,80.3322
4,4096,484,340,74.9378
4,4096,484,342,77.5119
4,4096,484,346,79.424
4,4096,484,348,73.2216
4,4096,484,350,75.436
4,4096,484,354,73.4299
4,4096,484,356,82.5112
4,4096,484,358,81.801
4,4096,484,362,83.0024
4,4096,484,364,78.7838
4,4096,484,366,79.2653
4,4096,484,370,80.5959
4,4096,484,372,76.702
4,4096,484,374,76.785
4,4096,484,378,76.2555
4,4096,484,380,77.8852
4,4096,484,382,77.4435
4,4096,484,386,76.7021
4,4096,484,388,74.3092
4,4096,484,390,74.4445
4,4096,484,394,74.5513
4,4096,484,396,76.7346
4,4096,484,398,75.0571
4,4096,484,402,76.2947
4,4096,484,404,76.1729
4,4096,484,406,72.3956
4,4096,484,410,73.9728
4,4096,484,412,72.3493
4,4096,484,414,72.4568
4,4096,484,418,70.4947
4,4096,484,420,74.3003
4,4096,484,422,72.1051
4,4096,484,426,69.4907
4,4096,484,428,69.5133
4,4096,484,430,72.0546
4,4096,484,434,67.8735
4,4096,484,436,67.9204
4,4096,484,438,68.2463
4,4096,484,442,70.3114
4,4096,484,444,66.3692
4,4096,484,446,66.9943
4,4096,484,450,66.8836
4,4096,484,452,63.8654
4,4096,484,454,65.728
4,4096,484,458,65.2308
4,4096,484,460,65.7696
4,4096,484,462,65.5044
4,4096,484,466,65.2995
4,4096,484,468,65.0669
4,4096,484,470,63.8511
4,4096,484,474,63.1024
4,4096,484,476,61.5225
4,4096,484,478,62.3392
4,4096,484,482,61.4198
4,4096,486,2,26.4721
4,4096,486,4,42.2606
4,4096,486,6,59.488
4,4096,486,10,64.8852
4,4096,486,12,73.1078
4,4096,486,14,79.5429
4,4096,486,18,81.9222
4,4096,486,20,83.4014
4,4096,486,22,83.2421
4,4096,486,26,89.527
4,4096,486,28,89.9103
4,4096,486,30,89.3831
4,4096,486,34,78.4752
4,4096,486,36,91.228
4,4096,486,38,94.1787
4,4096,486,42,95.5696
4,4096,486,44,94.8748
4,4096,486,46,97.5362
4,4096,486,50,92.7172
4,4096,486,52,93.957
4,4096,486,54,92.2942
4,4096,486,58,86.7529
4,4096,486,60,89.4925
4,4096,486,62,93.1525
4,4096,486,66,91.502
4,4096,486,68,94.0373
4,4096,486,70,90.3216
4,4096,486,74,93.3182
4,4096,486,76,94.1146
4,4096,486,78,92.3344
4,4096,486,82,91.5722
4,4096,486,84,96.369
4,4096,486,86,94.0437
4,4096,486,90,88.705
4,4096,486,92,95.963
4,4096,486,94,91.6311
4,4096,486,98,96.6331
4,4096,486,100,84.229
4,4096,486,102,79.3225
4,4096,486,106,93.2775
4,4096,486,108,94.302
4,4096,486,110,87.1478
4,4096,486,114,96.4555
4,4096,486,116,84.8793
4,4096,486,118,92.0708
4,4096,486,122,92.8191
4,4096,486,124,97.5224
4,4096,486,126,83.8648
4,4096,486,130,94.1958
4,4096,486,132,85.9015
4,4096,486,134,81.9846
4,4096,486,138,90.7071
4,4096,486,140,83.6931
4,4096,486,142,81.2615
4,4096,486,146,90.6918
4,4096,486,148,86.2937
4,4096,486,150,82.5861
4,4096,486,154,96.3591
4,4096,486,156,95.7697
4,4096,486,158,89.2738
4,4096,486,162,94.2721
4,4096,486,164,90.5205
4,4096,486,166,83.8636
4,4096,486,170,75.0032
4,4096,486,172,87.5581
4,4096,486,174,88.4238
4,4096,486,178,82.8192
4,4096,486,180,84.8432
4,4096,486,182,85.6833
4,4096,486,186,84.3885
4,4096,486,188,82.7072
4,4096,486,190,83.3347
4,4096,486,194,86.9933
4,4096,486,196,90.3424
4,4096,486,198,84.0477
4,4096,486,202,84.2698
4,4096,486,204,80.988
4,4096,486,206,84.934
4,4096,486,210,84.3307
4,4096,486,212,83.3557
4,4096,486,214,82.3527
4,4096,486,218,80.6451
4,4096,486,220,78.7938
4,4096,486,222,57.2019
4,4096,486,226,65.3487
4,4096,486,228,74.6176
4,4096,486,230,42.1909
4,4096,486,234,27.6641
4,4096,486,236,53.28
4,4096,486,238,75.4149
4,4096,486,242,75.152
4,4096,486,244,88.6858
4,4096,486,246,88.3103
4,4096,486,250,88.1126
4,4096,486,252,90.5016
4,4096,486,254,74.0095
4,4096,486,258,81.4762
4,4096,486,260,77.9065
4,4096,486,262,82.0668
4,4096,486,266,75.5578
4,4096,486,268,88.9212
4,4096,486,270,82.4276
4,4096,486,274,85.801
4,4096,486,276,84.4859
4,4096,486,278,82.9355
4,4096,486,282,82.6642
4,4096,486,284,84.6786
4,4096,486,286,87.8572
4,4096,486,290,87.6855
4,4096,486,292,83.7372
4,4096,486,294,85.1312
4,4096,486,298,84.3066
4,4096,486,300,85.0717
4,4096,486,302,85.6262
4,4096,486,306,81.7336
4,4096,486,308,87.654
4,4096,486,310,86.292
4,4096,486,314,83.6514
4,4096,486,316,82.6198
4,4096,486,318,82.0586
4,4096,486,322,87.1633
4,4096,486,324,82.8319
4,4096,486,326,84.4601
4,4096,486,330,80.0973
4,4096,486,332,80.0583
4,4096,486,334,82.852
4,4096,486,338,84.9537
4,4096,486,340,83.106
4,4096,486,342,81.4043
4,4096,486,346,81.7527
4,4096,486,348,82.436
4,4096,486,350,80.5112
4,4096,486,354,81.9696
4,4096,486,356,79.5794
4,4096,486,358,77.7532
4,4096,486,362,75.6893
4,4096,486,364,82.046
4,4096,486,366,80.2412
4,4096,486,370,78.9236
4,4096,486,372,78.8771
4,4096,486,374,78.327
4,4096,486,378,80.5895
4,4096,486,380,75.2892
4,4096,486,382,76.1866
4,4096,486,386,74.6371
4,4096,486,388,76.8968
4,4096,486,390,72.3403
4,4096,486,394,74.6743
4,4096,486,396,74.3089
4,4096,486,398,75.0509
4,4096,486,402,74.4654
4,4096,486,404,74.3493
4,4096,486,406,73.4309
4,4096,486,410,73.5576
4,4096,486,412,70.8193
4,4096,486,414,74.0166
4,4096,486,418,73.1777
4,4096,486,420,73.5292
4,4096,486,422,71.5262
4,4096,486,426,72.5522
4,4096,486,428,71.8106
4,4096,486,430,69.5884
4,4096,486,434,69.7923
4,4096,486,436,70.7987
4,4096,486,438,71.0687
4,4096,486,442,71.8073
4,4096,486,444,69.9514
4,4096,486,446,67.0862
4,4096,486,450,68.9249
4,4096,486,452,66.6418
4,4096,486,454,67.5537
4,4096,486,458,66.638
4,4096,486,460,65.2555
4,4096,486,462,66.0511
4,4096,486,466,66.0972
4,4096,486,468,64.5146
4,4096,486,470,62.4646
4,4096,486,474,65.1566
4,4096,486,476,62.5148
4,4096,486,478,65.4812
4,4096,486,482,66.0232
4,4096,486,484,62.1949
4,4096,490,2,25.3524
4,4096,490,4,37.3513
4,4096,490,6,58.31
4,4096,490,10,66.4232
4,4096,490,12,70.7415
4,4096,490,14,69.5694
4,4096,490,18,78.3917
4,4096,490,20,81.7472
4,4096,490,22,85.0456
4,4096,490,26,85.4491
4,4096,490,28,88.1177
4,4096,490,30,82.4773
4,4096,490,34,91.4727
4,4096,490,36,92.9562
4,4096,490,38,93.4311
4,4096,490,42,90.2377
4,4096,490,44,86.723
4,4096,490,46,99.4759
4,4096,490,50,94.0681
4,4096,490,52,93.8701
4,4096,490,54,92.249
4,4096,490,58,92.73
4,4096,490,60,88.9674
4,4096,490,62,89.3797
4,4096,490,66,91.4695
4,4096,490,68,89.1614
4,4096,490,70,91.3984
4,4096,490,74,96.5254
4,4096,490,76,95.0854
4,4096,490,78,93.0888
4,4096,490,82,94.6019
4,4096,490,84,90.6274
4,4096,490,86,96.9352
4,4096,490,90,91.7397
4,4096,490,92,93.9449
4,4096,490,94,95.0845
4,4096,490,98,96.0602
4,4096,490,100,99.2403
4,4096,490,102,98.8275
4,4096,490,106,86.4082
4,4096,490,108,81.6617
4,4096,490,110,87.097
4,4096,490,114,94.9095
4,4096,490,116,82.818
4,4096,490,118,92.4095
4,4096,490,122,86.1623
4,4096,490,124,85.7946
4,4096,490,126,93.3145
4,4096,490,130,81.6609
4,4096,490,132,80.7175
4,4096,490,134,88.0729
4,4096,490,138,92.6441
4,4096,490,140,89.9169
4,4096,490,142,91.8083
4,4096,490,146,86.6027
4,4096,490,148,81.557
4,4096,490,150,86.5393
4,4096,490,154,80.1114
4,4096,490,156,83.3253
4,4096,490,158,88.2214
4,4096,490,162,92.2527
4,4096,490,164,93.1044
4,4096,490,166,91.6148
4,4096,490,170,85.2298
4,4096,490,172,97.1877
4,4096,490,174,92.8551
4,4096,490,178,90.003
4,4096,490,180,85.9597
4,4096,490,182,83.1053
4,4096,490,186,96.9772
4,4096,490,188,88.9203
4,4096,490,190,85.8005
4,4096,490,194,81.2325
4,4096,490,196,91.3709
4,4096,490,198,85.1117
4,4096,490,202,79.4122
4,4096,490,204,80.3769
4,4096,490,206,82.7969
4,4096,490,210,76.4899
4,4096,490,212,86.613
4,4096,490,214,80.8782
4,4096,490,218,82.3333
4,4096,490,220,71.2639
4,4096,490,222,80.9527
4,4096,490,226,89.119
4,4096,490,228,87.0444
4,4096,490,230,84.0347
4,4096,490,234,84.3867
4,4096,490,236,91.0389
4,4096,490,238,88.316
4,4096,490,242,85.6391
4,4096,490,244,85.1613
4,4096,490,246,86.3986
4,4096,490,250,87.3823
4,4096,490,252,83.4918
4,4096,490,254,82.1122
4,4096,490,258,76.1598
4,4096,490,260,82.302
4,4096,490,262,85.7093
4,4096,490,266,83.8119
4,4096,490,268,84.8034
4,4096,490,270,82.5533
4,4096,490,274,84.4897
4,4096,490,276,81.8311
4,4096,490,278,86.1333
4,4096,490,282,85.23
4,4096,490,284,77.9811
4,4096,490,286,78.3812
4,4096,490,290,78.1232
4,4096,490,292,83.4762
4,4096,490,294,87.9828
4,4096,490,298,91.0771
4,4096,490,300,76.5978
4,4096,490,302,74.3062
4,4096,490,306,75.9943
4,4096,490,308,76.9597
4,4096,490,310,84.7312
4,4096,490,314,83.7049
4,4096,490,316,84.45
4,4096,490,318,84.9019
4,4096,490,322,87.1119
4,4096,490,324,83.1853
4,4096,490,326,82.7452
4,4096,490,330,79.6038
4,4096,490,332,83.4507
4,4096,490,334,83.2141
4,4096,490,338,83.0682
4,4096,490,340,80.8624
4,4096,490,342,82.0268
4,4096,490,346,82.4045
4,4096,490,348,80.9755
4,4096,490,350,82.1366
4,4096,490,354,70.2175
4,4096,490,356,72.3023
4,4096,490,358,77.6679
4,4096,490,362,73.2583
4,4096,490,364,74.9445
4,4096,490,366,72.6148
4,4096,490,370,79.1241
4,4096,490,372,79.4441
4,4096,490,374,78.5117
4,4096,490,378,80.4254
4,4096,490,380,77.703
4,4096,490,382,81.2585
4,4096,490,386,74.793
4,4096,490,388,71.7713
4,4096,490,390,74.0895
4,4096,490,394,71.1031
4,4096,490,396,73.8703
4,4096,490,398,74.2274
4,4096,490,402,74.1859
4,4096,490,404,75.2144
4,4096,490,406,74.5299
4,4096,490,410,72.607
4,4096,490,412,73.6923
4,4096,490,414,74.3192
4,4096,490,418,72.7172
4,4096,490,420,72.0349
4,4096,490,422,72.9296
4,4096,490,426,71.4034
4,4096,490,428,72.2366
4,4096,490,430,70.6724
4,4096,490,434,69.4472
4,4096,490,436,69.4651
4,4096,490,438,69.9241
4,4096,490,442,67.2784
4,4096,490,444,69.5701
4,4096,490,446,68.7787
4,4096,490,450,68.1304
4,4096,490,452,67.8498
4,4096,490,454,69.6496
4,4096,490,458,63.9935
4,4096,490,460,65.264
4,4096,490,462,67.1217
4,4096,490,466,66.4607
4,4096,490,468,65.1189
4,4096,490,470,64.4908
4,4096,490,474,63.7565
4,4096,490,476,64.8689
4,4096,490,478,63.8047
4,4096,490,482,64.5416
4,4096,490,484,61.6175
4,4096,490,486,62.6519
4,4096,492,2,25.265
4,4096,492,4,39.2791
4,4096,492,6,55.9555
4,4096,492,10,64.902
4,4096,492,12,65.0177
4,4096,492,14,73.4635
4,4096,492,18,79.6471
4,4096,492,20,72.6924
4,4096,492,22,82.1298
4,4096,492,26,89.8083
4,4096,492,28,87.1571
4,4096,492,30,92.0684
4,4096,492,34,88.661
4,4096,492,36,91.6313
4,4096,492,38,89.3933
4,4096,492,42,93.6282
4,4096,492,44,89.6138
4,4096,492,46,93.3629
4,4096,492,50,78.9775
4,4096,492,52,90.3036
4,4096,492,54,92.062
4,4096,492,58,90.6722
4,4096,492,60,90.3442
4,4096,492,62,93.8791
4,4096,492,66,89.4799
4,4096,492,68,90.3173
4,4096,492,70,87.2082
4,4096,492,74,96.4388
4,4096,492,76,91.7315
4,4096,492,78,95.6038
4,4096,492,82,99.4193
4,4096,492,84,94.2925
4,4096,492,86,98.4356
4,4096,492,90,91.0034
4,4096,492,92,82.9524
4,4096,492,94,90.617
4,4096,492,98,94.8503
4,4096,492,100,96.7488
4,4096,492,102,96.1575
4,4096,492,106,91.1727
4,4096,492,108,91.2467
4,4096,492,110,94.0163
4,4096,492,114,94.198
4,4096,492,116,89.8443
4,4096,492,118,81.6902
4,4096,492,122,91.5932
4,4096,492,124,84.228
4,4096,492,126,81.8619
4,4096,492,130,87.6509
4,4096,492,132,86.5873
4,4096,492,134,85.4067
4,4096,492,138,97.455
4,4096,492,140,95.3817
4,4096,492,142,90.9065
4,4096,492,146,93.1725
4,4096,492,148,86.4999
4,4096,492,150,81.3225
4,4096,492,154,94.2929
4,4096,492,156,93.2948
4,4096,492,158,80.9647
4,4096,492,162,79.347
4,4096,492,164,93.2142
4,4096,492,166,91.9561
4,4096,492,170,80.3418
4,4096,492,172,91.5612
4,4096,492,174,80.6898
4,4096,492,178,81.3657
4,4096,492,180,90.4708
4,4096,492,182,81.5931
4,4096,492,186,81.4801
4,4096,492,188,81.3732
4,4096,492,190,87.5038
4,4096,492,194,83.2356
4,4096,492,196,83.0867
4,4096,492,198,95.3106
4,4096,492,202,91.7811
4,4096,492,204,80.4309
4,4096,492,206,83.8644
4,4096,492,210,92.3932
4,4096,492,212,78.5851
4,4096,492,214,84.2647
4,4096,492,218,91.1872
4,4096,492,220,91.3083
4,4096,492,222,79.3675
4,4096,492,226,77.0546
4,4096,492,228,78.5876
4,4096,492,230,78.6226
4,4096,492,234,85.7981
4,4096,492,236,90.2952
4,4096,492,238,87.9349
4,4096,492,242,87.0732
4,4096,492,244,82.2548
4,4096,492,246,85.9613
4,4096,492,250,75.3922
4,4096,492,252,82.3251
4,4096,492,254,83.1632
4,4096,492,258,84.0803
4,4096,492,260,85.8531
4,4096,492,262,86.519
4,4096,492,266,77.1909
4,4096,492,268,81.1666
4,4096,492,270,86.9953
4,4096,492,274,76.1592
4,4096,492,276,77.156
4,4096,492,278,75.2242
4,4096,492,282,85.4121
4,4096,492,284,85.6246
4,4096,492,286,85.3865
4,4096,492,290,84.7822
4,4096,492,292,85.2165
4,4096,492,294,81.7713
4,4096,492,298,84.4436
4,4096,492,300,69.97
4,4096,492,302,72.6693
4,4096,492,306,83.2478
4,4096,492,308,83.9626
4,4096,492,310,85.6959
4,4096,492,314,82.3394
4,4096,492,316,79.6517
4,4096,492,318,82.3536
4,4096,492,322,81.2928
4,4096,492,324,82.9681
4,4096,492,326,73.5188
4,4096,492,330,73.5098
4,4096,492,332,80.3766
4,4096,492,334,83.1566
4,4096,492,338,82.245
4,4096,492,340,85.5324
4,4096,492,342,81.1454
4,4096,492,346,82.7673
4,4096,492,348,83.2619
4,4096,492,350,82.7241
4,4096,492,354,79.0126
4,4096,492,356,79.7332
4,4096,492,358,78.0146
4,4096,492,362,71.4875
4,4096,492,364,82.3685
4,4096,492,366,82.7935
4,4096,492,370,78.9444
4,4096,492,372,78.1342
4,4096,492,374,76.1489
4,4096,492,378,78.2011
4,4096,492,380,76.9719
4,4096,492,382,77.6319
4,4096,492,386,75.5284
4,4096,492,388,73.1309
4,4096,492,390,73.4089
4,4096,492,394,72.3645
4,4096,492,396,72.7162
4,4096,492,398,71.4419
4,4096,492,402,74.4194
4,4096,492,404,73.457
4,4096,492,406,77.6394
4,4096,492,410,72.853
4,4096,492,412,74.5717
4,4096,492,414,71.0074
4,4096,492,418,74.1804
4,4096,492,420,73.1706
4,4096,492,422,73.7467
4,4096,492,426,70.3153
4,4096,492,428,71.0434
4,4096,492,430,72.8594
4,4096,492,434,70.7359
4,4096,492,436,65.6531
4,4096,492,438,57.4451
4,4096,492,442,69.6791
4,4096,492,444,69.9696
4,4096,492,446,68.3004
4,4096,492,450,67.8371
4,4096,492,452,64.7184
4,4096,492,454,70.6327
4,4096,492,458,66.4068
4,4096,492,460,66.1036
4,4096,492,462,67.3871
4,4096,492,466,65.1565
4,4096,492,468,61.5483
4,4096,492,470,65.5226
4,4096,492,474,63.4821
4,4096,492,476,51.3742
4,4096,492,478,64.2307
4,4096,492,482,61.2505
4,4096,492,484,60.1853
4,4096,492,486,60.2226
4,4096,492,490,59.0555
4,4096,494,2,24.4144
4,4096,494,4,44.78
4,4096,494,6,57.3401
4,4096,494,10,62.0537
4,4096,494,12,68.5034
4,4096,494,14,72.9008
4,4096,494,18,78.2324
4,4096,494,20,83.1059
4,4096,494,22,81.8293
4,4096,494,26,86.6001
4,4096,494,28,86.59
4,4096,494,30,90.208
4,4096,494,34,90.7561
4,4096,494,36,95.125
4,4096,494,38,89.8778
4,4096,494,42,92.0165
4,4096,494,44,95.6467
4,4096,494,46,95.7458
4,4096,494,50,88.2876
4,4096,494,52,93.014
4,4096,494,54,91.3598
4,4096,494,58,89.3393
4,4096,494,60,90.992
4,4096,494,62,90.283
4,4096,494,66,87.0823
4,4096,494,68,87.0614
4,4096,494,70,92.1122
4,4096,494,74,90.6886
4,4096,494,76,82.053
4,4096,494,78,93.3431
4,4096,494,82,93.4697
4,4096,494,84,97.9014
4,4096,494,86,94.1979
4,4096,494,90,89.9253
4,4096,494,92,97.4798
4,4096,494,94,95.8986
4,4096,494,98,95.5612
4,4096,494,100,96.448
4,4096,494,102,95.2656
4,4096,494,106,95.293
4,4096,494,108,94.8184
4,4096,494,110,81.7076
4,4096,494,114,81.8561
4,4096,494,116,90.2607
4,4096,494,118,95.619
4,4096,494,122,96.1567
4,4096,494,124,94.7142
4,4096,494,126,90.0679
4,4096,494,130,82.7656
4,4096,494,132,83.2942
4,4096,494,134,87.484
4,4096,494,138,84.9284
4,4096,494,140,90.9375
4,4096,494,142,87.9448
4,4096,494,146,81.9997
4,4096,494,148,86.93
4,4096,494,150,81.471
4,4096,494,154,79.7656
4,4096,494,156,84.5368
4,4096,494,158,80.9334
4,4096,494,162,86.5606
4,4096,494,164,80.8039
4,4096,494,166,92.751
4,4096,494,170,97.3292
4,4096,494,172,82.0864
4,4096,494,174,79.8894
4,4096,494,178,89.6928
4,4096,494,180,83.1021
4,4096,494,182,81.7081
4,4096,494,186,98.2017
4,4096,494,188,93.7377
4,4096,494,190,81.3807
4,4096,494,194,84.1397
4,4096,494,196,80.6085
4,4096,494,198,85.6368
4,4096,494,202,82.4455
4,4096,494,204,84.9467
4,4096,494,206,85.761
4,4096,494,210,79.9777
4,4096,494,212,85.0348
4,4096,494,214,79.8611
4,4096,494,218,78.4425
4,4096,494,220,83.9765
4,4096,494,222,85.8575
4,4096,494,226,87.1213
4,4096,494,228,89.1567
4,4096,494,230,89.6553
4,4096,494,234,80.6452
4,4096,494,236,75.4939
4,4096,494,238,86.916
4,4096,494,242,76.3403
4,4096,494,244,88.2714
4,4096,494,246,84.733
4,4096,494,250,85.3566
4,4096,494,252,86.3309
4,4096,494,254,84.1393
4,4096,494,258,75.0634
4,4096,494,260,81.6954
4,4096,494,262,86.6225
4,4096,494,266,87.4174
4,4096,494,268,84.6833
4,4096,494,270,87.2632
4,4096,494,274,74.8136
4,4096,494,276,84.6145
4,4096,494,278,86.4654
4,4096,494,282,83.9606
4,4096,494,284,79.9739
4,4096,494,286,86.9285
4,4096,494,290,83.177
4,4096,494,292,75.3684
4,4096,494,294,82.0434
4,4096,494,298,84.8927
4,4096,494,300,81.1575
4,4096,494,302,81.3004
4,4096,494,306,82.3058
4,4096,494,308,81.5291
4,4096,494,310,75.7106
4,4096,494,314,74.0301
4,4096,494,316,75.7741
4,4096,494,318,86.1447
4,4096,494,322,84.7016
4,4096,494,324,83.4808
4,4096,494,326,81.7921
4,4096,494,330,81.7474
4,4096,494,332,83.9472
4,4096,494,334,73.3474
4,4096,494,338,75.8801
4,4096,494,340,84.9529
4,4096,494,342,83.5015
4,4096,494,346,73.3279
4,4096,494,348,72.2961
4,4096,494,350,80.8778
4,4096,494,354,81.6945
4,4096,494,356,81.8873
4,4096,494,358,81.1797
4,4096,494,362,80.9547
4,4096,494,364,78.8043
4,4096,494,366,76.7474
4,4096,494,370,76.2992
4,4096,494,372,82.3385
4,4096,494,374,75.9265
4,4096,494,378,78.3699
4,4096,494,380,82.633
4,4096,494,382,79.1137
4,4096,494,386,78.731
4,4096,494,388,74.719
4,4096,494,390,76.3555
4,4096,494,394,74.4765
4,4096,494,396,76.4159
4,4096,494,398,74.7016
4,4096,494,402,73.3311
4,4096,494,404,71.5686
4,4096,494,406,71.5718
4,4096,494,410,71.8108
4,4096,494,412,69.9274
4,4096,494,414,70.6325
4,4096,494,418,70.5765
4,4096,494,420,73.7853
4,4096,494,422,74.7511
4,4096,494,426,72.2527
4,4096,494,428,74.9553
4,4096,494,430,71.4248
4,4096,494,434,71.9487
4,4096,494,436,70.6575
4,4096,494,438,70.9966
4,4096,494,442,69.1334
4,4096,494,444,67.2051
4,4096,494,446,68.4524
4,4096,494,450,65.3227
4,4096,494,452,70.8813
4,4096,494,454,68.3981
4,4096,494,458,67.7583
4,4096,494,460,65.892
4,4096,494,462,60.093
4,4096,494,466,66.141
4,4096,494,468,65.4162
4,4096,494,470,63.815
4,4096,494,474,63.8999
4,4096,494,476,62.3321
4,4096,494,478,61.8541
4,4096,494,482,60.0107
4,4096,494,484,58.0228
4,4096,494,486,59.6717
4,4096,494,490,57.9371
4,4096,494,492,60.0311
4,4096,498,2,23.9814
4,4096,498,4,41.2635
4,4096,498,6,52.8398
4,4096,498,10,62.5368
4,4096,498,12,68.4051
4,4096,498,14,69.4371
4,4096,498,18,72.7543
4,4096,498,20,73.3638
4,4096,498,22,77.3682
4,4096,498,26,77.1407
4,4096,498,28,80.9166
4,4096,498,30,83.6634
4,4096,498,34,86.5577
4,4096,498,36,91.6352
4,4096,498,38,92.1417
4,4096,498,42,93.5265
4,4096,498,44,94.7207
4,4096,498,46,98.3562
4,4096,498,50,89.6863
4,4096,498,52,84.5847
4,4096,498,54,90.4461
4,4096,498,58,83.4354
4,4096,498,60,86.9576
4,4096,498,62,86.0523
4,4096,498,66,90.9092
4,4096,498,68,91.9998
4,4096,498,70,90.7877
4,4096,498,74,94.9743
4,4096,498,76,92.7421
4,4096,498,78,94.5255
4,4096,498,82,91.6457
4,4096,498,84,91.0513
4,4096,498,86,90.4851
4,4096,498,90,95.083
4,4096,498,92,93.6264
4,4096,498,94,94.6934
4,4096,498,98,92.6415
4,4096,498,100,94.241
4,4096,498,102,92.8576
4,4096,498,106,91.753
4,4096,498,108,93.0744
4,4096,498,110,85.2501
4,4096,498,114,95.9807
4,4096,498,116,89.9011
4,4096,498,118,82.8182
4,4096,498,122,86.8069
4,4096,498,124,83.9014
4,4096,498,126,97.1235
4,4096,498,130,86.319
4,4096,498,132,96.0571
4,4096,498,134,91.5618
4,4096,498,138,95.7335
4,4096,498,140,98.2098
4,4096,498,142,92.5158
4,4096,498,146,80.8804
4,4096,498,148,93.4109
4,4096,498,150,87.6044
4,4096,498,154,94.0679
4,4096,498,156,90.5717
4,4096,498,158,94.7502
4,4096,498,162,80.6609
4,4096,498,164,80.4538
4,4096,498,166,89.7608
4,4096,498,170,85.9095
4,4096,498,172,82.8437
4,4096,498,174,86.9567
4,4096,498,178,84.3603
4,4096,498,180,79.3688
4,4096,498,182,86.6333
4,4096,498,186,84.178
4,4096,498,188,82.391
4,4096,498,190,77.6075
4,4096,498,194,88.1262
4,4096,498,196,81.8361
4,4096,498,198,83.6123
4,4096,498,202,81.7802
4,4096,498,204,80.1265
4,4096,498,206,86.3123
4,4096,498,210,81.7435
4,4096,498,212,81.1506
4,4096,498,214,92.5547
4,4096,498,218,88.7987
4,4096,498,220,79.9133
4,4096,498,222,80.3256
4,4096,498,226,90.2515
4,4096,498,228,88.2865
4,4096,498,230,79.3275
4,4096,498,234,76.412
4,4096,498,236,80.5496
4,4096,498,238,78.8221
4,4096,498,242,83.6717
4,4096,498,244,83.0762
4,4096,498,246,80.3246
4,4096,498,250,84.3032
4,4096,498,252,86.8264
4,4096,498,254,86.3933
4,4096,498,258,80.7658
4,4096,498,260,76.0579
4,4096,498,262,81.0356
4,4096,498,266,83.8637
4,4096,498,268,84.5149
4,4096,498,270,75.7543
4,4096,498,274,82.5319
4,4096,498,276,83.6662
4,4096,498,278,83.6469
4,4096,498,282,86.3649
4,4096,498,284,84.1979
4,4096,498,286,84.038
4,4096,498,290,86.6958
4,4096,498,292,82.1896
4,4096,498,294,80.292
4,4096,498,298,72.9204
4,4096,498,300,78.3165
4,4096,498,302,69.8527
4,4096,498,306,85.1817
4,4096,498,308,83.22
4,4096,498,310,78.124
4,4096,498,314,84.19
4,4096,498,316,84.7749
4,4096,498,318,85.4009
4,4096,498,322,83.4011
4,4096,498,324,74.2667
4,4096,498,326,81.0846
4,4096,498,330,83.1848
4,4096,498,332,82.5459
4,4096,498,334,79.7651
4,4096,498,338,80.9039
4,4096,498,340,82.0107
4,4096,498,342,82.7865
4,4096,498,346,83.5377
4,4096,498,348,82.7155
4,4096,498,350,77.6489
4,4096,498,354,80.1576
4,4096,498,356,82.146
4,4096,498,358,83.1198
4,4096,498,362,78.1157
4,4096,498,364,80.8571
4,4096,498,366,79.7798
4,4096,498,370,77.4614
4,4096,498,372,78.6205
4,4096,498,374,77.3109
4,4096,498,378,79.7947
4,4096,498,380,76.9351
4,4096,498,382,69.5863
4,4096,498,386,69.4818
4,4096,498,388,75.086
4,4096,498,390,75.6202
4,4096,498,394,76.6205
4,4096,498,396,74.3143
4,4096,498,398,75.8176
4,4096,498,402,73.546
4,4096,498,404,74.9266
4,4096,498,406,73.5978
4,4096,498,410,70.7276
4,4096,498,412,71.3263
4,4096,498,414,71.7547
4,4096,498,418,71.5889
4,4096,498,420,70.7713
4,4096,498,422,73.7259
4,4096,498,426,72.1506
4,4096,498,428,68.6544
4,4096,498,430,70.9754
4,4096,498,434,69.5757
4,4096,498,436,71.3739
4,4096,498,438,70.309
4,4096,498,442,70.7997
4,4096,498,444,70.2266
4,4096,498,446,69.1589
4,4096,498,450,67.6888
4,4096,498,452,67.3788
4,4096,498,454,66.6284
4,4096,498,458,67.5945
4,4096,498,460,64.5105
4,4096,498,462,65.9547
4,4096,498,466,66.0656
4,4096,498,468,65.4081
4,4096,498,470,64.8787
4,4096,498,474,65.1362
4,4096,498,476,62.1922
4,4096,498,478,63.2879
4,4096,498,482,64.2556
4,4096,498,484,61.6319
4,4096,498,486,62.2686
4,4096,498,490,58.9928
4,4096,498,492,60.4719
4,4096,498,494,59.9234
4,4096,500,2,23.6973
4,4096,500,4,40.1591
4,4096,500,6,52.8494
4,4096,500,10,60.9145
4,4096,500,12,66.7824
4,4096,500,14,68.2663
4,4096,500,18,73.583
4,4096,500,20,76.1601
4,4096,500,22,76.5966
4,4096,500,26,77.4143
4,4096,500,28,81.1271
4,4096,500,30,85.3189
4,4096,500,34,86.5433
4,4096,500,36,91.4309
4,4096,500,38,90.1753
4,4096,500,42,92.9536
4,4096,500,44,92.69
4,4096,500,46,92.8362
4,4096,500,50,90.5634
4,4096,500,52,90.5071
4,4096,500,54,88.9937
4,4096,500,58,86.6108
4,4096,500,60,87.058
4,4096,500,62,90.3577
4,4096,500,66,90.8129
4,4096,500,68,89.6992
4,4096,500,70,94.6945
4,4096,500,74,92.65
4,4096,500,76,93.5598
4,4096,500,78,94.4171
4,4096,500,82,91.3316
4,4096,500,84,84.1207
4,4096,500,86,91.0009
4,4096,500,90,90.065
4,4096,500,92,81.9702
4,4096,500,94,85.1364
4,4096,500,98,93.3548
4,4096,500,100,97.6163
4,4096,500,102,99.5539
4,4096,500,106,93.4627
4,4096,500,108,83.4275
4,4096,500,110,80.8501
4,4096,500,114,90.8123
4,4096,500,116,81.8304
4,4096,500,118,90.916
4,4096,500,122,90.6348
4,4096,500,124,93.2385
4,4096,500,126,83.0239
4,4096,500,130,84.2132
4,4096,500,132,85.1255
4,4096,500,134,91.8731
4,4096,500,138,83.1122
4,4096,500,140,82.7885
4,4096,500,142,90.4352
4,4096,500,146,80.0524
4,4096,500,148,94.5872
4,4096,500,150,95.2589
4,4096,500,154,96.2478
4,4096,500,156,94.5565
4,4096,500,158,90.4285
4,4096,500,162,92.354
4,4096,500,164,78.3322
4,4096,500,166,75.9185
4,4096,500,170,84.8177
4,4096,500,172,84.7895
4,4096,500,174,90.9748
4,4096,500,178,82.3641
4,4096,500,180,93.3942
4,4096,500,182,78.5512
4,4096,500,186,85.0812
4,4096,500,188,81.2957
4,4096,500,190,93.5502
4,4096,500,194,87.1513
4,4096,500,196,80.9655
4,4096,500,198,85.7971
4,4096,500,202,82.1023
4,4096,500,204,78.7651
4,4096,500,206,86.6893
4,4096,500,210,92.5788
4,4096,500,212,91.1706
4,4096,500,214,84.8943
4,4096,500,218,91.7193
4,4096,500,220,90.0479
4,4096,500,222,83.4821
4,4096,500,226,77.1566
4,4096,500,228,86.1991
4,4096,500,230,90.0696
4,4096,500,234,82.9787
4,4096,500,236,74.6063
4,4096,500,238,75.9704
4,4096,500,242,84.9283
4,4096,500,244,84.9868
4,4096,500,246,85.0572
4,4096,500,250,85.9479
4,4096,500,252,81.8939
4,4096,500,254,81.5955
4,4096,500,258,82.3634
4,4096,500,260,88.2726
4,4096,500,262,84.3164
4,4096,500,266,84.7686
4,4096,500,268,84.9629
4,4096,500,270,84.4939
4,4096,500,274,78.9972
4,4096,500,276,83.3111
4,4096,500,278,72.5173
4,4096,500,282,74.9855
4,4096,500,284,83.1471
4,4096,500,286,78.3388
4,4096,500,290,74.6518
4,4096,500,292,77.5965
4,4096,500,294,84.0137
4,4096,500,298,85.8418
4,4096,500,300,85.9042
4,4096,500,302,84.1125
4,4096,500,306,81.7824
4,4096,500,308,74.3579
4,4096,500,310,79.2691
4,4096,500,314,81.8812
4,4096,500,316,85.0567
4,4096,500,318,77.7755
4,4096,500,322,82.9952
4,4096,500,324,84.2324
4,4096,500,326,80.632
4,4096,500,330,82.3664
4,4096,500,332,82.1595
4,4096,500,334,78.1565
4,4096,500,338,80.7853
4,4096,500,340,77.0591
4,4096,500,342,79.5855
4,4096,500,346,82.7387
4,4096,500,348,84.2201
4,4096,500,350,76.9119
4,4096,500,354,82.9477
4,4096,500,356,77.7625
4,4096,500,358,78.3773
4,4096,500,362,80.4865
4,4096,500,364,76.1599
4,4096,500,366,76.4132
4,4096,500,370,78.5483
4,4096,500,372,78.5167
4,4096,500,374,79.3524
4,4096,500,378,78.7332
4,4096,500,380,77.2479
4,4096,500,382,77.8585
4,4096,500,386,75.7467
4,4096,500,388,75.5562
4,4096,500,390,76.5599
4,4096,500,394,74.1039
4,4096,500,396,74.1272
4,4096,500,398,72.9044
4,4096,500,402,74.9494
4,4096,500,404,73.7099
4,4096,500,406,72.8512
4,4096,500,410,71.8816
4,4096,500,412,70.298
4,4096,500,414,69.7346
4,4096,500,418,70.7612
4,4096,500,420,70.594
4,4096,500,422,70.3401
4,4096,500,426,65.0806
4,4096,500,428,69.8002
4,4096,500,430,68.5649
4,4096,500,434,66.4261
4,4096,500,436,67.4479
4,4096,500,438,68.8879
4,4096,500,442,62.43
4,4096,500,444,64.907
4,4096,500,446,64.4797
4,4096,500,450,64.9793
4,4096,500,452,63.3782
4,4096,500,454,63.3901
4,4096,500,458,60.8624
4,4096,500,460,63.3844
4,4096,500,462,62.1474
4,4096,500,466,63.9079
4,4096,500,468,64.8848
4,4096,500,470,64.9786
4,4096,500,474,65.423
4,4096,500,476,62.6188
4,4096,500,478,61.1941
4,4096,500,482,62.5882
4,4096,500,484,60.6799
4,4096,500,486,60.5416
4,4096,500,490,60.8677
4,4096,500,492,59.5516
4,4096,500,494,60.4769
4,4096,500,498,58.6042
4,4096,502,2,23.1743
4,4096,502,4,41.5121
4,4096,502,6,43.3738
4,4096,502,10,56.0887
4,4096,502,12,64.3578
4,4096,502,14,66.1643
4,4096,502,18,74.0993
4,4096,502,20,71.8805
4,4096,502,22,74.8944
4,4096,502,26,71.8527
4,4096,502,28,79.7407
4,4096,502,30,82.9041
4,4096,502,34,82.654
4,4096,502,36,86.7559
4,4096,502,38,91.1754
4,4096,502,42,90.8511
4,4096,502,44,92.372
4,4096,502,46,92.8916
4,4096,502,50,87.9392
4,4096,502,52,90.4931
4,4096,502,54,88.9229
4,4096,502,58,90.6084
4,4096,502,60,86.5957
4,4096,502,62,85.2096
4,4096,502,66,86.9088
4,4096,502,68,92.9356
4,4096,502,70,88.5879
4,4096,502,74,94.3372
4,4096,502,76,94.6083
4,4096,502,78,93.3592
4,4096,502,82,94.7766
4,4096,502,84,94.4686
4,4096,502,86,78.8524
4,4096,502,90,84.705
4,4096,502,92,84.5014
4,4096,502,94,82.8936
4,4096,502,98,83.7757
4,4096,502,100,84.0673
4,4096,502,102,94.1833
4,4096,502,106,97.9298
4,4096,502,108,83.5565
4,4096,502,110,88.8513
4,4096,502,114,93.647
4,4096,502,116,97.4776
4,4096,502,118,97.1548
4,4096,502,122,95.4217
4,4096,502,124,93.972
4,4096,502,126,89.5647
4,4096,502,130,83.1823
4,4096,502,132,83.8901
4,4096,502,134,84.9123
4,4096,502,138,84.6391
4,4096,502,140,84.3531
4,4096,502,142,83.8644
4,4096,502,146,91.6915
4,4096,502,148,92.9067
4,4096,502,150,87.6314
4,4096,502,154,92.4657
4,4096,502,156,83.0402
4,4096,502,158,84.9017
4,4096,502,162,91.4224
4,4096,502,164,92.3508
4,4096,502,166,90.1069
4,4096,502,170,92.5805
4,4096,502,172,88.3999
4,4096,502,174,87.4516
4,4096,502,178,82.1668
4,4096,502,180,92.1745
4,4096,502,182,82.8442
4,4096,502,186,85.8147
4,4096,502,188,85.9388
4,4096,502,190,84.0825
4,4096,502,194,83.17
4,4096,502,196,82.2757
4,4096,502,198,87.6634
4,4096,502,202,82.7069
4,4096,502,204,82.7823
4,4096,502,206,88.5336
4,4096,502,210,78.3035
4,4096,502,212,77.5679
4,4096,502,214,86.8088
4,4096,502,218,78.6035
4,4096,502,220,86.9979
4,4096,502,222,87.4291
4,4096,502,226,84.9137
4,4096,502,228,89.0196
4,4096,502,230,76.176
4,4096,502,234,80.4434
4,4096,502,236,77.1793
4,4096,502,238,87.1927
4,4096,502,242,87.0164
4,4096,502,244,87.1287
4,4096,502,246,85.5288
4,4096,502,250,82.92
4,4096,502,252,86.0149
4,4096,502,254,83.5626
4,4096,502,258,82.0457
4,4096,502,260,86.2776
4,4096,502,262,84.4233
4,4096,502,266,82.5989
4,4096,502,268,84.3021
4,4096,502,270,74.7158
4,4096,502,274,84.9337
4,4096,502,276,83.4734
4,4096,502,278,81.9806
4,4096,502,282,72.3236
4,4096,502,284,83.7747
4,4096,502,286,87.1988
4,4096,502,290,86.7554
4,4096,502,292,84.7979
4,4096,502,294,83.1279
4,4096,502,298,79.2245
4,4096,502,300,85.6932
4,4096,502,302,72.2725
4,4096,502,306,78.7081
4,4096,502,308,78.5459
4,4096,502,310,78.6681
4,4096,502,314,84.4777
4,4096,502,316,85.0012
4,4096,502,318,71.8044
4,4096,502,322,82.7046
4,4096,502,324,82.747
4,4096,502,326,80.0877
4,4096,502,330,82.5546
4,4096,502,332,80.3483
4,4096,502,334,81.6008
4,4096,502,338,79.9457
4,4096,502,340,79.4327
4,4096,502,342,79.9784
4,4096,502,346,81.1356
4,4096,502,348,81.634
4,4096,502,350,77.1931
4,4096,502,354,81.1143
4,4096,502,356,70.1698
4,4096,502,358,76.7326
4,4096,502,362,80.6608
4,4096,502,364,79.5166
4,4096,502,366,76.0276
4,4096,502,370,76.0136
4,4096,502,372,77.1641
4,4096,502,374,76.4812
4,4096,502,378,78.7099
4,4096,502,380,77.801
4,4096,502,382,77.6923
4,4096,502,386,72.608
4,4096,502,388,75.4154
4,4096,502,390,76.4026
4,4096,502,394,74.1992
4,4096,502,396,74.3578
4,4096,502,398,74.3847
4,4096,502,402,71.5637
4,4096,502,404,73.4862
4,4096,502,406,73.1401
4,4096,502,410,73.9474
4,4096,502,412,73.4138
4,4096,502,414,72.1903
4,4096,502,418,73.6099
4,4096,502,420,73.0062
4,4096,502,422,69.5311
4,4096,502,426,69.7079
4,4096,502,428,68.2641
4,4096,502,430,69.2514
4,4096,502,434,68.6703
4,4096,502,436,67.6286
4,4096,502,438,68.4385
4,4096,502,442,67.6873
4,4096,502,444,66.1029
4,4096,502,446,63.9558
4,4096,502,450,63.0363
4,4096,502,452,64.5579
4,4096,502,454,64.6139
4,4096,502,458,60.465
4,4096,502,460,65.1315
4,4096,502,462,66.927
4,4096,502,466,63.5
4,4096,502,468,63.9903
4,4096,502,470,64.0981
4,4096,502,474,64.6901
4,4096,502,476,65.3051
4,4096,502,478,62.6579
4,4096,502,482,64.3147
4,4096,502,484,61.9281
4,4096,502,486,61.5814
4,4096,502,490,59.6681
4,4096,502,492,61.4786
4,4096,502,494,50.9402
4,4096,502,498,58.4895
4,4096,502,500,60.6076
4,4096,506,2,21.5331
4,4096,506,4,33.8352
4,4096,506,6,47.4938
4,4096,506,10,48.2188
4,4096,506,12,57.3587
4,4096,506,14,63.9905
4,4096,506,18,63.1142
4,4096,506,20,59.7352
4,4096,506,22,72.63
4,4096,506,26,73.2445
4,4096,506,28,76.8419
4,4096,506,30,78.4869
4,4096,506,34,81.4516
4,4096,506,36,81.8292
4,4096,506,38,82.7276
4,4096,506,42,87.4291
4,4096,506,44,92.308
4,4096,506,46,87.3298
4,4096,506,50,84.9494
4,4096,506,52,89.3624
4,4096,506,54,89.191
4,4096,506,58,89.5212
4,4096,506,60,88.8401
4,4096,506,62,86.9383
4,4096,506,66,90.5545
4,4096,506,68,89.7822
4,4096,506,70,85.3476
4,4096,506,74,89.7318
4,4096,506,76,90.6809
4,4096,506,78,90.9321
4,4096,506,82,92.1327
4,4096,506,84,92.3105
4,4096,506,86,94.5856
4,4096,506,90,92.6797
4,4096,506,92,91.2802
4,4096,506,94,92.7843
4,4096,506,98,90.1281
4,4096,506,100,91.2078
4,4096,506,102,94.7576
4,4096,506,106,94.7899
4,4096,506,108,95.9742
4,4096,506,110,91.2648
4,4096,506,114,93.9506
4,4096,506,116,92.5228
4,4096,506,118,92.5517
4,4096,506,122,93.1788
4,4096,506,124,84.8288
4,4096,506,126,93.3174
4,4096,506,130,88.3073
4,4096,506,132,80.3441
4,4096,506,134,89.7419
4,4096,506,138,90.1247
4,4096,506,140,96.9272
4,4096,506,142,93.4627
4,4096,506,146,96.688
4,4096,506,148,91.2678
4,4096,506,150,86.7468
4,4096,506,154,95.0615
4,4096,506,156,88.7841
4,4096,506,158,85.7082
4,4096,506,162,82.2687
4,4096,506,164,91.7616
4,4096,506,166,91.934
4,4096,506,170,89.5479
4,4096,506,172,78.215
4,4096,506,174,79.3048
4,4096,506,178,82.8031
4,4096,506,180,87.7323
4,4096,506,182,83.7937
4,4096,506,186,82.1531
4,4096,506,188,88.9109
4,4096,506,190,93.7882
4,4096,506,194,90.9807
4,4096,506,196,88.3794
4,4096,506,198,79.2573
4,4096,506,202,87.1066
4,4096,506,204,84.9855
4,4096,506,206,78.6335
4,4096,506,210,91.4336
4,4096,506,212,89.3418
4,4096,506,214,78.6392
4,4096,506,218,76.1744
4,4096,506,220,80.4067
4,4096,506,222,81.1079
4,4096,506,226,83.6876
4,4096,506,228,84.7338
4,4096,506,230,88.39
4,4096,506,234,87.5603
4,4096,506,236,87.5003
4,4096,506,238,84.9007
4,4096,506,242,88.9588
4,4096,506,244,85.4183
4,4096,506,246,85.7735
4,4096,506,250,81.2482
4,4096,506,252,81.7394
4,4096,506,254,86.4448
4,4096,506,258,84.2954
4,4096,506,260,82.8308
4,4096,506,262,80.3027
4,4096,506,266,83.6807
4,4096,506,268,78.9884
4,4096,506,270,75.0851
4,4096,506,274,82.735
4,4096,506,276,83.863
4,4096,506,278,84.7103
4,4096,506,282,82.4793
4,4096,506,284,80.7414
4,4096,506,286,81.1545
4,4096,506,290,83.4619
4,4096,506,292,83.27
4,4096,506,294,84.4627
4,4096,506,298,82.0435
4,4096,506,300,83.0084
4,4096,506,302,81.5188
4,4096,506,306,87.4737
4,4096,506,308,80.8891
4,4096,506,310,80.5841
4,4096,506,314,71.5967
4,4096,506,316,75.1283
4,4096,506,318,75.2276
4,4096,506,322,72.5867
4,4096,506,324,80.2772
4,4096,506,326,75.2288
4,4096,506,330,83.9515
4,4096,506,332,79.0326
4,4096,506,334,80.5151
4,4096,506,338,79.1843
4,4096,506,340,78.927
4,4096,506,342,72.0345
4,4096,506,346,78.7104
4,4096,506,348,79.4969
4,4096,506,350,80.5231
4,4096,506,354,80.6016
4,4096,506,356,81.6046
4,4096,506,358,81.7139
4,4096,506,362,78.6214
4,4096,506,364,80.2267
4,4096,506,366,74.656
4,4096,506,370,79.0058
4,4096,506,372,74.5885
4,4096,506,374,77.3271
4,4096,506,378,74.8655
4,4096,506,380,75.8893
4,4096,506,382,76.1536
4,4096,506,386,74.975
4,4096,506,388,74.1214
4,4096,506,390,73.8387
4,4096,506,394,75.5057
4,4096,506,396,73.0125
4,4096,506,398,75.5627
4,4096,506,402,74.5153
4,4096,506,404,72.8897
4,4096,506,406,74.0975
4,4096,506,410,73.8947
4,4096,506,412,71.7479
4,4096,506,414,72.7532
4,4096,506,418,72.7899
4,4096,506,420,69.032
4,4096,506,422,70.9399
4,4096,506,426,71.5346
4,4096,506,428,67.5685
4,4096,506,430,71.3209
4,4096,506,434,72.0691
4,4096,506,436,69.6231
4,4096,506,438,69.7234
4,4096,506,442,69.2028
4,4096,506,444,68.9018
4,4096,506,446,69.9756
4,4096,506,450,67.4555
4,4096,506,452,67.8214
4,4096,506,454,66.5537
4,4096,506,458,64.7701
4,4096,506,460,64.5406
4,4096,506,462,65.352
4,4096,506,466,65.0964
4,4096,506,468,64.097
4,4096,506,470,63.3663
4,4096,506,474,65.5123
4,4096,506,476,63.3211
4,4096,506,478,61.1974
4,4096,506,482,61.5978
4,4096,506,484,61.9767
4,4096,506,486,63.0167
4,4096,506,490,62.4558
4,4096,506,492,60.9904
4,4096,506,494,58.7528
4,4096,506,498,55.3329
4,4096,506,500,56.2662
4,4096,506,502,51.4752
4,4096,508,2,21.3379
4,4096,508,4,34.6639
4,4096,508,6,46.9138
4,4096,508,10,54.2784
4,4096,508,12,57.4918
4,4096,508,14,57.6399
4,4096,508,18,68.2318
4,4096,508,20,70.4698
4,4096,508,22,72.5357
4,4096,508,26,74.8157
4,4096,508,28,75.2374
4,4096,508,30,77.7959
4,4096,508,34,80.1308
4,4096,508,36,80.0881
4,4096,508,38,85.9399
4,4096,508,42,87.2366
4,4096,508,44,90.003
4,4096,508,46,91.9328
4,4096,508,50,84.8864
4,4096,508,52,87.67
4,4096,508,54,85.6725
4,4096,508,58,90.5536
4,4096,508,60,89.0389
4,4096,508,62,83.9481
4,4096,508,66,90.7531
4,4096,508,68,90.0695
4,4096,508,70,85.8595
4,4096,508,74,87.1901
4,4096,508,76,86.5617
4,4096,508,78,91.4499
4,4096,508,82,93.851
4,4096,508,84,94.4699
4,4096,508,86,91.5167
4,4096,508,90,92.0967
4,4096,508,92,95.0349
4,4096,508,94,94.3283
4,4096,508,98,87.8669
4,4096,508,100,86.1354
4,4096,508,102,92.1837
4,4096,508,106,93.3823
4,4096,508,108,94.8968
4,4096,508,110,93.9526
4,4096,508,114,94.2805
4,4096,508,116,93.3773
4,4096,508,118,92.1976
4,4096,508,122,80.8732
4,4096,508,124,79.6448
4,4096,508,126,81.9307
4,4096,508,130,85.6969
4,4096,508,132,87.0721
4,4096,508,134,82.072
4,4096,508,138,91.5254
4,4096,508,140,84.638
4,4096,508,142,82.25
4,4096,508,146,83.855
4,4096,508,148,83.6768
4,4096,508,150,81.2953
4,4096,508,154,93.8583
4,4096,508,156,92.2091
4,4096,508,158,84.7957
4,4096,508,162,79.6471
4,4096,508,164,92.9364
4,4096,508,166,86.7187
4,4096,508,170,80.6451
4,4096,508,172,92.1527
4,4096,508,174,85.3871
4,4096,508,178,80.1572
4,4096,508,180,80.6802
4,4096,508,182,82.8597
4,4096,508,186,80.823
4,4096,508,188,84.6598
4,4096,508,190,86.9284
4,4096,508,194,80.3214
4,4096,508,196,80.5672
4,4096,508,198,89.0196
4,4096,508,202,76.9826
4,4096,508,204,76.9153
4,4096,508,206,80.5628
4,4096,508,210,84.6746
4,4096,508,212,86.7553
4,4096,508,214,81.8696
4,4096,508,218,79.2389
4,4096,508,220,84.4804
4,4096,508,222,74.6317
4,4096,508,226,82.3229
4,4096,508,228,84.2826
4,4096,508,230,90.6694
4,4096,508,234,86.0101
4,4096,508,236,83.1901
4,4096,508,238,87.9705
4,4096,508,242,86.4011
4,4096,508,244,84.3543
4,4096,508,246,80.6053
4,4096,508,250,81.9623
4,4096,508,252,84.7065
4,4096,508,254,83.8635
4,4096,508,258,83.4517
4,4096,508,260,82.9286
4,4096,508,262,83.3502
4,4096,508,266,86.2668
4,4096,508,268,81.5066
4,4096,508,270,83.7924
4,4096,508,274,83.5975
4,4096,508,276,81.1978
4,4096,508,278,81.457
4,4096,508,282,79.989
4,4096,508,284,84.3099
4,4096,508,286,83.628
4,4096,508,290,81.2357
4,4096,508,292,81.5404
4,4096,508,294,82.2572
4,4096,508,298,82.072
4,4096,508,300,81.0319
4,4096,508,302,79.2087
4,4096,508,306,78.8742
4,4096,508,308,81.3523
4,4096,508,310,84.2882
4,4096,508,314,79.6697
4,4096,508,316,82.2777
4,4096,508,318,73.0828
4,4096,508,322,77.9201
4,4096,508,324,83.898
4,4096,508,326,79.9325
4,4096,508,330,79.3142
4,4096,508,332,80.0209
4,4096,508,334,76.2552
4,4096,508,338,79.1255
4,4096,508,340,71.8987
4,4096,508,342,74.1989
4,4096,508,346,78.9408
4,4096,508,348,80.5229
4,4096,508,350,80.3651
4,4096,508,354,78.5638
4,4096,508,356,76.4182
4,4096,508,358,82.8976
4,4096,508,362,77.9082
4,4096,508,364,73.2632
4,4096,508,366,77.2969
4,4096,508,370,75.6796
4,4096,508,372,76.5232
4,4096,508,374,78.0355
4,4096,508,378,76.9869
4,4096,508,380,74.0942
4,4096,508,382,77.5147
4,4096,508,386,76.157
4,4096,508,388,73.2128
4,4096,508,390,74.6411
4,4096,508,394,73.0332
4,4096,508,396,74.184
4,4096,508,398,73.0515
4,4096,508,402,74.4797
4,4096,508,404,71.3727
4,4096,508,406,73.7375
4,4096,508,410,70.7895
4,4096,508,412,69.2821
4,4096,508,414,73.1854
4,4096,508,418,73.407
4,4096,508,420,70.8969
4,4096,508,422,70.3588
4,4096,508,426,70.9751
4,4096,508,428,68.9609
4,4096,508,430,70.0526
4,4096,508,434,71.1801
4,4096,508,436,68.6298
4,4096,508,438,68.3103
4,4096,508,442,66.6798
4,4096,508,444,68.047
4,4096,508,446,68.092
4,4096,508,450,66.0601
4,4096,508,452,67.0207
4,4096,508,454,65.2036
4,4096,508,458,65.7991
4,4096,508,460,65.7751
4,4096,508,462,64.3914
4,4096,508,466,64.5407
4,4096,508,468,62.941
4,4096,508,470,64.5286
4,4096,508,474,61.8708
4,4096,508,476,61.5923
4,4096,508,478,62.3691
4,4096,508,482,59.5303
4,4096,508,484,60.1636
4,4096,508,486,61.2727
4,4096,508,490,60.6915
4,4096,508,492,56.7863
4,4096,508,494,55.9789
4,4096,508,498,52.033
4,4096,508,500,55.3563
4,4096,508,502,55.8744
4,4096,508,506,55.7237
4,4096,510,2,18.7077
4,4096,510,4,31.4244
4,4096,510,6,45.4272
4,4096,510,10,41.3152
4,4096,510,12,56.8155
4,4096,510,14,57.8422
4,4096,510,18,66.8162
4,4096,510,20,70.3526
4,4096,510,22,73.3804
4,4096,510,26,76.2779
4,4096,510,28,77.3469
4,4096,510,30,80.4224
4,4096,510,34,83.2709
4,4096,510,36,84.3876
4,4096,510,38,83.358
4,4096,510,42,85.4838
4,4096,510,44,87.2458
4,4096,510,46,88.3615
4,4096,510,50,84.1519
4,4096,510,52,85.2931
4,4096,510,54,86.3836
4,4096,510,58,87.6788
4,4096,510,60,89.1449
4,4096,510,62,86.1702
4,4096,510,66,89.6965
4,4096,510,68,88.9317
4,4096,510,70,81.4499
4,4096,510,74,86.8508
4,4096,510,76,92.3269
4,4096,510,78,90.4881
4,4096,510,82,89.8162
4,4096,510,84,89.8948
4,4096,510,86,93.517
4,4096,510,90,91.5752
4,4096,510,92,96.903
4,4096,510,94,88.8983
4,4096,510,98,89.8099
4,4096,510,100,90.8933
4,4096,510,102,94.9884
4,4096,510,106,93.83
4,4096,510,108,82.9957
4,4096,510,110,89.0701
4,4096,510,114,93.1088
4,4096,510,116,93.7757
4,4096,510,118,83.7155
4,4096,510,122,93.3134
4,4096,510,124,91.8161
4,4096,510,126,93.6982
4,4096,510,130,94.8929
4,4096,510,132,84.0914
4,4096,510,134,93.3487
4,4096,510,138,91.0256
4,4096,510,140,93.239
4,4096,510,142,88.5551
4,4096,510,146,82.2938
4,4096,510,148,79.9953
4,4096,510,150,81.9462
4,4096,510,154,79.8464
4,4096,510,156,87.6462
4,4096,510,158,80.2425
4,4096,510,162,79.5476
4,4096,510,164,79.878
4,4096,510,166,92.4838
4,4096,510,170,86.9356
4,4096,510,172,82.0739
4,4096,510,174,80.5467
4,4096,510,178,84.7802
4,4096,510,180,77.9281
4,4096,510,182,86.461
4,4096,510,186,82.8861
4,4096,510,188,81.3544
4,4096,510,190,89.7693
4,4096,510,194,93.0871
4,4096,510,196,91.5801
4,4096,510,198,77.5949
4,4096,510,202,79.4054
4,4096,510,204,93.537
4,4096,510,206,79.3953
4,4096,510,210,88.1443
4,4096,510,212,80.5963
4,4096,510,214,91.3457
4,4096,510,218,85.8384
4,4096,510,220,87.4248
4,4096,510,222,84.0597
4,4096,510,226,77.8772
4,4096,510,228,73.9114
4,4096,510,230,84.9215
4,4096,510,234,87.949
4,4096,510,236,86.6256
4,4096,510,238,84.6075
4,4096,510,242,87.3317
4,4096,510,244,82.5956
4,4096,510,246,81.3796
4,4096,510,250,82.0967
4,4096,510,252,80.0686
4,4096,510,254,81.4436
4,4096,510,258,74.8517
4,4096,510,260,78.1702
4,4096,510,262,84.3022
4,4096,510,266,84.3483
4,4096,510,268,83.9457
4,4096,510,270,84.4511
4,4096,510,274,81.6856
4,4096,510,276,80.2563
4,4096,510,278,84.2449
4,4096,510,282,79.692
4,4096,510,284,83.7106
4,4096,510,286,84.0937
4,4096,510,290,79.437
4,4096,510,292,84.6685
4,4096,510,294,82.3287
4,4096,510,298,81.9431
4,4096,510,300,83.4846
4,4096,510,302,80.355
4,4096,510,306,77.9045
4,4096,510,308,72.7
4,4096,510,310,75.9538
4,4096,510,314,82.5875
4,4096,510,316,82.9774
4,4096,510,318,80.5499
4,4096,510,322,82.5666
4,4096,510,324,79.1532
4,4096,510,326,79.2281
4,4096,510,330,82.6353
4,4096,510,332,79.6077
4,4096,510,334,77.4947
4,4096,510,338,80.0893
4,4096,510,340,81.4005
4,4096,510,342,85.1995
4,4096,510,346,80.2125
4,4096,510,348,79.5293
4,4096,510,350,77.2172
4,4096,510,354,80.9821
4,4096,510,356,77.0438
4,4096,510,358,76.4629
4,4096,510,362,76.9942
4,4096,510,364,76.0564
4,4096,510,366,75.7769
4,4096,510,370,74.477
4,4096,510,372,75.8527
4,4096,510,374,76.8522
4,4096,510,378,79.8814
4,4096,510,380,69.3208
4,4096,510,382,77.9268
4,4096,510,386,73.2058
4,4096,510,388,75.4275
4,4096,510,390,74.9063
4,4096,510,394,73.3507
4,4096,510,396,73.0138
4,4096,510,398,74.6059
4,4096,510,402,73.6988
4,4096,510,404,72.6286
4,4096,510,406,72.8917
4,4096,510,410,70.8674
4,4096,510,412,72.9409
4,4096,510,414,70.3531
4,4096,510,418,71.7878
4,4096,510,420,67.5281
4,4096,510,422,69.9124
4,4096,510,426,68.1866
4,4096,510,428,68.5902
4,4096,510,430,66.3567
4,4096,510,434,65.8379
4,4096,510,436,68.4774
4,4096,510,438,66.7523
4,4096,510,442,66.6982
4,4096,510,444,67.4045
4,4096,510,446,65.6052
4,4096,510,450,66.3637
4,4096,510,452,64.7126
4,4096,510,454,64.8557
4,4096,510,458,62.646
4,4096,510,460,63.1028
4,4096,510,462,65.6123
4,4096,510,466,64.8886
4,4096,510,468,63.8443
4,4096,510,470,63.3948
4,4096,510,474,61.9703
4,4096,510,476,63.4076
4,4096,510,478,63.5128
4,4096,510,482,59.458
4,4096,510,484,59.4571
4,4096,510,486,58.0853
4,4096,510,490,61.5951
4,4096,510,492,57.2001
4,4096,510,494,58.8681
4,4096,510,498,57.1882
4,4096,510,500,55.4508
4,4096,510,502,57.0925
4,4096,510,506,54.8826
4,4096,510,508,56.486
