threads,size,nb,ib,GFlops
4,1024,32,8,27.8646
4,1024,32,12,31.5943
4,1024,32,16,30.7149
4,1024,36,8,28.7999
4,1024,36,12,35.5853
4,1024,36,16,37.3775
4,1024,40,8,34.7839
4,1024,40,12,36.6486
4,1024,40,16,43.5325
4,1024,40,20,49.0432
4,1024,44,8,35.437
4,1024,44,12,41.492
4,1024,44,16,46.0347
4,1024,44,20,38.7692
4,1024,48,8,40.8391
4,1024,48,12,47.6856
4,1024,48,16,53.5107
4,1024,48,20,52.9868
4,1024,48,24,56.5222
4,1024,52,8,42.012
4,1024,52,12,47.9467
4,1024,52,16,53.23
4,1024,52,20,56.0932
4,1024,52,24,56.1789
4,1024,56,8,45.7121
4,1024,56,12,48.9174
4,1024,56,16,56.3262
4,1024,56,20,59.2853
4,1024,56,24,59.2764
4,1024,56,28,63.4461
4,1024,60,8,44.3695
4,1024,60,12,53.5263
4,1024,60,16,58.3141
4,1024,60,20,43.6439
4,1024,60,24,58.939
4,1024,60,28,58.8921
4,1024,64,8,50.7603
4,1024,64,12,44.7081
4,1024,64,16,66.8791
4,1024,64,20,64.0155
4,1024,64,24,66.8089
4,1024,64,28,66.4744
4,1024,64,32,70.8447
4,1024,68,8,49.3404
4,1024,68,12,56.0909
4,1024,68,16,55.1612
4,1024,68,20,63.5555
4,1024,68,24,65.6822
4,1024,68,28,65.4017
4,1024,68,32,66.1201
4,1024,72,8,52.468
4,1024,72,12,59.8824
4,1024,72,16,65.2675
4,1024,72,20,67.4475
4,1024,72,24,69.1657
4,1024,72,28,70.1292
4,1024,72,32,66.8067
4,1024,72,36,72.9822
4,1024,76,8,53.0819
4,1024,76,12,60.0653
4,1024,76,16,66.4459
4,1024,76,20,65.9764
4,1024,76,24,68.5628
4,1024,76,28,72.0968
4,1024,76,32,72.3148
4,1024,76,36,70.9381
4,1024,80,8,56.9567
4,1024,80,12,63.1059
4,1024,80,16,72.422
4,1024,80,20,75.1987
4,1024,80,24,72.1414
4,1024,80,28,74.7746
4,1024,80,32,67.9634
4,1024,80,36,75.3935
4,1024,80,40,52.1397
4,1024,84,8,49.097
4,1024,84,12,63.957
4,1024,84,16,68.8241
4,1024,84,20,70.18
4,1024,84,24,71.8116
4,1024,84,28,74.3456
4,1024,84,32,76.1376
4,1024,84,36,55.342
4,1024,84,40,72.8049
4,1024,88,8,58.9985
4,1024,88,12,64.1686
4,1024,88,16,72.3636
4,1024,88,20,75.5801
4,1024,88,24,76.8073
4,1024,88,28,73.4621
4,1024,88,32,78.4981
4,1024,88,36,76.3468
4,1024,88,40,58.8696
4,1024,88,44,77.64
4,1024,92,8,57.0426
4,1024,92,12,65.4728
4,1024,92,16,72.9615
4,1024,92,20,63.8006
4,1024,92,24,75.6049
4,1024,92,28,38.9638
4,1024,92,32,77.1185
4,1024,92,36,63.2974
4,1024,92,40,72.1866
4,1024,92,44,69.7992
4,1024,96,8,57.899
4,1024,96,12,69.0298
4,1024,96,16,77.092
4,1024,96,20,79.0638
4,1024,96,24,79.4088
4,1024,96,28,77.8398
4,1024,96,32,82.2369
4,1024,96,36,68.3376
4,1024,96,40,79.3522
4,1024,96,44,77.6427
4,1024,96,48,81.516
4,1024,100,8,52.1721
4,1024,100,12,66.3185
4,1024,100,16,73.3231
4,1024,100,20,76.8884
4,1024,100,24,74.3542
4,1024,100,28,73.4958
4,1024,100,32,73.3313
4,1024,100,36,77.1133
4,1024,100,40,77.1659
4,1024,100,44,75.1383
4,1024,100,48,76.3439
4,1024,104,8,59.423
4,1024,104,12,61.448
4,1024,104,16,77.0671
4,1024,104,20,78.7668
4,1024,104,24,79.9476
4,1024,104,28,81.3321
4,1024,104,32,78.5055
4,1024,104,36,83.6297
4,1024,104,40,81.0633
4,1024,104,44,60.2025
4,1024,104,48,66.8707
4,1024,104,52,80.5607
4,1024,108,8,60.2143
4,1024,108,12,62.5131
4,1024,108,16,75.5993
4,1024,108,20,77.5161
4,1024,108,24,76.646
4,1024,108,28,78.6642
4,1024,108,32,79.2006
4,1024,108,36,59.8955
4,1024,108,40,78.6274
4,1024,108,44,78.3084
4,1024,108,48,78.7549
4,1024,108,52,76.2637
4,1024,112,8,59.4271
4,1024,112,12,66.1781
4,1024,112,16,76.8605
4,1024,112,20,77.7921
4,1024,112,24,79.0256
4,1024,112,28,54.976
4,1024,112,32,78.1939
4,1024,112,36,77.6429
4,1024,112,40,79.4294
4,1024,112,44,77.4679
4,1024,112,48,75.6854
4,1024,112,52,76.1233
4,1024,112,56,77.2625
4,1024,116,8,60.7686
4,1024,116,12,71.0796
4,1024,116,16,75.992
4,1024,116,20,79.9368
4,1024,116,24,82.4278
4,1024,116,28,79.1349
4,1024,116,32,84.2193
4,1024,116,36,82.0782
4,1024,116,40,84.006
4,1024,116,44,80.0336
4,1024,116,48,82.8194
4,1024,116,52,73.5235
4,1024,116,56,78.0813
4,1024,120,8,60.9141
4,1024,120,12,70.9195
4,1024,120,16,76.9183
4,1024,120,20,81.4877
4,1024,120,24,82.5095
4,1024,120,28,74.5583
4,1024,120,32,83.2533
4,1024,120,36,82.3506
4,1024,120,40,84.5609
4,1024,120,44,71.3567
4,1024,120,48,81.8472
4,1024,120,52,81.3346
4,1024,120,56,79.8105
4,1024,120,60,57.8032
4,1024,124,8,61.4771
4,1024,124,12,66.2432
4,1024,124,16,66.8124
4,1024,124,20,78.6515
4,1024,124,24,78.2285
4,1024,124,28,64.7487
4,1024,124,32,81.4905
4,1024,124,36,82.548
4,1024,124,40,80.0807
4,1024,124,44,79.7122
4,1024,124,48,80.4075
4,1024,124,52,80.3281
4,1024,124,56,77.5533
4,1024,124,60,75.3755
4,1024,128,8,60.3155
4,1024,128,12,69.5593
4,1024,128,16,79.1923
4,1024,128,20,70.2179
4,1024,128,24,79.6485
4,1024,128,28,81.6295
4,1024,128,32,59.576
4,1024,128,36,82.3011
4,1024,128,40,81.5921
4,1024,128,44,82.6316
4,1024,128,48,67.9642
4,1024,128,52,69.0827
4,1024,128,56,63.9875
4,1024,128,60,78.4885
4,1024,128,64,76.6245
4,1024,132,8,62.5933
4,1024,132,12,62.5797
4,1024,132,16,66.3558
4,1024,132,20,80.0956
4,1024,132,24,81.1694
4,1024,132,28,82.8675
4,1024,132,32,55.8881
4,1024,132,36,85.0172
4,1024,132,40,83.5739
4,1024,132,44,83.675
4,1024,132,48,84.4711
4,1024,132,52,81.0186
4,1024,132,56,81.9657
4,1024,132,60,68.5643
4,1024,132,64,78.3714
4,1024,136,8,60.8098
4,1024,136,12,70.9734
4,1024,136,16,70.3664
4,1024,136,20,81.328
4,1024,136,24,83.9148
4,1024,136,28,81.9984
4,1024,136,32,68.4539
4,1024,136,36,84.9473
4,1024,136,40,78.7949
4,1024,136,44,80.8162
4,1024,136,48,80.3913
4,1024,136,52,82.496
4,1024,136,56,79.8359
4,1024,136,60,77.2667
4,1024,136,64,59.3156
4,1024,136,68,79.2997
4,1024,140,8,61.7705
4,1024,140,12,69.539
4,1024,140,16,56.534
4,1024,140,20,79.1731
4,1024,140,24,81.7654
4,1024,140,28,82.0458
4,1024,140,32,81.899
4,1024,140,36,83.0303
4,1024,140,40,83.2022
4,1024,140,44,80.6443
4,1024,140,48,82.2749
4,1024,140,52,81.8788
4,1024,140,56,78.0096
4,1024,140,60,76.3522
4,1024,140,64,77.4029
4,1024,140,68,74.8425
4,1024,144,8,54.0496
4,1024,144,12,71.1874
4,1024,144,16,77.9845
4,1024,144,20,78.7534
4,1024,144,24,80.824
4,1024,144,28,78.1697
4,1024,144,32,81.3767
4,1024,144,36,82.3645
4,1024,144,40,65.8447
4,1024,144,44,76.044
4,1024,144,48,83.335
4,1024,144,52,80.4441
4,1024,144,56,79.7264
4,1024,144,60,68.5404
4,1024,144,64,69.9691
4,1024,144,68,73.1264
4,1024,144,72,74.737
4,1024,148,8,63.505
4,1024,148,12,54.0047
4,1024,148,16,79.3749
4,1024,148,20,69.7831
4,1024,148,24,81.1897
4,1024,148,28,83.0118
4,1024,148,32,86.0342
4,1024,148,36,79.2918
4,1024,148,40,85.5108
4,1024,148,44,82.1546
4,1024,148,48,81.2755
4,1024,148,52,83.2831
4,1024,148,56,82.5176
4,1024,148,60,78.6567
4,1024,148,64,55.7241
4,1024,148,68,77.7863
4,1024,148,72,71.9841
4,1024,152,8,63.029
4,1024,152,12,72.7885
4,1024,152,16,75.8173
4,1024,152,20,81.0454
4,1024,152,24,82.9778
4,1024,152,28,69.2375
4,1024,152,32,86.5287
4,1024,152,36,70.242
4,1024,152,40,86.4628
4,1024,152,44,84.0937
4,1024,152,48,83.6896
4,1024,152,52,82.8051
4,1024,152,56,81.3145
4,1024,152,60,80.8767
4,1024,152,64,79.3151
4,1024,152,68,78.4117
4,1024,152,72,73.7228
4,1024,152,76,76.2549
4,1024,156,8,61.9808
4,1024,156,12,72.2052
4,1024,156,16,79.2112
4,1024,156,20,82.0628
4,1024,156,24,81.2344
4,1024,156,28,66.26
4,1024,156,32,83.7834
4,1024,156,36,81.7503
4,1024,156,40,82.7534
4,1024,156,44,83.2294
4,1024,156,48,82.6734
4,1024,156,52,81.1572
4,1024,156,56,79.0582
4,1024,156,60,78.5595
4,1024,156,64,78.174
4,1024,156,68,76.8218
4,1024,156,72,74.99
4,1024,156,76,71.0215
4,1024,160,8,48.6726
4,1024,160,12,69.3971
4,1024,160,16,76.1995
4,1024,160,20,78.51
4,1024,160,24,81.0378
4,1024,160,28,79.3424
4,1024,160,32,83.1632
4,1024,160,36,71.6812
4,1024,160,40,82.4491
4,1024,160,44,78.6631
4,1024,160,48,80.7776
4,1024,160,52,79.2182
4,1024,160,56,80.4611
4,1024,160,60,78.5389
4,1024,160,64,77.238
4,1024,160,68,76.7782
4,1024,160,72,73.9603
4,1024,160,76,71.7168
4,1024,160,80,73.8778
4,1024,164,8,60.3922
4,1024,164,12,68.9813
4,1024,164,16,66.2164
4,1024,164,20,78.8311
4,1024,164,24,78.7603
4,1024,164,28,79.1007
4,1024,164,32,80.4112
4,1024,164,36,81.6148
4,1024,164,40,79.5703
4,1024,164,44,80.7826
4,1024,164,48,72.9095
4,1024,164,52,78.568
4,1024,164,56,66.1107
4,1024,164,60,75.8887
4,1024,164,64,75.6682
4,1024,164,68,65.7897
4,1024,164,72,74.4476
4,1024,164,76,72.1678
4,1024,164,80,71.3821
4,1024,168,8,60.8101
4,1024,168,12,69.5547
4,1024,168,16,75.1256
4,1024,168,20,54.291
4,1024,168,24,57.2748
4,1024,168,28,80.4204
4,1024,168,32,75.6492
4,1024,168,36,81.0354
4,1024,168,40,80.1604
4,1024,168,44,77.1997
4,1024,168,48,80.5966
4,1024,168,52,76.2288
4,1024,168,56,37.0036
4,1024,168,60,78.4938
4,1024,168,64,77.1072
4,1024,168,68,75.1937
4,1024,168,72,75.1804
4,1024,168,76,73.2538
4,1024,168,80,71.1799
4,1024,168,84,71.6338
4,1024,172,8,60.7482
4,1024,172,12,69.3586
4,1024,172,16,75.8794
4,1024,172,20,68.0991
4,1024,172,24,79.4173
4,1024,172,28,79.6488
4,1024,172,32,81.0964
4,1024,172,36,75.3954
4,1024,172,40,70.6756
4,1024,172,44,82.1819
4,1024,172,48,82.4102
4,1024,172,52,80.4484
4,1024,172,56,78.7505
4,1024,172,60,79.5633
4,1024,172,64,79.7397
4,1024,172,68,76.7471
4,1024,172,72,77.3989
4,1024,172,76,75.0689
4,1024,172,80,72.927
4,1024,172,84,71.1358
4,1024,176,8,61.0577
4,1024,176,12,70.0761
4,1024,176,16,78.6672
4,1024,176,20,78.9453
4,1024,176,24,58.0188
4,1024,176,28,80.5653
4,1024,176,32,81.7171
4,1024,176,36,80.8053
4,1024,176,40,80.3215
4,1024,176,44,81.4196
4,1024,176,48,83.1704
4,1024,176,52,78.9169
4,1024,176,56,78.9299
4,1024,176,60,79.5913
4,1024,176,64,80.1286
4,1024,176,68,77.3546
4,1024,176,72,76.6553
4,1024,176,76,75.6341
4,1024,176,80,75.2779
4,1024,176,84,66.068
4,1024,176,88,62.0664
4,1024,180,8,61.5793
4,1024,180,12,71.4363
4,1024,180,16,77.0909
4,1024,180,20,79.1569
4,1024,180,24,81.1507
4,1024,180,28,80.2788
4,1024,180,32,81.5085
4,1024,180,36,80.8076
4,1024,180,40,81.615
4,1024,180,44,77.1369
4,1024,180,48,81.8997
4,1024,180,52,79.4093
4,1024,180,56,79.0835
4,1024,180,60,75.825
4,1024,180,64,76.8731
4,1024,180,68,76.0126
4,1024,180,72,75.7767
4,1024,180,76,72.3529
4,1024,180,80,72.0188
4,1024,180,84,70.1079
4,1024,180,88,69.5757
4,1024,184,8,61.2208
4,1024,184,12,62.6318
4,1024,184,16,77.0421
4,1024,184,20,69.3741
4,1024,184,24,52.9675
4,1024,184,28,77.0606
4,1024,184,32,83.6774
4,1024,184,36,81.2639
4,1024,184,40,79.9139
4,1024,184,44,76.9138
4,1024,184,48,76.84
4,1024,184,52,79.9554
4,1024,184,56,79.5883
4,1024,184,60,76.3347
4,1024,184,64,76.6084
4,1024,184,68,75.9525
4,1024,184,72,75.7991
4,1024,184,76,74.0948
4,1024,184,80,62.6408
4,1024,184,84,54.503
4,1024,184,88,68.7479
4,1024,184,92,67.4736
4,1024,188,8,59.8206
4,1024,188,12,68.4645
4,1024,188,16,75.8899
4,1024,188,20,76.7182
4,1024,188,24,66.5539
4,1024,188,28,78.3854
4,1024,188,32,78.6797
4,1024,188,36,81.6714
4,1024,188,40,81.6027
4,1024,188,44,76.3928
4,1024,188,48,80.7899
4,1024,188,52,78.3511
4,1024,188,56,77.2051
4,1024,188,60,74.2307
4,1024,188,64,72.3821
4,1024,188,68,73.929
4,1024,188,72,73.0626
4,1024,188,76,71.5187
4,1024,188,80,71.1098
4,1024,188,84,70.3236
4,1024,188,88,67.5701
4,1024,188,92,66.0822
4,1024,192,8,57.2687
4,1024,192,12,59.0924
4,1024,192,16,74.6824
4,1024,192,20,75.0233
4,1024,192,24,72.0397
4,1024,192,28,75.4146
4,1024,192,32,79.2776
4,1024,192,36,75.5061
4,1024,192,40,78.2653
4,1024,192,44,74.2239
4,1024,192,48,71.3692
4,1024,192,52,77.1044
4,1024,192,56,76.7358
4,1024,192,60,72.8343
4,1024,192,64,74.8813
4,1024,192,68,68.4111
4,1024,192,72,73.661
4,1024,192,76,71.2315
4,1024,192,80,71.128
4,1024,192,84,69.0978
4,1024,192,88,62.2112
4,1024,192,92,65.1444
4,1024,192,96,66.1256
4,1024,196,8,55.9014
4,1024,196,12,64.1186
4,1024,196,16,73.2491
4,1024,196,20,75.6641
4,1024,196,24,76.6662
4,1024,196,28,77.5432
4,1024,196,32,77.8215
4,1024,196,36,78.1438
4,1024,196,40,78.8206
4,1024,196,44,68.7546
4,1024,196,48,71.7894
4,1024,196,52,74.1342
4,1024,196,56,75.7211
4,1024,196,60,72.8341
4,1024,196,64,72.6547
4,1024,196,68,72.7063
4,1024,196,72,72.4907
4,1024,196,76,70.8841
4,1024,196,80,69.6837
4,1024,196,84,68.3966
4,1024,196,88,66.1043
4,1024,196,92,65.0825
4,1024,196,96,62.0544
4,1024,200,8,56.9383
4,1024,200,12,66.1182
4,1024,200,16,73.3779
4,1024,200,20,73.8629
4,1024,200,24,74.7199
4,1024,200,28,74.9956
4,1024,200,32,75.8243
4,1024,200,36,77.7056
4,1024,200,40,75.7367
4,1024,200,44,75.1328
4,1024,200,48,76.0819
4,1024,200,52,76.5196
4,1024,200,56,76.4312
4,1024,200,60,71.0397
4,1024,200,64,59.925
4,1024,200,68,72.3796
4,1024,200,72,56.0526
4,1024,200,76,71.166
4,1024,200,80,69.9695
4,1024,200,84,59.2567
4,1024,200,88,67.1585
4,1024,200,92,64.4181
4,1024,200,96,63.9021
4,1024,200,100,62.9074
4,1024,204,8,56.0019
4,1024,204,12,49.4084
4,1024,204,16,51.275
4,1024,204,20,73.7391
4,1024,204,24,75.3208
4,1024,204,28,54.0556
4,1024,204,32,75.5871
4,1024,204,36,76.8034
4,1024,204,40,74.6602
4,1024,204,44,75.0301
4,1024,204,48,74.6891
4,1024,204,52,72.936
4,1024,204,56,74.3062
4,1024,204,60,69.8171
4,1024,204,64,70.2828
4,1024,204,68,71.0276
4,1024,204,72,68.846
4,1024,204,76,68.9456
4,1024,204,80,67.0049
4,1024,204,84,67.4247
4,1024,204,88,65.4828
4,1024,204,92,63.384
4,1024,204,96,62.88
4,1024,204,100,60.8491
4,1024,208,8,57.646
4,1024,208,12,64.7144
4,1024,208,16,73.3573
4,1024,208,20,74.464
4,1024,208,24,76.4961
4,1024,208,28,75.1348
4,1024,208,32,80.0202
4,1024,208,36,79.0593
4,1024,208,40,78.1238
4,1024,208,44,77.1475
4,1024,208,48,78.4262
4,1024,208,52,76.7942
4,1024,208,56,76.5348
4,1024,208,60,72.6635
4,1024,208,64,72.6853
4,1024,208,68,72.8994
4,1024,208,72,61.9989
4,1024,208,76,72.0795
4,1024,208,80,69.5808
4,1024,208,84,70.105
4,1024,208,88,68.4895
4,1024,208,92,65.2007
4,1024,208,96,65.3397
4,1024,208,100,63.8785
4,1024,208,104,63.5972
4,1024,212,8,56.6923
4,1024,212,12,64.9728
4,1024,212,16,72.3198
4,1024,212,20,74.9508
4,1024,212,24,75.9871
4,1024,212,28,74.5794
4,1024,212,32,76.4664
4,1024,212,36,78.2304
4,1024,212,40,75.5951
4,1024,212,44,75.1867
4,1024,212,48,77.047
4,1024,212,52,73.7126
4,1024,212,56,74.9815
4,1024,212,60,73.775
4,1024,212,64,73.3173
4,1024,212,68,71.1332
4,1024,212,72,71.6096
4,1024,212,76,68.4471
4,1024,212,80,52.1058
4,1024,212,84,67.0655
4,1024,212,88,66.9392
4,1024,212,92,65.3481
4,1024,212,96,64.8262
4,1024,212,100,63.418
4,1024,212,104,61.7278
4,1024,216,8,55.9375
4,1024,216,12,66.3384
4,1024,216,16,71.3726
4,1024,216,20,62.5623
4,1024,216,24,78.0659
4,1024,216,28,76.2476
4,1024,216,32,77.8982
4,1024,216,36,75.194
4,1024,216,40,75.2271
4,1024,216,44,73.2895
4,1024,216,48,55.9055
4,1024,216,52,74.1101
4,1024,216,56,72.9499
4,1024,216,60,72.1689
4,1024,216,64,72.5991
4,1024,216,68,69.7907
4,1024,216,72,70.1921
4,1024,216,76,68.8141
4,1024,216,80,68.9475
4,1024,216,84,67.946
4,1024,216,88,65.04
4,1024,216,92,63.7079
4,1024,216,96,61.7035
4,1024,216,100,63.3766
4,1024,216,104,61.61
4,1024,216,108,60.8757
4,1024,220,8,55.9661
4,1024,220,12,63.9402
4,1024,220,16,72.0685
4,1024,220,20,73.794
4,1024,220,24,73.0437
4,1024,220,28,72.991
4,1024,220,32,78.5982
4,1024,220,36,75.962
4,1024,220,40,74.2865
4,1024,220,44,74.2856
4,1024,220,48,73.7249
4,1024,220,52,74.0152
4,1024,220,56,73.9044
4,1024,220,60,72.8701
4,1024,220,64,72.1232
4,1024,220,68,70.5898
4,1024,220,72,66.5909
4,1024,220,76,68.032
4,1024,220,80,67.8882
4,1024,220,84,66.8628
4,1024,220,88,66.2287
4,1024,220,92,64.0685
4,1024,220,96,64.4836
4,1024,220,100,62.1325
4,1024,220,104,59.8572
4,1024,220,108,51.7208
4,1024,224,8,57.3551
4,1024,224,12,64.4463
4,1024,224,16,70.4855
4,1024,224,20,70.6638
4,1024,224,24,75.5409
4,1024,224,28,74.3792
4,1024,224,32,76.255
4,1024,224,36,69.0318
4,1024,224,40,75.8096
4,1024,224,44,71.5166
4,1024,224,48,42.6512
4,1024,224,52,71.6189
4,1024,224,56,72.5719
4,1024,224,60,70.0107
4,1024,224,64,70.7871
4,1024,224,68,62.227
4,1024,224,72,62.7169
4,1024,224,76,67.5625
4,1024,224,80,67.3506
4,1024,224,84,67.5008
4,1024,224,88,58.4329
4,1024,224,92,56.0183
4,1024,224,96,63.0517
4,1024,224,100,61.3535
4,1024,224,104,47.869
4,1024,224,108,55.5696
4,1024,224,112,58.2353
4,1024,228,8,57.5624
4,1024,228,12,65.4211
4,1024,228,16,70.0051
4,1024,228,20,74.334
4,1024,228,24,72.1946
4,1024,228,28,71.7359
4,1024,228,32,75.7323
4,1024,228,36,74.717
4,1024,228,40,75.0389
4,1024,228,44,71.9259
4,1024,228,48,74.1564
4,1024,228,52,72.9338
4,1024,228,56,72.467
4,1024,228,60,67.6668
4,1024,228,64,70.6311
4,1024,228,68,70.0701
4,1024,228,72,65.3094
4,1024,228,76,66.0329
4,1024,228,80,66.343
4,1024,228,84,66.1542
4,1024,228,88,65.0185
4,1024,228,92,63.1266
4,1024,228,96,63.4667
4,1024,228,100,62.5506
4,1024,228,104,60.2927
4,1024,228,108,51.5924
4,1024,228,112,56.4975
4,1024,232,8,56.327
4,1024,232,12,64.324
4,1024,232,16,70.2911
4,1024,232,20,70.0862
4,1024,232,24,74.1675
4,1024,232,28,72.6535
4,1024,232,32,75.5332
4,1024,232,36,74.0849
4,1024,232,40,73.7018
4,1024,232,44,72.0214
4,1024,232,48,73.092
4,1024,232,52,70.6604
4,1024,232,56,70.1896
4,1024,232,60,70.7637
4,1024,232,64,54.2161
4,1024,232,68,70.7994
4,1024,232,72,65.61
4,1024,232,76,62.4804
4,1024,232,80,66.94
4,1024,232,84,65.9257
4,1024,232,88,64.8787
4,1024,232,92,63.0003
4,1024,232,96,63.0098
4,1024,232,100,62.3857
4,1024,232,104,60.7899
4,1024,232,108,59.3073
4,1024,232,112,57.4504
4,1024,232,116,56.7229
4,1024,236,8,56.7717
4,1024,236,12,64.7004
4,1024,236,16,69.191
4,1024,236,20,72.9574
4,1024,236,24,71.7169
4,1024,236,28,73.0565
4,1024,236,32,74.5677
4,1024,236,36,72.3956
4,1024,236,40,72.4042
4,1024,236,44,70.7234
4,1024,236,48,66.4432
4,1024,236,52,71.4969
4,1024,236,56,68.3501
4,1024,236,60,67.8874
4,1024,236,64,68.4709
4,1024,236,68,69.0373
4,1024,236,72,68.4074
4,1024,236,76,65.8603
4,1024,236,80,66.68
4,1024,236,84,65.9472
4,1024,236,88,64.6049
4,1024,236,92,62.9931
4,1024,236,96,63.0763
4,1024,236,100,60.644
4,1024,236,104,59.8672
4,1024,236,108,57.8997
4,1024,236,112,57.2673
4,1024,236,116,54.9563
4,1024,240,8,41.065
4,1024,240,12,62.5516
4,1024,240,16,70.1571
4,1024,240,20,66.4801
4,1024,240,24,71.6402
4,1024,240,28,61.4753
4,1024,240,32,74.5744
4,1024,240,36,72.9618
4,1024,240,40,71.9381
4,1024,240,44,71.1763
4,1024,240,48,72.901
4,1024,240,52,70.6476
4,1024,240,56,70.4646
4,1024,240,60,70.3705
4,1024,240,64,70.9565
4,1024,240,68,67.9357
4,1024,240,72,66.8917
4,1024,240,76,65.8672
4,1024,240,80,65.0602
4,1024,240,84,64.8587
4,1024,240,88,64.8051
4,1024,240,92,63.458
4,1024,240,96,62.464
4,1024,240,100,61.7015
4,1024,240,104,56.6837
4,1024,240,108,58.8602
4,1024,240,112,56.9128
4,1024,240,116,52.4101
4,1024,240,120,55.7017
4,1024,244,8,49.4052
4,1024,244,12,61.023
4,1024,244,16,68.9145
4,1024,244,20,66.1239
4,1024,244,24,72.8615
4,1024,244,28,73.2829
4,1024,244,32,71.5964
4,1024,244,36,72.5422
4,1024,244,40,71.9149
4,1024,244,44,69.7665
4,1024,244,48,68.8735
4,1024,244,52,68.5768
4,1024,244,56,69.1395
4,1024,244,60,64.8021
4,1024,244,64,68.1067
4,1024,244,68,30.6743
4,1024,244,72,67.2199
4,1024,244,76,61.8622
4,1024,244,80,63.352
4,1024,244,84,62.3582
4,1024,244,88,59.1447
4,1024,244,92,61.6776
4,1024,244,96,59.2356
4,1024,244,100,58.9341
4,1024,244,104,59.3352
4,1024,244,108,58.1793
4,1024,244,112,57.3588
4,1024,244,116,55.093
4,1024,244,120,53.084
4,1024,248,8,53.3659
4,1024,248,12,54.8584
4,1024,248,16,63.3015
4,1024,248,20,69.944
4,1024,248,24,66.5746
4,1024,248,28,71.4023
4,1024,248,32,70.5157
4,1024,248,36,69.2389
4,1024,248,40,65.5903
4,1024,248,44,63.5483
4,1024,248,48,69.7259
4,1024,248,52,70.919
4,1024,248,56,66.5453
4,1024,248,60,67.8226
4,1024,248,64,67.0773
4,1024,248,68,66.6908
4,1024,248,72,65.2008
4,1024,248,76,63.5461
4,1024,248,80,62.5954
4,1024,248,84,58.4653
4,1024,248,88,61.6866
4,1024,248,92,61.017
4,1024,248,96,60.4328
4,1024,248,100,59.2104
4,1024,248,104,57.7122
4,1024,248,108,56.8357
4,1024,248,112,55.5846
4,1024,248,116,54.1021
4,1024,248,120,52.9966
4,1024,248,124,51.7131
4,1024,252,8,52.6219
4,1024,252,12,60.2779
4,1024,252,16,65.4742
4,1024,252,20,52.9585
4,1024,252,24,69.1095
4,1024,252,28,63.788
4,1024,252,32,72.3885
4,1024,252,36,71.3358
4,1024,252,40,69.7169
4,1024,252,44,69.5458
4,1024,252,48,69.2188
4,1024,252,52,68.0635
4,1024,252,56,66.0906
4,1024,252,60,62.7508
4,1024,252,64,65.4523
4,1024,252,68,64.6515
4,1024,252,72,54.472
4,1024,252,76,63.4332
4,1024,252,80,62.4414
4,1024,252,84,60.8797
4,1024,252,88,60.723
4,1024,252,92,60.1665
4,1024,252,96,46.4803
4,1024,252,100,59.2187
4,1024,252,104,57.9228
4,1024,252,108,55.653
4,1024,252,112,51.4859
4,1024,252,116,53.9296
4,1024,252,120,52.6343
4,1024,252,124,51.1389
4,1024,256,8,47.0315
4,1024,256,12,53.8425
4,1024,256,16,60.9289
4,1024,256,20,62.5365
4,1024,256,24,64.0969
4,1024,256,28,64.1113
4,1024,256,32,66.5885
4,1024,256,36,65.7123
4,1024,256,40,67.3284
4,1024,256,44,65.1899
4,1024,256,48,66.6868
4,1024,256,52,65.819
4,1024,256,56,65.018
4,1024,256,60,63.9777
4,1024,256,64,63.4962
4,1024,256,68,61.4682
4,1024,256,72,62.1349
4,1024,256,76,60.2027
4,1024,256,80,59.5829
4,1024,256,84,56.5961
4,1024,256,88,58.9775
4,1024,256,92,58.368
4,1024,256,96,57.2423
4,1024,256,100,56.8026
4,1024,256,104,55.4219
4,1024,256,108,54.3559
4,1024,256,112,54.0563
4,1024,256,116,52.4217
4,1024,256,120,44.3446
4,1024,256,124,49.8471
4,1024,256,128,49.1269
4,1024,260,8,51.5599
4,1024,260,12,52.5463
4,1024,260,16,49.7467
4,1024,260,20,66.0127
4,1024,260,24,68.1696
4,1024,260,28,66.1802
4,1024,260,32,70.4278
4,1024,260,36,71.0659
4,1024,260,40,64.7618
4,1024,260,44,70.3389
4,1024,260,48,63.7339
4,1024,260,52,62.6023
4,1024,260,56,67.6378
4,1024,260,60,66.0918
4,1024,260,64,64.5422
4,1024,260,68,64.7095
4,1024,260,72,65.2137
4,1024,260,76,63.2103
4,1024,260,80,62.9697
4,1024,260,84,60.6252
4,1024,260,88,60.1445
4,1024,260,92,59.6839
4,1024,260,96,58.5314
4,1024,260,100,58.4328
4,1024,260,104,57.7406
4,1024,260,108,55.834
4,1024,260,112,55.9031
4,1024,260,116,53.596
4,1024,260,120,52.3917
4,1024,260,124,51.1256
4,1024,260,128,50.4747
4,1024,264,8,52.5611
4,1024,264,12,59.2336
4,1024,264,16,64.8836
4,1024,264,20,66.2748
4,1024,264,24,70.5221
4,1024,264,28,69.3315
4,1024,264,32,71.4447
4,1024,264,36,66.9076
4,1024,264,40,57.9495
4,1024,264,44,64.6268
4,1024,264,48,68.9797
4,1024,264,52,67.5834
4,1024,264,56,63.9279
4,1024,264,60,66.1225
4,1024,264,64,66.0145
4,1024,264,68,64.2264
4,1024,264,72,60.285
4,1024,264,76,61.6538
4,1024,264,80,62.1613
4,1024,264,84,60.4401
4,1024,264,88,57.5282
4,1024,264,92,56.8215
4,1024,264,96,59.6331
4,1024,264,100,57.7454
4,1024,264,104,57.8641
4,1024,264,108,56.7149
4,1024,264,112,56.1557
4,1024,264,116,54.6861
4,1024,264,120,53.7601
4,1024,264,124,52.4931
4,1024,264,128,50.19
4,1024,264,132,50.3735
4,1024,268,8,52.686
4,1024,268,12,59.25
4,1024,268,16,65.9821
4,1024,268,20,65.5431
4,1024,268,24,68.1317
4,1024,268,28,69.3846
4,1024,268,32,68.5882
4,1024,268,36,67.8881
4,1024,268,40,69.3089
4,1024,268,44,63.0215
4,1024,268,48,64.6808
4,1024,268,52,59.691
4,1024,268,56,66.6335
4,1024,268,60,65.2707
4,1024,268,64,60.0501
4,1024,268,68,63.6525
4,1024,268,72,58.4927
4,1024,268,76,61.6847
4,1024,268,80,58.285
4,1024,268,84,59.013
4,1024,268,88,58.3928
4,1024,268,92,58.1647
4,1024,268,96,58.388
4,1024,268,100,57.2561
4,1024,268,104,56.7462
4,1024,268,108,55.4998
4,1024,268,112,55.0403
4,1024,268,116,53.1575
4,1024,268,120,53.0818
4,1024,268,124,51.5463
4,1024,268,128,50.3954
4,1024,268,132,48.7731
4,1024,272,8,51.5653
4,1024,272,12,56.4249
4,1024,272,16,65.3626
4,1024,272,20,64.4042
4,1024,272,24,67.9469
4,1024,272,28,64.9677
4,1024,272,32,68.4562
4,1024,272,36,66.4734
4,1024,272,40,67.9224
4,1024,272,44,67.1091
4,1024,272,48,63.3144
4,1024,272,52,48.094
4,1024,272,56,68.1344
4,1024,272,60,61.777
4,1024,272,64,64.195
4,1024,272,68,62.1165
4,1024,272,72,62.3034
4,1024,272,76,61.8424
4,1024,272,80,62.1747
4,1024,272,84,59.0978
4,1024,272,88,57.9613
4,1024,272,92,56.274
4,1024,272,96,57.1498
4,1024,272,100,57.1412
4,1024,272,104,50.4169
4,1024,272,108,54.9771
4,1024,272,112,35.4938
4,1024,272,116,52.6208
4,1024,272,120,52.8486
4,1024,272,124,51.5526
4,1024,272,128,50.0199
4,1024,272,132,48.5194
4,1024,272,136,47.7482
4,1024,276,8,51.7153
4,1024,276,12,56.0484
4,1024,276,16,62.2397
4,1024,276,20,63.2309
4,1024,276,24,64.3614
4,1024,276,28,64.4535
4,1024,276,32,66.2119
4,1024,276,36,65.7478
4,1024,276,40,66.4333
4,1024,276,44,65.3538
4,1024,276,48,68.0924
4,1024,276,52,62.8693
4,1024,276,56,66.2125
4,1024,276,60,64.0722
4,1024,276,64,63.8498
4,1024,276,68,62.0518
4,1024,276,72,61.8399
4,1024,276,76,60.6221
4,1024,276,80,59.3832
4,1024,276,84,59.2104
4,1024,276,88,57.6811
4,1024,276,92,57.0668
4,1024,276,96,57.5746
4,1024,276,100,56.5316
4,1024,276,104,54.4539
4,1024,276,108,52.4831
4,1024,276,112,48.3557
4,1024,276,116,53.0244
4,1024,276,120,51.4313
4,1024,276,124,51.2053
4,1024,276,128,49.6156
4,1024,276,132,48.7802
4,1024,276,136,47.2225
4,1024,280,8,49.9699
4,1024,280,12,56.1822
4,1024,280,16,62.6404
4,1024,280,20,64.2372
4,1024,280,24,64.5405
4,1024,280,28,51.0357
4,1024,280,32,52.571
4,1024,280,36,56.9528
4,1024,280,40,67.3652
4,1024,280,44,65.5193
4,1024,280,48,63.4661
4,1024,280,52,62.5323
4,1024,280,56,62.4784
4,1024,280,60,62.144
4,1024,280,64,61.8478
4,1024,280,68,60.7414
4,1024,280,72,61.0442
4,1024,280,76,60.4281
4,1024,280,80,59.5097
4,1024,280,84,57.2353
4,1024,280,88,56.4428
4,1024,280,92,55.2835
4,1024,280,96,56.5325
4,1024,280,100,54.8946
4,1024,280,104,55.1892
4,1024,280,108,52.9391
4,1024,280,112,53.556
4,1024,280,116,52.4233
4,1024,280,120,51.9632
4,1024,280,124,49.9205
4,1024,280,128,49.9874
4,1024,280,132,48.4224
4,1024,280,136,47.3618
4,1024,280,140,46.7472
4,1024,284,8,50.1364
4,1024,284,12,56.8696
4,1024,284,16,62.4196
4,1024,284,20,64.0958
4,1024,284,24,65.3746
4,1024,284,28,65.0498
4,1024,284,32,67.7915
4,1024,284,36,62.7984
4,1024,284,40,65.1759
4,1024,284,44,62.6225
4,1024,284,48,61.1053
4,1024,284,52,60.46
4,1024,284,56,48.4645
4,1024,284,60,61.3698
4,1024,284,64,62.054
4,1024,284,68,61.0865
4,1024,284,72,60.8923
4,1024,284,76,60.8271
4,1024,284,80,58.8615
4,1024,284,84,58.2681
4,1024,284,88,55.9903
4,1024,284,92,55.9642
4,1024,284,96,54.9425
4,1024,284,100,54.3699
4,1024,284,104,54.6295
4,1024,284,108,53.8077
4,1024,284,112,52.4868
4,1024,284,116,51.4711
4,1024,284,120,50.765
4,1024,284,124,50.06
4,1024,284,128,48.5739
4,1024,284,132,48.0198
4,1024,284,136,45.4865
4,1024,284,140,45.4271
4,1024,288,8,44.1361
4,1024,288,12,54.6314
4,1024,288,16,60.3816
4,1024,288,20,63.0233
4,1024,288,24,64.8969
4,1024,288,28,63.0489
4,1024,288,32,65.1598
4,1024,288,36,64.8505
4,1024,288,40,65.2712
4,1024,288,44,62.7281
4,1024,288,48,61.6991
4,1024,288,52,60.9096
4,1024,288,56,60.2169
4,1024,288,60,59.1579
4,1024,288,64,61.7892
4,1024,288,68,57.5231
4,1024,288,72,59.5647
4,1024,288,76,58.4593
4,1024,288,80,58.4238
4,1024,288,84,51.1405
4,1024,288,88,53.8125
4,1024,288,92,53.8436
4,1024,288,96,54.4101
4,1024,288,100,53.1735
4,1024,288,104,52.9968
4,1024,288,108,52.3772
4,1024,288,112,52.1086
4,1024,288,116,50.6471
4,1024,288,120,50.475
4,1024,288,124,49.6448
4,1024,288,128,48.4204
4,1024,288,132,46.397
4,1024,288,136,46.5233
4,1024,288,140,45.2745
4,1024,288,144,44.7004
4,1024,292,8,47.8747
4,1024,292,12,55.3311
4,1024,292,16,60.9869
4,1024,292,20,61.9554
4,1024,292,24,63.7268
4,1024,292,28,63.8937
4,1024,292,32,64.3326
4,1024,292,36,63.8668
4,1024,292,40,62.3892
4,1024,292,44,61.3547
4,1024,292,48,60.1006
4,1024,292,52,63.3018
4,1024,292,56,59.1171
4,1024,292,60,60.6049
4,1024,292,64,60.8258
4,1024,292,68,59.6615
4,1024,292,72,57.404
4,1024,292,76,58.4287
4,1024,292,80,56.6215
4,1024,292,84,55.8229
4,1024,292,88,55.6637
4,1024,292,92,53.9221
4,1024,292,96,53.682
4,1024,292,100,52.6949
4,1024,292,104,39.8517
4,1024,292,108,51.775
4,1024,292,112,50.145
4,1024,292,116,50.3762
4,1024,292,120,49.5813
4,1024,292,124,49.1506
4,1024,292,128,47.5009
4,1024,292,132,46.9397
4,1024,292,136,45.8111
4,1024,292,140,44.5209
4,1024,292,144,44.2982
4,1024,296,8,47.5168
4,1024,296,12,53.6595
4,1024,296,16,59.7658
4,1024,296,20,60.3879
4,1024,296,24,62.2416
4,1024,296,28,61.5202
4,1024,296,32,62.523
4,1024,296,36,61.9987
4,1024,296,40,62.2486
4,1024,296,44,59.413
4,1024,296,48,59.9319
4,1024,296,52,59.8222
4,1024,296,56,58.5033
4,1024,296,60,58.7934
4,1024,296,64,57.8762
4,1024,296,68,57.8584
4,1024,296,72,55.2523
4,1024,296,76,54.4236
4,1024,296,80,56.6884
4,1024,296,84,55.1879
4,1024,296,88,54.4501
4,1024,296,92,48.5455
4,1024,296,96,52.7974
4,1024,296,100,51.8331
4,1024,296,104,51.3902
4,1024,296,108,50.912
4,1024,296,112,50.3512
4,1024,296,116,49.6934
4,1024,296,120,49.4143
4,1024,296,124,47.8157
4,1024,296,128,43.6025
4,1024,296,132,44.5903
4,1024,296,136,45.9278
4,1024,296,140,44.7007
4,1024,296,144,43.5197
4,1024,296,148,42.875
4,1024,300,8,39.1525
4,1024,300,12,53.1591
4,1024,300,16,58.2324
4,1024,300,20,60.0967
4,1024,300,24,27.7805
4,1024,300,28,61.4327
4,1024,300,32,61.1202
4,1024,300,36,61.4781
4,1024,300,40,60.6548
4,1024,300,44,58.9595
4,1024,300,48,59.8666
4,1024,300,52,60.2122
4,1024,300,56,53.1482
4,1024,300,60,56.168
4,1024,300,64,59.237
4,1024,300,68,55.7632
4,1024,300,72,53.3163
4,1024,300,76,56.0511
4,1024,300,80,56.0129
4,1024,300,84,55.5546
4,1024,300,88,54.5252
4,1024,300,92,53.1168
4,1024,300,96,51.8364
4,1024,300,100,50.7388
4,1024,300,104,50.2969
4,1024,300,108,50.1671
4,1024,300,112,49.6314
4,1024,300,116,49.4384
4,1024,300,120,48.185
4,1024,300,124,47.4178
4,1024,300,128,46.2105
4,1024,300,132,45.6378
4,1024,300,136,44.7679
4,1024,300,140,43.5393
4,1024,300,144,42.8654
4,1024,300,148,41.4463
4,1024,304,8,37.876
4,1024,304,12,50.455
4,1024,304,16,56.2148
4,1024,304,20,58.132
4,1024,304,24,60.4751
4,1024,304,28,60.0082
4,1024,304,32,61.2698
4,1024,304,36,60.2815
4,1024,304,40,59.7797
4,1024,304,44,51.1475
4,1024,304,48,60.7678
4,1024,304,52,58.5846
4,1024,304,56,56.7453
4,1024,304,60,55.0655
4,1024,304,64,57.7802
4,1024,304,68,55.695
4,1024,304,72,56.0198
4,1024,304,76,54.3189
4,1024,304,80,55.3033
4,1024,304,84,53.6823
4,1024,304,88,54.0658
4,1024,304,92,52.3098
4,1024,304,96,51.0872
4,1024,304,100,49.9097
4,1024,304,104,49.7796
4,1024,304,108,49.3375
4,1024,304,112,48.2971
4,1024,304,116,48.1822
4,1024,304,120,48.4619
4,1024,304,124,47.5733
4,1024,304,128,46.6764
4,1024,304,132,44.4153
4,1024,304,136,44.7254
4,1024,304,140,43.4362
4,1024,304,144,42.9215
4,1024,304,148,41.331
4,1024,304,152,41.098
4,1024,308,8,44.2751
4,1024,308,12,50.6835
4,1024,308,16,56.8317
4,1024,308,20,57.3996
4,1024,308,24,60.0964
4,1024,308,28,59.5217
4,1024,308,32,60.8871
4,1024,308,36,59.1482
4,1024,308,40,60.1403
4,1024,308,44,55.7136
4,1024,308,48,58.427
4,1024,308,52,58.7371
4,1024,308,56,56.1148
4,1024,308,60,55.421
4,1024,308,64,54.4951
4,1024,308,68,56.3044
4,1024,308,72,55.7544
4,1024,308,76,52.9193
4,1024,308,80,54.0187
4,1024,308,84,52.8221
4,1024,308,88,52.9076
4,1024,308,92,51.5644
4,1024,308,96,50.9188
4,1024,308,100,49.5943
4,1024,308,104,49.3666
4,1024,308,108,48.4819
4,1024,308,112,48.8677
4,1024,308,116,47.5519
4,1024,308,120,47.9313
4,1024,308,124,47.3149
4,1024,308,128,44.1615
4,1024,308,132,45.0396
4,1024,308,136,44.5017
4,1024,308,140,43.6679
4,1024,308,144,42.4324
4,1024,308,148,41.0005
4,1024,308,152,39.9137
4,1024,312,8,43.4163
4,1024,312,12,49.8443
4,1024,312,16,56.2303
4,1024,312,20,56.0129
4,1024,312,24,51.4885
4,1024,312,28,56.8315
4,1024,312,32,58.9582
4,1024,312,36,59.4226
4,1024,312,40,58.1988
4,1024,312,44,56.5208
4,1024,312,48,58.1398
4,1024,312,52,56.3117
4,1024,312,56,56.2803
4,1024,312,60,55.0855
4,1024,312,64,55.6003
4,1024,312,68,54.0581
4,1024,312,72,55.1187
4,1024,312,76,52.9545
4,1024,312,80,53.2405
4,1024,312,84,52.6733
4,1024,312,88,51.2898
4,1024,312,92,49.5568
4,1024,312,96,50.7343
4,1024,312,100,48.5026
4,1024,312,104,48.5972
4,1024,312,108,48.1329
4,1024,312,112,48.2927
4,1024,312,116,47.5335
4,1024,312,120,47.0203
4,1024,312,124,46.1389
4,1024,312,128,45.9105
4,1024,312,132,45.0281
4,1024,312,136,44.0213
4,1024,312,140,43.0771
4,1024,312,144,42.4621
4,1024,312,148,40.8866
4,1024,312,152,40.8801
4,1024,312,156,40.1145
4,1024,316,8,42.125
4,1024,316,12,47.9398
4,1024,316,16,53.7183
4,1024,316,20,55.1699
4,1024,316,24,57.7445
4,1024,316,28,57.0749
4,1024,316,32,58.4786
4,1024,316,36,57.666
4,1024,316,40,57.2071
4,1024,316,44,56.9664
4,1024,316,48,56.9217
4,1024,316,52,55.813
4,1024,316,56,55.3161
4,1024,316,60,53.4533
4,1024,316,64,53.5211
4,1024,316,68,53.0269
4,1024,316,72,53.457
4,1024,316,76,50.5723
4,1024,316,80,52.0974
4,1024,316,84,50.6998
4,1024,316,88,50.4239
4,1024,316,92,50.2375
4,1024,316,96,49.2651
4,1024,316,100,48.5555
4,1024,316,104,45.8335
4,1024,316,108,46.0332
4,1024,316,112,46.6417
4,1024,316,116,45.1918
4,1024,316,120,45.4046
4,1024,316,124,44.6106
4,1024,316,128,40.1424
4,1024,316,132,43.8311
4,1024,316,136,43.365
4,1024,316,140,41.9322
4,1024,316,144,41.5722
4,1024,316,148,40.8216
4,1024,316,152,39.6015
4,1024,316,156,39.1524
4,1024,320,8,40.939
4,1024,320,12,46.5529
4,1024,320,16,51.6445
4,1024,320,20,52.9764
4,1024,320,24,44.0422
4,1024,320,28,53.6621
4,1024,320,32,56.8443
4,1024,320,36,56.0675
4,1024,320,40,55.7606
4,1024,320,44,54.8011
4,1024,320,48,56.5748
4,1024,320,52,52.7031
4,1024,320,56,53.597
4,1024,320,60,52.8548
4,1024,320,64,51.6416
4,1024,320,68,51.9295
4,1024,320,72,51.1207
4,1024,320,76,49.7164
4,1024,320,80,44.7521
4,1024,320,84,49.4305
4,1024,320,88,49.748
4,1024,320,92,48.7262
4,1024,320,96,47.2661
4,1024,320,100,47.4443
4,1024,320,104,46.3214
4,1024,320,108,45.1552
4,1024,320,112,45.996
4,1024,320,116,22.9656
4,1024,320,120,45.1488
4,1024,320,124,43.5892
4,1024,320,128,43.0151
4,1024,320,132,42.7092
4,1024,320,136,41.8892
4,1024,320,140,41.5885
4,1024,320,144,40.9795
4,1024,320,148,33.6011
4,1024,320,152,39.1661
4,1024,320,156,38.0109
4,1024,320,160,38.1577
4,1024,324,8,40.4988
4,1024,324,12,46.5384
4,1024,324,16,51.7602
4,1024,324,20,52.1493
4,1024,324,24,53.6235
4,1024,324,28,54.9142
4,1024,324,32,56.9853
4,1024,324,36,55.4325
4,1024,324,40,55.2013
4,1024,324,44,53.5332
4,1024,324,48,56.0118
4,1024,324,52,54.2129
4,1024,324,56,53.1461
4,1024,324,60,52.2145
4,1024,324,64,52.4654
4,1024,324,68,51.1783
4,1024,324,72,51.1412
4,1024,324,76,49.8868
4,1024,324,80,50.4299
4,1024,324,84,49.4221
4,1024,324,88,49.0598
4,1024,324,92,48.8382
4,1024,324,96,45.9461
4,1024,324,100,46.453
4,1024,324,104,45.7442
4,1024,324,108,44.9507
4,1024,324,112,45.626
4,1024,324,116,44.9568
4,1024,324,120,44.5138
4,1024,324,124,43.8895
4,1024,324,128,42.9334
4,1024,324,132,42.6377
4,1024,324,136,41.7862
4,1024,324,140,41.3924
4,1024,324,144,40.7399
4,1024,324,148,40.0174
4,1024,324,152,38.8654
4,1024,324,156,37.9189
4,1024,324,160,35.9856
4,1024,328,8,38.9185
4,1024,328,12,45.5171
4,1024,328,16,50.3494
4,1024,328,20,51.6893
4,1024,328,24,53.9902
4,1024,328,28,54.3384
4,1024,328,32,55.0777
4,1024,328,36,54.748
4,1024,328,40,55.2058
4,1024,328,44,47.8046
4,1024,328,48,54.6362
4,1024,328,52,53.5044
4,1024,328,56,53.7039
4,1024,328,60,52.2745
4,1024,328,64,51.9637
4,1024,328,68,52.0985
4,1024,328,72,50.6681
4,1024,328,76,49.3231
4,1024,328,80,49.3816
4,1024,328,84,48.8184
4,1024,328,88,48.9826
4,1024,328,92,47.9425
4,1024,328,96,47.4298
4,1024,328,100,46.312
4,1024,328,104,45.5767
4,1024,328,108,44.3743
4,1024,328,112,44.5848
4,1024,328,116,44.1904
4,1024,328,120,43.9877
4,1024,328,124,43.4772
4,1024,328,128,42.4867
4,1024,328,132,41.2003
4,1024,328,136,41.6056
4,1024,328,140,40.5007
4,1024,328,144,40.0979
4,1024,328,148,39.2053
4,1024,328,152,32.8987
4,1024,328,156,37.7961
4,1024,328,160,36.8554
4,1024,328,164,36.2479
4,1024,332,8,38.217
4,1024,332,12,44.8593
4,1024,332,16,48.8525
4,1024,332,20,50.6975
4,1024,332,24,51.6864
4,1024,332,28,52.76
4,1024,332,32,54.2951
4,1024,332,36,53.0445
4,1024,332,40,52.6904
4,1024,332,44,52.5632
4,1024,332,48,48.1099
4,1024,332,52,52.1966
4,1024,332,56,49.854
4,1024,332,60,51.2632
4,1024,332,64,49.9442
4,1024,332,68,50.473
4,1024,332,72,48.5942
4,1024,332,76,48.0576
4,1024,332,80,45.8962
4,1024,332,84,39.2337
4,1024,332,88,47.3119
4,1024,332,92,46.5813
4,1024,332,96,46.6241
4,1024,332,100,45.466
4,1024,332,104,44.5412
4,1024,332,108,43.1753
4,1024,332,112,43.1523
4,1024,332,116,42.8734
4,1024,332,120,42.809
4,1024,332,124,42.3679
4,1024,332,128,41.8487
4,1024,332,132,41.2859
4,1024,332,136,40.8192
4,1024,332,140,33.9371
4,1024,332,144,39.0911
4,1024,332,148,38.232
4,1024,332,152,37.9323
4,1024,332,156,36.8345
4,1024,332,160,36.2236
4,1024,332,164,35.7723
4,1024,336,8,37.3384
4,1024,336,12,42.8305
4,1024,336,16,47.9771
4,1024,336,20,49.3088
4,1024,336,24,50.8653
4,1024,336,28,50.4751
4,1024,336,32,52.0576
4,1024,336,36,52.5314
4,1024,336,40,52.664
4,1024,336,44,51.232
4,1024,336,48,42.4593
4,1024,336,52,50.5769
4,1024,336,56,51.0058
4,1024,336,60,50.2889
4,1024,336,64,49.8814
4,1024,336,68,49.2487
4,1024,336,72,48.4523
4,1024,336,76,46.7243
4,1024,336,80,47.8363
4,1024,336,84,42.6185
4,1024,336,88,46.0554
4,1024,336,92,44.6436
4,1024,336,96,44.8759
4,1024,336,100,44.3198
4,1024,336,104,44.2115
4,1024,336,108,42.8018
4,1024,336,112,42.8088
4,1024,336,116,42.5081
4,1024,336,120,42.0293
4,1024,336,124,41.2853
4,1024,336,128,41.0583
4,1024,336,132,40.5161
4,1024,336,136,40.3017
4,1024,336,140,39.54
4,1024,336,144,38.6051
4,1024,336,148,34.8402
4,1024,336,152,31.2579
4,1024,336,156,37.012
4,1024,336,160,35.9086
4,1024,336,164,35.1298
4,1024,336,168,34.9757
4,1024,340,8,36.9012
4,1024,340,12,42.1797
4,1024,340,16,46.8957
4,1024,340,20,48.7734
4,1024,340,24,51.0391
4,1024,340,28,50.2586
4,1024,340,32,42.0933
4,1024,340,36,50.8377
4,1024,340,40,50.8397
4,1024,340,44,51.1437
4,1024,340,48,50.9624
4,1024,340,52,45.0706
4,1024,340,56,50.1237
4,1024,340,60,49.7785
4,1024,340,64,49.2325
4,1024,340,68,48.6669
4,1024,340,72,48.6665
4,1024,340,76,46.8253
4,1024,340,80,46.5931
4,1024,340,84,44.9158
4,1024,340,88,45.1256
4,1024,340,92,44.3424
4,1024,340,96,43.7333
4,1024,340,100,43.7754
4,1024,340,104,43.5828
4,1024,340,108,42.6416
4,1024,340,112,41.9832
4,1024,340,116,40.7754
4,1024,340,120,41.4147
4,1024,340,124,40.3528
4,1024,340,128,40.3167
4,1024,340,132,40.0872
4,1024,340,136,39.6935
4,1024,340,140,39.0103
4,1024,340,144,38.1764
4,1024,340,148,37.5439
4,1024,340,152,36.4982
4,1024,340,156,35.6611
4,1024,340,160,35.4751
4,1024,340,164,34.5152
4,1024,340,168,33.6036
4,1024,344,8,36.5044
4,1024,344,12,42.5732
4,1024,344,16,47.2243
4,1024,344,20,49.2222
4,1024,344,24,50.9387
4,1024,344,28,50.1317
4,1024,344,32,52.716
4,1024,344,36,52.0746
4,1024,344,40,52.6243
4,1024,344,44,51.9757
4,1024,344,48,51.8999
4,1024,344,52,51.7145
4,1024,344,56,46.1632
4,1024,344,60,50.3035
4,1024,344,64,50.72
4,1024,344,68,49.8131
4,1024,344,72,49.5782
4,1024,344,76,48.7443
4,1024,344,80,48.4277
4,1024,344,84,46.3756
4,1024,344,88,46.6383
4,1024,344,92,43.5969
4,1024,344,96,46.0203
4,1024,344,100,45.2138
4,1024,344,104,44.5423
4,1024,344,108,43.2356
4,1024,344,112,42.8513
4,1024,344,116,42.2785
4,1024,344,120,42.0128
4,1024,344,124,41.8227
4,1024,344,128,40.4041
4,1024,344,132,40.5613
4,1024,344,136,40.9281
4,1024,344,140,39.7256
4,1024,344,144,38.8093
4,1024,344,148,38.8745
4,1024,344,152,38.1136
4,1024,344,156,37.2052
4,1024,344,160,36.551
4,1024,344,164,35.94
4,1024,344,168,34.9963
4,1024,344,172,34.8836
4,1024,348,8,36.6815
4,1024,348,12,42.4169
4,1024,348,16,47.0597
4,1024,348,20,49.4678
4,1024,348,24,50.4315
4,1024,348,28,50.9479
4,1024,348,32,52.7912
4,1024,348,36,51.6494
4,1024,348,40,51.7877
4,1024,348,44,40.8433
4,1024,348,48,51.1564
4,1024,348,52,50.6454
4,1024,348,56,50.7428
4,1024,348,60,50.5248
4,1024,348,64,48.8372
4,1024,348,68,48.665
4,1024,348,72,48.9366
4,1024,348,76,48.2989
4,1024,348,80,48.0054
4,1024,348,84,45.7918
4,1024,348,88,46.7815
4,1024,348,92,45.5409
4,1024,348,96,45.8995
4,1024,348,100,44.0001
4,1024,348,104,44.4964
4,1024,348,108,43.4277
4,1024,348,112,42.7542
4,1024,348,116,42.1749
4,1024,348,120,41.6575
4,1024,348,124,40.6042
4,1024,348,128,40.3237
4,1024,348,132,40.7438
4,1024,348,136,39.8654
4,1024,348,140,38.01
4,1024,348,144,38.9862
4,1024,348,148,38.3774
4,1024,348,152,37.7529
4,1024,348,156,36.2845
4,1024,348,160,36.59
4,1024,348,164,35.6794
4,1024,348,168,34.9109
4,1024,348,172,34.5699
4,1024,352,8,35.1925
4,1024,352,12,41.0485
4,1024,352,16,45.8211
4,1024,352,20,47.573
4,1024,352,24,49.9422
4,1024,352,28,50.0901
4,1024,352,32,50.9016
4,1024,352,36,51.5646
4,1024,352,40,51.0759
4,1024,352,44,50.331
4,1024,352,48,50.5287
4,1024,352,52,49.5774
4,1024,352,56,49.4795
4,1024,352,60,47.864
4,1024,352,64,49.3785
4,1024,352,68,47.2037
4,1024,352,72,48.5097
4,1024,352,76,47.477
4,1024,352,80,47.0153
4,1024,352,84,46.1686
4,1024,352,88,45.0653
4,1024,352,92,44.9662
4,1024,352,96,45.4217
4,1024,352,100,44.0818
4,1024,352,104,43.537
4,1024,352,108,42.5054
4,1024,352,112,41.6943
4,1024,352,116,40.3065
4,1024,352,120,41.7706
4,1024,352,124,41.0377
4,1024,352,128,40.4741
4,1024,352,132,39.7896
4,1024,352,136,39.6455
4,1024,352,140,39.1672
4,1024,352,144,38.9994
4,1024,352,148,37.3936
4,1024,352,152,37.2461
4,1024,352,156,36.4962
4,1024,352,160,36.4259
4,1024,352,164,35.4946
4,1024,352,168,34.7803
4,1024,352,172,33.9775
4,1024,352,176,33.9109
4,1024,356,8,36.0865
4,1024,356,12,41.4358
4,1024,356,16,46.0004
4,1024,356,20,47.8212
4,1024,356,24,50.337
4,1024,356,28,50.6334
4,1024,356,32,51.4781
4,1024,356,36,50.9728
4,1024,356,40,47.818
4,1024,356,44,50.5921
4,1024,356,48,50.565
4,1024,356,52,50.2636
4,1024,356,56,50.7149
4,1024,356,60,48.7405
4,1024,356,64,49.5179
4,1024,356,68,48.4636
4,1024,356,72,46.5366
4,1024,356,76,47.0956
4,1024,356,80,47.2632
4,1024,356,84,46.2917
4,1024,356,88,45.2136
4,1024,356,92,45.107
4,1024,356,96,45.1675
4,1024,356,100,43.6743
4,1024,356,104,43.699
4,1024,356,108,42.8627
4,1024,356,112,41.2039
4,1024,356,116,40.5645
4,1024,356,120,40.7918
4,1024,356,124,40.314
4,1024,356,128,40.8181
4,1024,356,132,39.8057
4,1024,356,136,39.738
4,1024,356,140,39.5303
4,1024,356,144,38.7625
4,1024,356,148,37.6651
4,1024,356,152,37.3575
4,1024,356,156,36.8533
4,1024,356,160,36.2123
4,1024,356,164,35.6002
4,1024,356,168,34.996
4,1024,356,172,33.8223
4,1024,356,176,33.5873
4,1024,360,8,35.6232
4,1024,360,12,41.7918
4,1024,360,16,43.5541
4,1024,360,20,48.5943
4,1024,360,24,50.2792
4,1024,360,28,30.2714
4,1024,360,32,52.098
4,1024,360,36,51.1312
4,1024,360,40,51.3633
4,1024,360,44,50.5168
4,1024,360,48,50.9527
4,1024,360,52,50.2562
4,1024,360,56,50.9714
4,1024,360,60,45.7376
4,1024,360,64,49.9226
4,1024,360,68,47.8331
4,1024,360,72,48.3895
4,1024,360,76,47.7267
4,1024,360,80,47.3775
4,1024,360,84,45.8895
4,1024,360,88,45.8723
4,1024,360,92,40.7501
4,1024,360,96,44.3777
4,1024,360,100,43.8786
4,1024,360,104,44.0184
4,1024,360,108,42.4607
4,1024,360,112,40.7125
4,1024,360,116,40.9041
4,1024,360,120,40.1175
4,1024,360,124,40.3734
4,1024,360,128,40.4238
4,1024,360,132,39.1476
4,1024,360,136,39.7804
4,1024,360,140,39.2474
4,1024,360,144,38.5123
4,1024,360,148,37.7912
4,1024,360,152,37.4841
4,1024,360,156,37.0997
4,1024,360,160,36.3615
4,1024,360,164,35.4937
4,1024,360,168,35.4854
4,1024,360,172,34.0887
4,1024,360,176,33.6285
4,1024,360,180,33.739
4,1024,364,8,35.8755
4,1024,364,12,41.1501
4,1024,364,16,45.6795
4,1024,364,20,47.3601
4,1024,364,24,49.4475
4,1024,364,28,49.4116
4,1024,364,32,50.3952
4,1024,364,36,50.121
4,1024,364,40,50.5876
4,1024,364,44,50.2456
4,1024,364,48,50.5105
4,1024,364,52,49.6169
4,1024,364,56,50.0734
4,1024,364,60,47.9478
4,1024,364,64,48.9046
4,1024,364,68,47.4427
4,1024,364,72,47.1996
4,1024,364,76,46.5982
4,1024,364,80,38.5993
4,1024,364,84,45.7325
4,1024,364,88,45.1317
4,1024,364,92,44.4561
4,1024,364,96,44.0602
4,1024,364,100,43.7782
4,1024,364,104,42.5457
4,1024,364,108,42.0125
4,1024,364,112,41.483
4,1024,364,116,41.2251
4,1024,364,120,40.1631
4,1024,364,124,40.2166
4,1024,364,128,39.7331
4,1024,364,132,39.4486
4,1024,364,136,39.2838
4,1024,364,140,38.3476
4,1024,364,144,38.4213
4,1024,364,148,37.7017
4,1024,364,152,36.775
4,1024,364,156,36.0319
4,1024,364,160,35.8667
4,1024,364,164,35.1465
4,1024,364,168,34.6049
4,1024,364,172,34.2626
4,1024,364,176,33.5201
4,1024,364,180,33.0114
4,1024,368,8,34.7635
4,1024,368,12,40.2367
4,1024,368,16,45.1794
4,1024,368,20,46.7324
4,1024,368,24,48.2906
4,1024,368,28,48.4899
4,1024,368,32,49.9941
4,1024,368,36,49.9002
4,1024,368,40,49.2943
4,1024,368,44,49.4953
4,1024,368,48,49.6582
4,1024,368,52,39.5363
4,1024,368,56,49.2667
4,1024,368,60,47.0174
4,1024,368,64,48.5528
4,1024,368,68,47.1042
4,1024,368,72,46.8468
4,1024,368,76,46.5769
4,1024,368,80,45.9463
4,1024,368,84,45.1877
4,1024,368,88,44.6722
4,1024,368,92,43.7905
4,1024,368,96,43.736
4,1024,368,100,42.834
4,1024,368,104,42.8177
4,1024,368,108,41.8641
4,1024,368,112,41.0882
4,1024,368,116,40.278
4,1024,368,120,39.9456
4,1024,368,124,40.065
4,1024,368,128,33.5067
4,1024,368,132,38.6686
4,1024,368,136,38.4459
4,1024,368,140,38.5949
4,1024,368,144,38.1431
4,1024,368,148,37.3632
4,1024,368,152,36.9145
4,1024,368,156,35.9273
4,1024,368,160,36.3082
4,1024,368,164,34.897
4,1024,368,168,34.82
4,1024,368,172,33.896
4,1024,368,176,33.5902
4,1024,368,180,32.9117
4,1024,368,184,32.5011
4,1024,372,8,35.5896
4,1024,372,12,40.701
4,1024,372,16,45.8395
4,1024,372,20,46.7388
4,1024,372,24,49.0596
4,1024,372,28,48.3749
4,1024,372,32,49.8241
4,1024,372,36,50.1776
4,1024,372,40,49.9359
4,1024,372,44,48.8482
4,1024,372,48,50.4049
4,1024,372,52,49.0551
4,1024,372,56,49.5129
4,1024,372,60,48.0406
4,1024,372,64,48.1729
4,1024,372,68,47.1064
4,1024,372,72,46.6611
4,1024,372,76,46.4842
4,1024,372,80,46.3982
4,1024,372,84,44.6653
4,1024,372,88,44.4351
4,1024,372,92,43.0719
4,1024,372,96,43.9239
4,1024,372,100,42.9801
4,1024,372,104,42.6802
4,1024,372,108,41.8564
4,1024,372,112,41.515
4,1024,372,116,40.4427
4,1024,372,120,34.0579
4,1024,372,124,38.7409
4,1024,372,128,39.0345
4,1024,372,132,39.2401
4,1024,372,136,38.4535
4,1024,372,140,38.123
4,1024,372,144,38.0384
4,1024,372,148,36.4244
4,1024,372,152,36.6699
4,1024,372,156,36.2555
4,1024,372,160,36.237
4,1024,372,164,35.3583
4,1024,372,168,34.9349
4,1024,372,172,33.8965
4,1024,372,176,33.274
4,1024,372,180,32.4353
4,1024,372,184,31.8428
4,1024,376,8,35.1246
4,1024,376,12,39.8036
4,1024,376,16,45.1281
4,1024,376,20,36.0534
4,1024,376,24,48.4835
4,1024,376,28,48.0769
4,1024,376,32,50.4473
4,1024,376,36,49.6775
4,1024,376,40,49.6239
4,1024,376,44,48.4219
4,1024,376,48,49.1045
4,1024,376,52,49.1784
4,1024,376,56,43.5339
4,1024,376,60,47.627
4,1024,376,64,47.9186
4,1024,376,68,47.6655
4,1024,376,72,46.2547
4,1024,376,76,45.9595
4,1024,376,80,45.4503
4,1024,376,84,45.5192
4,1024,376,88,44.8751
4,1024,376,92,43.8178
4,1024,376,96,20.4252
4,1024,376,100,43.0284
4,1024,376,104,42.9063
4,1024,376,108,34.832
4,1024,376,112,42.1816
4,1024,376,116,40.6539
4,1024,376,120,39.6164
4,1024,376,124,38.8301
4,1024,376,128,38.4756
4,1024,376,132,38.5036
4,1024,376,136,38.1871
4,1024,376,140,37.7634
4,1024,376,144,37.3699
4,1024,376,148,37.222
4,1024,376,152,36.9493
4,1024,376,156,36.2978
4,1024,376,160,36.03
4,1024,376,164,35.5004
4,1024,376,168,33.8925
4,1024,376,172,33.927
4,1024,376,176,33.1353
4,1024,376,180,32.538
4,1024,376,184,31.9954
4,1024,376,188,32.0358
4,1024,380,8,34.6855
4,1024,380,12,35.9681
4,1024,380,16,45.119
4,1024,380,20,46.4681
4,1024,380,24,48.2618
4,1024,380,28,47.6492
4,1024,380,32,49.5712
4,1024,380,36,48.7484
4,1024,380,40,49.8613
4,1024,380,44,48.6323
4,1024,380,48,49.2658
4,1024,380,52,47.6322
4,1024,380,56,48.2391
4,1024,380,60,46.1476
4,1024,380,64,47.3871
4,1024,380,68,47.0671
4,1024,380,72,45.7376
4,1024,380,76,45.1869
4,1024,380,80,45.1572
4,1024,380,84,44.7284
4,1024,380,88,44.4169
4,1024,380,92,43.1696
4,1024,380,96,42.9809
4,1024,380,100,38.8616
4,1024,380,104,35.0352
4,1024,380,108,42.1333
4,1024,380,112,41.306
4,1024,380,116,40.1521
4,1024,380,120,39.5491
4,1024,380,124,38.4428
4,1024,380,128,38.432
4,1024,380,132,37.9691
4,1024,380,136,37.9865
4,1024,380,140,37.2205
4,1024,380,144,34.5329
4,1024,380,148,36.679
4,1024,380,152,36.6279
4,1024,380,156,36.057
4,1024,380,160,35.4377
4,1024,380,164,35.1594
4,1024,380,168,33.9161
4,1024,380,172,32.1065
4,1024,380,176,32.8832
4,1024,380,180,31.9085
4,1024,380,184,29.5649
4,1024,380,188,30.9281
4,1024,384,8,32.396
4,1024,384,12,37.2394
4,1024,384,16,41.874
4,1024,384,20,43.4665
4,1024,384,24,45.2153
4,1024,384,28,45.2648
4,1024,384,32,46.3744
4,1024,384,36,46.6295
4,1024,384,40,47.0644
4,1024,384,44,46.5495
4,1024,384,48,46.3879
4,1024,384,52,45.6565
4,1024,384,56,46.386
4,1024,384,60,45.0292
4,1024,384,64,45.4294
4,1024,384,68,44.5803
4,1024,384,72,44.858
4,1024,384,76,43.1064
4,1024,384,80,43.2977
4,1024,384,84,42.7655
4,1024,384,88,42.8454
4,1024,384,92,40.9433
4,1024,384,96,41.4019
4,1024,384,100,40.6366
4,1024,384,104,40.4447
4,1024,384,108,39.8538
4,1024,384,112,39.9076
4,1024,384,116,39.112
4,1024,384,120,37.9835
4,1024,384,124,37.3815
4,1024,384,128,36.4557
4,1024,384,132,36.8158
4,1024,384,136,36.3084
4,1024,384,140,36.0546
4,1024,384,144,35.7447
4,1024,384,148,35.3122
4,1024,384,152,33.9253
4,1024,384,156,31.9713
4,1024,384,160,34.4343
4,1024,384,164,33.7752
4,1024,384,168,33.2559
4,1024,384,172,32.4885
4,1024,384,176,32.4412
4,1024,384,180,31.4498
4,1024,384,184,30.8578
4,1024,384,188,30.3381
4,1024,384,192,29.9907
4,1024,388,8,29.4636
4,1024,388,12,38.8777
4,1024,388,16,43.1576
4,1024,388,20,44.6008
4,1024,388,24,46.6692
4,1024,388,28,47.1249
4,1024,388,32,47.8818
4,1024,388,36,47.4704
4,1024,388,40,48.7528
4,1024,388,44,46.7137
4,1024,388,48,47.3093
4,1024,388,52,47.6798
4,1024,388,56,47.7239
4,1024,388,60,46.4383
4,1024,388,64,45.9289
4,1024,388,68,45.6073
4,1024,388,72,45.8483
4,1024,388,76,44.6937
4,1024,388,80,43.7148
4,1024,388,84,44.1499
4,1024,388,88,43.2498
4,1024,388,92,42.1637
4,1024,388,96,41.7951
4,1024,388,100,41.9035
4,1024,388,104,41.1026
4,1024,388,108,40.6459
4,1024,388,112,38.5006
4,1024,388,116,39.6076
4,1024,388,120,39.4397
4,1024,388,124,38.3519
4,1024,388,128,37.746
4,1024,388,132,37.0328
4,1024,388,136,37.3491
4,1024,388,140,35.785
4,1024,388,144,36.7205
4,1024,388,148,36.1999
4,1024,388,152,35.9823
4,1024,388,156,34.664
4,1024,388,160,34.8072
4,1024,388,164,34.0907
4,1024,388,168,32.4971
4,1024,388,172,33.3286
4,1024,388,176,32.9113
4,1024,388,180,32.2927
4,1024,388,184,31.67
4,1024,388,188,31.0234
4,1024,388,192,30.3402
4,1024,392,8,33.3731
4,1024,392,12,38.0136
4,1024,392,16,43.1297
4,1024,392,20,44.76
4,1024,392,24,46.5285
4,1024,392,28,46.602
4,1024,392,32,45.4173
4,1024,392,36,48.3532
4,1024,392,40,48.7356
4,1024,392,44,47.5532
4,1024,392,48,48.2315
4,1024,392,52,47.1138
4,1024,392,56,47.3077
4,1024,392,60,45.6066
4,1024,392,64,45.8816
4,1024,392,68,45.2247
4,1024,392,72,41.6745
4,1024,392,76,44.2469
4,1024,392,80,44.2725
4,1024,392,84,36.0096
4,1024,392,88,43.9169
4,1024,392,92,42.6909
4,1024,392,96,39.3012
4,1024,392,100,40.8719
4,1024,392,104,41.569
4,1024,392,108,40.2027
4,1024,392,112,38.2606
4,1024,392,116,39.3609
4,1024,392,120,39.009
4,1024,392,124,38.2329
4,1024,392,128,37.3475
4,1024,392,132,36.7062
4,1024,392,136,36.8055
4,1024,392,140,36.3766
4,1024,392,144,36.2096
4,1024,392,148,36.2808
4,1024,392,152,35.3452
4,1024,392,156,35.0573
4,1024,392,160,34.4979
4,1024,392,164,33.8308
4,1024,392,168,33.1756
4,1024,392,172,32.4182
4,1024,392,176,32.4387
4,1024,392,180,31.9293
4,1024,392,184,31.5082
4,1024,392,188,30.8597
4,1024,392,192,30.1468
4,1024,392,196,29.6234
4,1024,396,8,33.5067
4,1024,396,12,38.0918
4,1024,396,16,42.839
4,1024,396,20,43.9727
4,1024,396,24,46.1459
4,1024,396,28,45.5344
4,1024,396,32,48.0924
4,1024,396,36,38.6367
4,1024,396,40,47.6245
4,1024,396,44,46.2804
4,1024,396,48,46.8766
4,1024,396,52,46.5191
4,1024,396,56,46.5517
4,1024,396,60,45.7287
4,1024,396,64,45.5699
4,1024,396,68,45.0102
4,1024,396,72,45.0075
4,1024,396,76,42.7958
4,1024,396,80,43.7576
4,1024,396,84,43.4637
4,1024,396,88,43.1845
4,1024,396,92,42.1033
4,1024,396,96,41.2453
4,1024,396,100,41.044
4,1024,396,104,40.7691
4,1024,396,108,40.2092
4,1024,396,112,40.2027
4,1024,396,116,38.9181
4,1024,396,120,38.1102
4,1024,396,124,37.4242
4,1024,396,128,37.1098
4,1024,396,132,36.2948
4,1024,396,136,36.4921
4,1024,396,140,35.5147
4,1024,396,144,35.6602
4,1024,396,148,35.3419
4,1024,396,152,23.1146
4,1024,396,156,34.5812
4,1024,396,160,33.6765
4,1024,396,164,33.9048
4,1024,396,168,33.4301
4,1024,396,172,32.4256
4,1024,396,176,31.9409
4,1024,396,180,31.6784
4,1024,396,184,29.89
4,1024,396,188,30.1315
4,1024,396,192,26.7389
4,1024,396,196,29.3779
4,1024,400,8,32.5848
4,1024,400,12,36.9828
4,1024,400,16,39.7966
4,1024,400,20,43.1626
4,1024,400,24,45.5691
4,1024,400,28,45.3191
4,1024,400,32,46.8125
4,1024,400,36,46.5684
4,1024,400,40,46.8737
4,1024,400,44,46.0466
4,1024,400,48,47.1119
4,1024,400,52,45.5713
4,1024,400,56,45.2647
4,1024,400,60,44.8195
4,1024,400,64,45.4304
4,1024,400,68,43.3654
4,1024,400,72,44.354
4,1024,400,76,43.1022
4,1024,400,80,42.9926
4,1024,400,84,42.8782
4,1024,400,88,42.8105
4,1024,400,92,41.6677
4,1024,400,96,40.8643
4,1024,400,100,40.4172
4,1024,400,104,40.1615
4,1024,400,108,38.9185
4,1024,400,112,39.6034
4,1024,400,116,38.2232
4,1024,400,120,38.4917
4,1024,400,124,36.9954
4,1024,400,128,36.5065
4,1024,400,132,35.5792
4,1024,400,136,36.1411
4,1024,400,140,35.733
4,1024,400,144,35.4102
4,1024,400,148,35.2904
4,1024,400,152,34.7294
4,1024,400,156,34.3103
4,1024,400,160,34.1384
4,1024,400,164,33.6775
4,1024,400,168,32.4656
4,1024,400,172,32.1262
4,1024,400,176,32.3929
4,1024,400,180,31.6311
4,1024,400,184,30.9784
4,1024,400,188,30.1202
4,1024,400,192,29.976
4,1024,400,196,29.4725
4,1024,400,200,29.3977
4,1024,404,8,27.9214
4,1024,404,12,37.8576
4,1024,404,16,42.2203
4,1024,404,20,43.5728
4,1024,404,24,45.9139
4,1024,404,28,45.4761
4,1024,404,32,46.1484
4,1024,404,36,46.4141
4,1024,404,40,46.9687
4,1024,404,44,45.8986
4,1024,404,48,46.956
4,1024,404,52,45.8731
4,1024,404,56,45.3604
4,1024,404,60,44.8819
4,1024,404,64,38.4957
4,1024,404,68,43.9044
4,1024,404,72,44.4301
4,1024,404,76,43.3882
4,1024,404,80,42.659
4,1024,404,84,38.7289
4,1024,404,88,41.5552
4,1024,404,92,39.9505
4,1024,404,96,41.375
4,1024,404,100,39.5104
4,1024,404,104,39.6569
4,1024,404,108,39.0902
4,1024,404,112,38.6514
4,1024,404,116,37.9755
4,1024,404,120,38.172
4,1024,404,124,37.4902
4,1024,404,128,36.6276
4,1024,404,132,35.6706
4,1024,404,136,35.543
4,1024,404,140,35.3804
4,1024,404,144,34.5753
4,1024,404,148,33.2069
4,1024,404,152,34.3567
4,1024,404,156,34.0016
4,1024,404,160,33.5229
4,1024,404,164,33.3309
4,1024,404,168,33.1755
4,1024,404,172,32.3119
4,1024,404,176,31.6369
4,1024,404,180,31.3495
4,1024,404,184,30.6168
4,1024,404,188,30.0966
4,1024,404,192,29.7698
4,1024,404,196,29.0257
4,1024,404,200,28.6519
4,1024,408,8,31.7066
4,1024,408,12,37.0917
4,1024,408,16,42.0603
4,1024,408,20,42.9579
4,1024,408,24,44.9379
4,1024,408,28,44.9258
4,1024,408,32,46.5334
4,1024,408,36,46.2652
4,1024,408,40,46.3643
4,1024,408,44,45.6794
4,1024,408,48,46.356
4,1024,408,52,45.3672
4,1024,408,56,41.7795
4,1024,408,60,44.2717
4,1024,408,64,44.664
4,1024,408,68,43.9635
4,1024,408,72,38.4276
4,1024,408,76,42.7349
4,1024,408,80,42.9987
4,1024,408,84,35.7126
4,1024,408,88,41.9041
4,1024,408,92,40.7563
4,1024,408,96,40.5601
4,1024,408,100,39.8493
4,1024,408,104,39.5455
4,1024,408,108,38.4665
4,1024,408,112,38.7914
4,1024,408,116,38.4907
4,1024,408,120,37.8001
4,1024,408,124,37.1382
4,1024,408,128,36.6416
4,1024,408,132,35.7413
4,1024,408,136,34.9734
4,1024,408,140,34.9222
4,1024,408,144,35.1866
4,1024,408,148,34.3377
4,1024,408,152,29.379
4,1024,408,156,33.7263
4,1024,408,160,33.7942
4,1024,408,164,32.7396
4,1024,408,168,32.3327
4,1024,408,172,31.9464
4,1024,408,176,29.6812
4,1024,408,180,26.7533
4,1024,408,184,30.5607
4,1024,408,188,29.9365
4,1024,408,192,29.475
4,1024,408,196,29.014
4,1024,408,200,28.5755
4,1024,408,204,28.4514
4,1024,412,8,31.4903
4,1024,412,12,36.8508
4,1024,412,16,41.1597
4,1024,412,20,42.6972
4,1024,412,24,44.5476
4,1024,412,28,44.5355
4,1024,412,32,37.607
4,1024,412,36,45.2575
4,1024,412,40,45.1519
4,1024,412,44,44.5855
4,1024,412,48,46.1504
4,1024,412,52,45.113
4,1024,412,56,44.9999
4,1024,412,60,40.6857
4,1024,412,64,43.746
4,1024,412,68,42.8701
4,1024,412,72,43.5726
4,1024,412,76,42.7104
4,1024,412,80,41.8873
4,1024,412,84,36.9328
4,1024,412,88,40.8948
4,1024,412,92,40.3369
4,1024,412,96,39.9215
4,1024,412,100,39.3075
4,1024,412,104,38.778
4,1024,412,108,38.5234
4,1024,412,112,37.7429
4,1024,412,116,37.3731
4,1024,412,120,37.2402
4,1024,412,124,36.5848
4,1024,412,128,35.6963
4,1024,412,132,34.3505
4,1024,412,136,34.2146
4,1024,412,140,34.3729
4,1024,412,144,33.8438
4,1024,412,148,33.7013
4,1024,412,152,33.6486
4,1024,412,156,33.1926
4,1024,412,160,33.1345
4,1024,412,164,32.5561
4,1024,412,168,32.1752
4,1024,412,172,31.8821
4,1024,412,176,31.5854
4,1024,412,180,30.9126
4,1024,412,184,30.1592
4,1024,412,188,26.2616
4,1024,412,192,29.4578
4,1024,412,196,28.7523
4,1024,412,200,27.2401
4,1024,412,204,24.1918
4,1024,416,8,30.8218
4,1024,416,12,35.0154
4,1024,416,16,40.106
4,1024,416,20,41.4796
4,1024,416,24,42.6831
4,1024,416,28,42.7525
4,1024,416,32,42.8041
4,1024,416,36,35.9578
4,1024,416,40,45.0111
4,1024,416,44,44.0934
4,1024,416,48,44.7587
4,1024,416,52,44.2906
4,1024,416,56,43.6975
4,1024,416,60,42.6859
4,1024,416,64,43.3961
4,1024,416,68,42.7209
4,1024,416,72,43.0242
4,1024,416,76,42.0067
4,1024,416,80,41.0646
4,1024,416,84,40.6444
4,1024,416,88,40.5262
4,1024,416,92,39.608
4,1024,416,96,39.7351
4,1024,416,100,38.2265
4,1024,416,104,38.1189
4,1024,416,108,37.8399
4,1024,416,112,37.9782
4,1024,416,116,37.2825
4,1024,416,120,36.5959
4,1024,416,124,36.2501
4,1024,416,128,35.7154
4,1024,416,132,32.0467
4,1024,416,136,28.455
4,1024,416,140,33.9285
4,1024,416,144,33.9202
4,1024,416,148,33.1779
4,1024,416,152,33.6245
4,1024,416,156,33.0202
4,1024,416,160,32.8267
4,1024,416,164,31.9268
4,1024,416,168,32.0267
4,1024,416,172,31.2986
4,1024,416,176,31.0047
4,1024,416,180,30.3821
4,1024,416,184,29.9708
4,1024,416,188,29.7649
4,1024,416,192,26.8912
4,1024,416,196,28.4108
4,1024,416,200,28.2995
4,1024,416,204,27.5463
4,1024,416,208,27.4081
4,1024,420,8,31.1078
4,1024,420,12,35.3821
4,1024,420,16,39.9076
4,1024,420,20,41.8578
4,1024,420,24,43.3617
4,1024,420,28,43.7799
4,1024,420,32,44.8459
4,1024,420,36,44.3369
4,1024,420,40,45.1804
4,1024,420,44,43.3173
4,1024,420,48,39.1353
4,1024,420,52,43.3492
4,1024,420,56,43.7112
4,1024,420,60,42.083
4,1024,420,64,42.7242
4,1024,420,68,41.8165
4,1024,420,72,41.5805
4,1024,420,76,41.6182
4,1024,420,80,41.6736
4,1024,420,84,40.1466
4,1024,420,88,40.473
4,1024,420,92,39.7022
4,1024,420,96,39.69
4,1024,420,100,38.4204
4,1024,420,104,37.858
4,1024,420,108,37.9511
4,1024,420,112,37.3241
4,1024,420,116,36.6107
4,1024,420,120,34.9008
4,1024,420,124,35.6602
4,1024,420,128,35.638
4,1024,420,132,34.8632
4,1024,420,136,34.0922
4,1024,420,140,33.4166
4,1024,420,144,33.7293
4,1024,420,148,33.4502
4,1024,420,152,33.3041
4,1024,420,156,32.9618
4,1024,420,160,32.6097
4,1024,420,164,31.9338
4,1024,420,168,22.7226
4,1024,420,172,31.6009
4,1024,420,176,30.6764
4,1024,420,180,30.0278
4,1024,420,184,30.1107
4,1024,420,188,29.5502
4,1024,420,192,29.1649
4,1024,420,196,28.3148
4,1024,420,200,28.0164
4,1024,420,204,27.1373
4,1024,420,208,27.291
4,1024,424,8,30.3772
4,1024,424,12,34.8466
4,1024,424,16,39.8411
4,1024,424,20,41.0191
4,1024,424,24,42.4942
4,1024,424,28,42.7171
4,1024,424,32,43.5146
4,1024,424,36,43.7419
4,1024,424,40,44.7599
4,1024,424,44,43.5741
4,1024,424,48,44.4002
4,1024,424,52,43.1343
4,1024,424,56,43.4574
4,1024,424,60,42.208
4,1024,424,64,40.4797
4,1024,424,68,41.5014
4,1024,424,72,42.084
4,1024,424,76,41.1165
4,1024,424,80,40.5633
4,1024,424,84,40.2298
4,1024,424,88,39.9464
4,1024,424,92,39.2051
4,1024,424,96,38.8656
4,1024,424,100,38.2119
4,1024,424,104,37.5196
4,1024,424,108,31.2965
4,1024,424,112,37.5756
4,1024,424,116,36.6289
4,1024,424,120,36.7959
4,1024,424,124,35.8911
4,1024,424,128,35.3302
4,1024,424,132,34.7377
4,1024,424,136,34.0612
4,1024,424,140,33.3148
4,1024,424,144,33.3414
4,1024,424,148,32.9994
4,1024,424,152,32.7252
4,1024,424,156,32.419
4,1024,424,160,31.9181
4,1024,424,164,31.7009
4,1024,424,168,31.7314
4,1024,424,172,30.9802
4,1024,424,176,30.8107
4,1024,424,180,30.1872
4,1024,424,184,30.2139
4,1024,424,188,29.2229
4,1024,424,192,29.0839
4,1024,424,196,28.5327
4,1024,424,200,28.3249
4,1024,424,204,26.9542
4,1024,424,208,26.8766
4,1024,424,212,26.9478
4,1024,428,8,30.1425
4,1024,428,12,34.8701
4,1024,428,16,39.7415
4,1024,428,20,40.7047
4,1024,428,24,42.7432
4,1024,428,28,42.0764
4,1024,428,32,43.6075
4,1024,428,36,43.5913
4,1024,428,40,44.2584
4,1024,428,44,42.8405
4,1024,428,48,43.3242
4,1024,428,52,42.7684
4,1024,428,56,43.1061
4,1024,428,60,41.6981
4,1024,428,64,42.4265
4,1024,428,68,40.9485
4,1024,428,72,41.2506
4,1024,428,76,36.9179
4,1024,428,80,40.7304
4,1024,428,84,39.3108
4,1024,428,88,39.1579
4,1024,428,92,38.83
4,1024,428,96,38.7268
4,1024,428,100,37.5848
4,1024,428,104,37.5755
4,1024,428,108,36.0138
4,1024,428,112,36.5092
4,1024,428,116,35.7238
4,1024,428,120,36.1379
4,1024,428,124,35.1578
4,1024,428,128,34.7119
4,1024,428,132,33.8972
4,1024,428,136,33.3471
4,1024,428,140,32.7478
4,1024,428,144,33.031
4,1024,428,148,32.5088
4,1024,428,152,32.6142
4,1024,428,156,32.2334
4,1024,428,160,31.8359
4,1024,428,164,31.6676
4,1024,428,168,31.1208
4,1024,428,172,30.5464
4,1024,428,176,30.4732
4,1024,428,180,29.8773
4,1024,428,184,27.6877
4,1024,428,188,28.6243
4,1024,428,192,28.7278
4,1024,428,196,28.5898
4,1024,428,200,27.924
4,1024,428,204,27.2161
4,1024,428,208,26.8837
4,1024,428,212,26.5444
4,1024,432,8,29.3523
4,1024,432,12,32.7126
4,1024,432,16,38.7357
4,1024,432,20,39.9105
4,1024,432,24,41.4356
4,1024,432,28,40.7575
4,1024,432,32,42.6794
4,1024,432,36,42.7101
4,1024,432,40,42.846
4,1024,432,44,42.494
4,1024,432,48,43.2379
4,1024,432,52,42.5533
4,1024,432,56,42.6484
4,1024,432,60,41.4547
4,1024,432,64,41.8638
4,1024,432,68,40.7789
4,1024,432,72,41.111
4,1024,432,76,39.5784
4,1024,432,80,40.1764
4,1024,432,84,39.2636
4,1024,432,88,39.3297
4,1024,432,92,38.2032
4,1024,432,96,37.9651
4,1024,432,100,37.4899
4,1024,432,104,37.2664
4,1024,432,108,34.6604
4,1024,432,112,35.8378
4,1024,432,116,35.739
4,1024,432,120,31.4182
4,1024,432,124,35.0226
4,1024,432,128,34.5175
4,1024,432,132,34.2604
4,1024,432,136,33.3507
4,1024,432,140,32.5871
4,1024,432,144,32.4468
4,1024,432,148,32.3198
4,1024,432,152,32.0572
4,1024,432,156,31.5891
4,1024,432,160,26.9793
4,1024,432,164,31.0779
4,1024,432,168,30.5877
4,1024,432,172,30.4283
4,1024,432,176,30.2732
4,1024,432,180,29.853
4,1024,432,184,29.6193
4,1024,432,188,28.6217
4,1024,432,192,28.4381
4,1024,432,196,28.1362
4,1024,432,200,27.2929
4,1024,432,204,26.6307
4,1024,432,208,26.8763
4,1024,432,212,26.2886
4,1024,432,216,26.1694
4,1024,436,8,29.6869
4,1024,436,12,33.631
4,1024,436,16,38.5227
4,1024,436,20,39.0123
4,1024,436,24,41.4518
4,1024,436,28,41.5237
4,1024,436,32,43.0825
4,1024,436,36,42.2928
4,1024,436,40,42.9182
4,1024,436,44,42.243
4,1024,436,48,42.8749
4,1024,436,52,42.0311
4,1024,436,56,42.087
4,1024,436,60,40.9143
4,1024,436,64,40.9196
4,1024,436,68,40.5815
4,1024,436,72,40.0743
4,1024,436,76,33.4973
4,1024,436,80,39.9304
4,1024,436,84,38.8984
4,1024,436,88,38.4211
4,1024,436,92,37.9049
4,1024,436,96,38.1133
4,1024,436,100,31.9663
4,1024,436,104,36.9416
4,1024,436,108,35.6208
4,1024,436,112,35.9092
4,1024,436,116,35.7316
4,1024,436,120,35.6007
4,1024,436,124,34.9905
4,1024,436,128,33.6205
4,1024,436,132,33.9082
4,1024,436,136,33.2942
4,1024,436,140,32.3956
4,1024,436,144,31.8844
4,1024,436,148,31.8202
4,1024,436,152,31.4936
4,1024,436,156,31.5537
4,1024,436,160,31.0927
4,1024,436,164,30.6578
4,1024,436,168,30.4679
4,1024,436,172,29.9863
4,1024,436,176,29.9621
4,1024,436,180,29.3573
4,1024,436,184,29.1199
4,1024,436,188,28.7001
4,1024,436,192,28.4323
4,1024,436,196,27.8811
4,1024,436,200,27.448
4,1024,436,204,26.6276
4,1024,436,208,26.7026
4,1024,436,212,26.3024
4,1024,436,216,25.7784
4,1024,440,8,28.3737
4,1024,440,12,33.2668
4,1024,440,16,37.8046
4,1024,440,20,38.5376
4,1024,440,24,40.7537
4,1024,440,28,40.9874
4,1024,440,32,42.3225
4,1024,440,36,42.1233
4,1024,440,40,42.6539
4,1024,440,44,41.7219
4,1024,440,48,42.5076
4,1024,440,52,41.899
4,1024,440,56,41.9374
4,1024,440,60,34.5819
4,1024,440,64,35.0811
4,1024,440,68,40.7865
4,1024,440,72,39.9648
4,1024,440,76,39.6437
4,1024,440,80,39.5431
4,1024,440,84,38.6843
4,1024,440,88,38.1742
4,1024,440,92,37.4322
4,1024,440,96,38.01
4,1024,440,100,37.4758
4,1024,440,104,36.5963
4,1024,440,108,35.6825
4,1024,440,112,35.6951
4,1024,440,116,35.3978
4,1024,440,120,35.2064
4,1024,440,124,34.547
4,1024,440,128,34.1912
4,1024,440,132,33.4081
4,1024,440,136,33.071
4,1024,440,140,32.4067
4,1024,440,144,32.3245
4,1024,440,148,31.5153
4,1024,440,152,31.607
4,1024,440,156,26.9001
4,1024,440,160,31.0973
4,1024,440,164,30.6473
4,1024,440,168,30.472
4,1024,440,172,29.9143
4,1024,440,176,30.0471
4,1024,440,180,29.326
4,1024,440,184,28.6231
4,1024,440,188,28.5509
4,1024,440,192,28.0271
4,1024,440,196,27.6019
4,1024,440,200,27.396
4,1024,440,204,26.8027
4,1024,440,208,26.7616
4,1024,440,212,26.0901
4,1024,440,216,25.7092
4,1024,440,220,25.2812
4,1024,444,8,28.7962
4,1024,444,12,33.4573
4,1024,444,16,37.6359
4,1024,444,20,38.8271
4,1024,444,24,40.5362
4,1024,444,28,40.0672
4,1024,444,32,41.7733
4,1024,444,36,41.2591
4,1024,444,40,41.9535
4,1024,444,44,41.2141
4,1024,444,48,42.0686
4,1024,444,52,41.1777
4,1024,444,56,40.8961
4,1024,444,60,40.486
4,1024,444,64,39.5894
4,1024,444,68,39.5857
4,1024,444,72,39.4923
4,1024,444,76,39.0395
4,1024,444,80,33.3557
4,1024,444,84,37.9304
4,1024,444,88,37.3276
4,1024,444,92,36.9544
4,1024,444,96,37.1005
4,1024,444,100,35.5195
4,1024,444,104,35.7912
4,1024,444,108,30.7676
4,1024,444,112,34.9848
4,1024,444,116,34.8078
4,1024,444,120,34.4869
4,1024,444,124,33.7127
4,1024,444,128,33.5401
4,1024,444,132,32.7957
4,1024,444,136,32.4638
4,1024,444,140,32.012
4,1024,444,144,31.8949
4,1024,444,148,31.1307
4,1024,444,152,30.8488
4,1024,444,156,30.7887
4,1024,444,160,30.3521
4,1024,444,164,29.967
4,1024,444,168,29.644
4,1024,444,172,29.6204
4,1024,444,176,29.5174
4,1024,444,180,28.7702
4,1024,444,184,28.5137
4,1024,444,188,28.078
4,1024,444,192,27.5753
4,1024,444,196,27.6173
4,1024,444,200,24.0078
4,1024,444,204,26.9244
4,1024,444,208,26.564
4,1024,444,212,25.9602
4,1024,444,216,25.0411
4,1024,444,220,24.9538
4,1024,448,8,27.5345
4,1024,448,12,31.7658
4,1024,448,16,36.3923
4,1024,448,20,37.4832
4,1024,448,24,39.3949
4,1024,448,28,38.9412
4,1024,448,32,40.8787
4,1024,448,36,39.6404
4,1024,448,40,40.4807
4,1024,448,44,40.2309
4,1024,448,48,37.6309
4,1024,448,52,40.0149
4,1024,448,56,39.9467
4,1024,448,60,36.4309
4,1024,448,64,39.6166
4,1024,448,68,38.6887
4,1024,448,72,38.7195
4,1024,448,76,38.0649
4,1024,448,80,33.0341
4,1024,448,84,37.2517
4,1024,448,88,36.9946
4,1024,448,92,36.2607
4,1024,448,96,35.6989
4,1024,448,100,35.7501
4,1024,448,104,35.1728
4,1024,448,108,34.5836
4,1024,448,112,34.1788
4,1024,448,116,33.8174
4,1024,448,120,33.4734
4,1024,448,124,33.1536
4,1024,448,128,33.0942
4,1024,448,132,32.472
4,1024,448,136,32.1452
4,1024,448,140,31.2322
4,1024,448,144,30.9162
4,1024,448,148,30.3607
4,1024,448,152,30.333
4,1024,448,156,28.3666
4,1024,448,160,29.9755
4,1024,448,164,29.5118
4,1024,448,168,29.3711
4,1024,448,172,28.8726
4,1024,448,176,28.7675
4,1024,448,180,28.4671
4,1024,448,184,28.045
4,1024,448,188,27.4653
4,1024,448,192,27.4184
4,1024,448,196,26.8731
4,1024,448,200,26.7933
4,1024,448,204,26.2002
4,1024,448,208,26.0639
4,1024,448,212,22.771
4,1024,448,216,25.0047
4,1024,448,220,24.5964
4,1024,448,224,24.6148
4,1024,452,8,28.296
4,1024,452,12,32.2572
4,1024,452,16,36.2547
4,1024,452,20,37.8823
4,1024,452,24,39.8365
4,1024,452,28,39.0432
4,1024,452,32,40.8086
4,1024,452,36,40.5636
4,1024,452,40,41.0679
4,1024,452,44,39.6435
4,1024,452,48,41.1514
4,1024,452,52,39.901
4,1024,452,56,39.777
4,1024,452,60,39.3858
4,1024,452,64,39.0716
4,1024,452,68,39.0975
4,1024,452,72,37.5723
4,1024,452,76,38.1095
4,1024,452,80,37.9302
4,1024,452,84,37.0777
4,1024,452,88,36.9593
4,1024,452,92,26.4712
4,1024,452,96,36.3478
4,1024,452,100,35.5858
4,1024,452,104,35.4603
4,1024,452,108,34.2463
4,1024,452,112,33.9084
4,1024,452,116,34.0126
4,1024,452,120,33.7817
4,1024,452,124,33.2121
4,1024,452,128,32.8953
4,1024,452,132,32.524
4,1024,452,136,32.1408
4,1024,452,140,31.645
4,1024,452,144,30.9925
4,1024,452,148,30.4641
4,1024,452,152,30.3987
4,1024,452,156,29.9517
4,1024,452,160,29.7044
4,1024,452,164,29.5503
4,1024,452,168,29.4172
4,1024,452,172,29.1214
4,1024,452,176,29.1138
4,1024,452,180,25.2671
4,1024,452,184,28.0607
4,1024,452,188,27.7568
4,1024,452,192,27.3523
4,1024,452,196,26.9224
4,1024,452,200,24.1828
4,1024,452,204,26.3362
4,1024,452,208,25.919
4,1024,452,212,25.3159
4,1024,452,216,25.1889
4,1024,452,220,24.8216
4,1024,452,224,24.3779
4,1024,456,8,27.7332
4,1024,456,12,24.7393
4,1024,456,16,35.9113
4,1024,456,20,36.8226
4,1024,456,24,39.1161
4,1024,456,28,38.3836
4,1024,456,32,38.0394
4,1024,456,36,39.311
4,1024,456,40,40.2567
4,1024,456,44,39.7895
4,1024,456,48,40.4736
4,1024,456,52,39.6525
4,1024,456,56,39.7883
4,1024,456,60,39.0963
4,1024,456,64,38.9733
4,1024,456,68,38.5749
4,1024,456,72,37.7686
4,1024,456,76,37.7033
4,1024,456,80,37.8744
4,1024,456,84,37.1568
4,1024,456,88,36.506
4,1024,456,92,35.9817
4,1024,456,96,36.392
4,1024,456,100,35.3221
4,1024,456,104,31.1462
4,1024,456,108,34.3537
4,1024,456,112,33.9361
4,1024,456,116,31.039
4,1024,456,120,32.9746
4,1024,456,124,32.8472
4,1024,456,128,33.0128
4,1024,456,132,31.93
4,1024,456,136,31.9551
4,1024,456,140,31.0674
4,1024,456,144,30.9283
4,1024,456,148,30.2183
4,1024,456,152,29.6702
4,1024,456,156,25.9441
4,1024,456,160,25.612
4,1024,456,164,29.2924
4,1024,456,168,29.4239
4,1024,456,172,28.6266
4,1024,456,176,28.635
4,1024,456,180,28.0189
4,1024,456,184,28.0594
4,1024,456,188,27.6561
4,1024,456,192,27.5742
4,1024,456,196,26.5915
4,1024,456,200,26.7973
4,1024,456,204,26.3642
4,1024,456,208,25.4115
4,1024,456,212,25.3111
4,1024,456,216,25.1127
4,1024,456,220,24.7458
4,1024,456,224,23.9902
4,1024,456,228,23.7985
4,1024,460,8,26.192
4,1024,460,12,31.7618
4,1024,460,16,35.4191
4,1024,460,20,36.6946
4,1024,460,24,37.9338
4,1024,460,28,38.4163
4,1024,460,32,39.5546
4,1024,460,36,38.5505
4,1024,460,40,39.9934
4,1024,460,44,38.6533
4,1024,460,48,40.0492
4,1024,460,52,39.1967
4,1024,460,56,38.8501
4,1024,460,60,37.9948
4,1024,460,64,36.2058
4,1024,460,68,37.9774
4,1024,460,72,37.9216
4,1024,460,76,35.5763
4,1024,460,80,36.8789
4,1024,460,84,36.5163
4,1024,460,88,36.3568
4,1024,460,92,35.3443
4,1024,460,96,35.2998
4,1024,460,100,34.8304
4,1024,460,104,34.5141
4,1024,460,108,33.6919
4,1024,460,112,33.1792
4,1024,460,116,33.0383
4,1024,460,120,33.0833
4,1024,460,124,32.5855
4,1024,460,128,32.0417
4,1024,460,132,31.7902
4,1024,460,136,31.2008
4,1024,460,140,30.5462
4,1024,460,144,29.2483
4,1024,460,148,29.8916
4,1024,460,152,29.2199
4,1024,460,156,29.0563
4,1024,460,160,29.2281
4,1024,460,164,28.4743
4,1024,460,168,28.8124
4,1024,460,172,27.2498
4,1024,460,176,28.2669
4,1024,460,180,27.7307
4,1024,460,184,27.6535
4,1024,460,188,27.1706
4,1024,460,192,26.7026
4,1024,460,196,26.0853
4,1024,460,200,26.7074
4,1024,460,204,25.8955
4,1024,460,208,25.8832
4,1024,460,212,25.1624
4,1024,460,216,25.1703
4,1024,460,220,24.2651
4,1024,460,224,23.9557
4,1024,460,228,23.5036
4,1024,464,8,26.2117
4,1024,464,12,30.2627
4,1024,464,16,29.9896
4,1024,464,20,35.7347
4,1024,464,24,37.2895
4,1024,464,28,37.5739
4,1024,464,32,38.5481
4,1024,464,36,38.3695
4,1024,464,40,39.2325
4,1024,464,44,38.0999
4,1024,464,48,38.3945
4,1024,464,52,38.7158
4,1024,464,56,38.1455
4,1024,464,60,37.9615
4,1024,464,64,37.7608
4,1024,464,68,37.3881
4,1024,464,72,37.5983
4,1024,464,76,36.3527
4,1024,464,80,36.6568
4,1024,464,84,32.1279
4,1024,464,88,35.9882
4,1024,464,92,34.903
4,1024,464,96,35.1201
4,1024,464,100,34.6454
4,1024,464,104,34.2043
4,1024,464,108,32.1201
4,1024,464,112,33.28
4,1024,464,116,32.0067
4,1024,464,120,32.458
4,1024,464,124,27.7256
4,1024,464,128,31.3728
4,1024,464,132,30.9608
4,1024,464,136,29.3915
4,1024,464,140,30.4914
4,1024,464,144,30.4026
4,1024,464,148,29.4578
4,1024,464,152,28.9471
4,1024,464,156,28.8137
4,1024,464,160,28.9264
4,1024,464,164,28.7826
4,1024,464,168,28.2348
4,1024,464,172,28.2863
4,1024,464,176,28.1167
4,1024,464,180,26.1029
4,1024,464,184,27.3877
4,1024,464,188,23.8108
4,1024,464,192,25.0108
4,1024,464,196,26.3573
4,1024,464,200,26.3432
4,1024,464,204,25.6367
4,1024,464,208,25.3596
4,1024,464,212,24.5911
4,1024,464,216,24.9015
4,1024,464,220,23.8676
4,1024,464,224,23.5682
4,1024,464,228,23.7191
4,1024,464,232,22.8958
4,1024,468,8,26.9557
4,1024,468,12,30.5918
4,1024,468,16,34.78
4,1024,468,20,35.5262
4,1024,468,24,36.7934
4,1024,468,28,37.4137
4,1024,468,32,37.9363
4,1024,468,36,38.4255
4,1024,468,40,38.9508
4,1024,468,44,38.1739
4,1024,468,48,38.7206
4,1024,468,52,38.0692
4,1024,468,56,37.924
4,1024,468,60,37.7411
4,1024,468,64,37.8491
4,1024,468,68,37.0973
4,1024,468,72,36.7088
4,1024,468,76,35.9918
4,1024,468,80,36.0429
4,1024,468,84,35.6046
4,1024,468,88,35.0225
4,1024,468,92,34.1208
4,1024,468,96,34.1311
4,1024,468,100,34.3168
4,1024,468,104,33.8637
4,1024,468,108,32.7438
4,1024,468,112,33.0166
4,1024,468,116,32.1481
4,1024,468,120,31.6077
4,1024,468,124,31.8556
4,1024,468,128,31.3157
4,1024,468,132,31.3468
4,1024,468,136,30.9934
4,1024,468,140,30.4163
4,1024,468,144,30.3164
4,1024,468,148,29.2378
4,1024,468,152,28.9386
4,1024,468,156,28.5881
4,1024,468,160,28.3962
4,1024,468,164,28.381
4,1024,468,168,27.7606
4,1024,468,172,27.8471
4,1024,468,176,27.6154
4,1024,468,180,27.0772
4,1024,468,184,27.0716
4,1024,468,188,26.8766
4,1024,468,192,26.5378
4,1024,468,196,26.334
4,1024,468,200,22.978
4,1024,468,204,25.3221
4,1024,468,208,24.8432
4,1024,468,212,24.0239
4,1024,468,216,24.4137
4,1024,468,220,24.0985
4,1024,468,224,23.8568
4,1024,468,228,23.3626
4,1024,468,232,22.8257
4,1024,472,8,26.0603
4,1024,472,12,29.6591
4,1024,472,16,33.9969
4,1024,472,20,35.0251
4,1024,472,24,37.102
4,1024,472,28,37.2428
4,1024,472,32,38.6982
4,1024,472,36,34.9815
4,1024,472,40,38.7884
4,1024,472,44,37.9909
4,1024,472,48,38.4281
4,1024,472,52,37.8484
4,1024,472,56,38.1154
4,1024,472,60,37.3468
4,1024,472,64,37.303
4,1024,472,68,36.3864
4,1024,472,72,36.4881
4,1024,472,76,35.956
4,1024,472,80,35.7113
4,1024,472,84,35.1124
4,1024,472,88,35.4092
4,1024,472,92,29.7342
4,1024,472,96,34.2246
4,1024,472,100,32.8777
4,1024,472,104,33.7751
4,1024,472,108,33.1428
4,1024,472,112,32.6932
4,1024,472,116,31.5464
4,1024,472,120,31.6825
4,1024,472,124,29.4353
4,1024,472,128,31.1714
4,1024,472,132,30.9002
4,1024,472,136,30.9356
4,1024,472,140,30.1086
4,1024,472,144,30.0367
4,1024,472,148,29.2074
4,1024,472,152,28.8057
4,1024,472,156,28.2574
4,1024,472,160,28.3366
4,1024,472,164,27.9203
4,1024,472,168,27.6008
4,1024,472,172,27.0949
4,1024,472,176,27.3458
4,1024,472,180,27.1616
4,1024,472,184,26.9148
4,1024,472,188,26.5997
4,1024,472,192,26.0629
4,1024,472,196,25.7842
4,1024,472,200,25.7388
4,1024,472,204,24.9511
4,1024,472,208,24.9419
4,1024,472,212,24.274
4,1024,472,216,24.3065
4,1024,472,220,23.717
4,1024,472,224,23.4033
4,1024,472,228,23.0146
4,1024,472,232,22.6894
4,1024,472,236,22.0163
4,1024,476,8,26.1423
4,1024,476,12,29.9784
4,1024,476,16,33.5984
4,1024,476,20,31.5215
4,1024,476,24,36.4048
4,1024,476,28,36.2509
4,1024,476,32,37.4895
4,1024,476,36,37.5487
4,1024,476,40,37.8888
4,1024,476,44,37.4046
4,1024,476,48,37.8471
4,1024,476,52,37.2806
4,1024,476,56,37.175
4,1024,476,60,36.4149
4,1024,476,64,36.6266
4,1024,476,68,36.0808
4,1024,476,72,34.6243
4,1024,476,76,35.3009
4,1024,476,80,35.5447
4,1024,476,84,34.7786
4,1024,476,88,34.7056
4,1024,476,92,33.9581
4,1024,476,96,33.3443
4,1024,476,100,33.1277
4,1024,476,104,33.058
4,1024,476,108,32.189
4,1024,476,112,32.226
4,1024,476,116,31.4832
4,1024,476,120,30.6929
4,1024,476,124,31.0578
4,1024,476,128,30.7208
4,1024,476,132,28.6732
4,1024,476,136,30.2156
4,1024,476,140,29.5258
4,1024,476,144,29.5086
4,1024,476,148,28.7937
4,1024,476,152,28.1431
4,1024,476,156,27.8165
4,1024,476,160,27.6268
4,1024,476,164,27.3098
4,1024,476,168,27.3838
4,1024,476,172,26.9302
4,1024,476,176,26.7913
4,1024,476,180,26.7891
4,1024,476,184,26.3451
4,1024,476,188,24.2582
4,1024,476,192,25.7304
4,1024,476,196,25.394
4,1024,476,200,25.234
4,1024,476,204,25.0814
4,1024,476,208,24.9088
4,1024,476,212,23.8594
4,1024,476,216,23.9499
4,1024,476,220,23.6329
4,1024,476,224,23.1953
4,1024,476,228,22.6292
4,1024,476,232,22.417
4,1024,476,236,22.0132
4,1024,480,8,24.8999
4,1024,480,12,28.6761
4,1024,480,16,32.9077
4,1024,480,20,33.8255
4,1024,480,24,35.7971
4,1024,480,28,35.0028
4,1024,480,32,37.0889
4,1024,480,36,35.9767
4,1024,480,40,36.9464
4,1024,480,44,36.3049
4,1024,480,48,37.4856
4,1024,480,52,36.3857
4,1024,480,56,36.1454
4,1024,480,60,32.4519
4,1024,480,64,32.5184
4,1024,480,68,35.1666
4,1024,480,72,35.7268
4,1024,480,76,34.6775
4,1024,480,80,34.9517
4,1024,480,84,34.0342
4,1024,480,88,33.9119
4,1024,480,92,33.2649
4,1024,480,96,33.3418
4,1024,480,100,32.8167
4,1024,480,104,32.7362
4,1024,480,108,32.1488
4,1024,480,112,32.0282
4,1024,480,116,30.8766
4,1024,480,120,30.7409
4,1024,480,124,30.4193
4,1024,480,128,30.1592
4,1024,480,132,29.7599
4,1024,480,136,29.7762
4,1024,480,140,29.3906
4,1024,480,144,26.999
4,1024,480,148,28.3524
4,1024,480,152,28.2499
4,1024,480,156,27.0961
4,1024,480,160,26.9307
4,1024,480,164,27.066
4,1024,480,168,27.1542
4,1024,480,172,26.8213
4,1024,480,176,26.7688
4,1024,480,180,26.4852
4,1024,480,184,26.083
4,1024,480,188,26.0701
4,1024,480,192,25.659
4,1024,480,196,25.1013
4,1024,480,200,23.0584
4,1024,480,204,24.974
4,1024,480,208,24.5046
4,1024,480,212,23.89
4,1024,480,216,23.6245
4,1024,480,220,23.2227
4,1024,480,224,22.9359
4,1024,480,228,22.4889
4,1024,480,232,22.2795
4,1024,480,236,21.9605
4,1024,480,240,21.8248
4,1024,484,8,25.044
4,1024,484,12,28.9207
4,1024,484,16,32.5105
4,1024,484,20,33.8118
4,1024,484,24,35.3664
4,1024,484,28,34.6731
4,1024,484,32,36.8549
4,1024,484,36,36.5402
4,1024,484,40,36.5511
4,1024,484,44,36.1612
4,1024,484,48,37.0234
4,1024,484,52,36.085
4,1024,484,56,36.4526
4,1024,484,60,35.6119
4,1024,484,64,35.9484
4,1024,484,68,35.1278
4,1024,484,72,30.4258
4,1024,484,76,30.1424
4,1024,484,80,33.9834
4,1024,484,84,34.3617
4,1024,484,88,33.6649
4,1024,484,92,32.7675
4,1024,484,96,32.2786
4,1024,484,100,32.6833
4,1024,484,104,32.4788
4,1024,484,108,31.6558
4,1024,484,112,31.2331
4,1024,484,116,30.5395
4,1024,484,120,30.4896
4,1024,484,124,30.0837
4,1024,484,128,29.8178
4,1024,484,132,29.5855
4,1024,484,136,29.6294
4,1024,484,140,29.2497
4,1024,484,144,28.9481
4,1024,484,148,28.4444
4,1024,484,152,27.8561
4,1024,484,156,27.1552
4,1024,484,160,27.0459
4,1024,484,164,27.1696
4,1024,484,168,26.863
4,1024,484,172,26.4289
4,1024,484,176,26.3709
4,1024,484,180,26.1395
4,1024,484,184,25.7571
4,1024,484,188,25.4578
4,1024,484,192,25.3025
4,1024,484,196,25.3168
4,1024,484,200,24.448
4,1024,484,204,23.0118
4,1024,484,208,24.1927
4,1024,484,212,23.8825
4,1024,484,216,23.273
4,1024,484,220,23.0291
4,1024,484,224,22.8515
4,1024,484,228,21.8307
4,1024,484,232,22.5062
4,1024,484,236,22.0991
4,1024,484,240,21.4888
4,1024,488,8,24.9403
4,1024,488,12,28.0691
4,1024,488,16,27.9629
4,1024,488,20,33.0524
4,1024,488,24,35.1712
4,1024,488,28,34.9144
4,1024,488,32,36.1913
4,1024,488,36,35.8413
4,1024,488,40,36.6103
4,1024,488,44,34.8446
4,1024,488,48,36.622
4,1024,488,52,35.8292
4,1024,488,56,36.2913
4,1024,488,60,35.4001
4,1024,488,64,35.0136
4,1024,488,68,34.5598
4,1024,488,72,35.0533
4,1024,488,76,34.2276
4,1024,488,80,34.1492
4,1024,488,84,33.7044
4,1024,488,88,33.6423
4,1024,488,92,32.8478
4,1024,488,96,32.7252
4,1024,488,100,25.6675
4,1024,488,104,31.949
4,1024,488,108,31.1102
4,1024,488,112,31.3252
4,1024,488,116,30.2216
4,1024,488,120,30.0665
4,1024,488,124,29.5904
4,1024,488,128,29.6671
4,1024,488,132,28.4108
4,1024,488,136,29.2469
4,1024,488,140,29.0084
4,1024,488,144,28.7596
4,1024,488,148,28.1361
4,1024,488,152,27.9726
4,1024,488,156,26.8875
4,1024,488,160,27.1354
4,1024,488,164,26.4271
4,1024,488,168,26.4229
4,1024,488,172,26.139
4,1024,488,176,26.3442
4,1024,488,180,25.9545
4,1024,488,184,25.3514
4,1024,488,188,25.4845
4,1024,488,192,25.0046
4,1024,488,196,24.6658
4,1024,488,200,24.5869
4,1024,488,204,24.3754
4,1024,488,208,24.2143
4,1024,488,212,23.7628
4,1024,488,216,23.4003
4,1024,488,220,22.9507
4,1024,488,224,22.7512
4,1024,488,228,22.2149
4,1024,488,232,22.0894
4,1024,488,236,19.2801
4,1024,488,240,21.5311
4,1024,488,244,21.1394
4,1024,492,8,24.2476
4,1024,492,12,28.1334
4,1024,492,16,31.8644
4,1024,492,20,32.4323
4,1024,492,24,34.7744
4,1024,492,28,34.6197
4,1024,492,32,35.5168
4,1024,492,36,34.6984
4,1024,492,40,35.4867
4,1024,492,44,35.2411
4,1024,492,48,36.0265
4,1024,492,52,35.429
4,1024,492,56,35.2029
4,1024,492,60,34.6321
4,1024,492,64,35.1512
4,1024,492,68,34.1843
4,1024,492,72,34.5236
4,1024,492,76,33.6616
4,1024,492,80,31.7978
4,1024,492,84,31.3108
4,1024,492,88,32.9566
4,1024,492,92,32.0385
4,1024,492,96,31.8609
4,1024,492,100,31.3746
4,1024,492,104,31.4629
4,1024,492,108,30.7513
4,1024,492,112,28.6042
4,1024,492,116,29.7827
4,1024,492,120,29.7749
4,1024,492,124,29.2853
4,1024,492,128,29.3467
4,1024,492,132,28.9661
4,1024,492,136,28.7758
4,1024,492,140,28.148
4,1024,492,144,28.1144
4,1024,492,148,27.8176
4,1024,492,152,26.2721
4,1024,492,156,26.55
4,1024,492,160,26.268
4,1024,492,164,25.8644
4,1024,492,168,25.83
4,1024,492,172,25.5242
4,1024,492,176,24.4397
4,1024,492,180,25.5461
4,1024,492,184,24.9733
4,1024,492,188,25.0753
4,1024,492,192,24.4261
4,1024,492,196,24.4019
4,1024,492,200,24.2401
4,1024,492,204,23.6997
4,1024,492,208,23.4065
4,1024,492,212,23.3229
4,1024,492,216,22.6877
4,1024,492,220,22.7586
4,1024,492,224,22.2967
4,1024,492,228,22.1411
4,1024,492,232,21.8489
4,1024,492,236,21.4335
4,1024,492,240,20.9583
4,1024,492,244,20.6696
4,1024,496,8,23.6385
4,1024,496,12,27.0158
4,1024,496,16,30.7593
4,1024,496,20,31.8791
4,1024,496,24,28.6221
4,1024,496,28,33.4347
4,1024,496,32,30.3663
4,1024,496,36,34.7003
4,1024,496,40,34.6073
4,1024,496,44,34.6491
4,1024,496,48,35.0498
4,1024,496,52,34.8201
4,1024,496,56,34.961
4,1024,496,60,34.0277
4,1024,496,64,34.172
4,1024,496,68,33.6491
4,1024,496,72,33.6346
4,1024,496,76,32.8541
4,1024,496,80,33.1559
4,1024,496,84,32.4623
4,1024,496,88,32.6022
4,1024,496,92,31.9138
4,1024,496,96,31.6751
4,1024,496,100,30.9727
4,1024,496,104,30.9756
4,1024,496,108,30.2528
4,1024,496,112,30.1797
4,1024,496,116,29.6038
4,1024,496,120,29.4177
4,1024,496,124,28.8516
4,1024,496,128,28.589
4,1024,496,132,28.2287
4,1024,496,136,28.3508
4,1024,496,140,27.6696
4,1024,496,144,27.9713
4,1024,496,148,27.001
4,1024,496,152,26.8833
4,1024,496,156,26.2713
4,1024,496,160,25.7469
4,1024,496,164,25.5204
4,1024,496,168,25.184
4,1024,496,172,25.6662
4,1024,496,176,25.5159
4,1024,496,180,24.9559
4,1024,496,184,24.6414
4,1024,496,188,24.4497
4,1024,496,192,24.3391
4,1024,496,196,24.2792
4,1024,496,200,23.7186
4,1024,496,204,23.5741
4,1024,496,208,23.5183
4,1024,496,212,23.1533
4,1024,496,216,22.6384
4,1024,496,220,22.6286
4,1024,496,224,22.0842
4,1024,496,228,21.7754
4,1024,496,232,21.719
4,1024,496,236,21.1536
4,1024,496,240,21.1081
4,1024,496,244,20.5652
4,1024,496,248,20.4942
4,1024,500,8,23.6724
4,1024,500,12,27.3391
4,1024,500,16,30.736
4,1024,500,20,31.7052
4,1024,500,24,33.8823
4,1024,500,28,33.7101
4,1024,500,32,34.3525
4,1024,500,36,34.4946
4,1024,500,40,29.2148
4,1024,500,44,34.1699
4,1024,500,48,35.0132
4,1024,500,52,34.5705
4,1024,500,56,34.504
4,1024,500,60,29.3761
4,1024,500,64,33.7561
4,1024,500,68,28.8216
4,1024,500,72,33.1974
4,1024,500,76,32.7441
4,1024,500,80,32.8002
4,1024,500,84,32.3607
4,1024,500,88,32.1698
4,1024,500,92,31.3522
4,1024,500,96,31.2218
4,1024,500,100,30.889
4,1024,500,104,30.6885
4,1024,500,108,30.0878
4,1024,500,112,30.1729
4,1024,500,116,29.4639
4,1024,500,120,28.4858
4,1024,500,124,28.3864
4,1024,500,128,28.1166
4,1024,500,132,28.3122
4,1024,500,136,28.0536
4,1024,500,140,27.5527
4,1024,500,144,27.2889
4,1024,500,148,27.034
4,1024,500,152,23.9402
4,1024,500,156,25.8914
4,1024,500,160,25.9205
4,1024,500,164,25.267
4,1024,500,168,25.0888
4,1024,500,172,24.8928
4,1024,500,176,24.9616
4,1024,500,180,24.9074
4,1024,500,184,24.5979
4,1024,500,188,24.2901
4,1024,500,192,23.999
4,1024,500,196,23.8925
4,1024,500,200,23.7613
4,1024,500,204,23.3247
4,1024,500,208,23.407
4,1024,500,212,22.6789
4,1024,500,216,22.5727
4,1024,500,220,22.118
4,1024,500,224,22.1616
4,1024,500,228,21.6751
4,1024,500,232,21.2704
4,1024,500,236,21.1521
4,1024,500,240,20.7376
4,1024,500,244,20.2414
4,1024,500,248,19.9782
4,1024,504,8,23.0107
4,1024,504,12,26.7372
4,1024,504,16,30.4788
4,1024,504,20,31.2056
4,1024,504,24,33.1585
4,1024,504,28,30.4585
4,1024,504,32,33.9125
4,1024,504,36,33.8256
4,1024,504,40,34.4514
4,1024,504,44,33.3651
4,1024,504,48,34.6558
4,1024,504,52,34.0349
4,1024,504,56,33.6911
4,1024,504,60,33.3445
4,1024,504,64,33.4571
4,1024,504,68,32.5999
4,1024,504,72,32.9587
4,1024,504,76,32.3139
4,1024,504,80,32.5048
4,1024,504,84,31.4435
4,1024,504,88,31.4572
4,1024,504,92,31.1668
4,1024,504,96,30.9608
4,1024,504,100,30.358
4,1024,504,104,30.14
4,1024,504,108,29.574
4,1024,504,112,29.5412
4,1024,504,116,28.8461
4,1024,504,120,28.7098
4,1024,504,124,27.8674
4,1024,504,128,27.7042
4,1024,504,132,27.6442
4,1024,504,136,27.5468
4,1024,504,140,27.2277
4,1024,504,144,27.0572
4,1024,504,148,26.701
4,1024,504,152,26.5863
4,1024,504,156,25.59
4,1024,504,160,25.5899
4,1024,504,164,25.0807
4,1024,504,168,24.5503
4,1024,504,172,24.4944
4,1024,504,176,24.7534
4,1024,504,180,24.2806
4,1024,504,184,24.1261
4,1024,504,188,22.6714
4,1024,504,192,23.7557
4,1024,504,196,23.9355
4,1024,504,200,23.4416
4,1024,504,204,22.762
4,1024,504,208,22.7769
4,1024,504,212,22.7567
4,1024,504,216,22.5896
4,1024,504,220,22.2714
4,1024,504,224,21.546
4,1024,504,228,21.7423
4,1024,504,232,21.2323
4,1024,504,236,20.8341
4,1024,504,240,20.7909
4,1024,504,244,20.2671
4,1024,504,248,19.8783
4,1024,504,252,19.7287
4,1024,508,8,22.8003
4,1024,508,12,26.1313
4,1024,508,16,26.5256
4,1024,508,20,30.9028
4,1024,508,24,32.7583
4,1024,508,28,32.6822
4,1024,508,32,32.2278
4,1024,508,36,33.1684
4,1024,508,40,33.7878
4,1024,508,44,33.284
4,1024,508,48,34.0942
4,1024,508,52,33.3923
4,1024,508,56,33.3035
4,1024,508,60,32.3938
4,1024,508,64,32.8096
4,1024,508,68,32.4239
4,1024,508,72,32.0054
4,1024,508,76,32.0047
4,1024,508,80,31.7836
4,1024,508,84,30.6392
4,1024,508,88,31.2367
4,1024,508,92,30.5741
4,1024,508,96,30.4075
4,1024,508,100,29.4092
4,1024,508,104,29.8589
4,1024,508,108,28.9254
4,1024,508,112,29.0012
4,1024,508,116,28.6443
4,1024,508,120,28.2159
4,1024,508,124,27.8586
4,1024,508,128,27.5926
4,1024,508,132,27.0847
4,1024,508,136,27.1173
4,1024,508,140,26.8551
4,1024,508,144,26.7502
4,1024,508,148,25.9085
4,1024,508,152,25.9693
4,1024,508,156,25.6294
4,1024,508,160,25.3069
4,1024,508,164,24.3524
4,1024,508,168,24.539
4,1024,508,172,24.4656
4,1024,508,176,23.9142
4,1024,508,180,24.0095
4,1024,508,184,23.7377
4,1024,508,188,23.2253
4,1024,508,192,23.4432
4,1024,508,196,23.3475
4,1024,508,200,23.1661
4,1024,508,204,22.9109
4,1024,508,208,22.4501
4,1024,508,212,22.0617
4,1024,508,216,22.2221
4,1024,508,220,21.6658
4,1024,508,224,21.3876
4,1024,508,228,21.3519
4,1024,508,232,20.595
4,1024,508,236,20.7627
4,1024,508,240,20.1882
4,1024,508,244,20.3338
4,1024,508,248,19.664
4,1024,508,252,19.4691
4,1024,512,8,16.3093
4,1024,512,12,20.7693
4,1024,512,16,23.9462
4,1024,512,20,25.5416
4,1024,512,24,27.9044
4,1024,512,28,27.3196
4,1024,512,32,30.4027
4,1024,512,36,30.3057
4,1024,512,40,31.1124
4,1024,512,44,30.767
4,1024,512,48,31.3626
4,1024,512,52,31.1979
4,1024,512,56,31.2522
4,1024,512,60,30.7843
4,1024,512,64,31.0099
4,1024,512,68,30.856
4,1024,512,72,30.6022
4,1024,512,76,30.6653
4,1024,512,80,30.0501
4,1024,512,84,26.0051
4,1024,512,88,30.0299
4,1024,512,92,29.5973
4,1024,512,96,29.3856
4,1024,512,100,28.5795
4,1024,512,104,29.0928
4,1024,512,108,28.335
4,1024,512,112,28.2936
4,1024,512,116,27.5232
4,1024,512,120,26.4681
4,1024,512,124,26.7172
4,1024,512,128,26.3098
4,1024,512,132,26.7541
4,1024,512,136,23.8283
4,1024,512,140,25.9895
4,1024,512,144,26.138
4,1024,512,148,22.976
4,1024,512,152,25.4402
4,1024,512,156,25.1287
4,1024,512,160,24.4462
4,1024,512,164,24.4824
4,1024,512,168,24.3954
4,1024,512,172,24.1533
4,1024,512,176,23.6396
4,1024,512,180,23.8071
4,1024,512,184,23.9
4,1024,512,188,23.1357
4,1024,512,192,23.2244
4,1024,512,196,22.9062
4,1024,512,200,23.0575
4,1024,512,204,22.9189
4,1024,512,208,22.3546
4,1024,512,212,22.2673
4,1024,512,216,21.7266
4,1024,512,220,21.8839
4,1024,512,224,21.8251
4,1024,512,228,21.2881
4,1024,512,232,20.7071
4,1024,512,236,20.8628
4,1024,512,240,20.2888
4,1024,512,244,19.7759
4,1024,512,248,19.3392
4,1024,512,252,19.789
4,1024,512,256,19.0937
4,1024,32,8,28.219
4,1024,32,12,31.283
4,1024,32,16,37.4004
4,1024,36,8,29.0054
4,1024,36,12,35.992
4,1024,36,16,37.5055
4,1024,40,8,34.5251
4,1024,40,12,37.7793
4,1024,40,16,43.8315
4,1024,40,20,49.0197
4,1024,44,8,35.5963
4,1024,44,12,35.2323
4,1024,44,16,46.7336
4,1024,44,20,44.9053
4,1024,48,8,40.8703
4,1024,48,12,47.5043
4,1024,48,16,54.3164
4,1024,48,20,50.6288
4,1024,48,24,57.4458
4,1024,52,8,42.4564
4,1024,52,12,48.0296
4,1024,52,16,54.1826
4,1024,52,20,56.0897
4,1024,52,24,55.1884
4,1024,56,8,45.5949
4,1024,56,12,51.0585
4,1024,56,16,57.5228
4,1024,56,20,61.732
4,1024,56,24,59.4004
4,1024,56,28,60.6222
4,1024,60,8,45.4538
4,1024,60,12,47.6295
4,1024,60,16,59.5797
4,1024,60,20,61.9815
4,1024,60,24,60.8912
4,1024,60,28,60.2808
4,1024,64,8,51.362
4,1024,64,12,40.2978
4,1024,64,16,62.2389
4,1024,64,20,65.4463
4,1024,64,24,67.6902
4,1024,64,28,66.6008
4,1024,64,32,71.0055
4,1024,68,8,48.7978
4,1024,68,12,53.8857
4,1024,68,16,48.1006
4,1024,68,20,64.8516
4,1024,68,24,66.2202
4,1024,68,28,65.9662
4,1024,68,32,66.453
4,1024,72,8,53.1812
4,1024,72,12,60.05
4,1024,72,16,65.3784
4,1024,72,20,68.902
4,1024,72,24,69.8743
4,1024,72,28,70.2491
4,1024,72,32,69.1629
4,1024,72,36,73.9027
4,1024,76,8,50.2089
4,1024,76,12,60.46
4,1024,76,16,67.3293
4,1024,76,20,51.9799
4,1024,76,24,68.7923
4,1024,76,28,72.0594
4,1024,76,32,71.6048
4,1024,76,36,69.6372
4,1024,80,8,57.0724
4,1024,80,12,64.2663
4,1024,80,16,73.2221
4,1024,80,20,75.5825
4,1024,80,24,63.7908
4,1024,80,28,55.6199
4,1024,80,32,77.1238
4,1024,80,36,74.8288
4,1024,80,40,78.2453
4,1024,84,8,54.4452
4,1024,84,12,64.4433
4,1024,84,16,68.6016
4,1024,84,20,69.9515
4,1024,84,24,72.1494
4,1024,84,28,73.3201
4,1024,84,32,74.6864
4,1024,84,36,74.5544
4,1024,84,40,73.4754
4,1024,88,8,58.5164
4,1024,88,12,65.4697
4,1024,88,16,72.5201
4,1024,88,20,74.8679
4,1024,88,24,77.6287
4,1024,88,28,54.5819
4,1024,88,32,78.4982
4,1024,88,36,77.8865
4,1024,88,40,76.5029
4,1024,88,44,74.7687
4,1024,92,8,57.3296
4,1024,92,12,65.468
4,1024,92,16,71.5131
4,1024,92,20,73.281
4,1024,92,24,43.7908
4,1024,92,28,62.1862
4,1024,92,32,77.2649
4,1024,92,36,77.2094
4,1024,92,40,72.0691
4,1024,92,44,73.3417
4,1024,96,8,59.564
4,1024,96,12,69.0674
4,1024,96,16,76.1568
4,1024,96,20,73.6445
4,1024,96,24,80.1301
4,1024,96,28,76.6675
4,1024,96,32,69.9299
4,1024,96,36,79.6139
4,1024,96,40,80.7548
4,1024,96,44,77.9046
4,1024,96,48,82.4697
4,1024,100,8,58.9562
4,1024,100,12,66.7032
4,1024,100,16,52.593
4,1024,100,20,65.4371
4,1024,100,24,56.9627
4,1024,100,28,76.0198
4,1024,100,32,76.3517
4,1024,100,36,65.6226
4,1024,100,40,77.3531
4,1024,100,44,74.9443
4,1024,100,48,75.5348
4,1024,104,8,60.8316
4,1024,104,12,70.1576
4,1024,104,16,75.837
4,1024,104,20,69.2251
4,1024,104,24,79.857
4,1024,104,28,77.6017
4,1024,104,32,80.3674
4,1024,104,36,82.1144
4,1024,104,40,82.3827
4,1024,104,44,78.8912
4,1024,104,48,78.6761
4,1024,104,52,81.124
4,1024,108,8,59.4167
4,1024,108,12,69.5777
4,1024,108,16,75.9681
4,1024,108,20,67.1058
4,1024,108,24,78.6467
4,1024,108,28,80.1185
4,1024,108,32,80.5326
4,1024,108,36,80.8499
4,1024,108,40,79.2318
4,1024,108,44,77.677
4,1024,108,48,77.6832
4,1024,108,52,75.8464
4,1024,112,8,59.0167
4,1024,112,12,68.0364
4,1024,112,16,77.4232
4,1024,112,20,66.7126
4,1024,112,24,58.3136
4,1024,112,28,79.5185
4,1024,112,32,81.2368
4,1024,112,36,77.6556
4,1024,112,40,78.5195
4,1024,112,44,70.0866
4,1024,112,48,67.2025
4,1024,112,52,76.8844
4,1024,112,56,77.4224
4,1024,116,8,55.0852
4,1024,116,12,67.9181
4,1024,116,16,65.9389
4,1024,116,20,79.7553
4,1024,116,24,80.4338
4,1024,116,28,58.1648
4,1024,116,32,82.608
4,1024,116,36,80.9612
4,1024,116,40,68.9917
4,1024,116,44,78.5423
4,1024,116,48,58.4781
4,1024,116,52,71.5039
4,1024,116,56,76.831
4,1024,120,8,62.7419
4,1024,120,12,71.2969
4,1024,120,16,76.7104
4,1024,120,20,82.103
4,1024,120,24,66.1823
4,1024,120,28,80.5877
4,1024,120,32,83.9474
4,1024,120,36,81.5068
4,1024,120,40,65.9972
4,1024,120,44,68.418
4,1024,120,48,76.3956
4,1024,120,52,81.3071
4,1024,120,56,79.3167
4,1024,120,60,80.7913
4,1024,124,8,60.1844
4,1024,124,12,68.8563
4,1024,124,16,76.6952
4,1024,124,20,59.9265
4,1024,124,24,79.5284
4,1024,124,28,77.9648
4,1024,124,32,77.1233
4,1024,124,36,76.8452
4,1024,124,40,79.4239
4,1024,124,44,80.3004
4,1024,124,48,76.8682
4,1024,124,52,76.9955
4,1024,124,56,79.0934
4,1024,124,60,74.5968
4,1024,128,8,61.3391
4,1024,128,12,69.7896
4,1024,128,16,79.2335
4,1024,128,20,79.0054
4,1024,128,24,79.8436
4,1024,128,28,68.9918
4,1024,128,32,84.1067
4,1024,128,36,83.982
4,1024,128,40,80.843
4,1024,128,44,81.1439
4,1024,128,48,78.8495
4,1024,128,52,80.7556
4,1024,128,56,80.9053
4,1024,128,60,78.4834
4,1024,128,64,76.7549
4,1024,132,8,62.3877
4,1024,132,12,73.4755
4,1024,132,16,64.7257
4,1024,132,20,80.8446
4,1024,132,24,81.3014
4,1024,132,28,81.7378
4,1024,132,32,82.9903
4,1024,132,36,84.7549
4,1024,132,40,83.099
4,1024,132,44,69.7657
4,1024,132,48,82.9055
4,1024,132,52,81.6601
4,1024,132,56,82.39
4,1024,132,60,79.9474
4,1024,132,64,79.2911
4,1024,136,8,64.0138
4,1024,136,12,70.8919
4,1024,136,16,57.014
4,1024,136,20,64.4334
4,1024,136,24,79.9767
4,1024,136,28,83.7386
4,1024,136,32,82.5211
4,1024,136,36,83.0002
4,1024,136,40,83.6986
4,1024,136,44,81.3307
4,1024,136,48,48.1593
4,1024,136,52,83.0828
4,1024,136,56,81.2892
4,1024,136,60,77.4074
4,1024,136,64,77.0998
4,1024,136,68,79.6808
4,1024,140,8,62.4717
4,1024,140,12,53.5503
4,1024,140,16,64.645
4,1024,140,20,80.8636
4,1024,140,24,81.2111
4,1024,140,28,82.3299
4,1024,140,32,80.0642
4,1024,140,36,82.0253
4,1024,140,40,70.3171
4,1024,140,44,65.9805
4,1024,140,48,76.3233
4,1024,140,52,79.9391
4,1024,140,56,78.5914
4,1024,140,60,69.2595
4,1024,140,64,75.1232
4,1024,140,68,74.5393
4,1024,144,8,61.4716
4,1024,144,12,52.7251
4,1024,144,16,78.4115
4,1024,144,20,78.1889
4,1024,144,24,80.9258
4,1024,144,28,79.4343
4,1024,144,32,82.0881
4,1024,144,36,82.4088
4,1024,144,40,82.3934
4,1024,144,44,70.2105
4,1024,144,48,82.4684
4,1024,144,52,80.3933
4,1024,144,56,81.615
4,1024,144,60,76.3086
4,1024,144,64,77.3582
4,1024,144,68,74.4866
4,1024,144,72,74.6305
4,1024,148,8,63.224
4,1024,148,12,68.0319
4,1024,148,16,79.6093
4,1024,148,20,80.6751
4,1024,148,24,82.716
4,1024,148,28,81.1609
4,1024,148,32,69.7638
4,1024,148,36,80.6485
4,1024,148,40,85.4176
4,1024,148,44,81.7624
4,1024,148,48,82.6154
4,1024,148,52,83.1359
4,1024,148,56,80.899
4,1024,148,60,59.2734
4,1024,148,64,78.6803
4,1024,148,68,64.4417
4,1024,148,72,64.1993
4,1024,152,8,49.2425
4,1024,152,12,72.9734
4,1024,152,16,79.5371
4,1024,152,20,81.6642
4,1024,152,24,81.6432
4,1024,152,28,81.6347
4,1024,152,32,82.5017
4,1024,152,36,84.1994
4,1024,152,40,86.1988
4,1024,152,44,69.9155
4,1024,152,48,83.7683
4,1024,152,52,79.6891
4,1024,152,56,82.7749
4,1024,152,60,79.6256
4,1024,152,64,70.9252
4,1024,152,68,78.0571
4,1024,152,72,68.5016
4,1024,152,76,72.8538
4,1024,156,8,51.5984
4,1024,156,12,72.2566
4,1024,156,16,75.6478
4,1024,156,20,68.1805
4,1024,156,24,70.2487
4,1024,156,28,81.0599
4,1024,156,32,84.688
4,1024,156,36,82.7083
4,1024,156,40,83.5499
4,1024,156,44,80.1908
4,1024,156,48,81.0008
4,1024,156,52,80.5925
4,1024,156,56,79.7353
4,1024,156,60,79.2223
4,1024,156,64,77.786
4,1024,156,68,77.0982
4,1024,156,72,64.3753
4,1024,156,76,61.986
4,1024,160,8,60.827
4,1024,160,12,53.4634
4,1024,160,16,77.9652
4,1024,160,20,79.7612
4,1024,160,24,77.8331
4,1024,160,28,80.8315
4,1024,160,32,82.1282
4,1024,160,36,81.2881
4,1024,160,40,82.4984
4,1024,160,44,80.5517
4,1024,160,48,80.0507
4,1024,160,52,78.3812
4,1024,160,56,78.5777
4,1024,160,60,76.5791
4,1024,160,64,78.1468
4,1024,160,68,75.0213
4,1024,160,72,55.2338
4,1024,160,76,72.6467
4,1024,160,80,72.8554
4,1024,164,8,61.3719
4,1024,164,12,69.4407
4,1024,164,16,75.4746
4,1024,164,20,78.7809
4,1024,164,24,79.3176
4,1024,164,28,80.708
4,1024,164,32,57.9775
4,1024,164,36,82.551
4,1024,164,40,79.0398
4,1024,164,44,67.5587
4,1024,164,48,81.0657
4,1024,164,52,75.6366
4,1024,164,56,78.3182
4,1024,164,60,77.2756
4,1024,164,64,75.8837
4,1024,164,68,74.472
4,1024,164,72,74.0669
4,1024,164,76,72.0412
4,1024,164,80,70.5457
4,1024,168,8,59.4031
4,1024,168,12,69.3024
4,1024,168,16,75.4666
4,1024,168,20,77.7085
4,1024,168,24,80.4449
4,1024,168,28,79.0901
4,1024,168,32,81.3497
4,1024,168,36,79.4827
4,1024,168,40,79.3151
4,1024,168,44,78.9347
4,1024,168,48,76.2384
4,1024,168,52,73.9217
4,1024,168,56,78.4433
4,1024,168,60,75.7971
4,1024,168,64,77.329
4,1024,168,68,76.5634
4,1024,168,72,73.7957
4,1024,168,76,72.012
4,1024,168,80,70.2237
4,1024,168,84,70.4705
4,1024,172,8,60.8044
4,1024,172,12,69.5508
4,1024,172,16,77.2943
4,1024,172,20,76.8729
4,1024,172,24,76.6092
4,1024,172,28,77.8242
4,1024,172,32,81.086
4,1024,172,36,78.7006
4,1024,172,40,80.663
4,1024,172,44,80.3668
4,1024,172,48,77.7446
4,1024,172,52,79.5923
4,1024,172,56,78.3094
4,1024,172,60,69.1792
4,1024,172,64,78.1485
4,1024,172,68,65.5251
4,1024,172,72,75.0684
4,1024,172,76,66.6811
4,1024,172,80,72.2702
4,1024,172,84,58.3224
4,1024,176,8,60.9201
4,1024,176,12,51.9348
4,1024,176,16,79.0339
4,1024,176,20,76.9334
4,1024,176,24,79.9598
4,1024,176,28,80.1984
4,1024,176,32,82.5253
4,1024,176,36,80.7183
4,1024,176,40,64.5523
4,1024,176,44,80.2069
4,1024,176,48,80.5269
4,1024,176,52,79.8264
4,1024,176,56,39.9723
4,1024,176,60,78.0988
4,1024,176,64,78.334
4,1024,176,68,76.7653
4,1024,176,72,75.9038
4,1024,176,76,75.0337
4,1024,176,80,69.7538
4,1024,176,84,72.7662
4,1024,176,88,54.4901
4,1024,180,8,60.2742
4,1024,180,12,69.9315
4,1024,180,16,76.3532
4,1024,180,20,78.6359
4,1024,180,24,81.3788
4,1024,180,28,79.1798
4,1024,180,32,82.019
4,1024,180,36,82.064
4,1024,180,40,82.119
4,1024,180,44,78.3712
4,1024,180,48,80.6817
4,1024,180,52,79.261
4,1024,180,56,76.3386
4,1024,180,60,77.4157
4,1024,180,64,76.6342
4,1024,180,68,76.6838
4,1024,180,72,75.5511
4,1024,180,76,74.2711
4,1024,180,80,73.8423
4,1024,180,84,72.0591
4,1024,180,88,67.8029
4,1024,184,8,60.1917
4,1024,184,12,68.2122
4,1024,184,16,76.0228
4,1024,184,20,78.7028
4,1024,184,24,81.2623
4,1024,184,28,80.8203
4,1024,184,32,82.7733
4,1024,184,36,79.2788
4,1024,184,40,82.0036
4,1024,184,44,77.1439
4,1024,184,48,57.9792
4,1024,184,52,65.4299
4,1024,184,56,76.9702
4,1024,184,60,74.6087
4,1024,184,64,77.1974
4,1024,184,68,76.3134
4,1024,184,72,76.4735
4,1024,184,76,73.8676
4,1024,184,80,72.955
4,1024,184,84,62.5325
4,1024,184,88,69.2486
4,1024,184,92,67.2465
4,1024,188,8,59.4855
4,1024,188,12,69.8483
4,1024,188,16,76.7836
4,1024,188,20,76.6803
4,1024,188,24,79.283
4,1024,188,28,78.143
4,1024,188,32,82.7368
4,1024,188,36,81.2958
4,1024,188,40,79.9815
4,1024,188,44,79.1862
4,1024,188,48,69.365
4,1024,188,52,67.7958
4,1024,188,56,77.711
4,1024,188,60,73.6768
4,1024,188,64,76.3407
4,1024,188,68,73.7743
4,1024,188,72,74.4481
4,1024,188,76,72.0269
4,1024,188,80,71.396
4,1024,188,84,68.861
4,1024,188,88,68.372
4,1024,188,92,65.4716
4,1024,192,8,58.131
4,1024,192,12,64.4351
4,1024,192,16,73.6886
4,1024,192,20,76.6426
4,1024,192,24,76.6675
4,1024,192,28,76.0594
4,1024,192,32,80.6252
4,1024,192,36,77.0921
4,1024,192,40,77.6501
4,1024,192,44,77.422
4,1024,192,48,76.2884
4,1024,192,52,77.3664
4,1024,192,56,75.8586
4,1024,192,60,72.7003
4,1024,192,64,71.772
4,1024,192,68,71.6446
4,1024,192,72,63.9
4,1024,192,76,72.1448
4,1024,192,80,70.2739
4,1024,192,84,68.6154
4,1024,192,88,64.8317
4,1024,192,92,51.345
4,1024,192,96,63.2754
4,1024,196,8,56.6932
4,1024,196,12,59.953
4,1024,196,16,71.9066
4,1024,196,20,74.9882
4,1024,196,24,75.9217
4,1024,196,28,76.9112
4,1024,196,32,78.2619
4,1024,196,36,78.6347
4,1024,196,40,77.4659
4,1024,196,44,74.065
4,1024,196,48,76.7895
4,1024,196,52,66.5852
4,1024,196,56,74.8756
4,1024,196,60,70.6003
4,1024,196,64,72.7899
4,1024,196,68,66.9891
4,1024,196,72,71.9048
4,1024,196,76,69.6457
4,1024,196,80,70.8727
4,1024,196,84,67.4336
4,1024,196,88,66.499
4,1024,196,92,65.1865
4,1024,196,96,58.5942
4,1024,200,8,56.9175
4,1024,200,12,65.9297
4,1024,200,16,71.7125
4,1024,200,20,75.49
4,1024,200,24,77.0955
4,1024,200,28,75.4145
4,1024,200,32,76.9413
4,1024,200,36,75.6548
4,1024,200,40,67.27
4,1024,200,44,63.6891
4,1024,200,48,76.2721
4,1024,200,52,73.6735
4,1024,200,56,73.6675
4,1024,200,60,49.7085
4,1024,200,64,71.6629
4,1024,200,68,71.9469
4,1024,200,72,70.6833
4,1024,200,76,70.6549
4,1024,200,80,62.2885
4,1024,200,84,68.5595
4,1024,200,88,64.054
4,1024,200,92,47.9544
4,1024,200,96,59.1769
4,1024,200,100,57.1109
4,1024,204,8,56.7514
4,1024,204,12,65.1805
4,1024,204,16,71.4522
4,1024,204,20,72.1119
4,1024,204,24,65.5035
4,1024,204,28,73.1793
4,1024,204,32,75.2905
4,1024,204,36,75.9123
4,1024,204,40,72.433
4,1024,204,44,73.8621
4,1024,204,48,73.9929
4,1024,204,52,74.2088
4,1024,204,56,70.1623
4,1024,204,60,70.8823
4,1024,204,64,71.351
4,1024,204,68,70.6603
4,1024,204,72,69.5698
4,1024,204,76,66.7856
4,1024,204,80,66.7152
4,1024,204,84,65.6625
4,1024,204,88,63.4986
4,1024,204,92,63.3886
4,1024,204,96,62.3397
4,1024,204,100,56.1853
4,1024,208,8,57.4967
4,1024,208,12,66.1201
4,1024,208,16,74.3073
4,1024,208,20,75.7291
4,1024,208,24,77.0649
4,1024,208,28,75.7542
4,1024,208,32,70.1555
4,1024,208,36,75.219
4,1024,208,40,57.5171
4,1024,208,44,76.5143
4,1024,208,48,77.7327
4,1024,208,52,75.9977
4,1024,208,56,67.8957
4,1024,208,60,73.2147
4,1024,208,64,74.0773
4,1024,208,68,71.5345
4,1024,208,72,71.3007
4,1024,208,76,71.8012
4,1024,208,80,70.872
4,1024,208,84,68.8566
4,1024,208,88,67.6185
4,1024,208,92,66.0607
4,1024,208,96,65.9614
4,1024,208,100,63.3454
4,1024,208,104,62.4631
4,1024,212,8,57.5716
4,1024,212,12,65.6391
4,1024,212,16,73.2092
4,1024,212,20,67.2517
4,1024,212,24,75.4497
4,1024,212,28,76.5842
4,1024,212,32,77.3786
4,1024,212,36,78.0201
4,1024,212,40,76.1034
4,1024,212,44,55.9529
4,1024,212,48,75.1034
4,1024,212,52,72.6744
4,1024,212,56,74.2457
4,1024,212,60,72.3206
4,1024,212,64,64.2072
4,1024,212,68,71.3487
4,1024,212,72,71.1297
4,1024,212,76,68.9675
4,1024,212,80,69.9304
4,1024,212,84,69.0397
4,1024,212,88,66.4374
4,1024,212,92,65.5044
4,1024,212,96,64.7724
4,1024,212,100,62.8207
4,1024,212,104,61.2915
4,1024,216,8,58.399
4,1024,216,12,66.8876
4,1024,216,16,72.0546
4,1024,216,20,75.3697
4,1024,216,24,66.3285
4,1024,216,28,56.258
4,1024,216,32,78.9956
4,1024,216,36,74.5305
4,1024,216,40,76.6206
4,1024,216,44,74.8413
4,1024,216,48,75.0848
4,1024,216,52,72.9374
4,1024,216,56,72.3975
4,1024,216,60,71.51
4,1024,216,64,71.385
4,1024,216,68,68.662
4,1024,216,72,70.2707
4,1024,216,76,68.1382
4,1024,216,80,69.0667
4,1024,216,84,68.1338
4,1024,216,88,66.5397
4,1024,216,92,64.9399
4,1024,216,96,64.0703
4,1024,216,100,62.5016
4,1024,216,104,61.6848
4,1024,216,108,60.3047
4,1024,220,8,47.8503
4,1024,220,12,64.1111
4,1024,220,16,69.4906
4,1024,220,20,73.7333
4,1024,220,24,73.2444
4,1024,220,28,73.1548
4,1024,220,32,76.4516
4,1024,220,36,75.2296
4,1024,220,40,75.1695
4,1024,220,44,70.5535
4,1024,220,48,74.1328
4,1024,220,52,72.158
4,1024,220,56,73.3461
4,1024,220,60,72.8287
4,1024,220,64,71.2215
4,1024,220,68,69.6824
4,1024,220,72,68.0125
4,1024,220,76,67.7173
4,1024,220,80,68.1647
4,1024,220,84,66.3542
4,1024,220,88,64.3544
4,1024,220,92,64.3125
4,1024,220,96,64.3208
4,1024,220,100,62.2389
4,1024,220,104,51.0734
4,1024,220,108,58.4118
4,1024,224,8,56.4125
4,1024,224,12,64.2196
4,1024,224,16,62.8226
4,1024,224,20,72.7535
4,1024,224,24,75.5302
4,1024,224,28,72.9135
4,1024,224,32,63.0306
4,1024,224,36,74.1568
4,1024,224,40,75.6658
4,1024,224,44,71.7426
4,1024,224,48,73.9314
4,1024,224,52,64.9014
4,1024,224,56,71.4011
4,1024,224,60,70.517
4,1024,224,64,70.3456
4,1024,224,68,67.6974
4,1024,224,72,57.4507
4,1024,224,76,66.3015
4,1024,224,80,66.8351
4,1024,224,84,67.8123
4,1024,224,88,67.0493
4,1024,224,92,63.7142
4,1024,224,96,63.9903
4,1024,224,100,62.0596
4,1024,224,104,60.251
4,1024,224,108,57.8453
4,1024,224,112,59.4216
4,1024,228,8,56.4202
4,1024,228,12,65.9505
4,1024,228,16,70.8777
4,1024,228,20,72.8869
4,1024,228,24,55.0805
4,1024,228,28,71.0006
4,1024,228,32,73.7949
4,1024,228,36,73.1056
4,1024,228,40,76.0324
4,1024,228,44,68.8643
4,1024,228,48,72.7686
4,1024,228,52,71.3204
4,1024,228,56,70.3224
4,1024,228,60,71.5938
4,1024,228,64,72.2154
4,1024,228,68,70.5974
4,1024,228,72,66.6726
4,1024,228,76,67.0787
4,1024,228,80,62.7203
4,1024,228,84,65.7097
4,1024,228,88,65.7199
4,1024,228,92,64.546
4,1024,228,96,64.2079
4,1024,228,100,49.5408
4,1024,228,104,59.8679
4,1024,228,108,59.1031
4,1024,228,112,57.082
4,1024,232,8,56.5926
4,1024,232,12,64.0067
4,1024,232,16,71.5085
4,1024,232,20,73.3111
4,1024,232,24,73.4359
4,1024,232,28,72.5017
4,1024,232,32,55.2592
4,1024,232,36,72.1628
4,1024,232,40,74.916
4,1024,232,44,70.2034
4,1024,232,48,73.0611
4,1024,232,52,57.5335
4,1024,232,56,58.4593
4,1024,232,60,71.3951
4,1024,232,64,71.4286
4,1024,232,68,70.517
4,1024,232,72,65.7554
4,1024,232,76,66.5806
4,1024,232,80,66.1581
4,1024,232,84,64.8885
4,1024,232,88,63.7227
4,1024,232,92,60.3164
4,1024,232,96,62.9094
4,1024,232,100,61.3697
4,1024,232,104,60.8203
4,1024,232,108,57.8727
4,1024,232,112,58.0273
4,1024,232,116,55.57
4,1024,236,8,56.5076
4,1024,236,12,50.0664
4,1024,236,16,70.1083
4,1024,236,20,71.2021
4,1024,236,24,73.8004
4,1024,236,28,73.0561
4,1024,236,32,73.4394
4,1024,236,36,73.9594
4,1024,236,40,71.2413
4,1024,236,44,69.4569
4,1024,236,48,69.662
4,1024,236,52,71.2417
4,1024,236,56,69.8664
4,1024,236,60,67.7645
4,1024,236,64,70.2755
4,1024,236,68,51.2992
4,1024,236,72,68.2763
4,1024,236,76,65.1664
4,1024,236,80,66.2428
4,1024,236,84,65.6539
4,1024,236,88,64.3758
4,1024,236,92,63.6878
4,1024,236,96,62.5978
4,1024,236,100,61.3925
4,1024,236,104,60.0886
4,1024,236,108,58.7361
4,1024,236,112,55.8985
4,1024,236,116,55.7522
4,1024,240,8,54.3264
4,1024,240,12,62.886
4,1024,240,16,68.4377
4,1024,240,20,67.347
4,1024,240,24,68.4306
4,1024,240,28,70.7794
4,1024,240,32,71.7833
4,1024,240,36,61.8956
4,1024,240,40,73.272
4,1024,240,44,71.2445
4,1024,240,48,63.8914
4,1024,240,52,68.211
4,1024,240,56,68.636
4,1024,240,60,65.5144
4,1024,240,64,68.5843
4,1024,240,68,66.4254
4,1024,240,72,67.9736
4,1024,240,76,52.3653
4,1024,240,80,64.6812
4,1024,240,84,63.8454
4,1024,240,88,55.1303
4,1024,240,92,63.2333
4,1024,240,96,62.9682
4,1024,240,100,60.1371
4,1024,240,104,60.6978
4,1024,240,108,58.4216
4,1024,240,112,57.0922
4,1024,240,116,45.0435
4,1024,240,120,55.5416
4,1024,244,8,43.4449
4,1024,244,12,56.6097
4,1024,244,16,68.4522
4,1024,244,20,70.5652
4,1024,244,24,71.6383
4,1024,244,28,73.5063
4,1024,244,32,72.2676
4,1024,244,36,71.2878
4,1024,244,40,71.7091
4,1024,244,44,68.077
4,1024,244,48,66.3838
4,1024,244,52,68.7332
4,1024,244,56,66.3879
4,1024,244,60,51.9302
4,1024,244,64,66.2974
4,1024,244,68,67.5056
4,1024,244,72,67.1272
4,1024,244,76,64.6566
4,1024,244,80,62.5335
4,1024,244,84,62.5459
4,1024,244,88,51.8358
4,1024,244,92,61.2893
4,1024,244,96,59.6332
4,1024,244,100,59.1927
4,1024,244,104,58.5921
4,1024,244,108,57.1767
4,1024,244,112,56.4134
4,1024,244,116,54.4136
4,1024,244,120,53.7489
4,1024,248,8,53.182
4,1024,248,12,61.1024
4,1024,248,16,68.3338
4,1024,248,20,64.3311
4,1024,248,24,64.4713
4,1024,248,28,71.0951
4,1024,248,32,71.7658
4,1024,248,36,71.5509
4,1024,248,40,71.6566
4,1024,248,44,70.4322
4,1024,248,48,71.0381
4,1024,248,52,69.0779
4,1024,248,56,69.2735
4,1024,248,60,64.6073
4,1024,248,64,66.6784
4,1024,248,68,66.0038
4,1024,248,72,65.1802
4,1024,248,76,63.3586
4,1024,248,80,62.225
4,1024,248,84,61.2808
4,1024,248,88,61.2159
4,1024,248,92,60.6348
4,1024,248,96,60.4101
4,1024,248,100,58.5723
4,1024,248,104,57.99
4,1024,248,108,56.7344
4,1024,248,112,56.4803
4,1024,248,116,54.631
4,1024,248,120,52.9346
4,1024,248,124,52.6215
4,1024,252,8,51.5621
4,1024,252,12,60.0247
4,1024,252,16,67.1623
4,1024,252,20,67.3089
4,1024,252,24,69.0572
4,1024,252,28,69.6838
4,1024,252,32,71.7291
4,1024,252,36,71.2478
4,1024,252,40,70.1931
4,1024,252,44,68.7978
4,1024,252,48,65.389
4,1024,252,52,67.319
4,1024,252,56,67.0408
4,1024,252,60,64.5329
4,1024,252,64,64.2175
4,1024,252,68,62.2594
4,1024,252,72,63.1175
4,1024,252,76,62.6012
4,1024,252,80,55.5417
4,1024,252,84,60.549
4,1024,252,88,59.7639
4,1024,252,92,44.5291
4,1024,252,96,59.1141
4,1024,252,100,58.1975
4,1024,252,104,57.5092
4,1024,252,108,55.0981
4,1024,252,112,54.3644
4,1024,252,116,53.0861
4,1024,252,120,50.7964
4,1024,252,124,49.8727
4,1024,256,8,46.8593
4,1024,256,12,53.7123
4,1024,256,16,60.6697
4,1024,256,20,60.9208
4,1024,256,24,63.0978
4,1024,256,28,59.4381
4,1024,256,32,62.1255
4,1024,256,36,64.6049
4,1024,256,40,66.2333
4,1024,256,44,66.0751
4,1024,256,48,60.4198
4,1024,256,52,55.3669
4,1024,256,56,65.5532
4,1024,256,60,62.8085
4,1024,256,64,63.4592
4,1024,256,68,61.5453
4,1024,256,72,61.815
4,1024,256,76,60.7448
4,1024,256,80,59.4045
4,1024,256,84,56.5579
4,1024,256,88,56.3798
4,1024,256,92,57.9925
4,1024,256,96,56.7848
4,1024,256,100,54.6985
4,1024,256,104,54.7785
4,1024,256,108,54.2215
4,1024,256,112,53.1905
4,1024,256,116,51.4044
4,1024,256,120,51.2586
4,1024,256,124,49.2135
4,1024,256,128,48.9847
4,1024,260,8,51.4833
4,1024,260,12,59.9983
4,1024,260,16,66.1879
4,1024,260,20,68.0345
4,1024,260,24,68.9628
4,1024,260,28,67.0515
4,1024,260,32,70.5831
4,1024,260,36,64.0425
4,1024,260,40,65.3239
4,1024,260,44,70.0282
4,1024,260,48,63.0961
4,1024,260,52,67.775
4,1024,260,56,67.1724
4,1024,260,60,66.1082
4,1024,260,64,63.9819
4,1024,260,68,64.417
4,1024,260,72,63.7755
4,1024,260,76,42.5899
4,1024,260,80,62.4508
4,1024,260,84,59.8145
4,1024,260,88,60.1497
4,1024,260,92,59.0181
4,1024,260,96,59.6179
4,1024,260,100,58.8068
4,1024,260,104,57.4343
4,1024,260,108,56.896
4,1024,260,112,55.655
4,1024,260,116,53.6474
4,1024,260,120,52.9732
4,1024,260,124,41.0679
4,1024,260,128,50.7982
4,1024,264,8,52.8871
4,1024,264,12,59.8312
4,1024,264,16,64.2989
4,1024,264,20,66.4125
4,1024,264,24,69.6398
4,1024,264,28,68.5233
4,1024,264,32,68.2233
4,1024,264,36,64.8487
4,1024,264,40,66.1814
4,1024,264,44,64.4037
4,1024,264,48,68.7693
4,1024,264,52,69.1423
4,1024,264,56,68.3878
4,1024,264,60,61.8836
4,1024,264,64,64.9942
4,1024,264,68,64.6712
4,1024,264,72,65.0703
4,1024,264,76,62.3407
4,1024,264,80,62.6019
4,1024,264,84,60.1091
4,1024,264,88,60.0356
4,1024,264,92,58.6608
4,1024,264,96,59.7293
4,1024,264,100,58.0996
4,1024,264,104,57.6066
4,1024,264,108,56.2652
4,1024,264,112,55.6282
4,1024,264,116,54.0718
4,1024,264,120,53.6678
4,1024,264,124,51.4765
4,1024,264,128,34.8256
4,1024,264,132,50.1987
4,1024,268,8,52.744
4,1024,268,12,59.3448
4,1024,268,16,65.3245
4,1024,268,20,67.7096
4,1024,268,24,65.8379
4,1024,268,28,68.5478
4,1024,268,32,68.3992
4,1024,268,36,70.3917
4,1024,268,40,64.7784
4,1024,268,44,67.902
4,1024,268,48,69.9843
4,1024,268,52,63.2302
4,1024,268,56,62.534
4,1024,268,60,62.238
4,1024,268,64,64.243
4,1024,268,68,63.7963
4,1024,268,72,62.2853
4,1024,268,76,62.4753
4,1024,268,80,60.3528
4,1024,268,84,60.1581
4,1024,268,88,57.0288
4,1024,268,92,58.4929
4,1024,268,96,57.3191
4,1024,268,100,57.3566
4,1024,268,104,56.9169
4,1024,268,108,54.2614
4,1024,268,112,53.2827
4,1024,268,116,53.6847
4,1024,268,120,52.8586
4,1024,268,124,51.306
4,1024,268,128,49.8705
4,1024,268,132,49.1233
4,1024,272,8,51.207
4,1024,272,12,59.0244
4,1024,272,16,64.8627
4,1024,272,20,66.4719
4,1024,272,24,68.6016
4,1024,272,28,65.2172
4,1024,272,32,68.1431
4,1024,272,36,66.3206
4,1024,272,40,68.1675
4,1024,272,44,67.1148
4,1024,272,48,65.4146
4,1024,272,52,67.1202
4,1024,272,56,62.6902
4,1024,272,60,64.5494
4,1024,272,64,65.0112
4,1024,272,68,63.0429
4,1024,272,72,63.032
4,1024,272,76,60.2565
4,1024,272,80,61.2127
4,1024,272,84,59.2757
4,1024,272,88,58.3311
4,1024,272,92,55.815
4,1024,272,96,57.2262
4,1024,272,100,45.9241
4,1024,272,104,56.8717
4,1024,272,108,53.6209
4,1024,272,112,55.0425
4,1024,272,116,53.6241
4,1024,272,120,52.717
4,1024,272,124,50.9768
4,1024,272,128,49.9055
4,1024,272,132,48.0284
4,1024,272,136,48.506
4,1024,276,8,48.8144
4,1024,276,12,55.7883
4,1024,276,16,62.0705
4,1024,276,20,64.0783
4,1024,276,24,64.5924
4,1024,276,28,64.3412
4,1024,276,32,67.3176
4,1024,276,36,67.2135
4,1024,276,40,67.437
4,1024,276,44,49.3559
4,1024,276,48,67.3171
4,1024,276,52,65.898
4,1024,276,56,65.7804
4,1024,276,60,60.449
4,1024,276,64,64.7797
4,1024,276,68,60.2944
4,1024,276,72,60.5143
4,1024,276,76,60.3741
4,1024,276,80,59.5954
4,1024,276,84,59.2912
4,1024,276,88,53.1346
4,1024,276,92,56.8519
4,1024,276,96,57.0373
4,1024,276,100,56.7659
4,1024,276,104,54.7677
4,1024,276,108,55.0976
4,1024,276,112,54.2278
4,1024,276,116,53.1782
4,1024,276,120,52.1757
4,1024,276,124,50.4377
4,1024,276,128,49.042
4,1024,276,132,48.6901
4,1024,276,136,47.111
4,1024,280,8,50.1252
4,1024,280,12,56.6061
4,1024,280,16,59.2976
4,1024,280,20,63.2235
4,1024,280,24,66.4378
4,1024,280,28,44.9226
4,1024,280,32,66.318
4,1024,280,36,64.7643
4,1024,280,40,65.4163
4,1024,280,44,56.2978
4,1024,280,48,66.2175
4,1024,280,52,64.9517
4,1024,280,56,62.2571
4,1024,280,60,63.1341
4,1024,280,64,63.1713
4,1024,280,68,59.6474
4,1024,280,72,60.5456
4,1024,280,76,53.6678
4,1024,280,80,58.6992
4,1024,280,84,58.6809
4,1024,280,88,56.6898
4,1024,280,92,54.7687
4,1024,280,96,55.5391
4,1024,280,100,55.2621
4,1024,280,104,55.8521
4,1024,280,108,54.3552
4,1024,280,112,54.0288
4,1024,280,116,52.3691
4,1024,280,120,50.5956
4,1024,280,124,50.808
4,1024,280,128,49.4177
4,1024,280,132,48.1804
4,1024,280,136,47.5124
4,1024,280,140,39.2008
4,1024,284,8,50.124
4,1024,284,12,56.9616
4,1024,284,16,61.3778
4,1024,284,20,62.8549
4,1024,284,24,63.4772
4,1024,284,28,64.2716
4,1024,284,32,66.9613
4,1024,284,36,65.6846
4,1024,284,40,64.6788
4,1024,284,44,61.9432
4,1024,284,48,61.1618
4,1024,284,52,64.2759
4,1024,284,56,59.1732
4,1024,284,60,59.1832
4,1024,284,64,61.5654
4,1024,284,68,58.402
4,1024,284,72,60.3776
4,1024,284,76,58.575
4,1024,284,80,59.3625
4,1024,284,84,57.8879
4,1024,284,88,57.0606
4,1024,284,92,54.8977
4,1024,284,96,55.0687
4,1024,284,100,54.5484
4,1024,284,104,54.2561
4,1024,284,108,53.2455
4,1024,284,112,53.1171
4,1024,284,116,51.6936
4,1024,284,120,50.968
4,1024,284,124,46.0502
4,1024,284,128,48.2388
4,1024,284,132,47.6786
4,1024,284,136,46.8091
4,1024,284,140,45.5086
4,1024,288,8,48.3989
4,1024,288,12,53.7703
4,1024,288,16,59.812
4,1024,288,20,62.6742
4,1024,288,24,64.1266
4,1024,288,28,63.8346
4,1024,288,32,65.7798
4,1024,288,36,64.5587
4,1024,288,40,64.6059
4,1024,288,44,61.805
4,1024,288,48,62.1245
4,1024,288,52,63.5942
4,1024,288,56,61.8163
4,1024,288,60,52.4304
4,1024,288,64,61.0714
4,1024,288,68,58.5724
4,1024,288,72,58.332
4,1024,288,76,58.9729
4,1024,288,80,58.8892
4,1024,288,84,56.9906
4,1024,288,88,55.611
4,1024,288,92,53.8472
4,1024,288,96,53.2025
4,1024,288,100,53.4775
4,1024,288,104,52.6583
4,1024,288,108,52.7395
4,1024,288,112,52.0518
4,1024,288,116,51.0495
4,1024,288,120,39.5966
4,1024,288,124,49.2601
4,1024,288,128,48.6264
4,1024,288,132,38.2286
4,1024,288,136,46.5657
4,1024,288,140,44.7726
4,1024,288,144,45.0223
4,1024,292,8,47.9762
4,1024,292,12,55.1212
4,1024,292,16,59.8266
4,1024,292,20,61.7514
4,1024,292,24,63.7791
4,1024,292,28,62.0068
4,1024,292,32,62.8473
4,1024,292,36,63.8151
4,1024,292,40,64.8667
4,1024,292,44,63.6225
4,1024,292,48,62.75
4,1024,292,52,60.9447
4,1024,292,56,61.5895
4,1024,292,60,59.7463
4,1024,292,64,60.4755
4,1024,292,68,59.3694
4,1024,292,72,57.2365
4,1024,292,76,57.3617
4,1024,292,80,57.0854
4,1024,292,84,56.3706
4,1024,292,88,54.0455
4,1024,292,92,53.8796
4,1024,292,96,48.2543
4,1024,292,100,52.7818
4,1024,292,104,51.9084
4,1024,292,108,51.4689
4,1024,292,112,41.2233
4,1024,292,116,49.4477
4,1024,292,120,50.0802
4,1024,292,124,48.7129
4,1024,292,128,48.0362
4,1024,292,132,46.8524
4,1024,292,136,46.2659
4,1024,292,140,44.5317
4,1024,292,144,43.9966
4,1024,296,8,47.3733
4,1024,296,12,53.6233
4,1024,296,16,58.904
4,1024,296,20,59.7661
4,1024,296,24,61.1303
4,1024,296,28,61.6562
4,1024,296,32,64.4111
4,1024,296,36,63.4208
4,1024,296,40,54.0743
4,1024,296,44,60.2549
4,1024,296,48,61.0855
4,1024,296,52,59.9706
4,1024,296,56,58.4351
4,1024,296,60,60.1562
4,1024,296,64,59.1641
4,1024,296,68,57.9352
4,1024,296,72,54.5804
4,1024,296,76,55.062
4,1024,296,80,56.2887
4,1024,296,84,55.0273
4,1024,296,88,55.5642
4,1024,296,92,53.0992
4,1024,296,96,51.9887
4,1024,296,100,52.5357
4,1024,296,104,52.1404
4,1024,296,108,51.3581
4,1024,296,112,50.9321
4,1024,296,116,50.3032
4,1024,296,120,49.573
4,1024,296,124,48.2629
4,1024,296,128,47.1756
4,1024,296,132,46.021
4,1024,296,136,45.845
4,1024,296,140,37.1381
4,1024,296,144,40.8489
4,1024,296,148,43.3054
4,1024,300,8,46.097
4,1024,300,12,52.8441
4,1024,300,16,58.9409
4,1024,300,20,60.1942
4,1024,300,24,60.947
4,1024,300,28,61.0415
4,1024,300,32,62.3548
4,1024,300,36,61.118
4,1024,300,40,61.203
4,1024,300,44,58.9989
4,1024,300,48,61.2417
4,1024,300,52,59.7473
4,1024,300,56,58.283
4,1024,300,60,57.1663
4,1024,300,64,58.1567
4,1024,300,68,54.6302
4,1024,300,72,57.3995
4,1024,300,76,55.8405
4,1024,300,80,44.5293
4,1024,300,84,54.8631
4,1024,300,88,53.8972
4,1024,300,92,52.9278
4,1024,300,96,52.1985
4,1024,300,100,51.1582
4,1024,300,104,50.3086
4,1024,300,108,50.4001
4,1024,300,112,50.2505
4,1024,300,116,49.3456
4,1024,300,120,48.5181
4,1024,300,124,45.0828
4,1024,300,128,46.7749
4,1024,300,132,45.2588
4,1024,300,136,44.3088
4,1024,300,140,44.034
4,1024,300,144,42.9663
4,1024,300,148,41.8065
4,1024,304,8,45.1866
4,1024,304,12,51.1658
4,1024,304,16,56.0458
4,1024,304,20,58.2689
4,1024,304,24,60.3705
4,1024,304,28,59.9528
4,1024,304,32,61.1451
4,1024,304,36,60.9868
4,1024,304,40,60.4444
4,1024,304,44,60.2461
4,1024,304,48,58.406
4,1024,304,52,59.6933
4,1024,304,56,57.0045
4,1024,304,60,56.1022
4,1024,304,64,57.2631
4,1024,304,68,56.312
4,1024,304,72,53.3065
4,1024,304,76,54.8632
4,1024,304,80,55.5958
4,1024,304,84,54.6292
4,1024,304,88,53.7915
4,1024,304,92,52.0396
4,1024,304,96,51.428
4,1024,304,100,50.5892
4,1024,304,104,50.7341
4,1024,304,108,49.8521
4,1024,304,112,49.4783
4,1024,304,116,48.9749
4,1024,304,120,47.7308
4,1024,304,124,45.7093
4,1024,304,128,46.362
4,1024,304,132,45.1529
4,1024,304,136,45.1587
4,1024,304,140,43.8052
4,1024,304,144,42.6901
4,1024,304,148,41.4442
4,1024,304,152,41.6616
4,1024,308,8,36.5898
4,1024,308,12,51.4678
4,1024,308,16,56.5909
4,1024,308,20,58.1772
4,1024,308,24,60.2659
4,1024,308,28,59.3434
4,1024,308,32,60.8657
4,1024,308,36,60.0515
4,1024,308,40,60.0969
4,1024,308,44,59.424
4,1024,308,48,60.2978
4,1024,308,52,58.754
4,1024,308,56,58.3149
4,1024,308,60,57.0149
4,1024,308,64,55.4039
4,1024,308,68,54.3026
4,1024,308,72,53.3622
4,1024,308,76,53.8445
4,1024,308,80,54.1415
4,1024,308,84,53.6964
4,1024,308,88,52.3308
4,1024,308,92,51.617
4,1024,308,96,50.7835
4,1024,308,100,49.7077
4,1024,308,104,49.5001
4,1024,308,108,48.7703
4,1024,308,112,48.4518
4,1024,308,116,48.0248
4,1024,308,120,47.7859
4,1024,308,124,46.2374
4,1024,308,128,46.0503
4,1024,308,132,45.7298
4,1024,308,136,44.406
4,1024,308,140,43.6567
4,1024,308,144,42.7762
4,1024,308,148,41.7314
4,1024,308,152,40.5641
4,1024,312,8,43.18
4,1024,312,12,50.2555
4,1024,312,16,54.8555
4,1024,312,20,57.1942
4,1024,312,24,59.5186
4,1024,312,28,57.2391
4,1024,312,32,59.7813
4,1024,312,36,59.3959
4,1024,312,40,59.826
4,1024,312,44,57.9699
4,1024,312,48,58.7895
4,1024,312,52,57.2791
4,1024,312,56,56.3372
4,1024,312,60,55.7778
4,1024,312,64,56.1753
4,1024,312,68,55.6468
4,1024,312,72,53.6393
4,1024,312,76,53.0669
4,1024,312,80,53.3109
4,1024,312,84,52.7466
4,1024,312,88,52.3288
4,1024,312,92,51.1125
4,1024,312,96,41.9933
4,1024,312,100,48.7688
4,1024,312,104,48.3872
4,1024,312,108,47.2139
4,1024,312,112,48.3934
4,1024,312,116,43.253
4,1024,312,120,46.8175
4,1024,312,124,45.1587
4,1024,312,128,45.9538
4,1024,312,132,38.162
4,1024,312,136,43.5205
4,1024,312,140,42.8359
4,1024,312,144,42.5336
4,1024,312,148,41.3351
4,1024,312,152,40.6263
4,1024,312,156,34.1477
4,1024,316,8,42.2111
4,1024,316,12,47.7656
4,1024,316,16,54.6315
4,1024,316,20,52.1305
4,1024,316,24,57.6402
4,1024,316,28,56.9941
4,1024,316,32,57.3922
4,1024,316,36,56.5254
4,1024,316,40,57.1743
4,1024,316,44,56.0794
4,1024,316,48,56.9895
4,1024,316,52,55.2709
4,1024,316,56,56.1577
4,1024,316,60,54.9411
4,1024,316,64,53.1708
4,1024,316,68,53.4604
4,1024,316,72,52.2211
4,1024,316,76,51.0275
4,1024,316,80,51.2656
4,1024,316,84,49.2734
4,1024,316,88,42.435
4,1024,316,92,50.0388
4,1024,316,96,39.3661
4,1024,316,100,47.8329
4,1024,316,104,46.7485
4,1024,316,108,47.075
4,1024,316,112,46.9103
4,1024,316,116,45.5805
4,1024,316,120,45.1466
4,1024,316,124,45.3024
4,1024,316,128,44.3294
4,1024,316,132,44.0308
4,1024,316,136,43.0151
4,1024,316,140,42.1446
4,1024,316,144,41.571
4,1024,316,148,33.0305
4,1024,316,152,39.8947
4,1024,316,156,39.0411
4,1024,320,8,40.9063
4,1024,320,12,46.544
4,1024,320,16,52.562
4,1024,320,20,53.5044
4,1024,320,24,54.646
4,1024,320,28,54.0776
4,1024,320,32,56.9147
4,1024,320,36,55.5677
4,1024,320,40,56.7068
4,1024,320,44,54.1245
4,1024,320,48,56.608
4,1024,320,52,53.6358
4,1024,320,56,53.4783
4,1024,320,60,51.525
4,1024,320,64,37.3964
4,1024,320,68,52.8636
4,1024,320,72,51.9567
4,1024,320,76,49.968
4,1024,320,80,50.9471
4,1024,320,84,49.9621
4,1024,320,88,49.4299
4,1024,320,92,48.2474
4,1024,320,96,44.9133
4,1024,320,100,47.0243
4,1024,320,104,46.1935
4,1024,320,108,46.0633
4,1024,320,112,45.6123
4,1024,320,116,45.3707
4,1024,320,120,44.5161
4,1024,320,124,44.2788
4,1024,320,128,43.8449
4,1024,320,132,42.3106
4,1024,320,136,42.4807
4,1024,320,140,41.4808
4,1024,320,144,41.1284
4,1024,320,148,40.0409
4,1024,320,152,39.4478
4,1024,320,156,38.8735
4,1024,320,160,38.3332
4,1024,324,8,40.5709
4,1024,324,12,46.5591
4,1024,324,16,51.6531
4,1024,324,20,52.427
4,1024,324,24,55.1686
4,1024,324,28,54.3618
4,1024,324,32,56.0938
4,1024,324,36,55.1589
4,1024,324,40,55.8093
4,1024,324,44,54.6197
4,1024,324,48,55.7486
4,1024,324,52,54.4387
4,1024,324,56,54.8912
4,1024,324,60,53.6672
4,1024,324,64,53.3217
4,1024,324,68,51.473
4,1024,324,72,51.0089
4,1024,324,76,50.647
4,1024,324,80,50.1308
4,1024,324,84,49.8778
4,1024,324,88,49.2505
4,1024,324,92,48.1115
4,1024,324,96,48.5889
4,1024,324,100,47.1646
4,1024,324,104,46.2356
4,1024,324,108,45.6374
4,1024,324,112,45.3514
4,1024,324,116,45.2247
4,1024,324,120,44.5608
4,1024,324,124,44.1963
4,1024,324,128,43.1976
4,1024,324,132,42.5243
4,1024,324,136,42.4583
4,1024,324,140,41.3996
4,1024,324,144,41.0536
4,1024,324,148,39.8291
4,1024,324,152,39.2185
4,1024,324,156,37.8509
4,1024,324,160,37.376
4,1024,328,8,39.9474
4,1024,328,12,45.1545
4,1024,328,16,50.0726
4,1024,328,20,50.8002
4,1024,328,24,53.5
4,1024,328,28,54.1139
4,1024,328,32,54.7943
4,1024,328,36,54.2521
4,1024,328,40,54.8047
4,1024,328,44,54.0231
4,1024,328,48,54.8752
4,1024,328,52,53.7401
4,1024,328,56,53.1032
4,1024,328,60,51.5855
4,1024,328,64,52.1695
4,1024,328,68,50.7397
4,1024,328,72,50.1016
4,1024,328,76,48.7363
4,1024,328,80,49.2583
4,1024,328,84,49.1449
4,1024,328,88,43.2436
4,1024,328,92,47.8746
4,1024,328,96,46.8197
4,1024,328,100,46.1147
4,1024,328,104,37.43
4,1024,328,108,44.2273
4,1024,328,112,43.9092
4,1024,328,116,43.9261
4,1024,328,120,43.5306
4,1024,328,124,42.8549
4,1024,328,128,42.9617
4,1024,328,132,41.3688
4,1024,328,136,41.8063
4,1024,328,140,40.0462
4,1024,328,144,40.3986
4,1024,328,148,39.247
4,1024,328,152,38.6534
4,1024,328,156,37.3266
4,1024,328,160,37.1052
4,1024,328,164,36.2708
4,1024,332,8,38.8408
4,1024,332,12,43.5077
4,1024,332,16,49.5442
4,1024,332,20,51.1919
4,1024,332,24,52.8493
4,1024,332,28,53.1219
4,1024,332,32,53.7671
4,1024,332,36,52.6002
4,1024,332,40,52.4321
4,1024,332,44,52.0026
4,1024,332,48,53.6418
4,1024,332,52,52.7753
4,1024,332,56,43.2732
4,1024,332,60,50.343
4,1024,332,64,50.4631
4,1024,332,68,50.5695
4,1024,332,72,50.7706
4,1024,332,76,48.4867
4,1024,332,80,47.7168
4,1024,332,84,47.1813
4,1024,332,88,47.7168
4,1024,332,92,46.9091
4,1024,332,96,46.1368
4,1024,332,100,44.9496
4,1024,332,104,40.8323
4,1024,332,108,43.0328
4,1024,332,112,42.9247
4,1024,332,116,42.3907
4,1024,332,120,42.8341
4,1024,332,124,42.1208
4,1024,332,128,41.9392
4,1024,332,132,41.2733
4,1024,332,136,40.5766
4,1024,332,140,36.5944
4,1024,332,144,38.9446
4,1024,332,148,38.0846
4,1024,332,152,37.264
4,1024,332,156,37.1038
4,1024,332,160,36.5004
4,1024,332,164,35.5347
4,1024,336,8,37.0459
4,1024,336,12,42.78
4,1024,336,16,47.9589
4,1024,336,20,49.0546
4,1024,336,24,49.5286
4,1024,336,28,50.9276
4,1024,336,32,52.282
4,1024,336,36,51.8077
4,1024,336,40,52.5045
4,1024,336,44,50.9221
4,1024,336,48,52.3312
4,1024,336,52,50.9888
4,1024,336,56,48.9171
4,1024,336,60,49.535
4,1024,336,64,49.2531
4,1024,336,68,40.079
4,1024,336,72,44.9417
4,1024,336,76,47.896
4,1024,336,80,47.6726
4,1024,336,84,46.7643
4,1024,336,88,46.542
4,1024,336,92,44.9106
4,1024,336,96,45.0064
4,1024,336,100,44.245
4,1024,336,104,44.3342
4,1024,336,108,43.1577
4,1024,336,112,40.4209
4,1024,336,116,42.1781
4,1024,336,120,41.8477
4,1024,336,124,41.5251
4,1024,336,128,38.221
4,1024,336,132,40.7167
4,1024,336,136,40.1028
4,1024,336,140,39.5298
4,1024,336,144,38.297
4,1024,336,148,38.1727
4,1024,336,152,31.9241
4,1024,336,156,32.9772
4,1024,336,160,36.0707
4,1024,336,164,35.1511
4,1024,336,168,34.7431
4,1024,340,8,36.8358
4,1024,340,12,42.4371
4,1024,340,16,41.6149
4,1024,340,20,49.2316
4,1024,340,24,50.5411
4,1024,340,28,49.798
4,1024,340,32,52.2343
4,1024,340,36,51.7609
4,1024,340,40,51.5555
4,1024,340,44,50.9477
4,1024,340,48,51.5137
4,1024,340,52,50.687
4,1024,340,56,49.2877
4,1024,340,60,49.8624
4,1024,340,64,48.7117
4,1024,340,68,48.1993
4,1024,340,72,48.021
4,1024,340,76,47.3189
4,1024,340,80,47.1189
4,1024,340,84,37.7732
4,1024,340,88,45.74
4,1024,340,92,44.7696
4,1024,340,96,44.8644
4,1024,340,100,42.6112
4,1024,340,104,42.7235
4,1024,340,108,41.6437
4,1024,340,112,41.4833
4,1024,340,116,40.604
4,1024,340,120,40.3075
4,1024,340,124,40.4058
4,1024,340,128,40.0999
4,1024,340,132,40.0728
4,1024,340,136,39.5468
4,1024,340,140,38.715
4,1024,340,144,38.4524
4,1024,340,148,33.097
4,1024,340,152,36.8343
4,1024,340,156,36.0669
4,1024,340,160,35.0574
4,1024,340,164,29.9737
4,1024,340,168,33.5352
4,1024,344,8,36.1896
4,1024,344,12,42.8036
4,1024,344,16,47.7591
4,1024,344,20,47.8314
4,1024,344,24,51.2946
4,1024,344,28,50.936
4,1024,344,32,52.6929
4,1024,344,36,52.2839
4,1024,344,40,52.8504
4,1024,344,44,51.2716
4,1024,344,48,52.3484
4,1024,344,52,51.0621
4,1024,344,56,51.1937
4,1024,344,60,46.7123
4,1024,344,64,50.1354
4,1024,344,68,49.1091
4,1024,344,72,49.2882
4,1024,344,76,48.6366
4,1024,344,80,48.3676
4,1024,344,84,46.6848
4,1024,344,88,38.6799
4,1024,344,92,44.8072
4,1024,344,96,44.8685
4,1024,344,100,42.4837
4,1024,344,104,44.1833
4,1024,344,108,43.2092
4,1024,344,112,42.5917
4,1024,344,116,41.6857
4,1024,344,120,42.4589
4,1024,344,124,41.6369
4,1024,344,128,41.6788
4,1024,344,132,39.5247
4,1024,344,136,40.5742
4,1024,344,140,33.1543
4,1024,344,144,39.6349
4,1024,344,148,38.7213
4,1024,344,152,37.3557
4,1024,344,156,37.0151
4,1024,344,160,36.1027
4,1024,344,164,35.9167
4,1024,344,168,35.5819
4,1024,344,172,34.5346
4,1024,348,8,36.7249
4,1024,348,12,42.6341
4,1024,348,16,47.6215
4,1024,348,20,48.9551
4,1024,348,24,50.9472
4,1024,348,28,50.8154
4,1024,348,32,52.7685
4,1024,348,36,52.5134
4,1024,348,40,52.9179
4,1024,348,44,51.1727
4,1024,348,48,49.2084
4,1024,348,52,51.1727
4,1024,348,56,50.7085
4,1024,348,60,49.8534
4,1024,348,64,49.81
4,1024,348,68,48.9566
4,1024,348,72,48.7891
4,1024,348,76,47.274
4,1024,348,80,46.9383
4,1024,348,84,46.9295
4,1024,348,88,45.7436
4,1024,348,92,45.7989
4,1024,348,96,46.0003
4,1024,348,100,44.7741
4,1024,348,104,43.997
4,1024,348,108,42.6727
4,1024,348,112,42.4165
4,1024,348,116,41.0042
4,1024,348,120,42.0094
4,1024,348,124,41.2261
4,1024,348,128,41.25
4,1024,348,132,40.6777
4,1024,348,136,39.0018
4,1024,348,140,38.0304
4,1024,348,144,38.9868
4,1024,348,148,38.3507
4,1024,348,152,37.3002
4,1024,348,156,36.5457
4,1024,348,160,35.8144
4,1024,348,164,35.284
4,1024,348,168,33.7216
4,1024,348,172,34.2613
4,1024,352,8,35.3687
4,1024,352,12,40.9231
4,1024,352,16,46.9915
4,1024,352,20,47.9643
4,1024,352,24,50.0877
4,1024,352,28,49.7888
4,1024,352,32,50.5263
4,1024,352,36,51.2688
4,1024,352,40,50.8181
4,1024,352,44,49.9883
4,1024,352,48,50.5588
4,1024,352,52,50.2544
4,1024,352,56,50.5086
4,1024,352,60,49.3012
4,1024,352,64,49.3992
4,1024,352,68,48.155
4,1024,352,72,48.2981
4,1024,352,76,47.2061
4,1024,352,80,46.2197
4,1024,352,84,46.1407
4,1024,352,88,44.891
4,1024,352,92,45.6987
4,1024,352,96,45.3391
4,1024,352,100,44.7149
4,1024,352,104,44.0051
4,1024,352,108,36.6173
4,1024,352,112,42.3219
4,1024,352,116,41.0956
4,1024,352,120,41.9341
4,1024,352,124,40.3686
4,1024,352,128,40.7229
4,1024,352,132,40.2287
4,1024,352,136,25.1409
4,1024,352,140,39.3375
4,1024,352,144,39.0035
4,1024,352,148,38.3737
4,1024,352,152,37.7699
4,1024,352,156,36.9693
4,1024,352,160,36.0881
4,1024,352,164,35.2518
4,1024,352,168,35.1908
4,1024,352,172,34.008
4,1024,352,176,34.3027
4,1024,356,8,36.2836
4,1024,356,12,41.584
4,1024,356,16,47.2387
4,1024,356,20,48.5059
4,1024,356,24,49.4656
4,1024,356,28,49.5821
4,1024,356,32,51.7859
4,1024,356,36,51.531
4,1024,356,40,52.319
4,1024,356,44,50.5424
4,1024,356,48,51.5551
4,1024,356,52,50.8708
4,1024,356,56,50.822
4,1024,356,60,49.3991
4,1024,356,64,49.6278
4,1024,356,68,48.3517
4,1024,356,72,48.001
4,1024,356,76,47.761
4,1024,356,80,47.8754
4,1024,356,84,46.606
4,1024,356,88,45.6938
4,1024,356,92,44.8156
4,1024,356,96,45.2631
4,1024,356,100,43.3777
4,1024,356,104,43.5604
4,1024,356,108,42.3404
4,1024,356,112,42.475
4,1024,356,116,41.6026
4,1024,356,120,41.2544
4,1024,356,124,40.5459
4,1024,356,128,35.0162
4,1024,356,132,30.2125
4,1024,356,136,38.9134
4,1024,356,140,39.3201
4,1024,356,144,38.9151
4,1024,356,148,38.018
4,1024,356,152,37.8326
4,1024,356,156,36.8086
4,1024,356,160,36.5298
4,1024,356,164,34.7104
4,1024,356,168,35.1733
4,1024,356,172,34.2667
4,1024,356,176,33.7774
4,1024,360,8,35.8769
4,1024,360,12,41.7078
4,1024,360,16,46.5065
4,1024,360,20,48.3055
4,1024,360,24,50.5731
4,1024,360,28,49.242
4,1024,360,32,50.3221
4,1024,360,36,51.3164
4,1024,360,40,51.8974
4,1024,360,44,46.7836
4,1024,360,48,50.9268
4,1024,360,52,49.7714
4,1024,360,56,50.1288
4,1024,360,60,49.1566
4,1024,360,64,48.7097
4,1024,360,68,48.6524
4,1024,360,72,48.411
4,1024,360,76,47.7333
4,1024,360,80,47.6458
4,1024,360,84,46.7694
4,1024,360,88,45.3487
4,1024,360,92,45.3947
4,1024,360,96,45.4706
4,1024,360,100,44.4239
4,1024,360,104,43.728
4,1024,360,108,42.8317
4,1024,360,112,42.7421
4,1024,360,116,41.4248
4,1024,360,120,41.485
4,1024,360,124,40.9937
4,1024,360,128,40.8524
4,1024,360,132,39.555
4,1024,360,136,39.6139
4,1024,360,140,37.448
4,1024,360,144,39.3519
4,1024,360,148,38.223
4,1024,360,152,37.8117
4,1024,360,156,36.8661
4,1024,360,160,36.0888
4,1024,360,164,35.2414
4,1024,360,168,34.5128
4,1024,360,172,34.7359
4,1024,360,176,33.924
4,1024,360,180,33.2116
4,1024,364,8,35.8709
4,1024,364,12,41.1007
4,1024,364,16,46.0185
4,1024,364,20,38.5754
4,1024,364,24,49.4218
4,1024,364,28,49.8217
4,1024,364,32,51.2404
4,1024,364,36,49.3523
4,1024,364,40,51.0137
4,1024,364,44,50.4797
4,1024,364,48,50.2198
4,1024,364,52,49.7811
4,1024,364,56,49.1973
4,1024,364,60,47.9384
4,1024,364,64,48.7327
4,1024,364,68,48.1194
4,1024,364,72,47.5467
4,1024,364,76,47.3521
4,1024,364,80,45.9533
4,1024,364,84,45.7927
4,1024,364,88,44.8119
4,1024,364,92,44.8477
4,1024,364,96,44.8556
4,1024,364,100,43.1633
4,1024,364,104,43.047
4,1024,364,108,42.7082
4,1024,364,112,42.5535
4,1024,364,116,40.9781
4,1024,364,120,40.5974
4,1024,364,124,40.0661
4,1024,364,128,39.8141
4,1024,364,132,39.13
4,1024,364,136,39.1134
4,1024,364,140,38.7254
4,1024,364,144,38.2897
4,1024,364,148,38.2708
4,1024,364,152,37.3498
4,1024,364,156,36.7198
4,1024,364,160,36.5366
4,1024,364,164,35.8691
4,1024,364,168,33.1482
4,1024,364,172,33.6054
4,1024,364,176,33.4898
4,1024,364,180,33.2814
4,1024,368,8,34.9948
4,1024,368,12,40.3555
4,1024,368,16,45.9425
4,1024,368,20,46.8249
4,1024,368,24,49.0843
4,1024,368,28,48.1084
4,1024,368,32,50.3703
4,1024,368,36,49.1144
4,1024,368,40,49.9087
4,1024,368,44,49.0358
4,1024,368,48,50.0816
4,1024,368,52,49.0597
4,1024,368,56,48.486
4,1024,368,60,47.7676
4,1024,368,64,48.0776
4,1024,368,68,47.2451
4,1024,368,72,46.3946
4,1024,368,76,46.2314
4,1024,368,80,46.6402
4,1024,368,84,45.3287
4,1024,368,88,44.747
4,1024,368,92,44.3001
4,1024,368,96,44.3027
4,1024,368,100,43.5051
4,1024,368,104,43.1885
4,1024,368,108,41.6472
4,1024,368,112,41.9604
4,1024,368,116,39.8132
4,1024,368,120,33.1796
4,1024,368,124,32.4516
4,1024,368,128,39.811
4,1024,368,132,38.9151
4,1024,368,136,39.2161
4,1024,368,140,38.3117
4,1024,368,144,38.4462
4,1024,368,148,37.4869
4,1024,368,152,36.9615
4,1024,368,156,36.0496
4,1024,368,160,36.0138
4,1024,368,164,34.7456
4,1024,368,168,34.9727
4,1024,368,172,34.1255
4,1024,368,176,33.5999
4,1024,368,180,32.9107
4,1024,368,184,32.4774
4,1024,372,8,35.3148
4,1024,372,12,40.9109
4,1024,372,16,45.658
4,1024,372,20,47.1936
4,1024,372,24,48.492
4,1024,372,28,48.3555
4,1024,372,32,50.3881
4,1024,372,36,48.0405
4,1024,372,40,50.3699
4,1024,372,44,49.0952
4,1024,372,48,50.288
4,1024,372,52,49.534
4,1024,372,56,49.1519
4,1024,372,60,48.1716
4,1024,372,64,32.1214
4,1024,372,68,47.6918
4,1024,372,72,47.2985
4,1024,372,76,46.2868
4,1024,372,80,46.6434
4,1024,372,84,45.3591
4,1024,372,88,44.7632
4,1024,372,92,43.7389
4,1024,372,96,44.0129
4,1024,372,100,43.543
4,1024,372,104,33.1262
4,1024,372,108,42.0621
4,1024,372,112,41.8925
4,1024,372,116,40.3484
4,1024,372,120,39.884
4,1024,372,124,39.2088
4,1024,372,128,38.9434
4,1024,372,132,39.3258
4,1024,372,136,39.0289
4,1024,372,140,38.1343
4,1024,372,144,37.7843
4,1024,372,148,36.323
4,1024,372,152,36.9497
4,1024,372,156,36.3085
4,1024,372,160,35.8578
4,1024,372,164,35.4485
4,1024,372,168,34.4791
4,1024,372,172,33.9417
4,1024,372,176,33.4625
4,1024,372,180,33.0531
4,1024,372,184,32.1578
4,1024,376,8,35.0744
4,1024,376,12,40.0363
4,1024,376,16,45.2303
4,1024,376,20,46.5236
4,1024,376,24,48.4596
4,1024,376,28,47.8529
4,1024,376,32,50.4463
4,1024,376,36,49.5219
4,1024,376,40,50.1331
4,1024,376,44,44.6831
4,1024,376,48,49.1985
4,1024,376,52,47.9787
4,1024,376,56,47.456
4,1024,376,60,47.3118
4,1024,376,64,48.1419
4,1024,376,68,46.8439
4,1024,376,72,47.3179
4,1024,376,76,46.2499
4,1024,376,80,45.8738
4,1024,376,84,45.2298
4,1024,376,88,44.7645
4,1024,376,92,37.6339
4,1024,376,96,44.0834
4,1024,376,100,42.6075
4,1024,376,104,41.9507
4,1024,376,108,42.2633
4,1024,376,112,41.8661
4,1024,376,116,40.7019
4,1024,376,120,40.0126
4,1024,376,124,39.368
4,1024,376,128,38.7972
4,1024,376,132,38.5859
4,1024,376,136,38.4829
4,1024,376,140,37.6906
4,1024,376,144,37.7753
4,1024,376,148,37.0201
4,1024,376,152,37.315
4,1024,376,156,35.858
4,1024,376,160,36.1301
4,1024,376,164,34.0451
4,1024,376,168,34.5059
4,1024,376,172,34.1808
4,1024,376,176,33.3253
4,1024,376,180,32.5675
4,1024,376,184,31.5947
4,1024,376,188,27.4347
4,1024,380,8,34.4901
4,1024,380,12,39.8156
4,1024,380,16,45.2517
4,1024,380,20,46.6092
4,1024,380,24,48.1023
4,1024,380,28,48.0368
4,1024,380,32,48.9289
4,1024,380,36,48.167
4,1024,380,40,48.9597
4,1024,380,44,48.2205
4,1024,380,48,49.4371
4,1024,380,52,48.4428
4,1024,380,56,47.8323
4,1024,380,60,47.5681
4,1024,380,64,47.6603
4,1024,380,68,46.1064
4,1024,380,72,46.2033
4,1024,380,76,45.4954
4,1024,380,80,45.6408
4,1024,380,84,44.9725
4,1024,380,88,43.866
4,1024,380,92,43.2748
4,1024,380,96,43.0103
4,1024,380,100,42.0147
4,1024,380,104,42.021
4,1024,380,108,38.2981
4,1024,380,112,34.4388
4,1024,380,116,40.3512
4,1024,380,120,39.6525
4,1024,380,124,38.2769
4,1024,380,128,38.2154
4,1024,380,132,38.1255
4,1024,380,136,37.7351
4,1024,380,140,34.1871
4,1024,380,144,37.1546
4,1024,380,148,36.6024
4,1024,380,152,33.8327
4,1024,380,156,35.7312
4,1024,380,160,35.3254
4,1024,380,164,34.8632
4,1024,380,168,33.9032
4,1024,380,172,33.7294
4,1024,380,176,32.9946
4,1024,380,180,32.1946
4,1024,380,184,32.062
4,1024,380,188,31.5066
4,1024,384,8,32.634
4,1024,384,12,37.2553
4,1024,384,16,41.1484
4,1024,384,20,43.258
4,1024,384,24,45.1834
4,1024,384,28,45.2803
4,1024,384,32,46.7007
4,1024,384,36,47.1246
4,1024,384,40,47.385
4,1024,384,44,45.7438
4,1024,384,48,47.177
4,1024,384,52,46.285
4,1024,384,56,45.9569
4,1024,384,60,45.517
4,1024,384,64,45.1343
4,1024,384,68,44.63
4,1024,384,72,44.6362
4,1024,384,76,42.8617
4,1024,384,80,43.2923
4,1024,384,84,43.162
4,1024,384,88,42.6897
4,1024,384,92,41.5949
4,1024,384,96,40.9684
4,1024,384,100,38.1596
4,1024,384,104,41.1901
4,1024,384,108,40.1735
4,1024,384,112,39.6367
4,1024,384,116,32.9713
4,1024,384,120,38.2229
4,1024,384,124,37.1044
4,1024,384,128,36.5392
4,1024,384,132,36.9979
4,1024,384,136,36.8198
4,1024,384,140,35.9339
4,1024,384,144,36.2395
4,1024,384,148,35.2919
4,1024,384,152,35.6108
4,1024,384,156,34.7256
4,1024,384,160,34.2038
4,1024,384,164,33.4381
4,1024,384,168,31.8069
4,1024,384,172,32.5118
4,1024,384,176,32.2895
4,1024,384,180,31.4672
4,1024,384,184,30.9476
4,1024,384,188,30.2204
4,1024,384,192,29.9055
4,1024,388,8,33.9986
4,1024,388,12,32.9261
4,1024,388,16,43.7798
4,1024,388,20,45.2938
4,1024,388,24,46.9545
4,1024,388,28,47.2375
4,1024,388,32,48.8722
4,1024,388,36,48.1062
4,1024,388,40,47.5084
4,1024,388,44,46.827
4,1024,388,48,48.5532
4,1024,388,52,47.6871
4,1024,388,56,47.7307
4,1024,388,60,46.5052
4,1024,388,64,46.5884
4,1024,388,68,43.2005
4,1024,388,72,45.97
4,1024,388,76,30.5975
4,1024,388,80,45.1384
4,1024,388,84,44.4934
4,1024,388,88,43.9208
4,1024,388,92,43.0949
4,1024,388,96,42.3332
4,1024,388,100,41.7899
4,1024,388,104,41.7254
4,1024,388,108,40.5457
4,1024,388,112,40.8918
4,1024,388,116,40.1086
4,1024,388,120,38.5658
4,1024,388,124,38.2071
4,1024,388,128,37.2094
4,1024,388,132,37.5373
4,1024,388,136,37.0916
4,1024,388,140,36.8543
4,1024,388,144,36.7851
4,1024,388,148,36.4781
4,1024,388,152,33.9274
4,1024,388,156,35.5536
4,1024,388,160,34.6467
4,1024,388,164,34.2142
4,1024,388,168,33.8441
4,1024,388,172,33.4272
4,1024,388,176,32.9554
4,1024,388,180,32.1171
4,1024,388,184,31.1085
4,1024,388,188,31.0204
4,1024,388,192,30.6486
4,1024,392,8,33.3088
4,1024,392,12,38.4992
4,1024,392,16,43.0822
4,1024,392,20,44.3023
4,1024,392,24,46.4305
4,1024,392,28,46.9726
4,1024,392,32,48.4774
4,1024,392,36,48.1025
4,1024,392,40,48.3814
4,1024,392,44,47.5369
4,1024,392,48,47.5246
4,1024,392,52,47.4663
4,1024,392,56,47.6629
4,1024,392,60,46.5052
4,1024,392,64,46.1805
4,1024,392,68,45.2958
4,1024,392,72,45.7528
4,1024,392,76,44.4479
4,1024,392,80,36.28
4,1024,392,84,43.7382
4,1024,392,88,43.1632
4,1024,392,92,42.2173
4,1024,392,96,42.2364
4,1024,392,100,41.217
4,1024,392,104,41.591
4,1024,392,108,40.7782
4,1024,392,112,40.6247
4,1024,392,116,38.8583
4,1024,392,120,39.0233
4,1024,392,124,32.9459
4,1024,392,128,37.6685
4,1024,392,132,37.3205
4,1024,392,136,36.6822
4,1024,392,140,36.2064
4,1024,392,144,36.4817
4,1024,392,148,35.4489
4,1024,392,152,35.7115
4,1024,392,156,33.8891
4,1024,392,160,34.9758
4,1024,392,164,34.2893
4,1024,392,168,32.2027
4,1024,392,172,30.6217
4,1024,392,176,32.9041
4,1024,392,180,32.0282
4,1024,392,184,31.3904
4,1024,392,188,30.2376
4,1024,392,192,29.5676
4,1024,392,196,30.1465
4,1024,396,8,32.7115
4,1024,396,12,38.199
4,1024,396,16,42.9642
4,1024,396,20,44.3922
4,1024,396,24,46.3647
4,1024,396,28,45.8703
4,1024,396,32,47.7633
4,1024,396,36,47.4844
4,1024,396,40,48.0694
4,1024,396,44,46.5702
4,1024,396,48,46.7978
4,1024,396,52,47.0094
4,1024,396,56,46.6335
4,1024,396,60,45.2064
4,1024,396,64,46.0201
4,1024,396,68,45.3367
4,1024,396,72,44.9485
4,1024,396,76,43.7525
4,1024,396,80,35.0691
4,1024,396,84,42.5379
4,1024,396,88,42.8436
4,1024,396,92,42.0453
4,1024,396,96,41.9332
4,1024,396,100,41.2603
4,1024,396,104,40.8791
4,1024,396,108,39.4206
4,1024,396,112,40.3128
4,1024,396,116,39.1217
4,1024,396,120,38.2868
4,1024,396,124,37.4576
4,1024,396,128,36.9464
4,1024,396,132,36.5569
4,1024,396,136,36.619
4,1024,396,140,35.8636
4,1024,396,144,35.5949
4,1024,396,148,35.1792
4,1024,396,152,34.9049
4,1024,396,156,34.7743
4,1024,396,160,34.1461
4,1024,396,164,33.2926
4,1024,396,168,33.0425
4,1024,396,172,33.1014
4,1024,396,176,32.1742
4,1024,396,180,31.3824
4,1024,396,184,31.0061
4,1024,396,188,30.2811
4,1024,396,192,29.9521
4,1024,396,196,29.8231
4,1024,400,8,32.4376
4,1024,400,12,37.2782
4,1024,400,16,40.9942
4,1024,400,20,43.6337
4,1024,400,24,45.7249
4,1024,400,28,45.0608
4,1024,400,32,46.4644
4,1024,400,36,46.0431
4,1024,400,40,47.1296
4,1024,400,44,46.2322
4,1024,400,48,46.2356
4,1024,400,52,46.5577
4,1024,400,56,45.8943
4,1024,400,60,45.4962
4,1024,400,64,45.1197
4,1024,400,68,44.7985
4,1024,400,72,43.6658
4,1024,400,76,43.5213
4,1024,400,80,43.5749
4,1024,400,84,42.7528
4,1024,400,88,42.1257
4,1024,400,92,40.9863
4,1024,400,96,41.0772
4,1024,400,100,39.8843
4,1024,400,104,40.287
4,1024,400,108,39.4383
4,1024,400,112,32.451
4,1024,400,116,38.7114
4,1024,400,120,38.1528
4,1024,400,124,37.3129
4,1024,400,128,37.016
4,1024,400,132,35.7943
4,1024,400,136,36.0744
4,1024,400,140,35.6988
4,1024,400,144,35.3379
4,1024,400,148,34.7901
4,1024,400,152,34.7345
4,1024,400,156,34.2569
4,1024,400,160,34.1221
4,1024,400,164,33.128
4,1024,400,168,32.892
4,1024,400,172,32.687
4,1024,400,176,31.6632
4,1024,400,180,31.256
4,1024,400,184,31.1628
4,1024,400,188,30.6946
4,1024,400,192,29.7865
4,1024,400,196,29.4332
4,1024,400,200,29.0148
4,1024,404,8,32.7765
4,1024,404,12,32.2424
4,1024,404,16,41.7066
4,1024,404,20,43.2497
4,1024,404,24,44.9923
4,1024,404,28,45.0593
4,1024,404,32,46.7347
4,1024,404,36,46.4801
4,1024,404,40,46.2184
4,1024,404,44,46.0547
4,1024,404,48,47.0939
4,1024,404,52,24.3004
4,1024,404,56,45.8501
4,1024,404,60,44.9628
4,1024,404,64,44.5801
4,1024,404,68,43.6217
4,1024,404,72,44.351
4,1024,404,76,42.496
4,1024,404,80,42.3988
4,1024,404,84,42.1271
4,1024,404,88,41.9044
4,1024,404,92,40.8193
4,1024,404,96,40.7027
4,1024,404,100,39.4363
4,1024,404,104,40.0736
4,1024,404,108,39.1526
4,1024,404,112,39.3589
4,1024,404,116,38.7493
4,1024,404,120,38.095
4,1024,404,124,31.9989
4,1024,404,128,31.3877
4,1024,404,132,36.0482
4,1024,404,136,35.2796
4,1024,404,140,35.4651
4,1024,404,144,35.0546
4,1024,404,148,34.6332
4,1024,404,152,34.1103
4,1024,404,156,34.1574
4,1024,404,160,33.8291
4,1024,404,164,33.0847
4,1024,404,168,32.6299
4,1024,404,172,32.0836
4,1024,404,176,31.7088
4,1024,404,180,31.3835
4,1024,404,184,30.8729
4,1024,404,188,30.3371
4,1024,404,192,29.414
4,1024,404,196,29.027
4,1024,404,200,28.9729
4,1024,408,8,31.7319
4,1024,408,12,37.0328
4,1024,408,16,41.9818
4,1024,408,20,42.7693
4,1024,408,24,45.2684
4,1024,408,28,45.1279
4,1024,408,32,46.1102
4,1024,408,36,45.8165
4,1024,408,40,46.5168
4,1024,408,44,42.5663
4,1024,408,48,46.4392
4,1024,408,52,44.4134
4,1024,408,56,45.4323
4,1024,408,60,44.907
4,1024,408,64,44.7049
4,1024,408,68,43.2387
4,1024,408,72,44.2772
4,1024,408,76,42.4888
4,1024,408,80,42.9531
4,1024,408,84,42.3008
4,1024,408,88,42.2894
4,1024,408,92,40.8412
4,1024,408,96,40.9768
4,1024,408,100,39.7164
4,1024,408,104,39.2668
4,1024,408,108,38.5601
4,1024,408,112,38.9802
4,1024,408,116,38.4662
4,1024,408,120,38.3987
4,1024,408,124,36.7002
4,1024,408,128,36.7229
4,1024,408,132,35.7104
4,1024,408,136,30.3941
4,1024,408,140,35.0266
4,1024,408,144,34.9345
4,1024,408,148,34.3067
4,1024,408,152,34.2867
4,1024,408,156,33.5152
4,1024,408,160,33.1964
4,1024,408,164,32.8565
4,1024,408,168,32.4914
4,1024,408,172,32.0732
4,1024,408,176,31.5678
4,1024,408,180,31.0431
4,1024,408,184,30.527
4,1024,408,188,30.0501
4,1024,408,192,29.9137
4,1024,408,196,29.1107
4,1024,408,200,29.0151
4,1024,408,204,28.2035
4,1024,412,8,32.0012
4,1024,412,12,36.7367
4,1024,412,16,41.6324
4,1024,412,20,42.542
4,1024,412,24,44.6473
4,1024,412,28,44.6947
4,1024,412,32,45.5741
4,1024,412,36,45.4904
4,1024,412,40,45.7447
4,1024,412,44,45.4744
4,1024,412,48,45.7736
4,1024,412,52,44.9302
4,1024,412,56,44.524
4,1024,412,60,43.9975
4,1024,412,64,43.5453
4,1024,412,68,43.0827
4,1024,412,72,43.0122
4,1024,412,76,42.6431
4,1024,412,80,41.983
4,1024,412,84,41.6183
4,1024,412,88,41.4945
4,1024,412,92,40.3736
4,1024,412,96,40.1597
4,1024,412,100,38.9871
4,1024,412,104,35.7124
4,1024,412,108,38.4048
4,1024,412,112,38.0689
4,1024,412,116,37.4773
4,1024,412,120,36.5264
4,1024,412,124,36.1271
4,1024,412,128,35.7191
4,1024,412,132,34.9487
4,1024,412,136,34.5811
4,1024,412,140,34.6179
4,1024,412,144,34.4099
4,1024,412,148,34.0734
4,1024,412,152,29.0918
4,1024,412,156,33.5924
4,1024,412,160,32.8715
4,1024,412,164,32.3474
4,1024,412,168,32.4241
4,1024,412,172,32.0326
4,1024,412,176,28.9834
4,1024,412,180,30.9292
4,1024,412,184,30.4383
4,1024,412,188,29.9502
4,1024,412,192,29.182
4,1024,412,196,28.5825
4,1024,412,200,28.2653
4,1024,412,204,27.6843
4,1024,416,8,30.9461
4,1024,416,12,35.384
4,1024,416,16,40.5341
4,1024,416,20,41.6831
4,1024,416,24,43.7529
4,1024,416,28,43.5269
4,1024,416,32,45.1088
4,1024,416,36,44.3374
4,1024,416,40,45.1311
4,1024,416,44,44.0751
4,1024,416,48,44.7404
4,1024,416,52,44.1235
4,1024,416,56,43.8563
4,1024,416,60,42.7537
4,1024,416,64,43.1192
4,1024,416,68,42.4545
4,1024,416,72,42.7089
4,1024,416,76,41.7149
4,1024,416,80,41.3782
4,1024,416,84,40.3757
4,1024,416,88,40.148
4,1024,416,92,39.5332
4,1024,416,96,39.9308
4,1024,416,100,39.0086
4,1024,416,104,32.6934
4,1024,416,108,37.8972
4,1024,416,112,38.0486
4,1024,416,116,37.0353
4,1024,416,120,37.1297
4,1024,416,124,35.7615
4,1024,416,128,35.6405
4,1024,416,132,34.3225
4,1024,416,136,34.0424
4,1024,416,140,33.6594
4,1024,416,144,34.0066
4,1024,416,148,33.855
4,1024,416,152,33.6058
4,1024,416,156,32.8949
4,1024,416,160,28.6466
4,1024,416,164,32.301
4,1024,416,168,31.753
4,1024,416,172,29.9312
4,1024,416,176,31.2292
4,1024,416,180,21.9935
4,1024,416,184,30.2389
4,1024,416,188,29.5318
4,1024,416,192,29.0995
4,1024,416,196,28.8491
4,1024,416,200,28.2181
4,1024,416,204,27.7262
4,1024,416,208,27.3964
4,1024,420,8,31.2233
4,1024,420,12,35.898
4,1024,420,16,40.1916
4,1024,420,20,41.8918
4,1024,420,24,43.2049
4,1024,420,28,43.3286
4,1024,420,32,45.1439
4,1024,420,36,44.4178
4,1024,420,40,44.9981
4,1024,420,44,44.349
4,1024,420,48,44.3857
4,1024,420,52,41.9578
4,1024,420,56,44.1034
4,1024,420,60,43.2181
4,1024,420,64,43.5529
4,1024,420,68,42.4663
4,1024,420,72,42.2364
4,1024,420,76,41.6444
4,1024,420,80,41.6057
4,1024,420,84,40.729
4,1024,420,88,40.4611
4,1024,420,92,39.2323
4,1024,420,96,39.4562
4,1024,420,100,38.1121
4,1024,420,104,37.7361
4,1024,420,108,37.5225
4,1024,420,112,37.7992
4,1024,420,116,37.2251
4,1024,420,120,36.9015
4,1024,420,124,36.296
4,1024,420,128,35.5858
4,1024,420,132,35.0121
4,1024,420,136,34.1324
4,1024,420,140,33.9591
4,1024,420,144,29.45
4,1024,420,148,33.0223
4,1024,420,152,33.4211
4,1024,420,156,32.8452
4,1024,420,160,32.2416
4,1024,420,164,31.9661
4,1024,420,168,31.9785
4,1024,420,172,31.1053
4,1024,420,176,31.039
4,1024,420,180,30.3287
4,1024,420,184,30.2307
4,1024,420,188,29.5924
4,1024,420,192,28.9651
4,1024,420,196,28.5653
4,1024,420,200,28.566
4,1024,420,204,27.8113
4,1024,420,208,27.0644
4,1024,424,8,30.9369
4,1024,424,12,35.2262
4,1024,424,16,39.695
4,1024,424,20,41.0391
4,1024,424,24,39.5675
4,1024,424,28,42.5733
4,1024,424,32,44.2728
4,1024,424,36,43.9439
4,1024,424,40,44.3753
4,1024,424,44,43.0424
4,1024,424,48,44.3111
4,1024,424,52,43.4353
4,1024,424,56,43.384
4,1024,424,60,42.2748
4,1024,424,64,42.0984
4,1024,424,68,41.9487
4,1024,424,72,42.2567
4,1024,424,76,41.3492
4,1024,424,80,40.6863
4,1024,424,84,39.6626
4,1024,424,88,39.9075
4,1024,424,92,39.7786
4,1024,424,96,38.7244
4,1024,424,100,32.9383
4,1024,424,104,37.8083
4,1024,424,108,37.4442
4,1024,424,112,37.2148
4,1024,424,116,36.177
4,1024,424,120,36.0094
4,1024,424,124,35.9755
4,1024,424,128,35.1907
4,1024,424,132,34.4605
4,1024,424,136,33.6325
4,1024,424,140,33.0955
4,1024,424,144,33.7154
4,1024,424,148,32.7247
4,1024,424,152,30.3418
4,1024,424,156,30.5173
4,1024,424,160,32.1656
4,1024,424,164,31.6399
4,1024,424,168,31.6523
4,1024,424,172,31.1938
4,1024,424,176,30.5974
4,1024,424,180,29.6224
4,1024,424,184,29.7536
4,1024,424,188,25.2935
4,1024,424,192,29.283
4,1024,424,196,28.5429
4,1024,424,200,26.149
4,1024,424,204,27.6115
4,1024,424,208,27.1762
4,1024,424,212,27.1454
4,1024,428,8,30.1371
4,1024,428,12,35.1841
4,1024,428,16,39.0933
4,1024,428,20,40.5791
4,1024,428,24,42.8312
4,1024,428,28,42.4809
4,1024,428,32,43.4742
4,1024,428,36,43.464
4,1024,428,40,44.2411
4,1024,428,44,43.1615
4,1024,428,48,44.0765
4,1024,428,52,42.544
4,1024,428,56,42.9512
4,1024,428,60,41.9765
4,1024,428,64,42.2492
4,1024,428,68,41.4083
4,1024,428,72,41.4992
4,1024,428,76,40.5633
4,1024,428,80,40.5515
4,1024,428,84,39.5728
4,1024,428,88,39.2352
4,1024,428,92,38.7314
4,1024,428,96,38.4979
4,1024,428,100,37.9935
4,1024,428,104,29.8162
4,1024,428,108,37.0267
4,1024,428,112,36.6239
4,1024,428,116,36.5797
4,1024,428,120,35.9226
4,1024,428,124,35.4399
4,1024,428,128,34.7872
4,1024,428,132,34.598
4,1024,428,136,33.8792
4,1024,428,140,33.3507
4,1024,428,144,32.462
4,1024,428,148,32.744
4,1024,428,152,32.4849
4,1024,428,156,32.233
4,1024,428,160,31.8776
4,1024,428,164,31.5649
4,1024,428,168,30.6357
4,1024,428,172,30.5741
4,1024,428,176,30.3836
4,1024,428,180,30.1583
4,1024,428,184,25.7972
4,1024,428,188,28.9559
4,1024,428,192,25.2652
4,1024,428,196,28.1456
4,1024,428,200,27.7288
4,1024,428,204,27.1502
4,1024,428,208,26.8131
4,1024,428,212,26.6128
4,1024,432,8,29.5273
4,1024,432,12,29.0998
4,1024,432,16,38.8419
4,1024,432,20,39.9691
4,1024,432,24,34.6259
4,1024,432,28,40.8716
4,1024,432,32,42.939
4,1024,432,36,42.6692
4,1024,432,40,43.3639
4,1024,432,44,41.8835
4,1024,432,48,43.019
4,1024,432,52,41.7276
4,1024,432,56,41.7577
4,1024,432,60,41.2823
4,1024,432,64,41.7602
4,1024,432,68,40.2791
4,1024,432,72,40.9084
4,1024,432,76,40.2016
4,1024,432,80,40.2624
4,1024,432,84,38.8
4,1024,432,88,39.1349
4,1024,432,92,38.1772
4,1024,432,96,38.1639
4,1024,432,100,37.6283
4,1024,432,104,36.6055
4,1024,432,108,36.2046
4,1024,432,112,36.0697
4,1024,432,116,35.7147
4,1024,432,120,35.4134
4,1024,432,124,35.2097
4,1024,432,128,34.868
4,1024,432,132,33.951
4,1024,432,136,28.6719
4,1024,432,140,32.7195
4,1024,432,144,28.5246
4,1024,432,148,32.3932
4,1024,432,152,32.0268
4,1024,432,156,31.7145
4,1024,432,160,31.6178
4,1024,432,164,31.0599
4,1024,432,168,30.8379
4,1024,432,172,30.3067
4,1024,432,176,29.8776
4,1024,432,180,29.7103
4,1024,432,184,29.4198
4,1024,432,188,29.1005
4,1024,432,192,25.6207
4,1024,432,196,22.9042
4,1024,432,200,27.683
4,1024,432,204,27.0967
4,1024,432,208,26.8382
4,1024,432,212,26.2192
4,1024,432,216,26.1121
4,1024,436,8,29.6798
4,1024,436,12,34.1523
4,1024,436,16,38.4238
4,1024,436,20,39.9031
4,1024,436,24,41.3495
4,1024,436,28,41.2595
4,1024,436,32,42.8917
4,1024,436,36,41.9295
4,1024,436,40,43.1426
4,1024,436,44,35.0438
4,1024,436,48,42.9163
4,1024,436,52,42.0498
4,1024,436,56,42.3378
4,1024,436,60,41.232
4,1024,436,64,41.6024
4,1024,436,68,40.3468
4,1024,436,72,40.135
4,1024,436,76,39.8161
4,1024,436,80,39.9063
4,1024,436,84,38.7772
4,1024,436,88,38.8979
4,1024,436,92,37.3805
4,1024,436,96,38.101
4,1024,436,100,37.2086
4,1024,436,104,36.9641
4,1024,436,108,35.7157
4,1024,436,112,35.7514
4,1024,436,116,35.7179
4,1024,436,120,35.591
4,1024,436,124,34.6555
4,1024,436,128,34.6119
4,1024,436,132,28.8519
4,1024,436,136,26.6469
4,1024,436,140,32.1831
4,1024,436,144,32.1996
4,1024,436,148,31.8674
4,1024,436,152,31.7041
4,1024,436,156,31.0304
4,1024,436,160,30.8533
4,1024,436,164,30.7106
4,1024,436,168,30.544
4,1024,436,172,30.2428
4,1024,436,176,29.5835
4,1024,436,180,29.4684
4,1024,436,184,28.8174
4,1024,436,188,28.9518
4,1024,436,192,28.5626
4,1024,436,196,27.0936
4,1024,436,200,27.401
4,1024,436,204,26.4227
4,1024,436,208,26.6873
4,1024,436,212,26.0698
4,1024,436,216,25.8905
4,1024,440,8,29.2657
4,1024,440,12,33.6922
4,1024,440,16,36.9259
4,1024,440,20,39.4701
4,1024,440,24,38.3057
4,1024,440,28,41.1376
4,1024,440,32,42.1166
4,1024,440,36,41.6397
4,1024,440,40,42.7625
4,1024,440,44,41.5317
4,1024,440,48,42.6903
4,1024,440,52,41.1182
4,1024,440,56,41.8503
4,1024,440,60,41.1749
4,1024,440,64,41.3693
4,1024,440,68,39.687
4,1024,440,72,39.8357
4,1024,440,76,33.3162
4,1024,440,80,39.5847
4,1024,440,84,38.5519
4,1024,440,88,38.5645
4,1024,440,92,37.9032
4,1024,440,96,37.8429
4,1024,440,100,36.8485
4,1024,440,104,36.6688
4,1024,440,108,35.5127
4,1024,440,112,35.8159
4,1024,440,116,35.3043
4,1024,440,120,34.9111
4,1024,440,124,34.6541
4,1024,440,128,33.8741
4,1024,440,132,33.7077
4,1024,440,136,32.679
4,1024,440,140,32.442
4,1024,440,144,32.1894
4,1024,440,148,31.4851
4,1024,440,152,31.5362
4,1024,440,156,30.6451
4,1024,440,160,30.6768
4,1024,440,164,30.4153
4,1024,440,168,30.1146
4,1024,440,172,29.9684
4,1024,440,176,29.4828
4,1024,440,180,29.0783
4,1024,440,184,28.8492
4,1024,440,188,28.3592
4,1024,440,192,28.1424
4,1024,440,196,27.9083
4,1024,440,200,27.2996
4,1024,440,204,27.0756
4,1024,440,208,26.7039
4,1024,440,212,25.9932
4,1024,440,216,25.8017
4,1024,440,220,24.8818
4,1024,444,8,29.16
4,1024,444,12,33.538
4,1024,444,16,37.7452
4,1024,444,20,38.6216
4,1024,444,24,40.7462
4,1024,444,28,40.5173
4,1024,444,32,41.7364
4,1024,444,36,41.273
4,1024,444,40,42.0443
4,1024,444,44,41.3267
4,1024,444,48,41.7137
4,1024,444,52,40.8818
4,1024,444,56,41.3734
4,1024,444,60,40.4956
4,1024,444,64,40.0003
4,1024,444,68,39.9343
4,1024,444,72,39.7377
4,1024,444,76,39.0391
4,1024,444,80,38.9945
4,1024,444,84,34.5567
4,1024,444,88,37.8596
4,1024,444,92,36.9192
4,1024,444,96,37.2698
4,1024,444,100,36.1033
4,1024,444,104,36.1777
4,1024,444,108,35.4912
4,1024,444,112,35.0196
4,1024,444,116,34.7828
4,1024,444,120,34.6439
4,1024,444,124,33.6112
4,1024,444,128,33.6937
4,1024,444,132,33.2558
4,1024,444,136,32.4142
4,1024,444,140,31.7866
4,1024,444,144,31.3857
4,1024,444,148,31.1362
4,1024,444,152,31.1939
4,1024,444,156,30.9659
4,1024,444,160,30.7058
4,1024,444,164,30.2971
4,1024,444,168,30.0877
4,1024,444,172,29.2941
4,1024,444,176,29.3671
4,1024,444,180,29.0769
4,1024,444,184,28.3837
4,1024,444,188,28.1855
4,1024,444,192,27.8542
4,1024,444,196,27.4508
4,1024,444,200,27.0788
4,1024,444,204,26.8602
4,1024,444,208,26.0177
4,1024,444,212,25.8026
4,1024,444,216,25.1755
4,1024,444,220,25.0718
4,1024,448,8,27.7331
4,1024,448,12,27.7008
4,1024,448,16,36.5584
4,1024,448,20,36.9316
4,1024,448,24,39.5026
4,1024,448,28,38.7146
4,1024,448,32,40.7925
4,1024,448,36,40.0279
4,1024,448,40,40.6502
4,1024,448,44,39.9036
4,1024,448,48,33.9862
4,1024,448,52,39.9317
4,1024,448,56,39.7752
4,1024,448,60,38.7222
4,1024,448,64,39.1908
4,1024,448,68,38.725
4,1024,448,72,38.3136
4,1024,448,76,37.9417
4,1024,448,80,34.9097
4,1024,448,84,37.3215
4,1024,448,88,36.4941
4,1024,448,92,36.4675
4,1024,448,96,36.4172
4,1024,448,100,35.2313
4,1024,448,104,35.6528
4,1024,448,108,34.4114
4,1024,448,112,32.174
4,1024,448,116,33.5206
4,1024,448,120,33.4807
4,1024,448,124,33.2983
4,1024,448,128,32.8928
4,1024,448,132,32.1153
4,1024,448,136,31.9811
4,1024,448,140,31.3093
4,1024,448,144,30.9549
4,1024,448,148,30.5482
4,1024,448,152,30.5506
4,1024,448,156,29.9869
4,1024,448,160,29.8577
4,1024,448,164,26.0174
4,1024,448,168,29.4105
4,1024,448,172,29.1702
4,1024,448,176,28.4569
4,1024,448,180,28.325
4,1024,448,184,28.6647
4,1024,448,188,27.8687
4,1024,448,192,27.5413
4,1024,448,196,26.782
4,1024,448,200,26.4473
4,1024,448,204,26.1348
4,1024,448,208,25.731
4,1024,448,212,25.106
4,1024,448,216,24.9843
4,1024,448,220,24.4037
4,1024,448,224,24.4509
4,1024,452,8,28.2408
4,1024,452,12,32.5696
4,1024,452,16,36.5585
4,1024,452,20,37.471
4,1024,452,24,39.3974
4,1024,452,28,39.012
4,1024,452,32,40.7338
4,1024,452,36,39.3588
4,1024,452,40,40.3877
4,1024,452,44,39.5231
4,1024,452,48,40.9921
4,1024,452,52,40.2993
4,1024,452,56,39.9272
4,1024,452,60,39.8485
4,1024,452,64,39.2982
4,1024,452,68,38.761
4,1024,452,72,39.145
4,1024,452,76,37.7577
4,1024,452,80,37.1615
4,1024,452,84,37.4032
4,1024,452,88,36.719
4,1024,452,92,36.4823
4,1024,452,96,36.4438
4,1024,452,100,35.9925
4,1024,452,104,35.0441
4,1024,452,108,34.5143
4,1024,452,112,33.7974
4,1024,452,116,33.8317
4,1024,452,120,33.6318
4,1024,452,124,33.4077
4,1024,452,128,33.1513
4,1024,452,132,32.4013
4,1024,452,136,31.9881
4,1024,452,140,31.2798
4,1024,452,144,30.7441
4,1024,452,148,30.2429
4,1024,452,152,29.5306
4,1024,452,156,30.0464
4,1024,452,160,29.8379
4,1024,452,164,29.5149
4,1024,452,168,29.2763
4,1024,452,172,28.9092
4,1024,452,176,29.0029
4,1024,452,180,28.6511
4,1024,452,184,24.9566
4,1024,452,188,27.6163
4,1024,452,192,27.3394
4,1024,452,196,26.9921
4,1024,452,200,26.7794
4,1024,452,204,26.2898
4,1024,452,208,25.7352
4,1024,452,212,25.0746
4,1024,452,216,25.2196
4,1024,452,220,23.9456
4,1024,452,224,24.2188
4,1024,456,8,27.5569
4,1024,456,12,31.5897
4,1024,456,16,36.1447
4,1024,456,20,37.471
4,1024,456,24,33.121
4,1024,456,28,34.0604
4,1024,456,32,40.0433
4,1024,456,36,39.9031
4,1024,456,40,40.6921
4,1024,456,44,39.3392
4,1024,456,48,40.5276
4,1024,456,52,39.9
4,1024,456,56,32.4987
4,1024,456,60,38.9618
4,1024,456,64,38.8812
4,1024,456,68,38.6012
4,1024,456,72,35.9927
4,1024,456,76,37.8261
4,1024,456,80,38.052
4,1024,456,84,36.6119
4,1024,456,88,36.7784
4,1024,456,92,36.3456
4,1024,456,96,36.1749
4,1024,456,100,30.3187
4,1024,456,104,34.5136
4,1024,456,108,33.5677
4,1024,456,112,34.0457
4,1024,456,116,33.5977
4,1024,456,120,33.3737
4,1024,456,124,33.1691
4,1024,456,128,32.8763
4,1024,456,132,31.9767
4,1024,456,136,32.3137
4,1024,456,140,31.2197
4,1024,456,144,30.826
4,1024,456,148,29.818
4,1024,456,152,29.5461
4,1024,456,156,29.7118
4,1024,456,160,29.7426
4,1024,456,164,28.9328
4,1024,456,168,29.0599
4,1024,456,172,28.8273
4,1024,456,176,28.2724
4,1024,456,180,28.253
4,1024,456,184,27.9997
4,1024,456,188,27.4987
4,1024,456,192,27.241
4,1024,456,196,26.6991
4,1024,456,200,26.8253
4,1024,456,204,26.1992
4,1024,456,208,25.7583
4,1024,456,212,25.5376
4,1024,456,216,25.0913
4,1024,456,220,24.3751
4,1024,456,224,24.2676
4,1024,456,228,24.1482
4,1024,460,8,27.6233
4,1024,460,12,31.6281
4,1024,460,16,34.7596
4,1024,460,20,36.6543
4,1024,460,24,38.1
4,1024,460,28,38.4735
4,1024,460,32,39.8582
4,1024,460,36,39.6824
4,1024,460,40,40.135
4,1024,460,44,39.1857
4,1024,460,48,40.1644
4,1024,460,52,38.7679
4,1024,460,56,39.0779
4,1024,460,60,38.775
4,1024,460,64,38.6538
4,1024,460,68,37.7879
4,1024,460,72,37.8624
4,1024,460,76,37.1587
4,1024,460,80,37.5138
4,1024,460,84,30.9729
4,1024,460,88,36.085
4,1024,460,92,35.5088
4,1024,460,96,35.6062
4,1024,460,100,35.247
4,1024,460,104,34.5275
4,1024,460,108,34.0407
4,1024,460,112,33.5934
4,1024,460,116,32.7316
4,1024,460,120,33.0479
4,1024,460,124,32.7899
4,1024,460,128,31.7439
4,1024,460,132,31.8246
4,1024,460,136,31.1177
4,1024,460,140,31.255
4,1024,460,144,30.3016
4,1024,460,148,29.8486
4,1024,460,152,29.2246
4,1024,460,156,26.0731
4,1024,460,160,28.6548
4,1024,460,164,29.1333
4,1024,460,168,28.672
4,1024,460,172,28.4372
4,1024,460,176,28.4972
4,1024,460,180,27.6309
4,1024,460,184,27.7692
4,1024,460,188,27.0288
4,1024,460,192,26.6604
4,1024,460,196,26.1441
4,1024,460,200,26.2077
4,1024,460,204,25.6924
4,1024,460,208,25.5317
4,1024,460,212,24.9368
4,1024,460,216,24.7885
4,1024,460,220,24.3736
4,1024,460,224,23.8784
4,1024,460,228,23.42
4,1024,464,8,26.4147
4,1024,464,12,30.4467
4,1024,464,16,34.9755
4,1024,464,20,35.8129
4,1024,464,24,32.1056
4,1024,464,28,37.7006
4,1024,464,32,38.8862
4,1024,464,36,38.413
4,1024,464,40,38.7568
4,1024,464,44,38.4371
4,1024,464,48,38.9331
4,1024,464,52,38.607
4,1024,464,56,38.691
4,1024,464,60,37.63
4,1024,464,64,37.3752
4,1024,464,68,37.234
4,1024,464,72,34.5892
4,1024,464,76,36.4742
4,1024,464,80,35.7136
4,1024,464,84,36.0554
4,1024,464,88,35.1908
4,1024,464,92,34.5747
4,1024,464,96,35.1954
4,1024,464,100,32.0661
4,1024,464,104,34.3401
4,1024,464,108,33.4676
4,1024,464,112,33.1787
4,1024,464,116,32.3096
4,1024,464,120,32.5217
4,1024,464,124,31.976
4,1024,464,128,32.178
4,1024,464,132,31.4551
4,1024,464,136,30.9896
4,1024,464,140,30.064
4,1024,464,144,29.768
4,1024,464,148,29.7576
4,1024,464,152,29.18
4,1024,464,156,28.6264
4,1024,464,160,28.5036
4,1024,464,164,28.6983
4,1024,464,168,28.4677
4,1024,464,172,28.1762
4,1024,464,176,28.0194
4,1024,464,180,27.8228
4,1024,464,184,27.6327
4,1024,464,188,26.9949
4,1024,464,192,26.614
4,1024,464,196,26.2285
4,1024,464,200,26.0121
4,1024,464,204,25.6339
4,1024,464,208,25.378
4,1024,464,212,24.78
4,1024,464,216,24.2847
4,1024,464,220,23.9051
4,1024,464,224,23.6773
4,1024,464,228,23.3772
4,1024,464,232,23.3758
4,1024,468,8,26.8283
4,1024,468,12,30.9485
4,1024,468,16,34.4732
4,1024,468,20,35.2326
4,1024,468,24,37.1085
4,1024,468,28,37.6861
4,1024,468,32,38.9207
4,1024,468,36,38.8418
4,1024,468,40,39.0358
4,1024,468,44,22.7331
4,1024,468,48,34.4608
4,1024,468,52,38.4786
4,1024,468,56,38.4455
4,1024,468,60,36.9896
4,1024,468,64,37.896
4,1024,468,68,37.067
4,1024,468,72,36.7297
4,1024,468,76,36.247
4,1024,468,80,36.4802
4,1024,468,84,35.4487
4,1024,468,88,35.6196
4,1024,468,92,34.4785
4,1024,468,96,34.7001
4,1024,468,100,33.9055
4,1024,468,104,34.2264
4,1024,468,108,33.2009
4,1024,468,112,33.0348
4,1024,468,116,31.7619
4,1024,468,120,32.054
4,1024,468,124,32.044
4,1024,468,128,31.5702
4,1024,468,132,31.2423
4,1024,468,136,30.8403
4,1024,468,140,30.3557
4,1024,468,144,29.7313
4,1024,468,148,29.3365
4,1024,468,152,28.8786
4,1024,468,156,28.9371
4,1024,468,160,28.5566
4,1024,468,164,27.9556
4,1024,468,168,28.0788
4,1024,468,172,27.531
4,1024,468,176,27.9576
4,1024,468,180,27.5013
4,1024,468,184,27.0109
4,1024,468,188,27.1388
4,1024,468,192,26.5414
4,1024,468,196,25.9254
4,1024,468,200,25.7355
4,1024,468,204,25.4762
4,1024,468,208,25.138
4,1024,468,212,24.5539
4,1024,468,216,24.3162
4,1024,468,220,23.9151
4,1024,468,224,23.662
4,1024,468,228,21.9426
4,1024,468,232,23.0251
4,1024,472,8,26.2184
4,1024,472,12,29.6693
4,1024,472,16,34.0505
4,1024,472,20,34.7911
4,1024,472,24,37.1706
4,1024,472,28,37.1649
4,1024,472,32,38.4302
4,1024,472,36,37.8804
4,1024,472,40,38.9092
4,1024,472,44,37.2544
4,1024,472,48,38.3474
4,1024,472,52,38.0852
4,1024,472,56,31.8699
4,1024,472,60,37.3323
4,1024,472,64,37.5231
4,1024,472,68,36.6217
4,1024,472,72,36.6794
4,1024,472,76,35.5509
4,1024,472,80,36.0335
4,1024,472,84,35.6053
4,1024,472,88,35.3664
4,1024,472,92,34.3772
4,1024,472,96,34.4615
4,1024,472,100,33.6787
4,1024,472,104,33.8791
4,1024,472,108,32.9013
4,1024,472,112,32.609
4,1024,472,116,32.0219
4,1024,472,120,31.8768
4,1024,472,124,31.3684
4,1024,472,128,31.4189
4,1024,472,132,30.9052
4,1024,472,136,30.8709
4,1024,472,140,30.0733
4,1024,472,144,29.2471
4,1024,472,148,29.6272
4,1024,472,152,28.6024
4,1024,472,156,28.4845
4,1024,472,160,28.1768
4,1024,472,164,28.1196
4,1024,472,168,27.5589
4,1024,472,172,27.4644
4,1024,472,176,27.3386
4,1024,472,180,26.0131
4,1024,472,184,23.8028
4,1024,472,188,26.0847
4,1024,472,192,26.2426
4,1024,472,196,25.8539
4,1024,472,200,25.5385
4,1024,472,204,25.2822
4,1024,472,208,25.013
4,1024,472,212,24.6685
4,1024,472,216,24.3547
4,1024,472,220,23.9233
4,1024,472,224,23.7191
4,1024,472,228,22.9832
4,1024,472,232,22.674
4,1024,472,236,22.6178
4,1024,476,8,26.0857
4,1024,476,12,29.9056
4,1024,476,16,33.546
4,1024,476,20,34.7365
4,1024,476,24,34.7541
4,1024,476,28,36.78
4,1024,476,32,37.9871
4,1024,476,36,37.2416
4,1024,476,40,37.9558
4,1024,476,44,37.5486
4,1024,476,48,37.8281
4,1024,476,52,35.7449
4,1024,476,56,37.6913
4,1024,476,60,36.8076
4,1024,476,64,36.812
4,1024,476,68,36.174
4,1024,476,72,36.0423
4,1024,476,76,35.2642
4,1024,476,80,35.5271
4,1024,476,84,34.635
4,1024,476,88,34.5741
4,1024,476,92,33.5257
4,1024,476,96,33.815
4,1024,476,100,33.1393
4,1024,476,104,33.2188
4,1024,476,108,32.7862
4,1024,476,112,32.3018
4,1024,476,116,31.5908
4,1024,476,120,31.3275
4,1024,476,124,31.0436
4,1024,476,128,30.8153
4,1024,476,132,30.0708
4,1024,476,136,30.232
4,1024,476,140,29.547
4,1024,476,144,29.5226
4,1024,476,148,28.5873
4,1024,476,152,28.3044
4,1024,476,156,27.6983
4,1024,476,160,27.6109
4,1024,476,164,27.6006
4,1024,476,168,27.2793
4,1024,476,172,26.7577
4,1024,476,176,27.2937
4,1024,476,180,26.2712
4,1024,476,184,26.202
4,1024,476,188,26.0376
4,1024,476,192,25.5683
4,1024,476,196,25.5914
4,1024,476,200,24.9129
4,1024,476,204,24.8535
4,1024,476,208,24.3557
4,1024,476,212,24.2226
4,1024,476,216,23.7143
4,1024,476,220,20.7731
4,1024,476,224,23.3151
4,1024,476,228,22.4749
4,1024,476,232,22.8003
4,1024,476,236,21.982
4,1024,480,8,24.6659
4,1024,480,12,28.678
4,1024,480,16,32.7896
4,1024,480,20,33.8559
4,1024,480,24,35.6316
4,1024,480,28,35.343
4,1024,480,32,37.038
4,1024,480,36,36.3126
4,1024,480,40,37.2593
4,1024,480,44,36.5383
4,1024,480,48,37.4929
4,1024,480,52,36.8802
4,1024,480,56,36.4595
4,1024,480,60,36.1259
4,1024,480,64,36.1761
4,1024,480,68,35.1265
4,1024,480,72,35.3645
4,1024,480,76,34.9238
4,1024,480,80,34.8447
4,1024,480,84,33.8117
4,1024,480,88,34.246
4,1024,480,92,33.4797
4,1024,480,96,33.537
4,1024,480,100,32.9439
4,1024,480,104,32.8978
4,1024,480,108,32.2527
4,1024,480,112,30.0501
4,1024,480,116,31.0084
4,1024,480,120,30.7442
4,1024,480,124,30.2659
4,1024,480,128,30.2367
4,1024,480,132,29.9504
4,1024,480,136,29.589
4,1024,480,140,29.0213
4,1024,480,144,28.943
4,1024,480,148,28.0632
4,1024,480,152,27.3859
4,1024,480,156,26.6777
4,1024,480,160,27.3536
4,1024,480,164,27.0094
4,1024,480,168,27.2006
4,1024,480,172,26.6223
4,1024,480,176,26.7579
4,1024,480,180,26.3182
4,1024,480,184,26.0163
4,1024,480,188,25.4546
4,1024,480,192,25.473
4,1024,480,196,25.4905
4,1024,480,200,24.9244
4,1024,480,204,24.6543
4,1024,480,208,24.413
4,1024,480,212,24.0603
4,1024,480,216,23.9269
4,1024,480,220,23.1169
4,1024,480,224,23.0496
4,1024,480,228,22.7305
4,1024,480,232,22.0198
4,1024,480,236,22.0281
4,1024,480,240,22.0592
4,1024,484,8,25.0945
4,1024,484,12,29.0057
4,1024,484,16,32.6479
4,1024,484,20,33.633
4,1024,484,24,35.2314
4,1024,484,28,35.2213
4,1024,484,32,36.8505
4,1024,484,36,36.7372
4,1024,484,40,36.8652
4,1024,484,44,31.5894
4,1024,484,48,37.1275
4,1024,484,52,36.2316
4,1024,484,56,36.2654
4,1024,484,60,35.4006
4,1024,484,64,35.7718
4,1024,484,68,35.2604
4,1024,484,72,35.5695
4,1024,484,76,34.5062
4,1024,484,80,34.1415
4,1024,484,84,33.8529
4,1024,484,88,33.086
4,1024,484,92,33.1585
4,1024,484,96,32.7729
4,1024,484,100,32.1408
4,1024,484,104,32.3802
4,1024,484,108,31.6828
4,1024,484,112,31.2106
4,1024,484,116,30.6625
4,1024,484,120,30.2945
4,1024,484,124,30.2699
4,1024,484,128,24.9446
4,1024,484,132,29.5713
4,1024,484,136,29.6386
4,1024,484,140,28.9549
4,1024,484,144,28.9672
4,1024,484,148,28.074
4,1024,484,152,27.7576
4,1024,484,156,27.5361
4,1024,484,160,27.2601
4,1024,484,164,26.8202
4,1024,484,168,26.651
4,1024,484,172,26.6988
4,1024,484,176,26.3362
4,1024,484,180,25.9094
4,1024,484,184,26.1201
4,1024,484,188,25.5341
4,1024,484,192,25.3468
4,1024,484,196,25.2042
4,1024,484,200,24.7221
4,1024,484,204,24.4254
4,1024,484,208,24.2077
4,1024,484,212,23.9282
4,1024,484,216,23.7102
4,1024,484,220,23.3819
4,1024,484,224,22.7621
4,1024,484,228,22.4388
4,1024,484,232,22.1377
4,1024,484,236,22.1204
4,1024,484,240,21.6548
4,1024,488,8,24.5034
4,1024,488,12,27.8111
4,1024,488,16,32.4116
4,1024,488,20,32.9149
4,1024,488,24,35.1656
4,1024,488,28,34.9864
4,1024,488,32,36.168
4,1024,488,36,36.1583
4,1024,488,40,36.2646
4,1024,488,44,35.913
4,1024,488,48,36.4656
4,1024,488,52,36.0681
4,1024,488,56,35.7907
4,1024,488,60,35.2414
4,1024,488,64,35.7918
4,1024,488,68,34.5979
4,1024,488,72,35.2061
4,1024,488,76,34.2687
4,1024,488,80,33.7556
4,1024,488,84,33.5764
4,1024,488,88,29.4766
4,1024,488,92,32.8994
4,1024,488,96,32.1688
4,1024,488,100,31.8802
4,1024,488,104,31.5521
4,1024,488,108,31.5948
4,1024,488,112,31.2793
4,1024,488,116,30.4269
4,1024,488,120,30.0893
4,1024,488,124,29.8313
4,1024,488,128,29.9125
4,1024,488,132,29.4179
4,1024,488,136,29.2882
4,1024,488,140,28.6249
4,1024,488,144,28.5533
4,1024,488,148,28.014
4,1024,488,152,27.5655
4,1024,488,156,23.8123
4,1024,488,160,27.0518
4,1024,488,164,26.5127
4,1024,488,168,26.4745
4,1024,488,172,26.2474
4,1024,488,176,26.2826
4,1024,488,180,26.0596
4,1024,488,184,25.14
4,1024,488,188,25.2381
4,1024,488,192,25.2733
4,1024,488,196,24.6277
4,1024,488,200,24.6858
4,1024,488,204,24.0554
4,1024,488,208,23.94
4,1024,488,212,23.3215
4,1024,488,216,23.2616
4,1024,488,220,23.2438
4,1024,488,224,22.7489
4,1024,488,228,22.6228
4,1024,488,232,21.9868
4,1024,488,236,21.8443
4,1024,488,240,21.2114
4,1024,488,244,21.1456
4,1024,492,8,24.5126
4,1024,492,12,28.4071
4,1024,492,16,31.26
4,1024,492,20,32.9582
4,1024,492,24,34.5818
4,1024,492,28,34.8129
4,1024,492,32,35.8956
4,1024,492,36,35.2586
4,1024,492,40,35.128
4,1024,492,44,35.2766
4,1024,492,48,36.0669
4,1024,492,52,35.2796
4,1024,492,56,35.5676
4,1024,492,60,34.711
4,1024,492,64,34.9655
4,1024,492,68,34.2756
4,1024,492,72,33.9585
4,1024,492,76,33.8619
4,1024,492,80,33.7184
4,1024,492,84,32.6502
4,1024,492,88,32.8955
4,1024,492,92,32.5492
4,1024,492,96,31.9962
4,1024,492,100,31.3082
4,1024,492,104,31.2855
4,1024,492,108,30.9773
4,1024,492,112,30.8399
4,1024,492,116,30.1068
4,1024,492,120,29.5121
4,1024,492,124,29.5426
4,1024,492,128,29.1334
4,1024,492,132,29.0677
4,1024,492,136,28.7556
4,1024,492,140,27.91
4,1024,492,144,28.0784
4,1024,492,148,27.5117
4,1024,492,152,27.1608
4,1024,492,156,25.2193
4,1024,492,160,26.3586
4,1024,492,164,26.148
4,1024,492,168,25.7831
4,1024,492,172,25.2089
4,1024,492,176,25.8312
4,1024,492,180,24.9713
4,1024,492,184,25.0951
4,1024,492,188,24.8464
4,1024,492,192,21.8398
4,1024,492,196,24.4636
4,1024,492,200,23.7774
4,1024,492,204,23.9044
4,1024,492,208,23.4676
4,1024,492,212,23.2498
4,1024,492,216,23.078
4,1024,492,220,22.5605
4,1024,492,224,22.4575
4,1024,492,228,22.0317
4,1024,492,232,21.964
4,1024,492,236,21.3148
4,1024,492,240,20.9936
4,1024,492,244,20.9527
4,1024,496,8,23.8254
4,1024,496,12,26.925
4,1024,496,16,31.3599
4,1024,496,20,31.7145
4,1024,496,24,34.134
4,1024,496,28,33.6276
4,1024,496,32,35.0326
4,1024,496,36,34.8128
4,1024,496,40,35.174
4,1024,496,44,34.2078
4,1024,496,48,35.3852
4,1024,496,52,34.7487
4,1024,496,56,35.0127
4,1024,496,60,34.0311
4,1024,496,64,34.3225
4,1024,496,68,33.566
4,1024,496,72,33.714
4,1024,496,76,33.1026
4,1024,496,80,33.3616
4,1024,496,84,32.3229
4,1024,496,88,32.5014
4,1024,496,92,32.0158
4,1024,496,96,31.8463
4,1024,496,100,31.1683
4,1024,496,104,30.9503
4,1024,496,108,30.2399
4,1024,496,112,30.3988
4,1024,496,116,29.8326
4,1024,496,120,29.3958
4,1024,496,124,28.8385
4,1024,496,128,28.7645
4,1024,496,132,28.5116
4,1024,496,136,28.0707
4,1024,496,140,27.3256
4,1024,496,144,27.8424
4,1024,496,148,27.4865
4,1024,496,152,27.1263
4,1024,496,156,26.5527
4,1024,496,160,26.3421
4,1024,496,164,25.6773
4,1024,496,168,25.397
4,1024,496,172,25.3808
4,1024,496,176,25.2231
4,1024,496,180,25.104
4,1024,496,184,25.2073
4,1024,496,188,24.6526
4,1024,496,192,23.9702
4,1024,496,196,24.2456
4,1024,496,200,23.6064
4,1024,496,204,23.4439
4,1024,496,208,23.6265
4,1024,496,212,23.1281
4,1024,496,216,22.9333
4,1024,496,220,20.9103
4,1024,496,224,22.4347
4,1024,496,228,22.044
4,1024,496,232,21.48
4,1024,496,236,21.54
4,1024,496,240,20.8912
4,1024,496,244,20.4576
4,1024,496,248,20.5555
4,1024,500,8,23.9885
4,1024,500,12,27.0768
4,1024,500,16,30.7828
4,1024,500,20,27.6222
4,1024,500,24,33.4644
4,1024,500,28,28.1241
4,1024,500,32,34.9
4,1024,500,36,34.214
4,1024,500,40,32.8755
4,1024,500,44,34.3408
4,1024,500,48,34.9764
4,1024,500,52,31.6636
4,1024,500,56,33.9463
4,1024,500,60,33.8405
4,1024,500,64,33.961
4,1024,500,68,33.4934
4,1024,500,72,33.2159
4,1024,500,76,32.8973
4,1024,500,80,32.8528
4,1024,500,84,32.4134
4,1024,500,88,32.1211
4,1024,500,92,31.2626
4,1024,500,96,31.1645
4,1024,500,100,30.7666
4,1024,500,104,30.3401
4,1024,500,108,30.1801
4,1024,500,112,30.134
4,1024,500,116,29.6559
4,1024,500,120,29.0836
4,1024,500,124,28.4962
4,1024,500,128,28.4436
4,1024,500,132,28.0665
4,1024,500,136,28.0494
4,1024,500,140,27.6208
4,1024,500,144,27.2435
4,1024,500,148,26.976
4,1024,500,152,26.5291
4,1024,500,156,25.8386
4,1024,500,160,25.7468
4,1024,500,164,25.4897
4,1024,500,168,25.1402
4,1024,500,172,24.9362
4,1024,500,176,24.9229
4,1024,500,180,24.7367
4,1024,500,184,24.5713
4,1024,500,188,24.1233
4,1024,500,192,24.0382
4,1024,500,196,23.9754
4,1024,500,200,23.7491
4,1024,500,204,23.3741
4,1024,500,208,23.0837
4,1024,500,212,20.6402
4,1024,500,216,22.4129
4,1024,500,220,21.969
4,1024,500,224,21.8016
4,1024,500,228,20.8304
4,1024,500,232,21.2369
4,1024,500,236,20.9242
4,1024,500,240,20.7392
4,1024,500,244,20.5451
4,1024,500,248,20.2133
4,1024,504,8,23.0458
4,1024,504,12,26.7834
4,1024,504,16,29.4264
4,1024,504,20,31.0154
4,1024,504,24,33.3255
4,1024,504,28,32.9448
4,1024,504,32,34.3098
4,1024,504,36,33.731
4,1024,504,40,34.3213
4,1024,504,44,29.1785
4,1024,504,48,30.4878
4,1024,504,52,34.0585
4,1024,504,56,34.1037
4,1024,504,60,33.5948
4,1024,504,64,33.7273
4,1024,504,68,33.0461
4,1024,504,72,33.1368
4,1024,504,76,31.6714
4,1024,504,80,32.2133
4,1024,504,84,31.2977
4,1024,504,88,31.5673
4,1024,504,92,31.0842
4,1024,504,96,30.9085
4,1024,504,100,30.3071
4,1024,504,104,30.4553
4,1024,504,108,29.6615
4,1024,504,112,29.7993
4,1024,504,116,29.025
4,1024,504,120,29.0454
4,1024,504,124,28.0426
4,1024,504,128,27.5258
4,1024,504,132,27.5633
4,1024,504,136,27.5503
4,1024,504,140,27.3257
4,1024,504,144,27.1904
4,1024,504,148,26.4126
4,1024,504,152,26.395
4,1024,504,156,26.0903
4,1024,504,160,25.3177
4,1024,504,164,24.8579
4,1024,504,168,24.4972
4,1024,504,172,24.7652
4,1024,504,176,24.6683
4,1024,504,180,24.3106
4,1024,504,184,23.9091
4,1024,504,188,23.8348
4,1024,504,192,23.8829
4,1024,504,196,23.4739
4,1024,504,200,23.4015
4,1024,504,204,23.2842
4,1024,504,208,22.8851
4,1024,504,212,22.5805
4,1024,504,216,22.3221
4,1024,504,220,22.0058
4,1024,504,224,22.0085
4,1024,504,228,19.2433
4,1024,504,232,20.9917
4,1024,504,236,20.6191
4,1024,504,240,20.555
4,1024,504,244,20.0123
4,1024,504,248,19.9147
4,1024,504,252,19.7066
4,1024,508,8,23.0992
4,1024,508,12,25.9445
4,1024,508,16,29.7886
4,1024,508,20,30.7397
4,1024,508,24,32.75
4,1024,508,28,32.4219
4,1024,508,32,33.6343
4,1024,508,36,33.153
4,1024,508,40,33.8389
4,1024,508,44,33.327
4,1024,508,48,33.7524
4,1024,508,52,33.5563
4,1024,508,56,33.1652
4,1024,508,60,32.6822
4,1024,508,64,33.0946
4,1024,508,68,31.6944
4,1024,508,72,32.2547
4,1024,508,76,31.7409
4,1024,508,80,31.7155
4,1024,508,84,30.9128
4,1024,508,88,31.0234
4,1024,508,92,30.6639
4,1024,508,96,30.3822
4,1024,508,100,29.725
4,1024,508,104,29.7352
4,1024,508,108,28.8879
4,1024,508,112,29.2454
4,1024,508,116,28.3703
4,1024,508,120,28.2199
4,1024,508,124,27.7443
4,1024,508,128,27.4469
4,1024,508,132,27.2642
4,1024,508,136,27.3446
4,1024,508,140,26.9366
4,1024,508,144,26.5415
4,1024,508,148,26.2368
4,1024,508,152,25.8355
4,1024,508,156,25.45
4,1024,508,160,25.1098
4,1024,508,164,24.7082
4,1024,508,168,24.4253
4,1024,508,172,24.2463
4,1024,508,176,23.7339
4,1024,508,180,23.9253
4,1024,508,184,23.5882
4,1024,508,188,23.2702
4,1024,508,192,23.553
4,1024,508,196,21.0813
4,1024,508,200,22.8787
4,1024,508,204,22.5073
4,1024,508,208,22.7312
4,1024,508,212,21.9892
4,1024,508,216,22.0329
4,1024,508,220,21.6217
4,1024,508,224,21.374
4,1024,508,228,21.1316
4,1024,508,232,20.0675
4,1024,508,236,20.4367
4,1024,508,240,20.368
4,1024,508,244,20.0996
4,1024,508,248,19.53
4,1024,508,252,19.445
4,1024,512,8,16.3416
4,1024,512,12,20.5078
4,1024,512,16,24.1261
4,1024,512,20,25.9937
4,1024,512,24,28.0165
4,1024,512,28,28.6576
4,1024,512,32,30.1813
4,1024,512,36,30.1653
4,1024,512,40,31.0888
4,1024,512,44,29.8823
4,1024,512,48,31.8932
4,1024,512,52,31.1993
4,1024,512,56,31.0042
4,1024,512,60,31.0728
4,1024,512,64,31.085
4,1024,512,68,30.5383
4,1024,512,72,30.6412
4,1024,512,76,30.2719
4,1024,512,80,30.5952
4,1024,512,84,29.9029
4,1024,512,88,30.0217
4,1024,512,92,29.1788
4,1024,512,96,29.2732
4,1024,512,100,28.7093
4,1024,512,104,28.7909
4,1024,512,108,28.1099
4,1024,512,112,28.5065
4,1024,512,116,27.7486
4,1024,512,120,27.3808
4,1024,512,124,23.9274
4,1024,512,128,26.8255
4,1024,512,132,26.8369
4,1024,512,136,26.6889
4,1024,512,140,26.5543
4,1024,512,144,25.9683
4,1024,512,148,25.5979
4,1024,512,152,25.6148
4,1024,512,156,24.7744
4,1024,512,160,24.7891
4,1024,512,164,23.9546
4,1024,512,168,24.2902
4,1024,512,172,24.2662
4,1024,512,176,23.7616
4,1024,512,180,23.5591
4,1024,512,184,23.8187
4,1024,512,188,23.4604
4,1024,512,192,23.1145
4,1024,512,196,23.0879
4,1024,512,200,22.6332
4,1024,512,204,22.8451
4,1024,512,208,22.274
4,1024,512,212,22.5117
4,1024,512,216,21.8673
4,1024,512,220,21.5124
4,1024,512,224,21.7307
4,1024,512,228,21.0432
4,1024,512,232,20.7273
4,1024,512,236,20.9773
4,1024,512,240,20.2162
4,1024,512,244,20.4932
4,1024,512,248,19.4338
4,1024,512,252,19.2867
4,1024,512,256,19.6488
4,1024,32,8,28.2761
4,1024,32,12,31.6106
4,1024,32,16,37.2043
4,1024,36,8,29.2408
4,1024,36,12,36.0933
4,1024,36,16,37.0119
4,1024,40,8,34.8528
4,1024,40,12,37.9635
4,1024,40,16,41.8148
4,1024,40,20,48.5557
4,1024,44,8,35.4325
4,1024,44,12,41.7842
4,1024,44,16,46.9236
4,1024,44,20,47.0965
4,1024,48,8,40.9145
4,1024,48,12,38.8122
4,1024,48,16,44.1185
4,1024,48,20,53.0666
4,1024,48,24,56.3794
4,1024,52,8,41.7914
4,1024,52,12,48.2544
4,1024,52,16,53.0041
4,1024,52,20,56.6508
4,1024,52,24,55.9345
4,1024,56,8,45.1318
4,1024,56,12,51.687
4,1024,56,16,56.8204
4,1024,56,20,60.3906
4,1024,56,24,56.4606
4,1024,56,28,63.305
4,1024,60,8,45.6828
4,1024,60,12,54.3185
4,1024,60,16,59.0321
4,1024,60,20,63.05
4,1024,60,24,60.1532
4,1024,60,28,59.7275
4,1024,64,8,51.444
4,1024,64,12,56.7827
4,1024,64,16,66.9099
4,1024,64,20,63.8101
4,1024,64,24,37.6515
4,1024,64,28,66.6814
4,1024,64,32,60.8252
4,1024,68,8,49.2953
4,1024,68,12,57.4863
4,1024,68,16,62.7428
4,1024,68,20,65.1275
4,1024,68,24,67.7031
4,1024,68,28,65.7669
4,1024,68,32,66.0366
4,1024,72,8,52.5097
4,1024,72,12,60.6513
4,1024,72,16,66.9498
4,1024,72,20,68.4561
4,1024,72,24,68.1747
4,1024,72,28,69.1279
4,1024,72,32,70.8541
4,1024,72,36,74.6032
4,1024,76,8,53.1633
4,1024,76,12,60.8291
4,1024,76,16,67.4968
4,1024,76,20,71.7545
4,1024,76,24,69.372
4,1024,76,28,71.9251
4,1024,76,32,72.3472
4,1024,76,36,70.5771
4,1024,80,8,56.959
4,1024,80,12,63.2274
4,1024,80,16,72.0884
4,1024,80,20,75.0068
4,1024,80,24,73.1087
4,1024,80,28,72.7451
4,1024,80,32,77.3973
4,1024,80,36,74.8303
4,1024,80,40,78.5973
4,1024,84,8,55.519
4,1024,84,12,64.7834
4,1024,84,16,69.4016
4,1024,84,20,69.9444
4,1024,84,24,72.3543
4,1024,84,28,74.6344
4,1024,84,32,75.733
4,1024,84,36,54.6155
4,1024,84,40,73.5713
4,1024,88,8,58.187
4,1024,88,12,65.4449
4,1024,88,16,73.4436
4,1024,88,20,72.1916
4,1024,88,24,77.332
4,1024,88,28,74.098
4,1024,88,32,78.4745
4,1024,88,36,76.895
4,1024,88,40,62.893
4,1024,88,44,77.1374
4,1024,92,8,56.8519
4,1024,92,12,65.6618
4,1024,92,16,72.9126
4,1024,92,20,73.1981
4,1024,92,24,74.9524
4,1024,92,28,73.5783
4,1024,92,32,75.9417
4,1024,92,36,76.9766
4,1024,92,40,73.9506
4,1024,92,44,57.8741
4,1024,96,8,60.1885
4,1024,96,12,67.8638
4,1024,96,16,65.6762
4,1024,96,20,79.0736
4,1024,96,24,80.101
4,1024,96,28,78.2851
4,1024,96,32,82.9566
4,1024,96,36,57.9892
4,1024,96,40,80.6724
4,1024,96,44,77.6685
4,1024,96,48,79.7375
4,1024,100,8,45.4478
4,1024,100,12,64.9487
4,1024,100,16,73.4956
4,1024,100,20,65.0202
4,1024,100,24,76.141
4,1024,100,28,58.158
4,1024,100,32,78.0218
4,1024,100,36,79.3767
4,1024,100,40,78.5174
4,1024,100,44,63.5297
4,1024,100,48,75.4373
4,1024,104,8,61.6936
4,1024,104,12,69.1803
4,1024,104,16,66.2708
4,1024,104,20,66.7045
4,1024,104,24,78.3996
4,1024,104,28,81.0574
4,1024,104,32,81.9209
4,1024,104,36,83.2348
4,1024,104,40,76.0819
4,1024,104,44,74.4715
4,1024,104,48,78.7181
4,1024,104,52,80.4347
4,1024,108,8,59.6376
4,1024,108,12,69.6528
4,1024,108,16,76.1664
4,1024,108,20,75.9134
4,1024,108,24,64.9703
4,1024,108,28,77.8829
4,1024,108,32,67.1701
4,1024,108,36,80.4014
4,1024,108,40,80.098
4,1024,108,44,75.0701
4,1024,108,48,78.5546
4,1024,108,52,75.2338
4,1024,112,8,59.9853
4,1024,112,12,68.1444
4,1024,112,16,75.5679
4,1024,112,20,78.2331
4,1024,112,24,79.5348
4,1024,112,28,79.0421
4,1024,112,32,81.1936
4,1024,112,36,78.3233
4,1024,112,40,69.4534
4,1024,112,44,62.7696
4,1024,112,48,79.4399
4,1024,112,52,77.2634
4,1024,112,56,78.5893
4,1024,116,8,61.9879
4,1024,116,12,71.3692
4,1024,116,16,76.971
4,1024,116,20,80.9174
4,1024,116,24,81.0322
4,1024,116,28,80.351
4,1024,116,32,70.9908
4,1024,116,36,58.3776
4,1024,116,40,79.4657
4,1024,116,44,68.0292
4,1024,116,48,82.5374
4,1024,116,52,81.0294
4,1024,116,56,78.06
4,1024,120,8,61.695
4,1024,120,12,71.6561
4,1024,120,16,74.8679
4,1024,120,20,67.5098
4,1024,120,24,82.9867
4,1024,120,28,81.1058
4,1024,120,32,84.5836
4,1024,120,36,79.9198
4,1024,120,40,74.4478
4,1024,120,44,80.8486
4,1024,120,48,79.3589
4,1024,120,52,79.6865
4,1024,120,56,78.2453
4,1024,120,60,76.6964
4,1024,124,8,60.1551
4,1024,124,12,68.7174
4,1024,124,16,76.5296
4,1024,124,20,77.0478
4,1024,124,24,78.0464
4,1024,124,28,65.6328
4,1024,124,32,82.3513
4,1024,124,36,80.6358
4,1024,124,40,79.7086
4,1024,124,44,79.6356
4,1024,124,48,79.5465
4,1024,124,52,80.567
4,1024,124,56,78.8718
4,1024,124,60,76.9271
4,1024,128,8,62.4522
4,1024,128,12,70.613
4,1024,128,16,67.7174
4,1024,128,20,79.7539
4,1024,128,24,77.8688
4,1024,128,28,81.3286
4,1024,128,32,75.621
4,1024,128,36,67.2324
4,1024,128,40,82.1598
4,1024,128,44,82.6182
4,1024,128,48,82.1885
4,1024,128,52,80.4114
4,1024,128,56,79.8174
4,1024,128,60,78.2944
4,1024,128,64,57.9391
4,1024,132,8,62.7783
4,1024,132,12,71.5376
4,1024,132,16,78.8432
4,1024,132,20,82.6404
4,1024,132,24,81.4781
4,1024,132,28,84.0115
4,1024,132,32,78.9651
4,1024,132,36,83.2429
4,1024,132,40,82.0799
4,1024,132,44,83.7759
4,1024,132,48,83.2135
4,1024,132,52,82.8436
4,1024,132,56,81.8979
4,1024,132,60,78.2013
4,1024,132,64,78.242
4,1024,136,8,64.2119
4,1024,136,12,71.2038
4,1024,136,16,78.6522
4,1024,136,20,81.9597
4,1024,136,24,83.8313
4,1024,136,28,82.8133
4,1024,136,32,83.8873
4,1024,136,36,60.2782
4,1024,136,40,83.3002
4,1024,136,44,80.4852
4,1024,136,48,83.9481
4,1024,136,52,56.5256
4,1024,136,56,81.9333
4,1024,136,60,79.3416
4,1024,136,64,79.3104
4,1024,136,68,79.6242
4,1024,140,8,61.9016
4,1024,140,12,71.0777
4,1024,140,16,78.3846
4,1024,140,20,80.9705
4,1024,140,24,81.6429
4,1024,140,28,79.3016
4,1024,140,32,82.5207
4,1024,140,36,83.7111
4,1024,140,40,55.1439
4,1024,140,44,64.5186
4,1024,140,48,81.4531
4,1024,140,52,81.3736
4,1024,140,56,76.5853
4,1024,140,60,66.1788
4,1024,140,64,77.0964
4,1024,140,68,74.9687
4,1024,144,8,61.1466
4,1024,144,12,70.9917
4,1024,144,16,77.9797
4,1024,144,20,78.8731
4,1024,144,24,81.3167
4,1024,144,28,79.9059
4,1024,144,32,84.0236
4,1024,144,36,83.8183
4,1024,144,40,75.7512
4,1024,144,44,79.5477
4,1024,144,48,59.4365
4,1024,144,52,79.9608
4,1024,144,56,79.2376
4,1024,144,60,77.9438
4,1024,144,64,75.9682
4,1024,144,68,74.6458
4,1024,144,72,76.7109
4,1024,148,8,62.8011
4,1024,148,12,72.9709
4,1024,148,16,78.3307
4,1024,148,20,59.5449
4,1024,148,24,82.2836
4,1024,148,28,72.3621
4,1024,148,32,84.1328
4,1024,148,36,80.3145
4,1024,148,40,84.7751
4,1024,148,44,77.6481
4,1024,148,48,81.3535
4,1024,148,52,81.1409
4,1024,148,56,80.4754
4,1024,148,60,78.9267
4,1024,148,64,79.2842
4,1024,148,68,78.3036
4,1024,148,72,75.8135
4,1024,152,8,64.5561
4,1024,152,12,71.8717
4,1024,152,16,79.8204
4,1024,152,20,62.5497
4,1024,152,24,82.3752
4,1024,152,28,72.0747
4,1024,152,32,71.8315
4,1024,152,36,83.4205
4,1024,152,40,82.9087
4,1024,152,44,57.1056
4,1024,152,48,83.9457
4,1024,152,52,83.5152
4,1024,152,56,80.7766
4,1024,152,60,78.9024
4,1024,152,64,80.3164
4,1024,152,68,78.0704
4,1024,152,72,73.7856
4,1024,152,76,58.394
4,1024,156,8,62.8087
4,1024,156,12,72.6803
4,1024,156,16,78.8254
4,1024,156,20,81.9916
4,1024,156,24,58.5493
4,1024,156,28,81.2585
4,1024,156,32,84.9471
4,1024,156,36,83.701
4,1024,156,40,82.5993
4,1024,156,44,82.0682
4,1024,156,48,79.4251
4,1024,156,52,82.3579
4,1024,156,56,79.7435
4,1024,156,60,79.3794
4,1024,156,64,77.3275
4,1024,156,68,77.4455
4,1024,156,72,75.5865
4,1024,156,76,71.9289
4,1024,160,8,61.9801
4,1024,160,12,69.1824
4,1024,160,16,77.1909
4,1024,160,20,78.4263
4,1024,160,24,58.9807
4,1024,160,28,69.8036
4,1024,160,32,76.0651
4,1024,160,36,82.0886
4,1024,160,40,84.3494
4,1024,160,44,80.0842
4,1024,160,48,63.8093
4,1024,160,52,79.2468
4,1024,160,56,70.251
4,1024,160,60,78.0812
4,1024,160,64,76.9716
4,1024,160,68,75.2413
4,1024,160,72,74.5999
4,1024,160,76,71.5715
4,1024,160,80,73.9884
4,1024,164,8,60.818
4,1024,164,12,65.2521
4,1024,164,16,76.9112
4,1024,164,20,78.6196
4,1024,164,24,81.0871
4,1024,164,28,80.6691
4,1024,164,32,79.6636
4,1024,164,36,82.7743
4,1024,164,40,81.6427
4,1024,164,44,68.449
4,1024,164,48,71.7771
4,1024,164,52,78.7653
4,1024,164,56,75.1235
4,1024,164,60,77.3817
4,1024,164,64,75.9408
4,1024,164,68,57.7179
4,1024,164,72,74.3622
4,1024,164,76,52.9734
4,1024,164,80,71.301
4,1024,168,8,60.4702
4,1024,168,12,68.1209
4,1024,168,16,76.386
4,1024,168,20,77.795
4,1024,168,24,80.6955
4,1024,168,28,79.6129
4,1024,168,32,80.4874
4,1024,168,36,80.9981
4,1024,168,40,68.6611
4,1024,168,44,64.9045
4,1024,168,48,78.9714
4,1024,168,52,77.7663
4,1024,168,56,76.9136
4,1024,168,60,75.9383
4,1024,168,64,77.496
4,1024,168,68,75.7501
4,1024,168,72,73.3766
4,1024,168,76,71.6108
4,1024,168,80,60.0847
4,1024,168,84,62.2584
4,1024,172,8,60.0614
4,1024,172,12,69.6137
4,1024,172,16,77.2589
4,1024,172,20,78.2708
4,1024,172,24,80.2574
4,1024,172,28,79.871
4,1024,172,32,81.7356
4,1024,172,36,82.2686
4,1024,172,40,81.6655
4,1024,172,44,79.1085
4,1024,172,48,80.7408
4,1024,172,52,79.1857
4,1024,172,56,76.8246
4,1024,172,60,72.2023
4,1024,172,64,76.716
4,1024,172,68,77.3131
4,1024,172,72,76.0719
4,1024,172,76,74.0299
4,1024,172,80,72.5363
4,1024,172,84,70.4407
4,1024,176,8,61.0383
4,1024,176,12,70.7
4,1024,176,16,78.8836
4,1024,176,20,80.8373
4,1024,176,24,65.3219
4,1024,176,28,79.6093
4,1024,176,32,83.1104
4,1024,176,36,67.6793
4,1024,176,40,75.464
4,1024,176,44,81.4978
4,1024,176,48,83.1233
4,1024,176,52,79.6874
4,1024,176,56,78.4266
4,1024,176,60,78.1651
4,1024,176,64,76.6202
4,1024,176,68,78.0618
4,1024,176,72,76.7919
4,1024,176,76,75.1975
4,1024,176,80,75.2733
4,1024,176,84,72.2007
4,1024,176,88,56.2565
4,1024,180,8,61.5147
4,1024,180,12,69.3343
4,1024,180,16,76.6813
4,1024,180,20,79.3589
4,1024,180,24,73.1457
4,1024,180,28,79.3121
4,1024,180,32,82.2788
4,1024,180,36,81.6996
4,1024,180,40,80.4422
4,1024,180,44,67.3328
4,1024,180,48,81.5138
4,1024,180,52,77.8095
4,1024,180,56,76.9613
4,1024,180,60,64.8189
4,1024,180,64,75.7297
4,1024,180,68,75.732
4,1024,180,72,75.7513
4,1024,180,76,74.2942
4,1024,180,80,72.5935
4,1024,180,84,69.8021
4,1024,180,88,69.1048
4,1024,184,8,60.9398
4,1024,184,12,68.7949
4,1024,184,16,76.4974
4,1024,184,20,79.0446
4,1024,184,24,81.2705
4,1024,184,28,80.7715
4,1024,184,32,83.7984
4,1024,184,36,80.765
4,1024,184,40,81.6837
4,1024,184,44,76.6489
4,1024,184,48,81.0697
4,1024,184,52,77.4918
4,1024,184,56,75.2477
4,1024,184,60,64.3458
4,1024,184,64,75.8494
4,1024,184,68,77.1593
4,1024,184,72,76.2031
4,1024,184,76,74.408
4,1024,184,80,73.4431
4,1024,184,84,70.9877
4,1024,184,88,69.1416
4,1024,184,92,67.4057
4,1024,188,8,60.5763
4,1024,188,12,69.8187
4,1024,188,16,76.0159
4,1024,188,20,79.227
4,1024,188,24,80.2412
4,1024,188,28,80.901
4,1024,188,32,77.6771
4,1024,188,36,80.4666
4,1024,188,40,80.9736
4,1024,188,44,76.9039
4,1024,188,48,79.0907
4,1024,188,52,77.149
4,1024,188,56,76.6362
4,1024,188,60,73.8045
4,1024,188,64,26.4185
4,1024,188,68,74.1811
4,1024,188,72,72.8949
4,1024,188,76,70.7744
4,1024,188,80,71.3917
4,1024,188,84,69.7248
4,1024,188,88,67.2671
4,1024,188,92,53.4174
4,1024,192,8,57.4855
4,1024,192,12,66.0118
4,1024,192,16,73.678
4,1024,192,20,75.072
4,1024,192,24,75.0962
4,1024,192,28,76.1308
4,1024,192,32,79.724
4,1024,192,36,75.9438
4,1024,192,40,77.8241
4,1024,192,44,75.6993
4,1024,192,48,78.301
4,1024,192,52,76.3873
4,1024,192,56,74.1823
4,1024,192,60,74.5436
4,1024,192,64,74.7859
4,1024,192,68,74.3375
4,1024,192,72,73.9717
4,1024,192,76,62.6135
4,1024,192,80,71.1793
4,1024,192,84,69.1716
4,1024,192,88,66.0096
4,1024,192,92,47.9762
4,1024,192,96,64.3232
4,1024,196,8,44.8234
4,1024,196,12,65.9248
4,1024,196,16,71.0492
4,1024,196,20,75.9344
4,1024,196,24,75.9797
4,1024,196,28,75.6892
4,1024,196,32,79.5858
4,1024,196,36,77.1078
4,1024,196,40,78.3198
4,1024,196,44,78.028
4,1024,196,48,75.2771
4,1024,196,52,76.0911
4,1024,196,56,73.6637
4,1024,196,60,74.3248
4,1024,196,64,73.3683
4,1024,196,68,72.8402
4,1024,196,72,71.9739
4,1024,196,76,71.7176
4,1024,196,80,70.5151
4,1024,196,84,68.4119
4,1024,196,88,66.9303
4,1024,196,92,66.0394
4,1024,196,96,60.9411
4,1024,200,8,57.5277
4,1024,200,12,65.9589
4,1024,200,16,72.8135
4,1024,200,20,74.9439
4,1024,200,24,74.6356
4,1024,200,28,75.6889
4,1024,200,32,77.1029
4,1024,200,36,75.1138
4,1024,200,40,77.6975
4,1024,200,44,75.0446
4,1024,200,48,75.6342
4,1024,200,52,70.4373
4,1024,200,56,66.7089
4,1024,200,60,72.9895
4,1024,200,64,72.5554
4,1024,200,68,69.614
4,1024,200,72,71.3538
4,1024,200,76,70.6025
4,1024,200,80,70.7777
4,1024,200,84,67.7076
4,1024,200,88,67.3833
4,1024,200,92,64.7826
4,1024,200,96,63.0979
4,1024,200,100,63.1382
4,1024,204,8,54.0265
4,1024,204,12,65.1704
4,1024,204,16,71.6308
4,1024,204,20,73.4175
4,1024,204,24,74.7179
4,1024,204,28,74.1119
4,1024,204,32,75.3868
4,1024,204,36,74.6997
4,1024,204,40,73.409
4,1024,204,44,73.2635
4,1024,204,48,72.6854
4,1024,204,52,73.2532
4,1024,204,56,73.0162
4,1024,204,60,72.6958
4,1024,204,64,70.6284
4,1024,204,68,70.7578
4,1024,204,72,67.2667
4,1024,204,76,69.0388
4,1024,204,80,68.6012
4,1024,204,84,66.965
4,1024,204,88,65.0492
4,1024,204,92,63.6565
4,1024,204,96,61.3586
4,1024,204,100,60.6248
4,1024,208,8,57.7764
4,1024,208,12,66.0441
4,1024,208,16,74.2081
4,1024,208,20,74.5696
4,1024,208,24,77.511
4,1024,208,28,76.7512
4,1024,208,32,78.9688
4,1024,208,36,78.6823
4,1024,208,40,77.8033
4,1024,208,44,66.3392
4,1024,208,48,78.0604
4,1024,208,52,74.6065
4,1024,208,56,70.0889
4,1024,208,60,72.7277
4,1024,208,64,73.5415
4,1024,208,68,70.1197
4,1024,208,72,72.7157
4,1024,208,76,71.0594
4,1024,208,80,67.2898
4,1024,208,84,69.2914
4,1024,208,88,67.2993
4,1024,208,92,66.1537
4,1024,208,96,66.1828
4,1024,208,100,64.1235
4,1024,208,104,63.5076
4,1024,212,8,58.2839
4,1024,212,12,51.5566
4,1024,212,16,71.8279
4,1024,212,20,71.5215
4,1024,212,24,76.1357
4,1024,212,28,76.6363
4,1024,212,32,78.6884
4,1024,212,36,78.2993
4,1024,212,40,77.4924
4,1024,212,44,76.8013
4,1024,212,48,77.063
4,1024,212,52,73.1045
4,1024,212,56,74.2377
4,1024,212,60,72.4018
4,1024,212,64,72.8741
4,1024,212,68,70.426
4,1024,212,72,64.6533
4,1024,212,76,70.5214
4,1024,212,80,70.5428
4,1024,212,84,69.0355
4,1024,212,88,68.2112
4,1024,212,92,66.6374
4,1024,212,96,59.0403
4,1024,212,100,63.608
4,1024,212,104,61.4323
4,1024,216,8,57.3195
4,1024,216,12,67.2439
4,1024,216,16,72.5088
4,1024,216,20,73.2227
4,1024,216,24,77.8729
4,1024,216,28,75.3431
4,1024,216,32,54.7645
4,1024,216,36,77.675
4,1024,216,40,71.7869
4,1024,216,44,76.0403
4,1024,216,48,75.1321
4,1024,216,52,72.8974
4,1024,216,56,72.409
4,1024,216,60,73.1718
4,1024,216,64,72.8057
4,1024,216,68,70.2528
4,1024,216,72,69.7743
4,1024,216,76,50.4346
4,1024,216,80,69.0606
4,1024,216,84,61.4537
4,1024,216,88,66.0547
4,1024,216,92,65.3437
4,1024,216,96,65.8694
4,1024,216,100,62.7231
4,1024,216,104,62.5298
4,1024,216,108,61.7204
4,1024,220,8,57.794
4,1024,220,12,64.9571
4,1024,220,16,67.2198
4,1024,220,20,74.972
4,1024,220,24,76.1057
4,1024,220,28,74.4725
4,1024,220,32,66.7297
4,1024,220,36,63.7982
4,1024,220,40,61.651
4,1024,220,44,74.2581
4,1024,220,48,74.1571
4,1024,220,52,72.4136
4,1024,220,56,74.1
4,1024,220,60,72.8512
4,1024,220,64,70.7394
4,1024,220,68,70.8245
4,1024,220,72,68.4833
4,1024,220,76,69.2822
4,1024,220,80,67.8534
4,1024,220,84,68.0727
4,1024,220,88,65.615
4,1024,220,92,56.533
4,1024,220,96,63.5733
4,1024,220,100,60.6491
4,1024,220,104,59.7079
4,1024,220,108,58.5391
4,1024,224,8,55.5794
4,1024,224,12,64.756
4,1024,224,16,72.2359
4,1024,224,20,73.5961
4,1024,224,24,75.2809
4,1024,224,28,75.407
4,1024,224,32,76.3814
4,1024,224,36,74.8206
4,1024,224,40,75.2602
4,1024,224,44,72.6789
4,1024,224,48,74.799
4,1024,224,52,65.4398
4,1024,224,56,72.6092
4,1024,224,60,27.5065
4,1024,224,64,71.5181
4,1024,224,68,63.2515
4,1024,224,72,69.1033
4,1024,224,76,67.5432
4,1024,224,80,52.7432
4,1024,224,84,66.3898
4,1024,224,88,65.8742
4,1024,224,92,64.1088
4,1024,224,96,62.0835
4,1024,224,100,62.1785
4,1024,224,104,60.4873
4,1024,224,108,57.8916
4,1024,224,112,58.7336
4,1024,228,8,56.9806
4,1024,228,12,65.0141
4,1024,228,16,71.5783
4,1024,228,20,71.774
4,1024,228,24,73.1543
4,1024,228,28,74.38
4,1024,228,32,74.5575
4,1024,228,36,73.3973
4,1024,228,40,76.3301
4,1024,228,44,73.7467
4,1024,228,48,75.0132
4,1024,228,52,72.0916
4,1024,228,56,72.5811
4,1024,228,60,71.4201
4,1024,228,64,69.7313
4,1024,228,68,67.7977
4,1024,228,72,68.4265
4,1024,228,76,67.8297
4,1024,228,80,66.9042
4,1024,228,84,66.6308
4,1024,228,88,65.988
4,1024,228,92,64.6471
4,1024,228,96,62.6096
4,1024,228,100,61.1171
4,1024,228,104,58.0649
4,1024,228,108,58.7337
4,1024,228,112,57.3446
4,1024,232,8,56.7754
4,1024,232,12,63.8628
4,1024,232,16,54.8518
4,1024,232,20,72.9262
4,1024,232,24,62.0832
4,1024,232,28,71.6424
4,1024,232,32,75.2992
4,1024,232,36,75.1751
4,1024,232,40,74.2408
4,1024,232,44,70.9878
4,1024,232,48,72.9077
4,1024,232,52,71.359
4,1024,232,56,68.577
4,1024,232,60,70.0253
4,1024,232,64,71.8466
4,1024,232,68,70.4186
4,1024,232,72,68.7561
4,1024,232,76,66.4214
4,1024,232,80,67.0424
4,1024,232,84,66.196
4,1024,232,88,65.1186
4,1024,232,92,63.5201
4,1024,232,96,49.3976
4,1024,232,100,54.4592
4,1024,232,104,60.565
4,1024,232,108,58.7773
4,1024,232,112,57.7079
4,1024,232,116,56.4856
4,1024,236,8,56.4552
4,1024,236,12,63.3825
4,1024,236,16,54.4229
4,1024,236,20,55.2919
4,1024,236,24,73.0156
4,1024,236,28,72.1283
4,1024,236,32,53.3376
4,1024,236,36,72.6469
4,1024,236,40,72.1611
4,1024,236,44,70.827
4,1024,236,48,72.4182
4,1024,236,52,71.4947
4,1024,236,56,62.512
4,1024,236,60,67.797
4,1024,236,64,67.4588
4,1024,236,68,68.0772
4,1024,236,72,68.4282
4,1024,236,76,62.5808
4,1024,236,80,58.1653
4,1024,236,84,65.317
4,1024,236,88,64.8489
4,1024,236,92,62.9579
4,1024,236,96,62.8207
4,1024,236,100,61.5491
4,1024,236,104,60.0191
4,1024,236,108,57.5661
4,1024,236,112,56.4122
4,1024,236,116,55.8701
4,1024,240,8,55.7136
4,1024,240,12,63.5852
4,1024,240,16,67.2922
4,1024,240,20,72.9164
4,1024,240,24,65.555
4,1024,240,28,70.7114
4,1024,240,32,72.5641
4,1024,240,36,69.6199
4,1024,240,40,72.264
4,1024,240,44,71.4742
4,1024,240,48,64.5731
4,1024,240,52,69.1489
4,1024,240,56,69.148
4,1024,240,60,70.6037
4,1024,240,64,70.864
4,1024,240,68,67.0604
4,1024,240,72,63.7844
4,1024,240,76,64.3842
4,1024,240,80,57.992
4,1024,240,84,64.3216
4,1024,240,88,50.6477
4,1024,240,92,62.8099
4,1024,240,96,63.5328
4,1024,240,100,61.2154
4,1024,240,104,60.642
4,1024,240,108,58.8311
4,1024,240,112,57.2126
4,1024,240,116,55.6787
4,1024,240,120,55.6909
4,1024,244,8,54.548
4,1024,244,12,60.2838
4,1024,244,16,63.4539
4,1024,244,20,72.1519
4,1024,244,24,71.5821
4,1024,244,28,73.392
4,1024,244,32,69.9657
4,1024,244,36,70.1852
4,1024,244,40,71.3623
4,1024,244,44,70.1845
4,1024,244,48,69.8731
4,1024,244,52,67.8956
4,1024,244,56,67.8628
4,1024,244,60,68.726
4,1024,244,64,69.0753
4,1024,244,68,68.2574
4,1024,244,72,65.9913
4,1024,244,76,65.2333
4,1024,244,80,53.888
4,1024,244,84,64.1966
4,1024,244,88,62.3934
4,1024,244,92,56.4523
4,1024,244,96,61.2585
4,1024,244,100,59.3535
4,1024,244,104,58.8405
4,1024,244,108,57.5699
4,1024,244,112,56.4649
4,1024,244,116,54.8306
4,1024,244,120,54.2212
4,1024,248,8,53.4587
4,1024,248,12,61.1542
4,1024,248,16,67.2706
4,1024,248,20,69.9526
4,1024,248,24,67.259
4,1024,248,28,70.3671
4,1024,248,32,74.2564
4,1024,248,36,65.2897
4,1024,248,40,67.9182
4,1024,248,44,67.8412
4,1024,248,48,68.3002
4,1024,248,52,68.2056
4,1024,248,56,66.7673
4,1024,248,60,59.3422
4,1024,248,64,67.8713
4,1024,248,68,63.4831
4,1024,248,72,53.233
4,1024,248,76,62.7851
4,1024,248,80,62.5188
4,1024,248,84,62.948
4,1024,248,88,62.361
4,1024,248,92,61.4852
4,1024,248,96,59.8706
4,1024,248,100,58.6879
4,1024,248,104,58.2083
4,1024,248,108,57.6248
4,1024,248,112,55.87
4,1024,248,116,54.5455
4,1024,248,120,53.1615
4,1024,248,124,52.9668
4,1024,252,8,51.5431
4,1024,252,12,59.5716
4,1024,252,16,61.4911
4,1024,252,20,67.0735
4,1024,252,24,69.2302
4,1024,252,28,68.1624
4,1024,252,32,71.982
4,1024,252,36,69.2237
4,1024,252,40,70.7774
4,1024,252,44,70.7367
4,1024,252,48,58.8305
4,1024,252,52,67.3441
4,1024,252,56,69.0513
4,1024,252,60,66.6129
4,1024,252,64,67.0414
4,1024,252,68,64.5387
4,1024,252,72,64.7861
4,1024,252,76,61.9318
4,1024,252,80,62.3862
4,1024,252,84,60.702
4,1024,252,88,60.4022
4,1024,252,92,59.7451
4,1024,252,96,59.7406
4,1024,252,100,57.3781
4,1024,252,104,57.5773
4,1024,252,108,55.5378
4,1024,252,112,54.4157
4,1024,252,116,53.4643
4,1024,252,120,51.3687
4,1024,252,124,49.7916
4,1024,256,8,47.7259
4,1024,256,12,54.1195
4,1024,256,16,47.2705
4,1024,256,20,61.2645
4,1024,256,24,64.719
4,1024,256,28,63.5026
4,1024,256,32,41.9761
4,1024,256,36,64.4197
4,1024,256,40,67.035
4,1024,256,44,64.9302
4,1024,256,48,65.9995
4,1024,256,52,65.5944
4,1024,256,56,65.1213
4,1024,256,60,63.3605
4,1024,256,64,63.6786
4,1024,256,68,61.982
4,1024,256,72,62.2424
4,1024,256,76,60.6702
4,1024,256,80,59.9993
4,1024,256,84,52.9684
4,1024,256,88,58.4468
4,1024,256,92,57.8566
4,1024,256,96,42.11
4,1024,256,100,56.1613
4,1024,256,104,55.7003
4,1024,256,108,53.4552
4,1024,256,112,54.007
4,1024,256,116,52.0472
4,1024,256,120,51.5607
4,1024,256,124,49.2816
4,1024,256,128,49.4068
4,1024,260,8,51.9805
4,1024,260,12,58.702
4,1024,260,16,65.9951
4,1024,260,20,67.1052
4,1024,260,24,69.9711
4,1024,260,28,68.3355
4,1024,260,32,65.6118
4,1024,260,36,70.6934
4,1024,260,40,65.4006
4,1024,260,44,64.6938
4,1024,260,48,64.6886
4,1024,260,52,64.1282
4,1024,260,56,68.8228
4,1024,260,60,67.0953
4,1024,260,64,65.8456
4,1024,260,68,63.1313
4,1024,260,72,63.7127
4,1024,260,76,62.9999
4,1024,260,80,61.1405
4,1024,260,84,59.9599
4,1024,260,88,60.0894
4,1024,260,92,60.2439
4,1024,260,96,59.1432
4,1024,260,100,57.9943
4,1024,260,104,57.6434
4,1024,260,108,56.1109
4,1024,260,112,55.8495
4,1024,260,116,54.4108
4,1024,260,120,53.1279
4,1024,260,124,51.7974
4,1024,260,128,50.6782
4,1024,264,8,52.1798
4,1024,264,12,58.2068
4,1024,264,16,66.0917
4,1024,264,20,67.3609
4,1024,264,24,70.2267
4,1024,264,28,67.1579
4,1024,264,32,69.8696
4,1024,264,36,71.2892
4,1024,264,40,65.8257
4,1024,264,44,64.2196
4,1024,264,48,65.0043
4,1024,264,52,68.6581
4,1024,264,56,69.419
4,1024,264,60,62.0002
4,1024,264,64,66.4103
4,1024,264,68,65.3813
4,1024,264,72,65.1092
4,1024,264,76,62.7856
4,1024,264,80,63.1861
4,1024,264,84,61.5349
4,1024,264,88,60.1891
4,1024,264,92,59.7949
4,1024,264,96,59.5526
4,1024,264,100,58.7511
4,1024,264,104,57.7273
4,1024,264,108,56.9483
4,1024,264,112,55.8351
4,1024,264,116,54.788
4,1024,264,120,53.3203
4,1024,264,124,42.3251
4,1024,264,128,51.0656
4,1024,264,132,50.2805
4,1024,268,8,52.4155
4,1024,268,12,58.3945
4,1024,268,16,64.5247
4,1024,268,20,65.6307
4,1024,268,24,69.2655
4,1024,268,28,68.566
4,1024,268,32,63.3356
4,1024,268,36,65.4557
4,1024,268,40,66.0872
4,1024,268,44,68.4817
4,1024,268,48,69.277
4,1024,268,52,63.4903
4,1024,268,56,68.0306
4,1024,268,60,65.0321
4,1024,268,64,65.4111
4,1024,268,68,63.2493
4,1024,268,72,63.231
4,1024,268,76,58.0371
4,1024,268,80,60.129
4,1024,268,84,58.3775
4,1024,268,88,58.1888
4,1024,268,92,57.4971
4,1024,268,96,57.5944
4,1024,268,100,56.7233
4,1024,268,104,56.4461
4,1024,268,108,54.883
4,1024,268,112,54.9842
4,1024,268,116,36.7409
4,1024,268,120,51.9131
4,1024,268,124,50.7651
4,1024,268,128,49.8035
4,1024,268,132,48.1431
4,1024,272,8,52.1132
4,1024,272,12,56.5371
4,1024,272,16,63.3045
4,1024,272,20,66.8639
4,1024,272,24,67.6295
4,1024,272,28,52.831
4,1024,272,32,70.3661
4,1024,272,36,67.5403
4,1024,272,40,67.6919
4,1024,272,44,63.4828
4,1024,272,48,51.0411
4,1024,272,52,67.1561
4,1024,272,56,66.3118
4,1024,272,60,65.7595
4,1024,272,64,62.4501
4,1024,272,68,64.0507
4,1024,272,72,62.947
4,1024,272,76,60.5862
4,1024,272,80,61.2174
4,1024,272,84,57.1933
4,1024,272,88,52.4188
4,1024,272,92,56.2273
4,1024,272,96,58.0542
4,1024,272,100,56.1504
4,1024,272,104,56.3556
4,1024,272,108,55.1604
4,1024,272,112,54.7401
4,1024,272,116,52.2428
4,1024,272,120,52.71
4,1024,272,124,50.1944
4,1024,272,128,49.5552
4,1024,272,132,48.3654
4,1024,272,136,47.7459
4,1024,276,8,51.2791
4,1024,276,12,56.0836
4,1024,276,16,62.2615
4,1024,276,20,63.1711
4,1024,276,24,65.2897
4,1024,276,28,65.7834
4,1024,276,32,66.7126
4,1024,276,36,66.5933
4,1024,276,40,65.4222
4,1024,276,44,64.6534
4,1024,276,48,64.9021
4,1024,276,52,65.4765
4,1024,276,56,65.9329
4,1024,276,60,63.5865
4,1024,276,64,64.6587
4,1024,276,68,59.1681
4,1024,276,72,62.1434
4,1024,276,76,61.1582
4,1024,276,80,59.6733
4,1024,276,84,58.6999
4,1024,276,88,57.3047
4,1024,276,92,56.7557
4,1024,276,96,56.2636
4,1024,276,100,48.2629
4,1024,276,104,55.7842
4,1024,276,108,55.0725
4,1024,276,112,54.0079
4,1024,276,116,53.1977
4,1024,276,120,52.4856
4,1024,276,124,50.5851
4,1024,276,128,49.8627
4,1024,276,132,48.4891
4,1024,276,136,47.2781
4,1024,280,8,50.1628
4,1024,280,12,56.1172
4,1024,280,16,62.6891
4,1024,280,20,65.348
4,1024,280,24,64.8083
4,1024,280,28,65.7722
4,1024,280,32,67.6896
4,1024,280,36,65.4117
4,1024,280,40,67.0157
4,1024,280,44,64.9115
4,1024,280,48,66.6166
4,1024,280,52,65.0864
4,1024,280,56,53.4547
4,1024,280,60,63.3005
4,1024,280,64,63.5256
4,1024,280,68,60.3701
4,1024,280,72,60.9017
4,1024,280,76,60.3804
4,1024,280,80,46.3004
4,1024,280,84,57.8309
4,1024,280,88,57.441
4,1024,280,92,55.569
4,1024,280,96,56.0541
4,1024,280,100,52.8917
4,1024,280,104,55.0425
4,1024,280,108,54.5238
4,1024,280,112,34.684
4,1024,280,116,52.7244
4,1024,280,120,52.0341
4,1024,280,124,50.6809
4,1024,280,128,49.9865
4,1024,280,132,48.0721
4,1024,280,136,45.8631
4,1024,280,140,44.6393
4,1024,284,8,49.8518
4,1024,284,12,53.5941
4,1024,284,16,62.1505
4,1024,284,20,64.3806
4,1024,284,24,65.0229
4,1024,284,28,63.8674
4,1024,284,32,64.5726
4,1024,284,36,66.1682
4,1024,284,40,64.1637
4,1024,284,44,63.6163
4,1024,284,48,64.5341
4,1024,284,52,62.6126
4,1024,284,56,63.3085
4,1024,284,60,62.2509
4,1024,284,64,61.9612
4,1024,284,68,59.1051
4,1024,284,72,59.2357
4,1024,284,76,59.0751
4,1024,284,80,57.8396
4,1024,284,84,57.0175
4,1024,284,88,53.4599
4,1024,284,92,54.885
4,1024,284,96,54.4597
4,1024,284,100,53.9529
4,1024,284,104,52.6558
4,1024,284,108,52.2662
4,1024,284,112,51.9553
4,1024,284,116,51.8217
4,1024,284,120,51.133
4,1024,284,124,50.0342
4,1024,284,128,48.8435
4,1024,284,132,46.825
4,1024,284,136,46.1658
4,1024,284,140,45.1848
4,1024,288,8,47.7016
4,1024,288,12,54.7484
4,1024,288,16,60.4136
4,1024,288,20,61.5682
4,1024,288,24,63.6854
4,1024,288,28,63.6774
4,1024,288,32,63.4301
4,1024,288,36,62.0014
4,1024,288,40,65.0201
4,1024,288,44,60.2273
4,1024,288,48,60.5979
4,1024,288,52,60.3519
4,1024,288,56,59.4519
4,1024,288,60,60.4353
4,1024,288,64,60.527
4,1024,288,68,59.7386
4,1024,288,72,58.7777
4,1024,288,76,57.1782
4,1024,288,80,57.0968
4,1024,288,84,56.4096
4,1024,288,88,54.4323
4,1024,288,92,53.7524
4,1024,288,96,53.9895
4,1024,288,100,53.482
4,1024,288,104,53.1111
4,1024,288,108,52.2097
4,1024,288,112,45.6582
4,1024,288,116,51.1123
4,1024,288,120,50.3761
4,1024,288,124,48.832
4,1024,288,128,48.3653
4,1024,288,132,47.1392
4,1024,288,136,46.2598
4,1024,288,140,44.9655
4,1024,288,144,44.8625
4,1024,292,8,47.4256
4,1024,292,12,54.4838
4,1024,292,16,61.0242
4,1024,292,20,62.2591
4,1024,292,24,64.4913
4,1024,292,28,63.9259
4,1024,292,32,65.5081
4,1024,292,36,63.9259
4,1024,292,40,62.4322
4,1024,292,44,63.1837
4,1024,292,48,61.5958
4,1024,292,52,63.5855
4,1024,292,56,61.8598
4,1024,292,60,61.235
4,1024,292,64,61.107
4,1024,292,68,59.5559
4,1024,292,72,57.8199
4,1024,292,76,48.3237
4,1024,292,80,58.3121
4,1024,292,84,57.0594
4,1024,292,88,55.2547
4,1024,292,92,54.4115
4,1024,292,96,53.4884
4,1024,292,100,53.1726
4,1024,292,104,53.078
4,1024,292,108,52.1567
4,1024,292,112,46.5211
4,1024,292,116,50.9475
4,1024,292,120,50.2159
4,1024,292,124,48.9516
4,1024,292,128,48.1147
4,1024,292,132,47.3093
4,1024,292,136,46.2676
4,1024,292,140,34.388
4,1024,292,144,43.6142
4,1024,296,8,47.48
4,1024,296,12,54.0964
4,1024,296,16,60.2578
4,1024,296,20,61.2853
4,1024,296,24,62.9725
4,1024,296,28,61.5852
4,1024,296,32,64.0705
4,1024,296,36,48.6433
4,1024,296,40,62.1374
4,1024,296,44,62.6368
4,1024,296,48,61.9745
4,1024,296,52,61.9833
4,1024,296,56,52.5112
4,1024,296,60,58.0957
4,1024,296,64,60.3493
4,1024,296,68,58.4567
4,1024,296,72,57.3468
4,1024,296,76,44.27
4,1024,296,80,56.8675
4,1024,296,84,55.968
4,1024,296,88,55.25
4,1024,296,92,53.5686
4,1024,296,96,52.2528
4,1024,296,100,50.7303
4,1024,296,104,51.6671
4,1024,296,108,50.1694
4,1024,296,112,51.0893
4,1024,296,116,50.0404
4,1024,296,120,49.5108
4,1024,296,124,36.527
4,1024,296,128,47.0286
4,1024,296,132,46.5803
4,1024,296,136,46.1273
4,1024,296,140,44.7318
4,1024,296,144,43.9769
4,1024,296,148,43.0019
4,1024,300,8,46.3126
4,1024,300,12,52.5102
4,1024,300,16,58.9291
4,1024,300,20,60.18
4,1024,300,24,61.8358
4,1024,300,28,61.5234
4,1024,300,32,62.4616
4,1024,300,36,62.6625
4,1024,300,40,61.724
4,1024,300,44,59.9065
4,1024,300,48,45.6599
4,1024,300,52,60.999
4,1024,300,56,59.7386
4,1024,300,60,58.9725
4,1024,300,64,59.4079
4,1024,300,68,55.7032
4,1024,300,72,56.8945
4,1024,300,76,55.2169
4,1024,300,80,55.9162
4,1024,300,84,55.5576
4,1024,300,88,54.0623
4,1024,300,92,53.0908
4,1024,300,96,51.655
4,1024,300,100,51.2503
4,1024,300,104,50.2609
4,1024,300,108,50.3844
4,1024,300,112,48.5389
4,1024,300,116,49.4753
4,1024,300,120,47.9194
4,1024,300,124,47.9568
4,1024,300,128,45.9749
4,1024,300,132,46.0207
4,1024,300,136,45.1067
4,1024,300,140,44.3921
4,1024,300,144,43.0337
4,1024,300,148,41.5616
4,1024,304,8,45.2064
4,1024,304,12,49.9669
4,1024,304,16,57.5227
4,1024,304,20,58.6414
4,1024,304,24,60.0353
4,1024,304,28,60.3731
4,1024,304,32,61.5337
4,1024,304,36,60.8192
4,1024,304,40,60.3524
4,1024,304,44,60.4177
4,1024,304,48,60.5755
4,1024,304,52,58.4013
4,1024,304,56,59.2372
4,1024,304,60,57.3883
4,1024,304,64,58.2731
4,1024,304,68,56.5634
4,1024,304,72,56.6115
4,1024,304,76,55.1163
4,1024,304,80,55.0377
4,1024,304,84,54.2168
4,1024,304,88,53.9211
4,1024,304,92,52.7304
4,1024,304,96,52.1839
4,1024,304,100,50.0311
4,1024,304,104,50.274
4,1024,304,108,49.6955
4,1024,304,112,49.3411
4,1024,304,116,49.1757
4,1024,304,120,48.4679
4,1024,304,124,47.7338
4,1024,304,128,46.7526
4,1024,304,132,45.9062
4,1024,304,136,44.9804
4,1024,304,140,43.4169
4,1024,304,144,42.5142
4,1024,304,148,41.7698
4,1024,304,152,41.1152
4,1024,308,8,44.3059
4,1024,308,12,51.2141
4,1024,308,16,56.5609
4,1024,308,20,57.9667
4,1024,308,24,60.3616
4,1024,308,28,59.0828
4,1024,308,32,21.1584
4,1024,308,36,60.1092
4,1024,308,40,59.3611
4,1024,308,44,58.6015
4,1024,308,48,59.212
4,1024,308,52,59.1772
4,1024,308,56,58.4027
4,1024,308,60,57.1775
4,1024,308,64,56.2582
4,1024,308,68,56.3098
4,1024,308,72,55.7793
4,1024,308,76,53.947
4,1024,308,80,54.4358
4,1024,308,84,53.2542
4,1024,308,88,53.1932
4,1024,308,92,50.296
4,1024,308,96,50.9292
4,1024,308,100,48.9126
4,1024,308,104,49.5889
4,1024,308,108,40.1653
4,1024,308,112,47.9748
4,1024,308,116,48.227
4,1024,308,120,47.8944
4,1024,308,124,46.1977
4,1024,308,128,45.1624
4,1024,308,132,44.8123
4,1024,308,136,44.443
4,1024,308,140,43.6317
4,1024,308,144,42.2646
4,1024,308,148,41.4592
4,1024,308,152,40.3083
4,1024,312,8,43.5019
4,1024,312,12,49.764
4,1024,312,16,55.837
4,1024,312,20,56.2594
4,1024,312,24,58.2553
4,1024,312,28,57.0049
4,1024,312,32,59.5186
4,1024,312,36,58.6623
4,1024,312,40,58.7917
4,1024,312,44,58.3163
4,1024,312,48,58.5291
4,1024,312,52,57.7322
4,1024,312,56,57.1891
4,1024,312,60,55.6904
4,1024,312,64,55.6309
4,1024,312,68,55.3196
4,1024,312,72,52.9484
4,1024,312,76,53.2874
4,1024,312,80,53.6236
4,1024,312,84,52.8201
4,1024,312,88,51.4812
4,1024,312,92,47.4886
4,1024,312,96,50.5734
4,1024,312,100,48.7698
4,1024,312,104,48.2288
4,1024,312,108,47.602
4,1024,312,112,48.1444
4,1024,312,116,46.998
4,1024,312,120,46.5501
4,1024,312,124,46.7272
4,1024,312,128,46.0617
4,1024,312,132,44.4032
4,1024,312,136,44.108
4,1024,312,140,43.1314
4,1024,312,144,42.5258
4,1024,312,148,41.3329
4,1024,312,152,40.6932
4,1024,312,156,40.0069
4,1024,316,8,42.4583
4,1024,316,12,49.1064
4,1024,316,16,54.4155
4,1024,316,20,55.1694
4,1024,316,24,54.6332
4,1024,316,28,44.2006
4,1024,316,32,58.9232
4,1024,316,36,57.8907
4,1024,316,40,57.6516
4,1024,316,44,57.0286
4,1024,316,48,58.0963
4,1024,316,52,56.0478
4,1024,316,56,56.146
4,1024,316,60,55.048
4,1024,316,64,54.8422
4,1024,316,68,53.7078
4,1024,316,72,42.8603
4,1024,316,76,51.9788
4,1024,316,80,52.2565
4,1024,316,84,50.4926
4,1024,316,88,50.4708
4,1024,316,92,49.5501
4,1024,316,96,49.5654
4,1024,316,100,48.5611
4,1024,316,104,46.8964
4,1024,316,108,47.0811
4,1024,316,112,46.8993
4,1024,316,116,37.7617
4,1024,316,120,46.1277
4,1024,316,124,44.7131
4,1024,316,128,44.5266
4,1024,316,132,43.7358
4,1024,316,136,35.8394
4,1024,316,140,41.9246
4,1024,316,144,41.6565
4,1024,316,148,40.5116
4,1024,316,152,39.4111
4,1024,316,156,39.1343
4,1024,320,8,40.7819
4,1024,320,12,46.4358
4,1024,320,16,52.5366
4,1024,320,20,53.3535
4,1024,320,24,55.2991
4,1024,320,28,55.2286
4,1024,320,32,55.8048
4,1024,320,36,56.0271
4,1024,320,40,56.0821
4,1024,320,44,55.6444
4,1024,320,48,55.9691
4,1024,320,52,54.2803
4,1024,320,56,54.8784
4,1024,320,60,53.0239
4,1024,320,64,53.1331
4,1024,320,68,50.9077
4,1024,320,72,52.4871
4,1024,320,76,50.8204
4,1024,320,80,50.0576
4,1024,320,84,49.7246
4,1024,320,88,49.8267
4,1024,320,92,48.2537
4,1024,320,96,48.1248
4,1024,320,100,47.0694
4,1024,320,104,46.6088
4,1024,320,108,45.9381
4,1024,320,112,46.1192
4,1024,320,116,45.3473
4,1024,320,120,45.3038
4,1024,320,124,44.666
4,1024,320,128,43.9541
4,1024,320,132,42.3981
4,1024,320,136,42.5467
4,1024,320,140,32.8477
4,1024,320,144,41.2209
4,1024,320,148,39.9157
4,1024,320,152,38.9619
4,1024,320,156,38.4118
4,1024,320,160,38.305
4,1024,324,8,40.5923
4,1024,324,12,46.1516
4,1024,324,16,51.7845
4,1024,324,20,42.7666
4,1024,324,24,55.4892
4,1024,324,28,55.3868
4,1024,324,32,56.7706
4,1024,324,36,56.3949
4,1024,324,40,56.1287
4,1024,324,44,44.3433
4,1024,324,48,55.5675
4,1024,324,52,54.4789
4,1024,324,56,54.4368
4,1024,324,60,53.2663
4,1024,324,64,51.81
4,1024,324,68,51.8379
4,1024,324,72,52.1244
4,1024,324,76,50.5466
4,1024,324,80,50.3031
4,1024,324,84,50.1056
4,1024,324,88,49.4564
4,1024,324,92,47.809
4,1024,324,96,48.3385
4,1024,324,100,47.3201
4,1024,324,104,46.1783
4,1024,324,108,45.5658
4,1024,324,112,45.55
4,1024,324,116,44.9695
4,1024,324,120,44.0434
4,1024,324,124,43.7789
4,1024,324,128,43.7694
4,1024,324,132,42.9208
4,1024,324,136,42.138
4,1024,324,140,41.6143
4,1024,324,144,40.512
4,1024,324,148,40.306
4,1024,324,152,32.9851
4,1024,324,156,38.1121
4,1024,324,160,37.2145
4,1024,328,8,39.8953
4,1024,328,12,45.4943
4,1024,328,16,51.4974
4,1024,328,20,52.672
4,1024,328,24,48.4868
4,1024,328,28,54.3758
4,1024,328,32,55.2603
4,1024,328,36,50.7011
4,1024,328,40,54.2151
4,1024,328,44,54.1119
4,1024,328,48,55.2987
4,1024,328,52,53.4808
4,1024,328,56,54.0265
4,1024,328,60,52.8108
4,1024,328,64,51.7704
4,1024,328,68,29.9066
4,1024,328,72,51.3352
4,1024,328,76,49.297
4,1024,328,80,50.0129
4,1024,328,84,46.8082
4,1024,328,88,49.0831
4,1024,328,92,47.8465
4,1024,328,96,46.2979
4,1024,328,100,46.4097
4,1024,328,104,45.1656
4,1024,328,108,44.3541
4,1024,328,112,44.5195
4,1024,328,116,44.1786
4,1024,328,120,43.548
4,1024,328,124,35.9758
4,1024,328,128,42.5399
4,1024,328,132,42.1399
4,1024,328,136,41.5715
4,1024,328,140,40.4122
4,1024,328,144,40.3864
4,1024,328,148,39.2205
4,1024,328,152,38.5354
4,1024,328,156,37.5781
4,1024,328,160,37.4104
4,1024,328,164,36.5565
4,1024,332,8,38.6898
4,1024,332,12,40.532
4,1024,332,16,49.0997
4,1024,332,20,51.1571
4,1024,332,24,53.4526
4,1024,332,28,53.1352
4,1024,332,32,54.0759
4,1024,332,36,53.3223
4,1024,332,40,53.3838
4,1024,332,44,52.1798
4,1024,332,48,52.9479
4,1024,332,52,52.5436
4,1024,332,56,52.2472
4,1024,332,60,51.6335
4,1024,332,64,51.1757
4,1024,332,68,50.527
4,1024,332,72,49.2421
4,1024,332,76,48.41
4,1024,332,80,48.5096
4,1024,332,84,47.8294
4,1024,332,88,47.4077
4,1024,332,92,46.7044
4,1024,332,96,46.4969
4,1024,332,100,45.3356
4,1024,332,104,44.3341
4,1024,332,108,41.2628
4,1024,332,112,43.2362
4,1024,332,116,43.0896
4,1024,332,120,42.3883
4,1024,332,124,42.0849
4,1024,332,128,41.6766
4,1024,332,132,41.3129
4,1024,332,136,40.6747
4,1024,332,140,39.0039
4,1024,332,144,39.1193
4,1024,332,148,38.2627
4,1024,332,152,37.7548
4,1024,332,156,37.0662
4,1024,332,160,36.5023
4,1024,332,164,35.3063
4,1024,336,8,37.3494
4,1024,336,12,43.044
4,1024,336,16,47.2075
4,1024,336,20,48.8965
4,1024,336,24,52.0008
4,1024,336,28,50.9696
4,1024,336,32,52.7584
4,1024,336,36,52.4076
4,1024,336,40,52.4715
4,1024,336,44,51.6605
4,1024,336,48,51.8646
4,1024,336,52,50.4424
4,1024,336,56,51.4314
4,1024,336,60,49.9126
4,1024,336,64,49.2322
4,1024,336,68,49.0302
4,1024,336,72,49.4081
4,1024,336,76,48.3079
4,1024,336,80,47.2363
4,1024,336,84,46.539
4,1024,336,88,46.3924
4,1024,336,92,38.8695
4,1024,336,96,45.7005
4,1024,336,100,44.9045
4,1024,336,104,43.5803
4,1024,336,108,42.8493
4,1024,336,112,42.7704
4,1024,336,116,41.7508
4,1024,336,120,42.3501
4,1024,336,124,41.4329
4,1024,336,128,34.2632
4,1024,336,132,33.5391
4,1024,336,136,40.014
4,1024,336,140,39.3694
4,1024,336,144,39.2402
4,1024,336,148,38.036
4,1024,336,152,37.1033
4,1024,336,156,36.6715
4,1024,336,160,36.0239
4,1024,336,164,34.9716
4,1024,336,168,34.6693
4,1024,340,8,35.622
4,1024,340,12,42.5896
4,1024,340,16,46.9226
4,1024,340,20,48.1119
4,1024,340,24,49.7688
4,1024,340,28,50.1567
4,1024,340,32,52.0067
4,1024,340,36,51.3695
4,1024,340,40,52.2717
4,1024,340,44,50.8653
4,1024,340,48,51.3505
4,1024,340,52,50.1181
4,1024,340,56,49.703
4,1024,340,60,49.2462
4,1024,340,64,49.1611
4,1024,340,68,48.6062
4,1024,340,72,48.3688
4,1024,340,76,47.5868
4,1024,340,80,46.9776
4,1024,340,84,45.4119
4,1024,340,88,45.1278
4,1024,340,92,44.1776
4,1024,340,96,44.7782
4,1024,340,100,43.7178
4,1024,340,104,42.9612
4,1024,340,108,42.2078
4,1024,340,112,41.4443
4,1024,340,116,41.0681
4,1024,340,120,41.2807
4,1024,340,124,40.6581
4,1024,340,128,40.5428
4,1024,340,132,39.801
4,1024,340,136,39.3561
4,1024,340,140,38.4877
4,1024,340,144,38.202
4,1024,340,148,37.1514
4,1024,340,152,36.7739
4,1024,340,156,35.6507
4,1024,340,160,35.6803
4,1024,340,164,34.8662
4,1024,340,168,34.0479
4,1024,344,8,36.3191
4,1024,344,12,42.6701
4,1024,344,16,47.6666
4,1024,344,20,48.5477
4,1024,344,24,50.9783
4,1024,344,28,51.1366
4,1024,344,32,52.6635
4,1024,344,36,52.2345
4,1024,344,40,48.1288
4,1024,344,44,52.0354
4,1024,344,48,51.96
4,1024,344,52,51.424
4,1024,344,56,50.8637
4,1024,344,60,50.5691
4,1024,344,64,49.9935
4,1024,344,68,49.3378
4,1024,344,72,49.0521
4,1024,344,76,47.8043
4,1024,344,80,48.1653
4,1024,344,84,47.17
4,1024,344,88,46.8075
4,1024,344,92,45.9581
4,1024,344,96,46.1714
4,1024,344,100,45.2455
4,1024,344,104,44.2703
4,1024,344,108,42.476
4,1024,344,112,42.7218
4,1024,344,116,42.1172
4,1024,344,120,42.0379
4,1024,344,124,41.6108
4,1024,344,128,40.9954
4,1024,344,132,40.7666
4,1024,344,136,40.2698
4,1024,344,140,39.9068
4,1024,344,144,39.1908
4,1024,344,148,38.3321
4,1024,344,152,38.2582
4,1024,344,156,37.3696
4,1024,344,160,36.5948
4,1024,344,164,35.3594
4,1024,344,168,35.2697
4,1024,344,172,34.3301
4,1024,348,8,36.2116
4,1024,348,12,42.8976
4,1024,348,16,47.847
4,1024,348,20,49.033
4,1024,348,24,51.284
4,1024,348,28,50.2165
4,1024,348,32,28.9159
4,1024,348,36,52.2798
4,1024,348,40,52.5563
4,1024,348,44,51.8876
4,1024,348,48,49.395
4,1024,348,52,50.6525
4,1024,348,56,51.4587
4,1024,348,60,49.9411
4,1024,348,64,49.1021
4,1024,348,68,49.1801
4,1024,348,72,49.0425
4,1024,348,76,48.0441
4,1024,348,80,47.9452
4,1024,348,84,46.6416
4,1024,348,88,46.1798
4,1024,348,92,46.1523
4,1024,348,96,45.9247
4,1024,348,100,44.4515
4,1024,348,104,43.6855
4,1024,348,108,43.2118
4,1024,348,112,42.359
4,1024,348,116,40.9365
4,1024,348,120,41.4378
4,1024,348,124,41.3128
4,1024,348,128,40.7806
4,1024,348,132,39.4755
4,1024,348,136,39.9283
4,1024,348,140,39.529
4,1024,348,144,38.9661
4,1024,348,148,37.9601
4,1024,348,152,37.7337
4,1024,348,156,35.2696
4,1024,348,160,36.595
4,1024,348,164,35.6135
4,1024,348,168,35.0375
4,1024,348,172,34.2422
4,1024,352,8,35.4815
4,1024,352,12,40.9458
4,1024,352,16,46.651
4,1024,352,20,47.376
4,1024,352,24,49.5507
4,1024,352,28,49.8741
4,1024,352,32,51.6402
4,1024,352,36,50.9936
4,1024,352,40,51.587
4,1024,352,44,50.8635
4,1024,352,48,51.2867
4,1024,352,52,47.9994
4,1024,352,56,49.9342
4,1024,352,60,48.8721
4,1024,352,64,49.643
4,1024,352,68,48.4129
4,1024,352,72,48.66
4,1024,352,76,47.7427
4,1024,352,80,47.614
4,1024,352,84,46.3091
4,1024,352,88,45.6676
4,1024,352,92,44.9873
4,1024,352,96,45.4176
4,1024,352,100,43.8488
4,1024,352,104,44.0816
4,1024,352,108,43.2461
4,1024,352,112,42.7983
4,1024,352,116,41.2712
4,1024,352,120,40.7794
4,1024,352,124,40.5708
4,1024,352,128,40.5741
4,1024,352,132,39.8948
4,1024,352,136,40.1947
4,1024,352,140,39.176
4,1024,352,144,38.9273
4,1024,352,148,37.743
4,1024,352,152,37.673
4,1024,352,156,36.5212
4,1024,352,160,36.445
4,1024,352,164,30.2691
4,1024,352,168,35.203
4,1024,352,172,33.9711
4,1024,352,176,34.0765
4,1024,356,8,36.4789
4,1024,356,12,41.4528
4,1024,356,16,47.0252
4,1024,356,20,47.647
4,1024,356,24,50.6243
4,1024,356,28,50.7017
4,1024,356,32,51.2048
4,1024,356,36,41.532
4,1024,356,40,51.8453
4,1024,356,44,50.6854
4,1024,356,48,51.4291
4,1024,356,52,50.8365
4,1024,356,56,50.7901
4,1024,356,60,49.7924
4,1024,356,64,50.0606
4,1024,356,68,48.6389
4,1024,356,72,48.8499
4,1024,356,76,47.9899
4,1024,356,80,46.5645
4,1024,356,84,46.588
4,1024,356,88,45.6523
4,1024,356,92,45.596
4,1024,356,96,45.3963
4,1024,356,100,43.73
4,1024,356,104,44.0039
4,1024,356,108,42.2048
4,1024,356,112,42.0242
4,1024,356,116,40.537
4,1024,356,120,40.8181
4,1024,356,124,40.8896
4,1024,356,128,40.1669
4,1024,356,132,40.0434
4,1024,356,136,38.8387
4,1024,356,140,39.43
4,1024,356,144,38.4637
4,1024,356,148,38.0459
4,1024,356,152,37.892
4,1024,356,156,36.8507
4,1024,356,160,33.2983
4,1024,356,164,35.7799
4,1024,356,168,35.2183
4,1024,356,172,34.1893
4,1024,356,176,29.0866
4,1024,360,8,35.848
4,1024,360,12,41.5786
4,1024,360,16,46.4878
4,1024,360,20,47.7157
4,1024,360,24,50.1746
4,1024,360,28,49.6466
4,1024,360,32,51.7881
4,1024,360,36,51.1957
4,1024,360,40,48.8903
4,1024,360,44,50.9119
4,1024,360,48,51.8485
4,1024,360,52,50.6527
4,1024,360,56,50.066
4,1024,360,60,49.3176
4,1024,360,64,49.1999
4,1024,360,68,40.2768
4,1024,360,72,48.5867
4,1024,360,76,47.8457
4,1024,360,80,47.205
4,1024,360,84,46.7277
4,1024,360,88,45.223
4,1024,360,92,44.832
4,1024,360,96,45.7759
4,1024,360,100,44.0471
4,1024,360,104,43.8399
4,1024,360,108,42.8392
4,1024,360,112,35.8783
4,1024,360,116,40.9816
4,1024,360,120,41.4964
4,1024,360,124,40.6882
4,1024,360,128,40.4555
4,1024,360,132,39.8159
4,1024,360,136,39.0268
4,1024,360,140,39.1501
4,1024,360,144,38.8721
4,1024,360,148,37.9455
4,1024,360,152,37.6122
4,1024,360,156,37.0569
4,1024,360,160,35.954
4,1024,360,164,34.9122
4,1024,360,168,35.0982
4,1024,360,172,34.0973
4,1024,360,176,31.2617
4,1024,360,180,33.7231
4,1024,364,8,35.8142
4,1024,364,12,41.2229
4,1024,364,16,46.3434
4,1024,364,20,40.1848
4,1024,364,24,37.4873
4,1024,364,28,48.1991
4,1024,364,32,51.2837
4,1024,364,36,50.596
4,1024,364,40,51.3314
4,1024,364,44,49.7398
4,1024,364,48,51.272
4,1024,364,52,49.7547
4,1024,364,56,49.2757
4,1024,364,60,48.3605
4,1024,364,64,48.9615
4,1024,364,68,47.4936
4,1024,364,72,47.4193
4,1024,364,76,42.516
4,1024,364,80,46.8892
4,1024,364,84,45.5798
4,1024,364,88,45.5049
4,1024,364,92,44.9251
4,1024,364,96,44.9211
4,1024,364,100,43.9322
4,1024,364,104,43.7681
4,1024,364,108,42.5715
4,1024,364,112,41.8677
4,1024,364,116,41.0038
4,1024,364,120,40.549
4,1024,364,124,39.7792
4,1024,364,128,39.5774
4,1024,364,132,39.5186
4,1024,364,136,39.4932
4,1024,364,140,39.0099
4,1024,364,144,38.3337
4,1024,364,148,37.8996
4,1024,364,152,37.03
4,1024,364,156,37.1037
4,1024,364,160,36.0167
4,1024,364,164,35.5202
4,1024,364,168,34.9388
4,1024,364,172,34.3775
4,1024,364,176,33.4274
4,1024,364,180,32.8933
4,1024,368,8,33.7849
4,1024,368,12,40.2761
4,1024,368,16,37.6345
4,1024,368,20,46.3861
4,1024,368,24,48.2279
4,1024,368,28,48.254
4,1024,368,32,50.7288
4,1024,368,36,40.246
4,1024,368,40,50.6004
4,1024,368,44,49.3037
4,1024,368,48,42.1005
4,1024,368,52,48.9832
4,1024,368,56,49.2572
4,1024,368,60,45.8223
4,1024,368,64,47.8585
4,1024,368,68,47.3795
4,1024,368,72,47.1829
4,1024,368,76,45.9336
4,1024,368,80,46.8124
4,1024,368,84,45.3736
4,1024,368,88,44.4156
4,1024,368,92,43.2472
4,1024,368,96,44.3755
4,1024,368,100,43.5531
4,1024,368,104,43.2084
4,1024,368,108,42.2948
4,1024,368,112,42.0637
4,1024,368,116,40.5489
4,1024,368,120,40.1386
4,1024,368,124,39.7776
4,1024,368,128,39.6859
4,1024,368,132,38.8567
4,1024,368,136,39.15
4,1024,368,140,37.5085
4,1024,368,144,38.4881
4,1024,368,148,37.4924
4,1024,368,152,36.7543
4,1024,368,156,36.2058
4,1024,368,160,35.7979
4,1024,368,164,35.5565
4,1024,368,168,35.0916
4,1024,368,172,33.9585
4,1024,368,176,33.2989
4,1024,368,180,32.6974
4,1024,368,184,32.5317
4,1024,372,8,35.1783
4,1024,372,12,40.9218
4,1024,372,16,45.5476
4,1024,372,20,46.8947
4,1024,372,24,48.3703
4,1024,372,28,48.701
4,1024,372,32,50.4198
4,1024,372,36,50.2325
4,1024,372,40,46.7561
4,1024,372,44,49.5813
4,1024,372,48,50.7445
4,1024,372,52,49.4433
4,1024,372,56,49.6321
4,1024,372,60,47.5491
4,1024,372,64,47.9411
4,1024,372,68,39.6733
4,1024,372,72,46.8245
4,1024,372,76,46.2785
4,1024,372,80,36.046
4,1024,372,84,45.677
4,1024,372,88,44.7943
4,1024,372,92,43.101
4,1024,372,96,43.5126
4,1024,372,100,42.976
4,1024,372,104,42.9755
4,1024,372,108,41.5069
4,1024,372,112,41.7434
4,1024,372,116,40.1876
4,1024,372,120,39.4808
4,1024,372,124,38.6728
4,1024,372,128,38.785
4,1024,372,132,39.0077
4,1024,372,136,38.6512
4,1024,372,140,38.4467
4,1024,372,144,37.8105
4,1024,372,148,36.9944
4,1024,372,152,36.8286
4,1024,372,156,36.754
4,1024,372,160,35.9325
4,1024,372,164,35.1563
4,1024,372,168,34.7182
4,1024,372,172,33.8432
4,1024,372,176,33.0652
4,1024,372,180,32.4882
4,1024,372,184,32.144
4,1024,376,8,35.4934
4,1024,376,12,39.8151
4,1024,376,16,44.9711
4,1024,376,20,46.2533
4,1024,376,24,49.1803
4,1024,376,28,48.4589
4,1024,376,32,49.9787
4,1024,376,36,49.6737
4,1024,376,40,50.0601
4,1024,376,44,48.4215
4,1024,376,48,49.6959
4,1024,376,52,48.4791
4,1024,376,56,49.3023
4,1024,376,60,48.0141
4,1024,376,64,48.3102
4,1024,376,68,47.3288
4,1024,376,72,46.9493
4,1024,376,76,46.026
4,1024,376,80,46.2159
4,1024,376,84,44.9213
4,1024,376,88,44.4495
4,1024,376,92,43.6214
4,1024,376,96,43.3954
4,1024,376,100,42.7692
4,1024,376,104,42.9049
4,1024,376,108,35.1735
4,1024,376,112,41.8485
4,1024,376,116,40.1065
4,1024,376,120,39.7069
4,1024,376,124,38.8915
4,1024,376,128,38.9478
4,1024,376,132,38.4488
4,1024,376,136,37.9665
4,1024,376,140,37.8945
4,1024,376,144,37.583
4,1024,376,148,37.042
4,1024,376,152,36.3184
4,1024,376,156,36.1243
4,1024,376,160,35.8312
4,1024,376,164,29.0941
4,1024,376,168,34.2947
4,1024,376,172,34.2641
4,1024,376,176,33.2773
4,1024,376,180,32.8216
4,1024,376,184,31.8418
4,1024,376,188,30.5992
4,1024,380,8,34.6535
4,1024,380,12,39.8852
4,1024,380,16,44.8902
4,1024,380,20,46.122
4,1024,380,24,48.1974
4,1024,380,28,47.3473
4,1024,380,32,49.3274
4,1024,380,36,49.4533
4,1024,380,40,49.7105
4,1024,380,44,48.7572
4,1024,380,48,49.527
4,1024,380,52,48.5501
4,1024,380,56,48.8697
4,1024,380,60,47.4134
4,1024,380,64,47.5214
4,1024,380,68,46.9781
4,1024,380,72,46.0468
4,1024,380,76,45.7236
4,1024,380,80,45.6048
4,1024,380,84,44.0069
4,1024,380,88,43.8913
4,1024,380,92,43.4055
4,1024,380,96,43.193
4,1024,380,100,42.6407
4,1024,380,104,41.8263
4,1024,380,108,41.4564
4,1024,380,112,41.1104
4,1024,380,116,39.9395
4,1024,380,120,39.5597
4,1024,380,124,37.813
4,1024,380,128,38.2686
4,1024,380,132,38.2158
4,1024,380,136,38.0692
4,1024,380,140,37.3724
4,1024,380,144,37.2984
4,1024,380,148,36.3506
4,1024,380,152,36.0992
4,1024,380,156,35.8028
4,1024,380,160,35.2413
4,1024,380,164,35.0638
4,1024,380,168,34.5642
4,1024,380,172,33.7839
4,1024,380,176,32.1307
4,1024,380,180,32.2041
4,1024,380,184,27.4259
4,1024,380,188,31.3165
4,1024,384,8,32.5362
4,1024,384,12,37.2544
4,1024,384,16,42.2666
4,1024,384,20,42.9089
4,1024,384,24,44.8961
4,1024,384,28,45.3663
4,1024,384,32,47.0956
4,1024,384,36,46.0881
4,1024,384,40,47.0295
4,1024,384,44,46.4263
4,1024,384,48,47.2519
4,1024,384,52,46.3982
4,1024,384,56,46.021
4,1024,384,60,45.2398
4,1024,384,64,45.2137
4,1024,384,68,45.0061
4,1024,384,72,44.8309
4,1024,384,76,43.3559
4,1024,384,80,43.8924
4,1024,384,84,43.1185
4,1024,384,88,42.4659
4,1024,384,92,41.7147
4,1024,384,96,41.7946
4,1024,384,100,40.8646
4,1024,384,104,40.2303
4,1024,384,108,39.9062
4,1024,384,112,39.9929
4,1024,384,116,38.9879
4,1024,384,120,38.4758
4,1024,384,124,37.2882
4,1024,384,128,36.9245
4,1024,384,132,35.6935
4,1024,384,136,31.6961
4,1024,384,140,36.3021
4,1024,384,144,36.1225
4,1024,384,148,35.1679
4,1024,384,152,35.1231
4,1024,384,156,34.7591
4,1024,384,160,32.6546
4,1024,384,164,33.7356
4,1024,384,168,33.5622
4,1024,384,172,32.8021
4,1024,384,176,32.2317
4,1024,384,180,31.1828
4,1024,384,184,30.9819
4,1024,384,188,30.4846
4,1024,384,192,30.3945
4,1024,388,8,33.9979
4,1024,388,12,38.5742
4,1024,388,16,43.3498
4,1024,388,20,45.1827
4,1024,388,24,47.055
4,1024,388,28,46.8982
4,1024,388,32,48.8123
4,1024,388,36,36.1472
4,1024,388,40,48.1099
4,1024,388,44,47.7436
4,1024,388,48,48.0882
4,1024,388,52,47.4237
4,1024,388,56,47.2182
4,1024,388,60,46.6267
4,1024,388,64,46.0528
4,1024,388,68,46.2335
4,1024,388,72,45.6992
4,1024,388,76,44.61
4,1024,388,80,44.8919
4,1024,388,84,40.1981
4,1024,388,88,41.4093
4,1024,388,92,42.5671
4,1024,388,96,42.167
4,1024,388,100,42.0973
4,1024,388,104,41.7351
4,1024,388,108,41.2162
4,1024,388,112,40.9395
4,1024,388,116,39.6032
4,1024,388,120,39.0113
4,1024,388,124,33.9869
4,1024,388,128,37.7557
4,1024,388,132,37.7614
4,1024,388,136,37.5157
4,1024,388,140,36.8411
4,1024,388,144,36.5878
4,1024,388,148,35.8275
4,1024,388,152,35.8245
4,1024,388,156,35.0714
4,1024,388,160,34.8132
4,1024,388,164,34.24
4,1024,388,168,33.5501
4,1024,388,172,33.3744
4,1024,388,176,32.8048
4,1024,388,180,32.0432
4,1024,388,184,29.15
4,1024,388,188,30.8252
4,1024,388,192,30.3759
4,1024,392,8,33.7828
4,1024,392,12,36.8889
4,1024,392,16,43.3406
4,1024,392,20,44.2387
4,1024,392,24,47.1377
4,1024,392,28,46.9412
4,1024,392,32,47.7102
4,1024,392,36,47.5132
4,1024,392,40,48.7923
4,1024,392,44,47.7498
4,1024,392,48,47.9868
4,1024,392,52,47.1811
4,1024,392,56,47.7238
4,1024,392,60,42.908
4,1024,392,64,45.5443
4,1024,392,68,45.539
4,1024,392,72,45.5691
4,1024,392,76,44.7412
4,1024,392,80,44.6881
4,1024,392,84,43.6116
4,1024,392,88,43.8686
4,1024,392,92,40.0712
4,1024,392,96,40.6959
4,1024,392,100,41.3085
4,1024,392,104,41.5386
4,1024,392,108,40.8255
4,1024,392,112,38.4601
4,1024,392,116,39.3029
4,1024,392,120,38.9688
4,1024,392,124,37.7092
4,1024,392,128,37.3931
4,1024,392,132,37.3337
4,1024,392,136,37.1668
4,1024,392,140,36.5543
4,1024,392,144,36.3049
4,1024,392,148,36.1855
4,1024,392,152,35.504
4,1024,392,156,35.1592
4,1024,392,160,34.5301
4,1024,392,164,34.1993
4,1024,392,168,33.6442
4,1024,392,172,32.8559
4,1024,392,176,32.6858
4,1024,392,180,31.4793
4,1024,392,184,31.0885
4,1024,392,188,30.6298
4,1024,392,192,30.2716
4,1024,392,196,29.8438
4,1024,396,8,33.3459
4,1024,396,12,38.4414
4,1024,396,16,43.2441
4,1024,396,20,44.719
4,1024,396,24,46.9179
4,1024,396,28,46.2431
4,1024,396,32,47.4113
4,1024,396,36,47.1191
4,1024,396,40,48.087
4,1024,396,44,47.2476
4,1024,396,48,28.2079
4,1024,396,52,47.0876
4,1024,396,56,46.8004
4,1024,396,60,45.4514
4,1024,396,64,45.5715
4,1024,396,68,45.3544
4,1024,396,72,45.1641
4,1024,396,76,43.8014
4,1024,396,80,43.8752
4,1024,396,84,43.2729
4,1024,396,88,42.7291
4,1024,396,92,42.3054
4,1024,396,96,41.6774
4,1024,396,100,40.9771
4,1024,396,104,41.0422
4,1024,396,108,40.443
4,1024,396,112,40.0557
4,1024,396,116,39.1102
4,1024,396,120,38.6462
4,1024,396,124,37.4197
4,1024,396,128,37.0013
4,1024,396,132,36.3431
4,1024,396,136,36.382
4,1024,396,140,35.8359
4,1024,396,144,35.7187
4,1024,396,148,35.2025
4,1024,396,152,35.0829
4,1024,396,156,34.2249
4,1024,396,160,34.0091
4,1024,396,164,33.767
4,1024,396,168,33.0631
4,1024,396,172,32.5957
4,1024,396,176,31.9194
4,1024,396,180,31.2266
4,1024,396,184,30.6956
4,1024,396,188,29.9945
4,1024,396,192,29.6932
4,1024,396,196,29.1135
4,1024,400,8,32.2085
4,1024,400,12,37.4641
4,1024,400,16,42.5961
4,1024,400,20,43.7252
4,1024,400,24,42.5351
4,1024,400,28,44.8178
4,1024,400,32,47.0667
4,1024,400,36,38.2878
4,1024,400,40,47.0319
4,1024,400,44,45.699
4,1024,400,48,41.8478
4,1024,400,52,46.1779
4,1024,400,56,46.0145
4,1024,400,60,44.6987
4,1024,400,64,45.1679
4,1024,400,68,44.2718
4,1024,400,72,44.2594
4,1024,400,76,43.082
4,1024,400,80,43.4365
4,1024,400,84,42.9478
4,1024,400,88,42.6694
4,1024,400,92,41.5293
4,1024,400,96,41.2844
4,1024,400,100,40.4599
4,1024,400,104,40.2678
4,1024,400,108,39.256
4,1024,400,112,39.1221
4,1024,400,116,37.7604
4,1024,400,120,35.8271
4,1024,400,124,37.3401
4,1024,400,128,36.8258
4,1024,400,132,35.8742
4,1024,400,136,36.0361
4,1024,400,140,35.8681
4,1024,400,144,35.3952
4,1024,400,148,34.8472
4,1024,400,152,34.6532
4,1024,400,156,34.5156
4,1024,400,160,31.9425
4,1024,400,164,33.4618
4,1024,400,168,33.0551
4,1024,400,172,32.6841
4,1024,400,176,31.1071
4,1024,400,180,30.8405
4,1024,400,184,31.0206
4,1024,400,188,30.4198
4,1024,400,192,29.7124
4,1024,400,196,25.3259
4,1024,400,200,28.8971
4,1024,404,8,32.5371
4,1024,404,12,37.827
4,1024,404,16,41.6999
4,1024,404,20,43.1763
4,1024,404,24,45.5906
4,1024,404,28,45.1941
4,1024,404,32,46.2912
4,1024,404,36,46.1274
4,1024,404,40,46.7229
4,1024,404,44,45.4573
4,1024,404,48,46.6402
4,1024,404,52,43.0887
4,1024,404,56,45.9635
4,1024,404,60,44.9559
4,1024,404,64,44.9324
4,1024,404,68,44.4249
4,1024,404,72,44.0233
4,1024,404,76,43.0625
4,1024,404,80,42.9668
4,1024,404,84,42.0471
4,1024,404,88,41.5065
4,1024,404,92,41.4816
4,1024,404,96,41.126
4,1024,404,100,39.5587
4,1024,404,104,39.8902
4,1024,404,108,39.1833
4,1024,404,112,39.2849
4,1024,404,116,37.9715
4,1024,404,120,37.7996
4,1024,404,124,37.0732
4,1024,404,128,35.9637
4,1024,404,132,35.485
4,1024,404,136,35.8301
4,1024,404,140,33.9764
4,1024,404,144,34.9035
4,1024,404,148,34.6491
4,1024,404,152,34.3749
4,1024,404,156,33.7911
4,1024,404,160,33.6508
4,1024,404,164,33.1455
4,1024,404,168,32.8757
4,1024,404,172,32.101
4,1024,404,176,31.8604
4,1024,404,180,31.144
4,1024,404,184,30.2012
4,1024,404,188,30.1394
4,1024,404,192,29.5093
4,1024,404,196,29.0967
4,1024,404,200,28.2869
4,1024,408,8,32.2455
4,1024,408,12,36.7504
4,1024,408,16,41.8921
4,1024,408,20,35.5763
4,1024,408,24,45.0165
4,1024,408,28,43.5744
4,1024,408,32,46.823
4,1024,408,36,45.7638
4,1024,408,40,46.4331
4,1024,408,44,45.199
4,1024,408,48,46.4481
4,1024,408,52,45.6938
4,1024,408,56,45.694
4,1024,408,60,44.7559
4,1024,408,64,44.302
4,1024,408,68,43.5007
4,1024,408,72,43.5728
4,1024,408,76,42.8607
4,1024,408,80,42.8448
4,1024,408,84,42.2844
4,1024,408,88,41.4427
4,1024,408,92,41.0122
4,1024,408,96,40.6274
4,1024,408,100,39.7717
4,1024,408,104,39.5977
4,1024,408,108,39.2657
4,1024,408,112,39.1554
4,1024,408,116,38.171
4,1024,408,120,38.0234
4,1024,408,124,37.0673
4,1024,408,128,36.7368
4,1024,408,132,35.7428
4,1024,408,136,35.5283
4,1024,408,140,35.3417
4,1024,408,144,34.84
4,1024,408,148,34.7045
4,1024,408,152,34.4197
4,1024,408,156,33.7404
4,1024,408,160,33.6633
4,1024,408,164,32.6961
4,1024,408,168,32.8984
4,1024,408,172,32.1909
4,1024,408,176,31.9007
4,1024,408,180,30.9639
4,1024,408,184,30.9321
4,1024,408,188,30.0082
4,1024,408,192,29.475
4,1024,408,196,29.0092
4,1024,408,200,28.4573
4,1024,408,204,28.3656
4,1024,412,8,30.4611
4,1024,412,12,36.693
4,1024,412,16,41.6016
4,1024,412,20,42.7123
4,1024,412,24,44.0302
4,1024,412,28,44.7869
4,1024,412,32,46.0663
4,1024,412,36,45.7931
4,1024,412,40,46.0541
4,1024,412,44,45.2309
4,1024,412,48,46.3085
4,1024,412,52,45.0439
4,1024,412,56,43.2591
4,1024,412,60,43.9579
4,1024,412,64,44.5821
4,1024,412,68,43.1638
4,1024,412,72,43.2932
4,1024,412,76,42.5549
4,1024,412,80,41.5349
4,1024,412,84,41.5133
4,1024,412,88,41.1911
4,1024,412,92,40.5915
4,1024,412,96,40.3372
4,1024,412,100,39.0702
4,1024,412,104,33.0239
4,1024,412,108,38.4341
4,1024,412,112,38.131
4,1024,412,116,37.5838
4,1024,412,120,37.5052
4,1024,412,124,27.5857
4,1024,412,128,36.1484
4,1024,412,132,35.219
4,1024,412,136,34.7127
4,1024,412,140,34.5296
4,1024,412,144,34.4634
4,1024,412,148,33.716
4,1024,412,152,34.0978
4,1024,412,156,33.1314
4,1024,412,160,28.5527
4,1024,412,164,32.5036
4,1024,412,168,32.2699
4,1024,412,172,31.1356
4,1024,412,176,31.6265
4,1024,412,180,31.0268
4,1024,412,184,26.87
4,1024,412,188,25.8814
4,1024,412,192,29.1849
4,1024,412,196,28.8171
4,1024,412,200,28.2474
4,1024,412,204,27.612
4,1024,416,8,30.9434
4,1024,416,12,35.4816
4,1024,416,16,40.3657
4,1024,416,20,41.9121
4,1024,416,24,43.5922
4,1024,416,28,39.1634
4,1024,416,32,44.7214
4,1024,416,36,43.6127
4,1024,416,40,36.8941
4,1024,416,44,43.7816
4,1024,416,48,45.1866
4,1024,416,52,43.7246
4,1024,416,56,43.971
4,1024,416,60,42.8763
4,1024,416,64,43.3011
4,1024,416,68,42.4164
4,1024,416,72,42.7131
4,1024,416,76,41.608
4,1024,416,80,35.6974
4,1024,416,84,40.7621
4,1024,416,88,40.5305
4,1024,416,92,39.8668
4,1024,416,96,39.7965
4,1024,416,100,38.8589
4,1024,416,104,38.108
4,1024,416,108,38.0659
4,1024,416,112,37.7351
4,1024,416,116,37.1748
4,1024,416,120,36.6083
4,1024,416,124,36.2209
4,1024,416,128,35.8595
4,1024,416,132,34.8179
4,1024,416,136,34.4297
4,1024,416,140,33.6997
4,1024,416,144,33.773
4,1024,416,148,33.6147
4,1024,416,152,33.3059
4,1024,416,156,33.0344
4,1024,416,160,32.9329
4,1024,416,164,32.2728
4,1024,416,168,30.7171
4,1024,416,172,31.2116
4,1024,416,176,31.0767
4,1024,416,180,30.0147
4,1024,416,184,30.088
4,1024,416,188,29.4058
4,1024,416,192,29.3864
4,1024,416,196,28.6698
4,1024,416,200,28.3315
4,1024,416,204,26.9602
4,1024,416,208,27.5149
4,1024,420,8,31.372
4,1024,420,12,35.5889
4,1024,420,16,40.4144
4,1024,420,20,41.6702
4,1024,420,24,43.3435
4,1024,420,28,43.5655
4,1024,420,32,44.9339
4,1024,420,36,44.1103
4,1024,420,40,44.9009
4,1024,420,44,44.1306
4,1024,420,48,45.0394
4,1024,420,52,41.6859
4,1024,420,56,43.8761
4,1024,420,60,43.0491
4,1024,420,64,43.0553
4,1024,420,68,42.6397
4,1024,420,72,42.9489
4,1024,420,76,41.462
4,1024,420,80,41.7328
4,1024,420,84,40.7083
4,1024,420,88,39.1193
4,1024,420,92,39.8785
4,1024,420,96,39.6105
4,1024,420,100,38.758
4,1024,420,104,38.1905
4,1024,420,108,37.7276
4,1024,420,112,37.7713
4,1024,420,116,36.9676
4,1024,420,120,37.0642
4,1024,420,124,36.4797
4,1024,420,128,35.8387
4,1024,420,132,34.712
4,1024,420,136,34.0315
4,1024,420,140,33.6609
4,1024,420,144,33.3663
4,1024,420,148,33.2753
4,1024,420,152,33.0049
4,1024,420,156,33.003
4,1024,420,160,32.9154
4,1024,420,164,31.6961
4,1024,420,168,32.0277
4,1024,420,172,31.2665
4,1024,420,176,30.6599
4,1024,420,180,30.8678
4,1024,420,184,30.221
4,1024,420,188,29.2115
4,1024,420,192,28.9728
4,1024,420,196,28.5321
4,1024,420,200,28.3185
4,1024,420,204,27.7469
4,1024,420,208,26.8263
4,1024,424,8,30.7171
4,1024,424,12,34.767
4,1024,424,16,39.9207
4,1024,424,20,41.0281
4,1024,424,24,42.9825
4,1024,424,28,42.7195
4,1024,424,32,44.4975
4,1024,424,36,44.0711
4,1024,424,40,43.8879
4,1024,424,44,43.5875
4,1024,424,48,44.548
4,1024,424,52,43.4281
4,1024,424,56,43.6761
4,1024,424,60,42.5542
4,1024,424,64,43.1079
4,1024,424,68,42.0792
4,1024,424,72,42.1715
4,1024,424,76,41.4278
4,1024,424,80,41.444
4,1024,424,84,40.1044
4,1024,424,88,40.0951
4,1024,424,92,39.4293
4,1024,424,96,39.489
4,1024,424,100,36.2039
4,1024,424,104,37.8872
4,1024,424,108,37.2417
4,1024,424,112,37.6799
4,1024,424,116,36.7383
4,1024,424,120,36.6446
4,1024,424,124,35.4988
4,1024,424,128,35.5621
4,1024,424,132,34.7974
4,1024,424,136,34.0502
4,1024,424,140,33.1034
4,1024,424,144,32.7895
4,1024,424,148,33.3609
4,1024,424,152,32.783
4,1024,424,156,32.1824
4,1024,424,160,32.4141
4,1024,424,164,31.4727
4,1024,424,168,31.3264
4,1024,424,172,30.8546
4,1024,424,176,30.2801
4,1024,424,180,30.3776
4,1024,424,184,30.0442
4,1024,424,188,29.3708
4,1024,424,192,28.578
4,1024,424,196,28.7868
4,1024,424,200,24.9154
4,1024,424,204,26.3305
4,1024,424,208,26.6404
4,1024,424,212,27.1257
4,1024,428,8,30.4233
4,1024,428,12,35.2226
4,1024,428,16,39.5081
4,1024,428,20,40.2992
4,1024,428,24,42.6115
4,1024,428,28,42.522
4,1024,428,32,43.6485
4,1024,428,36,43.4966
4,1024,428,40,43.9432
4,1024,428,44,42.6017
4,1024,428,48,43.7976
4,1024,428,52,43.0508
4,1024,428,56,42.3438
4,1024,428,60,42.2112
4,1024,428,64,42.2325
4,1024,428,68,41.2356
4,1024,428,72,41.351
4,1024,428,76,41.0221
4,1024,428,80,40.4004
4,1024,428,84,39.6011
4,1024,428,88,39.039
4,1024,428,92,38.9493
4,1024,428,96,38.1864
4,1024,428,100,37.6385
4,1024,428,104,37.441
4,1024,428,108,37.0276
4,1024,428,112,36.8203
4,1024,428,116,36.055
4,1024,428,120,35.4509
4,1024,428,124,35.482
4,1024,428,128,35.0455
4,1024,428,132,34.0621
4,1024,428,136,33.8951
4,1024,428,140,33.0293
4,1024,428,144,30.3406
4,1024,428,148,32.7421
4,1024,428,152,32.0052
4,1024,428,156,32.0558
4,1024,428,160,31.905
4,1024,428,164,31.6924
4,1024,428,168,31.3767
4,1024,428,172,30.5892
4,1024,428,176,30.4186
4,1024,428,180,29.3344
4,1024,428,184,29.3802
4,1024,428,188,27.656
4,1024,428,192,28.7735
4,1024,428,196,28.361
4,1024,428,200,27.6605
4,1024,428,204,27.035
4,1024,428,208,27.2511
4,1024,428,212,26.1875
4,1024,432,8,29.629
4,1024,432,12,33.9634
4,1024,432,16,39.0069
4,1024,432,20,39.9889
4,1024,432,24,41.8576
4,1024,432,28,41.6749
4,1024,432,32,43.1803
4,1024,432,36,42.5892
4,1024,432,40,43.0656
4,1024,432,44,42.1466
4,1024,432,48,43.1476
4,1024,432,52,42.5248
4,1024,432,56,42.6874
4,1024,432,60,41.0174
4,1024,432,64,41.4466
4,1024,432,68,40.7729
4,1024,432,72,40.7935
4,1024,432,76,40.1855
4,1024,432,80,40.1531
4,1024,432,84,38.8977
4,1024,432,88,38.8209
4,1024,432,92,38.5391
4,1024,432,96,38.341
4,1024,432,100,37.3486
4,1024,432,104,37.1358
4,1024,432,108,36.343
4,1024,432,112,36.6392
4,1024,432,116,35.8278
4,1024,432,120,35.6034
4,1024,432,124,35.1018
4,1024,432,128,34.7443
4,1024,432,132,33.6534
4,1024,432,136,33.4475
4,1024,432,140,32.6949
4,1024,432,144,32.1797
4,1024,432,148,31.9587
4,1024,432,152,32.2604
4,1024,432,156,31.8021
4,1024,432,160,31.6508
4,1024,432,164,31.0389
4,1024,432,168,31.0033
4,1024,432,172,30.376
4,1024,432,176,30.1147
4,1024,432,180,29.3579
4,1024,432,184,29.3184
4,1024,432,188,28.9319
4,1024,432,192,28.581
4,1024,432,196,27.9534
4,1024,432,200,27.7451
4,1024,432,204,27.0616
4,1024,432,208,26.4855
4,1024,432,212,26.0017
4,1024,432,216,26.0807
4,1024,436,8,29.5205
4,1024,436,12,34.0217
4,1024,436,16,38.5765
4,1024,436,20,39.3437
4,1024,436,24,41.543
4,1024,436,28,41.2393
4,1024,436,32,42.431
4,1024,436,36,41.9697
4,1024,436,40,43.196
4,1024,436,44,41.7847
4,1024,436,48,42.7985
4,1024,436,52,42.0672
4,1024,436,56,42.3449
4,1024,436,60,41.2323
4,1024,436,64,41.0656
4,1024,436,68,40.8489
4,1024,436,72,40.2635
4,1024,436,76,39.8241
4,1024,436,80,40.0445
4,1024,436,84,39.237
4,1024,436,88,38.496
4,1024,436,92,38.2545
4,1024,436,96,38.3364
4,1024,436,100,37.356
4,1024,436,104,36.8052
4,1024,436,108,31.2112
4,1024,436,112,35.9445
4,1024,436,116,35.6803
4,1024,436,120,35.6437
4,1024,436,124,34.4664
4,1024,436,128,29.3211
4,1024,436,132,30.0958
4,1024,436,136,33.4259
4,1024,436,140,32.8957
4,1024,436,144,27.6223
4,1024,436,148,32.0535
4,1024,436,152,31.3929
4,1024,436,156,31.4782
4,1024,436,160,31.1653
4,1024,436,164,30.946
4,1024,436,168,30.315
4,1024,436,172,30.2154
4,1024,436,176,29.9061
4,1024,436,180,26.084
4,1024,436,184,28.8902
4,1024,436,188,28.4759
4,1024,436,192,28.4974
4,1024,436,196,27.3025
4,1024,436,200,27.4845
4,1024,436,204,26.9565
4,1024,436,208,26.6691
4,1024,436,212,26.3599
4,1024,436,216,25.5519
4,1024,440,8,29.2671
4,1024,440,12,33.5237
4,1024,440,16,37.4775
4,1024,440,20,32.2297
4,1024,440,24,41.1876
4,1024,440,28,41.093
4,1024,440,32,42.6784
4,1024,440,36,41.9406
4,1024,440,40,34.3118
4,1024,440,44,41.272
4,1024,440,48,42.3963
4,1024,440,52,41.5827
4,1024,440,56,41.8407
4,1024,440,60,40.8626
4,1024,440,64,29.6119
4,1024,440,68,40.1843
4,1024,440,72,40.2454
4,1024,440,76,39.2443
4,1024,440,80,39.5099
4,1024,440,84,38.4615
4,1024,440,88,37.9471
4,1024,440,92,37.6568
4,1024,440,96,37.8615
4,1024,440,100,36.2244
4,1024,440,104,36.7494
4,1024,440,108,35.3608
4,1024,440,112,35.9354
4,1024,440,116,34.9683
4,1024,440,120,35.0646
4,1024,440,124,32.2493
4,1024,440,128,33.8587
4,1024,440,132,33.6592
4,1024,440,136,33.0238
4,1024,440,140,32.3433
4,1024,440,144,31.9652
4,1024,440,148,31.8244
4,1024,440,152,31.6831
4,1024,440,156,26.9228
4,1024,440,160,30.9959
4,1024,440,164,30.7326
4,1024,440,168,30.2636
4,1024,440,172,30.1153
4,1024,440,176,29.6193
4,1024,440,180,29.5157
4,1024,440,184,29.3193
4,1024,440,188,28.482
4,1024,440,192,28.1338
4,1024,440,196,27.777
4,1024,440,200,27.2389
4,1024,440,204,26.7245
4,1024,440,208,26.3106
4,1024,440,212,23.0428
4,1024,440,216,25.7419
4,1024,440,220,25.4175
4,1024,444,8,28.8442
4,1024,444,12,28.6
4,1024,444,16,37.8153
4,1024,444,20,38.6231
4,1024,444,24,39.8291
4,1024,444,28,40.6994
4,1024,444,32,41.3339
4,1024,444,36,41.6516
4,1024,444,40,41.7089
4,1024,444,44,41.184
4,1024,444,48,37.529
4,1024,444,52,41.3805
4,1024,444,56,41.1273
4,1024,444,60,40.6133
4,1024,444,64,40.6317
4,1024,444,68,39.5464
4,1024,444,72,39.3894
4,1024,444,76,38.6218
4,1024,444,80,38.881
4,1024,444,84,38.2958
4,1024,444,88,37.574
4,1024,444,92,36.7783
4,1024,444,96,37.4256
4,1024,444,100,36.5696
4,1024,444,104,36.2484
4,1024,444,108,35.277
4,1024,444,112,35.2651
4,1024,444,116,34.9391
4,1024,444,120,34.524
4,1024,444,124,33.8673
4,1024,444,128,33.6704
4,1024,444,132,33.305
4,1024,444,136,32.7428
4,1024,444,140,32.3543
4,1024,444,144,31.7837
4,1024,444,148,31.1609
4,1024,444,152,30.8186
4,1024,444,156,30.8496
4,1024,444,160,30.5639
4,1024,444,164,27.4487
4,1024,444,168,30.058
4,1024,444,172,25.7377
4,1024,444,176,29.4525
4,1024,444,180,28.8925
4,1024,444,184,28.5853
4,1024,444,188,28.1694
4,1024,444,192,28.0084
4,1024,444,196,27.5831
4,1024,444,200,26.9264
4,1024,444,204,26.4185
4,1024,444,208,23.1131
4,1024,444,212,24.572
4,1024,444,216,25.4118
4,1024,444,220,24.9235
4,1024,448,8,27.509
4,1024,448,12,31.9498
4,1024,448,16,36.5758
4,1024,448,20,37.3604
4,1024,448,24,39.2064
4,1024,448,28,38.6142
4,1024,448,32,40.6413
4,1024,448,36,39.9707
4,1024,448,40,41.0382
4,1024,448,44,39.4901
4,1024,448,48,41.1508
4,1024,448,52,39.9512
4,1024,448,56,39.9314
4,1024,448,60,39.4319
4,1024,448,64,39.4991
4,1024,448,68,38.8356
4,1024,448,72,38.4797
4,1024,448,76,37.7845
4,1024,448,80,37.8891
4,1024,448,84,37.4547
4,1024,448,88,36.8643
4,1024,448,92,36.2593
4,1024,448,96,36.5055
4,1024,448,100,35.2973
4,1024,448,104,35.4786
4,1024,448,108,34.5682
4,1024,448,112,34.4815
4,1024,448,116,33.8883
4,1024,448,120,33.7818
4,1024,448,124,33.386
4,1024,448,128,32.7103
4,1024,448,132,32.2184
4,1024,448,136,32.0014
4,1024,448,140,31.3771
4,1024,448,144,30.7369
4,1024,448,148,30.3676
4,1024,448,152,26.0478
4,1024,448,156,28.3781
4,1024,448,160,29.9482
4,1024,448,164,29.736
4,1024,448,168,29.571
4,1024,448,172,29.2508
4,1024,448,176,25.3388
4,1024,448,180,28.3248
4,1024,448,184,28.196
4,1024,448,188,27.7246
4,1024,448,192,27.2427
4,1024,448,196,23.9596
4,1024,448,200,26.6479
4,1024,448,204,26.0245
4,1024,448,208,25.8845
4,1024,448,212,25.3455
4,1024,448,216,24.8514
4,1024,448,220,24.1728
4,1024,448,224,24.2851
4,1024,452,8,28.4626
4,1024,452,12,28.3041
4,1024,452,16,36.5429
4,1024,452,20,32.2831
4,1024,452,24,39.7898
4,1024,452,28,39.2756
4,1024,452,32,40.8593
4,1024,452,36,40.1609
4,1024,452,40,40.9577
4,1024,452,44,39.7202
4,1024,452,48,40.477
4,1024,452,52,39.7205
4,1024,452,56,40.3146
4,1024,452,60,39.2556
4,1024,452,64,38.7561
4,1024,452,68,38.9331
4,1024,452,72,38.6526
4,1024,452,76,38.2607
4,1024,452,80,38.2065
4,1024,452,84,37.1818
4,1024,452,88,37.0833
4,1024,452,92,36.4607
4,1024,452,96,36.4208
4,1024,452,100,35.9547
4,1024,452,104,34.6537
4,1024,452,108,34.6595
4,1024,452,112,34.174
4,1024,452,116,33.6324
4,1024,452,120,33.7338
4,1024,452,124,33.3366
4,1024,452,128,33.2718
4,1024,452,132,32.5087
4,1024,452,136,31.9036
4,1024,452,140,31.3628
4,1024,452,144,30.9218
4,1024,452,148,30.5303
4,1024,452,152,30.4131
4,1024,452,156,30.068
4,1024,452,160,29.7339
4,1024,452,164,29.5118
4,1024,452,168,29.5279
4,1024,452,172,28.8259
4,1024,452,176,28.8232
4,1024,452,180,28.7448
4,1024,452,184,28.1481
4,1024,452,188,27.8568
4,1024,452,192,27.1576
4,1024,452,196,23.6542
4,1024,452,200,26.6031
4,1024,452,204,26.2639
4,1024,452,208,26.0487
4,1024,452,212,25.2829
4,1024,452,216,25.2668
4,1024,452,220,24.6886
4,1024,452,224,24.4209
4,1024,456,8,27.3428
4,1024,456,12,31.6525
4,1024,456,16,35.9279
4,1024,456,20,37.0985
4,1024,456,24,39.1562
4,1024,456,28,33.027
4,1024,456,32,39.7883
4,1024,456,36,39.8794
4,1024,456,40,40.134
4,1024,456,44,39.6012
4,1024,456,48,40.0496
4,1024,456,52,39.7898
4,1024,456,56,39.9471
4,1024,456,60,39.1248
4,1024,456,64,38.5175
4,1024,456,68,38.489
4,1024,456,72,38.7022
4,1024,456,76,37.5451
4,1024,456,80,37.9482
4,1024,456,84,37.1614
4,1024,456,88,36.0857
4,1024,456,92,36.1253
4,1024,456,96,35.5876
4,1024,456,100,34.8889
4,1024,456,104,35.1241
4,1024,456,108,34.4327
4,1024,456,112,33.8446
4,1024,456,116,33.4094
4,1024,456,120,33.1609
4,1024,456,124,32.4131
4,1024,456,128,32.7707
4,1024,456,132,32.3235
4,1024,456,136,27.064
4,1024,456,140,31.4486
4,1024,456,144,30.7189
4,1024,456,148,30.199
4,1024,456,152,29.9689
4,1024,456,156,29.5115
4,1024,456,160,29.6952
4,1024,456,164,28.1165
4,1024,456,168,29.1261
4,1024,456,172,27.8431
4,1024,456,176,28.6251
4,1024,456,180,28.3478
4,1024,456,184,28.172
4,1024,456,188,27.6624
4,1024,456,192,24.369
4,1024,456,196,26.6596
4,1024,456,200,26.6421
4,1024,456,204,25.9292
4,1024,456,208,25.788
4,1024,456,212,25.5819
4,1024,456,216,25.1881
4,1024,456,220,24.5467
4,1024,456,224,24.1424
4,1024,456,228,23.8043
4,1024,460,8,27.6225
4,1024,460,12,31.4723
4,1024,460,16,30.1055
4,1024,460,20,36.9447
4,1024,460,24,38.6255
4,1024,460,28,38.0287
4,1024,460,32,39.9931
4,1024,460,36,39.6511
4,1024,460,40,39.8453
4,1024,460,44,39.3153
4,1024,460,48,40.2722
4,1024,460,52,39.3048
4,1024,460,56,39.1965
4,1024,460,60,38.3201
4,1024,460,64,38.0071
4,1024,460,68,37.9236
4,1024,460,72,37.7505
4,1024,460,76,37.1352
4,1024,460,80,37.4577
4,1024,460,84,36.4304
4,1024,460,88,35.9878
4,1024,460,92,35.4962
4,1024,460,96,35.454
4,1024,460,100,34.8643
4,1024,460,104,34.5974
4,1024,460,108,33.7173
4,1024,460,112,33.5879
4,1024,460,116,32.8542
4,1024,460,120,32.8189
4,1024,460,124,32.4831
4,1024,460,128,32.3113
4,1024,460,132,31.9217
4,1024,460,136,25.7817
4,1024,460,140,30.6621
4,1024,460,144,30.7217
4,1024,460,148,29.6824
4,1024,460,152,29.4713
4,1024,460,156,29.2766
4,1024,460,160,29.122
4,1024,460,164,28.9146
4,1024,460,168,28.8698
4,1024,460,172,28.2666
4,1024,460,176,28.058
4,1024,460,180,27.9391
4,1024,460,184,27.3259
4,1024,460,188,27.0326
4,1024,460,192,26.6507
4,1024,460,196,26.7834
4,1024,460,200,25.9387
4,1024,460,204,25.4411
4,1024,460,208,25.5729
4,1024,460,212,25.0712
4,1024,460,216,24.7171
4,1024,460,220,24.4036
4,1024,460,224,24.1506
4,1024,460,228,23.4341
4,1024,464,8,26.6033
4,1024,464,12,30.6375
4,1024,464,16,35.0056
4,1024,464,20,35.8275
4,1024,464,24,37.2931
4,1024,464,28,37.5501
4,1024,464,32,38.9126
4,1024,464,36,38.852
4,1024,464,40,39.4239
4,1024,464,44,38.6785
4,1024,464,48,38.8674
4,1024,464,52,38.3507
4,1024,464,56,38.7776
4,1024,464,60,37.9211
4,1024,464,64,37.8027
4,1024,464,68,34.3457
4,1024,464,72,37.2251
4,1024,464,76,36.4591
4,1024,464,80,36.6801
4,1024,464,84,35.9119
4,1024,464,88,35.5656
4,1024,464,92,34.9747
4,1024,464,96,34.3944
4,1024,464,100,34.7064
4,1024,464,104,34.3442
4,1024,464,108,33.2225
4,1024,464,112,33.3769
4,1024,464,116,32.4767
4,1024,464,120,32.528
4,1024,464,124,32.0745
4,1024,464,128,32.1561
4,1024,464,132,31.5528
4,1024,464,136,31.3177
4,1024,464,140,30.5105
4,1024,464,144,30.3823
4,1024,464,148,29.5503
4,1024,464,152,29.3225
4,1024,464,156,29.072
4,1024,464,160,28.7557
4,1024,464,164,28.794
4,1024,464,168,28.4084
4,1024,464,172,28.0155
4,1024,464,176,27.9249
4,1024,464,180,27.4594
4,1024,464,184,27.3925
4,1024,464,188,26.9507
4,1024,464,192,26.614
4,1024,464,196,26.2874
4,1024,464,200,26.2673
4,1024,464,204,23.8713
4,1024,464,208,25.463
4,1024,464,212,24.7746
4,1024,464,216,24.8156
4,1024,464,220,23.893
4,1024,464,224,23.8641
4,1024,464,228,23.4198
4,1024,464,232,23.2008
4,1024,468,8,26.4945
4,1024,468,12,30.6786
4,1024,468,16,34.1252
4,1024,468,20,35.6355
4,1024,468,24,37.101
4,1024,468,28,37.2929
4,1024,468,32,38.4176
4,1024,468,36,38.2884
4,1024,468,40,38.8467
4,1024,468,44,38.2579
4,1024,468,48,38.9988
4,1024,468,52,38.3208
4,1024,468,56,38.4533
4,1024,468,60,38.0241
4,1024,468,64,37.6115
4,1024,468,68,37.3519
4,1024,468,72,37.2878
4,1024,468,76,36.4007
4,1024,468,80,36.1451
4,1024,468,84,35.859
4,1024,468,88,33.2226
4,1024,468,92,33.4031
4,1024,468,96,34.86
4,1024,468,100,34.1088
4,1024,468,104,33.6585
4,1024,468,108,33.2135
4,1024,468,112,32.8763
4,1024,468,116,31.9612
4,1024,468,120,27.7891
4,1024,468,124,32.0144
4,1024,468,128,31.3849
4,1024,468,132,31.0026
4,1024,468,136,30.7039
4,1024,468,140,30.345
4,1024,468,144,30.4346
4,1024,468,148,25.4312
4,1024,468,152,28.8784
4,1024,468,156,28.5971
4,1024,468,160,28.5105
4,1024,468,164,28.3527
4,1024,468,168,28.1777
4,1024,468,172,27.9251
4,1024,468,176,27.9071
4,1024,468,180,26.8163
4,1024,468,184,27.0451
4,1024,468,188,26.9433
4,1024,468,192,26.3929
4,1024,468,196,25.9616
4,1024,468,200,26.044
4,1024,468,204,25.4607
4,1024,468,208,25.3796
4,1024,468,212,24.5044
4,1024,468,216,23.035
4,1024,468,220,24.3975
4,1024,468,224,23.7553
4,1024,468,228,23.0479
4,1024,468,232,22.903
4,1024,472,8,25.9081
4,1024,472,12,29.851
4,1024,472,16,34.0395
4,1024,472,20,35.2713
4,1024,472,24,37.211
4,1024,472,28,36.9245
4,1024,472,32,37.7922
4,1024,472,36,37.8267
4,1024,472,40,38.6052
4,1024,472,44,37.4989
4,1024,472,48,38.2883
4,1024,472,52,37.8921
4,1024,472,56,37.3625
4,1024,472,60,36.9798
4,1024,472,64,37.4102
4,1024,472,68,36.4525
4,1024,472,72,36.6211
4,1024,472,76,35.6383
4,1024,472,80,36.1982
4,1024,472,84,35.1338
4,1024,472,88,35.2516
4,1024,472,92,34.0902
4,1024,472,96,34.3534
4,1024,472,100,33.9301
4,1024,472,104,33.7727
4,1024,472,108,32.9618
4,1024,472,112,32.3635
4,1024,472,116,31.7813
4,1024,472,120,31.9775
4,1024,472,124,31.632
4,1024,472,128,31.3851
4,1024,472,132,31.0941
4,1024,472,136,30.5524
4,1024,472,140,30.4988
4,1024,472,144,29.7537
4,1024,472,148,29.404
4,1024,472,152,28.5513
4,1024,472,156,28.0116
4,1024,472,160,28.0881
4,1024,472,164,27.9463
4,1024,472,168,28.1681
4,1024,472,172,27.1567
4,1024,472,176,27.3977
4,1024,472,180,27.1393
4,1024,472,184,26.8225
4,1024,472,188,26.6229
4,1024,472,192,26.1438
4,1024,472,196,25.8016
4,1024,472,200,25.7342
4,1024,472,204,25.2383
4,1024,472,208,24.7802
4,1024,472,212,24.4464
4,1024,472,216,24.0811
4,1024,472,220,23.9114
4,1024,472,224,22.3813
4,1024,472,228,22.6396
4,1024,472,232,22.7128
4,1024,472,236,22.7933
4,1024,476,8,25.9333
4,1024,476,12,29.8449
4,1024,476,16,33.616
4,1024,476,20,34.8319
4,1024,476,24,36.4903
4,1024,476,28,36.4119
4,1024,476,32,37.7227
4,1024,476,36,37.68
4,1024,476,40,37.8186
4,1024,476,44,37.5125
4,1024,476,48,37.9824
4,1024,476,52,37.2649
4,1024,476,56,37.5868
4,1024,476,60,31.0765
4,1024,476,64,36.424
4,1024,476,68,36.1238
4,1024,476,72,33.4095
4,1024,476,76,35.0315
4,1024,476,80,35.4464
4,1024,476,84,34.7306
4,1024,476,88,34.3876
4,1024,476,92,33.8772
4,1024,476,96,33.65
4,1024,476,100,33.495
4,1024,476,104,32.7582
4,1024,476,108,32.5275
4,1024,476,112,31.8058
4,1024,476,116,31.6159
4,1024,476,120,27.221
4,1024,476,124,30.8774
4,1024,476,128,30.6178
4,1024,476,132,30.4846
4,1024,476,136,30.1125
4,1024,476,140,29.8347
4,1024,476,144,29.3872
4,1024,476,148,28.3654
4,1024,476,152,28.3614
4,1024,476,156,27.7938
4,1024,476,160,27.5847
4,1024,476,164,27.4638
4,1024,476,168,27.2546
4,1024,476,172,27.0002
4,1024,476,176,26.8711
4,1024,476,180,26.3486
4,1024,476,184,26.7074
4,1024,476,188,25.9526
4,1024,476,192,25.917
4,1024,476,196,25.1775
4,1024,476,200,25.0032
4,1024,476,204,24.9726
4,1024,476,208,24.3968
4,1024,476,212,24.3825
4,1024,476,216,23.8434
4,1024,476,220,23.5175
4,1024,476,224,23.1564
4,1024,476,228,22.7211
4,1024,476,232,22.7489
4,1024,476,236,21.8891
4,1024,480,8,24.8082
4,1024,480,12,24.8821
4,1024,480,16,32.6078
4,1024,480,20,33.9802
4,1024,480,24,35.8824
4,1024,480,28,35.1381
4,1024,480,32,36.376
4,1024,480,36,36.6627
4,1024,480,40,36.5701
4,1024,480,44,36.6562
4,1024,480,48,37.0812
4,1024,480,52,36.0303
4,1024,480,56,36.5909
4,1024,480,60,35.8945
4,1024,480,64,36.1841
4,1024,480,68,34.8532
4,1024,480,72,35.4041
4,1024,480,76,34.4536
4,1024,480,80,34.5699
4,1024,480,84,33.9657
4,1024,480,88,34.0029
4,1024,480,92,33.1522
4,1024,480,96,33.0531
4,1024,480,100,32.6477
4,1024,480,104,32.545
4,1024,480,108,32.3018
4,1024,480,112,31.7458
4,1024,480,116,30.9447
4,1024,480,120,30.4663
4,1024,480,124,26.6129
4,1024,480,128,30.3757
4,1024,480,132,29.8963
4,1024,480,136,29.7224
4,1024,480,140,29.2903
4,1024,480,144,28.91
4,1024,480,148,28.2236
4,1024,480,152,27.3118
4,1024,480,156,24.5744
4,1024,480,160,27.5664
4,1024,480,164,23.9804
4,1024,480,168,27.1812
4,1024,480,172,26.5713
4,1024,480,176,26.7128
4,1024,480,180,25.9344
4,1024,480,184,26.0776
4,1024,480,188,26.0725
4,1024,480,192,25.7033
4,1024,480,196,25.1389
4,1024,480,200,24.7447
4,1024,480,204,24.6516
4,1024,480,208,24.1944
4,1024,480,212,23.7403
4,1024,480,216,23.6063
4,1024,480,220,22.9012
4,1024,480,224,23.1494
4,1024,480,228,22.9307
4,1024,480,232,22.3631
4,1024,480,236,22.0763
4,1024,480,240,21.8089
4,1024,484,8,25.0685
4,1024,484,12,28.6983
4,1024,484,16,28.261
4,1024,484,20,33.9022
4,1024,484,24,35.0101
4,1024,484,28,34.8245
4,1024,484,32,36.7908
4,1024,484,36,36.4555
4,1024,484,40,36.3362
4,1024,484,44,36.2129
4,1024,484,48,37.1085
4,1024,484,52,36.037
4,1024,484,56,36.7021
4,1024,484,60,35.7232
4,1024,484,64,35.7158
4,1024,484,68,35.2776
4,1024,484,72,35.4169
4,1024,484,76,34.4648
4,1024,484,80,34.4416
4,1024,484,84,33.9852
4,1024,484,88,33.7278
4,1024,484,92,32.9354
4,1024,484,96,31.2871
4,1024,484,100,32.4761
4,1024,484,104,32.6174
4,1024,484,108,31.4394
4,1024,484,112,31.2464
4,1024,484,116,27.0858
4,1024,484,120,30.486
4,1024,484,124,30.2648
4,1024,484,128,29.876
4,1024,484,132,28.753
4,1024,484,136,29.2985
4,1024,484,140,28.9249
4,1024,484,144,28.9999
4,1024,484,148,28.3955
4,1024,484,152,27.5772
4,1024,484,156,27.3043
4,1024,484,160,25.3175
4,1024,484,164,26.8894
4,1024,484,168,26.7695
4,1024,484,172,26.1635
4,1024,484,176,26.4474
4,1024,484,180,26.1358
4,1024,484,184,26.0716
4,1024,484,188,25.5466
4,1024,484,192,25.2836
4,1024,484,196,24.9444
4,1024,484,200,24.9599
4,1024,484,204,24.6318
4,1024,484,208,24.2865
4,1024,484,212,23.6135
4,1024,484,216,23.7244
4,1024,484,220,23.1198
4,1024,484,224,23.1534
4,1024,484,228,22.5977
4,1024,484,232,22.2043
4,1024,484,236,22.0114
4,1024,484,240,21.7071
4,1024,488,8,24.2122
4,1024,488,12,28.2247
4,1024,488,16,32.4377
4,1024,488,20,32.903
4,1024,488,24,34.7827
4,1024,488,28,32.8738
4,1024,488,32,36.18
4,1024,488,36,35.8937
4,1024,488,40,36.247
4,1024,488,44,35.7859
4,1024,488,48,36.2173
4,1024,488,52,35.6572
4,1024,488,56,36.07
4,1024,488,60,34.9428
4,1024,488,64,34.915
4,1024,488,68,34.8322
4,1024,488,72,34.9649
4,1024,488,76,34.495
4,1024,488,80,34.0932
4,1024,488,84,33.6206
4,1024,488,88,33.1314
4,1024,488,92,32.7131
4,1024,488,96,32.3714
4,1024,488,100,32.3055
4,1024,488,104,30.8329
4,1024,488,108,31.4466
4,1024,488,112,31.149
4,1024,488,116,30.4684
4,1024,488,120,30.1264
4,1024,488,124,30.0607
4,1024,488,128,29.5817
4,1024,488,132,29.4213
4,1024,488,136,29.3419
4,1024,488,140,29.1856
4,1024,488,144,28.9681
4,1024,488,148,27.9589
4,1024,488,152,27.6421
4,1024,488,156,26.6303
4,1024,488,160,26.3817
4,1024,488,164,24.1721
4,1024,488,168,26.4978
4,1024,488,172,26.1738
4,1024,488,176,26.1543
4,1024,488,180,26.1196
4,1024,488,184,25.452
4,1024,488,188,25.6196
4,1024,488,192,25.1932
4,1024,488,196,24.9841
4,1024,488,200,24.4052
4,1024,488,204,24.4204
4,1024,488,208,23.1085
4,1024,488,212,23.7706
4,1024,488,216,23.4307
4,1024,488,220,23.0936
4,1024,488,224,22.922
4,1024,488,228,22.4062
4,1024,488,232,21.7968
4,1024,488,236,21.8244
4,1024,488,240,21.5229
4,1024,488,244,21.4053
4,1024,492,8,24.4931
4,1024,492,12,28.3926
4,1024,492,16,31.7112
4,1024,492,20,32.5211
4,1024,492,24,34.4589
4,1024,492,28,34.5812
4,1024,492,32,35.6304
4,1024,492,36,35.3219
4,1024,492,40,30.001
4,1024,492,44,35.2091
4,1024,492,48,36.0565
4,1024,492,52,35.5108
4,1024,492,56,35.3058
4,1024,492,60,34.8714
4,1024,492,64,35.0978
4,1024,492,68,34.2106
4,1024,492,72,34.3486
4,1024,492,76,33.3095
4,1024,492,80,33.6289
4,1024,492,84,33.0293
4,1024,492,88,32.7691
4,1024,492,92,32.3463
4,1024,492,96,31.8887
4,1024,492,100,26.0322
4,1024,492,104,31.4944
4,1024,492,108,30.8732
4,1024,492,112,30.8423
4,1024,492,116,29.8805
4,1024,492,120,29.3951
4,1024,492,124,29.1246
4,1024,492,128,28.9483
4,1024,492,132,29.0425
4,1024,492,136,28.7996
4,1024,492,140,28.1647
4,1024,492,144,28.2586
4,1024,492,148,27.798
4,1024,492,152,27.1352
4,1024,492,156,26.4687
4,1024,492,160,23.1967
4,1024,492,164,25.995
4,1024,492,168,25.8151
4,1024,492,172,25.7085
4,1024,492,176,25.759
4,1024,492,180,25.1116
4,1024,492,184,25.1369
4,1024,492,188,25.1319
4,1024,492,192,24.6484
4,1024,492,196,24.7161
4,1024,492,200,24.2168
4,1024,492,204,22.9828
4,1024,492,208,23.6877
4,1024,492,212,23.1452
4,1024,492,216,23.1192
4,1024,492,220,22.7182
4,1024,492,224,22.5758
4,1024,492,228,21.588
4,1024,492,232,21.7972
4,1024,492,236,21.5316
4,1024,492,240,21.3415
4,1024,492,244,20.609
4,1024,496,8,23.8931
4,1024,496,12,27.3301
4,1024,496,16,31.284
4,1024,496,20,31.925
4,1024,496,24,34.1478
4,1024,496,28,32.0526
4,1024,496,32,30.2854
4,1024,496,36,34.3574
4,1024,496,40,35.1782
4,1024,496,44,29.3778
4,1024,496,48,34.8918
4,1024,496,52,34.5968
4,1024,496,56,34.9522
4,1024,496,60,34.1722
4,1024,496,64,34.3689
4,1024,496,68,33.907
4,1024,496,72,33.8485
4,1024,496,76,28.6066
4,1024,496,80,33.2794
4,1024,496,84,32.3709
4,1024,496,88,32.4252
4,1024,496,92,31.4656
4,1024,496,96,31.4244
4,1024,496,100,31.1564
4,1024,496,104,31.0873
4,1024,496,108,30.2497
4,1024,496,112,30.278
4,1024,496,116,30.0078
4,1024,496,120,29.4818
4,1024,496,124,28.8245
4,1024,496,128,28.3213
4,1024,496,132,28.5261
4,1024,496,136,28.2951
4,1024,496,140,27.7939
4,1024,496,144,27.8651
4,1024,496,148,27.4534
4,1024,496,152,26.9125
4,1024,496,156,26.1023
4,1024,496,160,26.1794
4,1024,496,164,25.5754
4,1024,496,168,25.7823
4,1024,496,172,25.615
4,1024,496,176,25.2083
4,1024,496,180,24.8887
4,1024,496,184,24.957
4,1024,496,188,21.7555
4,1024,496,192,23.4935
4,1024,496,196,24.3656
4,1024,496,200,24.0821
4,1024,496,204,23.7016
4,1024,496,208,23.1818
4,1024,496,212,23.1121
4,1024,496,216,23.0536
4,1024,496,220,22.5588
4,1024,496,224,22.2211
4,1024,496,228,21.867
4,1024,496,232,21.5518
4,1024,496,236,21.5823
4,1024,496,240,20.9487
4,1024,496,244,20.6276
4,1024,496,248,20.6751
4,1024,500,8,23.1363
4,1024,500,12,27.3142
4,1024,500,16,30.953
4,1024,500,20,31.9436
4,1024,500,24,33.9509
4,1024,500,28,33.3555
4,1024,500,32,34.4183
4,1024,500,36,34.5149
4,1024,500,40,34.7711
4,1024,500,44,34.7251
4,1024,500,48,35.0565
4,1024,500,52,34.4827
4,1024,500,56,34.4474
4,1024,500,60,34.0448
4,1024,500,64,34.126
4,1024,500,68,33.4066
4,1024,500,72,32.9615
4,1024,500,76,32.7786
4,1024,500,80,32.9175
4,1024,500,84,32.2401
4,1024,500,88,31.9816
4,1024,500,92,31.379
4,1024,500,96,30.9232
4,1024,500,100,30.8992
4,1024,500,104,30.6783
4,1024,500,108,30.2062
4,1024,500,112,30.1621
4,1024,500,116,29.4207
4,1024,500,120,29.0953
4,1024,500,124,27.2759
4,1024,500,128,28.428
4,1024,500,132,26.0609
4,1024,500,136,27.9235
4,1024,500,140,27.7605
4,1024,500,144,27.5777
4,1024,500,148,27.0332
4,1024,500,152,26.4282
4,1024,500,156,26.3033
4,1024,500,160,25.5589
4,1024,500,164,25.5785
4,1024,500,168,25.4458
4,1024,500,172,25.1624
4,1024,500,176,25.1662
4,1024,500,180,25.0495
4,1024,500,184,24.3929
4,1024,500,188,24.4285
4,1024,500,192,23.8846
4,1024,500,196,24.0134
4,1024,500,200,23.548
4,1024,500,204,23.52
4,1024,500,208,22.9774
4,1024,500,212,22.9452
4,1024,500,216,22.3835
4,1024,500,220,22.147
4,1024,500,224,21.795
4,1024,500,228,19.5919
4,1024,500,232,21.4452
4,1024,500,236,18.9569
4,1024,500,240,20.9275
4,1024,500,244,20.3483
4,1024,500,248,20.2941
4,1024,504,8,23.2058
4,1024,504,12,26.1085
4,1024,504,16,30.3218
4,1024,504,20,31.2474
4,1024,504,24,33.1814
4,1024,504,28,33.0801
4,1024,504,32,34.0381
4,1024,504,36,34.1826
4,1024,504,40,34.523
4,1024,504,44,33.8317
4,1024,504,48,34.8345
4,1024,504,52,33.8218
4,1024,504,56,34.2398
4,1024,504,60,33.3615
4,1024,504,64,33.6619
4,1024,504,68,33.055
4,1024,504,72,33.1456
4,1024,504,76,28.0682
4,1024,504,80,32.4238
4,1024,504,84,31.6878
4,1024,504,88,31.6986
4,1024,504,92,31.2173
4,1024,504,96,30.9635
4,1024,504,100,28.631
4,1024,504,104,30.2873
4,1024,504,108,29.8321
4,1024,504,112,21.2453
4,1024,504,116,29.0174
4,1024,504,120,28.7104
4,1024,504,124,28.3437
4,1024,504,128,27.8372
4,1024,504,132,27.8447
4,1024,504,136,27.9491
4,1024,504,140,27.2686
4,1024,504,144,26.0973
4,1024,504,148,26.5789
4,1024,504,152,23.9532
4,1024,504,156,23.1677
4,1024,504,160,25.387
4,1024,504,164,25.1469
4,1024,504,168,24.8526
4,1024,504,172,24.5561
4,1024,504,176,24.7666
4,1024,504,180,24.4045
4,1024,504,184,24.1524
4,1024,504,188,23.9062
4,1024,504,192,23.6945
4,1024,504,196,23.3098
4,1024,504,200,23.1628
4,1024,504,204,22.8939
4,1024,504,208,22.6871
4,1024,504,212,22.8695
4,1024,504,216,21.9744
4,1024,504,220,21.7572
4,1024,504,224,21.7373
4,1024,504,228,21.5982
4,1024,504,232,21.1295
4,1024,504,236,20.7703
4,1024,504,240,20.3261
4,1024,504,244,20.0253
4,1024,504,248,19.8362
4,1024,504,252,19.7609
4,1024,508,8,22.5632
4,1024,508,12,22.8916
4,1024,508,16,29.6046
4,1024,508,20,30.9052
4,1024,508,24,32.3168
4,1024,508,28,32.3074
4,1024,508,32,33.6441
4,1024,508,36,33.2842
4,1024,508,40,34.0045
4,1024,508,44,33.1561
4,1024,508,48,33.7927
4,1024,508,52,33.555
4,1024,508,56,31.8549
4,1024,508,60,32.996
4,1024,508,64,32.6991
4,1024,508,68,32.285
4,1024,508,72,32.3195
4,1024,508,76,31.666
4,1024,508,80,31.8945
4,1024,508,84,31.1882
4,1024,508,88,31.1719
4,1024,508,92,30.3134
4,1024,508,96,30.5523
4,1024,508,100,29.7864
4,1024,508,104,29.5694
4,1024,508,108,28.884
4,1024,508,112,28.8457
4,1024,508,116,28.7105
4,1024,508,120,28.2086
4,1024,508,124,27.4116
4,1024,508,128,27.6074
4,1024,508,132,27.455
4,1024,508,136,26.8334
4,1024,508,140,26.8157
4,1024,508,144,26.0521
4,1024,508,148,26.3531
4,1024,508,152,24.2998
4,1024,508,156,25.6715
4,1024,508,160,25.2784
4,1024,508,164,23.3836
4,1024,508,168,23.9947
4,1024,508,172,24.242
4,1024,508,176,23.5665
4,1024,508,180,23.7391
4,1024,508,184,23.7111
4,1024,508,188,23.6305
4,1024,508,192,23.4011
4,1024,508,196,23.0749
4,1024,508,200,22.8869
4,1024,508,204,22.2783
4,1024,508,208,22.2624
4,1024,508,212,22.2761
4,1024,508,216,21.8048
4,1024,508,220,21.9994
4,1024,508,224,21.2237
4,1024,508,228,20.9586
4,1024,508,232,20.5958
4,1024,508,236,20.3998
4,1024,508,240,20.089
4,1024,508,244,20.0121
4,1024,508,248,19.9733
4,1024,508,252,19.2534
4,1024,512,8,16.4869
4,1024,512,12,20.8481
4,1024,512,16,24.0252
4,1024,512,20,25.8887
4,1024,512,24,28.1259
4,1024,512,28,28.6163
4,1024,512,32,30.1947
4,1024,512,36,30.416
4,1024,512,40,31.3547
4,1024,512,44,30.9487
4,1024,512,48,31.47
4,1024,512,52,31.3266
4,1024,512,56,31.3681
4,1024,512,60,23.9491
4,1024,512,64,31.3862
4,1024,512,68,30.8391
4,1024,512,72,30.9336
4,1024,512,76,30.3425
4,1024,512,80,30.698
4,1024,512,84,28.5512
4,1024,512,88,29.7964
4,1024,512,92,29.5691
4,1024,512,96,29.4745
4,1024,512,100,27.8806
4,1024,512,104,29.0975
4,1024,512,108,28.4512
4,1024,512,112,28.4313
4,1024,512,116,27.7009
4,1024,512,120,27.6253
4,1024,512,124,26.7923
4,1024,512,128,26.979
4,1024,512,132,26.6585
4,1024,512,136,25.6171
4,1024,512,140,26.1829
4,1024,512,144,25.8189
4,1024,512,148,26.0002
4,1024,512,152,25.1103
4,1024,512,156,25.2247
4,1024,512,160,24.6464
4,1024,512,164,24.6936
4,1024,512,168,24.1189
4,1024,512,172,24.148
4,1024,512,176,22.8826
4,1024,512,180,23.2286
4,1024,512,184,23.2197
4,1024,512,188,23.2992
4,1024,512,192,23.5498
4,1024,512,196,22.8291
4,1024,512,200,23.1676
4,1024,512,204,22.5284
4,1024,512,208,22.706
4,1024,512,212,22.3767
4,1024,512,216,21.8456
4,1024,512,220,21.9007
4,1024,512,224,19.2663
4,1024,512,228,21.2636
4,1024,512,232,21.102
4,1024,512,236,20.7284
4,1024,512,240,18.6414
4,1024,512,244,19.9321
4,1024,512,248,19.7051
4,1024,512,252,19.2458
4,1024,512,256,19.7449
4,1024,32,8,28.3248
4,1024,32,12,31.4764
4,1024,32,16,37.6076
4,1024,36,8,29.0508
4,1024,36,12,36.0105
4,1024,36,16,37.0781
4,1024,40,8,34.7156
4,1024,40,12,37.3684
4,1024,40,16,43.961
4,1024,40,20,48.1273
4,1024,44,8,35.6744
4,1024,44,12,41.581
4,1024,44,16,47.0201
4,1024,44,20,47.2001
4,1024,48,8,41.0495
4,1024,48,12,45.464
4,1024,48,16,53.4891
4,1024,48,20,50.3281
4,1024,48,24,57.2058
4,1024,52,8,42.152
4,1024,52,12,48.157
4,1024,52,16,53.0472
4,1024,52,20,57.1122
4,1024,52,24,55.7788
4,1024,56,8,45.5688
4,1024,56,12,51.5336
4,1024,56,16,56.6466
4,1024,56,20,61.6718
4,1024,56,24,59.897
4,1024,56,28,63.3229
4,1024,60,8,45.4193
4,1024,60,12,54.3568
4,1024,60,16,59.6574
4,1024,60,20,62.0482
4,1024,60,24,60.4136
4,1024,60,28,59.9344
4,1024,64,8,48.7545
4,1024,64,12,56.1661
4,1024,64,16,65.9392
4,1024,64,20,64.3157
4,1024,64,24,68.2868
4,1024,64,28,66.4633
4,1024,64,32,72.6128
4,1024,68,8,49.2798
4,1024,68,12,56.3808
4,1024,68,16,61.8779
4,1024,68,20,64.4948
4,1024,68,24,67.4236
4,1024,68,28,65.0182
4,1024,68,32,66.3413
4,1024,72,8,52.6296
4,1024,72,12,61.0763
4,1024,72,16,66.6335
4,1024,72,20,68.6252
4,1024,72,24,69.591
4,1024,72,28,68.8428
4,1024,72,32,70.8771
4,1024,72,36,74.0694
4,1024,76,8,53.3939
4,1024,76,12,46.8122
4,1024,76,16,67.4149
4,1024,76,20,69.9956
4,1024,76,24,68.8597
4,1024,76,28,71.6477
4,1024,76,32,71.6655
4,1024,76,36,70.9976
4,1024,80,8,55.3814
4,1024,80,12,63.6347
4,1024,80,16,72.1144
4,1024,80,20,74.3714
4,1024,80,24,71.7922
4,1024,80,28,74.8514
4,1024,80,32,45.8686
4,1024,80,36,75.2359
4,1024,80,40,78.2171
4,1024,84,8,54.4902
4,1024,84,12,63.8147
4,1024,84,16,68.4033
4,1024,84,20,59.8048
4,1024,84,24,72.2836
4,1024,84,28,74.1502
4,1024,84,32,75.1268
4,1024,84,36,63.2835
4,1024,84,40,72.8502
4,1024,88,8,58.9429
4,1024,88,12,65.9236
4,1024,88,16,72.6248
4,1024,88,20,74.3626
4,1024,88,24,76.1286
4,1024,88,28,73.201
4,1024,88,32,78.4992
4,1024,88,36,56.1637
4,1024,88,40,61.5566
4,1024,88,44,78.4991
4,1024,92,8,56.9263
4,1024,92,12,66.0808
4,1024,92,16,72.8353
4,1024,92,20,73.4932
4,1024,92,24,76.0606
4,1024,92,28,74.1277
4,1024,92,32,77.5172
4,1024,92,36,77.0061
4,1024,92,40,72.806
4,1024,92,44,74.0241
4,1024,96,8,46.0903
4,1024,96,12,68.0616
4,1024,96,16,76.487
4,1024,96,20,78.3066
4,1024,96,24,78.9437
4,1024,96,28,77.3533
4,1024,96,32,80.8835
4,1024,96,36,80.3481
4,1024,96,40,81.2452
4,1024,96,44,56.2431
4,1024,96,48,80.5036
4,1024,100,8,57.9908
4,1024,100,12,65.9722
4,1024,100,16,73.6292
4,1024,100,20,76.5559
4,1024,100,24,76.2288
4,1024,100,28,78.1957
4,1024,100,32,77.748
4,1024,100,36,58.6659
4,1024,100,40,79.0631
4,1024,100,44,74.7883
4,1024,100,48,76.5103
4,1024,104,8,60.9292
4,1024,104,12,69.158
4,1024,104,16,77.7346
4,1024,104,20,78.8581
4,1024,104,24,79.1727
4,1024,104,28,80.1105
4,1024,104,32,81.8959
4,1024,104,36,83.9008
4,1024,104,40,83.0654
4,1024,104,44,60.5497
4,1024,104,48,79.5666
4,1024,104,52,79.0716
4,1024,108,8,58.9724
4,1024,108,12,69.7253
4,1024,108,16,75.7519
4,1024,108,20,76.573
4,1024,108,24,77.3023
4,1024,108,28,65.7068
4,1024,108,32,67.9046
4,1024,108,36,82.0212
4,1024,108,40,67.2149
4,1024,108,44,79.1851
4,1024,108,48,79.164
4,1024,108,52,63.779
4,1024,112,8,60.7587
4,1024,112,12,66.6403
4,1024,112,16,64.1791
4,1024,112,20,77.0614
4,1024,112,24,78.7063
4,1024,112,28,78.3944
4,1024,112,32,67.3427
4,1024,112,36,78.8923
4,1024,112,40,80.1014
4,1024,112,44,79.3251
4,1024,112,48,79.7602
4,1024,112,52,66.2419
4,1024,112,56,77.2693
4,1024,116,8,61.0933
4,1024,116,12,71.5612
4,1024,116,16,35.1869
4,1024,116,20,81.141
4,1024,116,24,80.4692
4,1024,116,28,78.937
4,1024,116,32,66.0686
4,1024,116,36,66.5788
4,1024,116,40,84.1238
4,1024,116,44,81.6807
4,1024,116,48,81.1126
4,1024,116,52,65.4239
4,1024,116,56,77.1539
4,1024,120,8,58.9039
4,1024,120,12,70.8092
4,1024,120,16,76.608
4,1024,120,20,71.0434
4,1024,120,24,81.1581
4,1024,120,28,63.9046
4,1024,120,32,68.6952
4,1024,120,36,80.9887
4,1024,120,40,82.5337
4,1024,120,44,82.1151
4,1024,120,48,83.0018
4,1024,120,52,81.3889
4,1024,120,56,78.7182
4,1024,120,60,80.3037
4,1024,124,8,60.8932
4,1024,124,12,69.1643
4,1024,124,16,76.3864
4,1024,124,20,63.5789
4,1024,124,24,79.6991
4,1024,124,28,56.2924
4,1024,124,32,83.4309
4,1024,124,36,82.4301
4,1024,124,40,80.4931
4,1024,124,44,78.5659
4,1024,124,48,65.2693
4,1024,124,52,79.6495
4,1024,124,56,77.79
4,1024,124,60,67.4967
4,1024,128,8,62.5074
4,1024,128,12,70.4403
4,1024,128,16,79.4215
4,1024,128,20,79.8364
4,1024,128,24,81.1799
4,1024,128,28,65.778
4,1024,128,32,85.9116
4,1024,128,36,84.4446
4,1024,128,40,81.1616
4,1024,128,44,71.6847
4,1024,128,48,84.0707
4,1024,128,52,80.3259
4,1024,128,56,59.9836
4,1024,128,60,71.5313
4,1024,128,64,77.2882
4,1024,132,8,61.9422
4,1024,132,12,72.6447
4,1024,132,16,75.9757
4,1024,132,20,82.2166
4,1024,132,24,74.8093
4,1024,132,28,81.0326
4,1024,132,32,58.1571
4,1024,132,36,84.8503
4,1024,132,40,81.9078
4,1024,132,44,81.9827
4,1024,132,48,64.9657
4,1024,132,52,82.2239
4,1024,132,56,80.6979
4,1024,132,60,80.0107
4,1024,132,64,78.2079
4,1024,136,8,63.815
4,1024,136,12,62.9734
4,1024,136,16,78.7777
4,1024,136,20,79.6768
4,1024,136,24,79.495
4,1024,136,28,81.6943
4,1024,136,32,83.9125
4,1024,136,36,82.5379
4,1024,136,40,83.3236
4,1024,136,44,70.1224
4,1024,136,48,84.8942
4,1024,136,52,83.3396
4,1024,136,56,57.1532
4,1024,136,60,79.6684
4,1024,136,64,79.427
4,1024,136,68,79.9086
4,1024,140,8,54.0611
4,1024,140,12,69.7997
4,1024,140,16,55.5591
4,1024,140,20,68.6197
4,1024,140,24,80.694
4,1024,140,28,81.9423
4,1024,140,32,83.3371
4,1024,140,36,80.4091
4,1024,140,40,83.281
4,1024,140,44,67.5881
4,1024,140,48,75.2476
4,1024,140,52,80.675
4,1024,140,56,79.2296
4,1024,140,60,76.7428
4,1024,140,64,74.5888
4,1024,140,68,73.3533
4,1024,144,8,54.192
4,1024,144,12,69.9773
4,1024,144,16,77.8634
4,1024,144,20,79.0354
4,1024,144,24,75.5534
4,1024,144,28,79.532
4,1024,144,32,84.2883
4,1024,144,36,82.7737
4,1024,144,40,59.1572
4,1024,144,44,80.9527
4,1024,144,48,82.4105
4,1024,144,52,80.3491
4,1024,144,56,56.0081
4,1024,144,60,79.2386
4,1024,144,64,67.3797
4,1024,144,68,50.0925
4,1024,144,72,77.1147
4,1024,148,8,63.9909
4,1024,148,12,71.8277
4,1024,148,16,78.6917
4,1024,148,20,80.8803
4,1024,148,24,67.3125
4,1024,148,28,80.8764
4,1024,148,32,72.119
4,1024,148,36,83.7272
4,1024,148,40,84.7643
4,1024,148,44,83.5081
4,1024,148,48,82.7685
4,1024,148,52,82.3808
4,1024,148,56,79.5753
4,1024,148,60,79.4455
4,1024,148,64,80.0424
4,1024,148,68,76.6881
4,1024,148,72,75.991
4,1024,152,8,64.1175
4,1024,152,12,72.5567
4,1024,152,16,57.0772
4,1024,152,20,82.1725
4,1024,152,24,81.2843
4,1024,152,28,82.862
4,1024,152,32,85.9039
4,1024,152,36,81.8281
4,1024,152,40,84.8765
4,1024,152,44,81.124
4,1024,152,48,81.8936
4,1024,152,52,82.3739
4,1024,152,56,83.244
4,1024,152,60,80.7878
4,1024,152,64,79.7032
4,1024,152,68,78.4669
4,1024,152,72,64.4454
4,1024,152,76,74.9782
4,1024,156,8,62.5859
4,1024,156,12,69.7745
4,1024,156,16,78.4873
4,1024,156,20,82.3144
4,1024,156,24,65.9025
4,1024,156,28,81.6072
4,1024,156,32,83.4451
4,1024,156,36,83.9613
4,1024,156,40,82.5447
4,1024,156,44,83.2404
4,1024,156,48,82.7483
4,1024,156,52,81.809
4,1024,156,56,81.8763
4,1024,156,60,79.5561
4,1024,156,64,78.6497
4,1024,156,68,76.6219
4,1024,156,72,75.473
4,1024,156,76,70.7256
4,1024,160,8,61.3983
4,1024,160,12,62.5077
4,1024,160,16,78.3701
4,1024,160,20,79.1227
4,1024,160,24,79.3
4,1024,160,28,81.2602
4,1024,160,32,83.0864
4,1024,160,36,66.1548
4,1024,160,40,82.5713
4,1024,160,44,79.9338
4,1024,160,48,82.0938
4,1024,160,52,79.2326
4,1024,160,56,79.808
4,1024,160,60,77.7067
4,1024,160,64,77.9187
4,1024,160,68,76.7097
4,1024,160,72,75.6441
4,1024,160,76,70.9876
4,1024,160,80,64.2193
4,1024,164,8,61.3807
4,1024,164,12,70.8094
4,1024,164,16,76.2129
4,1024,164,20,78.8742
4,1024,164,24,80.3551
4,1024,164,28,79.8658
4,1024,164,32,81.4253
4,1024,164,36,82.5021
4,1024,164,40,78.2085
4,1024,164,44,77.0781
4,1024,164,48,76.9176
4,1024,164,52,77.8842
4,1024,164,56,76.2999
4,1024,164,60,77.5343
4,1024,164,64,77.0423
4,1024,164,68,74.3847
4,1024,164,72,62.5544
4,1024,164,76,72.1426
4,1024,164,80,71.1913
4,1024,168,8,60.3361
4,1024,168,12,68.5412
4,1024,168,16,76.5876
4,1024,168,20,76.0334
4,1024,168,24,60.1193
4,1024,168,28,78.5249
4,1024,168,32,78.9917
4,1024,168,36,79.0626
4,1024,168,40,80.0473
4,1024,168,44,79.8459
4,1024,168,48,80.0333
4,1024,168,52,77.2503
4,1024,168,56,68.0423
4,1024,168,60,76.5793
4,1024,168,64,75.6032
4,1024,168,68,75.6705
4,1024,168,72,75.4383
4,1024,168,76,71.5722
4,1024,168,80,70.9588
4,1024,168,84,68.6114
4,1024,172,8,61.2564
4,1024,172,12,68.6125
4,1024,172,16,76.2047
4,1024,172,20,79.3945
4,1024,172,24,79.5232
4,1024,172,28,80.2731
4,1024,172,32,81.8121
4,1024,172,36,82.3418
4,1024,172,40,81.7955
4,1024,172,44,82.3997
4,1024,172,48,81.2991
4,1024,172,52,79.4922
4,1024,172,56,70.1996
4,1024,172,60,78.7374
4,1024,172,64,78.6693
4,1024,172,68,78.7749
4,1024,172,72,76.9641
4,1024,172,76,74.0648
4,1024,172,80,73.8584
4,1024,172,84,69.9419
4,1024,176,8,47.2444
4,1024,176,12,70.4684
4,1024,176,16,78.7458
4,1024,176,20,78.42
4,1024,176,24,81.0087
4,1024,176,28,80.2401
4,1024,176,32,81.1268
4,1024,176,36,83.1911
4,1024,176,40,83.2514
4,1024,176,44,80.5776
4,1024,176,48,82.0732
4,1024,176,52,81.1402
4,1024,176,56,74.0639
4,1024,176,60,78.9554
4,1024,176,64,80.0164
4,1024,176,68,78.2597
4,1024,176,72,77.8441
4,1024,176,76,73.9463
4,1024,176,80,61.4381
4,1024,176,84,73.1955
4,1024,176,88,73.0833
4,1024,180,8,60.652
4,1024,180,12,70.5208
4,1024,180,16,76.8554
4,1024,180,20,74.3667
4,1024,180,24,80.8032
4,1024,180,28,79.7083
4,1024,180,32,83.1486
4,1024,180,36,79.3709
4,1024,180,40,81.7555
4,1024,180,44,76.0778
4,1024,180,48,80.3344
4,1024,180,52,79.1742
4,1024,180,56,75.8448
4,1024,180,60,76.1349
4,1024,180,64,76.9118
4,1024,180,68,75.217
4,1024,180,72,76.1506
4,1024,180,76,66.0927
4,1024,180,80,72.6338
4,1024,180,84,72.5125
4,1024,180,88,70.6601
4,1024,184,8,61.6066
4,1024,184,12,69.3329
4,1024,184,16,77.133
4,1024,184,20,67.7737
4,1024,184,24,81.4091
4,1024,184,28,80.7118
4,1024,184,32,75.0789
4,1024,184,36,80.332
4,1024,184,40,67.282
4,1024,184,44,75.759
4,1024,184,48,79.6784
4,1024,184,52,79.5596
4,1024,184,56,78.1618
4,1024,184,60,72.6472
4,1024,184,64,72.1096
4,1024,184,68,74.6122
4,1024,184,72,76.2064
4,1024,184,76,74.9556
4,1024,184,80,73.353
4,1024,184,84,60.9384
4,1024,184,88,62.6678
4,1024,184,92,69.0844
4,1024,188,8,59.6375
4,1024,188,12,69.8272
4,1024,188,16,63.8871
4,1024,188,20,77.7948
4,1024,188,24,80.1118
4,1024,188,28,77.742
4,1024,188,32,80.4686
4,1024,188,36,80.2719
4,1024,188,40,79.0534
4,1024,188,44,77.336
4,1024,188,48,78.6236
4,1024,188,52,77.9122
4,1024,188,56,77.6582
4,1024,188,60,74.9666
4,1024,188,64,63.588
4,1024,188,68,61.7584
4,1024,188,72,72.3985
4,1024,188,76,71.9787
4,1024,188,80,72.1339
4,1024,188,84,60.4641
4,1024,188,88,58.3123
4,1024,188,92,66.4407
4,1024,192,8,58.3775
4,1024,192,12,66.6831
4,1024,192,16,75.5587
4,1024,192,20,76.6628
4,1024,192,24,77.2911
4,1024,192,28,77.6168
4,1024,192,32,65.4246
4,1024,192,36,76.3953
4,1024,192,40,78.8226
4,1024,192,44,76.8403
4,1024,192,48,78.8084
4,1024,192,52,77.4674
4,1024,192,56,76.3184
4,1024,192,60,64.7818
4,1024,192,64,74.8649
4,1024,192,68,74.6013
4,1024,192,72,61.1832
4,1024,192,76,71.4088
4,1024,192,80,70.4567
4,1024,192,84,69.7691
4,1024,192,88,40.2316
4,1024,192,92,65.3474
4,1024,192,96,57.8065
4,1024,196,8,58.6759
4,1024,196,12,64.9346
4,1024,196,16,72.424
4,1024,196,20,75.7356
4,1024,196,24,64.6652
4,1024,196,28,77.5564
4,1024,196,32,79.2894
4,1024,196,36,76.4347
4,1024,196,40,68.7941
4,1024,196,44,74.6744
4,1024,196,48,77.5266
4,1024,196,52,77.6305
4,1024,196,56,76.2993
4,1024,196,60,75.0314
4,1024,196,64,73.6698
4,1024,196,68,73.7642
4,1024,196,72,72.234
4,1024,196,76,71.5349
4,1024,196,80,70.6922
4,1024,196,84,66.7934
4,1024,196,88,66.5931
4,1024,196,92,64.7299
4,1024,196,96,63.8532
4,1024,200,8,57.8105
4,1024,200,12,65.8043
4,1024,200,16,72.6977
4,1024,200,20,75.0607
4,1024,200,24,75.9898
4,1024,200,28,72.1567
4,1024,200,32,77.8333
4,1024,200,36,76.5772
4,1024,200,40,75.4878
4,1024,200,44,63.0366
4,1024,200,48,75.0932
4,1024,200,52,76.6741
4,1024,200,56,75.1028
4,1024,200,60,70.6634
4,1024,200,64,72.3611
4,1024,200,68,71.2719
4,1024,200,72,71.007
4,1024,200,76,70.6245
4,1024,200,80,63.4038
4,1024,200,84,54.6916
4,1024,200,88,65.7472
4,1024,200,92,63.7221
4,1024,200,96,63.9352
4,1024,200,100,61.3789
4,1024,204,8,41.5026
4,1024,204,12,65.5334
4,1024,204,16,70.9716
4,1024,204,20,69.1207
4,1024,204,24,74.1975
4,1024,204,28,72.9255
4,1024,204,32,74.8852
4,1024,204,36,76.2722
4,1024,204,40,74.6533
4,1024,204,44,72.6002
4,1024,204,48,73.7828
4,1024,204,52,73.5512
4,1024,204,56,74.0051
4,1024,204,60,72.7124
4,1024,204,64,71.6482
4,1024,204,68,71.0182
4,1024,204,72,67.7338
4,1024,204,76,69.1385
4,1024,204,80,49.5066
4,1024,204,84,66.4164
4,1024,204,88,64.2934
4,1024,204,92,62.8922
4,1024,204,96,61.7809
4,1024,204,100,54.3136
4,1024,208,8,57.6522
4,1024,208,12,65.0005
4,1024,208,16,74.3654
4,1024,208,20,74.753
4,1024,208,24,77.3882
4,1024,208,28,76.8349
4,1024,208,32,75.422
4,1024,208,36,75.3955
4,1024,208,40,76.676
4,1024,208,44,67.4883
4,1024,208,48,65.3878
4,1024,208,52,75.536
4,1024,208,56,76.5964
4,1024,208,60,71.8119
4,1024,208,64,74.483
4,1024,208,68,55.0005
4,1024,208,72,70.9243
4,1024,208,76,71.5382
4,1024,208,80,70.9322
4,1024,208,84,69.76
4,1024,208,88,67.8656
4,1024,208,92,65.5591
4,1024,208,96,64.4623
4,1024,208,100,64.349
4,1024,208,104,63.7992
4,1024,212,8,58.1186
4,1024,212,12,49.0919
4,1024,212,16,69.7406
4,1024,212,20,74.6649
4,1024,212,24,76.388
4,1024,212,28,75.6319
4,1024,212,32,76.7311
4,1024,212,36,78.3818
4,1024,212,40,77.9031
4,1024,212,44,74.1954
4,1024,212,48,76.8061
4,1024,212,52,42.0299
4,1024,212,56,55.6367
4,1024,212,60,53.0313
4,1024,212,64,55.84
4,1024,212,68,59.2478
4,1024,212,72,71.0054
4,1024,212,76,69.8673
4,1024,212,80,68.8746
4,1024,212,84,67.9618
4,1024,212,88,68.3134
4,1024,212,92,65.808
4,1024,212,96,65.7902
4,1024,212,100,63.2632
4,1024,212,104,61.7542
4,1024,216,8,51.0472
4,1024,216,12,66.6452
4,1024,216,16,73.3994
4,1024,216,20,74.5306
4,1024,216,24,78.1647
4,1024,216,28,76.7752
4,1024,216,32,77.2693
4,1024,216,36,75.6971
4,1024,216,40,75.2633
4,1024,216,44,73.6921
4,1024,216,48,75.6467
4,1024,216,52,74.3664
4,1024,216,56,74.4671
4,1024,216,60,73.0199
4,1024,216,64,72.4867
4,1024,216,68,69.2055
4,1024,216,72,69.6146
4,1024,216,76,69.0827
4,1024,216,80,69.5268
4,1024,216,84,64.9866
4,1024,216,88,61.0219
4,1024,216,92,65.5332
4,1024,216,96,64.426
4,1024,216,100,59.9217
4,1024,216,104,57.5932
4,1024,216,108,61.7433
4,1024,220,8,57.0502
4,1024,220,12,65.0788
4,1024,220,16,71.6952
4,1024,220,20,74.4955
4,1024,220,24,75.1847
4,1024,220,28,75.1291
4,1024,220,32,77.9226
4,1024,220,36,76.4454
4,1024,220,40,74.6559
4,1024,220,44,74.1647
4,1024,220,48,74.3446
4,1024,220,52,69.2349
4,1024,220,56,71.9359
4,1024,220,60,70.4248
4,1024,220,64,69.9675
4,1024,220,68,71.3705
4,1024,220,72,67.9933
4,1024,220,76,69.2969
4,1024,220,80,57.4694
4,1024,220,84,67.5851
4,1024,220,88,66.649
4,1024,220,92,64.6111
4,1024,220,96,64.4859
4,1024,220,100,62.5652
4,1024,220,104,60.5834
4,1024,220,108,58.8855
4,1024,224,8,56.6707
4,1024,224,12,64.444
4,1024,224,16,73.0478
4,1024,224,20,70.4734
4,1024,224,24,75.3798
4,1024,224,28,76.1235
4,1024,224,32,76.4113
4,1024,224,36,75.4
4,1024,224,40,75.9647
4,1024,224,44,64.8469
4,1024,224,48,74.6064
4,1024,224,52,73.1406
4,1024,224,56,71.276
4,1024,224,60,71.1602
4,1024,224,64,71.2637
4,1024,224,68,69.4676
4,1024,224,72,66.456
4,1024,224,76,66.5099
4,1024,224,80,66.7846
4,1024,224,84,67.3901
4,1024,224,88,66.6368
4,1024,224,92,64.4001
4,1024,224,96,63.2152
4,1024,224,100,61.7705
4,1024,224,104,60.3438
4,1024,224,108,58.7187
4,1024,224,112,58.8774
4,1024,228,8,56.7301
4,1024,228,12,64.8602
4,1024,228,16,68.6769
4,1024,228,20,70.6599
4,1024,228,24,75.8019
4,1024,228,28,73.5751
4,1024,228,32,74.312
4,1024,228,36,74.0632
4,1024,228,40,76.0831
4,1024,228,44,69.6141
4,1024,228,48,74.3659
4,1024,228,52,63.9547
4,1024,228,56,70.8173
4,1024,228,60,54.998
4,1024,228,64,71.8348
4,1024,228,68,62.0224
4,1024,228,72,67.863
4,1024,228,76,55.7507
4,1024,228,80,66.8152
4,1024,228,84,66.6964
4,1024,228,88,66.0216
4,1024,228,92,64.868
4,1024,228,96,62.6816
4,1024,228,100,59.8096
4,1024,228,104,46.8317
4,1024,228,108,58.7229
4,1024,228,112,56.1822
4,1024,232,8,57.5104
4,1024,232,12,63.6594
4,1024,232,16,70.9568
4,1024,232,20,72.8168
4,1024,232,24,73.6942
4,1024,232,28,74.1978
4,1024,232,32,75.377
4,1024,232,36,73.9341
4,1024,232,40,74.5575
4,1024,232,44,72.9155
4,1024,232,48,70.8594
4,1024,232,52,72.2762
4,1024,232,56,72.1229
4,1024,232,60,69.641
4,1024,232,64,69.8914
4,1024,232,68,70.7115
4,1024,232,72,67.4701
4,1024,232,76,65.8315
4,1024,232,80,66.416
4,1024,232,84,64.6836
4,1024,232,88,65.0717
4,1024,232,92,48.0225
4,1024,232,96,64.2876
4,1024,232,100,62.2276
4,1024,232,104,60.117
4,1024,232,108,58.0136
4,1024,232,112,44.7434
4,1024,232,116,56.9043
4,1024,236,8,50.724
4,1024,236,12,56.8532
4,1024,236,16,70.3413
4,1024,236,20,71.9658
4,1024,236,24,73.6837
4,1024,236,28,72.509
4,1024,236,32,73.0743
4,1024,236,36,61.715
4,1024,236,40,72.2802
4,1024,236,44,69.7317
4,1024,236,48,71.6786
4,1024,236,52,69.7188
4,1024,236,56,68.519
4,1024,236,60,70.9898
4,1024,236,64,71.0679
4,1024,236,68,68.2228
4,1024,236,72,68.4497
4,1024,236,76,66.2824
4,1024,236,80,66.4332
4,1024,236,84,65.3141
4,1024,236,88,63.8708
4,1024,236,92,63.7073
4,1024,236,96,62.6376
4,1024,236,100,61.6626
4,1024,236,104,60.1634
4,1024,236,108,46.8683
4,1024,236,112,56.6343
4,1024,236,116,56.1492
4,1024,240,8,55.9256
4,1024,240,12,63.2254
4,1024,240,16,59.3533
4,1024,240,20,61.5351
4,1024,240,24,72.5987
4,1024,240,28,72.3812
4,1024,240,32,70.0109
4,1024,240,36,73.3136
4,1024,240,40,74.1966
4,1024,240,44,71.2688
4,1024,240,48,72.9003
4,1024,240,52,68.9058
4,1024,240,56,69.7255
4,1024,240,60,70.1263
4,1024,240,64,70.7524
4,1024,240,68,68.4613
4,1024,240,72,68.0975
4,1024,240,76,64.3922
4,1024,240,80,50.6253
4,1024,240,84,63.1729
4,1024,240,88,64.615
4,1024,240,92,63.4709
4,1024,240,96,62.8683
4,1024,240,100,60.3233
4,1024,240,104,59.4533
4,1024,240,108,45.6194
4,1024,240,112,58.1762
4,1024,240,116,55.9302
4,1024,240,120,55.1625
4,1024,244,8,54.0758
4,1024,244,12,62.8218
4,1024,244,16,68.7021
4,1024,244,20,70.6402
4,1024,244,24,70.602
4,1024,244,28,67.6163
4,1024,244,32,75.0851
4,1024,244,36,72.7945
4,1024,244,40,70.8667
4,1024,244,44,71.1522
4,1024,244,48,71.4508
4,1024,244,52,70.5653
4,1024,244,56,68.3886
4,1024,244,60,66.7726
4,1024,244,64,66.1124
4,1024,244,68,67.3441
4,1024,244,72,63.6627
4,1024,244,76,62.7102
4,1024,244,80,63.5562
4,1024,244,84,63.2135
4,1024,244,88,62.5007
4,1024,244,92,62.753
4,1024,244,96,60.8226
4,1024,244,100,59.7238
4,1024,244,104,59.4503
4,1024,244,108,33.2516
4,1024,244,112,57.3307
4,1024,244,116,55.8807
4,1024,244,120,54.3135
4,1024,248,8,49.5254
4,1024,248,12,61.5833
4,1024,248,16,63.3359
4,1024,248,20,69.8638
4,1024,248,24,72.5608
4,1024,248,28,57.4771
4,1024,248,32,71.1235
4,1024,248,36,72.5971
4,1024,248,40,72.2518
4,1024,248,44,69.8949
4,1024,248,48,70.0494
4,1024,248,52,70.7056
4,1024,248,56,69.9607
4,1024,248,60,57.0638
4,1024,248,64,68.3278
4,1024,248,68,64.4123
4,1024,248,72,65.982
4,1024,248,76,63.6466
4,1024,248,80,62.1871
4,1024,248,84,62.7273
4,1024,248,88,61.7473
4,1024,248,92,60.9461
4,1024,248,96,61.1491
4,1024,248,100,52.4029
4,1024,248,104,58.5945
4,1024,248,108,57.1171
4,1024,248,112,53.7452
4,1024,248,116,54.7359
4,1024,248,120,43.6973
4,1024,248,124,52.918
4,1024,252,8,52.4478
4,1024,252,12,58.2294
4,1024,252,16,65.1633
4,1024,252,20,63.6099
4,1024,252,24,62.2288
4,1024,252,28,68.6953
4,1024,252,32,71.3751
4,1024,252,36,71.231
4,1024,252,40,64.6274
4,1024,252,44,69.9186
4,1024,252,48,68.9303
4,1024,252,52,66.6546
4,1024,252,56,68.6841
4,1024,252,60,48.9053
4,1024,252,64,65.3127
4,1024,252,68,64.6193
4,1024,252,72,64.7529
4,1024,252,76,62.9505
4,1024,252,80,61.8446
4,1024,252,84,47.3214
4,1024,252,88,59.7313
4,1024,252,92,59.034
4,1024,252,96,57.9878
4,1024,252,100,57.6424
4,1024,252,104,56.0699
4,1024,252,108,55.1446
4,1024,252,112,54.6063
4,1024,252,116,53.5502
4,1024,252,120,52.163
4,1024,252,124,50.3988
4,1024,256,8,47.5525
4,1024,256,12,53.5561
4,1024,256,16,61.1744
4,1024,256,20,62.0212
4,1024,256,24,64.4781
4,1024,256,28,62.8756
4,1024,256,32,61.361
4,1024,256,36,65.0176
4,1024,256,40,61.3864
4,1024,256,44,64.8731
4,1024,256,48,60.6206
4,1024,256,52,65.3374
4,1024,256,56,65.1761
4,1024,256,60,63.8653
4,1024,256,64,63.0604
4,1024,256,68,62.0882
4,1024,256,72,62.1186
4,1024,256,76,60.4278
4,1024,256,80,59.8506
4,1024,256,84,58.3403
4,1024,256,88,57.7672
4,1024,256,92,57.9972
4,1024,256,96,57.8555
4,1024,256,100,56.2326
4,1024,256,104,55.6529
4,1024,256,108,54.8147
4,1024,256,112,53.9938
4,1024,256,116,52.0488
4,1024,256,120,51.2915
4,1024,256,124,49.9934
4,1024,256,128,49.7309
4,1024,260,8,52.0019
4,1024,260,12,59.3808
4,1024,260,16,65.1356
4,1024,260,20,68.0635
4,1024,260,24,64.1941
4,1024,260,28,69.3457
4,1024,260,32,69.7669
4,1024,260,36,69.4396
4,1024,260,40,70.8689
4,1024,260,44,70.1545
4,1024,260,48,70.3265
4,1024,260,52,69.5588
4,1024,260,56,63.7556
4,1024,260,60,67.276
4,1024,260,64,65.6332
4,1024,260,68,64.6043
4,1024,260,72,64.0932
4,1024,260,76,63.6229
4,1024,260,80,62.0666
4,1024,260,84,60.5816
4,1024,260,88,59.1926
4,1024,260,92,59.476
4,1024,260,96,58.8171
4,1024,260,100,57.4163
4,1024,260,104,58.1799
4,1024,260,108,56.4237
4,1024,260,112,55.123
4,1024,260,116,53.5885
4,1024,260,120,52.9665
4,1024,260,124,52.037
4,1024,260,128,49.933
4,1024,264,8,52.4485
4,1024,264,12,59.3872
4,1024,264,16,66.5447
4,1024,264,20,67.2854
4,1024,264,24,69.6044
4,1024,264,28,67.576
4,1024,264,32,70.5942
4,1024,264,36,69.9086
4,1024,264,40,70.9206
4,1024,264,44,68.1621
4,1024,264,48,64.3034
4,1024,264,52,69.0526
4,1024,264,56,67.9138
4,1024,264,60,65.6251
4,1024,264,64,65.2691
4,1024,264,68,64.2745
4,1024,264,72,64.2687
4,1024,264,76,63.7365
4,1024,264,80,62.881
4,1024,264,84,59.593
4,1024,264,88,60.2907
4,1024,264,92,58.7428
4,1024,264,96,58.1317
4,1024,264,100,58.4289
4,1024,264,104,57.6708
4,1024,264,108,56.5662
4,1024,264,112,55.1818
4,1024,264,116,53.2324
4,1024,264,120,53.1622
4,1024,264,124,42.0095
4,1024,264,128,50.6913
4,1024,264,132,49.4983
4,1024,268,8,52.5584
4,1024,268,12,59.0995
4,1024,268,16,63.7661
4,1024,268,20,67.2963
4,1024,268,24,69.5707
4,1024,268,28,69.5119
4,1024,268,32,68.201
4,1024,268,36,70.3703
4,1024,268,40,68.9674
4,1024,268,44,66.8171
4,1024,268,48,68.9963
4,1024,268,52,68.0762
4,1024,268,56,63.1534
4,1024,268,60,66.1419
4,1024,268,64,65.204
4,1024,268,68,63.6313
4,1024,268,72,50.0051
4,1024,268,76,62.818
4,1024,268,80,61.8333
4,1024,268,84,59.6627
4,1024,268,88,58.3312
4,1024,268,92,57.4671
4,1024,268,96,57.4146
4,1024,268,100,55.4149
4,1024,268,104,54.7364
4,1024,268,108,55.7391
4,1024,268,112,55.1018
4,1024,268,116,52.99
4,1024,268,120,52.0301
4,1024,268,124,50.9253
4,1024,268,128,44.9103
4,1024,268,132,44.1343
4,1024,272,8,52.2801
4,1024,272,12,59.1499
4,1024,272,16,64.9686
4,1024,272,20,64.8674
4,1024,272,24,69.1969
4,1024,272,28,68.4494
4,1024,272,32,66.3923
4,1024,272,36,68.0633
4,1024,272,40,66.34
4,1024,272,44,64.3982
4,1024,272,48,68.5529
4,1024,272,52,63.7414
4,1024,272,56,65.3218
4,1024,272,60,58.1626
4,1024,272,64,61.04
4,1024,272,68,46.7666
4,1024,272,72,61.039
4,1024,272,76,61.2976
4,1024,272,80,59.9924
4,1024,272,84,59.9132
4,1024,272,88,58.388
4,1024,272,92,57.638
4,1024,272,96,58.1485
4,1024,272,100,56.9159
4,1024,272,104,55.9106
4,1024,272,108,53.9624
4,1024,272,112,55.4553
4,1024,272,116,53.9697
4,1024,272,120,52.94
4,1024,272,124,51.6351
4,1024,272,128,26.9379
4,1024,272,132,49.1092
4,1024,272,136,48.5911
4,1024,276,8,51.2677
4,1024,276,12,56.1415
4,1024,276,16,61.9424
4,1024,276,20,63.8378
4,1024,276,24,65.6915
4,1024,276,28,65.0002
4,1024,276,32,66.945
4,1024,276,36,66.1227
4,1024,276,40,62.9484
4,1024,276,44,65.3358
4,1024,276,48,66.834
4,1024,276,52,65.5058
4,1024,276,56,65.2882
4,1024,276,60,64.1919
4,1024,276,64,62.9816
4,1024,276,68,61.6692
4,1024,276,72,62.0938
4,1024,276,76,61.398
4,1024,276,80,58.9962
4,1024,276,84,58.2478
4,1024,276,88,57.9514
4,1024,276,92,56.4724
4,1024,276,96,57.4581
4,1024,276,100,56.665
4,1024,276,104,54.9034
4,1024,276,108,55.1427
4,1024,276,112,53.6167
4,1024,276,116,52.2191
4,1024,276,120,51.5436
4,1024,276,124,50.5315
4,1024,276,128,50.0454
4,1024,276,132,48.9098
4,1024,276,136,47.6103
4,1024,280,8,47.9873
4,1024,280,12,56.6792
4,1024,280,16,62.7831
4,1024,280,20,64.3953
4,1024,280,24,65.8898
4,1024,280,28,64.9557
4,1024,280,32,67.9377
4,1024,280,36,62.6892
4,1024,280,40,64.7423
4,1024,280,44,63.7516
4,1024,280,48,65.7154
4,1024,280,52,65.064
4,1024,280,56,62.5221
4,1024,280,60,61.1252
4,1024,280,64,63.8305
4,1024,280,68,61.8904
4,1024,280,72,60.9697
4,1024,280,76,60.2921
4,1024,280,80,60.518
4,1024,280,84,58.541
4,1024,280,88,56.2421
4,1024,280,92,56.1779
4,1024,280,96,52.3982
4,1024,280,100,54.6689
4,1024,280,104,54.9949
4,1024,280,108,53.7331
4,1024,280,112,54.0409
4,1024,280,116,52.703
4,1024,280,120,51.6343
4,1024,280,124,51.1302
4,1024,280,128,49.9299
4,1024,280,132,46.5922
4,1024,280,136,47.3369
4,1024,280,140,46.506
4,1024,284,8,49.0953
4,1024,284,12,56.8431
4,1024,284,16,62.5735
4,1024,284,20,63.967
4,1024,284,24,66.2348
4,1024,284,28,65.2142
4,1024,284,32,67.3083
4,1024,284,36,57.5992
4,1024,284,40,65.0388
4,1024,284,44,62.8743
4,1024,284,48,61.034
4,1024,284,52,58.5001
4,1024,284,56,63.5781
4,1024,284,60,61.9029
4,1024,284,64,62.3586
4,1024,284,68,59.9622
4,1024,284,72,59.7718
4,1024,284,76,59.6924
4,1024,284,80,59.1083
4,1024,284,84,57.9159
4,1024,284,88,56.1983
4,1024,284,92,55.0369
4,1024,284,96,54.6185
4,1024,284,100,54.0701
4,1024,284,104,54.0701
4,1024,284,108,53.3018
4,1024,284,112,52.6835
4,1024,284,116,52.1484
4,1024,284,120,50.3338
4,1024,284,124,49.4763
4,1024,284,128,48.8596
4,1024,284,132,47.8629
4,1024,284,136,46.623
4,1024,284,140,45.3747
4,1024,288,8,42.8761
4,1024,288,12,54.4794
4,1024,288,16,61.7046
4,1024,288,20,62.0438
4,1024,288,24,61.2884
4,1024,288,28,56.3573
4,1024,288,32,64.0501
4,1024,288,36,64.8169
4,1024,288,40,65.2401
4,1024,288,44,64.0039
4,1024,288,48,65.0066
4,1024,288,52,60.9342
4,1024,288,56,62.796
4,1024,288,60,61.7526
4,1024,288,64,61.5752
4,1024,288,68,57.3262
4,1024,288,72,59.0791
4,1024,288,76,55.1405
4,1024,288,80,57.9669
4,1024,288,84,57.2198
4,1024,288,88,56.3226
4,1024,288,92,53.6361
4,1024,288,96,54.2533
4,1024,288,100,52.4967
4,1024,288,104,52.6833
4,1024,288,108,41.5583
4,1024,288,112,50.9116
4,1024,288,116,51.0445
4,1024,288,120,50.6551
4,1024,288,124,49.6692
4,1024,288,128,48.6227
4,1024,288,132,45.8883
4,1024,288,136,45.6802
4,1024,288,140,45.3026
4,1024,288,144,44.5973
4,1024,292,8,48.0655
4,1024,292,12,54.5642
4,1024,292,16,61.0559
4,1024,292,20,62.2641
4,1024,292,24,63.8379
4,1024,292,28,63.4576
4,1024,292,32,64.3889
4,1024,292,36,62.7898
4,1024,292,40,58.2243
4,1024,292,44,63.1892
4,1024,292,48,60.5933
4,1024,292,52,63.2598
4,1024,292,56,53.1239
4,1024,292,60,52.1063
4,1024,292,64,60.6598
4,1024,292,68,59.3614
4,1024,292,72,55.4739
4,1024,292,76,57.6915
4,1024,292,80,58.0614
4,1024,292,84,56.4494
4,1024,292,88,55.1672
4,1024,292,92,54.4641
4,1024,292,96,53.3508
4,1024,292,100,51.7658
4,1024,292,104,52.8711
4,1024,292,108,52.0768
4,1024,292,112,51.5176
4,1024,292,116,49.8881
4,1024,292,120,49.9782
4,1024,292,124,48.6917
4,1024,292,128,47.6275
4,1024,292,132,38.1256
4,1024,292,136,44.9871
4,1024,292,140,44.7077
4,1024,292,144,43.7931
4,1024,296,8,47.572
4,1024,296,12,53.395
4,1024,296,16,59.8638
4,1024,296,20,60.1772
4,1024,296,24,63.011
4,1024,296,28,62.6969
4,1024,296,32,64.515
4,1024,296,36,62.353
4,1024,296,40,63.522
4,1024,296,44,62.5798
4,1024,296,48,63.5795
4,1024,296,52,45.6682
4,1024,296,56,61.5115
4,1024,296,60,60.2516
4,1024,296,64,56.9683
4,1024,296,68,56.0001
4,1024,296,72,55.9555
4,1024,296,76,55.759
4,1024,296,80,57.1448
4,1024,296,84,55.8086
4,1024,296,88,54.8087
4,1024,296,92,53.458
4,1024,296,96,52.2443
4,1024,296,100,51.8213
4,1024,296,104,51.3374
4,1024,296,108,50.9602
4,1024,296,112,50.9324
4,1024,296,116,49.2548
4,1024,296,120,49.7512
4,1024,296,124,48.325
4,1024,296,128,47.8489
4,1024,296,132,46.5422
4,1024,296,136,45.3481
4,1024,296,140,44.1161
4,1024,296,144,43.4478
4,1024,296,148,42.9897
4,1024,300,8,46.3541
4,1024,300,12,52.4389
4,1024,300,16,58.1732
4,1024,300,20,49.1902
4,1024,300,24,60.4346
4,1024,300,28,61.7501
4,1024,300,32,62.9968
4,1024,300,36,60.5125
4,1024,300,40,29.9366
4,1024,300,44,60.4092
4,1024,300,48,61.2623
4,1024,300,52,61.1
4,1024,300,56,59.0519
4,1024,300,60,57.2909
4,1024,300,64,58.3062
4,1024,300,68,57.9605
4,1024,300,72,56.3625
4,1024,300,76,56.5896
4,1024,300,80,56.0361
4,1024,300,84,55.1049
4,1024,300,88,54.5192
4,1024,300,92,53.0756
4,1024,300,96,52.0263
4,1024,300,100,51.0086
4,1024,300,104,50.6189
4,1024,300,108,50.526
4,1024,300,112,49.3556
4,1024,300,116,49.3524
4,1024,300,120,48.5806
4,1024,300,124,47.7604
4,1024,300,128,46.6297
4,1024,300,132,45.418
4,1024,300,136,44.7035
4,1024,300,140,43.7304
4,1024,300,144,42.8711
4,1024,300,148,42.0777
4,1024,304,8,44.945
4,1024,304,12,51.226
4,1024,304,16,56.2462
4,1024,304,20,58.6721
4,1024,304,24,59.8893
4,1024,304,28,60.3334
4,1024,304,32,61.5061
4,1024,304,36,59.4097
4,1024,304,40,61.0757
4,1024,304,44,60.7739
4,1024,304,48,59.651
4,1024,304,52,59.8849
4,1024,304,56,56.9096
4,1024,304,60,55.195
4,1024,304,64,56.9587
4,1024,304,68,55.6324
4,1024,304,72,56.2395
4,1024,304,76,42.3075
4,1024,304,80,55.5623
4,1024,304,84,54.0756
4,1024,304,88,54.037
4,1024,304,92,51.9803
4,1024,304,96,47.8314
4,1024,304,100,47.7985
4,1024,304,104,50.3436
4,1024,304,108,49.7744
4,1024,304,112,49.7177
4,1024,304,116,48.7669
4,1024,304,120,48.508
4,1024,304,124,47.4016
4,1024,304,128,45.635
4,1024,304,132,45.7451
4,1024,304,136,44.7562
4,1024,304,140,43.711
4,1024,304,144,42.9943
4,1024,304,148,41.7373
4,1024,304,152,41.0658
4,1024,308,8,44.772
4,1024,308,12,51.09
4,1024,308,16,56.3234
4,1024,308,20,57.6467
4,1024,308,24,59.7941
4,1024,308,28,59.4431
4,1024,308,32,60.0049
4,1024,308,36,59.0219
4,1024,308,40,59.4855
4,1024,308,44,56.9772
4,1024,308,48,59.6688
4,1024,308,52,58.7351
4,1024,308,56,56.2116
4,1024,308,60,54.8643
4,1024,308,64,54.8412
4,1024,308,68,41.2697
4,1024,308,72,53.9483
4,1024,308,76,54.3282
4,1024,308,80,54.4224
4,1024,308,84,53.2593
4,1024,308,88,52.2582
4,1024,308,92,51.1134
4,1024,308,96,50.1521
4,1024,308,100,50.0273
4,1024,308,104,49.1301
4,1024,308,108,48.9343
4,1024,308,112,49.0706
4,1024,308,116,48.3291
4,1024,308,120,46.5996
4,1024,308,124,46.6083
4,1024,308,128,46.0273
4,1024,308,132,45.1811
4,1024,308,136,44.7249
4,1024,308,140,43.419
4,1024,308,144,42.6511
4,1024,308,148,41.279
4,1024,308,152,40.5981
4,1024,312,8,43.4067
4,1024,312,12,50.1797
4,1024,312,16,55.7409
4,1024,312,20,57.2005
4,1024,312,24,58.3502
4,1024,312,28,58.0939
4,1024,312,32,60.3303
4,1024,312,36,59.111
4,1024,312,40,60.1601
4,1024,312,44,58.0605
4,1024,312,48,58.4349
4,1024,312,52,57.9054
4,1024,312,56,55.9629
4,1024,312,60,54.4764
4,1024,312,64,55.5526
4,1024,312,68,54.0916
4,1024,312,72,54.5171
4,1024,312,76,52.3131
4,1024,312,80,53.1843
4,1024,312,84,43.4232
4,1024,312,88,43.0788
4,1024,312,92,50.8655
4,1024,312,96,50.6785
4,1024,312,100,49.3358
4,1024,312,104,48.9361
4,1024,312,108,48.3026
4,1024,312,112,47.9447
4,1024,312,116,47.2269
4,1024,312,120,47.2707
4,1024,312,124,46.0985
4,1024,312,128,45.6119
4,1024,312,132,44.7518
4,1024,312,136,44.3994
4,1024,312,140,37.5713
4,1024,312,144,42.6397
4,1024,312,148,41.0437
4,1024,312,152,40.6761
4,1024,312,156,39.5487
4,1024,316,8,42.3284
4,1024,316,12,48.4603
4,1024,316,16,54.4982
4,1024,316,20,55.0047
4,1024,316,24,56.992
4,1024,316,28,55.5428
4,1024,316,32,58.1589
4,1024,316,36,45.131
4,1024,316,40,58.5792
4,1024,316,44,56.5472
4,1024,316,48,57.8122
4,1024,316,52,56.4464
4,1024,316,56,56.6055
4,1024,316,60,54.5253
4,1024,316,64,54.0954
4,1024,316,68,52.7714
4,1024,316,72,53.7277
4,1024,316,76,51.5121
4,1024,316,80,52.1756
4,1024,316,84,51.3967
4,1024,316,88,51.3213
4,1024,316,92,49.1832
4,1024,316,96,40.6156
4,1024,316,100,47.8382
4,1024,316,104,47.15
4,1024,316,108,46.9029
4,1024,316,112,47.1585
4,1024,316,116,44.4339
4,1024,316,120,45.9801
4,1024,316,124,45.5939
4,1024,316,128,44.9079
4,1024,316,132,43.9987
4,1024,316,136,43.5549
4,1024,316,140,41.8788
4,1024,316,144,41.6817
4,1024,316,148,40.7569
4,1024,316,152,39.7464
4,1024,316,156,38.6263
4,1024,320,8,40.3213
4,1024,320,12,45.4672
4,1024,320,16,51.6231
4,1024,320,20,53.1407
4,1024,320,24,40.5525
4,1024,320,28,55.2838
4,1024,320,32,57.0638
4,1024,320,36,53.1444
4,1024,320,40,55.1037
4,1024,320,44,54.1065
4,1024,320,48,55.5064
4,1024,320,52,54.94
4,1024,320,56,53.9694
4,1024,320,60,52.3701
4,1024,320,64,52.3513
4,1024,320,68,52.4516
4,1024,320,72,48.1177
4,1024,320,76,49.4145
4,1024,320,80,50.8036
4,1024,320,84,48.1077
4,1024,320,88,49.7441
4,1024,320,92,45.5481
4,1024,320,96,48.2508
4,1024,320,100,47.1368
4,1024,320,104,46.5661
4,1024,320,108,45.6889
4,1024,320,112,45.9004
4,1024,320,116,45.141
4,1024,320,120,44.9838
4,1024,320,124,44.3422
4,1024,320,128,19.981
4,1024,320,132,43.0507
4,1024,320,136,42.4952
4,1024,320,140,41.6844
4,1024,320,144,40.9667
4,1024,320,148,39.9283
4,1024,320,152,38.9268
4,1024,320,156,38.2828
4,1024,320,160,37.6305
4,1024,324,8,40.4424
4,1024,324,12,46.5258
4,1024,324,16,50.8457
4,1024,324,20,52.2086
4,1024,324,24,54.8952
4,1024,324,28,54.336
4,1024,324,32,56.8011
4,1024,324,36,55.6042
4,1024,324,40,55.0367
4,1024,324,44,55.3993
4,1024,324,48,55.9696
4,1024,324,52,54.4224
4,1024,324,56,52.5083
4,1024,324,60,51.5228
4,1024,324,64,52.1989
4,1024,324,68,52.3832
4,1024,324,72,50.7359
4,1024,324,76,50.4074
4,1024,324,80,50.463
4,1024,324,84,49.4605
4,1024,324,88,49.726
4,1024,324,92,48.7391
4,1024,324,96,48.495
4,1024,324,100,47.3236
4,1024,324,104,45.706
4,1024,324,108,44.9485
4,1024,324,112,36.882
4,1024,324,116,44.5808
4,1024,324,120,44.1927
4,1024,324,124,44.0113
4,1024,324,128,42.5549
4,1024,324,132,41.9308
4,1024,324,136,41.6951
4,1024,324,140,41.0419
4,1024,324,144,40.4823
4,1024,324,148,39.9451
4,1024,324,152,39.0955
4,1024,324,156,38.0801
4,1024,324,160,37.2344
4,1024,328,8,39.8893
4,1024,328,12,45.7188
4,1024,328,16,51.1259
4,1024,328,20,51.1495
4,1024,328,24,53.3574
4,1024,328,28,54.115
4,1024,328,32,55.9177
4,1024,328,36,54.2568
4,1024,328,40,55.1306
4,1024,328,44,53.9283
4,1024,328,48,55.224
4,1024,328,52,53.5729
4,1024,328,56,53.6427
4,1024,328,60,52.6737
4,1024,328,64,51.8271
4,1024,328,68,50.7832
4,1024,328,72,50.5447
4,1024,328,76,49.5784
4,1024,328,80,50.1801
4,1024,328,84,49.2602
4,1024,328,88,48.9508
4,1024,328,92,47.9469
4,1024,328,96,47.9317
4,1024,328,100,46.2637
4,1024,328,104,45.6335
4,1024,328,108,41.6664
4,1024,328,112,44.4324
4,1024,328,116,44.173
4,1024,328,120,43.5913
4,1024,328,124,43.2272
4,1024,328,128,42.6657
4,1024,328,132,42.647
4,1024,328,136,41.5712
4,1024,328,140,40.9173
4,1024,328,144,40.3283
4,1024,328,148,39.2708
4,1024,328,152,38.6772
4,1024,328,156,37.8974
4,1024,328,160,36.8042
4,1024,328,164,36.3651
4,1024,332,8,38.4426
4,1024,332,12,44.9493
4,1024,332,16,50.2529
4,1024,332,20,50.3884
4,1024,332,24,53.3884
4,1024,332,28,52.2566
4,1024,332,32,54.5497
4,1024,332,36,53.2704
4,1024,332,40,53.5154
4,1024,332,44,53.2569
4,1024,332,48,53.6843
4,1024,332,52,52.281
4,1024,332,56,52.4962
4,1024,332,60,40.0576
4,1024,332,64,50.9519
4,1024,332,68,50.281
4,1024,332,72,50.3803
4,1024,332,76,38.8074
4,1024,332,80,48.319
4,1024,332,84,47.6491
4,1024,332,88,37.3909
4,1024,332,92,45.0426
4,1024,332,96,46.1126
4,1024,332,100,45.589
4,1024,332,104,44.4545
4,1024,332,108,43.4603
4,1024,332,112,43.3879
4,1024,332,116,41.6773
4,1024,332,120,42.6469
4,1024,332,124,42.2499
4,1024,332,128,41.7468
4,1024,332,132,41.1845
4,1024,332,136,40.7582
4,1024,332,140,39.6267
4,1024,332,144,39.0631
4,1024,332,148,38.5663
4,1024,332,152,37.93
4,1024,332,156,37.1629
4,1024,332,160,36.607
4,1024,332,164,35.2812
4,1024,336,8,34.6295
4,1024,336,12,43.2853
4,1024,336,16,47.527
4,1024,336,20,48.5087
4,1024,336,24,51.7733
4,1024,336,28,51.2006
4,1024,336,32,52.5249
4,1024,336,36,52.6724
4,1024,336,40,52.5336
4,1024,336,44,51.4489
4,1024,336,48,52.6749
4,1024,336,52,51.3145
4,1024,336,56,51.5935
4,1024,336,60,50.4569
4,1024,336,64,50.1122
4,1024,336,68,49.3179
4,1024,336,72,49.3232
4,1024,336,76,48.4728
4,1024,336,80,47.5434
4,1024,336,84,39.218
4,1024,336,88,46.0968
4,1024,336,92,43.9031
4,1024,336,96,45.8208
4,1024,336,100,43.0359
4,1024,336,104,44.1674
4,1024,336,108,43.0578
4,1024,336,112,42.9665
4,1024,336,116,42.2811
4,1024,336,120,42.259
4,1024,336,124,41.6654
4,1024,336,128,41.3143
4,1024,336,132,40.3501
4,1024,336,136,40.1112
4,1024,336,140,39.155
4,1024,336,144,38.8291
4,1024,336,148,38.2306
4,1024,336,152,37.1474
4,1024,336,156,36.6533
4,1024,336,160,35.9679
4,1024,336,164,34.9013
4,1024,336,168,34.8232
4,1024,340,8,36.7838
4,1024,340,12,42.1749
4,1024,340,16,47.663
4,1024,340,20,48.8482
4,1024,340,24,49.8019
4,1024,340,28,49.8355
4,1024,340,32,52.0805
4,1024,340,36,51.6856
4,1024,340,40,51.8865
4,1024,340,44,50.9137
4,1024,340,48,50.458
4,1024,340,52,50.7181
4,1024,340,56,49.8465
4,1024,340,60,49.4069
4,1024,340,64,48.2347
4,1024,340,68,48.3359
4,1024,340,72,48.4536
4,1024,340,76,46.9742
4,1024,340,80,39.8506
4,1024,340,84,45.3871
4,1024,340,88,45.2989
4,1024,340,92,44.1285
4,1024,340,96,44.8108
4,1024,340,100,44.0347
4,1024,340,104,43.2014
4,1024,340,108,42.3782
4,1024,340,112,41.1294
4,1024,340,116,40.8428
4,1024,340,120,33.9927
4,1024,340,124,40.9085
4,1024,340,128,40.115
4,1024,340,132,40.1812
4,1024,340,136,39.7058
4,1024,340,140,38.5399
4,1024,340,144,38.286
4,1024,340,148,37.7055
4,1024,340,152,37.1534
4,1024,340,156,35.8123
4,1024,340,160,35.4142
4,1024,340,164,34.9403
4,1024,340,168,34.2359
4,1024,344,8,36.7898
4,1024,344,12,42.1852
4,1024,344,16,47.891
4,1024,344,20,49.0876
4,1024,344,24,51.5204
4,1024,344,28,51.2069
4,1024,344,32,52.8469
4,1024,344,36,51.6294
4,1024,344,40,52.6653
4,1024,344,44,51.9767
4,1024,344,48,52.2178
4,1024,344,52,50.4577
4,1024,344,56,51.0754
4,1024,344,60,50.8609
4,1024,344,64,50.5936
4,1024,344,68,48.033
4,1024,344,72,49.0436
4,1024,344,76,48.568
4,1024,344,80,48.2322
4,1024,344,84,46.8389
4,1024,344,88,46.2957
4,1024,344,92,46.0533
4,1024,344,96,46.232
4,1024,344,100,43.9383
4,1024,344,104,44.0312
4,1024,344,108,43.3083
4,1024,344,112,42.9903
4,1024,344,116,42.0871
4,1024,344,120,42.3708
4,1024,344,124,41.9223
4,1024,344,128,41.1842
4,1024,344,132,40.5484
4,1024,344,136,38.2927
4,1024,344,140,39.4607
4,1024,344,144,39.2194
4,1024,344,148,38.1203
4,1024,344,152,37.9141
4,1024,344,156,36.6058
4,1024,344,160,36.8553
4,1024,344,164,36.1313
4,1024,344,168,35.427
4,1024,344,172,34.9064
4,1024,348,8,36.4664
4,1024,348,12,41.4808
4,1024,348,16,45.2504
4,1024,348,20,48.6687
4,1024,348,24,51.3277
4,1024,348,28,50.9073
4,1024,348,32,41.6229
4,1024,348,36,52.4615
4,1024,348,40,52.1704
4,1024,348,44,51.911
4,1024,348,48,52.1614
4,1024,348,52,51.1803
4,1024,348,56,50.7359
4,1024,348,60,49.5844
4,1024,348,64,50.2437
4,1024,348,68,47.8832
4,1024,348,72,49.3596
4,1024,348,76,47.8025
4,1024,348,80,47.3821
4,1024,348,84,47.0362
4,1024,348,88,46.2368
4,1024,348,92,44.5622
4,1024,348,96,45.5416
4,1024,348,100,44.4551
4,1024,348,104,43.8574
4,1024,348,108,43.239
4,1024,348,112,41.9497
4,1024,348,116,41.0347
4,1024,348,120,41.2539
4,1024,348,124,40.9859
4,1024,348,128,40.3841
4,1024,348,132,40.2409
4,1024,348,136,40.3492
4,1024,348,140,36.3408
4,1024,348,144,38.9942
4,1024,348,148,38.2232
4,1024,348,152,37.7051
4,1024,348,156,36.6431
4,1024,348,160,36.755
4,1024,348,164,35.5434
4,1024,348,168,34.95
4,1024,348,172,34.4276
4,1024,352,8,36.0266
4,1024,352,12,41.171
4,1024,352,16,46.6254
4,1024,352,20,47.8497
4,1024,352,24,50.4483
4,1024,352,28,45.5014
4,1024,352,32,51.9614
4,1024,352,36,39.9196
4,1024,352,40,51.3445
4,1024,352,44,51.0724
4,1024,352,48,51.4216
4,1024,352,52,40.1671
4,1024,352,56,49.1771
4,1024,352,60,49.7707
4,1024,352,64,49.6504
4,1024,352,68,48.3863
4,1024,352,72,48.6364
4,1024,352,76,47.8501
4,1024,352,80,48.0067
4,1024,352,84,46.4634
4,1024,352,88,46.0308
4,1024,352,92,44.9508
4,1024,352,96,44.5692
4,1024,352,100,44.3388
4,1024,352,104,43.7252
4,1024,352,108,33.6204
4,1024,352,112,42.2402
4,1024,352,116,40.7678
4,1024,352,120,41.2628
4,1024,352,124,40.8238
4,1024,352,128,40.5487
4,1024,352,132,40.4046
4,1024,352,136,40.2522
4,1024,352,140,38.6941
4,1024,352,144,39.1997
4,1024,352,148,38.3779
4,1024,352,152,33.2095
4,1024,352,156,36.4193
4,1024,352,160,36.0558
4,1024,352,164,35.317
4,1024,352,168,35.0259
4,1024,352,172,34.3137
4,1024,352,176,34.0681
4,1024,356,8,31.3117
4,1024,356,12,41.2998
4,1024,356,16,47.2319
4,1024,356,20,48.6743
4,1024,356,24,50.2069
4,1024,356,28,45.2646
4,1024,356,32,49.7902
4,1024,356,36,51.7373
4,1024,356,40,52.3827
4,1024,356,44,50.1489
4,1024,356,48,51.8468
4,1024,356,52,41.1255
4,1024,356,56,50.3368
4,1024,356,60,49.7328
4,1024,356,64,49.1164
4,1024,356,68,48.6606
4,1024,356,72,47.5805
4,1024,356,76,47.4182
4,1024,356,80,47.8675
4,1024,356,84,37.7422
4,1024,356,88,45.0711
4,1024,356,92,45.4501
4,1024,356,96,45.189
4,1024,356,100,44.2107
4,1024,356,104,36.9878
4,1024,356,108,42.7081
4,1024,356,112,42.4912
4,1024,356,116,41.3801
4,1024,356,120,41.2784
4,1024,356,124,40.6024
4,1024,356,128,40.5916
4,1024,356,132,40.1198
4,1024,356,136,39.6122
4,1024,356,140,39.1936
4,1024,356,144,38.6955
4,1024,356,148,38.1238
4,1024,356,152,37.7648
4,1024,356,156,37.0487
4,1024,356,160,36.2574
4,1024,356,164,35.6527
4,1024,356,168,35.0908
4,1024,356,172,34.4154
4,1024,356,176,33.8224
4,1024,360,8,36.1988
4,1024,360,12,41.2087
4,1024,360,16,46.267
4,1024,360,20,48.1021
4,1024,360,24,50.2046
4,1024,360,28,50.0789
4,1024,360,32,50.2952
4,1024,360,36,50.1348
4,1024,360,40,51.0746
4,1024,360,44,49.1615
4,1024,360,48,50.1082
4,1024,360,52,50.2315
4,1024,360,56,40.2897
4,1024,360,60,49.2359
4,1024,360,64,49.4268
4,1024,360,68,48.1315
4,1024,360,72,48.6866
4,1024,360,76,47.0553
4,1024,360,80,47.2523
4,1024,360,84,46.2763
4,1024,360,88,46.1199
4,1024,360,92,45.3653
4,1024,360,96,37.514
4,1024,360,100,43.8107
4,1024,360,104,43.7163
4,1024,360,108,35.8831
4,1024,360,112,42.085
4,1024,360,116,41.4722
4,1024,360,120,40.8996
4,1024,360,124,40.959
4,1024,360,128,40.7259
4,1024,360,132,39.4433
4,1024,360,136,39.4935
4,1024,360,140,39.1224
4,1024,360,144,38.6232
4,1024,360,148,38.027
4,1024,360,152,38.0163
4,1024,360,156,37.1748
4,1024,360,160,36.627
4,1024,360,164,35.7144
4,1024,360,168,35.3689
4,1024,360,172,34.1848
4,1024,360,176,34.0248
4,1024,360,180,33.3106
4,1024,364,8,35.9903
4,1024,364,12,41.5947
4,1024,364,16,46.0399
4,1024,364,20,47.8345
4,1024,364,24,49.087
4,1024,364,28,49.6624
4,1024,364,32,50.7598
4,1024,364,36,50.8045
4,1024,364,40,50.2044
4,1024,364,44,50.3158
4,1024,364,48,50.8353
4,1024,364,52,49.3399
4,1024,364,56,49.4926
4,1024,364,60,48.7682
4,1024,364,64,48.4601
4,1024,364,68,38.8397
4,1024,364,72,47.5988
4,1024,364,76,47.2783
4,1024,364,80,41.3551
4,1024,364,84,45.7464
4,1024,364,88,45.2322
4,1024,364,92,44.5048
4,1024,364,96,44.5736
4,1024,364,100,42.8414
4,1024,364,104,43.1199
4,1024,364,108,41.6769
4,1024,364,112,42.4591
4,1024,364,116,41.233
4,1024,364,120,39.9039
4,1024,364,124,40.2975
4,1024,364,128,40.1989
4,1024,364,132,39.9816
4,1024,364,136,39.3066
4,1024,364,140,38.7186
4,1024,364,144,38.5749
4,1024,364,148,37.4902
4,1024,364,152,37.4323
4,1024,364,156,36.6031
4,1024,364,160,36.3516
4,1024,364,164,35.7291
4,1024,364,168,34.805
4,1024,364,172,33.9144
4,1024,364,176,33.9648
4,1024,364,180,32.7621
4,1024,368,8,35.2984
4,1024,368,12,40.0528
4,1024,368,16,46.0292
4,1024,368,20,46.2233
4,1024,368,24,49.0299
4,1024,368,28,49.0129
4,1024,368,32,49.3679
4,1024,368,36,49.2577
4,1024,368,40,50.6594
4,1024,368,44,49.5277
4,1024,368,48,50.25
4,1024,368,52,48.2177
4,1024,368,56,49.2978
4,1024,368,60,47.8862
4,1024,368,64,48.1116
4,1024,368,68,46.9627
4,1024,368,72,46.9947
4,1024,368,76,46.7393
4,1024,368,80,47.0943
4,1024,368,84,45.7526
4,1024,368,88,45.1203
4,1024,368,92,44.1885
4,1024,368,96,43.6002
4,1024,368,100,42.6953
4,1024,368,104,43.318
4,1024,368,108,42.3902
4,1024,368,112,41.6558
4,1024,368,116,40.7622
4,1024,368,120,39.2093
4,1024,368,124,39.3683
4,1024,368,128,39.7772
4,1024,368,132,38.738
4,1024,368,136,39.1059
4,1024,368,140,38.2396
4,1024,368,144,38.4532
4,1024,368,148,37.651
4,1024,368,152,36.8766
4,1024,368,156,36.4282
4,1024,368,160,35.8344
4,1024,368,164,35.0413
4,1024,368,168,35.0223
4,1024,368,172,33.7557
4,1024,368,176,33.4722
4,1024,368,180,32.9438
4,1024,368,184,32.1193
4,1024,372,8,35.4866
4,1024,372,12,40.8324
4,1024,372,16,45.4582
4,1024,372,20,47.0359
4,1024,372,24,48.8911
4,1024,372,28,48.7385
4,1024,372,32,50.5942
4,1024,372,36,50.0572
4,1024,372,40,49.949
4,1024,372,44,49.5593
4,1024,372,48,49.6868
4,1024,372,52,49.1118
4,1024,372,56,48.8112
4,1024,372,60,47.4375
4,1024,372,64,48.2545
4,1024,372,68,47.6093
4,1024,372,72,47.2629
4,1024,372,76,31.93
4,1024,372,80,46.457
4,1024,372,84,45.1337
4,1024,372,88,43.259
4,1024,372,92,43.273
4,1024,372,96,43.5072
4,1024,372,100,43.3922
4,1024,372,104,42.3765
4,1024,372,108,42.1761
4,1024,372,112,41.9213
4,1024,372,116,40.6514
4,1024,372,120,39.8345
4,1024,372,124,38.4959
4,1024,372,128,39.3451
4,1024,372,132,39.1158
4,1024,372,136,38.9024
4,1024,372,140,38.1392
4,1024,372,144,37.6198
4,1024,372,148,37.4289
4,1024,372,152,37.084
4,1024,372,156,36.3762
4,1024,372,160,35.5821
4,1024,372,164,34.9449
4,1024,372,168,34.8839
4,1024,372,172,33.3419
4,1024,372,176,33.1484
4,1024,372,180,31.5911
4,1024,372,184,32.2251
4,1024,376,8,35.1359
4,1024,376,12,40.2967
4,1024,376,16,45.2529
4,1024,376,20,46.6774
4,1024,376,24,49.2709
4,1024,376,28,48.6739
4,1024,376,32,50.2417
4,1024,376,36,49.5013
4,1024,376,40,50.7082
4,1024,376,44,49.1113
4,1024,376,48,50.3285
4,1024,376,52,48.9228
4,1024,376,56,48.4743
4,1024,376,60,47.8912
4,1024,376,64,39.2918
4,1024,376,68,45.7668
4,1024,376,72,47.011
4,1024,376,76,45.7385
4,1024,376,80,45.6022
4,1024,376,84,44.5687
4,1024,376,88,45.0597
4,1024,376,92,43.3342
4,1024,376,96,43.6842
4,1024,376,100,40.5668
4,1024,376,104,42.9049
4,1024,376,108,42.1586
4,1024,376,112,41.8375
4,1024,376,116,40.6903
4,1024,376,120,40.0756
4,1024,376,124,23.4579
4,1024,376,128,38.7595
4,1024,376,132,36.862
4,1024,376,136,38.6621
4,1024,376,140,37.779
4,1024,376,144,37.6932
4,1024,376,148,37.6053
4,1024,376,152,37.0934
4,1024,376,156,36.4406
4,1024,376,160,36.2097
4,1024,376,164,35.0579
4,1024,376,168,34.3519
4,1024,376,172,34.2295
4,1024,376,176,33.2144
4,1024,376,180,32.4451
4,1024,376,184,32.0869
4,1024,376,188,31.7263
4,1024,380,8,34.8754
4,1024,380,12,34.6258
4,1024,380,16,44.9322
4,1024,380,20,46.4806
4,1024,380,24,48.0609
4,1024,380,28,48.0136
4,1024,380,32,49.7401
4,1024,380,36,49.459
4,1024,380,40,49.7619
4,1024,380,44,48.6974
4,1024,380,48,39.6108
4,1024,380,52,48.0922
4,1024,380,56,48.141
4,1024,380,60,46.342
4,1024,380,64,46.9837
4,1024,380,68,47.0849
4,1024,380,72,45.8556
4,1024,380,76,37.5876
4,1024,380,80,45.6148
4,1024,380,84,44.8634
4,1024,380,88,44.4373
4,1024,380,92,42.9151
4,1024,380,96,42.3154
4,1024,380,100,42.7548
4,1024,380,104,42.1091
4,1024,380,108,41.5993
4,1024,380,112,41.0844
4,1024,380,116,40.3509
4,1024,380,120,39.5792
4,1024,380,124,38.464
4,1024,380,128,38.067
4,1024,380,132,37.9562
4,1024,380,136,37.9577
4,1024,380,140,37.7317
4,1024,380,144,36.7163
4,1024,380,148,36.9975
4,1024,380,152,36.746
4,1024,380,156,35.6983
4,1024,380,160,35.2368
4,1024,380,164,34.7522
4,1024,380,168,33.6489
4,1024,380,172,33.4458
4,1024,380,176,32.7459
4,1024,380,180,31.9265
4,1024,380,184,31.9192
4,1024,380,188,31.3152
4,1024,384,8,32.4598
4,1024,384,12,37.2677
4,1024,384,16,41.9901
4,1024,384,20,43.2887
4,1024,384,24,45.2002
4,1024,384,28,45.0035
4,1024,384,32,47.1211
4,1024,384,36,46.7851
4,1024,384,40,47.1581
4,1024,384,44,45.8203
4,1024,384,48,46.5285
4,1024,384,52,46.1841
4,1024,384,56,46.6587
4,1024,384,60,44.0616
4,1024,384,64,45.5988
4,1024,384,68,42.6627
4,1024,384,72,44.4996
4,1024,384,76,42.9727
4,1024,384,80,43.6566
4,1024,384,84,41.9956
4,1024,384,88,42.6988
4,1024,384,92,41.728
4,1024,384,96,41.2133
4,1024,384,100,40.9676
4,1024,384,104,40.3385
4,1024,384,108,39.8596
4,1024,384,112,39.7558
4,1024,384,116,38.9542
4,1024,384,120,38.2857
4,1024,384,124,37.734
4,1024,384,128,36.6207
4,1024,384,132,36.7022
4,1024,384,136,36.6049
4,1024,384,140,35.9679
4,1024,384,144,36.2619
4,1024,384,148,35.2535
4,1024,384,152,35.1805
4,1024,384,156,34.775
4,1024,384,160,34.3862
4,1024,384,164,33.6218
4,1024,384,168,33.1712
4,1024,384,172,32.3971
4,1024,384,176,31.9315
4,1024,384,180,31.2494
4,1024,384,184,31.2523
4,1024,384,188,30.3602
4,1024,384,192,23.7378
4,1024,388,8,33.8126
4,1024,388,12,38.653
4,1024,388,16,42.7148
4,1024,388,20,44.9304
4,1024,388,24,46.8313
4,1024,388,28,47.2548
4,1024,388,32,48.7769
4,1024,388,36,48.4948
4,1024,388,40,48.9542
4,1024,388,44,46.928
4,1024,388,48,48.2303
4,1024,388,52,47.937
4,1024,388,56,47.8424
4,1024,388,60,46.2457
4,1024,388,64,46.5537
4,1024,388,68,46.1355
4,1024,388,72,45.0749
4,1024,388,76,44.3703
4,1024,388,80,44.7809
4,1024,388,84,44.1877
4,1024,388,88,43.5099
4,1024,388,92,42.6671
4,1024,388,96,42.3396
4,1024,388,100,41.4571
4,1024,388,104,41.3341
4,1024,388,108,40.8624
4,1024,388,112,40.9308
4,1024,388,116,39.4931
4,1024,388,120,39.5808
4,1024,388,124,38.1007
4,1024,388,128,37.5516
4,1024,388,132,37.4249
4,1024,388,136,37.1138
4,1024,388,140,36.3442
4,1024,388,144,36.624
4,1024,388,148,35.9572
4,1024,388,152,35.6906
4,1024,388,156,34.8275
4,1024,388,160,34.953
4,1024,388,164,34.2998
4,1024,388,168,33.7303
4,1024,388,172,32.9558
4,1024,388,176,32.6118
4,1024,388,180,32.1883
4,1024,388,184,31.4724
4,1024,388,188,30.8822
4,1024,388,192,30.2367
4,1024,392,8,33.1728
4,1024,392,12,38.4753
4,1024,392,16,43.7335
4,1024,392,20,45.0182
4,1024,392,24,46.1798
4,1024,392,28,46.4504
4,1024,392,32,48.597
4,1024,392,36,47.7075
4,1024,392,40,48.8794
4,1024,392,44,47.4311
4,1024,392,48,48.2422
4,1024,392,52,47.3758
4,1024,392,56,39.466
4,1024,392,60,46.0699
4,1024,392,64,46.0922
4,1024,392,68,45.8229
4,1024,392,72,45.4815
4,1024,392,76,44.7522
4,1024,392,80,44.5976
4,1024,392,84,43.9077
4,1024,392,88,43.4355
4,1024,392,92,35.409
4,1024,392,96,41.9251
4,1024,392,100,41.9124
4,1024,392,104,41.0614
4,1024,392,108,40.8452
4,1024,392,112,40.1692
4,1024,392,116,39.55
4,1024,392,120,38.9409
4,1024,392,124,31.3707
4,1024,392,128,37.6224
4,1024,392,132,37.44
4,1024,392,136,37.0207
4,1024,392,140,36.3314
4,1024,392,144,36.5302
4,1024,392,148,36.3961
4,1024,392,152,35.8206
4,1024,392,156,34.7507
4,1024,392,160,34.9338
4,1024,392,164,33.9298
4,1024,392,168,33.2545
4,1024,392,172,33.0511
4,1024,392,176,32.4183
4,1024,392,180,27.9272
4,1024,392,184,31.3828
4,1024,392,188,30.5207
4,1024,392,192,30.4556
4,1024,392,196,30.4584
4,1024,396,8,33.2442
4,1024,396,12,38.5613
4,1024,396,16,43.1837
4,1024,396,20,44.5512
4,1024,396,24,45.8573
4,1024,396,28,46.6573
4,1024,396,32,48.087
4,1024,396,36,47.6901
4,1024,396,40,48.4516
4,1024,396,44,46.9519
4,1024,396,48,47.8691
4,1024,396,52,46.6899
4,1024,396,56,46.5582
4,1024,396,60,46.4523
4,1024,396,64,46.0384
4,1024,396,68,36.1591
4,1024,396,72,45.3495
4,1024,396,76,44.2218
4,1024,396,80,43.8725
4,1024,396,84,38.1997
4,1024,396,88,42.6035
4,1024,396,92,41.8047
4,1024,396,96,41.69
4,1024,396,100,41.1747
4,1024,396,104,39.733
4,1024,396,108,40.6098
4,1024,396,112,39.2344
4,1024,396,116,38.9131
4,1024,396,120,36.5584
4,1024,396,124,37.919
4,1024,396,128,35.9452
4,1024,396,132,36.3702
4,1024,396,136,36.0885
4,1024,396,140,35.7901
4,1024,396,144,35.9218
4,1024,396,148,35.475
4,1024,396,152,35.0325
4,1024,396,156,34.8202
4,1024,396,160,34.5946
4,1024,396,164,33.3913
4,1024,396,168,33.2956
4,1024,396,172,32.6683
4,1024,396,176,32.1402
4,1024,396,180,31.2616
4,1024,396,184,31.3142
4,1024,396,188,30.3345
4,1024,396,192,29.8765
4,1024,396,196,29.0335
4,1024,400,8,32.2978
4,1024,400,12,37.4475
4,1024,400,16,42.5143
4,1024,400,20,43.175
4,1024,400,24,45.7941
4,1024,400,28,37.6957
4,1024,400,32,46.9174
4,1024,400,36,46.4077
4,1024,400,40,46.7499
4,1024,400,44,46.1592
4,1024,400,48,47.2314
4,1024,400,52,45.5394
4,1024,400,56,45.4984
4,1024,400,60,45.2299
4,1024,400,64,45.2116
4,1024,400,68,44.0548
4,1024,400,72,44.7167
4,1024,400,76,43.1632
4,1024,400,80,41.0543
4,1024,400,84,42.6146
4,1024,400,88,42.7176
4,1024,400,92,41.8619
4,1024,400,96,40.9774
4,1024,400,100,40.271
4,1024,400,104,38.4477
4,1024,400,108,39.3382
4,1024,400,112,33.6818
4,1024,400,116,38.1228
4,1024,400,120,37.5537
4,1024,400,124,31.0263
4,1024,400,128,36.7242
4,1024,400,132,35.6719
4,1024,400,136,35.9906
4,1024,400,140,35.4727
4,1024,400,144,35.379
4,1024,400,148,34.8147
4,1024,400,152,34.603
4,1024,400,156,34.0734
4,1024,400,160,34.0398
4,1024,400,164,33.2256
4,1024,400,168,33.1028
4,1024,400,172,32.357
4,1024,400,176,32.0112
4,1024,400,180,31.4349
4,1024,400,184,30.8733
4,1024,400,188,30.1057
4,1024,400,192,29.8033
4,1024,400,196,29.1641
4,1024,400,200,29.1377
4,1024,404,8,32.638
4,1024,404,12,37.6655
4,1024,404,16,42.3474
4,1024,404,20,43.2316
4,1024,404,24,45.0605
4,1024,404,28,45.5543
4,1024,404,32,47.0734
4,1024,404,36,45.0645
4,1024,404,40,46.6068
4,1024,404,44,46.0211
4,1024,404,48,46.8132
4,1024,404,52,45.9253
4,1024,404,56,45.138
4,1024,404,60,45.357
4,1024,404,64,44.946
4,1024,404,68,44.1504
4,1024,404,72,44.3924
4,1024,404,76,43.3282
4,1024,404,80,42.969
4,1024,404,84,41.9517
4,1024,404,88,41.7181
4,1024,404,92,41.5779
4,1024,404,96,41.1401
4,1024,404,100,33.9188
4,1024,404,104,40.1392
4,1024,404,108,39.6058
4,1024,404,112,39.2024
4,1024,404,116,38.5905
4,1024,404,120,37.5665
4,1024,404,124,37.2798
4,1024,404,128,35.8822
4,1024,404,132,35.5252
4,1024,404,136,35.6844
4,1024,404,140,34.5028
4,1024,404,144,35.1877
4,1024,404,148,34.529
4,1024,404,152,34.5704
4,1024,404,156,34.0365
4,1024,404,160,33.9696
4,1024,404,164,33.2572
4,1024,404,168,32.8658
4,1024,404,172,32.2142
4,1024,404,176,31.7634
4,1024,404,180,31.1466
4,1024,404,184,30.7914
4,1024,404,188,30.0445
4,1024,404,192,29.6619
4,1024,404,196,29.1193
4,1024,404,200,28.262
4,1024,408,8,32.011
4,1024,408,12,36.8937
4,1024,408,16,34.9335
4,1024,408,20,42.7317
4,1024,408,24,45.0253
4,1024,408,28,35.4052
4,1024,408,32,46.8199
4,1024,408,36,46.171
4,1024,408,40,46.4062
4,1024,408,44,45.3626
4,1024,408,48,46.7394
4,1024,408,52,45.5526
4,1024,408,56,45.8308
4,1024,408,60,44.7652
4,1024,408,64,45.0087
4,1024,408,68,44.1415
4,1024,408,72,43.5752
4,1024,408,76,42.7547
4,1024,408,80,43.0826
4,1024,408,84,42.617
4,1024,408,88,41.6077
4,1024,408,92,41.1395
4,1024,408,96,40.492
4,1024,408,100,39.9291
4,1024,408,104,39.7374
4,1024,408,108,39.1414
4,1024,408,112,34.9799
4,1024,408,116,38.1711
4,1024,408,120,38.1604
4,1024,408,124,37.1936
4,1024,408,128,36.1157
4,1024,408,132,35.6997
4,1024,408,136,35.2335
4,1024,408,140,35.2642
4,1024,408,144,35.0569
4,1024,408,148,34.8963
4,1024,408,152,34.287
4,1024,408,156,32.3605
4,1024,408,160,33.5904
4,1024,408,164,33.0472
4,1024,408,168,31.1439
4,1024,408,172,31.6768
4,1024,408,176,31.5409
4,1024,408,180,31.1954
4,1024,408,184,30.6068
4,1024,408,188,30.109
4,1024,408,192,29.8018
4,1024,408,196,29.3792
4,1024,408,200,28.7415
4,1024,408,204,28.3425
4,1024,412,8,31.6858
4,1024,412,12,36.8428
4,1024,412,16,41.5176
4,1024,412,20,42.7122
4,1024,412,24,42.7795
4,1024,412,28,44.785
4,1024,412,32,46.2905
4,1024,412,36,45.2691
4,1024,412,40,45.3914
4,1024,412,44,42.482
4,1024,412,48,44.113
4,1024,412,52,44.8214
4,1024,412,56,44.7957
4,1024,412,60,43.5901
4,1024,412,64,44.2444
4,1024,412,68,43.2579
4,1024,412,72,42.7675
4,1024,412,76,42.7551
4,1024,412,80,42.17
4,1024,412,84,41.4911
4,1024,412,88,41.1719
4,1024,412,92,40.2247
4,1024,412,96,40.3462
4,1024,412,100,39.4014
4,1024,412,104,39.206
4,1024,412,108,38.3089
4,1024,412,112,38.3709
4,1024,412,116,37.9709
4,1024,412,120,37.4879
4,1024,412,124,36.7754
4,1024,412,128,35.9291
4,1024,412,132,34.8674
4,1024,412,136,34.4461
4,1024,412,140,34.3342
4,1024,412,144,34.3367
4,1024,412,148,33.9773
4,1024,412,152,33.6287
4,1024,412,156,33.2422
4,1024,412,160,33.3341
4,1024,412,164,32.7395
4,1024,412,168,31.844
4,1024,412,172,31.5927
4,1024,412,176,31.491
4,1024,412,180,30.7912
4,1024,412,184,30.3061
4,1024,412,188,29.8848
4,1024,412,192,29.7237
4,1024,412,196,28.9064
4,1024,412,200,28.3123
4,1024,412,204,27.568
4,1024,416,8,30.8906
4,1024,416,12,35.2385
4,1024,416,16,40.5645
4,1024,416,20,41.2679
4,1024,416,24,43.524
4,1024,416,28,42.8918
4,1024,416,32,44.3145
4,1024,416,36,44.4711
4,1024,416,40,45.2714
4,1024,416,44,43.5255
4,1024,416,48,45.0124
4,1024,416,52,43.7108
4,1024,416,56,43.5188
4,1024,416,60,43.1451
4,1024,416,64,42.8256
4,1024,416,68,42.0284
4,1024,416,72,42.8031
4,1024,416,76,41.4253
4,1024,416,80,41.5147
4,1024,416,84,40.6168
4,1024,416,88,40.436
4,1024,416,92,39.1586
4,1024,416,96,33.8859
4,1024,416,100,38.8334
4,1024,416,104,38.2354
4,1024,416,108,37.354
4,1024,416,112,37.6282
4,1024,416,116,37.1122
4,1024,416,120,37.0544
4,1024,416,124,35.8131
4,1024,416,128,35.564
4,1024,416,132,34.9973
4,1024,416,136,34.6168
4,1024,416,140,34.1308
4,1024,416,144,33.7691
4,1024,416,148,33.6177
4,1024,416,152,33.1075
4,1024,416,156,32.8818
4,1024,416,160,32.7136
4,1024,416,164,31.5408
4,1024,416,168,29.8286
4,1024,416,172,31.2233
4,1024,416,176,31.1055
4,1024,416,180,30.3178
4,1024,416,184,29.7999
4,1024,416,188,29.5518
4,1024,416,192,29.284
4,1024,416,196,25.3725
4,1024,416,200,27.953
4,1024,416,204,27.5695
4,1024,416,208,27.3102
4,1024,420,8,31.0559
4,1024,420,12,36.1074
4,1024,420,16,40.1207
4,1024,420,20,41.4068
4,1024,420,24,43.1952
4,1024,420,28,43.6264
4,1024,420,32,44.709
4,1024,420,36,44.6749
4,1024,420,40,45.2136
4,1024,420,44,44.1187
4,1024,420,48,45.0121
4,1024,420,52,43.8973
4,1024,420,56,43.5288
4,1024,420,60,42.3398
4,1024,420,64,42.8981
4,1024,420,68,42.4977
4,1024,420,72,35.846
4,1024,420,76,41.3528
4,1024,420,80,41.4507
4,1024,420,84,40.5037
4,1024,420,88,40.3653
4,1024,420,92,39.6633
4,1024,420,96,39.7425
4,1024,420,100,38.5461
4,1024,420,104,38.0155
4,1024,420,108,37.6578
4,1024,420,112,37.738
4,1024,420,116,37.1473
4,1024,420,120,36.9096
4,1024,420,124,34.6563
4,1024,420,128,35.6583
4,1024,420,132,34.9254
4,1024,420,136,33.9428
4,1024,420,140,33.8714
4,1024,420,144,33.7713
4,1024,420,148,33.3056
4,1024,420,152,28.9739
4,1024,420,156,32.2923
4,1024,420,160,32.2241
4,1024,420,164,32.2596
4,1024,420,168,31.6804
4,1024,420,172,31.4611
4,1024,420,176,30.7338
4,1024,420,180,30.5593
4,1024,420,184,29.3032
4,1024,420,188,29.4599
4,1024,420,192,27.2839
4,1024,420,196,28.4001
4,1024,420,200,27.9183
4,1024,420,204,27.0444
4,1024,420,208,27.2592
4,1024,424,8,30.1449
4,1024,424,12,34.9242
4,1024,424,16,40.0485
4,1024,424,20,40.5414
4,1024,424,24,43.0633
4,1024,424,28,42.8102
4,1024,424,32,43.6097
4,1024,424,36,43.588
4,1024,424,40,44.0518
4,1024,424,44,43.9346
4,1024,424,48,44.0644
4,1024,424,52,43.2458
4,1024,424,56,42.1109
4,1024,424,60,41.8905
4,1024,424,64,41.8981
4,1024,424,68,41.906
4,1024,424,72,41.8441
4,1024,424,76,41.0372
4,1024,424,80,40.7751
4,1024,424,84,39.3572
4,1024,424,88,40.1788
4,1024,424,92,39.0176
4,1024,424,96,39.2595
4,1024,424,100,38.4405
4,1024,424,104,37.8442
4,1024,424,108,37.4242
4,1024,424,112,37.4707
4,1024,424,116,36.5793
4,1024,424,120,36.3938
4,1024,424,124,35.8257
4,1024,424,128,35.5479
4,1024,424,132,34.4901
4,1024,424,136,34.0355
4,1024,424,140,33.3115
4,1024,424,144,33.5281
4,1024,424,148,32.8712
4,1024,424,152,32.8542
4,1024,424,156,32.7295
4,1024,424,160,31.9085
4,1024,424,164,31.6649
4,1024,424,168,31.5376
4,1024,424,172,30.6958
4,1024,424,176,30.6363
4,1024,424,180,30.241
4,1024,424,184,30.1413
4,1024,424,188,29.4712
4,1024,424,192,29.2744
4,1024,424,196,28.586
4,1024,424,200,28.2753
4,1024,424,204,27.623
4,1024,424,208,27.2049
4,1024,424,212,26.9585
4,1024,428,8,30.5823
4,1024,428,12,34.4188
4,1024,428,16,39.7614
4,1024,428,20,39.975
4,1024,428,24,42.9043
4,1024,428,28,42.3326
4,1024,428,32,43.3105
4,1024,428,36,42.9477
4,1024,428,40,43.8726
4,1024,428,44,42.7116
4,1024,428,48,43.9008
4,1024,428,52,36.0766
4,1024,428,56,43.3309
4,1024,428,60,42.0481
4,1024,428,64,42.0413
4,1024,428,68,34.142
4,1024,428,72,41.0017
4,1024,428,76,40.9919
4,1024,428,80,40.888
4,1024,428,84,39.7183
4,1024,428,88,39.2887
4,1024,428,92,39.2785
4,1024,428,96,33.1635
4,1024,428,100,37.7942
4,1024,428,104,36.7105
4,1024,428,108,36.576
4,1024,428,112,31.0512
4,1024,428,116,36.4804
4,1024,428,120,36.0048
4,1024,428,124,35.2786
4,1024,428,128,34.6863
4,1024,428,132,34.6188
4,1024,428,136,33.9988
4,1024,428,140,33.1523
4,1024,428,144,32.81
4,1024,428,148,32.5278
4,1024,428,152,27.6466
4,1024,428,156,32.1034
4,1024,428,160,32.2287
4,1024,428,164,31.2599
4,1024,428,168,31.5042
4,1024,428,172,30.7712
4,1024,428,176,29.9929
4,1024,428,180,30.0596
4,1024,428,184,29.2956
4,1024,428,188,29.2345
4,1024,428,192,28.624
4,1024,428,196,28.2983
4,1024,428,200,27.749
4,1024,428,204,27.0678
4,1024,428,208,27.16
4,1024,428,212,26.3245
4,1024,432,8,29.7679
4,1024,432,12,34.0386
4,1024,432,16,37.4227
4,1024,432,20,39.8928
4,1024,432,24,41.9349
4,1024,432,28,41.5707
4,1024,432,32,42.8837
4,1024,432,36,42.7481
4,1024,432,40,42.7523
4,1024,432,44,42.3759
4,1024,432,48,43.2805
4,1024,432,52,42.2427
4,1024,432,56,42.7295
4,1024,432,60,41.2897
4,1024,432,64,41.4892
4,1024,432,68,40.9554
4,1024,432,72,40.8792
4,1024,432,76,40.429
4,1024,432,80,33.9928
4,1024,432,84,39.2151
4,1024,432,88,38.8999
4,1024,432,92,38.4494
4,1024,432,96,38.4613
4,1024,432,100,37.317
4,1024,432,104,36.6078
4,1024,432,108,36.1688
4,1024,432,112,35.9656
4,1024,432,116,35.7626
4,1024,432,120,35.5552
4,1024,432,124,34.791
4,1024,432,128,34.1528
4,1024,432,132,33.6307
4,1024,432,136,33.1779
4,1024,432,140,32.3462
4,1024,432,144,32.1281
4,1024,432,148,32.1995
4,1024,432,152,31.9709
4,1024,432,156,31.7251
4,1024,432,160,31.2871
4,1024,432,164,31.1
4,1024,432,168,30.9935
4,1024,432,172,30.295
4,1024,432,176,30.36
4,1024,432,180,29.8401
4,1024,432,184,29.6129
4,1024,432,188,28.7819
4,1024,432,192,28.865
4,1024,432,196,28.0238
4,1024,432,200,27.1888
4,1024,432,204,27.3328
4,1024,432,208,26.6962
4,1024,432,212,24.755
4,1024,432,216,25.549
4,1024,436,8,29.8951
4,1024,436,12,32.803
4,1024,436,16,38.4719
4,1024,436,20,39.4844
4,1024,436,24,41.4591
4,1024,436,28,41.3139
4,1024,436,32,43.1484
4,1024,436,36,42.0906
4,1024,436,40,39.9193
4,1024,436,44,42.2148
4,1024,436,48,42.3842
4,1024,436,52,41.8006
4,1024,436,56,41.9764
4,1024,436,60,37.3806
4,1024,436,64,41.654
4,1024,436,68,40.9497
4,1024,436,72,40.1633
4,1024,436,76,39.9768
4,1024,436,80,39.7711
4,1024,436,84,39.1457
4,1024,436,88,38.4014
4,1024,436,92,37.9043
4,1024,436,96,38.1857
4,1024,436,100,37.1221
4,1024,436,104,37.0105
4,1024,436,108,35.7759
4,1024,436,112,28.8158
4,1024,436,116,35.8003
4,1024,436,120,35.3752
4,1024,436,124,34.8292
4,1024,436,128,34.585
4,1024,436,132,33.827
4,1024,436,136,33.3117
4,1024,436,140,32.7742
4,1024,436,144,31.9149
4,1024,436,148,32.2392
4,1024,436,152,31.6249
4,1024,436,156,31.554
4,1024,436,160,30.6557
4,1024,436,164,30.8111
4,1024,436,168,30.5796
4,1024,436,172,30.1997
4,1024,436,176,29.9429
4,1024,436,180,29.4919
4,1024,436,184,28.6307
4,1024,436,188,28.7283
4,1024,436,192,28.3119
4,1024,436,196,27.708
4,1024,436,200,27.5546
4,1024,436,204,27.0431
4,1024,436,208,26.5994
4,1024,436,212,25.942
4,1024,436,216,25.6289
4,1024,440,8,29.2482
4,1024,440,12,33.2913
4,1024,440,16,37.816
4,1024,440,20,39.2651
4,1024,440,24,33.7921
4,1024,440,28,40.6378
4,1024,440,32,42.6158
4,1024,440,36,41.5661
4,1024,440,40,42.6022
4,1024,440,44,41.71
4,1024,440,48,42.5108
4,1024,440,52,41.502
4,1024,440,56,41.7064
4,1024,440,60,41.1785
4,1024,440,64,41.3866
4,1024,440,68,40.4444
4,1024,440,72,39.5891
4,1024,440,76,39.3919
4,1024,440,80,39.6036
4,1024,440,84,38.7014
4,1024,440,88,38.0209
4,1024,440,92,35.3222
4,1024,440,96,38.0447
4,1024,440,100,32.2013
4,1024,440,104,36.3393
4,1024,440,108,35.5977
4,1024,440,112,35.5659
4,1024,440,116,33.55
4,1024,440,120,34.8462
4,1024,440,124,34.5087
4,1024,440,128,34.3038
4,1024,440,132,33.683
4,1024,440,136,33.3637
4,1024,440,140,32.4757
4,1024,440,144,31.925
4,1024,440,148,31.7545
4,1024,440,152,31.4499
4,1024,440,156,31.119
4,1024,440,160,30.8001
4,1024,440,164,30.8491
4,1024,440,168,26.4412
4,1024,440,172,30.2126
4,1024,440,176,29.7286
4,1024,440,180,29.2438
4,1024,440,184,29.0254
4,1024,440,188,28.1708
4,1024,440,192,28.0745
4,1024,440,196,25.5079
4,1024,440,200,24.1585
4,1024,440,204,26.8749
4,1024,440,208,26.9307
4,1024,440,212,25.8814
4,1024,440,216,25.96
4,1024,440,220,25.3533
4,1024,444,8,28.4237
4,1024,444,12,33.5649
4,1024,444,16,37.6911
4,1024,444,20,38.4027
4,1024,444,24,40.7483
4,1024,444,28,40.4801
4,1024,444,32,41.8163
4,1024,444,36,41.3888
4,1024,444,40,42.0026
4,1024,444,44,40.9025
4,1024,444,48,41.6047
4,1024,444,52,41.2162
4,1024,444,56,41.3252
4,1024,444,60,40.3151
4,1024,444,64,40.327
4,1024,444,68,39.7813
4,1024,444,72,39.7402
4,1024,444,76,38.4085
4,1024,444,80,38.6614
4,1024,444,84,37.951
4,1024,444,88,37.2611
4,1024,444,92,37.5006
4,1024,444,96,37.135
4,1024,444,100,35.86
4,1024,444,104,35.9112
4,1024,444,108,35.0596
4,1024,444,112,35.1449
4,1024,444,116,34.6253
4,1024,444,120,34.6926
4,1024,444,124,34.0502
4,1024,444,128,33.3517
4,1024,444,132,33.0501
4,1024,444,136,32.6771
4,1024,444,140,31.9499
4,1024,444,144,31.3668
4,1024,444,148,31.2889
4,1024,444,152,31.21
4,1024,444,156,30.5499
4,1024,444,160,30.1741
4,1024,444,164,30.1843
4,1024,444,168,29.7393
4,1024,444,172,29.6006
4,1024,444,176,29.0991
4,1024,444,180,28.7313
4,1024,444,184,28.711
4,1024,444,188,28.1077
4,1024,444,192,27.8023
4,1024,444,196,27.3394
4,1024,444,200,27.3577
4,1024,444,204,26.7105
4,1024,444,208,26.1743
4,1024,444,212,25.9446
4,1024,444,216,25.4998
4,1024,444,220,24.8189
4,1024,448,8,27.5496
4,1024,448,12,30.1847
4,1024,448,16,36.4273
4,1024,448,20,37.4013
4,1024,448,24,39.0434
4,1024,448,28,39.2864
4,1024,448,32,40.7623
4,1024,448,36,40.1388
4,1024,448,40,40.8756
4,1024,448,44,39.9995
4,1024,448,48,40.3294
4,1024,448,52,39.9118
4,1024,448,56,39.8509
4,1024,448,60,39.1606
4,1024,448,64,39.2826
4,1024,448,68,38.4689
4,1024,448,72,38.3326
4,1024,448,76,38.0698
4,1024,448,80,38.2777
4,1024,448,84,37.0895
4,1024,448,88,36.7238
4,1024,448,92,36.1241
4,1024,448,96,36.6036
4,1024,448,100,25.5914
4,1024,448,104,35.527
4,1024,448,108,34.5924
4,1024,448,112,34.0901
4,1024,448,116,33.436
4,1024,448,120,33.5991
4,1024,448,124,33.1616
4,1024,448,128,32.9217
4,1024,448,132,32.3677
4,1024,448,136,31.5955
4,1024,448,140,31.279
4,1024,448,144,29.7245
4,1024,448,148,29.9977
4,1024,448,152,30.5818
4,1024,448,156,30.1546
4,1024,448,160,29.8741
4,1024,448,164,29.7022
4,1024,448,168,29.3413
4,1024,448,172,29.1775
4,1024,448,176,28.7568
4,1024,448,180,28.6418
4,1024,448,184,27.9541
4,1024,448,188,27.57
4,1024,448,192,27.4444
4,1024,448,196,25.2628
4,1024,448,200,26.849
4,1024,448,204,26.2376
4,1024,448,208,26.0857
4,1024,448,212,25.1582
4,1024,448,216,23.1436
4,1024,448,220,24.325
4,1024,448,224,24.5554
4,1024,452,8,27.8316
4,1024,452,12,32.6878
4,1024,452,16,36.2666
4,1024,452,20,37.7499
4,1024,452,24,39.637
4,1024,452,28,39.0051
4,1024,452,32,40.5857
4,1024,452,36,40.0348
4,1024,452,40,40.7691
4,1024,452,44,40.2263
4,1024,452,48,41.1765
4,1024,452,52,40.3891
4,1024,452,56,39.5626
4,1024,452,60,39.6439
4,1024,452,64,39.5765
4,1024,452,68,38.7898
4,1024,452,72,38.6715
4,1024,452,76,37.7965
4,1024,452,80,35.775
4,1024,452,84,37.5686
4,1024,452,88,37.0445
4,1024,452,92,36.1622
4,1024,452,96,36.7397
4,1024,452,100,35.2741
4,1024,452,104,35.1804
4,1024,452,108,34.5902
4,1024,452,112,33.3241
4,1024,452,116,33.5075
4,1024,452,120,33.5656
4,1024,452,124,33.4101
4,1024,452,128,32.9757
4,1024,452,132,32.488
4,1024,452,136,32.0624
4,1024,452,140,31.3519
4,1024,452,144,31.0658
4,1024,452,148,30.6219
4,1024,452,152,30.4152
4,1024,452,156,29.8675
4,1024,452,160,28.6338
4,1024,452,164,29.5741
4,1024,452,168,29.6854
4,1024,452,172,29.3352
4,1024,452,176,28.5009
4,1024,452,180,28.7978
4,1024,452,184,27.9313
4,1024,452,188,26.4729
4,1024,452,192,27.5008
4,1024,452,196,27.3647
4,1024,452,200,23.6394
4,1024,452,204,26.0773
4,1024,452,208,25.9271
4,1024,452,212,25.2732
4,1024,452,216,25.1824
4,1024,452,220,24.7976
4,1024,452,224,24.6703
4,1024,456,8,27.714
4,1024,456,12,31.5598
4,1024,456,16,36.2974
4,1024,456,20,34.9683
4,1024,456,24,38.8953
4,1024,456,28,38.4864
4,1024,456,32,40.424
4,1024,456,36,39.1601
4,1024,456,40,40.5593
4,1024,456,44,39.9255
4,1024,456,48,40.4704
4,1024,456,52,39.6581
4,1024,456,56,39.8005
4,1024,456,60,39.1486
4,1024,456,64,39.0999
4,1024,456,68,38.1264
4,1024,456,72,38.75
4,1024,456,76,37.4527
4,1024,456,80,37.0821
4,1024,456,84,36.9519
4,1024,456,88,36.8405
4,1024,456,92,36.0073
4,1024,456,96,36.203
4,1024,456,100,35.5157
4,1024,456,104,34.6543
4,1024,456,108,34.2072
4,1024,456,112,33.5434
4,1024,456,116,33.2336
4,1024,456,120,32.0403
4,1024,456,124,32.9306
4,1024,456,128,32.5288
4,1024,456,132,31.95
4,1024,456,136,31.7548
4,1024,456,140,31.1792
4,1024,456,144,31.1946
4,1024,456,148,30.114
4,1024,456,152,29.8484
4,1024,456,156,29.921
4,1024,456,160,28.1747
4,1024,456,164,29.4114
4,1024,456,168,28.9113
4,1024,456,172,25.4958
4,1024,456,176,28.7976
4,1024,456,180,28.6116
4,1024,456,184,24.6902
4,1024,456,188,27.6013
4,1024,456,192,27.2883
4,1024,456,196,24.3344
4,1024,456,200,23.4999
4,1024,456,204,26.3587
4,1024,456,208,25.9173
4,1024,456,212,24.9499
4,1024,456,216,25.1305
4,1024,456,220,24.1633
4,1024,456,224,23.737
4,1024,456,228,23.762
4,1024,460,8,27.372
4,1024,460,12,31.536
4,1024,460,16,35.6053
4,1024,460,20,36.033
4,1024,460,24,38.5695
4,1024,460,28,38.0721
4,1024,460,32,36.9513
4,1024,460,36,39.4512
4,1024,460,40,39.5137
4,1024,460,44,39.2969
4,1024,460,48,39.7689
4,1024,460,52,39.4035
4,1024,460,56,38.9266
4,1024,460,60,38.6177
4,1024,460,64,38.5022
4,1024,460,68,38.139
4,1024,460,72,37.4479
4,1024,460,76,37.2648
4,1024,460,80,37.3353
4,1024,460,84,36.4916
4,1024,460,88,36.4037
4,1024,460,92,32.9823
4,1024,460,96,29.0528
4,1024,460,100,34.9737
4,1024,460,104,34.693
4,1024,460,108,34.0254
4,1024,460,112,33.3094
4,1024,460,116,33.2102
4,1024,460,120,33.0061
4,1024,460,124,32.8433
4,1024,460,128,32.5323
4,1024,460,132,31.8222
4,1024,460,136,31.4915
4,1024,460,140,31.0753
4,1024,460,144,26.6856
4,1024,460,148,29.7259
4,1024,460,152,29.4096
4,1024,460,156,29.2419
4,1024,460,160,27.5394
4,1024,460,164,28.6805
4,1024,460,168,29.0076
4,1024,460,172,28.5396
4,1024,460,176,28.2933
4,1024,460,180,28.045
4,1024,460,184,27.4328
4,1024,460,188,27.2954
4,1024,460,192,27.0995
4,1024,460,196,26.5136
4,1024,460,200,26.427
4,1024,460,204,25.9174
4,1024,460,208,25.6268
4,1024,460,212,25.2801
4,1024,460,216,24.853
4,1024,460,220,24.4149
4,1024,460,224,23.7214
4,1024,460,228,23.5302
4,1024,464,8,25.5841
4,1024,464,12,30.7638
4,1024,464,16,35.0531
4,1024,464,20,35.9539
4,1024,464,24,37.6272
4,1024,464,28,34.0107
4,1024,464,32,39.1778
4,1024,464,36,38.5921
4,1024,464,40,39.1914
4,1024,464,44,38.5548
4,1024,464,48,38.8427
4,1024,464,52,38.4519
4,1024,464,56,37.3515
4,1024,464,60,37.0204
4,1024,464,64,38.1868
4,1024,464,68,37.4082
4,1024,464,72,37.6867
4,1024,464,76,36.1852
4,1024,464,80,36.4368
4,1024,464,84,35.8645
4,1024,464,88,35.5929
4,1024,464,92,34.5146
4,1024,464,96,35.0135
4,1024,464,100,34.6848
4,1024,464,104,34.0234
4,1024,464,108,33.5962
4,1024,464,112,33.1827
4,1024,464,116,32.3282
4,1024,464,120,32.6484
4,1024,464,124,28.3181
4,1024,464,128,31.8517
4,1024,464,132,31.718
4,1024,464,136,31.4815
4,1024,464,140,30.6397
4,1024,464,144,30.2092
4,1024,464,148,29.4779
4,1024,464,152,29.1194
4,1024,464,156,29.0569
4,1024,464,160,28.8283
4,1024,464,164,28.5816
4,1024,464,168,28.5259
4,1024,464,172,24.3088
4,1024,464,176,27.9348
4,1024,464,180,27.606
4,1024,464,184,27.6068
4,1024,464,188,26.945
4,1024,464,192,26.7216
4,1024,464,196,25.8905
4,1024,464,200,25.7702
4,1024,464,204,25.5102
4,1024,464,208,25.2624
4,1024,464,212,24.7344
4,1024,464,216,24.5727
4,1024,464,220,24.2494
4,1024,464,224,23.9673
4,1024,464,228,23.3794
4,1024,464,232,23.2899
4,1024,468,8,26.6367
4,1024,468,12,28.4802
4,1024,468,16,34.1787
4,1024,468,20,35.5743
4,1024,468,24,37.5662
4,1024,468,28,37.496
4,1024,468,32,38.8494
4,1024,468,36,38.1573
4,1024,468,40,35.8795
4,1024,468,44,38.3044
4,1024,468,48,38.8556
4,1024,468,52,38.5339
4,1024,468,56,38.2024
4,1024,468,60,34.29
4,1024,468,64,37.5881
4,1024,468,68,37.072
4,1024,468,72,36.8164
4,1024,468,76,36.3659
4,1024,468,80,30.7278
4,1024,468,84,35.8541
4,1024,468,88,35.6513
4,1024,468,92,34.3686
4,1024,468,96,34.8914
4,1024,468,100,34.4486
4,1024,468,104,33.8942
4,1024,468,108,33.1057
4,1024,468,112,32.9101
4,1024,468,116,32.2964
4,1024,468,120,32.0263
4,1024,468,124,31.5043
4,1024,468,128,31.63
4,1024,468,132,31.0666
4,1024,468,136,30.895
4,1024,468,140,30.4279
4,1024,468,144,29.9779
4,1024,468,148,29.3988
4,1024,468,152,28.9922
4,1024,468,156,28.3031
4,1024,468,160,28.3939
4,1024,468,164,28.4846
4,1024,468,168,27.9798
4,1024,468,172,24.8639
4,1024,468,176,27.803
4,1024,468,180,27.5956
4,1024,468,184,27.2268
4,1024,468,188,25.7978
4,1024,468,192,26.2888
4,1024,468,196,26.1078
4,1024,468,200,25.7562
4,1024,468,204,25.271
4,1024,468,208,24.8251
4,1024,468,212,24.8831
4,1024,468,216,24.2622
4,1024,468,220,24.227
4,1024,468,224,23.9506
4,1024,468,228,23.2516
4,1024,468,232,22.752
4,1024,472,8,26.1138
4,1024,472,12,29.9236
4,1024,472,16,34.2302
4,1024,472,20,34.9595
4,1024,472,24,37.263
4,1024,472,28,36.7756
4,1024,472,32,38.1395
4,1024,472,36,37.991
4,1024,472,40,38.4073
4,1024,472,44,37.9605
4,1024,472,48,38.9464
4,1024,472,52,37.6748
4,1024,472,56,20.8137
4,1024,472,60,36.9966
4,1024,472,64,37.4672
4,1024,472,68,36.4071
4,1024,472,72,36.592
4,1024,472,76,30.6115
4,1024,472,80,35.9915
4,1024,472,84,35.5074
4,1024,472,88,35.0465
4,1024,472,92,34.146
4,1024,472,96,34.4566
4,1024,472,100,33.9998
4,1024,472,104,33.5595
4,1024,472,108,32.8551
4,1024,472,112,32.6055
4,1024,472,116,31.2927
4,1024,472,120,31.9573
4,1024,472,124,31.5248
4,1024,472,128,30.979
4,1024,472,132,30.9975
4,1024,472,136,30.4291
4,1024,472,140,30.2088
4,1024,472,144,30.0084
4,1024,472,148,28.9039
4,1024,472,152,28.6503
4,1024,472,156,28.2801
4,1024,472,160,28.4477
4,1024,472,164,28.0147
4,1024,472,168,24.8181
4,1024,472,172,27.3996
4,1024,472,176,27.3715
4,1024,472,180,27.3028
4,1024,472,184,26.9903
4,1024,472,188,26.626
4,1024,472,192,26.0815
4,1024,472,196,25.8783
4,1024,472,200,25.4463
4,1024,472,204,25.6273
4,1024,472,208,25.0691
4,1024,472,212,24.5672
4,1024,472,216,24.3771
4,1024,472,220,23.7563
4,1024,472,224,23.6933
4,1024,472,228,23.1935
4,1024,472,232,22.8689
4,1024,472,236,22.7644
4,1024,476,8,26.1359
4,1024,476,12,29.7984
4,1024,476,16,33.6161
4,1024,476,20,34.8957
4,1024,476,24,36.6864
4,1024,476,28,36.5077
4,1024,476,32,37.5593
4,1024,476,36,35.5351
4,1024,476,40,38.2782
4,1024,476,44,37.3612
4,1024,476,48,38.0926
4,1024,476,52,37.3188
4,1024,476,56,37.3294
4,1024,476,60,36.5064
4,1024,476,64,31.7638
4,1024,476,68,35.9011
4,1024,476,72,36.1111
4,1024,476,76,35.4945
4,1024,476,80,34.9778
4,1024,476,84,34.3523
4,1024,476,88,34.7263
4,1024,476,92,33.8214
4,1024,476,96,33.7985
4,1024,476,100,33.5952
4,1024,476,104,32.7369
4,1024,476,108,32.1954
4,1024,476,112,32.4377
4,1024,476,116,31.1579
4,1024,476,120,31.1526
4,1024,476,124,30.9281
4,1024,476,128,30.8044
4,1024,476,132,30.5055
4,1024,476,136,30.3552
4,1024,476,140,29.4238
4,1024,476,144,29.4558
4,1024,476,148,28.8025
4,1024,476,152,28.5005
4,1024,476,156,27.8776
4,1024,476,160,27.5958
4,1024,476,164,27.5585
4,1024,476,168,27.5723
4,1024,476,172,26.7391
4,1024,476,176,26.0
4,1024,476,180,26.7705
4,1024,476,184,26.1323
4,1024,476,188,26.2238
4,1024,476,192,25.924
4,1024,476,196,25.6523
4,1024,476,200,24.974
4,1024,476,204,24.818
4,1024,476,208,24.3099
4,1024,476,212,24.1125
4,1024,476,216,24.0241
4,1024,476,220,23.338
4,1024,476,224,23.0992
4,1024,476,228,23.1297
4,1024,476,232,22.5232
4,1024,476,236,22.1431
4,1024,480,8,24.6632
4,1024,480,12,27.9437
4,1024,480,16,32.7604
4,1024,480,20,33.8385
4,1024,480,24,35.8458
4,1024,480,28,35.5055
4,1024,480,32,36.7059
4,1024,480,36,36.4858
4,1024,480,40,37.0126
4,1024,480,44,36.7738
4,1024,480,48,37.4149
4,1024,480,52,35.9594
4,1024,480,56,36.6895
4,1024,480,60,35.9788
4,1024,480,64,36.1797
4,1024,480,68,35.3136
4,1024,480,72,35.7915
4,1024,480,76,34.9033
4,1024,480,80,34.9099
4,1024,480,84,34.1029
4,1024,480,88,34.1699
4,1024,480,92,33.4845
4,1024,480,96,33.3465
4,1024,480,100,32.1995
4,1024,480,104,32.7947
4,1024,480,108,32.1533
4,1024,480,112,31.5394
4,1024,480,116,31.0819
4,1024,480,120,30.7805
4,1024,480,124,30.4331
4,1024,480,128,29.968
4,1024,480,132,29.6576
4,1024,480,136,26.6913
4,1024,480,140,29.1234
4,1024,480,144,28.7932
4,1024,480,148,28.444
4,1024,480,152,28.0787
4,1024,480,156,27.2387
4,1024,480,160,26.9378
4,1024,480,164,27.0951
4,1024,480,168,26.9151
4,1024,480,172,26.3358
4,1024,480,176,26.6193
4,1024,480,180,25.9523
4,1024,480,184,26.1595
4,1024,480,188,25.8575
4,1024,480,192,25.5535
4,1024,480,196,25.2768
4,1024,480,200,25.1188
4,1024,480,204,24.5841
4,1024,480,208,21.0848
4,1024,480,212,24.2142
4,1024,480,216,23.7148
4,1024,480,220,21.2348
4,1024,480,224,22.9873
4,1024,480,228,23.008
4,1024,480,232,22.2195
4,1024,480,236,21.9057
4,1024,480,240,21.6949
4,1024,484,8,25.0683
4,1024,484,12,28.8006
4,1024,484,16,32.3841
4,1024,484,20,33.945
4,1024,484,24,35.0439
4,1024,484,28,35.63
4,1024,484,32,36.9929
4,1024,484,36,35.5377
4,1024,484,40,36.9589
4,1024,484,44,36.6516
4,1024,484,48,36.474
4,1024,484,52,36.6112
4,1024,484,56,36.6045
4,1024,484,60,35.4856
4,1024,484,64,35.7791
4,1024,484,68,35.2173
4,1024,484,72,35.1969
4,1024,484,76,34.5433
4,1024,484,80,34.5775
4,1024,484,84,33.814
4,1024,484,88,29.0323
4,1024,484,92,32.7615
4,1024,484,96,32.5381
4,1024,484,100,32.1399
4,1024,484,104,30.1673
4,1024,484,108,31.6965
4,1024,484,112,31.4965
4,1024,484,116,29.3241
4,1024,484,120,30.1313
4,1024,484,124,29.957
4,1024,484,128,29.5798
4,1024,484,132,29.7122
4,1024,484,136,29.6426
4,1024,484,140,27.0095
4,1024,484,144,28.9498
4,1024,484,148,28.3371
4,1024,484,152,28.1215
4,1024,484,156,27.4123
4,1024,484,160,26.8923
4,1024,484,164,26.5287
4,1024,484,168,26.7995
4,1024,484,172,26.4529
4,1024,484,176,26.2367
4,1024,484,180,26.1056
4,1024,484,184,25.4022
4,1024,484,188,25.4593
4,1024,484,192,25.2799
4,1024,484,196,25.1522
4,1024,484,200,25.0971
4,1024,484,204,24.4329
4,1024,484,208,24.1656
4,1024,484,212,23.7596
4,1024,484,216,23.336
4,1024,484,220,23.1549
4,1024,484,224,23.0126
4,1024,484,228,22.5155
4,1024,484,232,22.5493
4,1024,484,236,22.2016
4,1024,484,240,21.7325
4,1024,488,8,24.7124
4,1024,488,12,28.2262
4,1024,488,16,32.3919
4,1024,488,20,33.2115
4,1024,488,24,35.1781
4,1024,488,28,34.9227
4,1024,488,32,36.0246
4,1024,488,36,35.5365
4,1024,488,40,36.3063
4,1024,488,44,35.7043
4,1024,488,48,36.3611
4,1024,488,52,35.6759
4,1024,488,56,36.0839
4,1024,488,60,35.0923
4,1024,488,64,31.1993
4,1024,488,68,34.9769
4,1024,488,72,35.186
4,1024,488,76,33.9568
4,1024,488,80,33.9563
4,1024,488,84,33.5179
4,1024,488,88,33.5062
4,1024,488,92,32.7324
4,1024,488,96,32.0151
4,1024,488,100,31.9592
4,1024,488,104,31.9455
4,1024,488,108,31.243
4,1024,488,112,31.5605
4,1024,488,116,30.3692
4,1024,488,120,30.0164
4,1024,488,124,29.4392
4,1024,488,128,29.3676
4,1024,488,132,29.4829
4,1024,488,136,29.1741
4,1024,488,140,28.63
4,1024,488,144,28.7274
4,1024,488,148,28.2352
4,1024,488,152,27.6742
4,1024,488,156,27.3516
4,1024,488,160,26.7335
4,1024,488,164,26.5047
4,1024,488,168,26.4783
4,1024,488,172,25.6069
4,1024,488,176,26.0789
4,1024,488,180,25.5955
4,1024,488,184,25.7284
4,1024,488,188,25.3069
4,1024,488,192,25.135
4,1024,488,196,24.8712
4,1024,488,200,24.4408
4,1024,488,204,24.0541
4,1024,488,208,23.8993
4,1024,488,212,23.5637
4,1024,488,216,23.2009
4,1024,488,220,23.1949
4,1024,488,224,22.487
4,1024,488,228,22.3354
4,1024,488,232,22.0052
4,1024,488,236,21.4017
4,1024,488,240,21.6305
4,1024,488,244,21.1891
4,1024,492,8,24.1545
4,1024,492,12,28.3328
4,1024,492,16,31.5091
4,1024,492,20,25.3091
4,1024,492,24,34.7407
4,1024,492,28,34.3866
4,1024,492,32,35.7687
4,1024,492,36,35.3697
4,1024,492,40,35.6344
4,1024,492,44,35.007
4,1024,492,48,36.0739
4,1024,492,52,35.4352
4,1024,492,56,35.2763
4,1024,492,60,33.7229
4,1024,492,64,34.6563
4,1024,492,68,34.397
4,1024,492,72,34.3075
4,1024,492,76,33.8983
4,1024,492,80,33.5554
4,1024,492,84,32.8467
4,1024,492,88,32.9576
4,1024,492,92,32.1937
4,1024,492,96,31.9536
4,1024,492,100,26.8203
4,1024,492,104,31.2277
4,1024,492,108,31.0507
4,1024,492,112,30.5973
4,1024,492,116,30.1532
4,1024,492,120,29.6337
4,1024,492,124,29.012
4,1024,492,128,29.4463
4,1024,492,132,28.7841
4,1024,492,136,28.8301
4,1024,492,140,27.27
4,1024,492,144,28.0208
4,1024,492,148,27.5543
4,1024,492,152,27.4914
4,1024,492,156,26.4646
4,1024,492,160,26.2236
4,1024,492,164,25.9151
4,1024,492,168,23.3001
4,1024,492,172,25.521
4,1024,492,176,25.6624
4,1024,492,180,25.3878
4,1024,492,184,25.1316
4,1024,492,188,25.0853
4,1024,492,192,24.6967
4,1024,492,196,22.2183
4,1024,492,200,23.8858
4,1024,492,204,23.8097
4,1024,492,208,23.6882
4,1024,492,212,22.7926
4,1024,492,216,23.0997
4,1024,492,220,22.8404
4,1024,492,224,22.602
4,1024,492,228,21.8391
4,1024,492,232,21.7057
4,1024,492,236,21.444
4,1024,492,240,21.1768
4,1024,492,244,20.8598
4,1024,496,8,23.77
4,1024,496,12,26.9927
4,1024,496,16,30.9155
4,1024,496,20,31.9063
4,1024,496,24,34.1031
4,1024,496,28,33.6141
4,1024,496,32,34.9968
4,1024,496,36,34.5136
4,1024,496,40,35.4265
4,1024,496,44,34.5435
4,1024,496,48,35.3051
4,1024,496,52,34.7986
4,1024,496,56,34.8683
4,1024,496,60,34.0254
4,1024,496,64,34.4229
4,1024,496,68,28.7427
4,1024,496,72,34.0852
4,1024,496,76,33.1569
4,1024,496,80,32.4277
4,1024,496,84,32.1922
4,1024,496,88,32.4209
4,1024,496,92,31.7079
4,1024,496,96,31.4751
4,1024,496,100,31.3643
4,1024,496,104,30.9698
4,1024,496,108,30.6263
4,1024,496,112,30.49
4,1024,496,116,29.7363
4,1024,496,120,29.3185
4,1024,496,124,28.8798
4,1024,496,128,28.9403
4,1024,496,132,28.5566
4,1024,496,136,28.4572
4,1024,496,140,27.8983
4,1024,496,144,27.8054
4,1024,496,148,27.3572
4,1024,496,152,26.8967
4,1024,496,156,26.2487
4,1024,496,160,25.965
4,1024,496,164,25.3343
4,1024,496,168,25.4772
4,1024,496,172,25.5888
4,1024,496,176,24.8392
4,1024,496,180,25.1147
4,1024,496,184,24.8654
4,1024,496,188,24.6139
4,1024,496,192,24.4207
4,1024,496,196,24.0382
4,1024,496,200,22.9815
4,1024,496,204,23.5489
4,1024,496,208,23.4744
4,1024,496,212,22.8098
4,1024,496,216,22.8152
4,1024,496,220,22.3773
4,1024,496,224,22.1898
4,1024,496,228,21.7888
4,1024,496,232,21.2526
4,1024,496,236,21.3293
4,1024,496,240,20.7826
4,1024,496,244,20.7305
4,1024,496,248,20.7128
4,1024,500,8,23.7399
4,1024,500,12,27.6216
4,1024,500,16,31.2489
4,1024,500,20,31.8061
4,1024,500,24,29.8741
4,1024,500,28,33.2545
4,1024,500,32,34.6065
4,1024,500,36,34.6248
4,1024,500,40,35.0158
4,1024,500,44,34.0573
4,1024,500,48,34.9029
4,1024,500,52,34.5046
4,1024,500,56,34.3373
4,1024,500,60,33.7806
4,1024,500,64,34.2001
4,1024,500,68,33.3041
4,1024,500,72,33.2479
4,1024,500,76,32.8599
4,1024,500,80,28.1145
4,1024,500,84,32.0861
4,1024,500,88,32.1314
4,1024,500,92,31.3622
4,1024,500,96,31.2257
4,1024,500,100,30.9073
4,1024,500,104,30.0506
4,1024,500,108,29.8347
4,1024,500,112,29.6502
4,1024,500,116,29.4559
4,1024,500,120,29.1126
4,1024,500,124,28.4822
4,1024,500,128,28.4417
4,1024,500,132,28.2896
4,1024,500,136,26.7459
4,1024,500,140,24.2635
4,1024,500,144,27.5618
4,1024,500,148,27.0471
4,1024,500,152,26.747
4,1024,500,156,26.1269
4,1024,500,160,26.0314
4,1024,500,164,25.2269
4,1024,500,168,24.8984
4,1024,500,172,24.9787
4,1024,500,176,25.0556
4,1024,500,180,24.6728
4,1024,500,184,24.7244
4,1024,500,188,23.9291
4,1024,500,192,23.5098
4,1024,500,196,23.9536
4,1024,500,200,23.6961
4,1024,500,204,23.2171
4,1024,500,208,23.1621
4,1024,500,212,22.5686
4,1024,500,216,22.7621
4,1024,500,220,22.326
4,1024,500,224,21.7289
4,1024,500,228,21.6685
4,1024,500,232,21.236
4,1024,500,236,20.7192
4,1024,500,240,20.6165
4,1024,500,244,20.6599
4,1024,500,248,20.0974
4,1024,504,8,22.6836
4,1024,504,12,26.5608
4,1024,504,16,30.64
4,1024,504,20,30.1872
4,1024,504,24,32.9994
4,1024,504,28,32.888
4,1024,504,32,34.3712
4,1024,504,36,33.462
4,1024,504,40,34.3712
4,1024,504,44,34.0125
4,1024,504,48,34.3084
4,1024,504,52,34.0542
4,1024,504,56,34.319
4,1024,504,60,33.5408
4,1024,504,64,33.253
4,1024,504,68,32.8001
4,1024,504,72,31.0446
4,1024,504,76,32.2907
4,1024,504,80,32.4709
4,1024,504,84,31.383
4,1024,504,88,31.5629
4,1024,504,92,31.187
4,1024,504,96,31.1294
4,1024,504,100,30.2151
4,1024,504,104,30.4044
4,1024,504,108,29.7968
4,1024,504,112,29.9657
4,1024,504,116,29.2975
4,1024,504,120,28.9233
4,1024,504,124,28.2998
4,1024,504,128,27.9598
4,1024,504,132,27.5333
4,1024,504,136,24.5453
4,1024,504,140,27.0641
4,1024,504,144,27.2113
4,1024,504,148,26.7399
4,1024,504,152,26.2134
4,1024,504,156,25.9829
4,1024,504,160,25.7036
4,1024,504,164,25.1971
4,1024,504,168,24.8936
4,1024,504,172,24.6667
4,1024,504,176,24.6472
4,1024,504,180,21.9453
4,1024,504,184,24.1282
4,1024,504,188,24.0451
4,1024,504,192,23.7113
4,1024,504,196,23.4769
4,1024,504,200,23.6701
4,1024,504,204,22.9548
4,1024,504,208,22.9794
4,1024,504,212,22.231
4,1024,504,216,22.5134
4,1024,504,220,21.8085
4,1024,504,224,21.8975
4,1024,504,228,21.4631
4,1024,504,232,21.4343
4,1024,504,236,21.1192
4,1024,504,240,19.7698
4,1024,504,244,20.4356
4,1024,504,248,19.8007
4,1024,504,252,20.0232
4,1024,508,8,22.6581
4,1024,508,12,26.1127
4,1024,508,16,29.8186
4,1024,508,20,30.5285
4,1024,508,24,32.3522
4,1024,508,28,32.1584
4,1024,508,32,33.8035
4,1024,508,36,33.1571
4,1024,508,40,33.3313
4,1024,508,44,33.2851
4,1024,508,48,34.0761
4,1024,508,52,33.4059
4,1024,508,56,33.2375
4,1024,508,60,32.8226
4,1024,508,64,33.0608
4,1024,508,68,32.5345
4,1024,508,72,32.2154
4,1024,508,76,31.7175
4,1024,508,80,31.7895
4,1024,508,84,31.1708
4,1024,508,88,31.0143
4,1024,508,92,30.5599
4,1024,508,96,30.2782
4,1024,508,100,29.7702
4,1024,508,104,29.7525
4,1024,508,108,29.1205
4,1024,508,112,29.1851
4,1024,508,116,28.4884
4,1024,508,120,28.2802
4,1024,508,124,27.7484
4,1024,508,128,27.375
4,1024,508,132,27.2866
4,1024,508,136,27.2106
4,1024,508,140,27.0437
4,1024,508,144,26.4647
4,1024,508,148,26.0615
4,1024,508,152,25.9191
4,1024,508,156,25.4847
4,1024,508,160,25.2751
4,1024,508,164,24.5579
4,1024,508,168,24.3343
4,1024,508,172,24.1478
4,1024,508,176,23.8017
4,1024,508,180,23.952
4,1024,508,184,20.7922
4,1024,508,188,23.4473
4,1024,508,192,23.3767
4,1024,508,196,22.4211
4,1024,508,200,22.9876
4,1024,508,204,22.7364
4,1024,508,208,22.2705
4,1024,508,212,22.2288
4,1024,508,216,21.7883
4,1024,508,220,21.1255
4,1024,508,224,19.73
4,1024,508,228,21.096
4,1024,508,232,20.8307
4,1024,508,236,20.3236
4,1024,508,240,20.0532
4,1024,508,244,19.9134
4,1024,508,248,17.9862
4,1024,508,252,19.3454
4,1024,512,8,15.2823
4,1024,512,12,20.7354
4,1024,512,16,23.7308
4,1024,512,20,26.0055
4,1024,512,24,28.528
4,1024,512,28,28.4488
4,1024,512,32,30.5447
4,1024,512,36,30.2705
4,1024,512,40,31.3368
4,1024,512,44,29.6405
4,1024,512,48,31.8679
4,1024,512,52,31.59
4,1024,512,56,31.4324
4,1024,512,60,26.1565
4,1024,512,64,31.3366
4,1024,512,68,30.8421
4,1024,512,72,30.8265
4,1024,512,76,30.0025
4,1024,512,80,30.7974
4,1024,512,84,29.6889
4,1024,512,88,29.8077
4,1024,512,92,29.2321
4,1024,512,96,29.5789
4,1024,512,100,25.5435
4,1024,512,104,28.7062
4,1024,512,108,28.6042
4,1024,512,112,28.16
4,1024,512,116,27.9893
4,1024,512,120,27.7775
4,1024,512,124,27.07
4,1024,512,128,26.5879
4,1024,512,132,26.5052
4,1024,512,136,26.4893
4,1024,512,140,26.504
4,1024,512,144,26.3648
4,1024,512,148,25.3213
4,1024,512,152,25.8201
4,1024,512,156,24.9252
4,1024,512,160,25.0729
4,1024,512,164,24.1437
4,1024,512,168,23.8326
4,1024,512,172,24.0857
4,1024,512,176,23.838
4,1024,512,180,21.3003
4,1024,512,184,23.4864
4,1024,512,188,23.2567
4,1024,512,192,23.4666
4,1024,512,196,23.251
4,1024,512,200,22.7226
4,1024,512,204,22.3225
4,1024,512,208,22.0592
4,1024,512,212,21.7271
4,1024,512,216,21.9151
4,1024,512,220,21.8627
4,1024,512,224,21.6825
4,1024,512,228,20.4851
4,1024,512,232,21.0938
4,1024,512,236,20.4104
4,1024,512,240,20.5552
4,1024,512,244,20.4887
4,1024,512,248,20.0685
4,1024,512,252,19.7859
4,1024,512,256,19.1803
4,1024,32,8,28.1855
4,1024,32,12,31.2838
4,1024,32,16,36.9987
4,1024,36,8,29.2973
4,1024,36,12,35.901
4,1024,36,16,37.1065
4,1024,40,8,34.7176
4,1024,40,12,37.3535
4,1024,40,16,43.4481
4,1024,40,20,48.7294
4,1024,44,8,32.0609
4,1024,44,12,41.9876
4,1024,44,16,46.6015
4,1024,44,20,47.0581
4,1024,48,8,41.0148
4,1024,48,12,47.5674
4,1024,48,16,54.4264
4,1024,48,20,53.04
4,1024,48,24,46.4702
4,1024,52,8,42.5909
4,1024,52,12,48.6516
4,1024,52,16,53.4259
4,1024,52,20,55.5008
4,1024,52,24,56.3349
4,1024,56,8,37.9052
4,1024,56,12,51.7506
4,1024,56,16,57.5997
4,1024,56,20,61.6391
4,1024,56,24,59.5028
4,1024,56,28,55.0044
4,1024,60,8,45.7677
4,1024,60,12,54.4685
4,1024,60,16,59.2731
4,1024,60,20,47.5314
4,1024,60,24,61.0613
4,1024,60,28,60.3088
4,1024,64,8,51.7802
4,1024,64,12,56.0345
4,1024,64,16,67.1473
4,1024,64,20,65.2375
4,1024,64,24,68.402
4,1024,64,28,66.9239
4,1024,64,32,69.8798
4,1024,68,8,49.2764
4,1024,68,12,56.5256
4,1024,68,16,61.2834
4,1024,68,20,64.3429
4,1024,68,24,59.7271
4,1024,68,28,65.8509
4,1024,68,32,65.7997
4,1024,72,8,52.9801
4,1024,72,12,60.865
4,1024,72,16,65.8379
4,1024,72,20,68.5819
4,1024,72,24,70.7514
4,1024,72,28,69.3485
4,1024,72,32,62.1338
4,1024,72,36,73.3792
4,1024,76,8,53.2944
4,1024,76,12,60.4559
4,1024,76,16,68.5984
4,1024,76,20,70.0665
4,1024,76,24,68.246
4,1024,76,28,72.0783
4,1024,76,32,72.4924
4,1024,76,36,70.8438
4,1024,80,8,56.2491
4,1024,80,12,64.153
4,1024,80,16,73.1825
4,1024,80,20,75.4363
4,1024,80,24,72.8197
4,1024,80,28,75.0264
4,1024,80,32,75.7441
4,1024,80,36,74.7965
4,1024,80,40,77.5367
4,1024,84,8,54.3978
4,1024,84,12,63.96
4,1024,84,16,68.4765
4,1024,84,20,70.4375
4,1024,84,24,72.0859
4,1024,84,28,74.1469
4,1024,84,32,75.7232
4,1024,84,36,73.4661
4,1024,84,40,73.4139
4,1024,88,8,58.9841
4,1024,88,12,65.1358
4,1024,88,16,72.999
4,1024,88,20,73.6259
4,1024,88,24,65.1173
4,1024,88,28,74.7907
4,1024,88,32,79.8737
4,1024,88,36,78.7605
4,1024,88,40,77.3495
4,1024,88,44,77.2113
4,1024,92,8,57.0256
4,1024,92,12,64.3342
4,1024,92,16,72.6315
4,1024,92,20,73.7061
4,1024,92,24,75.0644
4,1024,92,28,54.824
4,1024,92,32,76.0706
4,1024,92,36,77.0624
4,1024,92,40,75.6271
4,1024,92,44,72.0164
4,1024,96,8,60.0465
4,1024,96,12,67.9616
4,1024,96,16,76.8849
4,1024,96,20,77.4216
4,1024,96,24,78.9452
4,1024,96,28,78.1202
4,1024,96,32,83.0254
4,1024,96,36,79.2263
4,1024,96,40,79.4542
4,1024,96,44,76.3413
4,1024,96,48,79.9298
4,1024,100,8,57.9783
4,1024,100,12,38.0046
4,1024,100,16,71.8596
4,1024,100,20,76.7577
4,1024,100,24,75.808
4,1024,100,28,65.9778
4,1024,100,32,77.6888
4,1024,100,36,79.3569
4,1024,100,40,78.5386
4,1024,100,44,76.2882
4,1024,100,48,75.1922
4,1024,104,8,60.6817
4,1024,104,12,68.883
4,1024,104,16,74.4946
4,1024,104,20,77.9587
4,1024,104,24,76.7987
4,1024,104,28,80.808
4,1024,104,32,67.4575
4,1024,104,36,83.3767
4,1024,104,40,69.699
4,1024,104,44,80.7883
4,1024,104,48,80.2039
4,1024,104,52,80.7823
4,1024,108,8,60.0202
4,1024,108,12,60.1779
4,1024,108,16,76.3881
4,1024,108,20,74.1234
4,1024,108,24,77.2311
4,1024,108,28,78.3546
4,1024,108,32,80.412
4,1024,108,36,67.0344
4,1024,108,40,76.9565
4,1024,108,44,77.4108
4,1024,108,48,76.9467
4,1024,108,52,74.8537
4,1024,112,8,59.9158
4,1024,112,12,59.2528
4,1024,112,16,73.7371
4,1024,112,20,78.1077
4,1024,112,24,67.9057
4,1024,112,28,80.0951
4,1024,112,32,80.0493
4,1024,112,36,78.562
4,1024,112,40,81.5795
4,1024,112,44,76.481
4,1024,112,48,79.9295
4,1024,112,52,77.0944
4,1024,112,56,78.3763
4,1024,116,8,60.7242
4,1024,116,12,71.4514
4,1024,116,16,65.3779
4,1024,116,20,81.4932
4,1024,116,24,82.4868
4,1024,116,28,80.4359
4,1024,116,32,84.0849
4,1024,116,36,70.9392
4,1024,116,40,81.8235
4,1024,116,44,78.8512
4,1024,116,48,72.9456
4,1024,116,52,79.5191
4,1024,116,56,78.1919
4,1024,120,8,61.717
4,1024,120,12,69.4972
4,1024,120,16,65.9208
4,1024,120,20,69.5053
4,1024,120,24,69.2525
4,1024,120,28,79.8686
4,1024,120,32,82.397
4,1024,120,36,82.001
4,1024,120,40,83.1215
4,1024,120,44,68.646
4,1024,120,48,81.3137
4,1024,120,52,80.0569
4,1024,120,56,79.5279
4,1024,120,60,80.7206
4,1024,124,8,60.7359
4,1024,124,12,68.7933
4,1024,124,16,77.4279
4,1024,124,20,66.7554
4,1024,124,24,78.441
4,1024,124,28,80.111
4,1024,124,32,82.3557
4,1024,124,36,67.185
4,1024,124,40,78.9914
4,1024,124,44,65.8007
4,1024,124,48,81.9523
4,1024,124,52,66.7322
4,1024,124,56,79.4761
4,1024,124,60,75.0999
4,1024,128,8,59.9423
4,1024,128,12,70.6737
4,1024,128,16,79.3373
4,1024,128,20,79.5059
4,1024,128,24,80.0269
4,1024,128,28,80.6119
4,1024,128,32,85.5223
4,1024,128,36,82.9712
4,1024,128,40,77.4184
4,1024,128,44,80.574
4,1024,128,48,83.8028
4,1024,128,52,80.412
4,1024,128,56,79.8802
4,1024,128,60,78.4233
4,1024,128,64,78.5038
4,1024,132,8,62.5543
4,1024,132,12,73.3493
4,1024,132,16,79.9096
4,1024,132,20,81.3568
4,1024,132,24,83.6495
4,1024,132,28,80.327
4,1024,132,32,62.262
4,1024,132,36,82.6375
4,1024,132,40,83.3765
4,1024,132,44,82.5042
4,1024,132,48,83.3298
4,1024,132,52,83.3498
4,1024,132,56,79.882
4,1024,132,60,72.0512
4,1024,132,64,79.5652
4,1024,136,8,63.2215
4,1024,136,12,71.7055
4,1024,136,16,80.148
4,1024,136,20,72.5736
4,1024,136,24,70.1988
4,1024,136,28,83.2585
4,1024,136,32,83.9734
4,1024,136,36,84.0937
4,1024,136,40,85.134
4,1024,136,44,75.812
4,1024,136,48,84.9715
4,1024,136,52,83.4291
4,1024,136,56,80.8252
4,1024,136,60,79.4636
4,1024,136,64,75.5927
4,1024,136,68,78.7577
4,1024,140,8,61.76
4,1024,140,12,71.7308
4,1024,140,16,67.6851
4,1024,140,20,63.7606
4,1024,140,24,80.2328
4,1024,140,28,81.7331
4,1024,140,32,82.4507
4,1024,140,36,82.241
4,1024,140,40,81.6957
4,1024,140,44,79.3707
4,1024,140,48,82.1914
4,1024,140,52,54.1141
4,1024,140,56,79.4538
4,1024,140,60,76.9221
4,1024,140,64,76.8404
4,1024,140,68,58.6494
4,1024,144,8,62.1804
4,1024,144,12,71.0387
4,1024,144,16,79.3802
4,1024,144,20,79.1757
4,1024,144,24,77.2438
4,1024,144,28,79.4958
4,1024,144,32,83.9748
4,1024,144,36,81.8317
4,1024,144,40,82.7534
4,1024,144,44,67.7428
4,1024,144,48,79.7529
4,1024,144,52,82.2395
4,1024,144,56,81.4158
4,1024,144,60,79.3508
4,1024,144,64,78.6742
4,1024,144,68,63.7
4,1024,144,72,55.1269
4,1024,148,8,63.5442
4,1024,148,12,70.3469
4,1024,148,16,79.8172
4,1024,148,20,57.1011
4,1024,148,24,79.4359
4,1024,148,28,79.1772
4,1024,148,32,71.3711
4,1024,148,36,81.7348
4,1024,148,40,84.0681
4,1024,148,44,80.3686
4,1024,148,48,67.362
4,1024,148,52,82.2888
4,1024,148,56,69.2965
4,1024,148,60,79.1147
4,1024,148,64,78.8129
4,1024,148,68,54.8012
4,1024,148,72,76.1168
4,1024,152,8,63.9523
4,1024,152,12,72.6951
4,1024,152,16,79.4989
4,1024,152,20,81.502
4,1024,152,24,83.5131
4,1024,152,28,83.4097
4,1024,152,32,85.7132
4,1024,152,36,82.4018
4,1024,152,40,81.0761
4,1024,152,44,83.5071
4,1024,152,48,71.3031
4,1024,152,52,83.4129
4,1024,152,56,80.7138
4,1024,152,60,69.7638
4,1024,152,64,80.1764
4,1024,152,68,72.3967
4,1024,152,72,75.1724
4,1024,152,76,53.3485
4,1024,156,8,61.3472
4,1024,156,12,71.1314
4,1024,156,16,78.3955
4,1024,156,20,82.5663
4,1024,156,24,81.6909
4,1024,156,28,79.7932
4,1024,156,32,81.0395
4,1024,156,36,81.2768
4,1024,156,40,83.3279
4,1024,156,44,70.5618
4,1024,156,48,75.038
4,1024,156,52,82.8147
4,1024,156,56,80.8026
4,1024,156,60,79.6343
4,1024,156,64,78.626
4,1024,156,68,77.0573
4,1024,156,72,75.1953
4,1024,156,76,72.0425
4,1024,160,8,61.1189
4,1024,160,12,69.979
4,1024,160,16,75.9057
4,1024,160,20,81.0253
4,1024,160,24,81.5994
4,1024,160,28,79.7943
4,1024,160,32,83.0874
4,1024,160,36,83.8579
4,1024,160,40,60.5055
4,1024,160,44,38.9132
4,1024,160,48,83.1519
4,1024,160,52,78.5238
4,1024,160,56,78.7567
4,1024,160,60,78.3772
4,1024,160,64,77.6685
4,1024,160,68,76.6982
4,1024,160,72,74.1391
4,1024,160,76,70.0237
4,1024,160,80,72.488
4,1024,164,8,61.4526
4,1024,164,12,69.3044
4,1024,164,16,74.1481
4,1024,164,20,76.0501
4,1024,164,24,68.1376
4,1024,164,28,80.3879
4,1024,164,32,81.3254
4,1024,164,36,72.8752
4,1024,164,40,77.2965
4,1024,164,44,68.1074
4,1024,164,48,81.2007
4,1024,164,52,78.8631
4,1024,164,56,77.4944
4,1024,164,60,76.3598
4,1024,164,64,76.644
4,1024,164,68,75.521
4,1024,164,72,74.179
4,1024,164,76,72.3195
4,1024,164,80,72.2726
4,1024,168,8,60.3111
4,1024,168,12,68.9466
4,1024,168,16,75.3841
4,1024,168,20,75.2158
4,1024,168,24,79.3814
4,1024,168,28,79.1614
4,1024,168,32,71.0917
4,1024,168,36,80.2256
4,1024,168,40,80.1721
4,1024,168,44,78.4887
4,1024,168,48,80.6084
4,1024,168,52,76.3846
4,1024,168,56,69.8039
4,1024,168,60,76.9163
4,1024,168,64,75.6468
4,1024,168,68,57.2242
4,1024,168,72,74.5945
4,1024,168,76,72.1262
4,1024,168,80,69.6586
4,1024,168,84,71.6203
4,1024,172,8,60.6011
4,1024,172,12,69.4303
4,1024,172,16,66.6255
4,1024,172,20,79.3233
4,1024,172,24,80.0623
4,1024,172,28,75.4346
4,1024,172,32,82.2998
4,1024,172,36,48.4366
4,1024,172,40,68.1694
4,1024,172,44,82.2774
4,1024,172,48,67.1038
4,1024,172,52,81.0974
4,1024,172,56,78.4124
4,1024,172,60,73.3289
4,1024,172,64,68.0986
4,1024,172,68,57.114
4,1024,172,72,75.7936
4,1024,172,76,72.7848
4,1024,172,80,72.6424
4,1024,172,84,70.4488
4,1024,176,8,61.4289
4,1024,176,12,69.8185
4,1024,176,16,76.7789
4,1024,176,20,79.5261
4,1024,176,24,77.294
4,1024,176,28,78.166
4,1024,176,32,81.5359
4,1024,176,36,80.1723
4,1024,176,40,81.6039
4,1024,176,44,78.2446
4,1024,176,48,82.518
4,1024,176,52,80.8689
4,1024,176,56,79.1488
4,1024,176,60,78.5911
4,1024,176,64,79.5828
4,1024,176,68,75.5217
4,1024,176,72,75.662
4,1024,176,76,74.5944
4,1024,176,80,73.8784
4,1024,176,84,72.5044
4,1024,176,88,72.7633
4,1024,180,8,48.0832
4,1024,180,12,71.2678
4,1024,180,16,77.4624
4,1024,180,20,49.9569
4,1024,180,24,69.9896
4,1024,180,28,81.5599
4,1024,180,32,81.3951
4,1024,180,36,80.324
4,1024,180,40,81.6623
4,1024,180,44,74.1017
4,1024,180,48,78.6624
4,1024,180,52,80.2286
4,1024,180,56,78.3982
4,1024,180,60,78.2647
4,1024,180,64,78.2645
4,1024,180,68,76.2683
4,1024,180,72,72.4597
4,1024,180,76,73.0266
4,1024,180,80,72.3135
4,1024,180,84,71.4349
4,1024,180,88,70.5446
4,1024,184,8,61.2555
4,1024,184,12,67.804
4,1024,184,16,75.8029
4,1024,184,20,77.2947
4,1024,184,24,81.3811
4,1024,184,28,80.4418
4,1024,184,32,82.3255
4,1024,184,36,81.4506
4,1024,184,40,68.6954
4,1024,184,44,69.3988
4,1024,184,48,80.1847
4,1024,184,52,80.5629
4,1024,184,56,67.1974
4,1024,184,60,76.8138
4,1024,184,64,68.0243
4,1024,184,68,76.1356
4,1024,184,72,74.4531
4,1024,184,76,72.4186
4,1024,184,80,55.1636
4,1024,184,84,70.628
4,1024,184,88,69.0132
4,1024,184,92,68.561
4,1024,188,8,59.6957
4,1024,188,12,69.0401
4,1024,188,16,74.7765
4,1024,188,20,76.2515
4,1024,188,24,80.903
4,1024,188,28,80.5579
4,1024,188,32,79.5218
4,1024,188,36,76.6251
4,1024,188,40,78.8134
4,1024,188,44,76.5921
4,1024,188,48,79.836
4,1024,188,52,78.8455
4,1024,188,56,71.8707
4,1024,188,60,74.7019
4,1024,188,64,74.3958
4,1024,188,68,74.0348
4,1024,188,72,66.8185
4,1024,188,76,64.6868
4,1024,188,80,70.4287
4,1024,188,84,69.2512
4,1024,188,88,67.714
4,1024,188,92,64.7926
4,1024,192,8,57.092
4,1024,192,12,59.0892
4,1024,192,16,73.9
4,1024,192,20,65.5739
4,1024,192,24,77.7423
4,1024,192,28,76.6329
4,1024,192,32,76.7832
4,1024,192,36,76.5084
4,1024,192,40,79.8328
4,1024,192,44,75.4989
4,1024,192,48,78.8566
4,1024,192,52,77.6856
4,1024,192,56,76.7478
4,1024,192,60,74.8088
4,1024,192,64,75.5239
4,1024,192,68,74.9279
4,1024,192,72,73.4627
4,1024,192,76,72.1269
4,1024,192,80,61.6051
4,1024,192,84,51.2879
4,1024,192,88,60.9011
4,1024,192,92,65.8733
4,1024,192,96,65.5111
4,1024,196,8,58.9327
4,1024,196,12,66.3274
4,1024,196,16,73.063
4,1024,196,20,73.9307
4,1024,196,24,77.1533
4,1024,196,28,76.2137
4,1024,196,32,63.3065
4,1024,196,36,70.8749
4,1024,196,40,80.1057
4,1024,196,44,76.9478
4,1024,196,48,77.4951
4,1024,196,52,76.4221
4,1024,196,56,72.3765
4,1024,196,60,72.5748
4,1024,196,64,72.4059
4,1024,196,68,66.5892
4,1024,196,72,71.8857
4,1024,196,76,71.6161
4,1024,196,80,60.0805
4,1024,196,84,68.7782
4,1024,196,88,68.2444
4,1024,196,92,65.3267
4,1024,196,96,59.6469
4,1024,200,8,57.419
4,1024,200,12,65.9152
4,1024,200,16,73.1151
4,1024,200,20,66.6277
4,1024,200,24,76.4675
4,1024,200,28,66.9973
4,1024,200,32,77.0514
4,1024,200,36,67.5748
4,1024,200,40,77.8524
4,1024,200,44,75.7227
4,1024,200,48,75.0165
4,1024,200,52,76.8221
4,1024,200,56,76.1089
4,1024,200,60,73.6376
4,1024,200,64,71.7986
4,1024,200,68,72.4418
4,1024,200,72,72.2845
4,1024,200,76,70.1293
4,1024,200,80,63.465
4,1024,200,84,68.3816
4,1024,200,88,67.0833
4,1024,200,92,64.9823
4,1024,200,96,58.1237
4,1024,200,100,55.5338
4,1024,204,8,55.8993
4,1024,204,12,63.7608
4,1024,204,16,69.9385
4,1024,204,20,61.0788
4,1024,204,24,73.5268
4,1024,204,28,72.9739
4,1024,204,32,76.7767
4,1024,204,36,74.5788
4,1024,204,40,74.0657
4,1024,204,44,74.5135
4,1024,204,48,74.5998
4,1024,204,52,72.2571
4,1024,204,56,73.0928
4,1024,204,60,72.7119
4,1024,204,64,70.4478
4,1024,204,68,64.0033
4,1024,204,72,69.8441
4,1024,204,76,69.5924
4,1024,204,80,67.7558
4,1024,204,84,65.2444
4,1024,204,88,65.4589
4,1024,204,92,56.1404
4,1024,204,96,61.7809
4,1024,204,100,60.4705
4,1024,208,8,57.8991
4,1024,208,12,66.1533
4,1024,208,16,74.5934
4,1024,208,20,75.7592
4,1024,208,24,77.9261
4,1024,208,28,76.7985
4,1024,208,32,79.3438
4,1024,208,36,68.7246
4,1024,208,40,78.0284
4,1024,208,44,77.6352
4,1024,208,48,78.4194
4,1024,208,52,74.2992
4,1024,208,56,55.6369
4,1024,208,60,65.9434
4,1024,208,64,73.761
4,1024,208,68,59.1112
4,1024,208,72,72.5121
4,1024,208,76,71.8718
4,1024,208,80,71.386
4,1024,208,84,68.5892
4,1024,208,88,68.2105
4,1024,208,92,66.1848
4,1024,208,96,65.9419
4,1024,208,100,63.2295
4,1024,208,104,61.749
4,1024,212,8,57.9873
4,1024,212,12,65.8585
4,1024,212,16,73.0997
4,1024,212,20,75.7083
4,1024,212,24,76.7742
4,1024,212,28,76.4785
4,1024,212,32,76.5058
4,1024,212,36,78.2279
4,1024,212,40,77.1931
4,1024,212,44,75.5497
4,1024,212,48,75.9928
4,1024,212,52,73.0712
4,1024,212,56,65.4071
4,1024,212,60,73.128
4,1024,212,64,51.9699
4,1024,212,68,70.1531
4,1024,212,72,71.9283
4,1024,212,76,69.532
4,1024,212,80,57.5454
4,1024,212,84,69.8376
4,1024,212,88,68.1759
4,1024,212,92,66.5407
4,1024,212,96,60.9711
4,1024,212,100,63.0717
4,1024,212,104,62.3413
4,1024,216,8,56.7893
4,1024,216,12,67.3594
4,1024,216,16,73.809
4,1024,216,20,76.551
4,1024,216,24,75.4472
4,1024,216,28,77.2317
4,1024,216,32,78.0316
4,1024,216,36,77.9328
4,1024,216,40,77.3751
4,1024,216,44,63.0115
4,1024,216,48,75.0956
4,1024,216,52,72.8411
4,1024,216,56,74.9507
4,1024,216,60,73.0951
4,1024,216,64,72.0446
4,1024,216,68,69.884
4,1024,216,72,70.4273
4,1024,216,76,69.3596
4,1024,216,80,69.6599
4,1024,216,84,66.9058
4,1024,216,88,65.9201
4,1024,216,92,55.2809
4,1024,216,96,66.0973
4,1024,216,100,61.6584
4,1024,216,104,62.8279
4,1024,216,108,60.7582
4,1024,220,8,56.4555
4,1024,220,12,63.7427
4,1024,220,16,71.0509
4,1024,220,20,56.5741
4,1024,220,24,76.5199
4,1024,220,28,76.8279
4,1024,220,32,60.8103
4,1024,220,36,75.0365
4,1024,220,40,75.7432
4,1024,220,44,74.7213
4,1024,220,48,75.5267
4,1024,220,52,72.9574
4,1024,220,56,71.3765
4,1024,220,60,72.414
4,1024,220,64,71.1726
4,1024,220,68,71.2316
4,1024,220,72,68.9677
4,1024,220,76,68.2652
4,1024,220,80,68.4793
4,1024,220,84,68.0324
4,1024,220,88,57.5237
4,1024,220,92,57.0259
4,1024,220,96,55.3588
4,1024,220,100,62.6517
4,1024,220,104,60.9535
4,1024,220,108,58.9324
4,1024,224,8,56.1585
4,1024,224,12,64.4651
4,1024,224,16,73.5463
4,1024,224,20,74.3633
4,1024,224,24,75.2273
4,1024,224,28,74.7741
4,1024,224,32,76.6468
4,1024,224,36,74.7342
4,1024,224,40,75.864
4,1024,224,44,73.3011
4,1024,224,48,74.1484
4,1024,224,52,68.1238
4,1024,224,56,72.0602
4,1024,224,60,71.6692
4,1024,224,64,69.2196
4,1024,224,68,70.4733
4,1024,224,72,68.1806
4,1024,224,76,67.3563
4,1024,224,80,66.5494
4,1024,224,84,67.2688
4,1024,224,88,67.2014
4,1024,224,92,65.2515
4,1024,224,96,55.8302
4,1024,224,100,62.6416
4,1024,224,104,61.0805
4,1024,224,108,59.1373
4,1024,224,112,59.0105
4,1024,228,8,57.2033
4,1024,228,12,65.5745
4,1024,228,16,72.3636
4,1024,228,20,73.4278
4,1024,228,24,75.4993
4,1024,228,28,75.5078
4,1024,228,32,77.2554
4,1024,228,36,75.497
4,1024,228,40,74.4374
4,1024,228,44,72.8865
4,1024,228,48,73.676
4,1024,228,52,72.1093
4,1024,228,56,71.0039
4,1024,228,60,70.8269
4,1024,228,64,70.9054
4,1024,228,68,68.8312
4,1024,228,72,69.1436
4,1024,228,76,67.7643
4,1024,228,80,68.2554
4,1024,228,84,66.7407
4,1024,228,88,66.13
4,1024,228,92,63.7684
4,1024,228,96,63.7033
4,1024,228,100,61.8672
4,1024,228,104,59.7657
4,1024,228,108,59.0186
4,1024,228,112,57.5613
4,1024,232,8,56.5839
4,1024,232,12,64.0983
4,1024,232,16,65.8284
4,1024,232,20,74.4285
4,1024,232,24,73.7572
4,1024,232,28,73.1151
4,1024,232,32,75.2591
4,1024,232,36,74.3259
4,1024,232,40,73.1451
4,1024,232,44,73.2098
4,1024,232,48,72.7363
4,1024,232,52,72.4655
4,1024,232,56,73.0518
4,1024,232,60,67.1714
4,1024,232,64,72.2988
4,1024,232,68,70.8578
4,1024,232,72,57.5842
4,1024,232,76,66.1748
4,1024,232,80,67.4492
4,1024,232,84,66.2438
4,1024,232,88,65.1163
4,1024,232,92,63.5565
4,1024,232,96,62.3619
4,1024,232,100,61.1089
4,1024,232,104,60.5808
4,1024,232,108,57.5011
4,1024,232,112,57.4071
4,1024,232,116,45.2388
4,1024,236,8,55.0894
4,1024,236,12,63.5252
4,1024,236,16,59.2122
4,1024,236,20,72.1959
4,1024,236,24,63.376
4,1024,236,28,72.2048
4,1024,236,32,74.2065
4,1024,236,36,72.7044
4,1024,236,40,73.1623
4,1024,236,44,71.3363
4,1024,236,48,70.2372
4,1024,236,52,71.1133
4,1024,236,56,67.0107
4,1024,236,60,68.8554
4,1024,236,64,55.0793
4,1024,236,68,69.1904
4,1024,236,72,64.556
4,1024,236,76,66.1003
4,1024,236,80,66.432
4,1024,236,84,51.2606
4,1024,236,88,64.3779
4,1024,236,92,63.9163
4,1024,236,96,62.897
4,1024,236,100,61.3789
4,1024,236,104,60.214
4,1024,236,108,53.2352
4,1024,236,112,57.485
4,1024,236,116,55.5678
4,1024,240,8,56.5544
4,1024,240,12,63.868
4,1024,240,16,71.3422
4,1024,240,20,45.6463
4,1024,240,24,70.6436
4,1024,240,28,71.0752
4,1024,240,32,74.1687
4,1024,240,36,71.9582
4,1024,240,40,74.229
4,1024,240,44,70.2338
4,1024,240,48,71.1055
4,1024,240,52,69.0711
4,1024,240,56,71.2431
4,1024,240,60,69.91
4,1024,240,64,68.932
4,1024,240,68,67.8369
4,1024,240,72,66.4638
4,1024,240,76,65.237
4,1024,240,80,65.2432
4,1024,240,84,62.9294
4,1024,240,88,62.5997
4,1024,240,92,63.3365
4,1024,240,96,58.1027
4,1024,240,100,61.397
4,1024,240,104,60.2184
4,1024,240,108,58.7009
4,1024,240,112,51.5444
4,1024,240,116,55.959
4,1024,240,120,54.7464
4,1024,244,8,54.4895
4,1024,244,12,60.1535
4,1024,244,16,68.0439
4,1024,244,20,59.5637
4,1024,244,24,71.4077
4,1024,244,28,73.2379
4,1024,244,32,72.9698
4,1024,244,36,70.5811
4,1024,244,40,67.537
4,1024,244,44,62.0545
4,1024,244,48,70.0137
4,1024,244,52,68.9535
4,1024,244,56,66.7309
4,1024,244,60,64.4881
4,1024,244,64,65.8982
4,1024,244,68,64.9432
4,1024,244,72,66.048
4,1024,244,76,63.3928
4,1024,244,80,62.4641
4,1024,244,84,62.9585
4,1024,244,88,63.5987
4,1024,244,92,62.7153
4,1024,244,96,61.6248
4,1024,244,100,60.0329
4,1024,244,104,58.7697
4,1024,244,108,57.0933
4,1024,244,112,57.1878
4,1024,244,116,55.493
4,1024,244,120,52.9381
4,1024,248,8,53.2488
4,1024,248,12,62.0438
4,1024,248,16,68.4229
4,1024,248,20,64.4569
4,1024,248,24,71.7317
4,1024,248,28,67.5888
4,1024,248,32,73.115
4,1024,248,36,74.1151
4,1024,248,40,74.2904
4,1024,248,44,65.5411
4,1024,248,48,66.7738
4,1024,248,52,68.7135
4,1024,248,56,68.142
4,1024,248,60,66.9667
4,1024,248,64,66.6594
4,1024,248,68,65.1921
4,1024,248,72,64.6142
4,1024,248,76,63.2178
4,1024,248,80,61.8714
4,1024,248,84,48.4158
4,1024,248,88,60.8478
4,1024,248,92,58.2846
4,1024,248,96,61.2623
4,1024,248,100,53.4721
4,1024,248,104,59.1202
4,1024,248,108,56.9776
4,1024,248,112,57.1058
4,1024,248,116,55.0809
4,1024,248,120,53.8811
4,1024,248,124,52.6766
4,1024,252,8,51.4439
4,1024,252,12,60.3347
4,1024,252,16,67.2377
4,1024,252,20,68.4137
4,1024,252,24,70.0873
4,1024,252,28,68.4068
4,1024,252,32,70.2819
4,1024,252,36,69.5981
4,1024,252,40,68.0076
4,1024,252,44,70.2932
4,1024,252,48,54.8892
4,1024,252,52,67.795
4,1024,252,56,62.2781
4,1024,252,60,66.6143
4,1024,252,64,66.289
4,1024,252,68,63.9476
4,1024,252,72,63.7553
4,1024,252,76,61.5847
4,1024,252,80,61.5935
4,1024,252,84,61.0113
4,1024,252,88,61.0127
4,1024,252,92,58.6504
4,1024,252,96,59.5543
4,1024,252,100,56.7799
4,1024,252,104,56.743
4,1024,252,108,56.0761
4,1024,252,112,54.3813
4,1024,252,116,53.0797
4,1024,252,120,52.4771
4,1024,252,124,51.1399
4,1024,256,8,42.7992
4,1024,256,12,54.2205
4,1024,256,16,59.6035
4,1024,256,20,62.9036
4,1024,256,24,65.0472
4,1024,256,28,64.187
4,1024,256,32,67.278
4,1024,256,36,65.5934
4,1024,256,40,65.5459
4,1024,256,44,65.3217
4,1024,256,48,66.2244
4,1024,256,52,61.2166
4,1024,256,56,65.1982
4,1024,256,60,63.7096
4,1024,256,64,50.3737
4,1024,256,68,62.6688
4,1024,256,72,62.0654
4,1024,256,76,60.2438
4,1024,256,80,60.1893
4,1024,256,84,58.508
4,1024,256,88,59.0075
4,1024,256,92,57.8464
4,1024,256,96,58.1504
4,1024,256,100,56.3213
4,1024,256,104,50.3881
4,1024,256,108,50.5924
4,1024,256,112,53.9242
4,1024,256,116,51.9811
4,1024,256,120,51.5344
4,1024,256,124,50.0524
4,1024,256,128,49.4544
4,1024,260,8,51.961
4,1024,260,12,59.933
4,1024,260,16,64.4602
4,1024,260,20,67.7743
4,1024,260,24,69.5945
4,1024,260,28,69.3709
4,1024,260,32,70.9458
4,1024,260,36,70.401
4,1024,260,40,71.0975
4,1024,260,44,69.6762
4,1024,260,48,70.2584
4,1024,260,52,69.3682
4,1024,260,56,68.9131
4,1024,260,60,66.5531
4,1024,260,64,65.6948
4,1024,260,68,63.3833
4,1024,260,72,64.6825
4,1024,260,76,63.2056
4,1024,260,80,62.861
4,1024,260,84,60.75
4,1024,260,88,59.898
4,1024,260,92,46.7798
4,1024,260,96,53.4806
4,1024,260,100,57.9204
4,1024,260,104,56.9413
4,1024,260,108,54.7875
4,1024,260,112,55.9462
4,1024,260,116,52.941
4,1024,260,120,52.7428
4,1024,260,124,50.9223
4,1024,260,128,50.4745
4,1024,264,8,52.3051
4,1024,264,12,44.6267
4,1024,264,16,50.7936
4,1024,264,20,67.5861
4,1024,264,24,70.5735
4,1024,264,28,69.7243
4,1024,264,32,71.323
4,1024,264,36,65.3006
4,1024,264,40,72.0807
4,1024,264,44,70.134
4,1024,264,48,60.7571
4,1024,264,52,63.7557
4,1024,264,56,63.8215
4,1024,264,60,66.6518
4,1024,264,64,64.2516
4,1024,264,68,64.4177
4,1024,264,72,59.8478
4,1024,264,76,63.3092
4,1024,264,80,62.5254
4,1024,264,84,60.0181
4,1024,264,88,60.0716
4,1024,264,92,59.9022
4,1024,264,96,58.5869
4,1024,264,100,57.5816
4,1024,264,104,57.5957
4,1024,264,108,55.4566
4,1024,264,112,55.6989
4,1024,264,116,54.8078
4,1024,264,120,53.8119
4,1024,264,124,51.7636
4,1024,264,128,50.7461
4,1024,264,132,50.1106
4,1024,268,8,52.9905
4,1024,268,12,58.5557
4,1024,268,16,64.1665
4,1024,268,20,66.2913
4,1024,268,24,68.4559
4,1024,268,28,64.7796
4,1024,268,32,70.4293
4,1024,268,36,67.9397
4,1024,268,40,63.85
4,1024,268,44,64.1207
4,1024,268,48,56.7081
4,1024,268,52,27.9806
4,1024,268,56,67.9259
4,1024,268,60,66.3791
4,1024,268,64,60.422
4,1024,268,68,63.0793
4,1024,268,72,62.1885
4,1024,268,76,60.531
4,1024,268,80,61.0263
4,1024,268,84,59.3883
4,1024,268,88,57.1064
4,1024,268,92,57.5735
4,1024,268,96,57.7936
4,1024,268,100,56.8532
4,1024,268,104,55.8662
4,1024,268,108,54.1849
4,1024,268,112,55.03
4,1024,268,116,53.1345
4,1024,268,120,51.4022
4,1024,268,124,50.5405
4,1024,268,128,50.3064
4,1024,268,132,48.5303
4,1024,272,8,51.429
4,1024,272,12,59.1801
4,1024,272,16,62.8792
4,1024,272,20,59.9566
4,1024,272,24,67.918
4,1024,272,28,67.9121
4,1024,272,32,65.5532
4,1024,272,36,67.8674
4,1024,272,40,66.6512
4,1024,272,44,63.7808
4,1024,272,48,69.2629
4,1024,272,52,62.5956
4,1024,272,56,65.7382
4,1024,272,60,61.146
4,1024,272,64,61.369
4,1024,272,68,55.2182
4,1024,272,72,63.1214
4,1024,272,76,62.3618
4,1024,272,80,61.2079
4,1024,272,84,60.3303
4,1024,272,88,58.3325
4,1024,272,92,57.5017
4,1024,272,96,58.7701
4,1024,272,100,57.2507
4,1024,272,104,56.635
4,1024,272,108,55.6494
4,1024,272,112,54.4156
4,1024,272,116,51.5842
4,1024,272,120,53.3677
4,1024,272,124,51.6464
4,1024,272,128,50.1511
4,1024,272,132,49.2661
4,1024,272,136,47.8761
4,1024,276,8,49.1185
4,1024,276,12,55.5705
4,1024,276,16,61.3423
4,1024,276,20,64.0957
4,1024,276,24,68.1718
4,1024,276,28,65.5099
4,1024,276,32,67.0106
4,1024,276,36,66.8662
4,1024,276,40,67.2236
4,1024,276,44,65.1499
4,1024,276,48,66.6225
4,1024,276,52,62.6317
4,1024,276,56,65.7157
4,1024,276,60,60.297
4,1024,276,64,62.139
4,1024,276,68,60.6602
4,1024,276,72,58.9145
4,1024,276,76,57.8473
4,1024,276,80,59.8936
4,1024,276,84,59.5269
4,1024,276,88,57.0013
4,1024,276,92,56.8703
4,1024,276,96,56.0524
4,1024,276,100,55.989
4,1024,276,104,55.9595
4,1024,276,108,53.7757
4,1024,276,112,53.4888
4,1024,276,116,52.464
4,1024,276,120,50.9323
4,1024,276,124,50.6947
4,1024,276,128,48.9415
4,1024,276,132,48.4153
4,1024,276,136,47.487
4,1024,280,8,50.2953
4,1024,280,12,56.5388
4,1024,280,16,63.2923
4,1024,280,20,65.1656
4,1024,280,24,64.8528
4,1024,280,28,64.8656
4,1024,280,32,66.0234
4,1024,280,36,66.7028
4,1024,280,40,65.5176
4,1024,280,44,65.3847
4,1024,280,48,65.6022
4,1024,280,52,65.2353
4,1024,280,56,65.3373
4,1024,280,60,63.5845
4,1024,280,64,59.4087
4,1024,280,68,59.0241
4,1024,280,72,61.4837
4,1024,280,76,60.708
4,1024,280,80,60.3532
4,1024,280,84,58.8678
4,1024,280,88,57.544
4,1024,280,92,56.0916
4,1024,280,96,56.3794
4,1024,280,100,55.5226
4,1024,280,104,55.5519
4,1024,280,108,49.6443
4,1024,280,112,53.8553
4,1024,280,116,52.9781
4,1024,280,120,52.0209
4,1024,280,124,50.7683
4,1024,280,128,49.8188
4,1024,280,132,48.2397
4,1024,280,136,47.4899
4,1024,280,140,46.9117
4,1024,284,8,44.2279
4,1024,284,12,55.9493
4,1024,284,16,59.3568
4,1024,284,20,63.7561
4,1024,284,24,66.0964
4,1024,284,28,64.5648
4,1024,284,32,67.1793
4,1024,284,36,63.8534
4,1024,284,40,62.5603
4,1024,284,44,46.3869
4,1024,284,48,65.6577
4,1024,284,52,64.47
4,1024,284,56,62.0959
4,1024,284,60,62.555
4,1024,284,64,57.3508
4,1024,284,68,57.7338
4,1024,284,72,60.1295
4,1024,284,76,58.5964
4,1024,284,80,58.7229
4,1024,284,84,57.3343
4,1024,284,88,55.835
4,1024,284,92,53.7929
4,1024,284,96,55.0127
4,1024,284,100,54.6644
4,1024,284,104,53.8426
4,1024,284,108,52.5748
4,1024,284,112,53.0806
4,1024,284,116,51.9233
4,1024,284,120,49.9301
4,1024,284,124,48.1759
4,1024,284,128,48.766
4,1024,284,132,34.156
4,1024,284,136,46.8812
4,1024,284,140,45.7194
4,1024,288,8,48.3288
4,1024,288,12,54.8379
4,1024,288,16,61.2985
4,1024,288,20,61.5243
4,1024,288,24,65.183
4,1024,288,28,63.6156
4,1024,288,32,64.2299
4,1024,288,36,62.946
4,1024,288,40,65.54
4,1024,288,44,65.087
4,1024,288,48,62.0346
4,1024,288,52,63.0161
4,1024,288,56,62.5733
4,1024,288,60,61.8495
4,1024,288,64,61.2472
4,1024,288,68,59.6341
4,1024,288,72,59.0494
4,1024,288,76,54.84
4,1024,288,80,57.6467
4,1024,288,84,57.1305
4,1024,288,88,56.1921
4,1024,288,92,53.8818
4,1024,288,96,54.1216
4,1024,288,100,53.8069
4,1024,288,104,53.7224
4,1024,288,108,52.6705
4,1024,288,112,52.2501
4,1024,288,116,51.4501
4,1024,288,120,50.5623
4,1024,288,124,49.4011
4,1024,288,128,47.5406
4,1024,288,132,47.079
4,1024,288,136,46.4256
4,1024,288,140,45.0631
4,1024,288,144,44.6288
4,1024,292,8,45.0076
4,1024,292,12,55.3852
4,1024,292,16,60.8759
4,1024,292,20,62.4204
4,1024,292,24,63.1366
4,1024,292,28,56.006
4,1024,292,32,62.7465
4,1024,292,36,64.7732
4,1024,292,40,63.0171
4,1024,292,44,49.2357
4,1024,292,48,64.3161
4,1024,292,52,63.5627
4,1024,292,56,58.0552
4,1024,292,60,58.6873
4,1024,292,64,61.1793
4,1024,292,68,56.6045
4,1024,292,72,58.4232
4,1024,292,76,57.7669
4,1024,292,80,57.8625
4,1024,292,84,50.8014
4,1024,292,88,55.6488
4,1024,292,92,54.4498
4,1024,292,96,52.9205
4,1024,292,100,52.0961
4,1024,292,104,52.6091
4,1024,292,108,52.201
4,1024,292,112,32.537
4,1024,292,116,50.6552
4,1024,292,120,50.4144
4,1024,292,124,48.6582
4,1024,292,128,48.8429
4,1024,292,132,47.9397
4,1024,292,136,46.3292
4,1024,292,140,44.6994
4,1024,292,144,43.973
4,1024,296,8,47.6691
4,1024,296,12,54.049
4,1024,296,16,59.3342
4,1024,296,20,60.7896
4,1024,296,24,62.6695
4,1024,296,28,61.7573
4,1024,296,32,63.8637
4,1024,296,36,63.3272
4,1024,296,40,62.4778
4,1024,296,44,47.5707
4,1024,296,48,63.2561
4,1024,296,52,60.2457
4,1024,296,56,56.4737
4,1024,296,60,60.2104
4,1024,296,64,60.4476
4,1024,296,68,58.8449
4,1024,296,72,58.6924
4,1024,296,76,57.5164
4,1024,296,80,56.5191
4,1024,296,84,54.7438
4,1024,296,88,54.3609
4,1024,296,92,52.9639
4,1024,296,96,52.5755
4,1024,296,100,52.7487
4,1024,296,104,52.4349
4,1024,296,108,51.7279
4,1024,296,112,51.1254
4,1024,296,116,50.4795
4,1024,296,120,50.1788
4,1024,296,124,47.8269
4,1024,296,128,48.1548
4,1024,296,132,46.9087
4,1024,296,136,45.6167
4,1024,296,140,44.8568
4,1024,296,144,43.8173
4,1024,296,148,42.5262
4,1024,300,8,45.5889
4,1024,300,12,52.6803
4,1024,300,16,58.9932
4,1024,300,20,60.2036
4,1024,300,24,55.0201
4,1024,300,28,60.2143
4,1024,300,32,62.8052
4,1024,300,36,62.5087
4,1024,300,40,59.8979
4,1024,300,44,59.0139
4,1024,300,48,59.4645
4,1024,300,52,61.1272
4,1024,300,56,60.6115
4,1024,300,60,56.7876
4,1024,300,64,58.8498
4,1024,300,68,57.5894
4,1024,300,72,56.9378
4,1024,300,76,56.6831
4,1024,300,80,55.4256
4,1024,300,84,55.3194
4,1024,300,88,54.3518
4,1024,300,92,53.155
4,1024,300,96,51.895
4,1024,300,100,49.8074
4,1024,300,104,50.5812
4,1024,300,108,49.8562
4,1024,300,112,49.4517
4,1024,300,116,48.2833
4,1024,300,120,49.002
4,1024,300,124,46.6559
4,1024,300,128,46.7761
4,1024,300,132,45.8797
4,1024,300,136,45.0875
4,1024,300,140,44.1897
4,1024,300,144,42.2494
4,1024,300,148,42.0913
4,1024,304,8,44.4942
4,1024,304,12,50.6249
4,1024,304,16,56.8439
4,1024,304,20,58.4811
4,1024,304,24,60.7668
4,1024,304,28,59.6938
4,1024,304,32,62.1415
4,1024,304,36,59.8156
4,1024,304,40,62.0
4,1024,304,44,58.4613
4,1024,304,48,59.854
4,1024,304,52,48.8487
4,1024,304,56,59.4468
4,1024,304,60,57.6992
4,1024,304,64,58.5024
4,1024,304,68,54.7822
4,1024,304,72,56.4879
4,1024,304,76,55.3066
4,1024,304,80,52.4385
4,1024,304,84,51.3812
4,1024,304,88,50.3047
4,1024,304,92,51.8676
4,1024,304,96,52.3325
4,1024,304,100,50.3782
4,1024,304,104,50.8151
4,1024,304,108,49.8842
4,1024,304,112,49.5662
4,1024,304,116,49.2341
4,1024,304,120,48.4892
4,1024,304,124,47.7453
4,1024,304,128,46.9207
4,1024,304,132,45.83
4,1024,304,136,44.861
4,1024,304,140,43.5927
4,1024,304,144,42.7789
4,1024,304,148,41.2525
4,1024,304,152,41.5145
4,1024,308,8,44.7531
4,1024,308,12,51.1506
4,1024,308,16,56.1425
4,1024,308,20,56.8904
4,1024,308,24,40.9478
4,1024,308,28,58.6234
4,1024,308,32,59.8728
4,1024,308,36,60.5145
4,1024,308,40,60.9888
4,1024,308,44,58.7484
4,1024,308,48,60.137
4,1024,308,52,58.2351
4,1024,308,56,43.238
4,1024,308,60,56.744
4,1024,308,64,57.1031
4,1024,308,68,55.4876
4,1024,308,72,55.4213
4,1024,308,76,52.4998
4,1024,308,80,50.9762
4,1024,308,84,53.3027
4,1024,308,88,52.7503
4,1024,308,92,51.7554
4,1024,308,96,51.0262
4,1024,308,100,48.926
4,1024,308,104,40.7969
4,1024,308,108,49.1818
4,1024,308,112,49.1012
4,1024,308,116,47.9687
4,1024,308,120,47.3167
4,1024,308,124,46.3393
4,1024,308,128,45.8711
4,1024,308,132,45.3275
4,1024,308,136,44.9417
4,1024,308,140,39.7272
4,1024,308,144,42.8034
4,1024,308,148,41.6029
4,1024,308,152,40.1374
4,1024,312,8,43.0519
4,1024,312,12,49.1644
4,1024,312,16,55.3171
4,1024,312,20,56.2411
4,1024,312,24,59.408
4,1024,312,28,57.7272
4,1024,312,32,59.6772
4,1024,312,36,59.4609
4,1024,312,40,59.7271
4,1024,312,44,57.0503
4,1024,312,48,58.4035
4,1024,312,52,57.9364
4,1024,312,56,57.3561
4,1024,312,60,44.3013
4,1024,312,64,56.3643
4,1024,312,68,53.7184
4,1024,312,72,53.3377
4,1024,312,76,53.4342
4,1024,312,80,54.1336
4,1024,312,84,52.2104
4,1024,312,88,49.5354
4,1024,312,92,51.2249
4,1024,312,96,50.1454
4,1024,312,100,49.7454
4,1024,312,104,49.242
4,1024,312,108,47.9931
4,1024,312,112,47.2008
4,1024,312,116,43.9742
4,1024,312,120,46.0544
4,1024,312,124,46.6351
4,1024,312,128,45.887
4,1024,312,132,44.0996
4,1024,312,136,44.2625
4,1024,312,140,43.3802
4,1024,312,144,42.5953
4,1024,312,148,41.0821
4,1024,312,152,40.5906
4,1024,312,156,39.4172
4,1024,316,8,42.4573
4,1024,316,12,48.7047
4,1024,316,16,53.3565
4,1024,316,20,54.8389
4,1024,316,24,49.6981
4,1024,316,28,57.3499
4,1024,316,32,58.4927
4,1024,316,36,58.1652
4,1024,316,40,57.9071
4,1024,316,44,57.3018
4,1024,316,48,57.628
4,1024,316,52,55.2756
4,1024,316,56,56.8251
4,1024,316,60,54.7613
4,1024,316,64,53.4902
4,1024,316,68,54.0747
4,1024,316,72,52.0008
4,1024,316,76,51.8798
4,1024,316,80,29.5532
4,1024,316,84,51.5714
4,1024,316,88,50.4374
4,1024,316,92,50.1549
4,1024,316,96,49.6628
4,1024,316,100,48.2082
4,1024,316,104,42.4391
4,1024,316,108,46.9721
4,1024,316,112,46.6257
4,1024,316,116,46.4161
4,1024,316,120,45.0562
4,1024,316,124,45.1804
4,1024,316,128,44.4191
4,1024,316,132,43.4853
4,1024,316,136,43.3895
4,1024,316,140,42.6232
4,1024,316,144,41.7363
4,1024,316,148,41.0954
4,1024,316,152,39.7523
4,1024,316,156,39.1315
4,1024,320,8,40.4546
4,1024,320,12,46.4681
4,1024,320,16,51.7646
4,1024,320,20,52.9014
4,1024,320,24,55.14
4,1024,320,28,54.7483
4,1024,320,32,56.7257
4,1024,320,36,55.5479
4,1024,320,40,56.9872
4,1024,320,44,55.0492
4,1024,320,48,51.0224
4,1024,320,52,54.2243
4,1024,320,56,54.6666
4,1024,320,60,53.6828
4,1024,320,64,52.5573
4,1024,320,68,51.877
4,1024,320,72,52.4691
4,1024,320,76,49.1272
4,1024,320,80,50.7505
4,1024,320,84,50.1349
4,1024,320,88,49.8105
4,1024,320,92,48.0244
4,1024,320,96,47.8988
4,1024,320,100,47.0071
4,1024,320,104,45.9936
4,1024,320,108,45.8334
4,1024,320,112,45.7034
4,1024,320,116,40.3494
4,1024,320,120,44.1524
4,1024,320,124,43.8805
4,1024,320,128,43.9108
4,1024,320,132,41.561
4,1024,320,136,40.5277
4,1024,320,140,41.7108
4,1024,320,144,40.9651
4,1024,320,148,39.7299
4,1024,320,152,39.2872
4,1024,320,156,38.4945
4,1024,320,160,38.3256
4,1024,324,8,40.6022
4,1024,324,12,46.9352
4,1024,324,16,52.1893
4,1024,324,20,52.8807
4,1024,324,24,55.3821
4,1024,324,28,55.4621
4,1024,324,32,55.89
4,1024,324,36,56.1941
4,1024,324,40,55.992
4,1024,324,44,54.505
4,1024,324,48,54.9291
4,1024,324,52,54.0896
4,1024,324,56,52.5401
4,1024,324,60,52.5947
4,1024,324,64,50.0817
4,1024,324,68,52.3311
4,1024,324,72,50.3963
4,1024,324,76,50.6253
4,1024,324,80,50.3222
4,1024,324,84,49.839
4,1024,324,88,49.2775
4,1024,324,92,48.3297
4,1024,324,96,48.1422
4,1024,324,100,46.7382
4,1024,324,104,45.6818
4,1024,324,108,44.7948
4,1024,324,112,45.3279
4,1024,324,116,44.4068
4,1024,324,120,44.6387
4,1024,324,124,43.2686
4,1024,324,128,43.4262
4,1024,324,132,42.8862
4,1024,324,136,42.1786
4,1024,324,140,40.5263
4,1024,324,144,40.7674
4,1024,324,148,39.8218
4,1024,324,152,38.3757
4,1024,324,156,38.4168
4,1024,324,160,37.4581
4,1024,328,8,38.001
4,1024,328,12,45.8208
4,1024,328,16,50.9497
4,1024,328,20,51.679
4,1024,328,24,54.3195
4,1024,328,28,53.2872
4,1024,328,32,55.7737
4,1024,328,36,54.4374
4,1024,328,40,54.9743
4,1024,328,44,53.6116
4,1024,328,48,55.1701
4,1024,328,52,53.2311
4,1024,328,56,53.6487
4,1024,328,60,52.2612
4,1024,328,64,52.7155
4,1024,328,68,51.6149
4,1024,328,72,50.2255
4,1024,328,76,40.5799
4,1024,328,80,50.0095
4,1024,328,84,48.9397
4,1024,328,88,48.4757
4,1024,328,92,47.8337
4,1024,328,96,48.0156
4,1024,328,100,46.8233
4,1024,328,104,45.6974
4,1024,328,108,44.1923
4,1024,328,112,43.9778
4,1024,328,116,43.3648
4,1024,328,120,44.1062
4,1024,328,124,42.8856
4,1024,328,128,42.5463
4,1024,328,132,42.2419
4,1024,328,136,41.5008
4,1024,328,140,38.5805
4,1024,328,144,39.8044
4,1024,328,148,39.2284
4,1024,328,152,38.5663
4,1024,328,156,37.8884
4,1024,328,160,36.8534
4,1024,328,164,36.38
4,1024,332,8,38.8771
4,1024,332,12,44.8461
4,1024,332,16,49.3148
4,1024,332,20,50.8564
4,1024,332,24,53.4674
4,1024,332,28,52.4561
4,1024,332,32,54.1344
4,1024,332,36,53.913
4,1024,332,40,53.8978
4,1024,332,44,52.3766
4,1024,332,48,52.9679
4,1024,332,52,52.6197
4,1024,332,56,51.9785
4,1024,332,60,51.7293
4,1024,332,64,50.7419
4,1024,332,68,50.4921
4,1024,332,72,49.6863
4,1024,332,76,46.1324
4,1024,332,80,48.4466
4,1024,332,84,46.9684
4,1024,332,88,47.644
4,1024,332,92,46.5682
4,1024,332,96,44.9913
4,1024,332,100,45.1935
4,1024,332,104,44.2969
4,1024,332,108,43.0991
4,1024,332,112,43.493
4,1024,332,116,42.7707
4,1024,332,120,42.4235
4,1024,332,124,40.3476
4,1024,332,128,42.0032
4,1024,332,132,41.3022
4,1024,332,136,40.1831
4,1024,332,140,40.0036
4,1024,332,144,39.4337
4,1024,332,148,38.5107
4,1024,332,152,37.2066
4,1024,332,156,36.8392
4,1024,332,160,36.1902
4,1024,332,164,35.6364
4,1024,336,8,37.3743
4,1024,336,12,42.1285
4,1024,336,16,48.6941
4,1024,336,20,49.394
4,1024,336,24,51.198
4,1024,336,28,51.3406
4,1024,336,32,53.0767
4,1024,336,36,52.3466
4,1024,336,40,51.4878
4,1024,336,44,51.2276
4,1024,336,48,52.3531
4,1024,336,52,51.3012
4,1024,336,56,51.4155
4,1024,336,60,50.1415
4,1024,336,64,40.556
4,1024,336,68,48.4947
4,1024,336,72,49.4817
4,1024,336,76,37.3182
4,1024,336,80,47.5843
4,1024,336,84,46.5441
4,1024,336,88,46.6312
4,1024,336,92,45.7224
4,1024,336,96,45.5217
4,1024,336,100,44.6738
4,1024,336,104,44.095
4,1024,336,108,42.5294
4,1024,336,112,42.6619
4,1024,336,116,42.2457
4,1024,336,120,42.2176
4,1024,336,124,41.5352
4,1024,336,128,41.3693
4,1024,336,132,40.4283
4,1024,336,136,40.5577
4,1024,336,140,39.4508
4,1024,336,144,39.2621
4,1024,336,148,38.2362
4,1024,336,152,37.2107
4,1024,336,156,36.5312
4,1024,336,160,35.7198
4,1024,336,164,31.3812
4,1024,336,168,34.3512
4,1024,340,8,36.7854
4,1024,340,12,42.4373
4,1024,340,16,47.2075
4,1024,340,20,48.9453
4,1024,340,24,49.4209
4,1024,340,28,50.1986
4,1024,340,32,52.0295
4,1024,340,36,51.3557
4,1024,340,40,51.8489
4,1024,340,44,49.5386
4,1024,340,48,51.0773
4,1024,340,52,50.8495
4,1024,340,56,49.9814
4,1024,340,60,49.5889
4,1024,340,64,49.2667
4,1024,340,68,48.3376
4,1024,340,72,48.3191
4,1024,340,76,47.0903
4,1024,340,80,46.5414
4,1024,340,84,45.4885
4,1024,340,88,45.3382
4,1024,340,92,45.1668
4,1024,340,96,41.7553
4,1024,340,100,44.1307
4,1024,340,104,43.3948
4,1024,340,108,42.6456
4,1024,340,112,41.5356
4,1024,340,116,41.4563
4,1024,340,120,40.9721
4,1024,340,124,40.8202
4,1024,340,128,40.5725
4,1024,340,132,39.9148
4,1024,340,136,32.6763
4,1024,340,140,38.5287
4,1024,340,144,38.247
4,1024,340,148,37.8086
4,1024,340,152,36.5992
4,1024,340,156,36.1674
4,1024,340,160,35.579
4,1024,340,164,29.9626
4,1024,340,168,33.5231
4,1024,344,8,36.2056
4,1024,344,12,42.5068
4,1024,344,16,47.9952
4,1024,344,20,48.7869
4,1024,344,24,51.1609
4,1024,344,28,50.4856
4,1024,344,32,52.3344
4,1024,344,36,52.3479
4,1024,344,40,52.8157
4,1024,344,44,51.8308
4,1024,344,48,51.7663
4,1024,344,52,50.75
4,1024,344,56,50.8321
4,1024,344,60,50.3045
4,1024,344,64,50.3874
4,1024,344,68,48.7848
4,1024,344,72,49.312
4,1024,344,76,48.6072
4,1024,344,80,48.1273
4,1024,344,84,46.7862
4,1024,344,88,46.6678
4,1024,344,92,46.0102
4,1024,344,96,45.3166
4,1024,344,100,44.6727
4,1024,344,104,44.6958
4,1024,344,108,43.0899
4,1024,344,112,42.5557
4,1024,344,116,42.2049
4,1024,344,120,41.9178
4,1024,344,124,41.8382
4,1024,344,128,41.2032
4,1024,344,132,40.5311
4,1024,344,136,40.4765
4,1024,344,140,39.5913
4,1024,344,144,39.2358
4,1024,344,148,38.3474
4,1024,344,152,37.8093
4,1024,344,156,36.5585
4,1024,344,160,36.3483
4,1024,344,164,36.0184
4,1024,344,168,35.2808
4,1024,344,172,34.9438
4,1024,348,8,36.692
4,1024,348,12,42.8197
4,1024,348,16,47.5429
4,1024,348,20,49.0523
4,1024,348,24,51.2093
4,1024,348,28,51.3239
4,1024,348,32,52.6168
4,1024,348,36,51.7018
4,1024,348,40,46.654
4,1024,348,44,51.2483
4,1024,348,48,51.9874
4,1024,348,52,51.5653
4,1024,348,56,50.8932
4,1024,348,60,49.705
4,1024,348,64,49.0745
4,1024,348,68,48.9393
4,1024,348,72,48.4214
4,1024,348,76,48.138
4,1024,348,80,48.2103
4,1024,348,84,47.1303
4,1024,348,88,46.233
4,1024,348,92,42.7262
4,1024,348,96,45.8601
4,1024,348,100,44.8072
4,1024,348,104,44.2476
4,1024,348,108,43.2221
4,1024,348,112,41.9513
4,1024,348,116,41.9141
4,1024,348,120,41.7967
4,1024,348,124,41.3894
4,1024,348,128,34.6022
4,1024,348,132,40.6182
4,1024,348,136,40.1437
4,1024,348,140,39.7665
4,1024,348,144,38.2153
4,1024,348,148,38.6925
4,1024,348,152,37.6122
4,1024,348,156,36.9449
4,1024,348,160,36.303
4,1024,348,164,35.1181
4,1024,348,168,35.414
4,1024,348,172,34.1953
4,1024,352,8,34.8619
4,1024,352,12,40.8834
4,1024,352,16,46.909
4,1024,352,20,47.8822
4,1024,352,24,50.3079
4,1024,352,28,49.9395
4,1024,352,32,51.802
4,1024,352,36,51.2621
4,1024,352,40,51.9102
4,1024,352,44,45.5509
4,1024,352,48,50.9383
4,1024,352,52,50.6117
4,1024,352,56,49.5448
4,1024,352,60,49.1986
4,1024,352,64,49.1791
4,1024,352,68,48.1522
4,1024,352,72,48.2403
4,1024,352,76,47.6514
4,1024,352,80,47.2644
4,1024,352,84,45.9985
4,1024,352,88,45.9623
4,1024,352,92,45.1416
4,1024,352,96,44.7057
4,1024,352,100,44.2057
4,1024,352,104,43.0036
4,1024,352,108,42.9054
4,1024,352,112,41.1761
4,1024,352,116,41.3802
4,1024,352,120,41.351
4,1024,352,124,41.0666
4,1024,352,128,40.8403
4,1024,352,132,39.4766
4,1024,352,136,39.6254
4,1024,352,140,39.0928
4,1024,352,144,39.0851
4,1024,352,148,37.9363
4,1024,352,152,37.2909
4,1024,352,156,36.4308
4,1024,352,160,36.4018
4,1024,352,164,35.639
4,1024,352,168,35.3834
4,1024,352,172,34.2467
4,1024,352,176,33.9009
4,1024,356,8,36.5966
4,1024,356,12,41.9327
4,1024,356,16,47.187
4,1024,356,20,48.5293
4,1024,356,24,50.7302
4,1024,356,28,50.1807
4,1024,356,32,51.5116
4,1024,356,36,51.5798
4,1024,356,40,52.0793
4,1024,356,44,50.7218
4,1024,356,48,51.7064
4,1024,356,52,50.7732
4,1024,356,56,50.653
4,1024,356,60,49.4893
4,1024,356,64,49.8986
4,1024,356,68,48.7218
4,1024,356,72,48.2855
4,1024,356,76,46.4907
4,1024,356,80,38.3772
4,1024,356,84,46.738
4,1024,356,88,45.8148
4,1024,356,92,45.4442
4,1024,356,96,45.2618
4,1024,356,100,44.4908
4,1024,356,104,44.1746
4,1024,356,108,42.9204
4,1024,356,112,42.3748
4,1024,356,116,41.4159
4,1024,356,120,41.052
4,1024,356,124,41.3966
4,1024,356,128,40.7467
4,1024,356,132,40.0832
4,1024,356,136,39.7357
4,1024,356,140,38.6411
4,1024,356,144,38.198
4,1024,356,148,38.4184
4,1024,356,152,37.1571
4,1024,356,156,37.0593
4,1024,356,160,35.854
4,1024,356,164,36.0125
4,1024,356,168,35.3926
4,1024,356,172,34.6468
4,1024,356,176,27.5264
4,1024,360,8,35.7895
4,1024,360,12,41.5187
4,1024,360,16,46.3485
4,1024,360,20,48.0848
4,1024,360,24,49.9018
4,1024,360,28,50.2876
4,1024,360,32,51.7383
4,1024,360,36,51.1544
4,1024,360,40,51.7661
4,1024,360,44,50.57
4,1024,360,48,50.8845
4,1024,360,52,50.5526
4,1024,360,56,50.4308
4,1024,360,60,49.583
4,1024,360,64,49.5571
4,1024,360,68,48.5504
4,1024,360,72,48.6745
4,1024,360,76,47.8162
4,1024,360,80,47.7637
4,1024,360,84,46.2639
4,1024,360,88,45.9221
4,1024,360,92,44.7108
4,1024,360,96,44.5635
4,1024,360,100,43.6924
4,1024,360,104,43.0544
4,1024,360,108,42.76
4,1024,360,112,41.2973
4,1024,360,116,41.4956
4,1024,360,120,41.214
4,1024,360,124,40.3356
4,1024,360,128,40.3797
4,1024,360,132,40.0716
4,1024,360,136,39.2307
4,1024,360,140,39.462
4,1024,360,144,38.8664
4,1024,360,148,32.5989
4,1024,360,152,30.4569
4,1024,360,156,37.1265
4,1024,360,160,36.4687
4,1024,360,164,35.6702
4,1024,360,168,35.4048
4,1024,360,172,34.1649
4,1024,360,176,33.7196
4,1024,360,180,33.7093
4,1024,364,8,35.9303
4,1024,364,12,40.991
4,1024,364,16,46.0687
4,1024,364,20,47.1044
4,1024,364,24,48.9508
4,1024,364,28,50.1769
4,1024,364,32,50.7088
4,1024,364,36,50.4953
4,1024,364,40,51.2918
4,1024,364,44,50.3309
4,1024,364,48,50.6561
4,1024,364,52,50.5087
4,1024,364,56,49.3182
4,1024,364,60,48.5272
4,1024,364,64,48.2053
4,1024,364,68,48.2025
4,1024,364,72,46.9835
4,1024,364,76,47.1519
4,1024,364,80,47.2458
4,1024,364,84,45.9031
4,1024,364,88,45.182
4,1024,364,92,44.5371
4,1024,364,96,36.8391
4,1024,364,100,43.8801
4,1024,364,104,43.6195
4,1024,364,108,42.299
4,1024,364,112,41.9149
4,1024,364,116,41.3377
4,1024,364,120,40.3959
4,1024,364,124,40.043
4,1024,364,128,39.406
4,1024,364,132,38.9769
4,1024,364,136,39.091
4,1024,364,140,38.6416
4,1024,364,144,38.7018
4,1024,364,148,37.2453
4,1024,364,152,36.855
4,1024,364,156,36.7026
4,1024,364,160,36.1684
4,1024,364,164,35.8394
4,1024,364,168,33.5203
4,1024,364,172,33.2347
4,1024,364,176,33.8563
4,1024,364,180,33.1049
4,1024,368,8,35.1242
4,1024,368,12,40.4727
4,1024,368,16,45.9427
4,1024,368,20,46.8228
4,1024,368,24,49.1632
4,1024,368,28,48.1918
4,1024,368,32,50.4117
4,1024,368,36,50.1318
4,1024,368,40,50.6166
4,1024,368,44,49.1219
4,1024,368,48,50.1048
4,1024,368,52,49.1591
4,1024,368,56,48.5371
4,1024,368,60,47.4893
4,1024,368,64,48.0972
4,1024,368,68,47.2919
4,1024,368,72,46.8079
4,1024,368,76,46.6602
4,1024,368,80,45.9021
4,1024,368,84,45.843
4,1024,368,88,44.5711
4,1024,368,92,43.3793
4,1024,368,96,44.3879
4,1024,368,100,43.173
4,1024,368,104,43.3319
4,1024,368,108,41.3922
4,1024,368,112,41.2674
4,1024,368,116,40.5721
4,1024,368,120,40.2626
4,1024,368,124,39.6043
4,1024,368,128,39.0589
4,1024,368,132,38.6257
4,1024,368,136,33.4618
4,1024,368,140,38.4892
4,1024,368,144,38.1487
4,1024,368,148,37.4529
4,1024,368,152,37.2116
4,1024,368,156,36.5104
4,1024,368,160,36.0945
4,1024,368,164,35.5424
4,1024,368,168,34.6243
4,1024,368,172,30.3108
4,1024,368,176,30.4412
4,1024,368,180,32.7673
4,1024,368,184,32.7945
4,1024,372,8,35.4605
4,1024,372,12,38.8714
4,1024,372,16,45.3188
4,1024,372,20,47.243
4,1024,372,24,49.0537
4,1024,372,28,48.882
4,1024,372,32,50.5252
4,1024,372,36,50.1277
4,1024,372,40,50.6596
4,1024,372,44,49.8867
4,1024,372,48,50.0411
4,1024,372,52,49.8692
4,1024,372,56,49.9563
4,1024,372,60,48.0362
4,1024,372,64,48.5156
4,1024,372,68,47.3441
4,1024,372,72,47.3267
4,1024,372,76,45.9025
4,1024,372,80,46.3891
4,1024,372,84,45.8408
4,1024,372,88,45.1587
4,1024,372,92,36.8138
4,1024,372,96,22.0091
4,1024,372,100,36.2605
4,1024,372,104,43.3041
4,1024,372,108,42.2352
4,1024,372,112,41.4735
4,1024,372,116,40.6485
4,1024,372,120,39.5022
4,1024,372,124,39.6525
4,1024,372,128,38.3647
4,1024,372,132,38.9521
4,1024,372,136,38.5401
4,1024,372,140,38.1645
4,1024,372,144,37.9169
4,1024,372,148,37.2268
4,1024,372,152,37.0056
4,1024,372,156,36.2595
4,1024,372,160,36.418
4,1024,372,164,35.6725
4,1024,372,168,34.2374
4,1024,372,172,34.2907
4,1024,372,176,33.5931
4,1024,372,180,30.8407
4,1024,372,184,32.3471
4,1024,376,8,35.2119
4,1024,376,12,40.1832
4,1024,376,16,45.3308
4,1024,376,20,46.4365
4,1024,376,24,48.9694
4,1024,376,28,48.2206
4,1024,376,32,50.3129
4,1024,376,36,50.1531
4,1024,376,40,50.3125
4,1024,376,44,48.6392
4,1024,376,48,48.7304
4,1024,376,52,48.9732
4,1024,376,56,49.1531
4,1024,376,60,47.4557
4,1024,376,64,48.1536
4,1024,376,68,47.3054
4,1024,376,72,47.1305
4,1024,376,76,46.1053
4,1024,376,80,46.0586
4,1024,376,84,45.137
4,1024,376,88,44.3471
4,1024,376,92,43.0985
4,1024,376,96,44.0231
4,1024,376,100,36.1122
4,1024,376,104,42.2856
4,1024,376,108,41.974
4,1024,376,112,41.2147
4,1024,376,116,40.4806
4,1024,376,120,39.6937
4,1024,376,124,38.8243
4,1024,376,128,39.3346
4,1024,376,132,38.7421
4,1024,376,136,38.4341
4,1024,376,140,37.6116
4,1024,376,144,37.8855
4,1024,376,148,31.1811
4,1024,376,152,36.8359
4,1024,376,156,36.2839
4,1024,376,160,35.5495
4,1024,376,164,34.5974
4,1024,376,168,34.3964
4,1024,376,172,33.7922
4,1024,376,176,32.9812
4,1024,376,180,32.578
4,1024,376,184,31.9722
4,1024,376,188,31.504
4,1024,380,8,34.7476
4,1024,380,12,39.6144
4,1024,380,16,45.0157
4,1024,380,20,46.4139
4,1024,380,24,47.9415
4,1024,380,28,47.3311
4,1024,380,32,48.7864
4,1024,380,36,49.4659
4,1024,380,40,49.7965
4,1024,380,44,48.6328
4,1024,380,48,48.9455
4,1024,380,52,48.7015
4,1024,380,56,48.681
4,1024,380,60,47.6011
4,1024,380,64,47.3559
4,1024,380,68,45.9763
4,1024,380,72,46.3769
4,1024,380,76,44.8397
4,1024,380,80,45.3329
4,1024,380,84,44.8762
4,1024,380,88,44.1765
4,1024,380,92,43.1907
4,1024,380,96,43.1928
4,1024,380,100,42.7189
4,1024,380,104,38.9252
4,1024,380,108,41.5962
4,1024,380,112,41.159
4,1024,380,116,40.4176
4,1024,380,120,39.7027
4,1024,380,124,37.836
4,1024,380,128,37.6996
4,1024,380,132,37.6171
4,1024,380,136,38.15
4,1024,380,140,37.078
4,1024,380,144,36.7833
4,1024,380,148,36.8744
4,1024,380,152,36.3508
4,1024,380,156,36.2088
4,1024,380,160,35.5777
4,1024,380,164,34.7689
4,1024,380,168,33.6394
4,1024,380,172,33.2452
4,1024,380,176,33.0291
4,1024,380,180,32.2701
4,1024,380,184,31.2668
4,1024,380,188,30.6288
4,1024,384,8,32.3107
4,1024,384,12,37.3017
4,1024,384,16,39.6232
4,1024,384,20,43.3458
4,1024,384,24,45.7634
4,1024,384,28,45.6393
4,1024,384,32,47.3519
4,1024,384,36,46.688
4,1024,384,40,46.6804
4,1024,384,44,45.9998
4,1024,384,48,47.2404
4,1024,384,52,46.3489
4,1024,384,56,38.4667
4,1024,384,60,45.3529
4,1024,384,64,45.7118
4,1024,384,68,44.8465
4,1024,384,72,44.6836
4,1024,384,76,43.0754
4,1024,384,80,43.6218
4,1024,384,84,43.0628
4,1024,384,88,42.5825
4,1024,384,92,41.5595
4,1024,384,96,41.3425
4,1024,384,100,32.446
4,1024,384,104,40.7915
4,1024,384,108,39.7775
4,1024,384,112,39.8178
4,1024,384,116,38.8199
4,1024,384,120,38.379
4,1024,384,124,37.4784
4,1024,384,128,36.5515
4,1024,384,132,36.7404
4,1024,384,136,36.8785
4,1024,384,140,36.0455
4,1024,384,144,35.7474
4,1024,384,148,35.2316
4,1024,384,152,35.2794
4,1024,384,156,34.7438
4,1024,384,160,34.1075
4,1024,384,164,33.6224
4,1024,384,168,33.5292
4,1024,384,172,32.6033
4,1024,384,176,32.1453
4,1024,384,180,31.4011
4,1024,384,184,30.8607
4,1024,384,188,30.2732
4,1024,384,192,30.4708
4,1024,388,8,33.8998
4,1024,388,12,38.8947
4,1024,388,16,44.0463
4,1024,388,20,45.3889
4,1024,388,24,47.2885
4,1024,388,28,47.7371
4,1024,388,32,45.85
4,1024,388,36,48.5542
4,1024,388,40,48.5908
4,1024,388,44,44.492
4,1024,388,48,48.5737
4,1024,388,52,47.7709
4,1024,388,56,47.6821
4,1024,388,60,46.9661
4,1024,388,64,46.5787
4,1024,388,68,38.2024
4,1024,388,72,45.1928
4,1024,388,76,44.5368
4,1024,388,80,44.5822
4,1024,388,84,43.9369
4,1024,388,88,43.4294
4,1024,388,92,42.4541
4,1024,388,96,42.3049
4,1024,388,100,42.1075
4,1024,388,104,41.1968
4,1024,388,108,27.5771
4,1024,388,112,40.6987
4,1024,388,116,39.9319
4,1024,388,120,39.3974
4,1024,388,124,38.5448
4,1024,388,128,37.1521
4,1024,388,132,37.4281
4,1024,388,136,37.1487
4,1024,388,140,37.1363
4,1024,388,144,36.9337
4,1024,388,148,36.1269
4,1024,388,152,35.3912
4,1024,388,156,35.3564
4,1024,388,160,34.5574
4,1024,388,164,33.7426
4,1024,388,168,33.6556
4,1024,388,172,33.0019
4,1024,388,176,32.5989
4,1024,388,180,32.4171
4,1024,388,184,30.9986
4,1024,388,188,30.793
4,1024,388,192,26.6325
4,1024,392,8,33.7694
4,1024,392,12,38.3005
4,1024,392,16,37.114
4,1024,392,20,44.3297
4,1024,392,24,46.7365
4,1024,392,28,45.8067
4,1024,392,32,38.9975
4,1024,392,36,47.9308
4,1024,392,40,48.8245
4,1024,392,44,47.509
4,1024,392,48,47.7329
4,1024,392,52,47.4597
4,1024,392,56,47.5192
4,1024,392,60,46.6451
4,1024,392,64,46.1323
4,1024,392,68,45.2785
4,1024,392,72,45.7449
4,1024,392,76,44.4836
4,1024,392,80,44.3615
4,1024,392,84,43.1835
4,1024,392,88,43.7722
4,1024,392,92,42.2536
4,1024,392,96,42.1983
4,1024,392,100,41.8045
4,1024,392,104,41.241
4,1024,392,108,40.4769
4,1024,392,112,40.5448
4,1024,392,116,39.5656
4,1024,392,120,39.0789
4,1024,392,124,38.2299
4,1024,392,128,37.5909
4,1024,392,132,36.6232
4,1024,392,136,31.5856
4,1024,392,140,36.6484
4,1024,392,144,36.8195
4,1024,392,148,36.0134
4,1024,392,152,36.006
4,1024,392,156,34.978
4,1024,392,160,34.4167
4,1024,392,164,34.3952
4,1024,392,168,33.7442
4,1024,392,172,33.0485
4,1024,392,176,32.5006
4,1024,392,180,31.7261
4,1024,392,184,31.5453
4,1024,392,188,30.6011
4,1024,392,192,30.1463
4,1024,392,196,29.85
4,1024,396,8,33.065
4,1024,396,12,32.2015
4,1024,396,16,34.5463
4,1024,396,20,44.3669
4,1024,396,24,46.7076
4,1024,396,28,38.2223
4,1024,396,32,48.0824
4,1024,396,36,46.8436
4,1024,396,40,48.0901
4,1024,396,44,47.1369
4,1024,396,48,47.6272
4,1024,396,52,46.9779
4,1024,396,56,46.5945
4,1024,396,60,46.0753
4,1024,396,64,45.4977
4,1024,396,68,45.1807
4,1024,396,72,44.3279
4,1024,396,76,43.909
4,1024,396,80,43.5126
4,1024,396,84,43.1011
4,1024,396,88,43.1597
4,1024,396,92,42.1257
4,1024,396,96,41.7223
4,1024,396,100,41.0806
4,1024,396,104,40.4316
4,1024,396,108,40.2435
4,1024,396,112,40.0513
4,1024,396,116,38.8336
4,1024,396,120,38.7623
4,1024,396,124,37.7983
4,1024,396,128,36.8211
4,1024,396,132,36.1689
4,1024,396,136,36.2069
4,1024,396,140,35.2927
4,1024,396,144,35.695
4,1024,396,148,35.0531
4,1024,396,152,34.651
4,1024,396,156,34.4809
4,1024,396,160,34.2089
4,1024,396,164,33.7325
4,1024,396,168,33.3707
4,1024,396,172,32.7851
4,1024,396,176,31.9888
4,1024,396,180,31.6962
4,1024,396,184,31.2627
4,1024,396,188,30.9465
4,1024,396,192,30.1713
4,1024,396,196,29.4586
4,1024,400,8,32.3833
4,1024,400,12,37.0667
4,1024,400,16,42.3237
4,1024,400,20,43.765
4,1024,400,24,43.5351
4,1024,400,28,45.0243
4,1024,400,32,46.7172
4,1024,400,36,45.7729
4,1024,400,40,47.424
4,1024,400,44,46.1376
4,1024,400,48,47.0341
4,1024,400,52,46.6095
4,1024,400,56,45.868
4,1024,400,60,45.4873
4,1024,400,64,45.4199
4,1024,400,68,43.3639
4,1024,400,72,44.49
4,1024,400,76,42.9631
4,1024,400,80,42.9266
4,1024,400,84,42.96
4,1024,400,88,42.7908
4,1024,400,92,35.3804
4,1024,400,96,41.1706
4,1024,400,100,40.0834
4,1024,400,104,40.0763
4,1024,400,108,39.6571
4,1024,400,112,39.5685
4,1024,400,116,38.5229
4,1024,400,120,37.9141
4,1024,400,124,36.6651
4,1024,400,128,36.6906
4,1024,400,132,36.1763
4,1024,400,136,35.7828
4,1024,400,140,35.6691
4,1024,400,144,35.5767
4,1024,400,148,34.8381
4,1024,400,152,34.7595
4,1024,400,156,34.2695
4,1024,400,160,34.0447
4,1024,400,164,33.5207
4,1024,400,168,32.9998
4,1024,400,172,32.4054
4,1024,400,176,31.9183
4,1024,400,180,31.4296
4,1024,400,184,26.9614
4,1024,400,188,30.2253
4,1024,400,192,29.656
4,1024,400,196,28.7172
4,1024,400,200,28.869
4,1024,404,8,32.7139
4,1024,404,12,37.9132
4,1024,404,16,42.3181
4,1024,404,20,43.6078
4,1024,404,24,45.448
4,1024,404,28,38.4073
4,1024,404,32,38.1904
4,1024,404,36,46.8855
4,1024,404,40,46.1581
4,1024,404,44,46.2089
4,1024,404,48,47.0358
4,1024,404,52,38.0587
4,1024,404,56,45.3396
4,1024,404,60,45.2875
4,1024,404,64,45.3872
4,1024,404,68,44.2757
4,1024,404,72,44.4812
4,1024,404,76,43.3705
4,1024,404,80,38.911
4,1024,404,84,38.419
4,1024,404,88,42.7795
4,1024,404,92,40.8714
4,1024,404,96,41.2868
4,1024,404,100,40.0684
4,1024,404,104,40.1358
4,1024,404,108,39.6523
4,1024,404,112,39.5944
4,1024,404,116,30.9895
4,1024,404,120,38.3922
4,1024,404,124,36.561
4,1024,404,128,36.5809
4,1024,404,132,35.7236
4,1024,404,136,36.0533
4,1024,404,140,35.3352
4,1024,404,144,35.5092
4,1024,404,148,34.7698
4,1024,404,152,34.6396
4,1024,404,156,33.6361
4,1024,404,160,33.8051
4,1024,404,164,32.6815
4,1024,404,168,32.8598
4,1024,404,172,32.2244
4,1024,404,176,31.807
4,1024,404,180,31.2548
4,1024,404,184,31.0095
4,1024,404,188,30.3194
4,1024,404,192,29.5654
4,1024,404,196,29.0784
4,1024,404,200,28.5895
4,1024,408,8,32.0747
4,1024,408,12,36.6372
4,1024,408,16,42.0157
4,1024,408,20,40.1243
4,1024,408,24,45.1088
4,1024,408,28,44.9127
4,1024,408,32,45.7899
4,1024,408,36,45.7383
4,1024,408,40,46.4965
4,1024,408,44,45.722
4,1024,408,48,46.5062
4,1024,408,52,45.6838
4,1024,408,56,44.8953
4,1024,408,60,44.367
4,1024,408,64,44.8153
4,1024,408,68,43.5108
4,1024,408,72,44.2646
4,1024,408,76,34.5669
4,1024,408,80,42.1009
4,1024,408,84,42.5022
4,1024,408,88,41.9274
4,1024,408,92,41.3981
4,1024,408,96,41.0571
4,1024,408,100,39.9737
4,1024,408,104,39.69
4,1024,408,108,39.1406
4,1024,408,112,39.0432
4,1024,408,116,38.3948
4,1024,408,120,37.9808
4,1024,408,124,36.9579
4,1024,408,128,36.5652
4,1024,408,132,35.5742
4,1024,408,136,35.6494
4,1024,408,140,32.4655
4,1024,408,144,34.9662
4,1024,408,148,34.6766
4,1024,408,152,34.341
4,1024,408,156,34.0408
4,1024,408,160,32.9668
4,1024,408,164,33.1575
4,1024,408,168,32.7094
4,1024,408,172,28.0507
4,1024,408,176,31.1269
4,1024,408,180,31.0598
4,1024,408,184,30.2121
4,1024,408,188,30.1874
4,1024,408,192,29.7755
4,1024,408,196,28.8606
4,1024,408,200,28.4347
4,1024,408,204,28.6446
4,1024,412,8,31.9174
4,1024,412,12,36.6096
4,1024,412,16,41.0576
4,1024,412,20,42.8294
4,1024,412,24,44.7982
4,1024,412,28,44.6237
4,1024,412,32,46.2912
4,1024,412,36,45.5372
4,1024,412,40,45.6716
4,1024,412,44,44.5772
4,1024,412,48,45.6493
4,1024,412,52,43.8426
4,1024,412,56,43.83
4,1024,412,60,43.9386
4,1024,412,64,37.6761
4,1024,412,68,43.1687
4,1024,412,72,43.4138
4,1024,412,76,42.4279
4,1024,412,80,41.7794
4,1024,412,84,41.252
4,1024,412,88,41.3067
4,1024,412,92,40.4186
4,1024,412,96,39.7919
4,1024,412,100,39.3524
4,1024,412,104,39.0549
4,1024,412,108,38.2552
4,1024,412,112,37.6287
4,1024,412,116,37.4813
4,1024,412,120,37.4981
4,1024,412,124,36.7172
4,1024,412,128,36.0093
4,1024,412,132,35.4129
4,1024,412,136,34.6312
4,1024,412,140,34.6355
4,1024,412,144,34.2767
4,1024,412,148,34.1168
4,1024,412,152,33.7732
4,1024,412,156,33.1716
4,1024,412,160,32.9544
4,1024,412,164,32.4929
4,1024,412,168,32.0113
4,1024,412,172,31.8345
4,1024,412,176,31.1502
4,1024,412,180,30.8607
4,1024,412,184,30.5217
4,1024,412,188,28.856
4,1024,412,192,29.4736
4,1024,412,196,28.7773
4,1024,412,200,27.8628
4,1024,412,204,27.9854
4,1024,416,8,30.7844
4,1024,416,12,35.3288
4,1024,416,16,40.6026
4,1024,416,20,41.5835
4,1024,416,24,43.4982
4,1024,416,28,43.4746
4,1024,416,32,45.0946
4,1024,416,36,44.4666
4,1024,416,40,45.0164
4,1024,416,44,44.178
4,1024,416,48,45.1146
4,1024,416,52,44.0702
4,1024,416,56,43.7534
4,1024,416,60,43.1387
4,1024,416,64,43.171
4,1024,416,68,41.6981
4,1024,416,72,42.553
4,1024,416,76,41.7409
4,1024,416,80,41.3869
4,1024,416,84,40.5538
4,1024,416,88,40.5454
4,1024,416,92,39.9152
4,1024,416,96,39.7751
4,1024,416,100,38.8371
4,1024,416,104,38.4901
4,1024,416,108,37.8135
4,1024,416,112,37.9908
4,1024,416,116,37.0525
4,1024,416,120,36.8828
4,1024,416,124,36.4005
4,1024,416,128,35.3581
4,1024,416,132,34.8985
4,1024,416,136,34.0537
4,1024,416,140,34.2357
4,1024,416,144,33.4391
4,1024,416,148,33.3335
4,1024,416,152,33.217
4,1024,416,156,33.0645
4,1024,416,160,32.865
4,1024,416,164,32.1207
4,1024,416,168,31.8018
4,1024,416,172,31.4602
4,1024,416,176,30.0537
4,1024,416,180,30.6478
4,1024,416,184,26.3289
4,1024,416,188,29.2298
4,1024,416,192,29.0166
4,1024,416,196,28.4281
4,1024,416,200,28.1024
4,1024,416,204,27.5944
4,1024,416,208,27.1442
4,1024,420,8,31.1869
4,1024,420,12,35.9517
4,1024,420,16,40.5255
4,1024,420,20,41.6902
4,1024,420,24,37.0038
4,1024,420,28,36.5168
4,1024,420,32,45.0487
4,1024,420,36,44.4172
4,1024,420,40,45.0306
4,1024,420,44,44.062
4,1024,420,48,44.7529
4,1024,420,52,43.8095
4,1024,420,56,43.8542
4,1024,420,60,42.8084
4,1024,420,64,43.3707
4,1024,420,68,42.674
4,1024,420,72,42.6004
4,1024,420,76,34.5266
4,1024,420,80,41.6684
4,1024,420,84,40.6561
4,1024,420,88,39.8811
4,1024,420,92,39.6469
4,1024,420,96,39.7659
4,1024,420,100,38.6738
4,1024,420,104,37.3674
4,1024,420,108,37.6162
4,1024,420,112,37.8222
4,1024,420,116,36.9404
4,1024,420,120,36.4474
4,1024,420,124,36.1896
4,1024,420,128,35.5963
4,1024,420,132,34.894
4,1024,420,136,34.4805
4,1024,420,140,33.9352
4,1024,420,144,33.5353
4,1024,420,148,33.4712
4,1024,420,152,33.1561
4,1024,420,156,32.5421
4,1024,420,160,32.5834
4,1024,420,164,31.7036
4,1024,420,168,31.8179
4,1024,420,172,31.5112
4,1024,420,176,30.9439
4,1024,420,180,30.1953
4,1024,420,184,30.0027
4,1024,420,188,29.4893
4,1024,420,192,29.1264
4,1024,420,196,28.657
4,1024,420,200,28.1377
4,1024,420,204,27.724
4,1024,420,208,26.9975
4,1024,424,8,30.5451
4,1024,424,12,34.5937
4,1024,424,16,39.4436
4,1024,424,20,40.8382
4,1024,424,24,42.4948
4,1024,424,28,34.0863
4,1024,424,32,44.6783
4,1024,424,36,44.2444
4,1024,424,40,44.1927
4,1024,424,44,43.8626
4,1024,424,48,44.2941
4,1024,424,52,42.8263
4,1024,424,56,43.6904
4,1024,424,60,42.0094
4,1024,424,64,42.4864
4,1024,424,68,42.0798
4,1024,424,72,41.9132
4,1024,424,76,41.4782
4,1024,424,80,41.5012
4,1024,424,84,39.6058
4,1024,424,88,31.3266
4,1024,424,92,39.3726
4,1024,424,96,39.2908
4,1024,424,100,38.3928
4,1024,424,104,37.5101
4,1024,424,108,37.4564
4,1024,424,112,37.4549
4,1024,424,116,36.677
4,1024,424,120,36.5199
4,1024,424,124,35.4151
4,1024,424,128,35.1783
4,1024,424,132,34.5657
4,1024,424,136,34.1601
4,1024,424,140,33.1821
4,1024,424,144,33.4831
4,1024,424,148,33.1617
4,1024,424,152,32.9095
4,1024,424,156,32.7248
4,1024,424,160,32.1689
4,1024,424,164,31.8023
4,1024,424,168,31.9311
4,1024,424,172,27.7509
4,1024,424,176,31.2727
4,1024,424,180,30.4646
4,1024,424,184,29.8672
4,1024,424,188,29.5914
4,1024,424,192,29.2099
4,1024,424,196,23.657
4,1024,424,200,24.6174
4,1024,424,204,27.5156
4,1024,424,208,27.1899
4,1024,424,212,27.06
4,1024,428,8,30.6174
4,1024,428,12,35.2088
4,1024,428,16,39.4255
4,1024,428,20,40.769
4,1024,428,24,42.8707
4,1024,428,28,42.545
4,1024,428,32,42.9815
4,1024,428,36,43.3294
4,1024,428,40,36.2614
4,1024,428,44,43.4259
4,1024,428,48,43.6774
4,1024,428,52,43.2884
4,1024,428,56,42.611
4,1024,428,60,42.3051
4,1024,428,64,42.3551
4,1024,428,68,41.7327
4,1024,428,72,41.3601
4,1024,428,76,40.071
4,1024,428,80,40.9574
4,1024,428,84,39.0745
4,1024,428,88,39.6014
4,1024,428,92,38.9102
4,1024,428,96,38.3178
4,1024,428,100,38.1441
4,1024,428,104,37.3861
4,1024,428,108,36.807
4,1024,428,112,36.8579
4,1024,428,116,36.273
4,1024,428,120,36.1861
4,1024,428,124,33.4574
4,1024,428,128,33.9377
4,1024,428,132,34.0701
4,1024,428,136,33.6223
4,1024,428,140,32.9362
4,1024,428,144,32.3827
4,1024,428,148,28.3585
4,1024,428,152,32.5584
4,1024,428,156,32.304
4,1024,428,160,31.8254
4,1024,428,164,31.5006
4,1024,428,168,31.0905
4,1024,428,172,29.8729
4,1024,428,176,30.5358
4,1024,428,180,29.8217
4,1024,428,184,29.5228
4,1024,428,188,28.0079
4,1024,428,192,28.614
4,1024,428,196,28.1187
4,1024,428,200,27.6017
4,1024,428,204,27.3013
4,1024,428,208,26.9328
4,1024,428,212,26.7618
4,1024,432,8,29.4238
4,1024,432,12,33.8409
4,1024,432,16,38.9787
4,1024,432,20,39.959
4,1024,432,24,41.4228
4,1024,432,28,41.3396
4,1024,432,32,43.1548
4,1024,432,36,42.8502
4,1024,432,40,42.9668
4,1024,432,44,42.485
4,1024,432,48,43.4131
4,1024,432,52,42.2179
4,1024,432,56,42.4778
4,1024,432,60,41.3413
4,1024,432,64,41.7609
4,1024,432,68,40.6522
4,1024,432,72,39.9945
4,1024,432,76,40.2443
4,1024,432,80,39.9606
4,1024,432,84,38.6924
4,1024,432,88,38.8141
4,1024,432,92,37.895
4,1024,432,96,38.4412
4,1024,432,100,37.5131
4,1024,432,104,36.9173
4,1024,432,108,36.401
4,1024,432,112,36.1829
4,1024,432,116,35.6992
4,1024,432,120,35.673
4,1024,432,124,35.2246
4,1024,432,128,34.5055
4,1024,432,132,33.5095
4,1024,432,136,28.4286
4,1024,432,140,32.8821
4,1024,432,144,32.7036
4,1024,432,148,32.3107
4,1024,432,152,31.8722
4,1024,432,156,31.9419
4,1024,432,160,31.5313
4,1024,432,164,31.502
4,1024,432,168,30.8741
4,1024,432,172,30.4314
4,1024,432,176,29.7862
4,1024,432,180,29.6413
4,1024,432,184,29.4126
4,1024,432,188,28.7792
4,1024,432,192,28.239
4,1024,432,196,24.2911
4,1024,432,200,27.7345
4,1024,432,204,27.29
4,1024,432,208,26.62
4,1024,432,212,26.1169
4,1024,432,216,26.1534
4,1024,436,8,29.3359
4,1024,436,12,34.1314
4,1024,436,16,38.7804
4,1024,436,20,39.4728
4,1024,436,24,41.3258
4,1024,436,28,40.806
4,1024,436,32,42.8765
4,1024,436,36,41.9613
4,1024,436,40,42.1333
4,1024,436,44,42.4582
4,1024,436,48,42.9253
4,1024,436,52,41.6089
4,1024,436,56,42.5684
4,1024,436,60,40.7258
4,1024,436,64,41.0713
4,1024,436,68,40.5565
4,1024,436,72,40.299
4,1024,436,76,40.0587
4,1024,436,80,39.7561
4,1024,436,84,38.9477
4,1024,436,88,39.1438
4,1024,436,92,38.1011
4,1024,436,96,37.9507
4,1024,436,100,37.1855
4,1024,436,104,36.7338
4,1024,436,108,35.886
4,1024,436,112,35.8395
4,1024,436,116,35.9588
4,1024,436,120,35.4263
4,1024,436,124,30.3877
4,1024,436,128,34.2624
4,1024,436,132,33.4941
4,1024,436,136,33.7458
4,1024,436,140,32.5786
4,1024,436,144,32.3137
4,1024,436,148,31.8675
4,1024,436,152,29.7621
4,1024,436,156,31.301
4,1024,436,160,31.1463
4,1024,436,164,30.8295
4,1024,436,168,30.663
4,1024,436,172,29.8093
4,1024,436,176,30.4324
4,1024,436,180,29.7106
4,1024,436,184,29.4575
4,1024,436,188,28.7427
4,1024,436,192,28.5032
4,1024,436,196,27.9016
4,1024,436,200,27.4946
4,1024,436,204,27.234
4,1024,436,208,26.8068
4,1024,436,212,26.182
4,1024,436,216,25.5405
4,1024,440,8,29.1824
4,1024,440,12,33.605
4,1024,440,16,38.1368
4,1024,440,20,37.4139
4,1024,440,24,40.0008
4,1024,440,28,40.8993
4,1024,440,32,42.6766
4,1024,440,36,41.5002
4,1024,440,40,42.578
4,1024,440,44,41.4774
4,1024,440,48,42.545
4,1024,440,52,41.3046
4,1024,440,56,41.9463
4,1024,440,60,40.7274
4,1024,440,64,40.0196
4,1024,440,68,40.3874
4,1024,440,72,40.1157
4,1024,440,76,39.1431
4,1024,440,80,39.0466
4,1024,440,84,38.4783
4,1024,440,88,37.9549
4,1024,440,92,37.8446
4,1024,440,96,37.1016
4,1024,440,100,37.3154
4,1024,440,104,36.7292
4,1024,440,108,35.4015
4,1024,440,112,35.7843
4,1024,440,116,35.3728
4,1024,440,120,35.2463
4,1024,440,124,34.4806
4,1024,440,128,33.6552
4,1024,440,132,33.4295
4,1024,440,136,32.8832
4,1024,440,140,32.2964
4,1024,440,144,32.0734
4,1024,440,148,31.7108
4,1024,440,152,31.4307
4,1024,440,156,30.6721
4,1024,440,160,31.1206
4,1024,440,164,30.7376
4,1024,440,168,30.1649
4,1024,440,172,29.8856
4,1024,440,176,29.489
4,1024,440,180,29.3256
4,1024,440,184,29.0711
4,1024,440,188,28.2979
4,1024,440,192,28.4059
4,1024,440,196,27.7221
4,1024,440,200,27.2808
4,1024,440,204,26.9705
4,1024,440,208,26.3977
4,1024,440,212,26.0694
4,1024,440,216,25.4745
4,1024,440,220,25.3177
4,1024,444,8,29.091
4,1024,444,12,33.4865
4,1024,444,16,37.7818
4,1024,444,20,38.8122
4,1024,444,24,40.8382
4,1024,444,28,40.4363
4,1024,444,32,41.9354
4,1024,444,36,41.5566
4,1024,444,40,41.4035
4,1024,444,44,41.1125
4,1024,444,48,41.3986
4,1024,444,52,41.327
4,1024,444,56,41.3284
4,1024,444,60,39.932
4,1024,444,64,40.3467
4,1024,444,68,39.7574
4,1024,444,72,36.1559
4,1024,444,76,39.0866
4,1024,444,80,38.7599
4,1024,444,84,37.7887
4,1024,444,88,37.6878
4,1024,444,92,37.5341
4,1024,444,96,36.6804
4,1024,444,100,36.3818
4,1024,444,104,36.3838
4,1024,444,108,30.5921
4,1024,444,112,29.7771
4,1024,444,116,34.911
4,1024,444,120,25.637
4,1024,444,124,33.9812
4,1024,444,128,33.5563
4,1024,444,132,29.1595
4,1024,444,136,32.5665
4,1024,444,140,31.9706
4,1024,444,144,31.5929
4,1024,444,148,30.7133
4,1024,444,152,30.5379
4,1024,444,156,30.7435
4,1024,444,160,30.5019
4,1024,444,164,30.3231
4,1024,444,168,29.8217
4,1024,444,172,29.4013
4,1024,444,176,29.4902
4,1024,444,180,28.2611
4,1024,444,184,28.4306
4,1024,444,188,28.1219
4,1024,444,192,27.9225
4,1024,444,196,27.1944
4,1024,444,200,27.1809
4,1024,444,204,26.7299
4,1024,444,208,26.334
4,1024,444,212,26.118
4,1024,444,216,25.4963
4,1024,444,220,25.0163
4,1024,448,8,24.4549
4,1024,448,12,31.8744
4,1024,448,16,36.35
4,1024,448,20,37.362
4,1024,448,24,39.3911
4,1024,448,28,38.3246
4,1024,448,32,40.4459
4,1024,448,36,40.0612
4,1024,448,40,40.833
4,1024,448,44,39.3671
4,1024,448,48,40.4499
4,1024,448,52,39.9852
4,1024,448,56,39.9154
4,1024,448,60,39.416
4,1024,448,64,39.1767
4,1024,448,68,38.7225
4,1024,448,72,38.1672
4,1024,448,76,37.8183
4,1024,448,80,38.1986
4,1024,448,84,37.2685
4,1024,448,88,36.7835
4,1024,448,92,36.3394
4,1024,448,96,36.5143
4,1024,448,100,35.5278
4,1024,448,104,35.5651
4,1024,448,108,34.505
4,1024,448,112,33.9305
4,1024,448,116,33.7425
4,1024,448,120,27.6654
4,1024,448,124,33.0774
4,1024,448,128,32.8247
4,1024,448,132,32.1438
4,1024,448,136,32.2138
4,1024,448,140,30.892
4,1024,448,144,31.3634
4,1024,448,148,30.0907
4,1024,448,152,30.4198
4,1024,448,156,29.8961
4,1024,448,160,29.0262
4,1024,448,164,29.5445
4,1024,448,168,29.5422
4,1024,448,172,28.88
4,1024,448,176,29.1598
4,1024,448,180,28.5065
4,1024,448,184,27.9895
4,1024,448,188,24.7318
4,1024,448,192,27.4357
4,1024,448,196,26.7685
4,1024,448,200,26.8062
4,1024,448,204,26.0696
4,1024,448,208,25.8831
4,1024,448,212,25.5808
4,1024,448,216,25.2288
4,1024,448,220,24.5759
4,1024,448,224,24.534
4,1024,452,8,28.1236
4,1024,452,12,31.7445
4,1024,452,16,36.3995
4,1024,452,20,37.5721
4,1024,452,24,39.3512
4,1024,452,28,39.2097
4,1024,452,32,39.4875
4,1024,452,36,39.8575
4,1024,452,40,40.8334
4,1024,452,44,40.18
4,1024,452,48,40.4035
4,1024,452,52,40.3484
4,1024,452,56,39.7763
4,1024,452,60,39.3641
4,1024,452,64,37.0186
4,1024,452,68,38.7
4,1024,452,72,38.875
4,1024,452,76,38.2727
4,1024,452,80,37.2989
4,1024,452,84,37.6054
4,1024,452,88,37.1364
4,1024,452,92,36.499
4,1024,452,96,36.5631
4,1024,452,100,35.4109
4,1024,452,104,35.5348
4,1024,452,108,34.8158
4,1024,452,112,34.1756
4,1024,452,116,33.8103
4,1024,452,120,33.1024
4,1024,452,124,33.2733
4,1024,452,128,32.7155
4,1024,452,132,32.1504
4,1024,452,136,31.656
4,1024,452,140,31.6623
4,1024,452,144,30.8949
4,1024,452,148,30.4956
4,1024,452,152,30.2672
4,1024,452,156,29.8609
4,1024,452,160,29.2674
4,1024,452,164,29.808
4,1024,452,168,29.4443
4,1024,452,172,29.0466
4,1024,452,176,28.7706
4,1024,452,180,27.1207
4,1024,452,184,28.0952
4,1024,452,188,26.9131
4,1024,452,192,27.3256
4,1024,452,196,26.4794
4,1024,452,200,26.9769
4,1024,452,204,26.2908
4,1024,452,208,25.9958
4,1024,452,212,25.1224
4,1024,452,216,25.1353
4,1024,452,220,24.7146
4,1024,452,224,24.3532
4,1024,456,8,27.3839
4,1024,456,12,31.7423
4,1024,456,16,36.2823
4,1024,456,20,36.9393
4,1024,456,24,39.2795
4,1024,456,28,38.6359
4,1024,456,32,40.1797
4,1024,456,36,39.9008
4,1024,456,40,40.63
4,1024,456,44,39.6989
4,1024,456,48,39.1774
4,1024,456,52,39.7571
4,1024,456,56,39.3566
4,1024,456,60,38.9802
4,1024,456,64,38.9535
4,1024,456,68,35.7459
4,1024,456,72,38.3823
4,1024,456,76,37.5052
4,1024,456,80,34.6102
4,1024,456,84,36.876
4,1024,456,88,36.8
4,1024,456,92,35.7702
4,1024,456,96,36.5345
4,1024,456,100,35.2955
4,1024,456,104,34.4006
4,1024,456,108,34.042
4,1024,456,112,29.1211
4,1024,456,116,33.475
4,1024,456,120,33.4054
4,1024,456,124,33.1678
4,1024,456,128,32.5708
4,1024,456,132,31.6716
4,1024,456,136,32.1326
4,1024,456,140,31.1533
4,1024,456,144,31.1381
4,1024,456,148,30.2458
4,1024,456,152,29.834
4,1024,456,156,29.7294
4,1024,456,160,29.7153
4,1024,456,164,29.2171
4,1024,456,168,29.6182
4,1024,456,172,28.616
4,1024,456,176,28.1989
4,1024,456,180,28.0333
4,1024,456,184,28.2386
4,1024,456,188,27.3168
4,1024,456,192,27.5322
4,1024,456,196,26.8432
4,1024,456,200,26.3871
4,1024,456,204,25.9556
4,1024,456,208,25.806
4,1024,456,212,25.3875
4,1024,456,216,24.879
4,1024,456,220,24.8016
4,1024,456,224,24.0098
4,1024,456,228,24.0055
4,1024,460,8,27.4866
4,1024,460,12,31.7365
4,1024,460,16,35.8281
4,1024,460,20,36.8453
4,1024,460,24,38.6235
4,1024,460,28,38.4276
4,1024,460,32,39.7924
4,1024,460,36,38.9821
4,1024,460,40,39.6865
4,1024,460,44,39.1948
4,1024,460,48,39.7842
4,1024,460,52,39.2687
4,1024,460,56,38.4759
4,1024,460,60,38.9136
4,1024,460,64,38.5704
4,1024,460,68,37.941
4,1024,460,72,37.7974
4,1024,460,76,37.2774
4,1024,460,80,37.4234
4,1024,460,84,36.6912
4,1024,460,88,36.2168
4,1024,460,92,34.9571
4,1024,460,96,35.7429
4,1024,460,100,34.994
4,1024,460,104,34.6756
4,1024,460,108,33.8555
4,1024,460,112,33.4611
4,1024,460,116,32.8991
4,1024,460,120,32.8915
4,1024,460,124,32.4622
4,1024,460,128,32.3568
4,1024,460,132,31.7313
4,1024,460,136,31.7226
4,1024,460,140,31.1709
4,1024,460,144,30.5767
4,1024,460,148,29.7448
4,1024,460,152,29.597
4,1024,460,156,29.2423
4,1024,460,160,29.2369
4,1024,460,164,28.9157
4,1024,460,168,28.8253
4,1024,460,172,28.0843
4,1024,460,176,28.1916
4,1024,460,180,28.1906
4,1024,460,184,27.8336
4,1024,460,188,24.3679
4,1024,460,192,26.968
4,1024,460,196,26.2292
4,1024,460,200,26.4862
4,1024,460,204,25.8019
4,1024,460,208,25.1667
4,1024,460,212,25.2769
4,1024,460,216,24.6246
4,1024,460,220,24.4122
4,1024,460,224,24.0365
4,1024,460,228,23.8203
4,1024,464,8,26.7001
4,1024,464,12,27.5052
4,1024,464,16,34.675
4,1024,464,20,35.7424
4,1024,464,24,37.6527
4,1024,464,28,37.8299
4,1024,464,32,38.7496
4,1024,464,36,38.8084
4,1024,464,40,39.4211
4,1024,464,44,38.4035
4,1024,464,48,39.1833
4,1024,464,52,38.7325
4,1024,464,56,38.4283
4,1024,464,60,37.8937
4,1024,464,64,37.6511
4,1024,464,68,37.243
4,1024,464,72,37.0888
4,1024,464,76,36.5838
4,1024,464,80,36.7745
4,1024,464,84,35.2496
4,1024,464,88,26.8015
4,1024,464,92,34.6521
4,1024,464,96,35.0225
4,1024,464,100,34.6506
4,1024,464,104,34.1649
4,1024,464,108,33.147
4,1024,464,112,33.1739
4,1024,464,116,32.5386
4,1024,464,120,32.6298
4,1024,464,124,32.0692
4,1024,464,128,32.2069
4,1024,464,132,31.0562
4,1024,464,136,27.0693
4,1024,464,140,30.5529
4,1024,464,144,30.2191
4,1024,464,148,29.6119
4,1024,464,152,28.7767
4,1024,464,156,28.9321
4,1024,464,160,28.4471
4,1024,464,164,28.7961
4,1024,464,168,28.05
4,1024,464,172,27.946
4,1024,464,176,27.724
4,1024,464,180,27.4612
4,1024,464,184,27.6368
4,1024,464,188,27.0018
4,1024,464,192,26.8717
4,1024,464,196,26.3497
4,1024,464,200,26.121
4,1024,464,204,25.4618
4,1024,464,208,25.2663
4,1024,464,212,24.9011
4,1024,464,216,23.9915
4,1024,464,220,24.1494
4,1024,464,224,23.7096
4,1024,464,228,21.7999
4,1024,464,232,23.1356
4,1024,468,8,26.8683
4,1024,468,12,30.3727
4,1024,468,16,34.8235
4,1024,468,20,35.4666
4,1024,468,24,37.4089
4,1024,468,28,37.638
4,1024,468,32,38.7563
4,1024,468,36,38.5317
4,1024,468,40,38.6313
4,1024,468,44,37.9754
4,1024,468,48,39.164
4,1024,468,52,38.576
4,1024,468,56,38.2363
4,1024,468,60,31.8901
4,1024,468,64,37.6599
4,1024,468,68,36.8584
4,1024,468,72,36.8019
4,1024,468,76,36.3882
4,1024,468,80,36.3477
4,1024,468,84,35.8082
4,1024,468,88,35.332
4,1024,468,92,34.5037
4,1024,468,96,34.7609
4,1024,468,100,29.911
4,1024,468,104,33.9272
4,1024,468,108,33.2776
4,1024,468,112,33.0144
4,1024,468,116,32.1429
4,1024,468,120,32.3773
4,1024,468,124,31.769
4,1024,468,128,30.7333
4,1024,468,132,31.2453
4,1024,468,136,30.6483
4,1024,468,140,30.2842
4,1024,468,144,29.8912
4,1024,468,148,29.5199
4,1024,468,152,28.9482
4,1024,468,156,28.7317
4,1024,468,160,28.0953
4,1024,468,164,28.3266
4,1024,468,168,28.1939
4,1024,468,172,27.2941
4,1024,468,176,27.7843
4,1024,468,180,27.2681
4,1024,468,184,26.7572
4,1024,468,188,26.7177
4,1024,468,192,26.6088
4,1024,468,196,26.3156
4,1024,468,200,26.0036
4,1024,468,204,25.4569
4,1024,468,208,25.3058
4,1024,468,212,24.653
4,1024,468,216,24.4218
4,1024,468,220,23.9512
4,1024,468,224,23.8302
4,1024,468,228,23.1613
4,1024,468,232,21.4153
4,1024,472,8,26.3218
4,1024,472,12,29.9278
4,1024,472,16,34.3875
4,1024,472,20,35.0754
4,1024,472,24,36.889
4,1024,472,28,36.6054
4,1024,472,32,38.0219
4,1024,472,36,37.42
4,1024,472,40,37.4532
4,1024,472,44,35.0019
4,1024,472,48,38.5002
4,1024,472,52,37.9797
4,1024,472,56,37.5948
4,1024,472,60,36.7955
4,1024,472,64,37.3077
4,1024,472,68,36.4058
4,1024,472,72,37.0354
4,1024,472,76,35.8794
4,1024,472,80,36.0974
4,1024,472,84,35.3357
4,1024,472,88,34.7698
4,1024,472,92,34.3075
4,1024,472,96,33.8706
4,1024,472,100,32.0855
4,1024,472,104,31.4479
4,1024,472,108,33.0438
4,1024,472,112,32.6557
4,1024,472,116,31.7571
4,1024,472,120,32.0264
4,1024,472,124,27.2421
4,1024,472,128,31.5509
4,1024,472,132,30.6372
4,1024,472,136,30.7181
4,1024,472,140,30.3316
4,1024,472,144,29.759
4,1024,472,148,28.9911
4,1024,472,152,28.8687
4,1024,472,156,28.1154
4,1024,472,160,28.0948
4,1024,472,164,28.0894
4,1024,472,168,28.1941
4,1024,472,172,27.4512
4,1024,472,176,27.2603
4,1024,472,180,27.0014
4,1024,472,184,26.8492
4,1024,472,188,26.2355
4,1024,472,192,26.0899
4,1024,472,196,26.1732
4,1024,472,200,23.041
4,1024,472,204,25.2588
4,1024,472,208,25.1947
4,1024,472,212,24.2622
4,1024,472,216,24.0607
4,1024,472,220,24.1342
4,1024,472,224,23.5777
4,1024,472,228,22.9361
4,1024,472,232,22.9102
4,1024,472,236,22.7544
4,1024,476,8,23.2876
4,1024,476,12,29.8135
4,1024,476,16,33.8027
4,1024,476,20,34.55
4,1024,476,24,36.7713
4,1024,476,28,36.5462
4,1024,476,32,37.0299
4,1024,476,36,37.6122
4,1024,476,40,37.7283
4,1024,476,44,37.3187
4,1024,476,48,38.1423
4,1024,476,52,37.2388
4,1024,476,56,37.1871
4,1024,476,60,36.1616
4,1024,476,64,36.8352
4,1024,476,68,36.0686
4,1024,476,72,35.9399
4,1024,476,76,35.3112
4,1024,476,80,35.3006
4,1024,476,84,34.8155
4,1024,476,88,34.2113
4,1024,476,92,33.6023
4,1024,476,96,33.6994
4,1024,476,100,33.1146
4,1024,476,104,33.3249
4,1024,476,108,32.6664
4,1024,476,112,32.2811
4,1024,476,116,31.3639
4,1024,476,120,31.0062
4,1024,476,124,31.1984
4,1024,476,128,30.8793
4,1024,476,132,30.5033
4,1024,476,136,30.173
4,1024,476,140,29.9024
4,1024,476,144,29.3101
4,1024,476,148,28.6735
4,1024,476,152,24.9444
4,1024,476,156,27.6303
4,1024,476,160,27.8139
4,1024,476,164,27.3584
4,1024,476,168,27.5597
4,1024,476,172,26.8976
4,1024,476,176,27.0217
4,1024,476,180,26.7906
4,1024,476,184,26.7478
4,1024,476,188,25.7377
4,1024,476,192,26.1212
4,1024,476,196,25.2462
4,1024,476,200,22.6547
4,1024,476,204,24.6306
4,1024,476,208,24.7254
4,1024,476,212,24.4287
4,1024,476,216,24.0059
4,1024,476,220,23.7694
4,1024,476,224,22.3809
4,1024,476,228,23.1539
4,1024,476,232,22.3824
4,1024,476,236,22.2128
4,1024,480,8,24.8844
4,1024,480,12,28.56
4,1024,480,16,32.7496
4,1024,480,20,33.844
4,1024,480,24,35.3181
4,1024,480,28,35.1454
4,1024,480,32,36.8551
4,1024,480,36,27.2852
4,1024,480,40,37.1809
4,1024,480,44,36.663
4,1024,480,48,37.4225
4,1024,480,52,36.6239
4,1024,480,56,36.4413
4,1024,480,60,35.5128
4,1024,480,64,36.0546
4,1024,480,68,35.0021
4,1024,480,72,35.658
4,1024,480,76,34.8148
4,1024,480,80,34.5829
4,1024,480,84,34.2887
4,1024,480,88,34.2155
4,1024,480,92,28.7325
4,1024,480,96,33.2997
4,1024,480,100,32.1494
4,1024,480,104,32.4337
4,1024,480,108,32.0714
4,1024,480,112,31.6944
4,1024,480,116,30.9783
4,1024,480,120,30.854
4,1024,480,124,30.5045
4,1024,480,128,30.4914
4,1024,480,132,29.7009
4,1024,480,136,30.0092
4,1024,480,140,28.9874
4,1024,480,144,28.7782
4,1024,480,148,28.0565
4,1024,480,152,28.2385
4,1024,480,156,27.7566
4,1024,480,160,27.3173
4,1024,480,164,26.898
4,1024,480,168,26.8544
4,1024,480,172,26.4979
4,1024,480,176,26.3472
4,1024,480,180,26.3681
4,1024,480,184,26.117
4,1024,480,188,26.0688
4,1024,480,192,25.759
4,1024,480,196,25.1149
4,1024,480,200,24.9584
4,1024,480,204,24.4151
4,1024,480,208,22.0412
4,1024,480,212,23.5569
4,1024,480,216,23.7276
4,1024,480,220,23.3689
4,1024,480,224,23.0934
4,1024,480,228,22.7865
4,1024,480,232,22.4434
4,1024,480,236,22.0186
4,1024,480,240,22.0166
4,1024,484,8,24.99
4,1024,484,12,29.0693
4,1024,484,16,32.4882
4,1024,484,20,32.6618
4,1024,484,24,35.6165
4,1024,484,28,35.3703
4,1024,484,32,36.6219
4,1024,484,36,36.7155
4,1024,484,40,36.9902
4,1024,484,44,36.1763
4,1024,484,48,37.1054
4,1024,484,52,35.9795
4,1024,484,56,30.7736
4,1024,484,60,35.5288
4,1024,484,64,35.5624
4,1024,484,68,35.0196
4,1024,484,72,35.5993
4,1024,484,76,34.4614
4,1024,484,80,34.3484
4,1024,484,84,34.1437
4,1024,484,88,33.5668
4,1024,484,92,33.1014
4,1024,484,96,32.7924
4,1024,484,100,32.3214
4,1024,484,104,32.2536
4,1024,484,108,31.9172
4,1024,484,112,31.8853
4,1024,484,116,30.3293
4,1024,484,120,30.3974
4,1024,484,124,30.335
4,1024,484,128,30.1691
4,1024,484,132,29.4558
4,1024,484,136,29.6146
4,1024,484,140,29.1773
4,1024,484,144,28.8761
4,1024,484,148,28.2476
4,1024,484,152,27.7892
4,1024,484,156,27.3142
4,1024,484,160,26.5471
4,1024,484,164,26.6753
4,1024,484,168,26.8626
4,1024,484,172,26.4007
4,1024,484,176,26.3727
4,1024,484,180,26.1433
4,1024,484,184,25.3661
4,1024,484,188,25.2921
4,1024,484,192,25.5122
4,1024,484,196,25.1302
4,1024,484,200,24.5258
4,1024,484,204,24.5464
4,1024,484,208,24.2792
4,1024,484,212,24.021
4,1024,484,216,23.7488
4,1024,484,220,23.0466
4,1024,484,224,22.7687
4,1024,484,228,22.4485
4,1024,484,232,22.0227
4,1024,484,236,22.0114
4,1024,484,240,21.7648
4,1024,488,8,24.7969
4,1024,488,12,28.4326
4,1024,488,16,31.9124
4,1024,488,20,33.2976
4,1024,488,24,34.8601
4,1024,488,28,35.0495
4,1024,488,32,36.4345
4,1024,488,36,34.9533
4,1024,488,40,36.1492
4,1024,488,44,35.9338
4,1024,488,48,36.5112
4,1024,488,52,35.6927
4,1024,488,56,36.0707
4,1024,488,60,35.0139
4,1024,488,64,35.4146
4,1024,488,68,34.4811
4,1024,488,72,35.0369
4,1024,488,76,34.2842
4,1024,488,80,33.862
4,1024,488,84,33.7066
4,1024,488,88,33.54
4,1024,488,92,32.3731
4,1024,488,96,32.726
4,1024,488,100,32.4273
4,1024,488,104,32.1924
4,1024,488,108,31.5534
4,1024,488,112,31.2125
4,1024,488,116,26.6954
4,1024,488,120,29.895
4,1024,488,124,29.7601
4,1024,488,128,29.6133
4,1024,488,132,27.8371
4,1024,488,136,29.3852
4,1024,488,140,28.6961
4,1024,488,144,28.7446
4,1024,488,148,28.1507
4,1024,488,152,27.8084
4,1024,488,156,26.9447
4,1024,488,160,27.1413
4,1024,488,164,26.4592
4,1024,488,168,26.5137
4,1024,488,172,25.8974
4,1024,488,176,26.1308
4,1024,488,180,25.5552
4,1024,488,184,25.424
4,1024,488,188,25.1274
4,1024,488,192,25.3474
4,1024,488,196,24.8057
4,1024,488,200,24.5689
4,1024,488,204,24.0298
4,1024,488,208,24.1437
4,1024,488,212,24.014
4,1024,488,216,23.4849
4,1024,488,220,23.1871
4,1024,488,224,22.8026
4,1024,488,228,21.8944
4,1024,488,232,22.0144
4,1024,488,236,21.4779
4,1024,488,240,21.3664
4,1024,488,244,21.3886
4,1024,492,8,22.5212
4,1024,492,12,28.4605
4,1024,492,16,31.8041
4,1024,492,20,32.8694
4,1024,492,24,34.7222
4,1024,492,28,34.5113
4,1024,492,32,35.5655
4,1024,492,36,35.5975
4,1024,492,40,35.89
4,1024,492,44,35.2444
4,1024,492,48,36.1262
4,1024,492,52,35.0213
4,1024,492,56,35.4348
4,1024,492,60,34.5565
4,1024,492,64,34.6404
4,1024,492,68,34.0642
4,1024,492,72,34.2105
4,1024,492,76,33.3151
4,1024,492,80,33.4717
4,1024,492,84,28.3749
4,1024,492,88,32.2959
4,1024,492,92,32.4801
4,1024,492,96,31.9079
4,1024,492,100,27.9621
4,1024,492,104,31.4248
4,1024,492,108,31.2071
4,1024,492,112,30.8616
4,1024,492,116,30.4294
4,1024,492,120,29.8246
4,1024,492,124,29.1399
4,1024,492,128,29.2111
4,1024,492,132,29.0648
4,1024,492,136,28.6168
4,1024,492,140,28.1202
4,1024,492,144,27.9544
4,1024,492,148,27.7274
4,1024,492,152,27.2186
4,1024,492,156,26.7157
4,1024,492,160,26.4863
4,1024,492,164,25.9161
4,1024,492,168,25.6941
4,1024,492,172,25.4889
4,1024,492,176,25.2962
4,1024,492,180,25.2712
4,1024,492,184,25.1954
4,1024,492,188,25.1341
4,1024,492,192,22.5996
4,1024,492,196,24.1843
4,1024,492,200,24.4173
4,1024,492,204,24.2359
4,1024,492,208,23.5519
4,1024,492,212,23.2263
4,1024,492,216,22.8667
4,1024,492,220,20.599
4,1024,492,224,22.6189
4,1024,492,228,22.2514
4,1024,492,232,21.9296
4,1024,492,236,21.3688
4,1024,492,240,21.1643
4,1024,492,244,21.1161
4,1024,496,8,23.8102
4,1024,496,12,27.1445
4,1024,496,16,31.0391
4,1024,496,20,31.3931
4,1024,496,24,33.6483
4,1024,496,28,33.9576
4,1024,496,32,35.2042
4,1024,496,36,34.8441
4,1024,496,40,35.3165
4,1024,496,44,34.4066
4,1024,496,48,30.5076
4,1024,496,52,34.7486
4,1024,496,56,35.0357
4,1024,496,60,34.3553
4,1024,496,64,34.1183
4,1024,496,68,33.5721
4,1024,496,72,33.5016
4,1024,496,76,33.3268
4,1024,496,80,33.3359
4,1024,496,84,32.4128
4,1024,496,88,32.241
4,1024,496,92,31.747
4,1024,496,96,31.7013
4,1024,496,100,30.7968
4,1024,496,104,31.0194
4,1024,496,108,30.373
4,1024,496,112,30.4076
4,1024,496,116,29.789
4,1024,496,120,29.6138
4,1024,496,124,28.958
4,1024,496,128,28.6612
4,1024,496,132,28.5966
4,1024,496,136,28.3782
4,1024,496,140,28.04
4,1024,496,144,24.3782
4,1024,496,148,27.6206
4,1024,496,152,26.9165
4,1024,496,156,26.6715
4,1024,496,160,25.8457
4,1024,496,164,25.3557
4,1024,496,168,25.5303
4,1024,496,172,25.6885
4,1024,496,176,22.6857
4,1024,496,180,25.1041
4,1024,496,184,24.7247
4,1024,496,188,24.4701
4,1024,496,192,24.5431
4,1024,496,196,24.243
4,1024,496,200,23.6178
4,1024,496,204,23.6866
4,1024,496,208,23.332
4,1024,496,212,23.2819
4,1024,496,216,22.286
4,1024,496,220,22.5314
4,1024,496,224,21.9529
4,1024,496,228,22.1414
4,1024,496,232,21.5593
4,1024,496,236,21.2419
4,1024,496,240,21.3091
4,1024,496,244,20.6549
4,1024,496,248,20.3314
4,1024,500,8,23.5854
4,1024,500,12,27.4893
4,1024,500,16,30.9497
4,1024,500,20,31.8263
4,1024,500,24,33.6764
4,1024,500,28,33.425
4,1024,500,32,34.7577
4,1024,500,36,34.4959
4,1024,500,40,33.8101
4,1024,500,44,34.189
4,1024,500,48,31.5824
4,1024,500,52,34.2295
4,1024,500,56,34.5257
4,1024,500,60,34.0593
4,1024,500,64,33.9762
4,1024,500,68,33.1627
4,1024,500,72,33.1214
4,1024,500,76,33.0885
4,1024,500,80,32.7773
4,1024,500,84,32.3578
4,1024,500,88,32.0659
4,1024,500,92,31.4718
4,1024,500,96,31.0301
4,1024,500,100,30.5778
4,1024,500,104,30.2533
4,1024,500,108,29.8455
4,1024,500,112,30.0485
4,1024,500,116,29.3977
4,1024,500,120,29.1408
4,1024,500,124,28.4898
4,1024,500,128,28.4416
4,1024,500,132,28.184
4,1024,500,136,28.2055
4,1024,500,140,27.5662
4,1024,500,144,27.4063
4,1024,500,148,27.2526
4,1024,500,152,26.8182
4,1024,500,156,26.2607
4,1024,500,160,25.7443
4,1024,500,164,25.2078
4,1024,500,168,24.9864
4,1024,500,172,24.8724
4,1024,500,176,24.8357
4,1024,500,180,24.7546
4,1024,500,184,24.5853
4,1024,500,188,24.2089
4,1024,500,192,23.8573
4,1024,500,196,23.9646
4,1024,500,200,23.4991
4,1024,500,204,23.5176
4,1024,500,208,22.8847
4,1024,500,212,22.1997
4,1024,500,216,22.3174
4,1024,500,220,22.1775
4,1024,500,224,22.0455
4,1024,500,228,21.5048
4,1024,500,232,21.0832
4,1024,500,236,21.233
4,1024,500,240,20.7706
4,1024,500,244,20.5847
4,1024,500,248,20.1799
4,1024,504,8,22.9893
4,1024,504,12,22.9054
4,1024,504,16,30.4887
4,1024,504,20,29.496
4,1024,504,24,33.2975
4,1024,504,28,33.0067
4,1024,504,32,33.9368
4,1024,504,36,34.0134
4,1024,504,40,34.4129
4,1024,504,44,33.9711
4,1024,504,48,34.4246
4,1024,504,52,33.9343
4,1024,504,56,34.1587
4,1024,504,60,33.4272
4,1024,504,64,33.2419
4,1024,504,68,33.2495
4,1024,504,72,33.1518
4,1024,504,76,32.3404
4,1024,504,80,32.0997
4,1024,504,84,31.6439
4,1024,504,88,31.6304
4,1024,504,92,30.8379
4,1024,504,96,31.1794
4,1024,504,100,30.2047
4,1024,504,104,30.2664
4,1024,504,108,29.8672
4,1024,504,112,29.6161
4,1024,504,116,29.2156
4,1024,504,120,27.9804
4,1024,504,124,24.7156
4,1024,504,128,27.97
4,1024,504,132,28.1416
4,1024,504,136,27.6938
4,1024,504,140,27.384
4,1024,504,144,27.1735
4,1024,504,148,26.7205
4,1024,504,152,26.3772
4,1024,504,156,25.9351
4,1024,504,160,25.4289
4,1024,504,164,25.1442
4,1024,504,168,24.8643
4,1024,504,172,24.4655
4,1024,504,176,24.84
4,1024,504,180,24.4417
4,1024,504,184,24.2426
4,1024,504,188,23.7354
4,1024,504,192,23.8621
4,1024,504,196,23.7649
4,1024,504,200,23.3276
4,1024,504,204,22.88
4,1024,504,208,22.6126
4,1024,504,212,22.3003
4,1024,504,216,22.0007
4,1024,504,220,21.9171
4,1024,504,224,21.73
4,1024,504,228,21.1704
4,1024,504,232,21.1088
4,1024,504,236,21.0807
4,1024,504,240,20.8155
4,1024,504,244,20.4107
4,1024,504,248,19.9317
4,1024,504,252,19.8488
4,1024,508,8,22.355
4,1024,508,12,26.1466
4,1024,508,16,29.3611
4,1024,508,20,31.0154
4,1024,508,24,32.506
4,1024,508,28,32.2472
4,1024,508,32,33.6939
4,1024,508,36,33.2981
4,1024,508,40,33.8705
4,1024,508,44,33.4404
4,1024,508,48,34.0116
4,1024,508,52,33.4331
4,1024,508,56,33.4931
4,1024,508,60,32.6117
4,1024,508,64,32.9847
4,1024,508,68,32.299
4,1024,508,72,32.2924
4,1024,508,76,32.1921
4,1024,508,80,31.9275
4,1024,508,84,31.0409
4,1024,508,88,30.9504
4,1024,508,92,30.7228
4,1024,508,96,29.7647
4,1024,508,100,29.9727
4,1024,508,104,29.7066
4,1024,508,108,29.2903
4,1024,508,112,28.8742
4,1024,508,116,27.2798
4,1024,508,120,28.2972
4,1024,508,124,27.8621
4,1024,508,128,27.4741
4,1024,508,132,27.2987
4,1024,508,136,27.0664
4,1024,508,140,26.6972
4,1024,508,144,21.2629
4,1024,508,148,25.9469
4,1024,508,152,26.0083
4,1024,508,156,25.6853
4,1024,508,160,25.4004
4,1024,508,164,24.4567
4,1024,508,168,24.5009
4,1024,508,172,24.2559
4,1024,508,176,24.1937
4,1024,508,180,24.1163
4,1024,508,184,23.8152
4,1024,508,188,23.3777
4,1024,508,192,23.4447
4,1024,508,196,23.0038
4,1024,508,200,22.8709
4,1024,508,204,22.7292
4,1024,508,208,22.3616
4,1024,508,212,21.9625
4,1024,508,216,21.645
4,1024,508,220,21.453
4,1024,508,224,21.5834
4,1024,508,228,21.416
4,1024,508,232,20.9719
4,1024,508,236,20.434
4,1024,508,240,20.2807
4,1024,508,244,18.2919
4,1024,508,248,19.6844
4,1024,508,252,19.235
4,1024,512,8,16.4756
4,1024,512,12,20.8224
4,1024,512,16,24.4279
4,1024,512,20,25.9985
4,1024,512,24,28.4345
4,1024,512,28,28.8229
4,1024,512,32,30.6392
4,1024,512,36,29.638
4,1024,512,40,31.4015
4,1024,512,44,30.6935
4,1024,512,48,31.8117
4,1024,512,52,31.4175
4,1024,512,56,31.1804
4,1024,512,60,30.9662
4,1024,512,64,31.6227
4,1024,512,68,30.972
4,1024,512,72,31.02
4,1024,512,76,30.5494
4,1024,512,80,30.3527
4,1024,512,84,29.572
4,1024,512,88,29.8787
4,1024,512,92,29.2428
4,1024,512,96,29.2367
4,1024,512,100,28.616
4,1024,512,104,28.6491
4,1024,512,108,28.1675
4,1024,512,112,28.5394
4,1024,512,116,27.6254
4,1024,512,120,27.3623
4,1024,512,124,26.8886
4,1024,512,128,26.6643
4,1024,512,132,26.6819
4,1024,512,136,26.7098
4,1024,512,140,26.0488
4,1024,512,144,26.1907
4,1024,512,148,25.9126
4,1024,512,152,25.6382
4,1024,512,156,25.2484
4,1024,512,160,24.6364
4,1024,512,164,24.5668
4,1024,512,168,24.2976
4,1024,512,172,24.0867
4,1024,512,176,23.6544
4,1024,512,180,23.9258
4,1024,512,184,23.887
4,1024,512,188,23.2347
4,1024,512,192,23.5602
4,1024,512,196,23.2738
4,1024,512,200,23.0713
4,1024,512,204,22.8299
4,1024,512,208,22.4826
4,1024,512,212,22.399
4,1024,512,216,21.9495
4,1024,512,220,21.2505
4,1024,512,224,21.2767
4,1024,512,228,20.8688
4,1024,512,232,20.8072
4,1024,512,236,19.5323
4,1024,512,240,20.5845
4,1024,512,244,20.1795
4,1024,512,248,19.9953
4,1024,512,252,19.7984
4,1024,512,256,19.5358
