threads,size,nb,ib,GFlops
4,2048,4,2,0.3906
4,2048,6,2,0.7432
4,2048,6,4,1.0524
4,2048,8,2,1.7259
4,2048,8,4,2.1581
4,2048,8,6,2.1103
4,2048,10,2,2.6176
4,2048,10,4,3.5497
4,2048,10,6,4.1159
4,2048,10,8,4.2084
4,2048,12,2,3.4407
4,2048,12,4,5.4536
4,2048,12,6,6.4818
4,2048,12,8,6.7231
4,2048,12,10,6.6149
4,2048,14,2,4.0667
4,2048,14,4,5.8606
4,2048,14,6,6.9648
4,2048,14,8,8.6365
4,2048,14,10,8.7213
4,2048,14,12,8.8833
4,2048,16,2,5.1973
4,2048,16,4,8.704
4,2048,16,6,9.9518
4,2048,16,8,12.4804
4,2048,16,10,11.9064
4,2048,16,12,12.8702
4,2048,16,14,12.4107
4,2048,18,2,5.8534
4,2048,18,4,9.1445
4,2048,18,6,11.9271
4,2048,18,8,12.579
4,2048,18,10,14.9246
4,2048,18,12,15.4734
4,2048,18,14,14.9435
4,2048,18,16,15.1209
4,2048,20,2,7.055
4,2048,20,4,12.1268
4,2048,20,6,12.8263
4,2048,20,8,15.8139
4,2048,20,10,17.8505
4,2048,20,12,20.0366
4,2048,20,14,18.7337
4,2048,20,16,19.1297
4,2048,20,18,18.5788
4,2048,22,2,7.7618
4,2048,22,4,12.3145
4,2048,22,6,14.5813
4,2048,22,8,17.6808
4,2048,22,10,17.1012
4,2048,22,12,21.145
4,2048,22,14,21.3104
4,2048,22,16,21.1164
4,2048,22,18,20.8596
4,2048,22,20,21.006
4,2048,24,2,9.9631
4,2048,24,4,16.3583
4,2048,24,6,19.8218
4,2048,24,8,23.6683
4,2048,24,10,23.2346
4,2048,24,12,31.8858
4,2048,24,14,28.2442
4,2048,24,16,28.891
4,2048,24,18,27.9074
4,2048,24,20,28.3287
4,2048,24,22,26.6056
4,2048,26,2,10.0356
4,2048,26,4,15.8866
4,2048,26,6,18.058
4,2048,26,8,21.501
4,2048,26,10,23.336
4,2048,26,12,26.6449
4,2048,26,14,30.3774
4,2048,26,16,28.8295
4,2048,26,18,28.3086
4,2048,26,20,28.1884
4,2048,26,22,27.8642
4,2048,26,24,30.8277
4,2048,28,2,10.8125
4,2048,28,4,18.0483
4,2048,28,6,19.7475
4,2048,28,8,24.341
4,2048,28,10,25.6849
4,2048,28,12,30.5589
4,2048,28,14,33.0658
4,2048,28,16,34.8663
4,2048,28,18,30.9786
4,2048,28,20,32.1533
4,2048,28,22,30.4422
4,2048,28,24,34.9908
4,2048,28,26,32.8532
4,2048,30,2,11.327
4,2048,30,4,17.6127
4,2048,30,6,20.6479
4,2048,30,8,25.9575
4,2048,30,10,27.6081
4,2048,30,12,31.2601
4,2048,30,14,29.5409
4,2048,30,16,34.9075
4,2048,30,18,34.859
4,2048,30,20,32.7819
4,2048,30,22,32.6835
4,2048,30,24,35.2231
4,2048,30,26,34.0227
4,2048,30,28,34.2764
4,2048,32,2,13.1146
4,2048,32,4,21.5545
4,2048,32,6,23.5323
4,2048,32,8,29.8848
4,2048,32,10,28.3197
4,2048,32,12,36.696
4,2048,32,14,35.0174
4,2048,32,16,40.3111
4,2048,32,18,38.7707
4,2048,32,20,38.5212
4,2048,32,22,36.088
4,2048,32,24,41.085
4,2048,32,26,38.8941
4,2048,32,28,39.419
4,2048,32,30,37.747
4,2048,34,2,13.4547
4,2048,34,4,20.8945
4,2048,34,6,24.2104
4,2048,34,8,28.3107
4,2048,34,10,29.487
4,2048,34,12,36.1931
4,2048,34,14,34.2495
4,2048,34,16,35.3422
4,2048,34,18,39.2901
4,2048,34,20,38.8892
4,2048,34,22,38.8182
4,2048,34,24,40.4597
4,2048,34,26,39.9785
4,2048,34,28,38.7517
4,2048,34,30,38.3972
4,2048,34,32,38.79
4,2048,36,2,15.782
4,2048,36,4,25.7811
4,2048,36,6,29.5009
4,2048,36,8,34.1419
4,2048,36,10,35.0642
4,2048,36,12,49.3006
4,2048,36,14,43.4919
4,2048,36,16,44.2764
4,2048,36,18,46.9065
4,2048,36,20,48.8812
4,2048,36,22,46.5874
4,2048,36,24,54.0943
4,2048,36,26,48.0834
4,2048,36,28,48.6777
4,2048,36,30,46.3702
4,2048,36,32,47.4585
4,2048,36,34,45.3804
4,2048,38,2,15.2332
4,2048,38,4,24.3279
4,2048,38,6,26.2223
4,2048,38,8,33.0525
4,2048,38,10,34.6198
4,2048,38,12,40.9108
4,2048,38,14,40.0304
4,2048,38,16,40.1848
4,2048,38,18,38.4254
4,2048,38,20,44.6051
4,2048,38,22,44.9484
4,2048,38,24,48.6599
4,2048,38,26,48.4508
4,2048,38,28,45.0876
4,2048,38,30,44.6076
4,2048,38,32,44.3203
4,2048,38,34,43.1335
4,2048,38,36,46.9815
4,2048,40,2,16.5342
4,2048,40,4,26.3341
4,2048,40,6,29.6162
4,2048,40,8,35.8179
4,2048,40,10,37.1711
4,2048,40,12,43.563
4,2048,40,14,46.1345
4,2048,40,16,45.3799
4,2048,40,18,43.3985
4,2048,40,20,47.7151
4,2048,40,22,44.2528
4,2048,40,24,52.5984
4,2048,40,26,50.1652
4,2048,40,28,51.5068
4,2048,40,30,46.3901
4,2048,40,32,47.3664
4,2048,40,34,45.236
4,2048,40,36,49.6238
4,2048,40,38,47.856
4,2048,42,2,17.0966
4,2048,42,4,25.759
4,2048,42,6,30.475
4,2048,42,8,34.9216
4,2048,42,10,35.5371
4,2048,42,12,44.5359
4,2048,42,14,45.8231
4,2048,42,16,45.7114
4,2048,42,18,43.7574
4,2048,42,20,44.3036
4,2048,42,22,47.5847
4,2048,42,24,52.1812
4,2048,42,26,51.7708
4,2048,42,28,50.6879
4,2048,42,30,47.936
4,2048,42,32,48.1462
4,2048,42,34,47.8429
4,2048,42,36,50.357
4,2048,42,38,49.0188
4,2048,42,40,49.6692
4,2048,44,2,17.967
4,2048,44,4,29.1717
4,2048,44,6,30.9713
4,2048,44,8,37.6953
4,2048,44,10,37.9424
4,2048,44,12,49.0546
4,2048,44,14,45.4596
4,2048,44,16,51.5068
4,2048,44,18,47.0419
4,2048,44,20,48.2595
4,2048,44,22,49.5114
4,2048,44,24,55.8891
4,2048,44,26,53.6891
4,2048,44,28,55.2862
4,2048,44,30,52.8629
4,2048,44,32,54.8723
4,2048,44,34,49.3338
4,2048,44,36,54.9073
4,2048,44,38,52.5598
4,2048,44,40,53.2821
4,2048,44,42,50.9406
4,2048,46,2,17.924
4,2048,46,4,28.5117
4,2048,46,6,31.5832
4,2048,46,8,38.3029
4,2048,46,10,38.3004
4,2048,46,12,48.0424
4,2048,46,14,45.3954
4,2048,46,16,50.265
4,2048,46,18,46.3922
4,2048,46,20,47.0606
4,2048,46,22,45.6947
4,2048,46,24,51.0621
4,2048,46,26,54.0419
4,2048,46,28,53.3125
4,2048,46,30,53.0145
4,2048,46,32,52.8933
4,2048,46,34,52.7892
4,2048,46,36,53.4465
4,2048,46,38,53.1874
4,2048,46,40,52.2201
4,2048,46,42,51.4616
4,2048,46,44,51.125
4,2048,48,2,21.6853
4,2048,48,4,33.4066
4,2048,48,6,38.5844
4,2048,48,8,44.7253
4,2048,48,10,45.8307
4,2048,48,12,61.1105
4,2048,48,14,54.7901
4,2048,48,16,60.3445
4,2048,48,18,58.9826
4,2048,48,20,56.3875
4,2048,48,22,54.5354
4,2048,48,24,70.191
4,2048,48,26,62.7682
4,2048,48,28,63.4848
4,2048,48,30,61.9492
4,2048,48,32,63.2951
4,2048,48,34,61.5005
4,2048,48,36,67.8075
4,2048,48,38,61.6187
4,2048,48,40,62.3575
4,2048,48,42,60.051
4,2048,48,44,60.3893
4,2048,48,46,58.3365
4,2048,50,2,20.8153
4,2048,50,4,31.7581
4,2048,50,6,35.1851
4,2048,50,8,40.4187
4,2048,50,10,43.8262
4,2048,50,12,53.5029
4,2048,50,14,51.9433
4,2048,50,16,53.2981
4,2048,50,18,54.7039
4,2048,50,20,53.3125
4,2048,50,22,51.4572
4,2048,50,24,61.0245
4,2048,50,26,64.6379
4,2048,50,28,58.8866
4,2048,50,30,58.7724
4,2048,50,32,58.9181
4,2048,50,34,58.2177
4,2048,50,36,62.2462
4,2048,50,38,61.5146
4,2048,50,40,58.3265
4,2048,50,42,57.2577
4,2048,50,44,56.5721
4,2048,50,46,55.4328
4,2048,50,48,59.3923
4,2048,52,2,20.6922
4,2048,52,4,33.0844
4,2048,52,6,36.0332
4,2048,52,8,42.7758
4,2048,52,10,42.1341
4,2048,52,12,55.6484
4,2048,52,14,52.8271
4,2048,52,16,55.7137
4,2048,52,18,57.0184
4,2048,52,20,58.039
4,2048,52,22,53.4856
4,2048,52,24,63.6579
4,2048,52,26,64.9173
4,2048,52,28,67.0877
4,2048,52,30,58.5359
4,2048,52,32,61.002
4,2048,52,34,58.4839
4,2048,52,36,64.9259
4,2048,52,38,62.1529
4,2048,52,40,64.3712
4,2048,52,42,57.9851
4,2048,52,44,58.9685
4,2048,52,46,56.4128
4,2048,52,48,62.255
4,2048,52,50,59.5791
4,2048,54,2,21.1999
4,2048,54,4,30.8219
4,2048,54,6,36.5745
4,2048,54,8,44.0034
4,2048,54,10,43.4725
4,2048,54,12,54.9982
4,2048,54,14,55.898
4,2048,54,16,55.1265
4,2048,54,18,56.1829
4,2048,54,20,57.1282
4,2048,54,22,53.004
4,2048,54,24,62.4411
4,2048,54,26,60.2243
4,2048,54,28,64.2737
4,2048,54,30,64.914
4,2048,54,32,60.0787
4,2048,54,34,59.5074
4,2048,54,36,63.5038
4,2048,54,38,63.0887
4,2048,54,40,62.7645
4,2048,54,42,61.4755
4,2048,54,44,58.528
4,2048,54,46,57.652
4,2048,54,48,61.4538
4,2048,54,50,59.6869
4,2048,54,52,59.9879
4,2048,56,2,22.9243
4,2048,56,4,35.6083
4,2048,56,6,38.5167
4,2048,56,8,46.2087
4,2048,56,10,45.9532
4,2048,56,12,59.3064
4,2048,56,14,59.1703
4,2048,56,16,58.3348
4,2048,56,18,55.5973
4,2048,56,20,60.7219
4,2048,56,22,58.8256
4,2048,56,24,66.3074
4,2048,56,26,63.5696
4,2048,56,28,67.8765
4,2048,56,30,66.4054
4,2048,56,32,68.1921
4,2048,56,34,61.4736
4,2048,56,36,67.0443
4,2048,56,38,65.2545
4,2048,56,40,66.0818
4,2048,56,42,64.0591
4,2048,56,44,65.5032
4,2048,56,46,60.1685
4,2048,56,48,65.0348
4,2048,56,50,63.0622
4,2048,56,52,62.4915
4,2048,56,54,61.2051
4,2048,58,2,22.6314
4,2048,58,4,34.4579
4,2048,58,6,38.1215
4,2048,58,8,44.4017
4,2048,58,10,46.2215
4,2048,58,12,57.1936
4,2048,58,14,54.0291
4,2048,58,16,56.7537
4,2048,58,18,54.8874
4,2048,58,20,58.1977
4,2048,58,22,56.806
4,2048,58,24,64.1716
4,2048,58,26,61.4064
4,2048,58,28,62.0179
4,2048,58,30,64.945
4,2048,58,32,65.1709
4,2048,58,34,64.9759
4,2048,58,36,64.1245
4,2048,58,38,63.2456
4,2048,58,40,63.7545
4,2048,58,42,62.6331
4,2048,58,44,62.5042
4,2048,58,46,61.3404
4,2048,58,48,62.7058
4,2048,58,50,62.4052
4,2048,58,52,60.4536
4,2048,58,54,59.9875
4,2048,58,56,59.7077
4,2048,60,2,24.6721
4,2048,60,4,39.0657
4,2048,60,6,42.887
4,2048,60,8,49.9088
4,2048,60,10,51.3487
4,2048,60,12,70.0288
4,2048,60,14,62.6455
4,2048,60,16,68.4759
4,2048,60,18,62.2037
4,2048,60,20,67.259
4,2048,60,22,65.4549
4,2048,60,24,78.9616
4,2048,60,26,71.3926
4,2048,60,28,71.1763
4,2048,60,30,72.9626
4,2048,60,32,74.3273
4,2048,60,34,73.0936
4,2048,60,36,81.398
4,2048,60,38,72.0813
4,2048,60,40,73.2368
4,2048,60,42,71.0786
4,2048,60,44,72.2582
4,2048,60,46,69.5873
4,2048,60,48,76.4543
4,2048,60,50,70.0847
4,2048,60,52,70.4904
4,2048,60,54,67.7664
4,2048,60,56,68.5177
4,2048,60,58,65.8455
4,2048,62,2,23.2043
4,2048,62,4,36.7821
4,2048,62,6,39.3061
4,2048,62,8,47.6269
4,2048,62,10,46.6762
4,2048,62,12,61.6009
4,2048,62,14,57.2034
4,2048,62,16,59.6514
4,2048,62,18,58.8992
4,2048,62,20,59.2732
4,2048,62,22,60.1369
4,2048,62,24,70.8117
4,2048,62,26,65.4326
4,2048,62,28,65.7612
4,2048,62,30,63.2366
4,2048,62,32,67.7565
4,2048,62,34,67.6253
4,2048,62,36,72.4402
4,2048,62,38,71.9808
4,2048,62,40,66.8812
4,2048,62,42,66.2076
4,2048,62,44,65.7887
4,2048,62,46,64.5785
4,2048,62,48,69.0875
4,2048,62,50,68.4556
4,2048,62,52,64.6267
4,2048,62,54,63.7247
4,2048,62,56,62.9386
4,2048,62,58,62.0418
4,2048,62,60,64.832
4,2048,64,2,25.5154
4,2048,64,4,39.5402
4,2048,64,6,43.0711
4,2048,64,8,50.812
4,2048,64,10,50.4247
4,2048,64,12,65.8498
4,2048,64,14,62.2407
4,2048,64,16,67.8876
4,2048,64,18,61.9182
4,2048,64,20,63.3934
4,2048,64,22,64.5587
4,2048,64,24,76.0435
4,2048,64,26,73.4878
4,2048,64,28,70.3219
4,2048,64,30,67.6522
4,2048,64,32,72.5006
4,2048,64,34,70.1726
4,2048,64,36,76.8399
4,2048,64,38,75.0148
4,2048,64,40,77.5143
4,2048,64,42,69.1568
4,2048,64,44,70.0055
4,2048,64,46,68.4017
4,2048,64,48,74.5452
4,2048,64,50,71.5454
4,2048,64,52,72.1109
4,2048,64,54,66.6648
4,2048,64,56,67.2857
4,2048,64,58,65.1399
4,2048,64,60,69.2405
4,2048,64,62,67.4528
4,2048,66,2,24.9209
4,2048,66,4,37.0201
4,2048,66,6,41.7577
4,2048,66,8,48.5326
4,2048,66,10,48.6967
4,2048,66,12,62.6146
4,2048,66,14,59.6268
4,2048,66,16,61.9918
4,2048,66,18,62.9089
4,2048,66,20,60.7622
4,2048,66,22,61.2266
4,2048,66,24,70.7286
4,2048,66,26,68.1945
4,2048,66,28,66.7981
4,2048,66,30,64.5077
4,2048,66,32,66.029
4,2048,66,34,68.2211
4,2048,66,36,72.3303
4,2048,66,38,71.9133
4,2048,66,40,71.628
4,2048,66,42,71.9472
4,2048,66,44,66.6463
4,2048,66,46,66.2406
4,2048,66,48,69.7989
4,2048,66,50,64.3979
4,2048,66,52,68.0313
4,2048,66,54,68.2467
4,2048,66,56,64.6362
4,2048,66,58,64.04
4,2048,66,60,66.4686
4,2048,66,62,65.5128
4,2048,66,64,64.3658
4,2048,68,2,25.2095
4,2048,68,4,40.4181
4,2048,68,6,42.2515
4,2048,68,8,50.5894
4,2048,68,10,51.0086
4,2048,68,12,65.8354
4,2048,68,14,64.5632
4,2048,68,16,64.1733
4,2048,68,18,63.5842
4,2048,68,20,63.8582
4,2048,68,22,60.5898
4,2048,68,24,74.2224
4,2048,68,26,71.6525
4,2048,68,28,73.5022
4,2048,68,30,67.7704
4,2048,68,32,69.0805
4,2048,68,34,68.6979
4,2048,68,36,75.7806
4,2048,68,38,73.1496
4,2048,68,40,74.9454
4,2048,68,42,72.2203
4,2048,68,44,73.6893
4,2048,68,46,67.2873
4,2048,68,48,73.2928
4,2048,68,50,68.906
4,2048,68,52,71.2207
4,2048,68,54,69.1193
4,2048,68,56,70.1846
4,2048,68,58,64.8
4,2048,68,60,70.0709
4,2048,68,62,67.5849
4,2048,68,64,67.5716
4,2048,68,66,65.1217
4,2048,70,2,25.3389
4,2048,70,4,39.3051
4,2048,70,6,42.3199
4,2048,70,8,50.5212
4,2048,70,10,50.5731
4,2048,70,12,64.2124
4,2048,70,14,62.1575
4,2048,70,16,63.0893
4,2048,70,18,63.7202
4,2048,70,20,62.4498
4,2048,70,22,60.511
4,2048,70,24,72.1049
4,2048,70,26,69.7897
4,2048,70,28,70.3845
4,2048,70,30,65.9814
4,2048,70,32,66.7853
4,2048,70,34,64.899
4,2048,70,36,72.0858
4,2048,70,38,72.5698
4,2048,70,40,72.1285
4,2048,70,42,71.6781
4,2048,70,44,71.1941
4,2048,70,46,70.505
4,2048,70,48,70.6452
4,2048,70,50,69.9965
4,2048,70,52,69.0824
4,2048,70,54,68.7607
4,2048,70,56,68.2962
4,2048,70,58,67.6498
4,2048,70,60,67.5558
4,2048,70,62,67.0288
4,2048,70,64,65.3987
4,2048,70,66,64.9895
4,2048,70,68,64.2463
4,2048,72,2,28.8484
4,2048,72,4,44.4579
4,2048,72,6,49.0048
4,2048,72,8,56.7419
4,2048,72,10,54.9807
4,2048,72,12,77.9967
4,2048,72,14,69.8842
4,2048,72,16,72.0925
4,2048,72,18,71.6598
4,2048,72,20,73.4581
4,2048,72,22,67.6274
4,2048,72,24,88.7492
4,2048,72,26,79.3644
4,2048,72,28,81.1329
4,2048,72,30,79.07
4,2048,72,32,76.7375
4,2048,72,34,73.895
4,2048,72,36,89.1144
4,2048,72,38,81.2672
4,2048,72,40,82.1386
4,2048,72,42,80.1182
4,2048,72,44,80.305
4,2048,72,46,80.0911
4,2048,72,48,86.9133
4,2048,72,50,78.1271
4,2048,72,52,77.7244
4,2048,72,54,76.4738
4,2048,72,56,77.3429
4,2048,72,58,75.1295
4,2048,72,60,80.9733
4,2048,72,62,74.6152
4,2048,72,64,74.7402
4,2048,72,66,72.726
4,2048,72,68,72.4995
4,2048,72,70,71.3492
4,2048,74,2,27.9072
4,2048,74,4,42.4215
4,2048,74,6,45.5596
4,2048,74,8,53.2291
4,2048,74,10,53.5125
4,2048,74,12,69.5594
4,2048,74,14,65.4297
4,2048,74,16,68.1449
4,2048,74,18,65.1173
4,2048,74,20,68.7517
4,2048,74,22,65.4095
4,2048,74,24,78.5778
4,2048,74,26,73.9895
4,2048,74,28,68.7684
4,2048,74,30,73.6509
4,2048,74,32,71.6755
4,2048,74,34,69.4419
4,2048,74,36,79.1874
4,2048,74,38,81.185
4,2048,74,40,76.2863
4,2048,74,42,75.4543
4,2048,74,44,75.2926
4,2048,74,46,74.1133
4,2048,74,48,79.0338
4,2048,74,50,79.0119
4,2048,74,52,73.6917
4,2048,74,54,72.5248
4,2048,74,56,72.3815
4,2048,74,58,71.3112
4,2048,74,60,74.8286
4,2048,74,62,68.8941
4,2048,74,64,70.8209
4,2048,74,66,69.0657
4,2048,74,68,68.9291
4,2048,74,70,67.6652
4,2048,74,72,70.9557
4,2048,76,2,27.8494
4,2048,76,4,44.0423
4,2048,76,6,46.7746
4,2048,76,8,55.0199
4,2048,76,10,54.0631
4,2048,76,12,72.4976
4,2048,76,14,67.7644
4,2048,76,16,74.2
4,2048,76,18,67.6359
4,2048,76,20,72.023
4,2048,76,22,66.4916
4,2048,76,24,82.0565
4,2048,76,26,82.6799
4,2048,76,28,78.1335
4,2048,76,30,75.9409
4,2048,76,32,78.2579
4,2048,76,34,72.4838
4,2048,76,36,81.5391
4,2048,76,38,81.6591
4,2048,76,40,84.41
4,2048,76,42,76.8724
4,2048,76,44,78.8173
4,2048,76,46,76.1909
4,2048,76,48,83.3528
4,2048,76,50,80.3016
4,2048,76,52,81.9392
4,2048,76,54,74.1882
4,2048,76,56,75.2459
4,2048,76,58,73.3162
4,2048,76,60,78.8528
4,2048,76,62,75.8988
4,2048,76,64,77.0553
4,2048,76,66,70.965
4,2048,76,68,71.8397
4,2048,76,70,70.0474
4,2048,76,72,69.51
4,2048,76,74,72.9731
4,2048,78,2,26.8011
4,2048,78,4,41.8001
4,2048,78,6,45.5617
4,2048,78,8,54.3145
4,2048,78,10,53.7791
4,2048,78,12,68.7104
4,2048,78,14,64.8769
4,2048,78,16,70.3636
4,2048,78,18,64.6578
4,2048,78,20,68.6632
4,2048,78,22,66.857
4,2048,78,24,77.8772
4,2048,78,26,77.1043
4,2048,78,28,74.3334
4,2048,78,30,72.4049
4,2048,78,32,73.7123
4,2048,78,34,68.556
4,2048,78,36,77.4534
4,2048,78,38,74.7886
4,2048,78,40,79.2219
4,2048,78,42,79.3327
4,2048,78,44,74.749
4,2048,78,46,73.9051
4,2048,78,48,78.0403
4,2048,78,50,77.3373
4,2048,78,52,76.727
4,2048,78,54,77.184
4,2048,78,56,72.0171
4,2048,78,58,70.8821
4,2048,78,60,74.0525
4,2048,78,62,73.17
4,2048,78,64,68.1826
4,2048,78,66,71.9577
4,2048,78,68,68.8428
4,2048,78,70,68.3227
4,2048,78,72,70.9204
4,2048,78,74,71.2872
4,2048,78,76,70.0876
4,2048,80,2,29.3126
4,2048,80,4,45.6232
4,2048,80,6,48.1732
4,2048,80,8,56.4829
4,2048,80,10,56.3095
4,2048,80,12,73.8239
4,2048,80,14,69.4471
4,2048,80,16,73.9217
4,2048,80,18,68.4288
4,2048,80,20,72.1524
4,2048,80,22,69.8364
4,2048,80,24,81.5589
4,2048,80,26,78.4064
4,2048,80,28,82.8435
4,2048,80,30,76.3257
4,2048,80,32,77.5097
4,2048,80,34,75.6534
4,2048,80,36,81.9533
4,2048,80,38,73.6646
4,2048,80,40,76.2099
4,2048,80,42,81.2607
4,2048,80,44,82.6036
4,2048,80,46,76.2525
4,2048,80,48,76.5433
4,2048,80,50,80.203
4,2048,80,52,80.408
4,2048,80,54,79.1403
4,2048,80,56,80.355
4,2048,80,58,73.2556
4,2048,80,60,78.1324
4,2048,80,62,75.5945
4,2048,80,64,76.1591
4,2048,80,66,74.6422
4,2048,80,68,74.7436
4,2048,80,70,71.3524
4,2048,80,72,75.7305
4,2048,80,74,74.1071
4,2048,80,76,74.9688
4,2048,80,78,72.4111
4,2048,82,2,29.3524
4,2048,82,4,45.0342
4,2048,82,6,48.1354
4,2048,82,8,55.5971
4,2048,82,10,55.0897
4,2048,82,12,71.5208
4,2048,82,14,70.0193
4,2048,82,16,70.5611
4,2048,82,18,67.2037
4,2048,82,20,68.6147
4,2048,82,22,69.8422
4,2048,82,24,79.7262
4,2048,82,26,77.2126
4,2048,82,28,73.1174
4,2048,82,30,74.5633
4,2048,82,32,75.5649
4,2048,82,34,74.1424
4,2048,82,36,79.8645
4,2048,82,38,78.1323
4,2048,82,40,78.2743
4,2048,82,42,80.2586
4,2048,82,44,79.8867
4,2048,82,46,80.1239
4,2048,82,48,79.3249
4,2048,82,50,79.033
4,2048,82,52,77.9817
4,2048,82,54,72.2236
4,2048,82,56,77.8808
4,2048,82,58,77.0801
4,2048,82,60,75.6189
4,2048,82,62,75.2037
4,2048,82,64,74.9822
4,2048,82,66,73.7342
4,2048,82,68,73.4027
4,2048,82,70,72.7272
4,2048,82,72,74.1409
4,2048,82,74,73.7044
4,2048,82,76,72.9242
4,2048,82,78,72.0073
4,2048,82,80,71.9885
4,2048,84,2,30.2456
4,2048,84,4,48.388
4,2048,84,6,51.6057
4,2048,84,8,59.7092
4,2048,84,10,59.2101
4,2048,84,12,83.4654
4,2048,84,14,75.5053
4,2048,84,16,76.7755
4,2048,84,18,76.8965
4,2048,84,20,75.3431
4,2048,84,22,75.2227
4,2048,84,24,92.9809
4,2048,84,26,82.9722
4,2048,84,28,88.7502
4,2048,84,30,86.9545
4,2048,84,32,82.764
4,2048,84,34,80.5424
4,2048,84,36,92.8423
4,2048,84,38,85.1462
4,2048,84,40,85.262
4,2048,84,42,85.3455
4,2048,84,44,86.7066
4,2048,84,46,84.7565
4,2048,84,48,92.0374
4,2048,84,50,83.1057
4,2048,84,52,84.1464
4,2048,84,54,83.3167
4,2048,84,56,85.0806
4,2048,84,58,81.825
4,2048,84,60,89.34
4,2048,84,62,81.1566
4,2048,84,64,81.4698
4,2048,84,66,78.8277
4,2048,84,68,80.4766
4,2048,84,70,78.5436
4,2048,84,72,84.1848
4,2048,84,74,79.444
4,2048,84,76,79.4132
4,2048,84,78,77.3772
4,2048,84,80,78.6439
4,2048,84,82,75.1832
4,2048,86,2,29.5759
4,2048,86,4,46.8515
4,2048,86,6,48.5503
4,2048,86,8,57.8016
4,2048,86,10,56.9584
4,2048,86,12,75.5925
4,2048,86,14,69.0251
4,2048,86,16,73.2675
4,2048,86,18,71.8595
4,2048,86,20,71.375
4,2048,86,22,71.1303
4,2048,86,24,85.1965
4,2048,86,26,79.5003
4,2048,86,28,80.1291
4,2048,86,30,80.1697
4,2048,86,32,76.6736
4,2048,86,34,76.127
4,2048,86,36,85.216
4,2048,86,38,79.7315
4,2048,86,40,80.8249
4,2048,86,42,77.698
4,2048,86,44,81.7191
4,2048,86,46,81.1961
4,2048,86,48,85.0265
4,2048,86,50,85.2889
4,2048,86,52,79.145
4,2048,86,54,80.0482
4,2048,86,56,79.5523
4,2048,86,58,78.5539
4,2048,86,60,82.7302
4,2048,86,62,81.9051
4,2048,86,64,77.0394
4,2048,86,66,76.1012
4,2048,86,68,74.3603
4,2048,86,70,74.3171
4,2048,86,72,78.8544
4,2048,86,74,78.2186
4,2048,86,76,74.5257
4,2048,86,78,73.9945
4,2048,86,80,73.9041
4,2048,86,82,68.1233
4,2048,86,84,75.2853
4,2048,88,2,30.3414
4,2048,88,4,47.1776
4,2048,88,6,50.3174
4,2048,88,8,59.1255
4,2048,88,10,58.4929
4,2048,88,12,77.4076
4,2048,88,14,72.3334
4,2048,88,16,69.6944
4,2048,88,18,74.436
4,2048,88,20,73.65
4,2048,88,22,73.0065
4,2048,88,24,88.1474
4,2048,88,26,81.3026
4,2048,88,28,82.5383
4,2048,88,30,81.9739
4,2048,88,32,83.7585
4,2048,88,34,78.0684
4,2048,88,36,87.3251
4,2048,88,38,85.04
4,2048,88,40,82.1594
4,2048,88,42,79.9217
4,2048,88,44,82.1745
4,2048,88,46,81.5177
4,2048,88,48,88.1753
4,2048,88,50,84.7501
4,2048,88,52,86.5539
4,2048,88,54,79.8932
4,2048,88,56,81.4087
4,2048,88,58,78.7658
4,2048,88,60,84.388
4,2048,88,62,82.6258
4,2048,88,64,83.6584
4,2048,88,66,76.8832
4,2048,88,68,77.8741
4,2048,88,70,75.6591
4,2048,88,72,80.9994
4,2048,88,74,79.201
4,2048,88,76,80.5045
4,2048,88,78,75.582
4,2048,88,80,76.1702
4,2048,88,82,74.4753
4,2048,88,84,77.9788
4,2048,88,86,76.8186
4,2048,90,2,30.9042
4,2048,90,4,46.4229
4,2048,90,6,50.565
4,2048,90,8,58.0645
4,2048,90,10,59.0445
4,2048,90,12,76.2992
4,2048,90,14,69.931
4,2048,90,16,73.8444
4,2048,90,18,72.8662
4,2048,90,20,71.9373
4,2048,90,22,69.7473
4,2048,90,24,85.1859
4,2048,90,26,83.5379
4,2048,90,28,80.7419
4,2048,90,30,80.6336
4,2048,90,32,81.9826
4,2048,90,34,76.3507
4,2048,90,36,85.4125
4,2048,90,38,82.6379
4,2048,90,40,80.7051
4,2048,90,42,79.2772
4,2048,90,44,79.3356
4,2048,90,46,80.8248
4,2048,90,48,85.0801
4,2048,90,50,84.6751
4,2048,90,52,83.7689
4,2048,90,54,84.047
4,2048,90,56,78.7807
4,2048,90,58,78.7445
4,2048,90,60,83.0
4,2048,90,62,81.6634
4,2048,90,64,81.7172
4,2048,90,66,80.8192
4,2048,90,68,76.1181
4,2048,90,70,75.8327
4,2048,90,72,78.8646
4,2048,90,74,78.2809
4,2048,90,76,77.9244
4,2048,90,78,78.3207
4,2048,90,80,74.7064
4,2048,90,82,74.7564
4,2048,90,84,76.9073
4,2048,90,86,76.1205
4,2048,90,88,76.27
4,2048,92,2,30.5133
4,2048,92,4,48.2954
4,2048,92,6,50.2219
4,2048,92,8,59.2079
4,2048,92,10,57.763
4,2048,92,12,77.4028
4,2048,92,14,72.3253
4,2048,92,16,78.2202
4,2048,92,18,70.7802
4,2048,92,20,76.2194
4,2048,92,22,71.0482
4,2048,92,24,86.9401
4,2048,92,26,83.2275
4,2048,92,28,83.1134
4,2048,92,30,78.89
4,2048,92,32,83.2931
4,2048,92,34,81.1391
4,2048,92,36,86.8587
4,2048,92,38,84.2298
4,2048,92,40,86.2446
4,2048,92,42,80.9998
4,2048,92,44,81.003
4,2048,92,46,80.5135
4,2048,92,48,85.2745
4,2048,92,50,84.1805
4,2048,92,52,85.6786
4,2048,92,54,83.3833
4,2048,92,56,85.4787
4,2048,92,58,79.0763
4,2048,92,60,84.7506
4,2048,92,62,81.8303
4,2048,92,64,83.0152
4,2048,92,66,80.1964
4,2048,92,68,81.2612
4,2048,92,70,76.1817
4,2048,92,72,80.5698
4,2048,92,74,79.5037
4,2048,92,76,79.837
4,2048,92,78,77.9305
4,2048,92,80,79.9083
4,2048,92,82,67.8283
4,2048,92,84,79.2572
4,2048,92,86,77.3168
4,2048,92,88,78.9429
4,2048,92,90,75.9469
4,2048,94,2,30.9947
4,2048,94,4,48.3514
4,2048,94,6,50.7134
4,2048,94,8,59.7041
4,2048,94,10,58.2118
4,2048,94,12,76.3143
4,2048,94,14,70.8345
4,2048,94,16,76.5432
4,2048,94,18,71.2321
4,2048,94,20,75.0786
4,2048,94,22,69.7719
4,2048,94,24,85.2934
4,2048,94,26,82.0555
4,2048,94,28,81.7664
4,2048,94,30,78.0956
4,2048,94,32,82.1091
4,2048,94,34,80.2255
4,2048,94,36,85.6017
4,2048,94,38,82.3652
4,2048,94,40,83.8575
4,2048,94,42,79.0547
4,2048,94,44,79.5318
4,2048,94,46,77.2055
4,2048,94,48,84.113
4,2048,94,50,83.2736
4,2048,94,52,83.1673
4,2048,94,54,82.7159
4,2048,94,56,83.3469
4,2048,94,58,82.9698
4,2048,94,60,82.2909
4,2048,94,62,81.3887
4,2048,94,64,80.8705
4,2048,94,66,80.4006
4,2048,94,68,79.6189
4,2048,94,70,80.0445
4,2048,94,72,79.1176
4,2048,94,74,78.927
4,2048,94,76,78.6996
4,2048,94,78,77.8787
4,2048,94,80,77.2471
4,2048,94,82,77.0525
4,2048,94,84,77.8309
4,2048,94,86,77.4727
4,2048,94,88,77.0102
4,2048,94,90,75.3916
4,2048,94,92,75.2885
4,2048,96,2,34.0043
4,2048,96,4,51.3307
4,2048,96,6,56.3022
4,2048,96,8,63.9876
4,2048,96,10,63.7051
4,2048,96,12,88.859
4,2048,96,14,81.8061
4,2048,96,16,83.5238
4,2048,96,18,78.4091
4,2048,96,20,81.3258
4,2048,96,22,76.6436
4,2048,96,24,100.3689
4,2048,96,26,91.0312
4,2048,96,28,91.4846
4,2048,96,30,86.5918
4,2048,96,32,89.2437
4,2048,96,34,87.8942
4,2048,96,36,98.9397
4,2048,96,38,83.861
4,2048,96,40,91.2383
4,2048,96,42,90.394
4,2048,96,44,87.0998
4,2048,96,46,84.1224
4,2048,96,48,96.2012
4,2048,96,50,89.4167
4,2048,96,52,89.5685
4,2048,96,54,88.7666
4,2048,96,56,90.3479
4,2048,96,58,88.5214
4,2048,96,60,95.3807
4,2048,96,62,87.2585
4,2048,96,64,88.1553
4,2048,96,66,85.7987
4,2048,96,68,86.9464
4,2048,96,70,85.072
4,2048,96,72,91.454
4,2048,96,74,85.4264
4,2048,96,76,84.6274
4,2048,96,78,84.0536
4,2048,96,80,84.0396
4,2048,96,82,82.6404
4,2048,96,84,87.7954
4,2048,96,86,83.2107
4,2048,96,88,83.6324
4,2048,96,90,81.9966
4,2048,96,92,81.729
4,2048,96,94,79.8919
4,2048,98,2,33.2808
4,2048,98,4,50.5733
4,2048,98,6,53.1592
4,2048,98,8,60.5277
4,2048,98,10,61.7761
4,2048,98,12,81.4411
4,2048,98,14,77.358
4,2048,98,16,78.4573
4,2048,98,18,75.2223
4,2048,98,20,78.3049
4,2048,98,22,73.4806
4,2048,98,24,90.9606
4,2048,98,26,86.6844
4,2048,98,28,86.6652
4,2048,98,30,82.3487
4,2048,98,32,82.7457
4,2048,98,34,82.8027
4,2048,98,36,93.2978
4,2048,98,38,85.0248
4,2048,98,40,85.7756
4,2048,98,42,84.2888
4,2048,98,44,82.2487
4,2048,98,46,79.8411
4,2048,98,48,88.115
4,2048,98,50,88.9024
4,2048,98,52,85.1999
4,2048,98,54,84.99
4,2048,98,56,84.3562
4,2048,98,58,83.8917
4,2048,98,60,88.6335
4,2048,98,62,88.2443
4,2048,98,64,83.8838
4,2048,98,66,81.3768
4,2048,98,68,83.0728
4,2048,98,70,81.8053
4,2048,98,72,86.0246
4,2048,98,74,85.7545
4,2048,98,76,80.9182
4,2048,98,78,80.4704
4,2048,98,80,79.1323
4,2048,98,82,79.5266
4,2048,98,84,82.2798
4,2048,98,86,82.6157
4,2048,98,88,78.9722
4,2048,98,90,78.7097
4,2048,98,92,77.5254
4,2048,98,94,75.8464
4,2048,98,96,79.9029
4,2048,100,2,31.9887
4,2048,100,4,50.6619
4,2048,100,6,51.6762
4,2048,100,8,61.2999
4,2048,100,10,61.1332
4,2048,100,12,82.4016
4,2048,100,14,74.8581
4,2048,100,16,79.268
4,2048,100,18,74.3918
4,2048,100,20,78.9767
4,2048,100,22,76.2232
4,2048,100,24,92.3343
4,2048,100,26,85.5103
4,2048,100,28,88.7782
4,2048,100,30,81.5477
4,2048,100,32,84.0221
4,2048,100,34,83.9162
4,2048,100,36,93.5276
4,2048,100,38,90.7492
4,2048,100,40,87.569
4,2048,100,42,84.0705
4,2048,100,44,85.9144
4,2048,100,46,81.0688
4,2048,100,48,89.171
4,2048,100,50,88.7136
4,2048,100,52,90.5803
4,2048,100,54,84.5359
4,2048,100,56,85.8966
4,2048,100,58,84.2117
4,2048,100,60,88.735
4,2048,100,62,87.503
4,2048,100,64,89.0348
4,2048,100,66,81.591
4,2048,100,68,83.8791
4,2048,100,70,82.3159
4,2048,100,72,87.7224
4,2048,100,74,85.3401
4,2048,100,76,85.7667
4,2048,100,78,80.9023
4,2048,100,80,81.8254
4,2048,100,82,79.7201
4,2048,100,84,85.017
4,2048,100,86,81.7846
4,2048,100,88,83.7411
4,2048,100,90,78.828
4,2048,100,92,79.4465
4,2048,100,94,77.6334
4,2048,100,96,80.7849
4,2048,100,98,79.4099
4,2048,102,2,31.6108
4,2048,102,4,48.3858
4,2048,102,6,51.3179
4,2048,102,8,60.9539
4,2048,102,10,59.2014
4,2048,102,12,79.1033
4,2048,102,14,73.2226
4,2048,102,16,76.8177
4,2048,102,18,75.5304
4,2048,102,20,74.9876
4,2048,102,22,73.7533
4,2048,102,24,87.5317
4,2048,102,26,88.074
4,2048,102,28,85.1131
4,2048,102,30,82.5418
4,2048,102,32,80.8542
4,2048,102,34,79.6664
4,2048,102,36,89.1115
4,2048,102,38,87.6069
4,2048,102,40,84.6409
4,2048,102,42,83.0951
4,2048,102,44,82.2372
4,2048,102,46,78.3144
4,2048,102,48,85.4315
4,2048,102,50,83.0278
4,2048,102,52,86.7773
4,2048,102,54,86.5951
4,2048,102,56,82.4772
4,2048,102,58,81.8865
4,2048,102,60,85.405
4,2048,102,62,84.87
4,2048,102,64,84.5519
4,2048,102,66,83.8522
4,2048,102,68,80.0733
4,2048,102,70,79.9745
4,2048,102,72,83.4563
4,2048,102,74,83.7287
4,2048,102,76,82.9193
4,2048,102,78,81.8324
4,2048,102,80,78.2745
4,2048,102,82,78.2898
4,2048,102,84,81.3042
4,2048,102,86,80.8291
4,2048,102,88,79.5933
4,2048,102,90,79.0153
4,2048,102,92,76.9901
4,2048,102,94,76.2057
4,2048,102,96,79.0094
4,2048,102,98,77.545
4,2048,102,100,77.4152
4,2048,104,2,34.5345
4,2048,104,4,52.6801
4,2048,104,6,54.8349
4,2048,104,8,63.6058
4,2048,104,10,62.1317
4,2048,104,12,83.4736
4,2048,104,14,77.68
4,2048,104,16,80.1982
4,2048,104,18,77.8692
4,2048,104,20,79.3932
4,2048,104,22,78.0254
4,2048,104,24,93.4262
4,2048,104,26,90.6661
4,2048,104,28,88.9198
4,2048,104,30,86.4043
4,2048,104,32,84.0468
4,2048,104,34,80.8733
4,2048,104,36,92.7994
4,2048,104,38,91.6685
4,2048,104,40,92.3299
4,2048,104,42,85.4446
4,2048,104,44,86.7147
4,2048,104,46,85.2693
4,2048,104,48,90.3008
4,2048,104,50,88.243
4,2048,104,52,89.4309
4,2048,104,54,88.555
4,2048,104,56,90.3254
4,2048,104,58,84.5084
4,2048,104,60,89.6123
4,2048,104,62,80.8934
4,2048,104,64,88.3497
4,2048,104,66,85.7609
4,2048,104,68,87.264
4,2048,104,70,82.7226
4,2048,104,72,87.4978
4,2048,104,74,85.1394
4,2048,104,76,86.982
4,2048,104,78,84.5941
4,2048,104,80,86.133
4,2048,104,82,75.3032
4,2048,104,84,85.4696
4,2048,104,86,83.3815
4,2048,104,88,84.1375
4,2048,104,90,82.7037
4,2048,104,92,83.804
4,2048,104,94,78.8791
4,2048,104,96,82.5116
4,2048,104,98,81.4374
4,2048,104,100,81.0198
4,2048,104,102,80.4741
4,2048,106,2,33.2825
4,2048,106,4,50.8618
4,2048,106,6,53.2748
4,2048,106,8,61.0969
4,2048,106,10,61.2753
4,2048,106,12,79.2548
4,2048,106,14,74.7445
4,2048,106,16,77.7246
4,2048,106,18,76.5145
4,2048,106,20,75.4949
4,2048,106,22,74.9226
4,2048,106,24,89.1565
4,2048,106,26,85.0626
4,2048,106,28,84.7983
4,2048,106,30,83.5495
4,2048,106,32,82.4605
4,2048,106,34,78.7475
4,2048,106,36,88.6353
4,2048,106,38,86.5319
4,2048,106,40,87.6953
4,2048,106,42,82.9237
4,2048,106,44,82.6218
4,2048,106,46,81.6824
4,2048,106,48,86.2774
4,2048,106,50,83.3305
4,2048,106,52,83.8795
4,2048,106,54,85.4465
4,2048,106,56,86.1403
4,2048,106,58,86.2093
4,2048,106,60,85.3364
4,2048,106,62,84.8342
4,2048,106,64,83.228
4,2048,106,66,83.8213
4,2048,106,68,84.0824
4,2048,106,70,83.9071
4,2048,106,72,82.889
4,2048,106,74,83.9336
4,2048,106,76,82.5871
4,2048,106,78,82.2004
4,2048,106,80,82.7674
4,2048,106,82,82.0497
4,2048,106,84,81.947
4,2048,106,86,80.9577
4,2048,106,88,80.971
4,2048,106,90,79.9334
4,2048,106,92,79.5356
4,2048,106,94,78.6168
4,2048,106,96,79.9448
4,2048,106,98,78.9902
4,2048,106,100,77.8093
4,2048,106,102,71.5922
4,2048,106,104,70.6698
4,2048,108,2,36.11
4,2048,108,4,56.3759
4,2048,108,6,58.4768
4,2048,108,8,66.8625
4,2048,108,10,66.8441
4,2048,108,12,92.1087
4,2048,108,14,83.0962
4,2048,108,16,88.4968
4,2048,108,18,83.7046
4,2048,108,20,84.2041
4,2048,108,22,82.2866
4,2048,108,24,104.1466
4,2048,108,26,94.9213
4,2048,108,28,99.455
4,2048,108,30,91.2503
4,2048,108,32,92.1845
4,2048,108,34,86.938
4,2048,108,36,103.0921
4,2048,108,38,96.6346
4,2048,108,40,97.8951
4,2048,108,42,96.2392
4,2048,108,44,93.2156
4,2048,108,46,89.8906
4,2048,108,48,100.0211
4,2048,108,50,93.3657
4,2048,108,52,93.8636
4,2048,108,54,92.9083
4,2048,108,56,94.5726
4,2048,108,58,92.9123
4,2048,108,60,90.6215
4,2048,108,62,92.2562
4,2048,108,64,93.4946
4,2048,108,66,91.1192
4,2048,108,68,92.6374
4,2048,108,70,89.8445
4,2048,108,72,96.3589
4,2048,108,74,91.1293
4,2048,108,76,91.87
4,2048,108,78,89.002
4,2048,108,80,90.5775
4,2048,108,82,89.6605
4,2048,108,84,94.9303
4,2048,108,86,88.577
4,2048,108,88,90.4365
4,2048,108,90,87.9612
4,2048,108,92,88.0892
4,2048,108,94,86.3827
4,2048,108,96,91.186
4,2048,108,98,85.4821
4,2048,108,100,86.0117
4,2048,108,102,84.6983
4,2048,108,104,84.6494
4,2048,108,106,83.1689
4,2048,110,2,34.0259
4,2048,110,4,53.2699
4,2048,110,6,54.0323
4,2048,110,8,64.2897
4,2048,110,10,62.8328
4,2048,110,12,84.414
4,2048,110,14,79.8075
4,2048,110,16,82.2073
4,2048,110,18,76.3391
4,2048,110,20,79.1611
4,2048,110,22,76.8807
4,2048,110,24,94.7489
4,2048,110,26,88.3727
4,2048,110,28,91.7384
4,2048,110,30,86.0539
4,2048,110,32,87.2045
4,2048,110,34,81.8522
4,2048,110,36,94.1408
4,2048,110,38,89.1877
4,2048,110,40,90.7933
4,2048,110,42,82.241
4,2048,110,44,85.5168
4,2048,110,46,82.8732
4,2048,110,48,92.9734
4,2048,110,50,86.391
4,2048,110,52,87.1952
4,2048,110,54,83.9283
4,2048,110,56,86.9119
4,2048,110,58,86.5197
4,2048,110,60,91.2887
4,2048,110,62,90.7714
4,2048,110,64,85.8405
4,2048,110,66,86.1136
4,2048,110,68,86.3517
4,2048,110,70,86.1349
4,2048,110,72,89.2594
4,2048,110,74,89.7748
4,2048,110,76,83.8209
4,2048,110,78,85.1143
4,2048,110,80,84.447
4,2048,110,82,84.3627
4,2048,110,84,88.1895
4,2048,110,86,86.5338
4,2048,110,88,83.076
4,2048,110,90,82.7679
4,2048,110,92,83.0337
4,2048,110,94,81.7564
4,2048,110,96,84.2788
4,2048,110,98,84.5924
4,2048,110,100,81.2514
4,2048,110,102,80.4536
4,2048,110,104,79.6269
4,2048,110,106,78.0639
4,2048,110,108,80.7517
4,2048,112,2,34.9938
4,2048,112,4,53.3044
4,2048,112,6,56.1794
4,2048,112,8,65.0302
4,2048,112,10,63.4735
4,2048,112,12,85.5358
4,2048,112,14,81.2798
4,2048,112,16,84.4548
4,2048,112,18,78.4985
4,2048,112,20,81.7712
4,2048,112,22,77.1466
4,2048,112,24,95.6021
4,2048,112,26,90.3629
4,2048,112,28,93.7027
4,2048,112,30,86.9862
4,2048,112,32,87.1539
4,2048,112,34,83.1669
4,2048,112,36,94.56
4,2048,112,38,95.2527
4,2048,112,40,91.3617
4,2048,112,42,90.5988
4,2048,112,44,90.6427
4,2048,112,46,85.6574
4,2048,112,48,93.3939
4,2048,112,50,90.5687
4,2048,112,52,88.1344
4,2048,112,54,85.9196
4,2048,112,56,87.9449
4,2048,112,58,87.0063
4,2048,112,60,91.1145
4,2048,112,62,90.5384
4,2048,112,64,91.8781
4,2048,112,66,86.2245
4,2048,112,68,86.0755
4,2048,112,70,85.4734
4,2048,112,72,89.9312
4,2048,112,74,89.4235
4,2048,112,76,89.9979
4,2048,112,78,85.3254
4,2048,112,80,85.947
4,2048,112,82,84.4261
4,2048,112,84,89.2755
4,2048,112,86,85.662
4,2048,112,88,89.4028
4,2048,112,90,83.3852
4,2048,112,92,83.58
4,2048,112,94,80.9933
4,2048,112,96,86.3202
4,2048,112,98,84.0134
4,2048,112,100,84.7798
4,2048,112,102,80.5061
4,2048,112,104,81.3576
4,2048,112,106,78.7694
4,2048,112,108,83.0666
4,2048,112,110,80.7239
4,2048,114,2,36.112
4,2048,114,4,53.5732
4,2048,114,6,56.9332
4,2048,114,8,65.1605
4,2048,114,10,64.8311
4,2048,114,12,85.206
4,2048,114,14,79.0962
4,2048,114,16,81.9357
4,2048,114,18,78.7715
4,2048,114,20,81.9741
4,2048,114,22,76.9782
4,2048,114,24,95.3458
4,2048,114,26,89.912
4,2048,114,28,90.7104
4,2048,114,30,89.6235
4,2048,114,32,86.7415
4,2048,114,34,85.9334
4,2048,114,36,93.7962
4,2048,114,38,93.7977
4,2048,114,40,91.1137
4,2048,114,42,90.323
4,2048,114,44,90.3005
4,2048,114,46,85.8986
4,2048,114,48,92.4524
4,2048,114,50,89.407
4,2048,114,52,88.329
4,2048,114,54,86.8761
4,2048,114,56,86.1073
4,2048,114,58,88.0174
4,2048,114,60,91.0344
4,2048,114,62,88.5512
4,2048,114,64,89.595
4,2048,114,66,90.2928
4,2048,114,68,86.065
4,2048,114,70,85.8071
4,2048,114,72,88.9138
4,2048,114,74,88.9368
4,2048,114,76,89.0499
4,2048,114,78,88.8822
4,2048,114,80,85.245
4,2048,114,82,85.0199
4,2048,114,84,88.6872
4,2048,114,86,87.9604
4,2048,114,88,87.3658
4,2048,114,90,88.1162
4,2048,114,92,82.3869
4,2048,114,94,83.3448
4,2048,114,96,86.1446
4,2048,114,98,84.7508
4,2048,114,100,83.9106
4,2048,114,102,82.93
4,2048,114,104,80.8543
4,2048,114,106,80.3666
4,2048,114,108,82.713
4,2048,114,110,81.8656
4,2048,114,112,81.8063
4,2048,116,2,35.2525
4,2048,116,4,53.7475
4,2048,116,6,55.9042
4,2048,116,8,65.6952
4,2048,116,10,64.0109
4,2048,116,12,85.504
4,2048,116,14,79.9814
4,2048,116,16,83.9237
4,2048,116,18,79.6449
4,2048,116,20,82.4612
4,2048,116,22,77.4451
4,2048,116,24,96.9172
4,2048,116,26,93.3197
4,2048,116,28,92.0508
4,2048,116,30,89.5694
4,2048,116,32,88.5247
4,2048,116,34,85.424
4,2048,116,36,95.9652
4,2048,116,38,91.9171
4,2048,116,40,95.7969
4,2048,116,42,89.6662
4,2048,116,44,90.6495
4,2048,116,46,89.2972
4,2048,116,48,92.0401
4,2048,116,50,91.6302
4,2048,116,52,92.5069
4,2048,116,54,86.3202
4,2048,116,56,87.9422
4,2048,116,58,85.8262
4,2048,116,60,92.5448
4,2048,116,62,90.6339
4,2048,116,64,92.0209
4,2048,116,66,88.9074
4,2048,116,68,91.3662
4,2048,116,70,85.9778
4,2048,116,72,90.5616
4,2048,116,74,89.8326
4,2048,116,76,90.2067
4,2048,116,78,89.4734
4,2048,116,80,90.2855
4,2048,116,82,84.4718
4,2048,116,84,89.8775
4,2048,116,86,88.4989
4,2048,116,88,89.6422
4,2048,116,90,86.5243
4,2048,116,92,88.5885
4,2048,116,94,82.3998
4,2048,116,96,87.4284
4,2048,116,98,84.8744
4,2048,116,100,86.263
4,2048,116,102,83.8439
4,2048,116,104,85.2908
4,2048,116,106,80.3749
4,2048,116,108,83.7895
4,2048,116,110,83.0715
4,2048,116,112,82.8519
4,2048,116,114,79.8994
4,2048,118,2,34.9417
4,2048,118,4,53.6554
4,2048,118,6,54.7007
4,2048,118,8,64.7978
4,2048,118,10,63.3925
4,2048,118,12,84.085
4,2048,118,14,76.3225
4,2048,118,16,81.4243
4,2048,118,18,76.9666
4,2048,118,20,80.1034
4,2048,118,22,76.346
4,2048,118,24,92.7945
4,2048,118,26,88.2564
4,2048,118,28,87.3603
4,2048,118,30,88.0136
4,2048,118,32,85.3982
4,2048,118,34,83.5229
4,2048,118,36,92.0779
4,2048,118,38,89.5747
4,2048,118,40,92.4766
4,2048,118,42,87.1671
4,2048,118,44,88.2132
4,2048,118,46,86.523
4,2048,118,48,90.4921
4,2048,118,50,87.5004
4,2048,118,52,87.1624
4,2048,118,54,84.7883
4,2048,118,56,84.3179
4,2048,118,58,82.444
4,2048,118,60,88.3678
4,2048,118,62,86.7439
4,2048,118,64,87.4085
4,2048,118,66,87.4332
4,2048,118,68,87.4666
4,2048,118,70,85.9806
4,2048,118,72,87.0003
4,2048,118,74,87.0752
4,2048,118,76,86.9235
4,2048,118,78,87.1073
4,2048,118,80,86.9422
4,2048,118,82,86.293
4,2048,118,84,86.3253
4,2048,118,86,85.7414
4,2048,118,88,85.3547
4,2048,118,90,85.1328
4,2048,118,92,85.0849
4,2048,118,94,84.6014
4,2048,118,96,83.7505
4,2048,118,98,83.5695
4,2048,118,100,82.1805
4,2048,118,102,81.564
4,2048,118,104,81.6698
4,2048,118,106,81.5167
4,2048,118,108,81.0661
4,2048,118,110,80.5473
4,2048,118,112,77.5705
4,2048,118,114,79.0126
4,2048,118,116,78.7492
4,2048,120,2,38.1321
4,2048,120,4,55.6084
4,2048,120,6,60.8284
4,2048,120,8,68.7182
4,2048,120,10,68.6417
4,2048,120,12,95.4536
4,2048,120,14,86.4248
4,2048,120,16,88.0074
4,2048,120,18,86.7865
4,2048,120,20,86.4966
4,2048,120,22,82.7333
4,2048,120,24,106.5962
4,2048,120,26,99.1029
4,2048,120,28,97.6225
4,2048,120,30,95.7931
4,2048,120,32,95.6816
4,2048,120,34,89.5506
4,2048,120,36,102.7044
4,2048,120,38,97.3093
4,2048,120,40,93.0831
4,2048,120,42,98.1458
4,2048,120,44,95.6515
4,2048,120,46,93.3751
4,2048,120,48,103.5285
4,2048,120,50,96.2492
4,2048,120,52,96.5913
4,2048,120,54,94.2412
4,2048,120,56,91.4672
4,2048,120,58,90.0167
4,2048,120,60,99.6598
4,2048,120,62,93.7941
4,2048,120,64,92.7395
4,2048,120,66,93.3812
4,2048,120,68,94.2974
4,2048,120,70,87.4206
4,2048,120,72,98.6515
4,2048,120,74,93.4092
4,2048,120,76,93.9202
4,2048,120,78,92.3911
4,2048,120,80,92.4468
4,2048,120,82,92.0274
4,2048,120,84,88.4535
4,2048,120,86,91.7662
4,2048,120,88,93.4529
4,2048,120,90,91.4849
4,2048,120,92,91.9028
4,2048,120,94,89.2467
4,2048,120,96,93.9235
4,2048,120,98,89.0411
4,2048,120,100,89.7008
4,2048,120,102,88.2741
4,2048,120,104,87.999
4,2048,120,106,86.2167
4,2048,120,108,91.3905
4,2048,120,110,86.6032
4,2048,120,112,86.6174
4,2048,120,114,84.8809
4,2048,120,116,84.2049
4,2048,120,118,83.1085
4,2048,122,2,38.0032
4,2048,122,4,55.8422
4,2048,122,6,58.5369
4,2048,122,8,66.9636
4,2048,122,10,66.0788
4,2048,122,12,89.5269
4,2048,122,14,81.7572
4,2048,122,16,84.6183
4,2048,122,18,82.6972
4,2048,122,20,82.5343
4,2048,122,22,81.4301
4,2048,122,24,100.2619
4,2048,122,26,94.159
4,2048,122,28,92.7602
4,2048,122,30,88.6709
4,2048,122,32,92.399
4,2048,122,34,86.7054
4,2048,122,36,99.1795
4,2048,122,38,93.52
4,2048,122,40,94.361
4,2048,122,42,93.4243
4,2048,122,44,90.8689
4,2048,122,46,89.1395
4,2048,122,48,97.8972
4,2048,122,50,91.7438
4,2048,122,52,90.4155
4,2048,122,54,88.5849
4,2048,122,56,89.5291
4,2048,122,58,86.0037
4,2048,122,60,93.6734
4,2048,122,62,95.5092
4,2048,122,64,90.6717
4,2048,122,66,81.2714
4,2048,122,68,89.2581
4,2048,122,70,89.2548
4,2048,122,72,93.5622
4,2048,122,74,94.8126
4,2048,122,76,89.5166
4,2048,122,78,89.5736
4,2048,122,80,90.0425
4,2048,122,82,89.3387
4,2048,122,84,92.3575
4,2048,122,86,91.7924
4,2048,122,88,87.6596
4,2048,122,90,88.2525
4,2048,122,92,88.8884
4,2048,122,94,88.0909
4,2048,122,96,91.1111
4,2048,122,98,90.0196
4,2048,122,100,86.0267
4,2048,122,102,84.9656
4,2048,122,104,84.3752
4,2048,122,106,84.6468
4,2048,122,108,86.5645
4,2048,122,110,86.3794
4,2048,122,112,83.0863
4,2048,122,114,82.7681
4,2048,122,116,82.0155
4,2048,122,118,80.6864
4,2048,122,120,82.9467
4,2048,124,2,36.5144
4,2048,124,4,56.2273
4,2048,124,6,57.3299
4,2048,124,8,67.4775
4,2048,124,10,65.4492
4,2048,124,12,89.1464
4,2048,124,14,83.6665
4,2048,124,16,88.4321
4,2048,124,18,83.5372
4,2048,124,20,83.4793
4,2048,124,22,81.4341
4,2048,124,24,100.1731
4,2048,124,26,94.4288
4,2048,124,28,96.8236
4,2048,124,30,89.9428
4,2048,124,32,93.5743
4,2048,124,34,87.1332
4,2048,124,36,100.2691
4,2048,124,38,93.0013
4,2048,124,40,95.2359
4,2048,124,42,94.116
4,2048,124,44,95.8092
4,2048,124,46,90.0894
4,2048,124,48,99.2072
4,2048,124,50,97.2256
4,2048,124,52,93.5393
4,2048,124,54,90.5479
4,2048,124,56,92.7603
4,2048,124,58,84.7345
4,2048,124,60,94.7647
4,2048,124,62,92.8752
4,2048,124,64,94.8402
4,2048,124,66,88.591
4,2048,124,68,90.2525
4,2048,124,70,89.58
4,2048,124,72,93.0321
4,2048,124,74,93.7386
4,2048,124,76,94.2669
4,2048,124,78,88.7531
4,2048,124,80,89.8062
4,2048,124,82,90.099
4,2048,124,84,94.2405
4,2048,124,86,91.1768
4,2048,124,88,94.0669
4,2048,124,90,88.3001
4,2048,124,92,89.773
4,2048,124,94,86.0514
4,2048,124,96,92.2081
4,2048,124,98,90.3984
4,2048,124,100,92.0695
4,2048,124,102,85.7796
4,2048,124,104,85.8393
4,2048,124,106,84.5216
4,2048,124,108,87.7164
4,2048,124,110,86.1497
4,2048,124,112,87.7144
4,2048,124,114,82.948
4,2048,124,116,82.6733
4,2048,124,118,81.373
4,2048,124,120,84.499
4,2048,124,122,82.006
4,2048,126,2,36.2332
4,2048,126,4,53.7812
4,2048,126,6,56.4635
4,2048,126,8,66.451
4,2048,126,10,64.3163
4,2048,126,12,86.5275
4,2048,126,14,80.6325
4,2048,126,16,85.0161
4,2048,126,18,80.954
4,2048,126,20,81.6862
4,2048,126,22,79.4659
4,2048,126,24,96.5421
4,2048,126,26,90.6603
4,2048,126,28,91.9138
4,2048,126,30,87.3073
4,2048,126,32,89.4296
4,2048,126,34,88.2173
4,2048,126,36,96.0022
4,2048,126,38,93.6563
4,2048,126,40,90.8034
4,2048,126,42,91.3426
4,2048,126,44,92.1442
4,2048,126,46,87.5841
4,2048,126,48,95.8151
4,2048,126,50,91.9297
4,2048,126,52,90.1342
4,2048,126,54,88.685
4,2048,126,56,88.2089
4,2048,126,58,85.5268
4,2048,126,60,91.3836
4,2048,126,62,89.0995
4,2048,126,64,90.5757
4,2048,126,66,91.1259
4,2048,126,68,87.5083
4,2048,126,70,87.8512
4,2048,126,72,90.8877
4,2048,126,74,91.3574
4,2048,126,76,90.5915
4,2048,126,78,90.584
4,2048,126,80,87.4651
4,2048,126,82,85.3428
4,2048,126,84,88.0937
4,2048,126,86,90.1412
4,2048,126,88,90.3575
4,2048,126,90,89.9993
4,2048,126,92,86.5955
4,2048,126,94,85.6331
4,2048,126,96,88.7114
4,2048,126,98,87.6199
4,2048,126,100,87.0352
4,2048,126,102,87.7912
4,2048,126,104,83.5734
4,2048,126,106,83.1677
4,2048,126,108,85.2288
4,2048,126,110,84.4987
4,2048,126,112,83.8474
4,2048,126,114,83.2985
4,2048,126,116,81.4851
4,2048,126,118,79.6545
4,2048,126,120,81.7547
4,2048,126,122,80.6784
4,2048,126,124,80.2886
4,2048,128,2,38.8487
4,2048,128,4,57.6516
4,2048,128,6,59.3897
4,2048,128,8,68.4288
4,2048,128,10,67.5419
4,2048,128,12,89.0293
4,2048,128,14,83.4679
4,2048,128,16,87.4877
4,2048,128,18,81.3093
4,2048,128,20,83.6058
4,2048,128,22,81.235
4,2048,128,24,98.9047
4,2048,128,26,96.6169
4,2048,128,28,94.7759
4,2048,128,30,89.9239
4,2048,128,32,91.5833
4,2048,128,34,87.2628
4,2048,128,36,97.0348
4,2048,128,38,94.4883
4,2048,128,40,92.4533
4,2048,128,42,89.4591
4,2048,128,44,92.6044
4,2048,128,46,90.9898
4,2048,128,48,94.5394
4,2048,128,50,94.0901
4,2048,128,52,94.484
4,2048,128,54,89.149
4,2048,128,56,88.9394
4,2048,128,58,87.0115
4,2048,128,60,91.5417
4,2048,128,62,89.2647
4,2048,128,64,90.9672
4,2048,128,66,89.9685
4,2048,128,68,91.5803
4,2048,128,70,86.4824
4,2048,128,72,91.5767
4,2048,128,74,90.4586
4,2048,128,76,91.5408
4,2048,128,78,89.7005
4,2048,128,80,91.9316
4,2048,128,82,86.846
4,2048,128,84,90.5662
4,2048,128,86,89.4144
4,2048,128,88,90.2601
4,2048,128,90,89.546
4,2048,128,92,89.2248
4,2048,128,94,85.318
4,2048,128,96,88.2803
4,2048,128,98,87.9125
4,2048,128,100,88.0607
4,2048,128,102,87.2688
4,2048,128,104,87.6797
4,2048,128,106,83.0006
4,2048,128,108,86.3227
4,2048,128,110,84.8639
4,2048,128,112,85.1042
4,2048,128,114,83.4021
4,2048,128,116,84.3957
4,2048,128,118,79.4383
4,2048,128,120,81.6807
4,2048,128,122,81.1131
4,2048,128,124,81.4391
4,2048,128,126,80.3311
4,2048,130,2,38.3768
4,2048,130,4,56.8625
4,2048,130,6,58.6731
4,2048,130,8,66.4077
4,2048,130,10,66.9623
4,2048,130,12,86.8436
4,2048,130,14,80.9782
4,2048,130,16,83.7598
4,2048,130,18,80.8581
4,2048,130,20,82.1564
4,2048,130,22,80.8494
4,2048,130,24,96.6919
4,2048,130,26,94.3049
4,2048,130,28,93.0795
4,2048,130,30,86.2458
4,2048,130,32,81.717
4,2048,130,34,88.5798
4,2048,130,36,95.7464
4,2048,130,38,93.0824
4,2048,130,40,91.8845
4,2048,130,42,89.4281
4,2048,130,44,91.297
4,2048,130,46,88.9127
4,2048,130,48,93.1988
4,2048,130,50,92.9451
4,2048,130,52,93.5452
4,2048,130,54,87.7082
4,2048,130,56,88.998
4,2048,130,58,86.9592
4,2048,130,60,91.8088
4,2048,130,62,89.1707
4,2048,130,64,89.2732
4,2048,130,66,89.3378
4,2048,130,68,88.6448
4,2048,130,70,89.4956
4,2048,130,72,89.7398
4,2048,130,74,90.81
4,2048,130,76,90.9586
4,2048,130,78,89.1082
4,2048,130,80,90.6139
4,2048,130,82,90.8507
4,2048,130,84,89.5892
4,2048,130,86,90.2351
4,2048,130,88,89.393
4,2048,130,90,89.2397
4,2048,130,92,89.4034
4,2048,130,94,88.4884
4,2048,130,96,88.2136
4,2048,130,98,87.806
4,2048,130,100,87.2534
4,2048,130,102,87.4448
4,2048,130,104,87.2155
4,2048,130,106,87.0665
4,2048,130,108,85.5536
4,2048,130,110,85.2889
4,2048,130,112,84.2285
4,2048,130,114,84.3492
4,2048,130,116,81.896
4,2048,130,118,82.7165
4,2048,130,120,81.9354
4,2048,130,122,81.6585
4,2048,130,124,80.0516
4,2048,130,126,79.9644
4,2048,130,128,80.2286
4,2048,132,2,38.9519
4,2048,132,4,59.7952
4,2048,132,6,61.3674
4,2048,132,8,70.4883
4,2048,132,10,68.6664
4,2048,132,12,97.0874
4,2048,132,14,86.4622
4,2048,132,16,90.5002
4,2048,132,18,85.0694
4,2048,132,20,88.5004
4,2048,132,22,84.7323
4,2048,132,24,107.1551
4,2048,132,26,99.2187
4,2048,132,28,99.0532
4,2048,132,30,95.6172
4,2048,132,32,95.0362
4,2048,132,34,92.0197
4,2048,132,36,107.3034
4,2048,132,38,97.6468
4,2048,132,40,100.803
4,2048,132,42,93.86
4,2048,132,44,97.6124
4,2048,132,46,89.7961
4,2048,132,48,106.1144
4,2048,132,50,98.8605
4,2048,132,52,100.0226
4,2048,132,54,98.1805
4,2048,132,56,95.1081
4,2048,132,58,92.8901
4,2048,132,60,101.3503
4,2048,132,62,94.3565
4,2048,132,64,95.453
4,2048,132,66,92.4084
4,2048,132,68,95.578
4,2048,132,70,94.0576
4,2048,132,72,99.4962
4,2048,132,74,94.5044
4,2048,132,76,95.6297
4,2048,132,78,94.0443
4,2048,132,80,95.7346
4,2048,132,82,94.5041
4,2048,132,84,99.7449
4,2048,132,86,94.1881
4,2048,132,88,94.9991
4,2048,132,90,93.3436
4,2048,132,92,95.1574
4,2048,132,94,93.1466
4,2048,132,96,96.3413
4,2048,132,98,92.6183
4,2048,132,100,89.5603
4,2048,132,102,91.4695
4,2048,132,104,92.2969
4,2048,132,106,90.4544
4,2048,132,108,95.0682
4,2048,132,110,89.6246
4,2048,132,112,89.8412
4,2048,132,114,88.4454
4,2048,132,116,88.6067
4,2048,132,118,85.385
4,2048,132,120,89.987
4,2048,132,122,85.8773
4,2048,132,124,86.673
4,2048,132,126,83.0631
4,2048,132,128,83.2674
4,2048,132,130,82.1421
4,2048,134,2,37.3612
4,2048,134,4,56.4746
4,2048,134,6,57.3581
4,2048,134,8,68.0659
4,2048,134,10,65.8308
4,2048,134,12,88.5597
4,2048,134,14,82.5763
4,2048,134,16,85.5679
4,2048,134,18,80.9546
4,2048,134,20,84.5762
4,2048,134,22,78.7678
4,2048,134,24,100.2564
4,2048,134,26,92.8019
4,2048,134,28,92.9489
4,2048,134,30,90.2377
4,2048,134,32,88.9673
4,2048,134,34,88.0664
4,2048,134,36,99.9651
4,2048,134,38,93.99
4,2048,134,40,94.5708
4,2048,134,42,90.3023
4,2048,134,44,90.6553
4,2048,134,46,89.932
4,2048,134,48,97.4672
4,2048,134,50,93.1941
4,2048,134,52,93.0405
4,2048,134,54,91.2107
4,2048,134,56,89.0813
4,2048,134,58,86.5261
4,2048,134,60,94.3488
4,2048,134,62,88.2639
4,2048,134,64,88.2475
4,2048,134,66,86.6715
4,2048,134,68,88.9081
4,2048,134,70,88.9204
4,2048,134,72,93.1273
4,2048,134,74,92.7242
4,2048,134,76,89.8368
4,2048,134,78,88.566
4,2048,134,80,88.882
4,2048,134,82,89.3104
4,2048,134,84,92.7541
4,2048,134,86,92.5988
4,2048,134,88,88.8179
4,2048,134,90,88.5844
4,2048,134,92,88.4945
4,2048,134,94,88.1908
4,2048,134,96,89.7245
4,2048,134,98,90.628
4,2048,134,100,86.9762
4,2048,134,102,86.9583
4,2048,134,104,86.2475
4,2048,134,106,86.0006
4,2048,134,108,88.618
4,2048,134,110,87.56
4,2048,134,112,84.1773
4,2048,134,114,83.9179
4,2048,134,116,82.7888
4,2048,134,118,82.2883
4,2048,134,120,83.8941
4,2048,134,122,83.8544
4,2048,134,124,80.5893
4,2048,134,126,80.3465
4,2048,134,128,79.3856
4,2048,134,130,77.5227
4,2048,134,132,80.0817
4,2048,136,2,38.099
4,2048,136,4,57.1256
4,2048,136,6,59.5092
4,2048,136,8,68.4792
4,2048,136,10,67.39
4,2048,136,12,89.0891
4,2048,136,14,83.8245
4,2048,136,16,86.4206
4,2048,136,18,81.8896
4,2048,136,20,85.6448
4,2048,136,22,81.3909
4,2048,136,24,101.4661
4,2048,136,26,94.6154
4,2048,136,28,98.3668
4,2048,136,30,90.3564
4,2048,136,32,90.7434
4,2048,136,34,88.2832
4,2048,136,36,100.1445
4,2048,136,38,94.3132
4,2048,136,40,95.4872
4,2048,136,42,90.5215
4,2048,136,44,91.6792
4,2048,136,46,91.2419
4,2048,136,48,99.9341
4,2048,136,50,97.9255
4,2048,136,52,95.9531
4,2048,136,54,93.1995
4,2048,136,56,93.7639
4,2048,136,58,88.9034
4,2048,136,60,96.1622
4,2048,136,62,93.4171
4,2048,136,64,91.2662
4,2048,136,66,88.4315
4,2048,136,68,89.6613
4,2048,136,70,89.116
4,2048,136,72,93.4316
4,2048,136,74,92.6097
4,2048,136,76,94.7009
4,2048,136,78,89.3142
4,2048,136,80,91.0102
4,2048,136,82,89.0267
4,2048,136,84,93.6562
4,2048,136,86,92.8575
4,2048,136,88,94.1932
4,2048,136,90,89.0442
4,2048,136,92,89.8035
4,2048,136,94,88.9934
4,2048,136,96,86.3636
4,2048,136,98,91.661
4,2048,136,100,92.2106
4,2048,136,102,87.0182
4,2048,136,104,88.2756
4,2048,136,106,86.3211
4,2048,136,108,88.8699
4,2048,136,110,87.6521
4,2048,136,112,89.0157
4,2048,136,114,84.3497
4,2048,136,116,85.3112
4,2048,136,118,82.5289
4,2048,136,120,86.0831
4,2048,136,122,83.3492
4,2048,136,124,84.2346
4,2048,136,126,80.5018
4,2048,136,128,81.2633
4,2048,136,130,78.1453
4,2048,136,132,80.8285
4,2048,136,134,80.329
4,2048,138,2,39.5201
4,2048,138,4,57.4516
4,2048,138,6,60.1634
4,2048,138,8,69.4764
4,2048,138,10,68.3642
4,2048,138,12,89.9221
4,2048,138,14,85.272
4,2048,138,16,86.7019
4,2048,138,18,85.0677
4,2048,138,20,85.7101
4,2048,138,22,81.6026
4,2048,138,24,100.4682
4,2048,138,26,95.0517
4,2048,138,28,97.1963
4,2048,138,30,91.5981
4,2048,138,32,90.901
4,2048,138,34,87.7782
4,2048,138,36,100.1986
4,2048,138,38,98.5064
4,2048,138,40,96.5023
4,2048,138,42,94.0208
4,2048,138,44,91.703
4,2048,138,46,90.2696
4,2048,138,48,99.1837
4,2048,138,50,97.1614
4,2048,138,52,93.7921
4,2048,138,54,92.096
4,2048,138,56,94.1533
4,2048,138,58,88.3158
4,2048,138,60,94.9462
4,2048,138,62,93.8214
4,2048,138,64,91.7799
4,2048,138,66,87.8792
4,2048,138,68,88.7363
4,2048,138,70,89.9855
4,2048,138,72,93.8324
4,2048,138,74,93.9812
4,2048,138,76,93.9013
4,2048,138,78,93.7079
4,2048,138,80,90.6106
4,2048,138,82,89.7939
4,2048,138,84,94.175
4,2048,138,86,93.4251
4,2048,138,88,93.0839
4,2048,138,90,94.3709
4,2048,138,92,89.5244
4,2048,138,94,89.5161
4,2048,138,96,93.1891
4,2048,138,98,92.8975
4,2048,138,100,91.0643
4,2048,138,102,91.9684
4,2048,138,104,87.972
4,2048,138,106,87.9251
4,2048,138,108,90.0821
4,2048,138,110,90.6068
4,2048,138,112,89.0527
4,2048,138,114,89.0987
4,2048,138,116,84.8569
4,2048,138,118,82.1151
4,2048,138,120,86.8901
4,2048,138,122,85.7248
4,2048,138,124,84.941
4,2048,138,126,84.4511
4,2048,138,128,82.2813
4,2048,138,130,81.0757
4,2048,138,132,82.6466
4,2048,138,134,82.3925
4,2048,138,136,81.6825
4,2048,140,2,38.794
4,2048,140,4,58.903
4,2048,140,6,59.6621
4,2048,140,8,69.2351
4,2048,140,10,67.7396
4,2048,140,12,90.5383
4,2048,140,14,85.5547
4,2048,140,16,82.8845
4,2048,140,18,83.8926
4,2048,140,20,85.8148
4,2048,140,22,81.1966
4,2048,140,24,101.6314
4,2048,140,26,95.2699
4,2048,140,28,98.6876
4,2048,140,30,92.3378
4,2048,140,32,93.1947
4,2048,140,34,88.3463
4,2048,140,36,102.1273
4,2048,140,38,99.9744
4,2048,140,40,96.7389
4,2048,140,42,92.9142
4,2048,140,44,92.4177
4,2048,140,46,89.2925
4,2048,140,48,99.6585
4,2048,140,50,97.6175
4,2048,140,52,98.2951
4,2048,140,54,93.3585
4,2048,140,56,94.468
4,2048,140,58,92.5127
4,2048,140,60,97.7704
4,2048,140,62,94.6381
4,2048,140,64,93.6394
4,2048,140,66,88.9111
4,2048,140,68,89.901
4,2048,140,70,89.7974
4,2048,140,72,94.4646
4,2048,140,74,93.3526
4,2048,140,76,93.1889
4,2048,140,78,93.7564
4,2048,140,80,94.0858
4,2048,140,82,90.2465
4,2048,140,84,94.8309
4,2048,140,86,93.0919
4,2048,140,88,94.9131
4,2048,140,90,93.2868
4,2048,140,92,94.0065
4,2048,140,94,89.8386
4,2048,140,96,93.8407
4,2048,140,98,92.4048
4,2048,140,100,92.4002
4,2048,140,102,92.0272
4,2048,140,104,93.2857
4,2048,140,106,87.6307
4,2048,140,108,91.6685
4,2048,140,110,88.8371
4,2048,140,112,90.6011
4,2048,140,114,89.2112
4,2048,140,116,89.8063
4,2048,140,118,84.8421
4,2048,140,120,87.2626
4,2048,140,122,86.3155
4,2048,140,124,86.4244
4,2048,140,126,84.5572
4,2048,140,128,85.9778
4,2048,140,130,80.7783
4,2048,140,132,84.3832
4,2048,140,134,82.9789
4,2048,140,136,82.8966
4,2048,140,138,81.7319
4,2048,142,2,38.5892
4,2048,142,4,57.7056
4,2048,142,6,58.6512
4,2048,142,8,68.3756
4,2048,142,10,66.6712
4,2048,142,12,89.1173
4,2048,142,14,82.4749
4,2048,142,16,87.3123
4,2048,142,18,83.2018
4,2048,142,20,83.8619
4,2048,142,22,80.1612
4,2048,142,24,98.8609
4,2048,142,26,95.2922
4,2048,142,28,94.6751
4,2048,142,30,89.8495
4,2048,142,32,90.7949
4,2048,142,34,86.9117
4,2048,142,36,98.7222
4,2048,142,38,96.0636
4,2048,142,40,94.2491
4,2048,142,42,92.4612
4,2048,142,44,90.6175
4,2048,142,46,88.1738
4,2048,142,48,96.4705
4,2048,142,50,95.8329
4,2048,142,52,96.6272
4,2048,142,54,91.0367
4,2048,142,56,92.1462
4,2048,142,58,89.5615
4,2048,142,60,93.2018
4,2048,142,62,92.0396
4,2048,142,64,91.7323
4,2048,142,66,88.0028
4,2048,142,68,87.9841
4,2048,142,70,86.3375
4,2048,142,72,91.1889
4,2048,142,74,90.6112
4,2048,142,76,90.9472
4,2048,142,78,91.355
4,2048,142,80,91.3113
4,2048,142,82,91.2433
4,2048,142,84,91.1155
4,2048,142,86,91.6686
4,2048,142,88,91.3429
4,2048,142,90,91.7578
4,2048,142,92,91.0669
4,2048,142,94,91.8947
4,2048,142,96,90.4242
4,2048,142,98,90.3711
4,2048,142,100,89.8032
4,2048,142,102,89.4608
4,2048,142,104,89.5264
4,2048,142,106,89.1908
4,2048,142,108,88.7716
4,2048,142,110,88.5173
4,2048,142,112,81.3017
4,2048,142,114,87.0988
4,2048,142,116,86.5291
4,2048,142,118,85.5146
4,2048,142,120,84.896
4,2048,142,122,84.2799
4,2048,142,124,84.1351
4,2048,142,126,83.5826
4,2048,142,128,82.482
4,2048,142,130,81.7589
4,2048,142,132,81.8709
4,2048,142,134,81.4197
4,2048,142,136,81.1583
4,2048,142,138,80.2907
4,2048,142,140,79.4846
4,2048,144,2,41.2604
4,2048,144,4,59.3163
4,2048,144,6,63.6487
4,2048,144,8,71.2295
4,2048,144,10,64.645
4,2048,144,12,98.7532
4,2048,144,14,89.868
4,2048,144,16,92.3375
4,2048,144,18,86.049
4,2048,144,20,88.2295
4,2048,144,22,87.2999
4,2048,144,24,110.4113
4,2048,144,26,101.675
4,2048,144,28,100.3427
4,2048,144,30,99.5906
4,2048,144,32,95.7084
4,2048,144,34,91.6276
4,2048,144,36,109.1997
4,2048,144,38,101.6436
4,2048,144,40,102.14
4,2048,144,42,98.4777
4,2048,144,44,98.0335
4,2048,144,46,93.6565
4,2048,144,48,108.0572
4,2048,144,50,99.945
4,2048,144,52,102.4527
4,2048,144,54,101.0256
4,2048,144,56,96.0833
4,2048,144,58,96.2902
4,2048,144,60,104.0673
4,2048,144,62,97.4775
4,2048,144,64,96.9143
4,2048,144,66,95.8219
4,2048,144,68,92.8881
4,2048,144,70,91.0123
4,2048,144,72,100.2995
4,2048,144,74,96.3147
4,2048,144,76,96.108
4,2048,144,78,95.6994
4,2048,144,80,96.4008
4,2048,144,82,95.446
4,2048,144,84,100.4767
4,2048,144,86,95.1061
4,2048,144,88,96.6366
4,2048,144,90,94.8867
4,2048,144,92,96.5072
4,2048,144,94,93.9877
4,2048,144,96,99.9144
4,2048,144,98,94.8401
4,2048,144,100,94.0218
4,2048,144,102,93.3871
4,2048,144,104,95.0957
4,2048,144,106,93.3076
4,2048,144,108,96.3574
4,2048,144,110,91.3291
4,2048,144,112,92.0917
4,2048,144,114,90.5487
4,2048,144,116,89.9212
4,2048,144,118,88.9478
4,2048,144,120,94.3781
4,2048,144,122,88.2432
4,2048,144,124,88.5415
4,2048,144,126,86.9628
4,2048,144,128,86.3402
4,2048,144,130,85.0448
4,2048,144,132,88.4355
4,2048,144,134,83.8989
4,2048,144,136,85.3335
4,2048,144,138,84.4399
4,2048,144,140,83.4974
4,2048,144,142,83.0021
4,2048,146,2,39.7531
4,2048,146,4,58.5782
4,2048,146,6,60.328
4,2048,146,8,68.2902
4,2048,146,10,67.3976
4,2048,146,12,91.1443
4,2048,146,14,83.6832
4,2048,146,16,87.3005
4,2048,146,18,83.5388
4,2048,146,20,83.4485
4,2048,146,22,82.7585
4,2048,146,24,101.7836
4,2048,146,26,96.9066
4,2048,146,28,95.1011
4,2048,146,30,93.0513
4,2048,146,32,91.8599
4,2048,146,34,87.407
4,2048,146,36,99.9747
4,2048,146,38,97.0633
4,2048,146,40,97.5296
4,2048,146,42,93.4512
4,2048,146,44,92.3455
4,2048,146,46,88.7932
4,2048,146,48,99.2335
4,2048,146,50,95.2207
4,2048,146,52,96.1927
4,2048,146,54,94.312
4,2048,146,56,92.3357
4,2048,146,58,90.5579
4,2048,146,60,98.5009
4,2048,146,62,92.4518
4,2048,146,64,92.3133
4,2048,146,66,89.8758
4,2048,146,68,88.3129
4,2048,146,70,87.0469
4,2048,146,72,92.3462
4,2048,146,74,94.3263
4,2048,146,76,90.5272
4,2048,146,78,89.5148
4,2048,146,80,89.9019
4,2048,146,82,90.7558
4,2048,146,84,93.756
4,2048,146,86,93.0518
4,2048,146,88,90.448
4,2048,146,90,90.3337
4,2048,146,92,90.1637
4,2048,146,94,89.921
4,2048,146,96,92.1408
4,2048,146,98,93.3592
4,2048,146,100,89.3746
4,2048,146,102,88.9177
4,2048,146,104,89.0119
4,2048,146,106,88.6216
4,2048,146,108,90.7608
4,2048,146,110,91.0105
4,2048,146,112,87.2168
4,2048,146,114,86.5776
4,2048,146,116,85.7207
4,2048,146,118,85.5566
4,2048,146,120,87.7138
4,2048,146,122,87.9677
4,2048,146,124,83.6786
4,2048,146,126,83.0058
4,2048,146,128,83.0332
4,2048,146,130,81.7648
4,2048,146,132,83.3523
4,2048,146,134,83.377
4,2048,146,136,81.392
4,2048,146,138,80.4825
4,2048,146,140,79.9562
4,2048,146,142,79.0291
4,2048,146,144,80.8866
4,2048,148,2,39.8338
4,2048,148,4,60.8983
4,2048,148,6,61.0672
4,2048,148,8,70.8666
4,2048,148,10,69.3027
4,2048,148,12,93.6479
4,2048,148,14,87.2619
4,2048,148,16,90.2005
4,2048,148,18,85.3121
4,2048,148,20,88.0722
4,2048,148,22,85.5436
4,2048,148,24,105.1387
4,2048,148,26,99.0284
4,2048,148,28,98.7856
4,2048,148,30,96.7178
4,2048,148,32,95.2641
4,2048,148,34,91.8986
4,2048,148,36,105.012
4,2048,148,38,99.2014
4,2048,148,40,101.5551
4,2048,148,42,94.8675
4,2048,148,44,96.8884
4,2048,148,46,91.2235
4,2048,148,48,103.3824
4,2048,148,50,102.5061
4,2048,148,52,99.0524
4,2048,148,54,97.6375
4,2048,148,56,99.479
4,2048,148,58,94.5283
4,2048,148,60,101.2762
4,2048,148,62,99.6185
4,2048,148,64,96.733
4,2048,148,66,93.9341
4,2048,148,68,94.7153
4,2048,148,70,91.0122
4,2048,148,72,97.4959
4,2048,148,74,96.5375
4,2048,148,76,99.062
4,2048,148,78,93.4426
4,2048,148,80,95.5428
4,2048,148,82,93.5663
4,2048,148,84,98.4776
4,2048,148,86,96.7748
4,2048,148,88,98.7947
4,2048,148,90,92.9819
4,2048,148,92,94.9455
4,2048,148,94,93.1171
4,2048,148,96,96.3667
4,2048,148,98,96.331
4,2048,148,100,97.7874
4,2048,148,102,91.9681
4,2048,148,104,92.8425
4,2048,148,106,91.6961
4,2048,148,108,95.6898
4,2048,148,110,93.8878
4,2048,148,112,94.5121
4,2048,148,114,89.978
4,2048,148,116,90.3278
4,2048,148,118,89.5271
4,2048,148,120,93.214
4,2048,148,122,90.6604
4,2048,148,124,91.9841
4,2048,148,126,86.4824
4,2048,148,128,86.8645
4,2048,148,130,84.6992
4,2048,148,132,88.3781
4,2048,148,134,86.1942
4,2048,148,136,87.0996
4,2048,148,138,82.8879
4,2048,148,140,83.3683
4,2048,148,142,82.9552
4,2048,148,144,85.1952
4,2048,148,146,84.0499
4,2048,150,2,39.6874
4,2048,150,4,59.2365
4,2048,150,6,60.4681
4,2048,150,8,70.7476
4,2048,150,10,68.4963
4,2048,150,12,91.0068
4,2048,150,14,84.6724
4,2048,150,16,87.9742
4,2048,150,18,84.1252
4,2048,150,20,85.1393
4,2048,150,22,82.8901
4,2048,150,24,101.5965
4,2048,150,26,96.1528
4,2048,150,28,96.3652
4,2048,150,30,93.6195
4,2048,150,32,92.6077
4,2048,150,34,88.912
4,2048,150,36,101.2692
4,2048,150,38,100.0372
4,2048,150,40,98.5551
4,2048,150,42,96.9301
4,2048,150,44,94.1637
4,2048,150,46,92.4225
4,2048,150,48,99.3505
4,2048,150,50,99.1522
4,2048,150,52,96.311
4,2048,150,54,95.2986
4,2048,150,56,95.7879
4,2048,150,58,91.1306
4,2048,150,60,98.5007
4,2048,150,62,95.0482
4,2048,150,64,94.5989
4,2048,150,66,92.1474
4,2048,150,68,84.8108
4,2048,150,70,88.4059
4,2048,150,72,95.0215
4,2048,150,74,93.1477
4,2048,150,76,95.1788
4,2048,150,78,95.2875
4,2048,150,80,91.9434
4,2048,150,82,91.5889
4,2048,150,84,93.8367
4,2048,150,86,94.2505
4,2048,150,88,94.7692
4,2048,150,90,95.0677
4,2048,150,92,91.1287
4,2048,150,94,91.2047
4,2048,150,96,94.4445
4,2048,150,98,94.1956
4,2048,150,100,93.8774
4,2048,150,102,94.5487
4,2048,150,104,90.186
4,2048,150,106,90.4339
4,2048,150,108,92.4261
4,2048,150,110,91.8697
4,2048,150,112,91.6141
4,2048,150,114,91.0194
4,2048,150,116,87.8097
4,2048,150,118,87.0292
4,2048,150,120,89.6731
4,2048,150,122,88.5386
4,2048,150,124,87.7492
4,2048,150,126,88.1496
4,2048,150,128,84.7388
4,2048,150,130,83.7135
4,2048,150,132,85.8746
4,2048,150,134,85.5444
4,2048,150,136,84.8621
4,2048,150,138,84.6542
4,2048,150,140,82.3876
4,2048,150,142,81.9512
4,2048,150,144,83.037
4,2048,150,146,82.6507
4,2048,150,148,82.2886
4,2048,152,2,41.028
4,2048,152,4,60.3211
4,2048,152,6,62.3049
4,2048,152,8,71.3156
4,2048,152,10,69.5919
4,2048,152,12,93.7217
4,2048,152,14,88.862
4,2048,152,16,89.8588
4,2048,152,18,85.6753
4,2048,152,20,89.2487
4,2048,152,22,85.3703
4,2048,152,24,104.3901
4,2048,152,26,97.7334
4,2048,152,28,100.652
4,2048,152,30,94.2222
4,2048,152,32,96.9428
4,2048,152,34,91.3837
4,2048,152,36,104.1546
4,2048,152,38,101.8441
4,2048,152,40,100.1582
4,2048,152,42,98.4874
4,2048,152,44,95.9233
4,2048,152,46,93.3783
4,2048,152,48,101.833
4,2048,152,50,98.9073
4,2048,152,52,101.7615
4,2048,152,54,96.4803
4,2048,152,56,97.4837
4,2048,152,58,95.3944
4,2048,152,60,100.0103
4,2048,152,62,98.2663
4,2048,152,64,98.2282
4,2048,152,66,92.9615
4,2048,152,68,94.0045
4,2048,152,70,92.179
4,2048,152,72,96.8433
4,2048,152,74,94.161
4,2048,152,76,96.3338
4,2048,152,78,95.8
4,2048,152,80,97.4082
4,2048,152,82,92.2452
4,2048,152,84,96.0294
4,2048,152,86,94.5361
4,2048,152,88,95.7452
4,2048,152,90,95.245
4,2048,152,92,96.7492
4,2048,152,94,91.6546
4,2048,152,96,96.7426
4,2048,152,98,94.7645
4,2048,152,100,95.514
4,2048,152,102,94.6842
4,2048,152,104,95.3941
4,2048,152,106,90.7308
4,2048,152,108,94.0384
4,2048,152,110,93.0527
4,2048,152,112,93.2519
4,2048,152,114,91.7845
4,2048,152,116,93.0153
4,2048,152,118,88.1333
4,2048,152,120,91.6731
4,2048,152,122,90.1848
4,2048,152,124,90.3869
4,2048,152,126,88.7771
4,2048,152,128,89.459
4,2048,152,130,85.0137
4,2048,152,132,86.9322
4,2048,152,134,86.7126
4,2048,152,136,86.4326
4,2048,152,138,85.4315
4,2048,152,140,85.7896
4,2048,152,142,82.6487
4,2048,152,144,84.9352
4,2048,152,146,83.7531
4,2048,152,148,84.1177
4,2048,152,150,82.4814
4,2048,154,2,40.4883
4,2048,154,4,59.2432
4,2048,154,6,60.6386
4,2048,154,8,69.7114
4,2048,154,10,68.5481
4,2048,154,12,89.8472
4,2048,154,14,84.991
4,2048,154,16,86.7789
4,2048,154,18,82.5375
4,2048,154,20,85.3171
4,2048,154,22,82.5975
4,2048,154,24,99.1584
4,2048,154,26,97.0616
4,2048,154,28,95.6609
4,2048,154,30,91.0832
4,2048,154,32,93.7251
4,2048,154,34,88.5243
4,2048,154,36,99.8051
4,2048,154,38,96.3463
4,2048,154,40,97.0613
4,2048,154,42,94.6177
4,2048,154,44,92.4837
4,2048,154,46,90.538
4,2048,154,48,98.705
4,2048,154,50,96.172
4,2048,154,52,97.6738
4,2048,154,54,93.1642
4,2048,154,56,92.7985
4,2048,154,58,92.3185
4,2048,154,60,96.0946
4,2048,154,62,94.3867
4,2048,154,64,94.4216
4,2048,154,66,89.2139
4,2048,154,68,89.5703
4,2048,154,70,88.2658
4,2048,154,72,87.2717
4,2048,154,74,91.1085
4,2048,154,76,90.7604
4,2048,154,78,92.2331
4,2048,154,80,92.9467
4,2048,154,82,93.0162
4,2048,154,84,91.8839
4,2048,154,86,92.4909
4,2048,154,88,92.2163
4,2048,154,90,91.947
4,2048,154,92,92.111
4,2048,154,94,92.4722
4,2048,154,96,91.7109
4,2048,154,98,90.6662
4,2048,154,100,91.6764
4,2048,154,102,90.4878
4,2048,154,104,91.1152
4,2048,154,106,91.0541
4,2048,154,108,90.0244
4,2048,154,110,89.8865
4,2048,154,112,89.613
4,2048,154,114,88.7924
4,2048,154,116,88.2136
4,2048,154,118,88.4934
4,2048,154,120,87.6912
4,2048,154,122,85.9564
4,2048,154,124,85.8139
4,2048,154,126,85.5996
4,2048,154,128,85.7805
4,2048,154,130,85.1151
4,2048,154,132,84.1845
4,2048,154,134,83.774
4,2048,154,136,83.6673
4,2048,154,138,81.8592
4,2048,154,140,81.9002
4,2048,154,142,81.9475
4,2048,154,144,81.6456
4,2048,154,146,81.6436
4,2048,154,148,81.044
4,2048,154,150,80.123
4,2048,154,152,78.4287
4,2048,156,2,41.1803
4,2048,156,4,61.856
4,2048,156,6,63.6973
4,2048,156,8,72.9511
4,2048,156,10,71.1251
4,2048,156,12,99.0957
4,2048,156,14,89.825
4,2048,156,16,94.302
4,2048,156,18,89.7822
4,2048,156,20,90.9177
4,2048,156,22,85.9963
4,2048,156,24,110.5323
4,2048,156,26,103.6626
4,2048,156,28,102.8697
4,2048,156,30,96.4509
4,2048,156,32,99.6113
4,2048,156,34,93.7386
4,2048,156,36,109.5229
4,2048,156,38,102.1239
4,2048,156,40,106.2725
4,2048,156,42,100.5804
4,2048,156,44,102.3143
4,2048,156,46,94.9132
4,2048,156,48,107.0719
4,2048,156,50,100.6828
4,2048,156,52,103.8264
4,2048,156,54,102.1122
4,2048,156,56,99.3097
4,2048,156,58,98.3525
4,2048,156,60,106.8234
4,2048,156,62,100.6179
4,2048,156,64,100.8362
4,2048,156,66,97.7505
4,2048,156,68,96.1849
4,2048,156,70,94.1135
4,2048,156,72,101.5074
4,2048,156,74,88.1633
4,2048,156,76,97.2658
4,2048,156,78,96.9102
4,2048,156,80,98.2598
4,2048,156,82,96.7866
4,2048,156,84,101.2158
4,2048,156,86,95.324
4,2048,156,88,97.8791
4,2048,156,90,96.3657
4,2048,156,92,97.3538
4,2048,156,94,96.4443
4,2048,156,96,100.5304
4,2048,156,98,95.7071
4,2048,156,100,96.7031
4,2048,156,102,95.5849
4,2048,156,104,96.6345
4,2048,156,106,94.9809
4,2048,156,108,98.9368
4,2048,156,110,93.1363
4,2048,156,112,94.9473
4,2048,156,114,93.6474
4,2048,156,116,92.732
4,2048,156,118,92.2056
4,2048,156,120,96.3989
4,2048,156,122,90.8151
4,2048,156,124,91.5522
4,2048,156,126,90.3215
4,2048,156,128,91.0392
4,2048,156,130,88.5247
4,2048,156,132,92.5077
4,2048,156,134,88.0915
4,2048,156,136,88.0108
4,2048,156,138,87.2428
4,2048,156,140,86.9421
4,2048,156,142,85.8293
4,2048,156,144,88.9427
4,2048,156,146,84.6052
4,2048,156,148,84.4622
4,2048,156,150,83.6241
4,2048,156,152,84.409
4,2048,156,154,82.606
4,2048,158,2,41.49
4,2048,158,4,62.3617
4,2048,158,6,62.353
4,2048,158,8,72.5127
4,2048,158,10,71.0271
4,2048,158,12,95.157
4,2048,158,14,87.7719
4,2048,158,16,92.3027
4,2048,158,18,87.3156
4,2048,158,20,88.9781
4,2048,158,22,84.5116
4,2048,158,24,106.1235
4,2048,158,26,98.4187
4,2048,158,28,98.9934
4,2048,158,30,94.6895
4,2048,158,32,96.6803
4,2048,158,34,90.8098
4,2048,158,36,106.0516
4,2048,158,38,98.9987
4,2048,158,40,103.3271
4,2048,158,42,98.2448
4,2048,158,44,98.5219
4,2048,158,46,93.4266
4,2048,158,48,103.6934
4,2048,158,50,98.8306
4,2048,158,52,98.8187
4,2048,158,54,98.4778
4,2048,158,56,96.7594
4,2048,158,58,95.2507
4,2048,158,60,102.8368
4,2048,158,62,97.7385
4,2048,158,64,98.5862
4,2048,158,66,96.2532
4,2048,158,68,93.4878
4,2048,158,70,91.9615
4,2048,158,72,98.8358
4,2048,158,74,95.5192
4,2048,158,76,95.1614
4,2048,158,78,93.6358
4,2048,158,80,95.6939
4,2048,158,82,94.4532
4,2048,158,84,98.3347
4,2048,158,86,98.6534
4,2048,158,88,94.9033
4,2048,158,90,94.4435
4,2048,158,92,94.4885
4,2048,158,94,94.6543
4,2048,158,96,97.4382
4,2048,158,98,96.4708
4,2048,158,100,94.0975
4,2048,158,102,93.8913
4,2048,158,104,93.4521
4,2048,158,106,93.7532
4,2048,158,108,96.4233
4,2048,158,110,95.8547
4,2048,158,112,92.1349
4,2048,158,114,91.5185
4,2048,158,116,91.1687
4,2048,158,118,91.7995
4,2048,158,120,94.2798
4,2048,158,122,94.2691
4,2048,158,124,90.7683
4,2048,158,126,89.8552
4,2048,158,128,89.1842
4,2048,158,130,88.368
4,2048,158,132,90.7279
4,2048,158,134,90.8621
4,2048,158,136,86.9802
4,2048,158,138,86.5646
4,2048,158,140,86.1913
4,2048,158,142,84.9021
4,2048,158,144,86.5436
4,2048,158,146,86.791
4,2048,158,148,84.9013
4,2048,158,150,83.3045
4,2048,158,152,82.7589
4,2048,158,154,82.7404
4,2048,158,156,84.5469
4,2048,160,2,42.2594
4,2048,160,4,61.8144
4,2048,160,6,63.5083
4,2048,160,8,73.2054
4,2048,160,10,71.2115
4,2048,160,12,95.272
4,2048,160,14,87.716
4,2048,160,16,92.9092
4,2048,160,18,88.9355
4,2048,160,20,89.8037
4,2048,160,22,85.5293
4,2048,160,24,107.61
4,2048,160,26,102.1812
4,2048,160,28,100.384
4,2048,160,30,95.3184
4,2048,160,32,97.6061
4,2048,160,34,95.4721
4,2048,160,36,106.6635
4,2048,160,38,100.412
4,2048,160,40,103.0325
4,2048,160,42,98.2941
4,2048,160,44,99.2601
4,2048,160,46,94.0007
4,2048,160,48,103.7132
4,2048,160,50,99.2513
4,2048,160,52,100.0358
4,2048,160,54,99.4794
4,2048,160,56,99.5422
4,2048,160,58,95.7323
4,2048,160,60,101.8707
4,2048,160,62,100.21
4,2048,160,64,98.8698
4,2048,160,66,95.9836
4,2048,160,68,97.0993
4,2048,160,70,92.8548
4,2048,160,72,98.5966
4,2048,160,74,98.7116
4,2048,160,76,95.4669
4,2048,160,78,93.1338
4,2048,160,80,96.718
4,2048,160,82,95.7373
4,2048,160,84,91.1828
4,2048,160,86,97.3984
4,2048,160,88,99.8334
4,2048,160,90,93.9274
4,2048,160,92,95.1122
4,2048,160,94,93.5323
4,2048,160,96,98.7894
4,2048,160,98,97.6805
4,2048,160,100,98.2858
4,2048,160,102,93.8459
4,2048,160,104,94.762
4,2048,160,106,91.9588
4,2048,160,108,96.176
4,2048,160,110,95.6021
4,2048,160,112,96.634
4,2048,160,114,92.0456
4,2048,160,116,92.4472
4,2048,160,118,90.9499
4,2048,160,120,94.9998
4,2048,160,122,92.9579
4,2048,160,124,93.8442
4,2048,160,126,89.1875
4,2048,160,128,89.3766
4,2048,160,130,87.12
4,2048,160,132,90.5988
4,2048,160,134,89.4374
4,2048,160,136,91.3217
4,2048,160,138,86.3371
4,2048,160,140,86.0801
4,2048,160,142,84.1476
4,2048,160,144,87.3604
4,2048,160,146,86.7153
4,2048,160,148,86.84
4,2048,160,150,83.3585
4,2048,160,152,83.7115
4,2048,160,154,81.6631
4,2048,160,156,84.8728
4,2048,160,158,83.8344
4,2048,162,2,41.8912
4,2048,162,4,60.213
4,2048,162,6,62.5458
4,2048,162,8,71.5363
4,2048,162,10,69.9619
4,2048,162,12,93.4363
4,2048,162,14,86.1389
4,2048,162,16,89.441
4,2048,162,18,85.6838
4,2048,162,20,86.0344
4,2048,162,22,83.2758
4,2048,162,24,104.5174
4,2048,162,26,98.5495
4,2048,162,28,98.479
4,2048,162,30,95.5879
4,2048,162,32,94.727
4,2048,162,34,91.0855
4,2048,162,36,104.7807
4,2048,162,38,99.0548
4,2048,162,40,99.3224
4,2048,162,42,99.5943
4,2048,162,44,96.3062
4,2048,162,46,96.6617
4,2048,162,48,102.2743
4,2048,162,50,99.8627
4,2048,162,52,97.3401
4,2048,162,54,97.015
4,2048,162,56,97.7843
4,2048,162,58,94.1334
4,2048,162,60,100.3286
4,2048,162,62,98.8725
4,2048,162,64,96.1002
4,2048,162,66,95.0658
4,2048,162,68,95.1067
4,2048,162,70,88.9335
4,2048,162,72,96.8193
4,2048,162,74,95.638
4,2048,162,76,93.8474
4,2048,162,78,91.9254
4,2048,162,80,92.9601
4,2048,162,82,93.7998
4,2048,162,84,95.8451
4,2048,162,86,96.4336
4,2048,162,88,96.2999
4,2048,162,90,96.3916
4,2048,162,92,92.8497
4,2048,162,94,92.8453
4,2048,162,96,95.5989
4,2048,162,98,93.0441
4,2048,162,100,94.9652
4,2048,162,102,94.8099
4,2048,162,104,91.2955
4,2048,162,106,91.4645
4,2048,162,108,93.8947
4,2048,162,110,94.8414
4,2048,162,112,94.4644
4,2048,162,114,94.0317
4,2048,162,116,90.8315
4,2048,162,118,88.7797
4,2048,162,120,91.2349
4,2048,162,122,92.2114
4,2048,162,124,91.3996
4,2048,162,126,91.7138
4,2048,162,128,87.8806
4,2048,162,130,87.5607
4,2048,162,132,89.4795
4,2048,162,134,88.0544
4,2048,162,136,88.97
4,2048,162,138,88.619
4,2048,162,140,85.1689
4,2048,162,142,83.3775
4,2048,162,144,86.7721
4,2048,162,146,86.1599
4,2048,162,148,84.8741
4,2048,162,150,85.1816
4,2048,162,152,81.2598
4,2048,162,154,82.3223
4,2048,162,156,83.8384
4,2048,162,158,82.866
4,2048,162,160,83.0172
4,2048,164,2,40.9877
4,2048,164,4,60.0483
4,2048,164,6,62.5668
4,2048,164,8,70.9321
4,2048,164,10,69.8843
4,2048,164,12,92.9079
4,2048,164,14,87.4666
4,2048,164,16,90.057
4,2048,164,18,85.4842
4,2048,164,20,87.2526
4,2048,164,22,83.4374
4,2048,164,24,103.9412
4,2048,164,26,98.8346
4,2048,164,28,102.6627
4,2048,164,30,95.8221
4,2048,164,32,95.2922
4,2048,164,34,92.6264
4,2048,164,36,104.9456
4,2048,164,38,100.9601
4,2048,164,40,101.056
4,2048,164,42,99.2386
4,2048,164,44,98.8396
4,2048,164,46,95.9686
4,2048,164,48,103.4279
4,2048,164,50,99.0035
4,2048,164,52,98.841
4,2048,164,54,96.0218
4,2048,164,56,99.317
4,2048,164,58,97.2489
4,2048,164,60,100.8744
4,2048,164,62,100.1678
4,2048,164,64,100.3023
4,2048,164,66,95.673
4,2048,164,68,95.9139
4,2048,164,70,94.5758
4,2048,164,72,98.3402
4,2048,164,74,96.5439
4,2048,164,76,97.4377
4,2048,164,78,93.264
4,2048,164,80,94.0101
4,2048,164,82,93.3299
4,2048,164,84,97.4708
4,2048,164,86,96.1835
4,2048,164,88,97.3238
4,2048,164,90,95.9519
4,2048,164,92,96.8335
4,2048,164,94,92.475
4,2048,164,96,96.7332
4,2048,164,98,95.3241
4,2048,164,100,95.6255
4,2048,164,102,94.2055
4,2048,164,104,96.8885
4,2048,164,106,91.3515
4,2048,164,108,94.9678
4,2048,164,110,94.0866
4,2048,164,112,94.6755
4,2048,164,114,93.7996
4,2048,164,116,94.0605
4,2048,164,118,90.1907
4,2048,164,120,93.8561
4,2048,164,122,92.2947
4,2048,164,124,92.8517
4,2048,164,126,91.4947
4,2048,164,128,91.8181
4,2048,164,130,87.2706
4,2048,164,132,90.1776
4,2048,164,134,89.0223
4,2048,164,136,89.1642
4,2048,164,138,88.2647
4,2048,164,140,89.095
4,2048,164,142,84.8792
4,2048,164,144,87.8347
4,2048,164,146,85.3039
4,2048,164,148,86.3409
4,2048,164,150,84.3367
4,2048,164,152,84.9927
4,2048,164,154,82.1578
4,2048,164,156,78.7386
4,2048,164,158,83.1263
4,2048,164,160,82.5482
4,2048,164,162,75.2294
4,2048,166,2,40.5765
4,2048,166,4,60.7389
4,2048,166,6,61.2336
4,2048,166,8,70.8358
4,2048,166,10,69.0953
4,2048,166,12,92.1774
4,2048,166,14,86.1778
4,2048,166,16,88.0685
4,2048,166,18,84.0886
4,2048,166,20,84.9454
4,2048,166,22,83.45
4,2048,166,24,101.9258
4,2048,166,26,95.7319
4,2048,166,28,98.9518
4,2048,166,30,92.7711
4,2048,166,32,92.4337
4,2048,166,34,91.1734
4,2048,166,36,100.981
4,2048,166,38,98.3827
4,2048,166,40,98.748
4,2048,166,42,97.7024
4,2048,166,44,95.2051
4,2048,166,46,93.9628
4,2048,166,48,100.679
4,2048,166,50,97.8606
4,2048,166,52,96.6175
4,2048,166,54,93.2886
4,2048,166,56,94.8572
4,2048,166,58,94.9545
4,2048,166,60,98.139
4,2048,166,62,96.598
4,2048,166,64,97.3107
4,2048,166,66,92.1962
4,2048,166,68,92.7336
4,2048,166,70,91.4771
4,2048,166,72,94.8377
4,2048,166,74,93.8611
4,2048,166,76,94.2804
4,2048,166,78,86.2292
4,2048,166,80,90.3397
4,2048,166,82,90.1348
4,2048,166,84,94.4996
4,2048,166,86,94.867
4,2048,166,88,93.8791
4,2048,166,90,93.8371
4,2048,166,92,94.2803
4,2048,166,94,94.3487
4,2048,166,96,93.6235
4,2048,166,98,93.4843
4,2048,166,100,92.6731
4,2048,166,102,91.6759
4,2048,166,104,83.4492
4,2048,166,106,92.2814
4,2048,166,108,92.0866
4,2048,166,110,92.1623
4,2048,166,112,92.118
4,2048,166,114,91.8048
4,2048,166,116,91.1977
4,2048,166,118,91.4337
4,2048,166,120,82.3765
4,2048,166,122,89.9522
4,2048,166,124,89.6651
4,2048,166,126,89.0466
4,2048,166,128,87.9441
4,2048,166,130,87.9367
4,2048,166,132,86.9723
4,2048,166,134,86.1863
4,2048,166,136,86.3945
4,2048,166,138,79.9437
4,2048,166,140,85.7963
4,2048,166,142,85.7589
4,2048,166,144,83.9678
4,2048,166,146,84.4957
4,2048,166,148,83.9684
4,2048,166,150,83.4262
4,2048,166,152,82.4579
4,2048,166,154,82.3848
4,2048,166,156,82.7127
4,2048,166,158,81.7778
4,2048,166,160,81.2058
4,2048,166,162,80.3834
4,2048,166,164,80.2275
4,2048,168,2,43.2597
4,2048,168,4,61.5461
4,2048,168,6,65.343
4,2048,168,8,73.5439
4,2048,168,10,72.8299
4,2048,168,12,100.3383
4,2048,168,14,93.6006
4,2048,168,16,94.4075
4,2048,168,18,89.275
4,2048,168,20,90.5442
4,2048,168,22,87.5744
4,2048,168,24,113.3231
4,2048,168,26,106.2517
4,2048,168,28,106.2571
4,2048,168,30,99.5198
4,2048,168,32,97.6775
4,2048,168,34,95.8466
4,2048,168,36,112.6825
4,2048,168,38,104.961
4,2048,168,40,104.6793
4,2048,168,42,103.2945
4,2048,168,44,102.7487
4,2048,168,46,99.2836
4,2048,168,48,110.8228
4,2048,168,50,102.973
4,2048,168,52,104.4359
4,2048,168,54,99.596
4,2048,168,56,100.401
4,2048,168,58,99.4549
4,2048,168,60,108.5759
4,2048,168,62,103.5768
4,2048,168,64,103.3178
4,2048,168,66,100.184
4,2048,168,68,98.2939
4,2048,168,70,97.3432
4,2048,168,72,104.9404
4,2048,168,74,99.1936
4,2048,168,76,99.3969
4,2048,168,78,98.6227
4,2048,168,80,96.589
4,2048,168,82,94.7221
4,2048,168,84,101.3575
4,2048,168,86,90.0734
4,2048,168,88,98.9474
4,2048,168,90,97.662
4,2048,168,92,99.2273
4,2048,168,94,98.131
4,2048,168,96,102.3269
4,2048,168,98,96.642
4,2048,168,100,97.6325
4,2048,168,102,94.995
4,2048,168,104,97.587
4,2048,168,106,95.1162
4,2048,168,108,100.2404
4,2048,168,110,94.2825
4,2048,168,112,95.469
4,2048,168,114,95.4421
4,2048,168,116,96.0395
4,2048,168,118,94.4425
4,2048,168,120,98.4799
4,2048,168,122,94.251
4,2048,168,124,93.6368
4,2048,168,126,92.7726
4,2048,168,128,93.1997
4,2048,168,130,90.602
4,2048,168,132,95.1225
4,2048,168,134,90.5955
4,2048,168,136,91.5322
4,2048,168,138,89.6001
4,2048,168,140,90.4819
4,2048,168,142,88.1232
4,2048,168,144,92.9586
4,2048,168,146,88.3416
4,2048,168,148,88.1614
4,2048,168,150,87.0554
4,2048,168,152,87.3276
4,2048,168,154,86.2885
4,2048,168,156,89.3328
4,2048,168,158,85.3773
4,2048,168,160,84.4824
4,2048,168,162,83.6616
4,2048,168,164,83.603
4,2048,168,166,83.2887
4,2048,170,2,41.7979
4,2048,170,4,61.1052
4,2048,170,6,62.4779
4,2048,170,8,70.9583
4,2048,170,10,70.4662
4,2048,170,12,95.1072
4,2048,170,14,87.1381
4,2048,170,16,90.1773
4,2048,170,18,85.9127
4,2048,170,20,87.0376
4,2048,170,22,85.1276
4,2048,170,24,105.1606
4,2048,170,26,98.6389
4,2048,170,28,98.6977
4,2048,170,30,94.3288
4,2048,170,32,94.0542
4,2048,170,34,92.5258
4,2048,170,36,105.0138
4,2048,170,38,99.4674
4,2048,170,40,99.0264
4,2048,170,42,94.6882
4,2048,170,44,97.6733
4,2048,170,46,94.3592
4,2048,170,48,104.1448
4,2048,170,50,98.5294
4,2048,170,52,98.8797
4,2048,170,54,93.564
4,2048,170,56,93.8314
4,2048,170,58,93.7983
4,2048,170,60,102.054
4,2048,170,62,96.7424
4,2048,170,64,97.2983
4,2048,170,66,95.5762
4,2048,170,68,93.1479
4,2048,170,70,91.184
4,2048,170,72,98.126
4,2048,170,74,94.9677
4,2048,170,76,94.3436
4,2048,170,78,93.4897
4,2048,170,80,92.1766
4,2048,170,82,89.408
4,2048,170,84,94.3477
4,2048,170,86,95.5329
4,2048,170,88,93.8582
4,2048,170,90,93.9277
4,2048,170,92,93.3933
4,2048,170,94,93.4479
4,2048,170,96,95.9508
4,2048,170,98,95.8666
4,2048,170,100,92.3105
4,2048,170,102,91.5565
4,2048,170,104,92.187
4,2048,170,106,91.8959
4,2048,170,108,93.8817
4,2048,170,110,94.6774
4,2048,170,112,89.8906
4,2048,170,114,89.4684
4,2048,170,116,91.0141
4,2048,170,118,90.3568
4,2048,170,120,92.7745
4,2048,170,122,93.0105
4,2048,170,124,88.0337
4,2048,170,126,88.3823
4,2048,170,128,88.0996
4,2048,170,130,87.7448
4,2048,170,132,89.6446
4,2048,170,134,89.4766
4,2048,170,136,85.6172
4,2048,170,138,85.3225
4,2048,170,140,85.4848
4,2048,170,142,85.6444
4,2048,170,144,86.5559
4,2048,170,146,87.2039
4,2048,170,148,84.0699
4,2048,170,150,82.9797
4,2048,170,152,82.992
4,2048,170,154,82.8783
4,2048,170,156,84.5815
4,2048,170,158,83.717
4,2048,170,160,81.1579
4,2048,170,162,80.1129
4,2048,170,164,80.2204
4,2048,170,166,79.5395
4,2048,170,168,80.703
4,2048,172,2,42.3528
4,2048,172,4,63.3939
4,2048,172,6,63.4353
4,2048,172,8,74.0868
4,2048,172,10,71.7951
4,2048,172,12,98.2657
4,2048,172,14,89.8488
4,2048,172,16,95.2554
4,2048,172,18,88.5913
4,2048,172,20,92.3574
4,2048,172,22,87.0461
4,2048,172,24,109.2489
4,2048,172,26,102.9038
4,2048,172,28,103.2984
4,2048,172,30,97.2915
4,2048,172,32,99.1583
4,2048,172,34,94.2599
4,2048,172,36,110.3917
4,2048,172,38,103.676
4,2048,172,40,105.2036
4,2048,172,42,99.7858
4,2048,172,44,101.4604
4,2048,172,46,97.2369
4,2048,172,48,108.5372
4,2048,172,50,102.0404
4,2048,172,52,103.969
4,2048,172,54,98.4634
4,2048,172,56,99.8935
4,2048,172,58,98.9995
4,2048,172,60,105.8691
4,2048,172,62,104.066
4,2048,172,64,102.189
4,2048,172,66,99.3987
4,2048,172,68,99.0389
4,2048,172,70,95.9029
4,2048,172,72,103.1588
4,2048,172,74,103.1358
4,2048,172,76,99.4791
4,2048,172,78,97.4994
4,2048,172,80,98.2038
4,2048,172,82,93.8167
4,2048,172,84,100.7125
4,2048,172,86,100.597
4,2048,172,88,101.9047
4,2048,172,90,97.564
4,2048,172,92,98.1571
4,2048,172,94,96.3722
4,2048,172,96,100.4589
4,2048,172,98,99.7918
4,2048,172,100,100.8763
4,2048,172,102,95.3169
4,2048,172,104,96.9843
4,2048,172,106,95.1918
4,2048,172,108,99.2199
4,2048,172,110,98.2021
4,2048,172,112,99.1954
4,2048,172,114,94.0287
4,2048,172,116,95.5197
4,2048,172,118,93.3513
4,2048,172,120,96.7702
4,2048,172,122,96.5003
4,2048,172,124,97.8304
4,2048,172,126,93.266
4,2048,172,128,92.5993
4,2048,172,130,92.1966
4,2048,172,132,93.5577
4,2048,172,134,93.4202
4,2048,172,136,94.5864
4,2048,172,138,89.0762
4,2048,172,140,90.738
4,2048,172,142,89.44
4,2048,172,144,92.1703
4,2048,172,146,91.2689
4,2048,172,148,91.7811
4,2048,172,150,87.6591
4,2048,172,152,87.6068
4,2048,172,154,86.4609
4,2048,172,156,89.341
4,2048,172,158,86.1834
4,2048,172,160,88.8876
4,2048,172,162,84.8405
4,2048,172,164,84.3996
4,2048,172,166,84.0139
4,2048,172,168,85.515
4,2048,172,170,83.8493
4,2048,174,2,41.8998
4,2048,174,4,62.1329
4,2048,174,6,63.0679
4,2048,174,8,73.3348
4,2048,174,10,68.0966
4,2048,174,12,95.9513
4,2048,174,14,87.6942
4,2048,174,16,92.5556
4,2048,174,18,88.0926
4,2048,174,20,89.7204
4,2048,174,22,86.0568
4,2048,174,24,105.3064
4,2048,174,26,98.8827
4,2048,174,28,99.4745
4,2048,174,30,97.0345
4,2048,174,32,97.3704
4,2048,174,34,92.3214
4,2048,174,36,105.9553
4,2048,174,38,100.2887
4,2048,174,40,101.0457
4,2048,174,42,96.5927
4,2048,174,44,99.0609
4,2048,174,46,98.1168
4,2048,174,48,104.7936
4,2048,174,50,103.2025
4,2048,174,52,99.4629
4,2048,174,54,97.9086
4,2048,174,56,94.9604
4,2048,174,58,94.8929
4,2048,174,60,102.5819
4,2048,174,62,99.8919
4,2048,174,64,98.4529
4,2048,174,66,96.2739
4,2048,174,68,97.4357
4,2048,174,70,93.1512
4,2048,174,72,99.8211
4,2048,174,74,98.8198
4,2048,174,76,95.9085
4,2048,174,78,94.88
4,2048,174,80,95.0787
4,2048,174,82,92.1795
4,2048,174,84,96.8582
4,2048,174,86,97.026
4,2048,174,88,97.8894
4,2048,174,90,98.2889
4,2048,174,92,94.7054
4,2048,174,94,95.2244
4,2048,174,96,97.4388
4,2048,174,98,97.1724
4,2048,174,100,97.7796
4,2048,174,102,96.0815
4,2048,174,104,93.4877
4,2048,174,106,93.3227
4,2048,174,108,95.9569
4,2048,174,110,95.474
4,2048,174,112,95.2482
4,2048,174,114,96.0619
4,2048,174,116,91.9287
4,2048,174,118,92.3738
4,2048,174,120,93.4207
4,2048,174,122,94.1566
4,2048,174,124,93.6647
4,2048,174,126,93.4299
4,2048,174,128,90.292
4,2048,174,130,90.0532
4,2048,174,132,91.493
4,2048,174,134,91.6612
4,2048,174,136,90.5738
4,2048,174,138,91.8364
4,2048,174,140,87.3022
4,2048,174,142,78.5724
4,2048,174,144,89.9783
4,2048,174,146,88.5547
4,2048,174,148,87.9943
4,2048,174,150,88.1875
4,2048,174,152,85.1075
4,2048,174,154,84.94
4,2048,174,156,86.3086
4,2048,174,158,85.2639
4,2048,174,160,85.9855
4,2048,174,162,85.7278
4,2048,174,164,82.4144
4,2048,174,166,82.4143
4,2048,174,168,82.7428
4,2048,174,170,83.1035
4,2048,174,172,82.2161
4,2048,176,2,42.8747
4,2048,176,4,62.9569
4,2048,176,6,64.4647
4,2048,176,8,73.3422
4,2048,176,10,71.8362
4,2048,176,12,96.5511
4,2048,176,14,90.4977
4,2048,176,16,93.8433
4,2048,176,18,89.0085
4,2048,176,20,90.8437
4,2048,176,22,87.0855
4,2048,176,24,107.0044
4,2048,176,26,100.851
4,2048,176,28,102.1848
4,2048,176,30,98.6014
4,2048,176,32,98.0845
4,2048,176,34,92.7573
4,2048,176,36,107.2539
4,2048,176,38,104.8644
4,2048,176,40,103.9115
4,2048,176,42,98.2917
4,2048,176,44,100.6443
4,2048,176,46,98.3194
4,2048,176,48,106.4417
4,2048,176,50,102.9032
4,2048,176,52,101.1295
4,2048,176,54,98.4447
4,2048,176,56,97.4475
4,2048,176,58,94.136
4,2048,176,60,102.6651
4,2048,176,62,101.384
4,2048,176,64,103.0907
4,2048,176,66,98.1518
4,2048,176,68,99.306
4,2048,176,70,96.8381
4,2048,176,72,100.6865
4,2048,176,74,100.8507
4,2048,176,76,100.8442
4,2048,176,78,95.9177
4,2048,176,80,95.7667
4,2048,176,82,95.0954
4,2048,176,84,98.8641
4,2048,176,86,90.5858
4,2048,176,88,98.9584
4,2048,176,90,98.2806
4,2048,176,92,99.1044
4,2048,176,94,94.2819
4,2048,176,96,99.0224
4,2048,176,98,97.351
4,2048,176,100,97.5011
4,2048,176,102,96.1965
4,2048,176,104,97.6978
4,2048,176,106,92.7736
4,2048,176,108,96.173
4,2048,176,110,95.6804
4,2048,176,112,96.2718
4,2048,176,114,95.8398
4,2048,176,116,95.9336
4,2048,176,118,90.7327
4,2048,176,120,95.2953
4,2048,176,122,94.7883
4,2048,176,124,94.0013
4,2048,176,126,93.316
4,2048,176,128,94.9869
4,2048,176,130,90.5861
4,2048,176,132,93.1056
4,2048,176,134,92.2662
4,2048,176,136,92.0403
4,2048,176,138,91.0033
4,2048,176,140,92.1541
4,2048,176,142,88.2418
4,2048,176,144,90.2702
4,2048,176,146,89.597
4,2048,176,148,89.9404
4,2048,176,150,89.0204
4,2048,176,152,89.5537
4,2048,176,154,85.591
4,2048,176,156,87.2566
4,2048,176,158,86.633
4,2048,176,160,87.0994
4,2048,176,162,85.0579
4,2048,176,164,85.3474
4,2048,176,166,82.0364
4,2048,176,168,85.1477
4,2048,176,170,83.2578
4,2048,176,172,83.5602
4,2048,176,174,77.0243
4,2048,178,2,43.0866
4,2048,178,4,62.4558
4,2048,178,6,63.3622
4,2048,178,8,72.4847
4,2048,178,10,66.2509
4,2048,178,12,94.1688
4,2048,178,14,86.8669
4,2048,178,16,90.4491
4,2048,178,18,87.2111
4,2048,178,20,88.4518
4,2048,178,22,84.52
4,2048,178,24,104.1362
4,2048,178,26,97.5672
4,2048,178,28,97.2192
4,2048,178,30,96.506
4,2048,178,32,95.8741
4,2048,178,34,91.7637
4,2048,178,36,104.0026
4,2048,178,38,100.9751
4,2048,178,40,100.714
4,2048,178,42,96.2591
4,2048,178,44,96.6025
4,2048,178,46,96.7321
4,2048,178,48,102.5468
4,2048,178,50,100.8005
4,2048,178,52,98.5907
4,2048,178,54,96.3874
4,2048,178,56,94.942
4,2048,178,58,93.5515
4,2048,178,60,100.1318
4,2048,178,62,98.432
4,2048,178,64,99.7294
4,2048,178,66,95.2172
4,2048,178,68,95.5758
4,2048,178,70,94.9835
4,2048,178,72,98.1088
4,2048,178,74,97.2231
4,2048,178,76,96.9794
4,2048,178,78,93.5073
4,2048,178,80,94.03
4,2048,178,82,92.2802
4,2048,178,84,95.1003
4,2048,178,86,94.5234
4,2048,178,88,94.7594
4,2048,178,90,95.1197
4,2048,178,92,94.4442
4,2048,178,94,94.8348
4,2048,178,96,95.5717
4,2048,178,98,95.015
4,2048,178,100,94.1781
4,2048,178,102,94.1231
4,2048,178,104,93.9974
4,2048,178,106,93.9491
4,2048,178,108,92.9983
4,2048,178,110,93.2345
4,2048,178,112,92.4258
4,2048,178,114,92.1511
4,2048,178,116,91.9627
4,2048,178,118,92.3861
4,2048,178,120,90.8408
4,2048,178,122,91.53
4,2048,178,124,91.4894
4,2048,178,126,91.2608
4,2048,178,128,89.9969
4,2048,178,130,90.4065
4,2048,178,132,88.8909
4,2048,178,134,88.8558
4,2048,178,136,88.9767
4,2048,178,138,88.988
4,2048,178,140,88.4317
4,2048,178,142,88.9356
4,2048,178,144,87.9618
4,2048,178,146,87.7622
4,2048,178,148,86.8694
4,2048,178,150,87.0375
4,2048,178,152,86.0449
4,2048,178,154,86.6794
4,2048,178,156,83.9798
4,2048,178,158,84.6347
4,2048,178,160,83.3287
4,2048,178,162,83.5587
4,2048,178,164,82.7408
4,2048,178,166,82.8586
4,2048,178,168,82.7255
4,2048,178,170,81.3935
4,2048,178,172,80.2741
4,2048,178,174,80.6364
4,2048,178,176,79.9509
4,2048,180,2,43.3605
4,2048,180,4,64.7347
4,2048,180,6,65.9484
4,2048,180,8,74.9723
4,2048,180,10,72.989
4,2048,180,12,102.3844
4,2048,180,14,93.8785
4,2048,180,16,95.2055
4,2048,180,18,91.4739
4,2048,180,20,93.59
4,2048,180,22,88.4228
4,2048,180,24,113.4063
4,2048,180,26,105.9185
4,2048,180,28,107.2378
4,2048,180,30,101.4518
4,2048,180,32,100.2795
4,2048,180,34,95.035
4,2048,180,36,114.0725
4,2048,180,38,107.159
4,2048,180,40,105.956
4,2048,180,42,103.8126
4,2048,180,44,102.3211
4,2048,180,46,100.5292
4,2048,180,48,113.7355
4,2048,180,50,105.9814
4,2048,180,52,107.8018
4,2048,180,54,100.81
4,2048,180,56,102.4773
4,2048,180,58,97.0899
4,2048,180,60,109.4916
4,2048,180,62,103.7498
4,2048,180,64,104.2643
4,2048,180,66,102.7632
4,2048,180,68,100.5504
4,2048,180,70,99.4091
4,2048,180,72,106.4781
4,2048,180,74,101.3213
4,2048,180,76,102.7907
4,2048,180,78,101.3897
4,2048,180,80,98.653
4,2048,180,82,97.0321
4,2048,180,84,104.1251
4,2048,180,86,98.1886
4,2048,180,88,99.7476
4,2048,180,90,99.0389
4,2048,180,92,100.199
4,2048,180,94,99.0606
4,2048,180,96,103.785
4,2048,180,98,98.91
4,2048,180,100,100.2657
4,2048,180,102,97.527
4,2048,180,104,99.5427
4,2048,180,106,97.2759
4,2048,180,108,101.824
4,2048,180,110,96.1639
4,2048,180,112,97.6637
4,2048,180,114,96.227
4,2048,180,116,97.3698
4,2048,180,118,95.0936
4,2048,180,120,99.4027
4,2048,180,122,94.9746
4,2048,180,124,96.2914
4,2048,180,126,94.7042
4,2048,180,128,95.4163
4,2048,180,130,92.6223
4,2048,180,132,97.0158
4,2048,180,134,93.9169
4,2048,180,136,93.2091
4,2048,180,138,91.6294
4,2048,180,140,93.2277
4,2048,180,142,91.7657
4,2048,180,144,95.5719
4,2048,180,146,91.2507
4,2048,180,148,91.065
4,2048,180,150,90.0604
4,2048,180,152,89.7114
4,2048,180,154,88.4753
4,2048,180,156,92.0693
4,2048,180,158,87.814
4,2048,180,160,87.8254
4,2048,180,162,87.4178
4,2048,180,164,86.7042
4,2048,180,166,85.8803
4,2048,180,168,88.1577
4,2048,180,170,85.7485
4,2048,180,172,85.4154
4,2048,180,174,84.1082
4,2048,180,176,83.126
4,2048,180,178,81.7976
4,2048,182,2,41.1172
4,2048,182,4,62.4865
4,2048,182,6,61.5783
4,2048,182,8,73.6701
4,2048,182,10,70.4717
4,2048,182,12,95.9764
4,2048,182,14,88.7149
4,2048,182,16,91.2803
4,2048,182,18,86.2282
4,2048,182,20,88.3643
4,2048,182,22,83.9746
4,2048,182,24,106.5298
4,2048,182,26,101.2257
4,2048,182,28,100.9264
4,2048,182,30,93.8884
4,2048,182,32,95.4376
4,2048,182,34,93.6042
4,2048,182,36,105.7027
4,2048,182,38,101.812
4,2048,182,40,100.8741
4,2048,182,42,98.1703
4,2048,182,44,97.4025
4,2048,182,46,87.7343
4,2048,182,48,106.366
4,2048,182,50,100.9463
4,2048,182,52,100.8872
4,2048,182,54,96.7018
4,2048,182,56,97.4218
4,2048,182,58,94.205
4,2048,182,60,102.1885
4,2048,182,62,98.8596
4,2048,182,64,98.6835
4,2048,182,66,97.4696
4,2048,182,68,94.4301
4,2048,182,70,94.3111
4,2048,182,72,100.8604
4,2048,182,74,97.0083
4,2048,182,76,97.165
4,2048,182,78,95.3801
4,2048,182,80,93.1971
4,2048,182,82,91.6737
4,2048,182,84,96.6461
4,2048,182,86,94.6503
4,2048,182,88,94.6203
4,2048,182,90,93.1554
4,2048,182,92,94.7112
4,2048,182,94,95.1399
4,2048,182,96,97.7151
4,2048,182,98,97.7043
4,2048,182,100,94.1506
4,2048,182,102,94.2417
4,2048,182,104,94.0089
4,2048,182,106,92.4011
4,2048,182,108,94.8126
4,2048,182,110,96.2495
4,2048,182,112,92.2717
4,2048,182,114,92.3775
4,2048,182,116,91.8423
4,2048,182,118,92.3522
4,2048,182,120,94.2347
4,2048,182,122,93.7002
4,2048,182,124,90.75
4,2048,182,126,90.6072
4,2048,182,128,90.1409
4,2048,182,130,89.4973
4,2048,182,132,91.9806
4,2048,182,134,91.766
4,2048,182,136,89.0521
4,2048,182,138,88.2272
4,2048,182,140,82.6896
4,2048,182,142,88.1922
4,2048,182,144,90.0557
4,2048,182,146,89.6683
4,2048,182,148,86.4448
4,2048,182,150,86.4328
4,2048,182,152,85.4473
4,2048,182,154,85.1636
4,2048,182,156,87.109
4,2048,182,158,86.7839
4,2048,182,160,83.5092
4,2048,182,162,83.4243
4,2048,182,164,83.0728
4,2048,182,166,81.9767
4,2048,182,168,83.3458
4,2048,182,170,84.035
4,2048,182,172,80.6372
4,2048,182,174,81.1625
4,2048,182,176,79.9287
4,2048,182,178,79.0354
4,2048,182,180,80.6646
4,2048,184,2,42.634
4,2048,184,4,62.3356
4,2048,184,6,63.8413
4,2048,184,8,73.801
4,2048,184,10,71.9029
4,2048,184,12,97.1029
4,2048,184,14,89.7705
4,2048,184,16,93.1856
4,2048,184,18,88.5484
4,2048,184,20,89.5966
4,2048,184,22,86.4968
4,2048,184,24,108.7483
4,2048,184,26,101.2526
4,2048,184,28,102.5719
4,2048,184,30,96.9418
4,2048,184,32,100.3785
4,2048,184,34,94.1364
4,2048,184,36,108.2526
4,2048,184,38,103.131
4,2048,184,40,105.0199
4,2048,184,42,99.209
4,2048,184,44,97.9459
4,2048,184,46,96.147
4,2048,184,48,106.5472
4,2048,184,50,101.6215
4,2048,184,52,103.241
4,2048,184,54,98.2032
4,2048,184,56,99.2001
4,2048,184,58,94.8675
4,2048,184,60,103.8483
4,2048,184,62,103.6348
4,2048,184,64,101.0114
4,2048,184,66,98.1451
4,2048,184,68,100.6499
4,2048,184,70,88.9365
4,2048,184,72,102.623
4,2048,184,74,101.9037
4,2048,184,76,99.1534
4,2048,184,78,97.7442
4,2048,184,80,98.0551
4,2048,184,82,94.5454
4,2048,184,84,99.8082
4,2048,184,86,98.7857
4,2048,184,88,97.2636
4,2048,184,90,95.333
4,2048,184,92,96.5344
4,2048,184,94,96.0295
4,2048,184,96,99.5881
4,2048,184,98,97.7109
4,2048,184,100,98.3958
4,2048,184,102,94.7007
4,2048,184,104,95.772
4,2048,184,106,94.6618
4,2048,184,108,96.4892
4,2048,184,110,96.9524
4,2048,184,112,97.8
4,2048,184,114,85.0416
4,2048,184,116,94.178
4,2048,184,118,91.91
4,2048,184,120,95.022
4,2048,184,122,94.4895
4,2048,184,124,95.7914
4,2048,184,126,92.0976
4,2048,184,128,92.0404
4,2048,184,130,90.1595
4,2048,184,132,92.4955
4,2048,184,134,91.8093
4,2048,184,136,93.7595
4,2048,184,138,88.928
4,2048,184,140,89.7469
4,2048,184,142,88.6783
4,2048,184,144,91.0424
4,2048,184,146,90.1553
4,2048,184,148,91.033
4,2048,184,150,86.5117
4,2048,184,152,87.5802
4,2048,184,154,86.2122
4,2048,184,156,88.2984
4,2048,184,158,88.0247
4,2048,184,160,89.1232
4,2048,184,162,84.6838
4,2048,184,164,84.7081
4,2048,184,166,83.7474
4,2048,184,168,85.5839
4,2048,184,170,83.836
4,2048,184,172,85.2947
4,2048,184,174,81.1792
4,2048,184,176,81.5236
4,2048,184,178,80.156
4,2048,184,180,81.9694
4,2048,184,182,79.8854
4,2048,186,2,42.6183
4,2048,186,4,60.9578
4,2048,186,6,63.318
4,2048,186,8,72.4252
4,2048,186,10,70.5548
4,2048,186,12,95.1221
4,2048,186,14,87.7232
4,2048,186,16,90.7921
4,2048,186,18,86.5007
4,2048,186,20,87.6015
4,2048,186,22,84.0961
4,2048,186,24,105.7139
4,2048,186,26,100.1864
4,2048,186,28,99.9759
4,2048,186,30,95.3257
4,2048,186,32,88.6285
4,2048,186,34,93.2038
4,2048,186,36,104.7501
4,2048,186,38,100.7513
4,2048,186,40,102.2014
4,2048,186,42,97.1351
4,2048,186,44,96.263
4,2048,186,46,93.6445
4,2048,186,48,104.6184
4,2048,186,50,103.0225
4,2048,186,52,92.31
4,2048,186,54,99.2938
4,2048,186,56,95.2159
4,2048,186,58,95.0746
4,2048,186,60,100.5466
4,2048,186,62,99.1793
4,2048,186,64,96.9868
4,2048,186,66,95.1281
4,2048,186,68,97.1276
4,2048,186,70,92.2415
4,2048,186,72,99.4207
4,2048,186,74,98.2191
4,2048,186,76,96.8404
4,2048,186,78,96.4121
4,2048,186,80,96.569
4,2048,186,82,90.969
4,2048,186,84,97.2661
4,2048,186,86,94.2778
4,2048,186,88,94.5536
4,2048,186,90,93.4138
4,2048,186,92,92.8859
4,2048,186,94,93.7908
4,2048,186,96,95.8525
4,2048,186,98,95.6392
4,2048,186,100,94.9492
4,2048,186,102,95.7925
4,2048,186,104,92.6746
4,2048,186,106,92.5345
4,2048,186,108,93.7951
4,2048,186,110,95.6231
4,2048,186,112,94.45
4,2048,186,114,94.3161
4,2048,186,116,91.6164
4,2048,186,118,88.6962
4,2048,186,120,93.0972
4,2048,186,122,93.8545
4,2048,186,124,93.2519
4,2048,186,126,91.0925
4,2048,186,128,89.3447
4,2048,186,130,88.5275
4,2048,186,132,90.6812
4,2048,186,134,90.3086
4,2048,186,136,90.6677
4,2048,186,138,90.1083
4,2048,186,140,87.9545
4,2048,186,142,88.1718
4,2048,186,144,88.7661
4,2048,186,146,88.3939
4,2048,186,148,87.1408
4,2048,186,150,89.0024
4,2048,186,152,85.4096
4,2048,186,154,85.0523
4,2048,186,156,86.0259
4,2048,186,158,84.3709
4,2048,186,160,85.8057
4,2048,186,162,85.8591
4,2048,186,164,81.1196
4,2048,186,166,82.8559
4,2048,186,168,82.7632
4,2048,186,170,81.9346
4,2048,186,172,81.6265
4,2048,186,174,82.2596
4,2048,186,176,79.6684
4,2048,186,178,79.0213
4,2048,186,180,79.9926
4,2048,186,182,79.6318
4,2048,186,184,78.7386
4,2048,188,2,43.9122
4,2048,188,4,63.7995
4,2048,188,6,64.9184
4,2048,188,8,66.8161
4,2048,188,10,72.7321
4,2048,188,12,99.3935
4,2048,188,14,91.9116
4,2048,188,16,94.1661
4,2048,188,18,89.0833
4,2048,188,20,91.5473
4,2048,188,22,88.5483
4,2048,188,24,108.9347
4,2048,188,26,104.3982
4,2048,188,28,104.2394
4,2048,188,30,98.3637
4,2048,188,32,101.062
4,2048,188,34,95.8504
4,2048,188,36,109.9449
4,2048,188,38,107.9309
4,2048,188,40,106.8101
4,2048,188,42,102.2785
4,2048,188,44,100.5692
4,2048,188,46,98.387
4,2048,188,48,109.1159
4,2048,188,50,105.672
4,2048,188,52,104.2782
4,2048,188,54,102.1526
4,2048,188,56,101.4122
4,2048,188,58,98.444
4,2048,188,60,106.2005
4,2048,188,62,102.8918
4,2048,188,64,105.3952
4,2048,188,66,101.8858
4,2048,188,68,100.0785
4,2048,188,70,99.7468
4,2048,188,72,104.3702
4,2048,188,74,103.4089
4,2048,188,76,102.9626
4,2048,188,78,100.4497
4,2048,188,80,101.1376
4,2048,188,82,100.0143
4,2048,188,84,101.2867
4,2048,188,86,99.2263
4,2048,188,88,100.8962
4,2048,188,90,97.1513
4,2048,188,92,97.262
4,2048,188,94,98.4338
4,2048,188,96,101.8539
4,2048,188,98,100.5864
4,2048,188,100,99.8494
4,2048,188,102,99.6055
4,2048,188,104,101.2386
4,2048,188,106,96.9231
4,2048,188,108,99.7579
4,2048,188,110,98.9955
4,2048,188,112,99.9478
4,2048,188,114,98.3572
4,2048,188,116,98.8958
4,2048,188,118,94.9065
4,2048,188,120,97.5516
4,2048,188,122,96.3866
4,2048,188,124,97.2825
4,2048,188,126,95.617
4,2048,188,128,97.0427
4,2048,188,130,92.6472
4,2048,188,132,95.8622
4,2048,188,134,94.6332
4,2048,188,136,94.3238
4,2048,188,138,94.2413
4,2048,188,140,93.8431
4,2048,188,142,91.235
4,2048,188,144,92.9503
4,2048,188,146,92.8231
4,2048,188,148,92.8878
4,2048,188,150,91.4207
4,2048,188,152,92.8634
4,2048,188,154,87.9912
4,2048,188,156,90.8697
4,2048,188,158,90.0941
4,2048,188,160,89.5609
4,2048,188,162,88.3284
4,2048,188,164,88.9167
4,2048,188,166,86.0796
4,2048,188,168,87.3523
4,2048,188,170,85.3768
4,2048,188,172,85.9877
4,2048,188,174,84.3883
4,2048,188,176,84.6637
4,2048,188,178,82.5122
4,2048,188,180,84.4489
4,2048,188,182,82.927
4,2048,188,184,83.3207
4,2048,188,186,80.917
4,2048,190,2,43.1329
4,2048,190,4,63.465
4,2048,190,6,63.6393
4,2048,190,8,73.1592
4,2048,190,10,71.8775
4,2048,190,12,96.7627
4,2048,190,14,88.6866
4,2048,190,16,93.4943
4,2048,190,18,87.1281
4,2048,190,20,89.0847
4,2048,190,22,86.508
4,2048,190,24,106.668
4,2048,190,26,100.4406
4,2048,190,28,101.3947
4,2048,190,30,95.7888
4,2048,190,32,98.2374
4,2048,190,34,94.0857
4,2048,190,36,106.1277
4,2048,190,38,104.5216
4,2048,190,40,103.0048
4,2048,190,42,98.1007
4,2048,190,44,99.3441
4,2048,190,46,94.8798
4,2048,190,48,104.3633
4,2048,190,50,103.319
4,2048,190,52,101.7449
4,2048,190,54,99.4131
4,2048,190,56,97.3353
4,2048,190,58,95.4284
4,2048,190,60,101.7604
4,2048,190,62,100.4781
4,2048,190,64,101.1776
4,2048,190,66,96.2491
4,2048,190,68,97.9832
4,2048,190,70,97.1549
4,2048,190,72,100.0224
4,2048,190,74,99.8546
4,2048,190,76,100.043
4,2048,190,78,96.378
4,2048,190,80,96.2318
4,2048,190,82,95.1289
4,2048,190,84,98.16
4,2048,190,86,96.6538
4,2048,190,88,97.7975
4,2048,190,90,94.7457
4,2048,190,92,94.495
4,2048,190,94,94.1619
4,2048,190,96,97.4532
4,2048,190,98,88.1533
4,2048,190,100,97.1234
4,2048,190,102,97.1111
4,2048,190,104,97.5893
4,2048,190,106,96.8908
4,2048,190,108,95.9299
4,2048,190,110,96.1051
4,2048,190,112,96.3497
4,2048,190,114,94.5562
4,2048,190,116,95.7272
4,2048,190,118,95.8392
4,2048,190,120,94.4779
4,2048,190,122,94.442
4,2048,190,124,94.6316
4,2048,190,126,94.0593
4,2048,190,128,93.0726
4,2048,190,130,93.5416
4,2048,190,132,92.6443
4,2048,190,134,93.252
4,2048,190,136,92.7791
4,2048,190,138,92.706
4,2048,190,140,91.8861
4,2048,190,142,92.6699
4,2048,190,144,91.2635
4,2048,190,146,90.757
4,2048,190,148,90.7199
4,2048,190,150,90.4295
4,2048,190,152,89.3671
4,2048,190,154,89.966
4,2048,190,156,88.7895
4,2048,190,158,88.2707
4,2048,190,160,88.5496
4,2048,190,162,87.0776
4,2048,190,164,87.0067
4,2048,190,166,86.9443
4,2048,190,168,85.0498
4,2048,190,170,85.0049
4,2048,190,172,85.5427
4,2048,190,174,84.5722
4,2048,190,176,83.0326
4,2048,190,178,83.0582
4,2048,190,180,82.7221
4,2048,190,182,82.9487
4,2048,190,184,75.7491
4,2048,190,186,79.9696
4,2048,190,188,79.0732
4,2048,192,2,45.4384
4,2048,192,4,64.8046
4,2048,192,6,67.3285
4,2048,192,8,75.4687
4,2048,192,10,73.4136
4,2048,192,12,103.0293
4,2048,192,14,93.8429
4,2048,192,16,96.9613
4,2048,192,18,92.8485
4,2048,192,20,92.9933
4,2048,192,22,89.8193
4,2048,192,24,113.7703
4,2048,192,26,105.1282
4,2048,192,28,108.1157
4,2048,192,30,103.286
4,2048,192,32,101.2149
4,2048,192,34,96.9461
4,2048,192,36,113.454
4,2048,192,38,106.4991
4,2048,192,40,107.008
4,2048,192,42,105.5529
4,2048,192,44,102.1503
4,2048,192,46,97.0879
4,2048,192,48,102.9433
4,2048,192,50,105.0816
4,2048,192,52,107.8243
4,2048,192,54,103.572
4,2048,192,56,102.8195
4,2048,192,58,98.4726
4,2048,192,60,108.0397
4,2048,192,62,103.1103
4,2048,192,64,103.522
4,2048,192,66,102.9654
4,2048,192,68,100.7067
4,2048,192,70,99.1906
4,2048,192,72,106.0426
4,2048,192,74,101.8133
4,2048,192,76,101.7351
4,2048,192,78,101.6903
4,2048,192,80,99.5453
4,2048,192,82,98.6291
4,2048,192,84,105.1759
4,2048,192,86,99.85
4,2048,192,88,100.0574
4,2048,192,90,99.8169
4,2048,192,92,96.7155
4,2048,192,94,95.9582
4,2048,192,96,103.5473
4,2048,192,98,98.5586
4,2048,192,100,98.9605
4,2048,192,102,97.8638
4,2048,192,104,99.7565
4,2048,192,106,98.551
4,2048,192,108,103.2171
4,2048,192,110,98.0633
4,2048,192,112,98.8982
4,2048,192,114,96.9852
4,2048,192,116,97.3398
4,2048,192,118,97.1637
4,2048,192,120,99.0023
4,2048,192,122,95.6374
4,2048,192,124,95.6598
4,2048,192,126,94.5456
4,2048,192,128,93.8223
4,2048,192,130,94.1166
4,2048,192,132,97.1618
4,2048,192,134,93.7368
4,2048,192,136,94.9958
4,2048,192,138,93.7239
4,2048,192,140,94.6864
4,2048,192,142,92.6065
4,2048,192,144,97.1918
4,2048,192,146,92.8328
4,2048,192,148,92.6161
4,2048,192,150,92.8273
4,2048,192,152,91.6184
4,2048,192,154,89.3869
4,2048,192,156,95.3447
4,2048,192,158,89.4407
4,2048,192,160,89.0628
4,2048,192,162,88.707
4,2048,192,164,88.9696
4,2048,192,166,88.6173
4,2048,192,168,91.3966
4,2048,192,170,86.9886
4,2048,192,172,86.3829
4,2048,192,174,86.2144
4,2048,192,176,85.3324
4,2048,192,178,83.6282
4,2048,192,180,86.1627
4,2048,192,182,83.2385
4,2048,192,184,84.2865
4,2048,192,186,82.5835
4,2048,192,188,82.8132
4,2048,192,190,81.2245
4,2048,194,2,44.7756
4,2048,194,4,63.7695
4,2048,194,6,65.4433
4,2048,194,8,74.1203
4,2048,194,10,72.746
4,2048,194,12,99.753
4,2048,194,14,92.7067
4,2048,194,16,94.4469
4,2048,194,18,90.0305
4,2048,194,20,91.4303
4,2048,194,22,88.1199
4,2048,194,24,108.9333
4,2048,194,26,94.9916
4,2048,194,28,104.9485
4,2048,194,30,99.6323
4,2048,194,32,98.4993
4,2048,194,34,98.0335
4,2048,194,36,109.6853
4,2048,194,38,105.3099
4,2048,194,40,104.3374
4,2048,194,42,102.2355
4,2048,194,44,100.5209
4,2048,194,46,96.283
4,2048,194,48,108.408
4,2048,194,50,102.8991
4,2048,194,52,104.6334
4,2048,194,54,100.0864
4,2048,194,56,100.8643
4,2048,194,58,96.5902
4,2048,194,60,105.9159
4,2048,194,62,101.1157
4,2048,194,64,100.9171
4,2048,194,66,100.1763
4,2048,194,68,98.6915
4,2048,194,70,97.3625
4,2048,194,72,103.6625
4,2048,194,74,100.9724
4,2048,194,76,100.6718
4,2048,194,78,100.1025
4,2048,194,80,97.3252
4,2048,194,82,96.3492
4,2048,194,84,101.7016
4,2048,194,86,97.997
4,2048,194,88,98.3439
4,2048,194,90,95.253
4,2048,194,92,95.0482
4,2048,194,94,93.0815
4,2048,194,96,98.5812
4,2048,194,98,99.6889
4,2048,194,100,96.573
4,2048,194,102,95.5644
4,2048,194,104,96.7186
4,2048,194,106,95.8743
4,2048,194,108,98.1139
4,2048,194,110,98.3555
4,2048,194,112,95.9174
4,2048,194,114,94.1823
4,2048,194,116,95.1332
4,2048,194,118,94.0072
4,2048,194,120,96.7251
4,2048,194,122,96.2425
4,2048,194,124,93.1096
4,2048,194,126,92.779
4,2048,194,128,92.5786
4,2048,194,130,91.9119
4,2048,194,132,94.957
4,2048,194,134,94.4157
4,2048,194,136,92.8286
4,2048,194,138,91.5732
4,2048,194,140,90.6678
4,2048,194,142,91.5762
4,2048,194,144,93.0807
4,2048,194,146,94.1398
4,2048,194,148,91.1338
4,2048,194,150,90.6488
4,2048,194,152,89.6618
4,2048,194,154,89.8064
4,2048,194,156,90.9674
4,2048,194,158,91.3793
4,2048,194,160,88.1419
4,2048,194,162,88.158
4,2048,194,164,87.5571
4,2048,194,166,85.9076
4,2048,194,168,88.0036
4,2048,194,170,87.4424
4,2048,194,172,84.8947
4,2048,194,174,84.5248
4,2048,194,176,83.2757
4,2048,194,178,82.9516
4,2048,194,180,83.5525
4,2048,194,182,83.2141
4,2048,194,184,81.4703
4,2048,194,186,81.227
4,2048,194,188,80.2279
4,2048,194,190,79.3751
4,2048,194,192,80.978
4,2048,196,2,43.0071
4,2048,196,4,63.6568
4,2048,196,6,64.6103
4,2048,196,8,74.404
4,2048,196,10,72.2218
4,2048,196,12,98.7365
4,2048,196,14,91.8571
4,2048,196,16,94.7092
4,2048,196,18,90.7379
4,2048,196,20,92.4327
4,2048,196,22,88.3539
4,2048,196,24,110.7427
4,2048,196,26,103.9181
4,2048,196,28,104.8799
4,2048,196,30,99.3674
4,2048,196,32,99.1522
4,2048,196,34,96.5019
4,2048,196,36,110.0933
4,2048,196,38,104.1099
4,2048,196,40,107.4492
4,2048,196,42,101.623
4,2048,196,44,100.943
4,2048,196,46,98.0423
4,2048,196,48,108.9153
4,2048,196,50,103.2401
4,2048,196,52,105.2592
4,2048,196,54,99.7123
4,2048,196,56,102.1705
4,2048,196,58,88.3451
4,2048,196,60,104.9948
4,2048,196,62,99.9277
4,2048,196,64,100.6529
4,2048,196,66,100.0193
4,2048,196,68,100.8204
4,2048,196,70,97.2821
4,2048,196,72,104.2165
4,2048,196,74,102.8381
4,2048,196,76,100.8137
4,2048,196,78,99.3294
4,2048,196,80,100.5768
4,2048,196,82,96.7815
4,2048,196,84,101.9692
4,2048,196,86,100.7404
4,2048,196,88,98.3576
4,2048,196,90,96.3009
4,2048,196,92,97.0776
4,2048,196,94,85.488
4,2048,196,96,98.3699
4,2048,196,98,97.0241
4,2048,196,100,98.9522
4,2048,196,102,95.0337
4,2048,196,104,96.247
4,2048,196,106,95.5629
4,2048,196,108,98.4452
4,2048,196,110,96.9817
4,2048,196,112,98.0272
4,2048,196,114,94.9096
4,2048,196,116,92.8643
4,2048,196,118,93.9926
4,2048,196,120,97.1203
4,2048,196,122,88.1797
4,2048,196,124,96.5034
4,2048,196,126,92.3815
4,2048,196,128,92.6247
4,2048,196,130,91.7509
4,2048,196,132,94.3351
4,2048,196,134,94.1016
4,2048,196,136,95.1276
4,2048,196,138,91.4142
4,2048,196,140,91.4511
4,2048,196,142,90.8966
4,2048,196,144,85.8481
4,2048,196,146,92.2521
4,2048,196,148,93.339
4,2048,196,150,89.2675
4,2048,196,152,89.9536
4,2048,196,154,88.8832
4,2048,196,156,92.1864
4,2048,196,158,90.1391
4,2048,196,160,90.5943
4,2048,196,162,87.0869
4,2048,196,164,87.7139
4,2048,196,166,86.1978
4,2048,196,168,88.3308
4,2048,196,170,87.333
4,2048,196,172,87.4549
4,2048,196,174,84.2711
4,2048,196,176,83.9628
4,2048,196,178,82.6257
4,2048,196,180,83.8473
4,2048,196,182,83.5254
4,2048,196,184,83.8849
4,2048,196,186,81.0902
4,2048,196,188,80.4938
4,2048,196,190,80.5817
4,2048,196,192,80.9262
4,2048,196,194,79.8192
4,2048,198,2,42.7135
4,2048,198,4,62.7334
4,2048,198,6,63.517
4,2048,198,8,74.0347
4,2048,198,10,71.6678
4,2048,198,12,95.4766
4,2048,198,14,88.6134
4,2048,198,16,91.598
4,2048,198,18,81.7873
4,2048,198,20,90.5024
4,2048,198,22,80.0772
4,2048,198,24,107.5918
4,2048,198,26,100.619
4,2048,198,28,91.23
4,2048,198,30,96.8077
4,2048,198,32,96.604
4,2048,198,34,95.3654
4,2048,198,36,107.624
4,2048,198,38,101.1787
4,2048,198,40,104.2245
4,2048,198,42,98.9286
4,2048,198,44,98.6469
4,2048,198,46,95.8982
4,2048,198,48,105.1052
4,2048,198,50,104.8831
4,2048,198,52,102.6373
4,2048,198,54,100.5436
4,2048,198,56,99.6887
4,2048,198,58,97.6349
4,2048,198,60,103.4932
4,2048,198,62,100.8582
4,2048,198,64,98.4904
4,2048,198,66,98.0123
4,2048,198,68,98.3723
4,2048,198,70,95.2427
4,2048,198,72,101.2752
4,2048,198,74,99.4531
4,2048,198,76,97.8194
4,2048,198,78,97.9521
4,2048,198,80,97.6245
4,2048,198,82,93.9826
4,2048,198,84,98.298
4,2048,198,86,90.3752
4,2048,198,88,97.0888
4,2048,198,90,94.9084
4,2048,198,92,94.5367
4,2048,198,94,92.1419
4,2048,198,96,88.4706
4,2048,198,98,96.2685
4,2048,198,100,96.6629
4,2048,198,102,97.8026
4,2048,198,104,87.0404
4,2048,198,106,94.6576
4,2048,198,108,96.82
4,2048,198,110,96.1782
4,2048,198,112,96.2517
4,2048,198,114,96.5987
4,2048,198,116,93.2033
4,2048,198,118,91.3709
4,2048,198,120,94.3827
4,2048,198,122,93.805
4,2048,198,124,85.6744
4,2048,198,126,93.0501
4,2048,198,128,91.4309
4,2048,198,130,90.8763
4,2048,198,132,92.5787
4,2048,198,134,91.3808
4,2048,198,136,91.6825
4,2048,198,138,92.5878
4,2048,198,140,89.0012
4,2048,198,142,89.8131
4,2048,198,144,91.2788
4,2048,198,146,90.0802
4,2048,198,148,90.1701
4,2048,198,150,90.4524
4,2048,198,152,88.2963
4,2048,198,154,86.6515
4,2048,198,156,88.6952
4,2048,198,158,88.889
4,2048,198,160,87.6336
4,2048,198,162,87.8275
4,2048,198,164,84.7308
4,2048,198,166,84.6349
4,2048,198,168,87.1426
4,2048,198,170,85.833
4,2048,198,172,85.0593
4,2048,198,174,84.9094
4,2048,198,176,82.6883
4,2048,198,178,82.044
4,2048,198,180,82.9974
4,2048,198,182,81.9253
4,2048,198,184,82.1984
4,2048,198,186,81.0123
4,2048,198,188,79.4434
4,2048,198,190,78.8726
4,2048,198,192,79.8252
4,2048,198,194,79.5369
4,2048,198,196,79.3168
4,2048,200,2,44.1625
4,2048,200,4,63.4209
4,2048,200,6,64.8641
4,2048,200,8,74.8504
4,2048,200,10,72.8868
4,2048,200,12,98.5668
4,2048,200,14,92.2893
4,2048,200,16,94.0207
4,2048,200,18,89.195
4,2048,200,20,91.8098
4,2048,200,22,86.6331
4,2048,200,24,109.0829
4,2048,200,26,102.5748
4,2048,200,28,103.1616
4,2048,200,30,99.4693
4,2048,200,32,98.0276
4,2048,200,34,95.7837
4,2048,200,36,108.5427
4,2048,200,38,102.8389
4,2048,200,40,106.3691
4,2048,200,42,100.8263
4,2048,200,44,102.7431
4,2048,200,46,97.5637
4,2048,200,48,107.5301
4,2048,200,50,104.801
4,2048,200,52,104.2967
4,2048,200,54,102.2241
4,2048,200,56,100.2664
4,2048,200,58,98.3151
4,2048,200,60,105.2226
4,2048,200,62,101.2334
4,2048,200,64,100.3281
4,2048,200,66,97.8711
4,2048,200,68,100.3728
4,2048,200,70,99.5431
4,2048,200,72,102.0609
4,2048,200,74,100.7964
4,2048,200,76,103.5009
4,2048,200,78,98.9604
4,2048,200,80,99.3758
4,2048,200,82,98.5423
4,2048,200,84,100.2576
4,2048,200,86,91.4599
4,2048,200,88,100.5608
4,2048,200,90,96.4409
4,2048,200,92,95.9069
4,2048,200,94,95.4196
4,2048,200,96,99.1804
4,2048,200,98,96.8679
4,2048,200,100,98.7219
4,2048,200,102,97.1857
4,2048,200,104,98.3863
4,2048,200,106,94.5214
4,2048,200,108,97.841
4,2048,200,110,96.1864
4,2048,200,112,97.4134
4,2048,200,114,96.5296
4,2048,200,116,97.8817
4,2048,200,118,93.9329
4,2048,200,120,96.5979
4,2048,200,122,95.7503
4,2048,200,124,94.6959
4,2048,200,126,95.3309
4,2048,200,128,94.7619
4,2048,200,130,91.3102
4,2048,200,132,93.8191
4,2048,200,134,92.0984
4,2048,200,136,93.6369
4,2048,200,138,91.5957
4,2048,200,140,93.5106
4,2048,200,142,90.1217
4,2048,200,144,92.6962
4,2048,200,146,91.2713
4,2048,200,148,91.5268
4,2048,200,150,90.0082
4,2048,200,152,89.8064
4,2048,200,154,88.7568
4,2048,200,156,90.6684
4,2048,200,158,88.9774
4,2048,200,160,89.5646
4,2048,200,162,87.6067
4,2048,200,164,88.9342
4,2048,200,166,84.6684
4,2048,200,168,79.8638
4,2048,200,170,86.5343
4,2048,200,172,86.6802
4,2048,200,174,85.1351
4,2048,200,176,85.143
4,2048,200,178,81.4437
4,2048,200,180,83.94
4,2048,200,182,82.8731
4,2048,200,184,83.0228
4,2048,200,186,82.1079
4,2048,200,188,81.0673
4,2048,200,190,79.4632
4,2048,200,192,74.2194
4,2048,200,194,80.0356
4,2048,200,196,78.6343
4,2048,200,198,78.3607
4,2048,202,2,43.3571
4,2048,202,4,62.3325
4,2048,202,6,63.5391
4,2048,202,8,73.5215
4,2048,202,10,71.3678
4,2048,202,12,94.8444
4,2048,202,14,88.1219
4,2048,202,16,91.2844
4,2048,202,18,87.3015
4,2048,202,20,88.7873
4,2048,202,22,85.5765
4,2048,202,24,104.4115
4,2048,202,26,98.867
4,2048,202,28,100.1649
4,2048,202,30,95.5397
4,2048,202,32,95.6537
4,2048,202,34,92.6957
4,2048,202,36,104.2607
4,2048,202,38,102.3214
4,2048,202,40,101.4479
4,2048,202,42,97.4987
4,2048,202,44,98.9301
4,2048,202,46,94.8664
4,2048,202,48,103.899
4,2048,202,50,100.8929
4,2048,202,52,101.0275
4,2048,202,54,100.2756
4,2048,202,56,96.8435
4,2048,202,58,96.5411
4,2048,202,60,101.8749
4,2048,202,62,98.738
4,2048,202,64,97.6587
4,2048,202,66,95.8988
4,2048,202,68,97.0869
4,2048,202,70,96.4415
4,2048,202,72,90.7467
4,2048,202,74,99.3909
4,2048,202,76,99.1721
4,2048,202,78,96.7047
4,2048,202,80,96.9022
4,2048,202,82,96.2069
4,2048,202,84,96.4088
4,2048,202,86,95.7748
4,2048,202,88,96.8
4,2048,202,90,93.553
4,2048,202,92,93.3697
4,2048,202,94,93.5697
4,2048,202,96,95.6769
4,2048,202,98,94.1117
4,2048,202,100,94.6313
4,2048,202,102,95.2607
4,2048,202,104,95.131
4,2048,202,106,94.8777
4,2048,202,108,94.989
4,2048,202,110,93.4097
4,2048,202,112,95.2485
4,2048,202,114,93.4036
4,2048,202,116,93.6
4,2048,202,118,93.6165
4,2048,202,120,93.5361
4,2048,202,122,93.0087
4,2048,202,124,92.8849
4,2048,202,126,91.1438
4,2048,202,128,92.069
4,2048,202,130,91.7876
4,2048,202,132,90.9376
4,2048,202,134,90.9838
4,2048,202,136,89.3066
4,2048,202,138,89.1493
4,2048,202,140,89.95
4,2048,202,142,90.3554
4,2048,202,144,89.0086
4,2048,202,146,88.6939
4,2048,202,148,89.1593
4,2048,202,150,88.6112
4,2048,202,152,89.3522
4,2048,202,154,87.8116
4,2048,202,156,86.6746
4,2048,202,158,85.9716
4,2048,202,160,86.9825
4,2048,202,162,85.9146
4,2048,202,164,86.535
4,2048,202,166,85.8353
4,2048,202,168,84.684
4,2048,202,170,84.8035
4,2048,202,172,83.8392
4,2048,202,174,84.636
4,2048,202,176,83.792
4,2048,202,178,82.8928
4,2048,202,180,81.5148
4,2048,202,182,81.5913
4,2048,202,184,80.9511
4,2048,202,186,80.1826
4,2048,202,188,78.8415
4,2048,202,190,73.5917
4,2048,202,192,78.6598
4,2048,202,194,78.8365
4,2048,202,196,77.7134
4,2048,202,198,77.0568
4,2048,202,200,76.4155
4,2048,204,2,43.8281
4,2048,204,4,64.8696
4,2048,204,6,66.5216
4,2048,204,8,70.4292
4,2048,204,10,73.9476
4,2048,204,12,103.9082
4,2048,204,14,93.0974
4,2048,204,16,98.5573
4,2048,204,18,91.7197
4,2048,204,20,93.8377
4,2048,204,22,88.4937
4,2048,204,24,114.7188
4,2048,204,26,105.6407
4,2048,204,28,97.0726
4,2048,204,30,103.1469
4,2048,204,32,103.4616
4,2048,204,34,97.6887
4,2048,204,36,115.2654
4,2048,204,38,106.3273
4,2048,204,40,107.372
4,2048,204,42,104.3807
4,2048,204,44,104.6274
4,2048,204,46,98.2185
4,2048,204,48,111.9165
4,2048,204,50,105.3507
4,2048,204,52,106.7151
4,2048,204,54,103.4596
4,2048,204,56,104.5526
4,2048,204,58,99.5246
4,2048,204,60,109.435
4,2048,204,62,91.3001
4,2048,204,64,104.3615
4,2048,204,66,99.1627
4,2048,204,68,101.0319
4,2048,204,70,100.6624
4,2048,204,72,107.3194
4,2048,204,74,103.8505
4,2048,204,76,104.4533
4,2048,204,78,104.0768
4,2048,204,80,102.4534
4,2048,204,82,100.5602
4,2048,204,84,105.1592
4,2048,204,86,101.2759
4,2048,204,88,103.5967
4,2048,204,90,101.1477
4,2048,204,92,99.0041
4,2048,204,94,97.9416
4,2048,204,96,103.8096
4,2048,204,98,99.3337
4,2048,204,100,97.9435
4,2048,204,102,98.7243
4,2048,204,104,99.8394
4,2048,204,106,98.269
4,2048,204,108,102.5203
4,2048,204,110,98.6975
4,2048,204,112,98.4437
4,2048,204,114,97.333
4,2048,204,116,98.3155
4,2048,204,118,96.6444
4,2048,204,120,101.0605
4,2048,204,122,96.279
4,2048,204,124,96.9529
4,2048,204,126,95.9284
4,2048,204,128,95.3132
4,2048,204,130,93.6479
4,2048,204,132,98.3826
4,2048,204,134,92.8233
4,2048,204,136,94.1421
4,2048,204,138,93.3118
4,2048,204,140,94.0551
4,2048,204,142,92.6694
4,2048,204,144,95.4776
4,2048,204,146,92.1649
4,2048,204,148,93.4701
4,2048,204,150,92.8805
4,2048,204,152,92.9477
4,2048,204,154,91.5084
4,2048,204,156,94.9956
4,2048,204,158,90.7485
4,2048,204,160,91.5333
4,2048,204,162,88.8935
4,2048,204,164,90.6514
4,2048,204,166,88.268
4,2048,204,168,90.7937
4,2048,204,170,86.658
4,2048,204,172,87.8902
4,2048,204,174,87.5881
4,2048,204,176,80.7921
4,2048,204,178,85.6752
4,2048,204,180,88.5799
4,2048,204,182,84.5464
4,2048,204,184,85.0559
4,2048,204,186,82.5342
4,2048,204,188,83.0226
4,2048,204,190,81.6
4,2048,204,192,82.7765
4,2048,204,194,81.1542
4,2048,204,196,81.6599
4,2048,204,198,79.8645
4,2048,204,200,79.549
4,2048,204,202,79.3071
4,2048,206,2,44.4556
4,2048,206,4,65.6875
4,2048,206,6,65.608
4,2048,206,8,76.0417
4,2048,206,10,72.9236
4,2048,206,12,101.9727
4,2048,206,14,90.7839
4,2048,206,16,95.5297
4,2048,206,18,90.0237
4,2048,206,20,91.2775
4,2048,206,22,87.7597
4,2048,206,24,112.1483
4,2048,206,26,107.079
4,2048,206,28,103.6362
4,2048,206,30,102.0766
4,2048,206,32,101.1516
4,2048,206,34,94.4554
4,2048,206,36,112.429
4,2048,206,38,106.1448
4,2048,206,40,106.0008
4,2048,206,42,101.7656
4,2048,206,44,103.2903
4,2048,206,46,97.6671
4,2048,206,48,108.4337
4,2048,206,50,104.1573
4,2048,206,52,106.6307
4,2048,206,54,102.2884
4,2048,206,56,101.5876
4,2048,206,58,98.2949
4,2048,206,60,106.1979
4,2048,206,62,101.1475
4,2048,206,64,101.7966
4,2048,206,66,99.3473
4,2048,206,68,98.2079
4,2048,206,70,98.4501
4,2048,206,72,105.3627
4,2048,206,74,101.9395
4,2048,206,76,101.7496
4,2048,206,78,100.0684
4,2048,206,80,99.0971
4,2048,206,82,97.0124
4,2048,206,84,101.8584
4,2048,206,86,100.4916
4,2048,206,88,89.515
4,2048,206,90,99.677
4,2048,206,92,96.4223
4,2048,206,94,95.8135
4,2048,206,96,98.8332
4,2048,206,98,98.1691
4,2048,206,100,87.8939
4,2048,206,102,95.8757
4,2048,206,104,96.995
4,2048,206,106,96.4658
4,2048,206,108,99.4057
4,2048,206,110,98.5467
4,2048,206,112,96.6549
4,2048,206,114,96.8614
4,2048,206,116,96.2026
4,2048,206,118,96.1618
4,2048,206,120,98.4336
4,2048,206,122,98.0922
4,2048,206,124,95.4671
4,2048,206,126,95.2519
4,2048,206,128,94.3219
4,2048,206,130,94.5406
4,2048,206,132,95.1076
4,2048,206,134,95.7943
4,2048,206,136,92.9836
4,2048,206,138,92.069
4,2048,206,140,92.3081
4,2048,206,142,91.3446
4,2048,206,144,94.2984
4,2048,206,146,94.415
4,2048,206,148,92.0927
4,2048,206,150,91.7763
4,2048,206,152,92.039
4,2048,206,154,90.2768
4,2048,206,156,92.813
4,2048,206,158,93.3287
4,2048,206,160,90.4176
4,2048,206,162,89.3235
4,2048,206,164,89.7245
4,2048,206,166,88.2449
4,2048,206,168,91.3785
4,2048,206,170,89.5477
4,2048,206,172,86.4807
4,2048,206,174,81.2577
4,2048,206,176,85.7667
4,2048,206,178,85.9372
4,2048,206,180,86.6179
4,2048,206,182,88.1864
4,2048,206,184,84.1075
4,2048,206,186,83.7196
4,2048,206,188,83.288
4,2048,206,190,81.1643
4,2048,206,192,84.58
4,2048,206,194,82.7654
4,2048,206,196,79.6632
4,2048,206,198,73.5922
4,2048,206,200,80.8662
4,2048,206,202,79.4652
4,2048,206,204,79.2682
4,2048,208,2,45.0458
4,2048,208,4,65.0362
4,2048,208,6,66.1633
4,2048,208,8,75.8977
4,2048,208,10,74.6982
4,2048,208,12,101.6837
4,2048,208,14,93.834
4,2048,208,16,97.1049
4,2048,208,18,90.3854
4,2048,208,20,93.3701
4,2048,208,22,89.573
4,2048,208,24,113.2494
4,2048,208,26,106.7839
4,2048,208,28,108.4057
4,2048,208,30,102.438
4,2048,208,32,100.3779
4,2048,208,34,95.6917
4,2048,208,36,113.2747
4,2048,208,38,104.854
4,2048,208,40,106.6892
4,2048,208,42,104.5797
4,2048,208,44,103.8051
4,2048,208,46,101.4287
4,2048,208,48,111.3299
4,2048,208,50,106.8607
4,2048,208,52,107.8037
4,2048,208,54,103.2741
4,2048,208,56,102.6357
4,2048,208,58,89.5425
4,2048,208,60,108.2523
4,2048,208,62,101.9131
4,2048,208,64,103.1497
4,2048,208,66,98.566
4,2048,208,68,100.4735
4,2048,208,70,97.8704
4,2048,208,72,106.0492
4,2048,208,74,105.3099
4,2048,208,76,102.9445
4,2048,208,78,100.7693
4,2048,208,80,103.694
4,2048,208,82,98.0074
4,2048,208,84,104.6761
4,2048,208,86,95.6622
4,2048,208,88,101.6661
4,2048,208,90,99.9069
4,2048,208,92,100.5149
4,2048,208,94,97.0236
4,2048,208,96,100.0368
4,2048,208,98,98.8371
4,2048,208,100,97.843
4,2048,208,102,95.8474
4,2048,208,104,97.9214
4,2048,208,106,97.3164
4,2048,208,108,99.9791
4,2048,208,110,99.6237
4,2048,208,112,100.227
4,2048,208,114,97.4825
4,2048,208,116,97.8585
4,2048,208,118,95.9628
4,2048,208,120,99.4911
4,2048,208,122,98.3508
4,2048,208,124,97.7635
4,2048,208,126,95.4359
4,2048,208,128,95.6679
4,2048,208,130,92.8004
4,2048,208,132,95.6134
4,2048,208,134,94.9825
4,2048,208,136,96.6149
4,2048,208,138,93.5088
4,2048,208,140,85.8555
4,2048,208,142,93.3227
4,2048,208,144,95.0675
4,2048,208,146,94.2962
4,2048,208,148,95.3423
4,2048,208,150,91.7936
4,2048,208,152,92.4626
4,2048,208,154,89.4635
4,2048,208,156,94.2205
4,2048,208,158,93.3194
4,2048,208,160,94.2993
4,2048,208,162,89.952
4,2048,208,164,90.9878
4,2048,208,166,89.5841
4,2048,208,168,91.4868
4,2048,208,170,90.3391
4,2048,208,172,90.9655
4,2048,208,174,88.0732
4,2048,208,176,86.6588
4,2048,208,178,86.0125
4,2048,208,180,88.6966
4,2048,208,182,87.7908
4,2048,208,184,81.9048
4,2048,208,186,83.5974
4,2048,208,188,84.9146
4,2048,208,190,82.7262
4,2048,208,192,84.4922
4,2048,208,194,83.0101
4,2048,208,196,84.1751
4,2048,208,198,80.838
4,2048,208,200,81.2527
4,2048,208,202,72.9183
4,2048,208,204,81.4628
4,2048,208,206,80.8914
4,2048,210,2,44.6238
4,2048,210,4,63.5753
4,2048,210,6,61.0667
4,2048,210,8,75.5745
4,2048,210,10,73.1212
4,2048,210,12,98.3179
4,2048,210,14,92.6566
4,2048,210,16,95.8163
4,2048,210,18,91.7018
4,2048,210,20,91.04
4,2048,210,22,88.8112
4,2048,210,24,109.8238
4,2048,210,26,103.8061
4,2048,210,28,103.6058
4,2048,210,30,100.2931
4,2048,210,32,99.7178
4,2048,210,34,93.4784
4,2048,210,36,107.9025
4,2048,210,38,103.6575
4,2048,210,40,104.5425
4,2048,210,42,102.9046
4,2048,210,44,102.1651
4,2048,210,46,99.9942
4,2048,210,48,107.6862
4,2048,210,50,103.9753
4,2048,210,52,103.0216
4,2048,210,54,102.9971
4,2048,210,56,101.7057
4,2048,210,58,100.0108
4,2048,210,60,106.8004
4,2048,210,62,104.2019
4,2048,210,64,101.1647
4,2048,210,66,99.1853
4,2048,210,68,97.1079
4,2048,210,70,97.0242
4,2048,210,72,103.0211
4,2048,210,74,102.9389
4,2048,210,76,100.3926
4,2048,210,78,98.7196
4,2048,210,80,98.839
4,2048,210,82,96.1808
4,2048,210,84,103.2447
4,2048,210,86,99.8401
4,2048,210,88,98.9173
4,2048,210,90,99.1595
4,2048,210,92,98.7796
4,2048,210,94,94.248
4,2048,210,96,99.5909
4,2048,210,98,97.668
4,2048,210,100,95.8415
4,2048,210,102,94.8531
4,2048,210,104,93.7188
4,2048,210,106,95.8611
4,2048,210,108,99.0354
4,2048,210,110,98.0659
4,2048,210,112,97.842
4,2048,210,114,98.3608
4,2048,210,116,93.9449
4,2048,210,118,94.3283
4,2048,210,120,98.0599
4,2048,210,122,96.7913
4,2048,210,124,96.0148
4,2048,210,126,96.2565
4,2048,210,128,93.2195
4,2048,210,130,92.0275
4,2048,210,132,94.5124
4,2048,210,134,94.2715
4,2048,210,136,94.6095
4,2048,210,138,95.1154
4,2048,210,140,91.5987
4,2048,210,142,90.1069
4,2048,210,144,93.0479
4,2048,210,146,93.2233
4,2048,210,148,92.8574
4,2048,210,150,92.6953
4,2048,210,152,90.5833
4,2048,210,154,89.6654
4,2048,210,156,92.14
4,2048,210,158,91.6538
4,2048,210,160,90.5119
4,2048,210,162,91.0549
4,2048,210,164,88.9323
4,2048,210,166,88.0478
4,2048,210,168,88.4838
4,2048,210,170,87.3499
4,2048,210,172,88.6398
4,2048,210,174,87.5138
4,2048,210,176,84.228
4,2048,210,178,84.9072
4,2048,210,180,85.0262
4,2048,210,182,84.844
4,2048,210,184,86.0165
4,2048,210,186,85.0421
4,2048,210,188,81.9922
4,2048,210,190,83.2697
4,2048,210,192,82.2378
4,2048,210,194,82.1557
4,2048,210,196,82.6916
4,2048,210,198,82.9207
4,2048,210,200,79.6746
4,2048,210,202,80.4234
4,2048,210,204,78.7442
4,2048,210,206,74.6389
4,2048,210,208,80.7059
