threads,size,nb,ib,GFlops
16,4096,4,2,0.0872
16,4096,6,2,0.3048
16,4096,6,4,0.3036
16,4096,8,2,0.7815
16,4096,8,4,0.662
16,4096,8,6,0.6961
16,4096,10,2,2.963
16,4096,10,4,1.3735
16,4096,10,6,1.3616
16,4096,10,8,1.4801
16,4096,12,2,3.4679
16,4096,12,4,3.3329
16,4096,12,6,2.4015
16,4096,12,8,2.2283
16,4096,12,10,2.3009
16,4096,14,2,4.3153
16,4096,14,4,7.0456
16,4096,14,6,7.9819
16,4096,14,8,3.7473
16,4096,14,10,4.2558
16,4096,14,12,4.2373
16,4096,16,2,5.447
16,4096,16,4,8.8556
16,4096,16,6,11.4411
16,4096,16,8,6.4312
16,4096,16,10,7.3617
16,4096,16,12,9.3539
16,4096,16,14,6.8778
16,4096,18,2,5.8159
16,4096,18,4,10.0657
16,4096,18,6,15.2241
16,4096,18,8,14.8758
16,4096,18,10,17.4746
16,4096,18,12,17.1379
16,4096,18,14,17.3461
16,4096,18,16,14.5382
16,4096,20,2,6.8377
16,4096,20,4,11.4204
16,4096,20,6,15.1538
16,4096,20,8,17.2896
16,4096,20,10,22.9437
16,4096,20,12,21.4023
16,4096,20,14,22.7951
16,4096,20,16,24.0004
16,4096,20,18,23.7615
16,4096,22,2,7.3078
16,4096,22,4,12.7149
16,4096,22,6,18.4188
16,4096,22,8,21.2322
16,4096,22,10,20.9038
16,4096,22,12,27.6645
16,4096,22,14,29.1711
16,4096,22,16,29.5045
16,4096,22,18,29.7614
16,4096,22,20,27.8913
16,4096,24,2,8.0579
16,4096,24,4,15.2387
16,4096,24,6,19.7369
16,4096,24,8,27.335
16,4096,24,10,24.2289
16,4096,24,12,34.2251
16,4096,24,14,34.1603
16,4096,24,16,28.7143
16,4096,24,18,33.0212
16,4096,24,20,29.7528
16,4096,24,22,35.3964
16,4096,26,2,8.2231
16,4096,26,4,14.9258
16,4096,26,6,20.1874
16,4096,26,8,24.1261
16,4096,26,10,27.6191
16,4096,26,12,28.6494
16,4096,26,14,37.3713
16,4096,26,16,39.1738
16,4096,26,18,40.439
16,4096,26,20,40.4073
16,4096,26,22,38.721
16,4096,26,24,39.2503
16,4096,28,2,9.8375
16,4096,28,4,17.2699
16,4096,28,6,24.2494
16,4096,28,8,27.7779
16,4096,28,10,33.6553
16,4096,28,12,33.2767
16,4096,28,14,46.1634
16,4096,28,16,42.8064
16,4096,28,18,43.9731
16,4096,28,20,44.9137
16,4096,28,22,43.3365
16,4096,28,24,47.3742
16,4096,28,26,42.2753
16,4096,30,2,10.6323
16,4096,30,4,17.1685
16,4096,30,6,26.4007
16,4096,30,8,32.1292
16,4096,30,10,41.7296
16,4096,30,12,37.5725
16,4096,30,14,40.573
16,4096,30,16,53.2219
16,4096,30,18,51.0592
16,4096,30,20,52.4322
16,4096,30,22,45.2606
16,4096,30,24,55.4628
16,4096,30,26,52.2937
16,4096,30,28,49.6009
16,4096,32,2,10.4783
16,4096,32,4,20.0355
16,4096,32,6,26.0279
16,4096,32,8,35.0442
16,4096,32,10,36.1742
16,4096,32,12,44.4464
16,4096,32,14,42.7296
16,4096,32,16,52.5941
16,4096,32,18,58.8278
16,4096,32,20,57.9305
16,4096,32,22,55.2978
16,4096,32,24,57.6067
16,4096,32,26,58.3748
16,4096,32,28,60.2423
16,4096,32,30,59.096
16,4096,34,2,11.3302
16,4096,34,4,22.3889
16,4096,34,6,28.1549
16,4096,34,8,35.4927
16,4096,34,10,39.6482
16,4096,34,12,49.3824
16,4096,34,14,49.1093
16,4096,34,16,49.919
16,4096,34,18,65.1211
16,4096,34,20,66.6839
16,4096,34,22,63.6964
16,4096,34,24,62.6973
16,4096,34,26,62.9533
16,4096,34,28,63.7619
16,4096,34,30,60.1066
16,4096,34,32,62.5731
16,4096,36,2,13.07
16,4096,36,4,21.9038
16,4096,36,6,35.6496
16,4096,36,8,38.5715
16,4096,36,10,44.4061
16,4096,36,12,57.8396
16,4096,36,14,54.5947
16,4096,36,16,55.0493
16,4096,36,18,70.8678
16,4096,36,20,64.3627
16,4096,36,22,67.1753
16,4096,36,24,71.4061
16,4096,36,26,71.8176
16,4096,36,28,68.5296
16,4096,36,30,71.4788
16,4096,36,32,63.7259
16,4096,36,34,59.7952
16,4096,38,2,12.8032
16,4096,38,4,22.5409
16,4096,38,6,32.5514
16,4096,38,8,42.6579
16,4096,38,10,51.575
16,4096,38,12,51.5747
16,4096,38,14,59.4341
16,4096,38,16,62.2754
16,4096,38,18,59.4748
16,4096,38,20,77.2816
16,4096,38,22,79.6424
16,4096,38,24,76.6607
16,4096,38,26,69.0024
16,4096,38,28,77.2702
16,4096,38,30,78.8193
16,4096,38,32,77.8724
16,4096,38,34,80.1614
16,4096,38,36,78.4937
16,4096,40,2,13.0226
16,4096,40,4,28.322
16,4096,40,6,33.5778
16,4096,40,8,49.4073
16,4096,40,10,59.6325
16,4096,40,12,58.1173
16,4096,40,14,66.9857
16,4096,40,16,67.4579
16,4096,40,18,66.1383
16,4096,40,20,82.4604
16,4096,40,22,86.4953
16,4096,40,24,85.0333
16,4096,40,26,83.8928
16,4096,40,28,86.4708
16,4096,40,30,86.3487
16,4096,40,32,89.1254
16,4096,40,34,77.1531
16,4096,40,36,88.9623
16,4096,40,38,86.7824
16,4096,42,2,15.4138
16,4096,42,4,25.2573
16,4096,42,6,40.4408
16,4096,42,8,46.4087
16,4096,42,10,55.5696
16,4096,42,12,62.5277
16,4096,42,14,73.6464
16,4096,42,16,72.4399
16,4096,42,18,70.2808
16,4096,42,20,70.9703
16,4096,42,22,90.358
16,4096,42,24,92.8543
16,4096,42,26,95.469
16,4096,42,28,91.1716
16,4096,42,30,89.4624
16,4096,42,32,92.4378
16,4096,42,34,92.6951
16,4096,42,36,92.5462
16,4096,42,38,90.2918
16,4096,42,40,90.3325
16,4096,44,2,14.4496
16,4096,44,4,28.2805
16,4096,44,6,37.8906
16,4096,44,8,46.348
16,4096,44,10,54.521
16,4096,44,12,63.006
16,4096,44,14,64.5231
16,4096,44,16,75.829
16,4096,44,18,73.0341
16,4096,44,20,74.2123
16,4096,44,22,97.7672
16,4096,44,24,96.218
16,4096,44,26,96.1066
16,4096,44,28,96.8172
16,4096,44,30,94.6201
16,4096,44,32,93.8802
16,4096,44,34,99.8469
16,4096,44,36,98.2522
16,4096,44,38,89.4438
16,4096,44,40,98.3692
16,4096,44,42,98.0809
16,4096,46,2,16.0492
16,4096,46,4,29.8831
16,4096,46,6,37.9713
16,4096,46,8,53.9617
16,4096,46,10,56.7611
16,4096,46,12,66.6261
16,4096,46,14,64.7928
16,4096,46,16,86.733
16,4096,46,18,87.906
16,4096,46,20,80.3557
16,4096,46,22,85.3795
16,4096,46,24,104.2577
16,4096,46,26,97.4397
16,4096,46,28,102.9053
16,4096,46,30,93.0559
16,4096,46,32,105.168
16,4096,46,34,95.1028
16,4096,46,36,82.0429
16,4096,46,38,99.8957
16,4096,46,40,90.6191
16,4096,46,42,104.3377
16,4096,46,44,97.4518
16,4096,48,2,15.7307
16,4096,48,4,33.0573
16,4096,48,6,44.0675
16,4096,48,8,59.8901
16,4096,48,10,67.3275
16,4096,48,12,77.7624
16,4096,48,14,76.9513
16,4096,48,16,88.4085
16,4096,48,18,94.7968
16,4096,48,20,94.9271
16,4096,48,22,94.4212
16,4096,48,24,114.1592
16,4096,48,26,107.3691
16,4096,48,28,107.9511
16,4096,48,30,109.7522
16,4096,48,32,103.7085
16,4096,48,34,109.7007
16,4096,48,36,105.9646
16,4096,48,38,113.2976
16,4096,48,40,109.559
16,4096,48,42,106.2753
16,4096,48,44,106.4413
16,4096,48,46,89.3374
16,4096,50,2,17.6585
16,4096,50,4,29.2016
16,4096,50,6,42.5137
16,4096,50,8,56.7898
16,4096,50,10,71.2177
16,4096,50,12,67.927
16,4096,50,14,85.1631
16,4096,50,16,84.4162
16,4096,50,18,95.901
16,4096,50,20,98.6177
16,4096,50,22,98.1289
16,4096,50,24,97.1561
16,4096,50,26,116.3541
16,4096,50,28,112.5934
16,4096,50,30,112.4128
16,4096,50,32,113.7622
16,4096,50,34,111.9816
16,4096,50,36,115.0178
16,4096,50,38,102.2933
16,4096,50,40,113.6675
16,4096,50,42,111.1908
16,4096,50,44,108.3941
16,4096,50,46,106.6161
16,4096,50,48,108.8968
16,4096,52,2,17.2423
16,4096,52,4,32.3381
16,4096,52,6,50.0169
16,4096,52,8,56.746
16,4096,52,10,67.0171
16,4096,52,12,73.9925
16,4096,52,14,87.8775
16,4096,52,16,82.8812
16,4096,52,18,99.8155
16,4096,52,20,108.309
16,4096,52,22,97.8729
16,4096,52,24,101.3092
16,4096,52,26,116.1126
16,4096,52,28,119.3709
16,4096,52,30,116.7674
16,4096,52,32,112.5663
16,4096,52,34,115.2904
16,4096,52,36,117.7993
16,4096,52,38,116.7312
16,4096,52,40,109.4619
16,4096,52,42,115.6312
16,4096,52,44,119.6419
16,4096,52,46,106.5004
16,4096,52,48,117.6713
16,4096,52,50,113.5447
16,4096,54,2,20.0289
16,4096,54,4,35.8992
16,4096,54,6,48.542
16,4096,54,8,66.9391
16,4096,54,10,76.9935
16,4096,54,12,83.525
16,4096,54,14,95.6316
16,4096,54,16,93.9566
16,4096,54,18,107.2821
16,4096,54,20,114.5929
16,4096,54,22,105.8448
16,4096,54,24,105.2254
16,4096,54,26,104.4777
16,4096,54,28,120.4945
16,4096,54,30,123.2386
16,4096,54,32,125.5614
16,4096,54,34,123.9201
16,4096,54,36,119.8929
16,4096,54,38,121.7268
16,4096,54,40,113.1206
16,4096,54,42,112.422
16,4096,54,44,125.3798
16,4096,54,46,125.5906
16,4096,54,48,121.3592
16,4096,54,50,118.4339
16,4096,54,52,119.1472
16,4096,56,2,18.9404
16,4096,56,4,38.2165
16,4096,56,6,50.6444
16,4096,56,8,67.0078
16,4096,56,10,72.6997
16,4096,56,12,84.4588
16,4096,56,14,98.881
16,4096,56,16,97.3074
16,4096,56,18,96.7019
16,4096,56,20,112.2355
16,4096,56,22,109.4698
16,4096,56,24,110.6708
16,4096,56,26,109.8644
16,4096,56,28,125.3703
16,4096,56,30,128.3854
16,4096,56,32,133.4414
16,4096,56,34,132.4826
16,4096,56,36,107.5071
16,4096,56,38,126.6586
16,4096,56,40,133.4354
16,4096,56,42,127.6855
16,4096,56,44,133.6223
16,4096,56,46,127.8084
16,4096,56,48,122.3447
16,4096,56,50,125.463
16,4096,56,52,112.1781
16,4096,56,54,118.9857
16,4096,58,2,20.7818
16,4096,58,4,35.3637
16,4096,58,6,55.9618
16,4096,58,8,63.6414
16,4096,58,10,80.5809
16,4096,58,12,91.0393
16,4096,58,14,86.3048
16,4096,58,16,102.494
16,4096,58,18,109.8216
16,4096,58,20,114.6204
16,4096,58,22,116.2926
16,4096,58,24,119.6896
16,4096,58,26,117.3287
16,4096,58,28,112.8048
16,4096,58,30,116.5025
16,4096,58,32,134.9797
16,4096,58,34,134.0158
16,4096,58,36,130.6639
16,4096,58,38,135.406
16,4096,58,40,136.0626
16,4096,58,42,136.0864
16,4096,58,44,136.7407
16,4096,58,46,116.7366
16,4096,58,48,132.1513
16,4096,58,50,133.2997
16,4096,58,52,131.6878
16,4096,58,54,127.4978
16,4096,58,56,126.9778
16,4096,60,2,19.592
16,4096,60,4,40.9434
16,4096,60,6,58.2855
16,4096,60,8,68.1791
16,4096,60,10,90.304
16,4096,60,12,99.2855
16,4096,60,14,99.9776
16,4096,60,16,104.7881
16,4096,60,18,104.1415
16,4096,60,20,124.9183
16,4096,60,22,125.9955
16,4096,60,24,119.8319
16,4096,60,26,126.282
16,4096,60,28,122.933
16,4096,60,30,138.6611
16,4096,60,32,139.3733
16,4096,60,34,138.0873
16,4096,60,36,138.3517
16,4096,60,38,139.3358
16,4096,60,40,121.4305
16,4096,60,42,141.0996
16,4096,60,44,139.3718
16,4096,60,46,136.2906
16,4096,60,48,135.3727
16,4096,60,50,136.3865
16,4096,60,52,139.3956
16,4096,60,54,134.5062
16,4096,60,56,126.0852
16,4096,60,58,135.2713
16,4096,62,2,21.6684
16,4096,62,4,35.9008
16,4096,62,6,56.2513
16,4096,62,8,69.138
16,4096,62,10,79.2251
16,4096,62,12,83.6617
16,4096,62,14,105.0479
16,4096,62,16,111.6364
16,4096,62,18,115.0578
16,4096,62,20,110.0782
16,4096,62,22,125.0064
16,4096,62,24,130.3096
16,4096,62,26,135.0386
16,4096,62,28,131.4656
16,4096,62,30,132.2503
16,4096,62,32,122.7673
16,4096,62,34,139.6904
16,4096,62,36,141.6351
16,4096,62,38,137.0633
16,4096,62,40,140.8966
16,4096,62,42,145.964
16,4096,62,44,144.2675
16,4096,62,46,144.9077
16,4096,62,48,143.9982
16,4096,62,50,136.6743
16,4096,62,52,140.8466
16,4096,62,54,143.3386
16,4096,62,56,129.449
16,4096,62,58,141.6573
16,4096,62,60,144.8242
16,4096,64,2,22.7223
16,4096,64,4,43.0009
16,4096,64,6,55.4827
16,4096,64,8,81.1086
16,4096,64,10,81.2516
16,4096,64,12,101.2264
16,4096,64,14,113.0658
16,4096,64,16,121.7005
16,4096,64,18,121.2825
16,4096,64,20,123.5204
16,4096,64,22,142.2266
16,4096,64,24,144.5995
16,4096,64,26,137.14
16,4096,64,28,137.5327
16,4096,64,30,145.9243
16,4096,64,32,157.0623
16,4096,64,34,150.7593
16,4096,64,36,156.6199
16,4096,64,38,155.2672
16,4096,64,40,156.3468
16,4096,64,42,133.9123
16,4096,64,44,154.3518
16,4096,64,46,151.4151
16,4096,64,48,152.0306
16,4096,64,50,149.8288
16,4096,64,52,148.3754
16,4096,64,54,149.183
16,4096,64,56,151.2777
16,4096,64,58,146.1703
16,4096,64,60,146.3399
16,4096,64,62,148.7474
16,4096,66,2,21.4886
16,4096,66,4,44.3983
16,4096,66,6,63.3436
16,4096,66,8,75.4882
16,4096,66,10,88.2281
16,4096,66,12,95.0079
16,4096,66,14,112.34
16,4096,66,16,104.8869
16,4096,66,18,129.5309
16,4096,66,20,128.5884
16,4096,66,22,138.717
16,4096,66,24,142.1797
16,4096,66,26,146.0237
16,4096,66,28,145.0241
16,4096,66,30,144.374
16,4096,66,32,143.7859
16,4096,66,34,136.9729
16,4096,66,36,156.43
16,4096,66,38,136.905
16,4096,66,40,153.6474
16,4096,66,42,139.0311
16,4096,66,44,154.1434
16,4096,66,46,153.6828
16,4096,66,48,150.9681
16,4096,66,50,150.9153
16,4096,66,52,132.9201
16,4096,66,54,154.6854
16,4096,66,56,148.4616
16,4096,66,58,149.0541
16,4096,66,60,144.7428
16,4096,66,62,146.0462
16,4096,66,64,145.6381
16,4096,68,2,23.1567
16,4096,68,4,42.4109
16,4096,68,6,59.2418
16,4096,68,8,82.6964
16,4096,68,10,95.6129
16,4096,68,12,106.4848
16,4096,68,14,111.6299
16,4096,68,16,112.4582
16,4096,68,18,132.3317
16,4096,68,20,130.9027
16,4096,68,22,134.9005
16,4096,68,24,150.8516
16,4096,68,26,142.4209
16,4096,68,28,146.832
16,4096,68,30,147.2372
16,4096,68,32,146.1754
16,4096,68,34,158.3816
16,4096,68,36,160.6493
16,4096,68,38,159.0784
16,4096,68,40,155.8085
16,4096,68,42,139.7054
16,4096,68,44,148.0784
16,4096,68,46,162.4083
16,4096,68,48,157.1512
16,4096,68,50,159.3856
16,4096,68,52,158.392
16,4096,68,54,155.2388
16,4096,68,56,162.7007
16,4096,68,58,155.9544
16,4096,68,60,153.7702
16,4096,68,62,154.1998
16,4096,68,64,147.2099
16,4096,68,66,153.6535
16,4096,70,2,23.3086
16,4096,70,4,41.4943
16,4096,70,6,67.1788
16,4096,70,8,78.4426
16,4096,70,10,100.2071
16,4096,70,12,115.6016
16,4096,70,14,120.3707
16,4096,70,16,121.3031
16,4096,70,18,146.7238
16,4096,70,20,134.0127
16,4096,70,22,137.73
16,4096,70,24,157.6394
16,4096,70,26,148.6394
16,4096,70,28,156.4072
16,4096,70,30,151.4767
16,4096,70,32,139.4618
16,4096,70,34,157.9883
16,4096,70,36,162.5168
16,4096,70,38,164.6483
16,4096,70,40,162.4692
16,4096,70,42,168.3001
16,4096,70,44,165.1892
16,4096,70,46,162.0401
16,4096,70,48,165.7269
16,4096,70,50,148.0328
16,4096,70,52,140.0134
16,4096,70,54,164.1963
16,4096,70,56,151.365
16,4096,70,58,159.7365
16,4096,70,60,153.7217
16,4096,70,62,156.3411
16,4096,70,64,160.0364
16,4096,70,66,153.6931
16,4096,70,68,153.3549
16,4096,72,2,25.4866
16,4096,72,4,46.5154
16,4096,72,6,64.1525
16,4096,72,8,81.5691
16,4096,72,10,96.5626
16,4096,72,12,116.5298
16,4096,72,14,116.7152
16,4096,72,16,127.7166
16,4096,72,18,150.0821
16,4096,72,20,153.0858
16,4096,72,22,146.8349
16,4096,72,24,170.3833
16,4096,72,26,163.5799
16,4096,72,28,167.0687
16,4096,72,30,155.8676
16,4096,72,32,164.8093
16,4096,72,34,163.3114
16,4096,72,36,177.6576
16,4096,72,38,172.4655
16,4096,72,40,152.3284
16,4096,72,42,171.5801
16,4096,72,44,144.1117
16,4096,72,46,167.5817
16,4096,72,48,153.7978
16,4096,72,50,167.9096
16,4096,72,52,162.6067
16,4096,72,54,168.2527
16,4096,72,56,160.8049
16,4096,72,58,148.3929
16,4096,72,60,167.3694
16,4096,72,62,168.5996
16,4096,72,64,151.959
16,4096,72,66,156.9045
16,4096,72,68,159.5065
16,4096,72,70,160.4156
16,4096,74,2,25.2292
16,4096,74,4,45.417
16,4096,74,6,68.5174
16,4096,74,8,75.5802
16,4096,74,10,98.023
16,4096,74,12,100.2485
16,4096,74,14,120.645
16,4096,74,16,128.9329
16,4096,74,18,135.5985
16,4096,74,20,143.7124
16,4096,74,22,147.2856
16,4096,74,24,142.9908
16,4096,74,26,162.6666
16,4096,74,28,145.9205
16,4096,74,30,143.4783
16,4096,74,32,169.0345
16,4096,74,34,160.1989
16,4096,74,36,166.6108
16,4096,74,38,178.8569
16,4096,74,40,166.8555
16,4096,74,42,147.7425
16,4096,74,44,174.2409
16,4096,74,46,151.8757
16,4096,74,48,169.6
16,4096,74,50,167.4606
16,4096,74,52,136.5157
16,4096,74,54,164.2168
16,4096,74,56,154.2752
16,4096,74,58,168.1166
16,4096,74,60,165.7115
16,4096,74,62,165.1625
16,4096,74,64,142.29
16,4096,74,66,156.9067
16,4096,74,68,166.5599
16,4096,74,70,162.9955
16,4096,74,72,151.6652
16,4096,76,2,24.202
16,4096,76,4,46.1382
16,4096,76,6,72.4206
16,4096,76,8,86.9777
16,4096,76,10,105.6889
16,4096,76,12,108.7411
16,4096,76,14,122.5626
16,4096,76,16,137.5385
16,4096,76,18,147.177
16,4096,76,20,152.5294
16,4096,76,22,152.7115
16,4096,76,24,158.8081
16,4096,76,26,167.6571
16,4096,76,28,175.1072
16,4096,76,30,169.8483
16,4096,76,32,156.1495
16,4096,76,34,148.9358
16,4096,76,36,175.2462
16,4096,76,38,177.0718
16,4096,76,40,187.4196
16,4096,76,42,183.4992
16,4096,76,44,174.8498
16,4096,76,46,167.068
16,4096,76,48,176.6195
16,4096,76,50,163.238
16,4096,76,52,163.6592
16,4096,76,54,146.717
16,4096,76,56,152.7352
16,4096,76,58,156.2879
16,4096,76,60,166.3942
16,4096,76,62,160.3567
16,4096,76,64,169.3556
16,4096,76,66,171.4327
16,4096,76,68,163.1373
16,4096,76,70,164.2854
16,4096,76,72,174.0989
16,4096,76,74,146.8519
16,4096,78,2,25.6664
16,4096,78,4,51.1945
16,4096,78,6,83.9948
16,4096,78,8,92.4738
16,4096,78,10,108.5626
16,4096,78,12,110.4764
16,4096,78,14,120.5068
16,4096,78,16,138.8766
16,4096,78,18,138.4938
16,4096,78,20,152.6001
16,4096,78,22,158.268
16,4096,78,24,170.378
16,4096,78,26,179.2333
16,4096,78,28,181.4025
16,4096,78,30,188.0146
16,4096,78,32,189.1098
16,4096,78,34,182.745
16,4096,78,36,181.7518
16,4096,78,38,177.5118
16,4096,78,40,175.5279
16,4096,78,42,172.5739
16,4096,78,44,179.8044
16,4096,78,46,199.026
16,4096,78,48,183.9233
16,4096,78,50,172.9466
16,4096,78,52,174.1316
16,4096,78,54,173.0846
16,4096,78,56,170.9351
16,4096,78,58,168.0019
16,4096,78,60,137.0665
16,4096,78,62,153.5609
16,4096,78,64,163.4321
16,4096,78,66,176.0444
16,4096,78,68,158.6004
16,4096,78,70,148.8356
16,4096,78,72,174.277
16,4096,78,74,167.8671
16,4096,78,76,169.249
16,4096,80,2,27.2088
16,4096,80,4,48.9419
16,4096,80,6,69.9092
16,4096,80,8,94.9864
16,4096,80,10,106.7174
16,4096,80,12,105.5867
16,4096,80,14,137.5149
16,4096,80,16,147.7971
16,4096,80,18,152.3104
16,4096,80,20,167.8103
16,4096,80,22,165.0679
16,4096,80,24,153.4794
16,4096,80,26,169.4601
16,4096,80,28,169.8968
16,4096,80,30,175.942
16,4096,80,32,188.6794
16,4096,80,34,179.7575
16,4096,80,36,163.3206
16,4096,80,38,181.425
16,4096,80,40,168.2435
16,4096,80,42,172.1131
16,4096,80,44,141.2614
16,4096,80,46,187.238
16,4096,80,48,177.0784
16,4096,80,50,181.5867
16,4096,80,52,186.4763
16,4096,80,54,176.4199
16,4096,80,56,169.1735
16,4096,80,58,151.0441
16,4096,80,60,165.9887
16,4096,80,62,161.6698
16,4096,80,64,150.529
16,4096,80,66,167.1118
16,4096,80,68,174.3282
16,4096,80,70,176.1662
16,4096,80,72,173.0132
16,4096,80,74,167.9966
16,4096,80,76,152.497
16,4096,80,78,179.267
16,4096,82,2,29.0305
16,4096,82,4,47.2473
16,4096,82,6,80.2842
16,4096,82,8,94.4057
16,4096,82,10,110.5138
16,4096,82,12,125.6081
16,4096,82,14,143.5592
16,4096,82,16,152.3981
16,4096,82,18,154.6169
16,4096,82,20,151.9842
16,4096,82,22,165.3258
16,4096,82,24,173.4893
16,4096,82,26,182.7339
16,4096,82,28,187.7543
16,4096,82,30,196.1541
16,4096,82,32,183.8338
16,4096,82,34,181.6184
16,4096,82,36,187.7001
16,4096,82,38,175.4063
16,4096,82,40,186.5167
16,4096,82,42,176.0478
16,4096,82,44,207.9455
16,4096,82,46,204.2208
16,4096,82,48,165.0618
16,4096,82,50,192.6009
16,4096,82,52,178.9319
16,4096,82,54,194.822
16,4096,82,56,174.8771
16,4096,82,58,178.2219
16,4096,82,60,173.9529
16,4096,82,62,173.4721
16,4096,82,64,181.9684
16,4096,82,66,163.6314
16,4096,82,68,167.5359
16,4096,82,70,163.7598
16,4096,82,72,181.3867
16,4096,82,74,180.6963
16,4096,82,76,169.1707
16,4096,82,78,158.6324
16,4096,82,80,178.1166
16,4096,84,2,27.9392
16,4096,84,4,54.9171
16,4096,84,6,80.5706
16,4096,84,8,86.5643
16,4096,84,10,110.9165
16,4096,84,12,127.773
16,4096,84,14,147.5863
16,4096,84,16,154.9376
16,4096,84,18,171.9844
16,4096,84,20,162.3372
16,4096,84,22,185.6998
16,4096,84,24,156.1579
16,4096,84,26,173.0929
16,4096,84,28,179.509
16,4096,84,30,186.565
16,4096,84,32,196.4832
16,4096,84,34,186.3561
16,4096,84,36,195.8033
16,4096,84,38,192.5909
16,4096,84,40,181.0161
16,4096,84,42,195.6662
16,4096,84,44,173.1399
16,4096,84,46,191.4531
16,4096,84,48,186.6242
16,4096,84,50,168.4148
16,4096,84,52,185.8501
16,4096,84,54,183.7668
16,4096,84,56,180.9552
16,4096,84,58,153.7792
16,4096,84,60,185.333
16,4096,84,62,162.843
16,4096,84,64,179.3155
16,4096,84,66,161.3624
16,4096,84,68,178.6003
16,4096,84,70,177.0054
16,4096,84,72,184.5443
16,4096,84,74,159.4402
16,4096,84,76,180.7961
16,4096,84,78,169.1131
16,4096,84,80,162.4099
16,4096,84,82,183.7579
16,4096,86,2,27.7248
16,4096,86,4,56.9907
16,4096,86,6,71.3629
16,4096,86,8,103.0947
16,4096,86,10,123.0612
16,4096,86,12,118.607
16,4096,86,14,126.818
16,4096,86,16,137.3988
16,4096,86,18,163.9363
16,4096,86,20,171.8602
16,4096,86,22,175.479
16,4096,86,24,159.723
16,4096,86,26,175.3868
16,4096,86,28,185.2082
16,4096,86,30,189.9203
16,4096,86,32,170.0245
16,4096,86,34,197.0252
16,4096,86,36,184.2714
16,4096,86,38,176.1092
16,4096,86,40,187.0177
16,4096,86,42,178.7144
16,4096,86,44,175.4551
16,4096,86,46,199.2339
16,4096,86,48,184.9662
16,4096,86,50,197.3101
16,4096,86,52,174.4806
16,4096,86,54,193.4224
16,4096,86,56,188.3738
16,4096,86,58,167.0436
16,4096,86,60,186.5754
16,4096,86,62,163.9104
16,4096,86,64,176.2674
16,4096,86,66,148.6352
16,4096,86,68,188.3346
16,4096,86,70,184.7275
16,4096,86,72,178.4263
16,4096,86,74,175.632
16,4096,86,76,156.2069
16,4096,86,78,179.3649
16,4096,86,80,175.0315
16,4096,86,82,162.7804
16,4096,86,84,178.5952
16,4096,88,2,29.7861
16,4096,88,4,52.9553
16,4096,88,6,79.4455
16,4096,88,8,100.2561
16,4096,88,10,119.2898
16,4096,88,12,130.127
16,4096,88,14,141.3243
16,4096,88,16,153.499
16,4096,88,18,179.2545
16,4096,88,20,163.2371
16,4096,88,22,179.4079
16,4096,88,24,193.4952
16,4096,88,26,173.995
16,4096,88,28,192.8917
16,4096,88,30,198.8357
16,4096,88,32,202.7246
16,4096,88,34,202.8715
16,4096,88,36,199.2578
16,4096,88,38,192.5675
16,4096,88,40,195.9689
16,4096,88,42,175.0305
16,4096,88,44,177.3805
16,4096,88,46,205.253
16,4096,88,48,189.158
16,4096,88,50,198.6886
16,4096,88,52,172.8958
16,4096,88,54,193.2243
16,4096,88,56,191.7188
16,4096,88,58,189.7609
16,4096,88,60,192.2693
16,4096,88,62,176.0314
16,4096,88,64,162.0783
16,4096,88,66,168.6361
16,4096,88,68,190.1187
16,4096,88,70,171.7993
16,4096,88,72,159.5219
16,4096,88,74,189.3424
16,4096,88,76,185.9222
16,4096,88,78,181.4181
16,4096,88,80,188.642
16,4096,88,82,167.2738
16,4096,88,84,173.404
16,4096,88,86,170.2842
16,4096,90,2,28.1869
16,4096,90,4,53.4853
16,4096,90,6,88.911
16,4096,90,8,102.8027
16,4096,90,10,132.7627
16,4096,90,12,131.3932
16,4096,90,14,142.2733
16,4096,90,16,161.4522
16,4096,90,18,163.095
16,4096,90,20,182.3439
16,4096,90,22,170.0389
16,4096,90,24,181.0905
16,4096,90,26,176.2565
16,4096,90,28,190.5826
16,4096,90,30,200.1774
16,4096,90,32,207.6633
16,4096,90,34,199.1753
16,4096,90,36,198.5421
16,4096,90,38,172.2872
16,4096,90,40,188.8697
16,4096,90,42,198.7303
16,4096,90,44,180.7085
16,4096,90,46,212.4539
16,4096,90,48,198.3922
16,4096,90,50,181.5786
16,4096,90,52,185.4091
16,4096,90,54,204.2586
16,4096,90,56,186.3764
16,4096,90,58,165.6319
16,4096,90,60,194.1037
16,4096,90,62,174.2593
16,4096,90,64,165.0273
16,4096,90,66,181.7537
16,4096,90,68,195.9079
16,4096,90,70,161.0822
16,4096,90,72,155.2479
16,4096,90,74,167.6083
16,4096,90,76,179.2891
16,4096,90,78,188.9468
16,4096,90,80,168.8298
16,4096,90,82,164.3158
16,4096,90,84,175.0796
16,4096,90,86,187.1888
16,4096,90,88,150.3575
16,4096,92,2,29.4315
16,4096,92,4,59.4843
16,4096,92,6,76.8765
16,4096,92,8,100.0906
16,4096,92,10,115.8118
16,4096,92,12,133.3621
16,4096,92,14,153.2246
16,4096,92,16,162.7998
16,4096,92,18,173.7927
16,4096,92,20,176.4096
16,4096,92,22,170.5117
16,4096,92,24,200.9435
16,4096,92,26,198.2514
16,4096,92,28,198.7831
16,4096,92,30,196.6915
16,4096,92,32,207.1859
16,4096,92,34,202.8403
16,4096,92,36,204.4596
16,4096,92,38,202.1526
16,4096,92,40,203.685
16,4096,92,42,194.4006
16,4096,92,44,194.486
16,4096,92,46,216.067
16,4096,92,48,198.3628
16,4096,92,50,205.115
16,4096,92,52,200.0661
16,4096,92,54,161.8669
16,4096,92,56,185.5945
16,4096,92,58,194.5698
16,4096,92,60,174.8086
16,4096,92,62,169.6336
16,4096,92,64,187.3652
16,4096,92,66,197.866
16,4096,92,68,191.5474
16,4096,92,70,158.4569
16,4096,92,72,192.6672
16,4096,92,74,184.5878
16,4096,92,76,164.3301
16,4096,92,78,177.9651
16,4096,92,80,177.0731
16,4096,92,82,168.2868
16,4096,92,84,173.8552
16,4096,92,86,180.4381
16,4096,92,88,158.3422
16,4096,92,90,168.5648
16,4096,94,2,33.8987
16,4096,94,4,59.0406
16,4096,94,6,78.2074
16,4096,94,8,113.9768
16,4096,94,10,121.8325
16,4096,94,12,142.7656
16,4096,94,14,146.8477
16,4096,94,16,167.9844
16,4096,94,18,157.4686
16,4096,94,20,174.0346
16,4096,94,22,191.9593
16,4096,94,24,198.3474
16,4096,94,26,196.353
16,4096,94,28,191.5283
16,4096,94,30,187.1146
16,4096,94,32,206.3053
16,4096,94,34,202.4903
16,4096,94,36,200.008
16,4096,94,38,199.1231
16,4096,94,40,186.122
16,4096,94,42,193.445
16,4096,94,44,198.3769
16,4096,94,46,162.4521
16,4096,94,48,184.15
16,4096,94,50,204.6845
16,4096,94,52,179.3701
16,4096,94,54,178.9169
16,4096,94,56,184.3307
16,4096,94,58,179.0714
16,4096,94,60,188.8746
16,4096,94,62,180.5646
16,4096,94,64,191.5205
16,4096,94,66,189.9394
16,4096,94,68,155.2763
16,4096,94,70,174.3898
16,4096,94,72,189.7498
16,4096,94,74,183.687
16,4096,94,76,154.1673
16,4096,94,78,180.8828
16,4096,94,80,173.6526
16,4096,94,82,180.9314
16,4096,94,84,163.9382
16,4096,94,86,192.5482
16,4096,94,88,179.866
16,4096,94,90,148.3093
16,4096,94,92,185.6204
16,4096,96,2,31.7508
16,4096,96,4,60.7395
16,4096,96,6,88.0767
16,4096,96,8,105.2583
16,4096,96,10,129.1283
16,4096,96,12,143.6521
16,4096,96,14,163.8087
16,4096,96,16,179.1322
16,4096,96,18,163.4968
16,4096,96,20,194.621
16,4096,96,22,184.2985
16,4096,96,24,214.7857
16,4096,96,26,206.264
16,4096,96,28,208.6918
16,4096,96,30,204.7585
16,4096,96,32,215.3737
16,4096,96,34,202.9228
16,4096,96,36,215.5641
16,4096,96,38,190.9708
16,4096,96,40,203.2334
16,4096,96,42,214.4491
16,4096,96,44,201.4274
16,4096,96,46,194.1683
16,4096,96,48,205.9422
16,4096,96,50,204.8839
16,4096,96,52,204.2516
16,4096,96,54,178.4128
16,4096,96,56,194.335
16,4096,96,58,179.5667
16,4096,96,60,197.7034
16,4096,96,62,195.3216
16,4096,96,64,192.3649
16,4096,96,66,152.7397
16,4096,96,68,170.4763
16,4096,96,70,197.1972
16,4096,96,72,187.9027
16,4096,96,74,170.9738
16,4096,96,76,165.5783
16,4096,96,78,180.4893
16,4096,96,80,176.6457
16,4096,96,82,186.8961
16,4096,96,84,187.5762
16,4096,96,86,174.5267
16,4096,96,88,154.456
16,4096,96,90,175.07
16,4096,96,92,187.3214
16,4096,96,94,186.47
16,4096,98,2,31.5398
16,4096,98,4,59.8938
16,4096,98,6,87.3164
16,4096,98,8,108.9648
16,4096,98,10,121.9779
16,4096,98,12,141.7915
16,4096,98,14,158.4109
16,4096,98,16,175.8427
16,4096,98,18,166.9814
16,4096,98,20,198.2147
16,4096,98,22,183.1018
16,4096,98,24,202.4756
16,4096,98,26,199.3927
16,4096,98,28,199.4952
16,4096,98,30,198.4591
16,4096,98,32,205.1169
16,4096,98,34,187.661
16,4096,98,36,219.264
16,4096,98,38,210.0486
16,4096,98,40,224.9725
16,4096,98,42,216.3829
16,4096,98,44,221.6204
16,4096,98,46,192.9573
16,4096,98,48,206.1932
16,4096,98,50,174.8804
16,4096,98,52,199.9319
16,4096,98,54,192.8197
16,4096,98,56,175.2267
16,4096,98,58,206.3169
16,4096,98,60,173.6541
16,4096,98,62,181.2027
16,4096,98,64,192.6772
16,4096,98,66,177.198
16,4096,98,68,188.5057
16,4096,98,70,200.3785
16,4096,98,72,188.2255
16,4096,98,74,174.8054
16,4096,98,76,197.9591
16,4096,98,78,186.8121
16,4096,98,80,166.67
16,4096,98,82,180.1814
16,4096,98,84,190.1132
16,4096,98,86,186.4134
16,4096,98,88,172.3083
16,4096,98,90,190.5145
16,4096,98,92,178.0627
16,4096,98,94,180.8336
16,4096,98,96,188.7121
16,4096,100,2,31.0192
16,4096,100,4,63.6547
16,4096,100,6,83.973
16,4096,100,8,104.4983
16,4096,100,10,134.0734
16,4096,100,12,145.6174
16,4096,100,14,163.0663
16,4096,100,16,177.5115
16,4096,100,18,189.0357
16,4096,100,20,176.1063
16,4096,100,22,192.4059
16,4096,100,24,201.9668
16,4096,100,26,189.1959
16,4096,100,28,212.1832
16,4096,100,30,217.7202
16,4096,100,32,210.3583
16,4096,100,34,205.8821
16,4096,100,36,230.7652
16,4096,100,38,221.1216
16,4096,100,40,224.094
16,4096,100,42,205.7199
16,4096,100,44,211.8684
16,4096,100,46,190.6409
16,4096,100,48,200.5012
16,4096,100,50,212.6441
16,4096,100,52,207.1157
16,4096,100,54,166.5238
16,4096,100,56,197.4153
16,4096,100,58,200.9676
16,4096,100,60,179.6207
16,4096,100,62,199.8719
16,4096,100,64,197.9144
16,4096,100,66,203.3381
16,4096,100,68,184.8222
16,4096,100,70,184.741
16,4096,100,72,205.2303
16,4096,100,74,185.8569
16,4096,100,76,191.9931
16,4096,100,78,193.6282
16,4096,100,80,189.9321
16,4096,100,82,194.0371
16,4096,100,84,183.6504
16,4096,100,86,195.8907
16,4096,100,88,182.4872
16,4096,100,90,193.1856
16,4096,100,92,197.1201
16,4096,100,94,169.9854
16,4096,100,96,179.9361
16,4096,100,98,196.0668
16,4096,102,2,31.4624
16,4096,102,4,64.4352
16,4096,102,6,84.8643
16,4096,102,8,118.1993
16,4096,102,10,124.27
16,4096,102,12,141.0522
16,4096,102,14,155.2564
16,4096,102,16,180.0369
16,4096,102,18,177.7541
16,4096,102,20,187.8576
16,4096,102,22,191.0219
16,4096,102,24,201.5658
16,4096,102,26,205.7133
16,4096,102,28,219.0234
16,4096,102,30,209.791
16,4096,102,32,210.1194
16,4096,102,34,198.9147
16,4096,102,36,211.8449
16,4096,102,38,208.7952
16,4096,102,40,187.1311
16,4096,102,42,218.5018
16,4096,102,44,221.5107
16,4096,102,46,216.7923
16,4096,102,48,208.5992
16,4096,102,50,204.2892
16,4096,102,52,199.9519
16,4096,102,54,206.4295
16,4096,102,56,204.5022
16,4096,102,58,197.5151
16,4096,102,60,181.3616
16,4096,102,62,196.8652
16,4096,102,64,193.4383
16,4096,102,66,190.3846
16,4096,102,68,176.9258
16,4096,102,70,175.8152
16,4096,102,72,195.4493
16,4096,102,74,190.4618
16,4096,102,76,151.4983
16,4096,102,78,194.7725
16,4096,102,80,173.5993
16,4096,102,82,189.9835
16,4096,102,84,191.6545
16,4096,102,86,160.1639
16,4096,102,88,158.135
16,4096,102,90,167.3282
16,4096,102,92,191.8259
16,4096,102,94,173.2259
16,4096,102,96,191.2777
16,4096,102,98,182.8171
16,4096,102,100,176.7765
16,4096,104,2,35.4623
16,4096,104,4,66.0746
16,4096,104,6,94.2149
16,4096,104,8,117.5776
16,4096,104,10,133.0845
16,4096,104,12,159.682
16,4096,104,14,164.9669
16,4096,104,16,173.8274
16,4096,104,18,194.6644
16,4096,104,20,173.1761
16,4096,104,22,177.8316
16,4096,104,24,211.2615
16,4096,104,26,210.4254
16,4096,104,28,222.4865
16,4096,104,30,193.5332
16,4096,104,32,221.1487
16,4096,104,34,211.3229
16,4096,104,36,226.5733
16,4096,104,38,211.4636
16,4096,104,40,227.8946
16,4096,104,42,215.9153
16,4096,104,44,218.3355
16,4096,104,46,222.1097
16,4096,104,48,210.0927
16,4096,104,50,202.0859
16,4096,104,52,195.345
16,4096,104,54,212.115
16,4096,104,56,207.7014
16,4096,104,58,168.9707
16,4096,104,60,189.2114
16,4096,104,62,198.0987
16,4096,104,64,199.6638
16,4096,104,66,207.1425
16,4096,104,68,205.1645
16,4096,104,70,175.9842
16,4096,104,72,178.9354
16,4096,104,74,177.7061
16,4096,104,76,189.3852
16,4096,104,78,178.8042
16,4096,104,80,188.7351
16,4096,104,82,200.7487
16,4096,104,84,197.8322
16,4096,104,86,184.9239
16,4096,104,88,171.0767
16,4096,104,90,191.9318
16,4096,104,92,169.8471
16,4096,104,94,190.8059
16,4096,104,96,192.6334
16,4096,104,98,170.9273
16,4096,104,100,190.0739
16,4096,104,102,184.6107
16,4096,106,2,34.0725
16,4096,106,4,67.7392
16,4096,106,6,90.4693
16,4096,106,8,115.9269
16,4096,106,10,137.108
16,4096,106,12,155.9041
16,4096,106,14,164.3934
16,4096,106,16,183.3292
16,4096,106,18,185.9841
16,4096,106,20,181.6596
16,4096,106,22,211.4432
16,4096,106,24,197.5228
16,4096,106,26,200.6213
16,4096,106,28,215.8465
16,4096,106,30,216.9163
16,4096,106,32,216.9436
16,4096,106,34,222.6546
16,4096,106,36,230.6746
16,4096,106,38,221.4678
16,4096,106,40,203.1297
16,4096,106,42,224.7391
16,4096,106,44,219.2217
16,4096,106,46,221.7441
16,4096,106,48,210.3873
16,4096,106,50,211.3133
16,4096,106,52,205.6814
16,4096,106,54,216.1235
16,4096,106,56,198.3682
16,4096,106,58,206.4093
16,4096,106,60,200.2159
16,4096,106,62,189.6592
16,4096,106,64,198.4187
16,4096,106,66,193.8008
16,4096,106,68,193.6932
16,4096,106,70,200.2682
16,4096,106,72,201.3321
16,4096,106,74,194.0854
16,4096,106,76,179.0787
16,4096,106,78,176.4809
16,4096,106,80,190.6254
16,4096,106,82,196.9271
16,4096,106,84,202.1512
16,4096,106,86,188.7317
16,4096,106,88,190.0144
16,4096,106,90,184.3234
16,4096,106,92,154.2125
16,4096,106,94,173.5374
16,4096,106,96,193.2045
16,4096,106,98,193.4952
16,4096,106,100,187.1325
16,4096,106,102,181.7706
16,4096,106,104,191.0981
16,4096,108,2,34.285
16,4096,108,4,61.1501
16,4096,108,6,96.6856
16,4096,108,8,115.9719
16,4096,108,10,150.8716
16,4096,108,12,155.3685
16,4096,108,14,180.5662
16,4096,108,16,190.4929
16,4096,108,18,200.574
16,4096,108,20,198.4949
16,4096,108,22,210.6818
16,4096,108,24,214.5975
16,4096,108,26,208.3965
16,4096,108,28,208.5607
16,4096,108,30,220.446
16,4096,108,32,210.4534
16,4096,108,34,228.5354
16,4096,108,36,222.5845
16,4096,108,38,238.4656
16,4096,108,40,229.6446
16,4096,108,42,234.0647
16,4096,108,44,231.3876
16,4096,108,46,200.6395
16,4096,108,48,193.8592
16,4096,108,50,192.5819
16,4096,108,52,213.9652
16,4096,108,54,210.4441
16,4096,108,56,171.2088
16,4096,108,58,204.8443
16,4096,108,60,202.5458
16,4096,108,62,201.9645
16,4096,108,64,202.5726
16,4096,108,66,199.8908
16,4096,108,68,198.2564
16,4096,108,70,190.7404
16,4096,108,72,199.9591
16,4096,108,74,193.9673
16,4096,108,76,167.5407
16,4096,108,78,167.3825
16,4096,108,80,176.0585
16,4096,108,82,202.6583
16,4096,108,84,184.4059
16,4096,108,86,192.6729
16,4096,108,88,181.772
16,4096,108,90,181.0078
16,4096,108,92,187.4941
16,4096,108,94,145.0428
16,4096,108,96,181.171
16,4096,108,98,201.512
16,4096,108,100,176.2491
16,4096,108,102,178.7007
16,4096,108,104,166.1556
16,4096,108,106,180.8428
16,4096,110,2,35.4552
16,4096,110,4,62.1592
16,4096,110,6,90.7513
16,4096,110,8,122.7802
16,4096,110,10,132.6768
16,4096,110,12,157.1408
16,4096,110,14,180.7429
16,4096,110,16,201.6294
16,4096,110,18,187.3482
16,4096,110,20,196.7151
16,4096,110,22,209.0772
16,4096,110,24,197.4173
16,4096,110,26,191.4798
16,4096,110,28,228.9821
16,4096,110,30,218.7838
16,4096,110,32,213.1896
16,4096,110,34,196.5261
16,4096,110,36,223.8154
16,4096,110,38,224.8494
16,4096,110,40,231.8552
16,4096,110,42,218.9915
16,4096,110,44,217.7416
16,4096,110,46,210.6525
16,4096,110,48,203.6621
16,4096,110,50,209.1783
16,4096,110,52,201.1554
16,4096,110,54,203.5904
16,4096,110,56,197.2026
16,4096,110,58,207.3044
16,4096,110,60,186.0385
16,4096,110,62,194.4518
16,4096,110,64,210.9329
16,4096,110,66,213.6167
16,4096,110,68,212.1193
16,4096,110,70,202.9721
16,4096,110,72,196.7717
16,4096,110,74,205.324
16,4096,110,76,201.6356
16,4096,110,78,208.3086
16,4096,110,80,194.5799
16,4096,110,82,205.4229
16,4096,110,84,195.1284
16,4096,110,86,199.4157
16,4096,110,88,196.1312
16,4096,110,90,202.9605
16,4096,110,92,199.275
16,4096,110,94,194.7614
16,4096,110,96,197.514
16,4096,110,98,186.9917
16,4096,110,100,194.3176
16,4096,110,102,178.0546
16,4096,110,104,179.6344
16,4096,110,106,197.2339
16,4096,110,108,172.1869
16,4096,112,2,35.3524
16,4096,112,4,63.9888
16,4096,112,6,99.642
16,4096,112,8,124.3745
16,4096,112,10,136.7929
16,4096,112,12,159.8305
16,4096,112,14,178.5877
16,4096,112,16,197.9245
16,4096,112,18,179.7543
16,4096,112,20,214.8809
16,4096,112,22,207.0934
16,4096,112,24,227.2801
16,4096,112,26,217.4892
16,4096,112,28,240.6261
16,4096,112,30,228.0051
16,4096,112,32,223.5363
16,4096,112,34,221.0017
16,4096,112,36,226.7099
16,4096,112,38,233.0534
16,4096,112,40,235.2481
16,4096,112,42,231.775
16,4096,112,44,226.3936
16,4096,112,46,231.541
16,4096,112,48,221.2535
16,4096,112,50,220.7198
16,4096,112,52,215.7982
16,4096,112,54,211.4312
16,4096,112,56,214.8386
16,4096,112,58,211.1681
16,4096,112,60,196.7594
16,4096,112,62,204.0098
16,4096,112,64,208.5469
16,4096,112,66,211.0591
16,4096,112,68,199.3291
16,4096,112,70,213.4232
16,4096,112,72,206.8628
16,4096,112,74,202.1338
16,4096,112,76,167.6302
16,4096,112,78,206.0116
16,4096,112,80,188.1753
16,4096,112,82,184.5928
16,4096,112,84,204.7891
16,4096,112,86,211.4714
16,4096,112,88,168.3535
16,4096,112,90,171.1127
16,4096,112,92,205.4985
16,4096,112,94,201.6235
16,4096,112,96,194.9679
16,4096,112,98,190.6682
16,4096,112,100,198.5645
16,4096,112,102,197.005
16,4096,112,104,199.9939
16,4096,112,106,164.8508
16,4096,112,108,191.4132
16,4096,112,110,180.8059
16,4096,114,2,36.7403
16,4096,114,4,67.6358
16,4096,114,6,94.2678
16,4096,114,8,123.7778
16,4096,114,10,147.7259
16,4096,114,12,178.2788
16,4096,114,14,177.5849
16,4096,114,16,188.4781
16,4096,114,18,203.4537
16,4096,114,20,207.257
16,4096,114,22,215.7605
16,4096,114,24,215.4931
16,4096,114,26,214.3499
16,4096,114,28,225.359
16,4096,114,30,229.0629
16,4096,114,32,236.6987
16,4096,114,34,233.0015
16,4096,114,36,227.8162
16,4096,114,38,228.6767
16,4096,114,40,235.065
16,4096,114,42,233.7166
16,4096,114,44,201.5274
16,4096,114,46,229.7144
16,4096,114,48,228.4239
16,4096,114,50,222.8845
16,4096,114,52,192.1506
16,4096,114,54,217.2746
16,4096,114,56,208.1075
16,4096,114,58,216.6784
16,4096,114,60,210.7214
16,4096,114,62,200.5443
16,4096,114,64,202.3033
16,4096,114,66,212.3526
16,4096,114,68,219.0864
16,4096,114,70,217.435
16,4096,114,72,171.2992
16,4096,114,74,192.0695
16,4096,114,76,229.7154
16,4096,114,78,205.5563
16,4096,114,80,241.0301
16,4096,114,82,244.8297
16,4096,114,84,238.8208
16,4096,114,86,190.1324
16,4096,114,88,222.4558
16,4096,114,90,231.1295
16,4096,114,92,186.4902
16,4096,114,94,185.3858
16,4096,114,96,190.9153
16,4096,114,98,178.9886
16,4096,114,100,184.8199
16,4096,114,102,194.2368
16,4096,114,104,184.241
16,4096,114,106,169.2787
16,4096,114,108,199.2886
16,4096,114,110,192.8786
16,4096,114,112,191.5423
16,4096,116,2,34.6638
16,4096,116,4,71.5521
16,4096,116,6,100.9563
16,4096,116,8,123.3742
16,4096,116,10,158.7543
16,4096,116,12,173.9089
16,4096,116,14,178.882
16,4096,116,16,179.291
16,4096,116,18,192.1377
16,4096,116,20,213.3402
16,4096,116,22,219.6868
16,4096,116,24,227.7951
16,4096,116,26,211.5926
16,4096,116,28,231.2739
16,4096,116,30,224.7697
16,4096,116,32,245.4835
16,4096,116,34,205.7546
16,4096,116,36,234.0038
16,4096,116,38,224.3005
16,4096,116,40,235.8649
16,4096,116,42,232.1669
16,4096,116,44,227.0641
16,4096,116,46,238.3552
16,4096,116,48,206.4245
16,4096,116,50,223.6119
16,4096,116,52,222.9077
16,4096,116,54,218.241
16,4096,116,56,188.1733
16,4096,116,58,203.3019
16,4096,116,60,209.7568
16,4096,116,62,201.7485
16,4096,116,64,202.2604
16,4096,116,66,217.5356
16,4096,116,68,197.3544
16,4096,116,70,214.7054
16,4096,116,72,214.3574
16,4096,116,74,161.3259
16,4096,116,76,183.6116
16,4096,116,78,200.435
16,4096,116,80,209.7122
16,4096,116,82,208.1196
16,4096,116,84,207.5743
16,4096,116,86,185.8023
16,4096,116,88,195.2331
16,4096,116,90,196.3406
16,4096,116,92,208.5692
16,4096,116,94,181.5354
16,4096,116,96,203.7444
16,4096,116,98,199.8339
16,4096,116,100,157.9881
16,4096,116,102,193.7983
16,4096,116,104,202.1884
16,4096,116,106,194.2389
16,4096,116,108,195.9504
16,4096,116,110,182.0086
16,4096,116,112,205.5733
16,4096,116,114,212.5262
16,4096,118,2,37.6356
16,4096,118,4,68.6623
16,4096,118,6,108.944
16,4096,118,8,124.4619
16,4096,118,10,166.7537
16,4096,118,12,172.6724
16,4096,118,14,190.3482
16,4096,118,16,184.009
16,4096,118,18,210.1988
16,4096,118,20,211.1222
16,4096,118,22,220.889
16,4096,118,24,247.9432
16,4096,118,26,216.7438
16,4096,118,28,208.3835
16,4096,118,30,246.314
16,4096,118,32,243.8198
16,4096,118,34,238.3259
16,4096,118,36,217.5989
16,4096,118,38,235.4003
16,4096,118,40,244.3649
16,4096,118,42,241.7107
16,4096,118,44,233.689
16,4096,118,46,246.6005
16,4096,118,48,228.6012
16,4096,118,50,208.7108
16,4096,118,52,229.7174
16,4096,118,54,196.0379
16,4096,118,56,207.5143
16,4096,118,58,185.1892
16,4096,118,60,205.2311
16,4096,118,62,206.8203
16,4096,118,64,209.9895
16,4096,118,66,202.751
16,4096,118,68,200.2984
16,4096,118,70,222.3112
16,4096,118,72,209.2439
16,4096,118,74,205.3746
16,4096,118,76,205.6085
16,4096,118,78,179.4129
16,4096,118,80,201.0717
16,4096,118,82,204.5158
16,4096,118,84,208.8671
16,4096,118,86,208.781
16,4096,118,88,195.4879
16,4096,118,90,185.2085
16,4096,118,92,186.3395
16,4096,118,94,193.6181
16,4096,118,96,182.716
16,4096,118,98,192.7765
16,4096,118,100,188.9092
16,4096,118,102,188.997
16,4096,118,104,186.0213
16,4096,118,106,188.4991
16,4096,118,108,197.0168
16,4096,118,110,187.4484
16,4096,118,112,199.2417
16,4096,118,114,196.5825
16,4096,118,116,204.8765
16,4096,120,2,37.3127
16,4096,120,4,68.349
16,4096,120,6,113.7104
16,4096,120,8,124.0851
16,4096,120,10,162.9007
16,4096,120,12,179.0965
16,4096,120,14,182.0233
16,4096,120,16,197.8578
16,4096,120,18,201.4379
16,4096,120,20,223.1276
16,4096,120,22,213.8295
16,4096,120,24,226.8342
16,4096,120,26,246.3156
16,4096,120,28,204.3767
16,4096,120,30,234.2354
16,4096,120,32,223.6101
16,4096,120,34,213.9338
16,4096,120,36,216.2376
16,4096,120,38,247.893
16,4096,120,40,238.1992
16,4096,120,42,218.8551
16,4096,120,44,250.849
16,4096,120,46,231.2456
16,4096,120,48,237.5164
16,4096,120,50,217.8489
16,4096,120,52,221.4989
16,4096,120,54,228.8529
16,4096,120,56,153.4461
16,4096,120,58,196.9678
16,4096,120,60,220.4762
16,4096,120,62,180.6987
16,4096,120,64,196.2647
16,4096,120,66,168.6601
16,4096,120,68,193.8512
16,4096,120,70,188.2259
16,4096,120,72,202.7225
16,4096,120,74,208.5427
16,4096,120,76,175.2853
16,4096,120,78,194.9383
16,4096,120,80,198.38
16,4096,120,82,196.9127
16,4096,120,84,215.3482
16,4096,120,86,194.5776
16,4096,120,88,198.9339
16,4096,120,90,172.0517
16,4096,120,92,191.3184
16,4096,120,94,236.1585
16,4096,120,96,205.2212
16,4096,120,98,202.0465
16,4096,120,100,217.3174
16,4096,120,102,204.6355
16,4096,120,104,197.113
16,4096,120,106,204.7125
16,4096,120,108,206.0535
16,4096,120,110,193.7682
16,4096,120,112,201.2029
16,4096,120,114,195.6664
16,4096,120,116,174.4776
16,4096,120,118,196.9344
16,4096,122,2,38.4228
16,4096,122,4,73.4205
16,4096,122,6,108.4676
16,4096,122,8,125.2915
16,4096,122,10,142.8436
16,4096,122,12,177.3558
16,4096,122,14,199.1696
16,4096,122,16,213.0136
16,4096,122,18,219.7434
16,4096,122,20,221.1894
16,4096,122,22,238.6124
16,4096,122,24,230.0409
16,4096,122,26,214.7721
16,4096,122,28,257.5008
16,4096,122,30,241.2953
16,4096,122,32,263.2292
16,4096,122,34,203.3745
16,4096,122,36,248.8892
16,4096,122,38,249.458
16,4096,122,40,270.2637
16,4096,122,42,232.1783
16,4096,122,44,251.1419
16,4096,122,46,251.5412
16,4096,122,48,215.8165
16,4096,122,50,237.6462
16,4096,122,52,205.6549
16,4096,122,54,231.4321
16,4096,122,56,183.878
16,4096,122,58,206.468
16,4096,122,60,211.8192
16,4096,122,62,196.5268
16,4096,122,64,177.3585
16,4096,122,66,200.1822
16,4096,122,68,193.029
16,4096,122,70,230.5434
16,4096,122,72,195.5017
16,4096,122,74,212.1449
16,4096,122,76,192.1952
16,4096,122,78,209.4569
16,4096,122,80,192.8722
16,4096,122,82,202.7817
16,4096,122,84,199.7348
16,4096,122,86,189.0171
16,4096,122,88,206.9303
16,4096,122,90,201.1687
16,4096,122,92,199.4546
16,4096,122,94,213.7007
16,4096,122,96,165.9243
16,4096,122,98,189.5637
16,4096,122,100,192.1069
16,4096,122,102,168.338
16,4096,122,104,164.5716
16,4096,122,106,212.2446
16,4096,122,108,176.6854
16,4096,122,110,185.4043
16,4096,122,112,183.5187
16,4096,122,114,173.4814
16,4096,122,116,164.41
16,4096,122,118,202.9663
16,4096,122,120,174.7894
16,4096,124,2,38.2165
16,4096,124,4,70.2031
16,4096,124,6,103.3863
16,4096,124,8,133.5672
16,4096,124,10,152.0393
16,4096,124,12,177.0079
16,4096,124,14,179.5756
16,4096,124,16,200.5249
16,4096,124,18,211.9704
16,4096,124,20,206.9927
16,4096,124,22,230.8239
16,4096,124,24,218.3911
16,4096,124,26,233.7753
16,4096,124,28,241.9329
16,4096,124,30,244.1203
16,4096,124,32,250.7458
16,4096,124,34,234.2389
16,4096,124,36,244.801
16,4096,124,38,234.5379
16,4096,124,40,244.0402
16,4096,124,42,207.2627
16,4096,124,44,237.1469
16,4096,124,46,247.0621
16,4096,124,48,232.7204
16,4096,124,50,210.9989
16,4096,124,52,225.663
16,4096,124,54,224.5022
16,4096,124,56,210.7206
16,4096,124,58,216.1742
16,4096,124,60,213.9949
16,4096,124,62,207.4109
16,4096,124,64,181.9907
16,4096,124,66,211.9711
16,4096,124,68,204.019
16,4096,124,70,222.4038
16,4096,124,72,187.8805
16,4096,124,74,186.3633
16,4096,124,76,207.5182
16,4096,124,78,160.3677
16,4096,124,80,159.561
16,4096,124,82,212.6394
16,4096,124,84,194.5787
16,4096,124,86,199.744
16,4096,124,88,196.9604
16,4096,124,90,168.1323
16,4096,124,92,168.3221
16,4096,124,94,213.4309
16,4096,124,96,214.7392
16,4096,124,98,187.3617
16,4096,124,100,184.3581
16,4096,124,102,197.5244
16,4096,124,104,167.5984
16,4096,124,106,208.0612
16,4096,124,108,207.9057
16,4096,124,110,185.2599
16,4096,124,112,154.8658
16,4096,124,114,154.6928
16,4096,124,116,185.8938
16,4096,124,118,192.7223
16,4096,124,120,189.7664
16,4096,124,122,204.3157
16,4096,126,2,43.4962
16,4096,126,4,76.0549
16,4096,126,6,116.7744
16,4096,126,8,125.6316
16,4096,126,10,154.9158
16,4096,126,12,163.5577
16,4096,126,14,204.5885
16,4096,126,16,222.0927
16,4096,126,18,203.5242
16,4096,126,20,224.8679
16,4096,126,22,225.9511
16,4096,126,24,239.8458
16,4096,126,26,248.1284
16,4096,126,28,228.8868
16,4096,126,30,226.2264
16,4096,126,32,264.5217
16,4096,126,34,223.0693
16,4096,126,36,236.7834
16,4096,126,38,228.2268
16,4096,126,40,233.8874
16,4096,126,42,258.0262
16,4096,126,44,223.5297
16,4096,126,46,240.8811
16,4096,126,48,233.5555
16,4096,126,50,237.4718
16,4096,126,52,208.555
16,4096,126,54,217.2795
16,4096,126,56,222.7913
16,4096,126,58,184.1121
16,4096,126,60,212.7598
16,4096,126,62,192.7619
16,4096,126,64,217.1345
16,4096,126,66,201.5373
16,4096,126,68,211.1076
16,4096,126,70,209.8871
16,4096,126,72,215.2147
16,4096,126,74,189.4383
16,4096,126,76,176.4537
16,4096,126,78,189.7046
16,4096,126,80,203.8241
16,4096,126,82,203.9209
16,4096,126,84,162.441
16,4096,126,86,183.537
16,4096,126,88,194.1169
16,4096,126,90,205.9037
16,4096,126,92,203.3413
16,4096,126,94,200.4523
16,4096,126,96,173.8128
16,4096,126,98,188.0234
16,4096,126,100,180.0903
16,4096,126,102,171.2786
16,4096,126,104,181.6396
16,4096,126,106,183.5644
16,4096,126,108,187.6917
16,4096,126,110,175.6998
16,4096,126,112,180.5841
16,4096,126,114,181.9492
16,4096,126,116,184.1965
16,4096,126,118,165.5338
16,4096,126,120,182.2566
16,4096,126,122,196.3932
16,4096,126,124,197.8059
16,4096,128,2,39.4928
16,4096,128,4,78.9783
16,4096,128,6,107.5606
16,4096,128,8,126.6023
16,4096,128,10,167.7934
16,4096,128,12,181.3341
16,4096,128,14,193.6485
16,4096,128,16,209.1226
16,4096,128,18,218.0009
16,4096,128,20,228.142
16,4096,128,22,229.7225
16,4096,128,24,246.7698
16,4096,128,26,244.257
16,4096,128,28,235.8127
16,4096,128,30,240.3653
16,4096,128,32,256.5571
16,4096,128,34,239.1768
16,4096,128,36,254.2421
16,4096,128,38,250.7624
16,4096,128,40,250.3122
16,4096,128,42,239.8328
16,4096,128,44,255.8569
16,4096,128,46,229.5486
16,4096,128,48,197.888
16,4096,128,50,212.2887
16,4096,128,52,233.9494
16,4096,128,54,214.5026
16,4096,128,56,202.2598
16,4096,128,58,186.4725
16,4096,128,60,208.8724
16,4096,128,62,206.8758
16,4096,128,64,211.1498
16,4096,128,66,214.2835
16,4096,128,68,194.15
16,4096,128,70,196.3846
16,4096,128,72,203.4388
16,4096,128,74,184.7666
16,4096,128,76,193.6806
16,4096,128,78,89.5737
16,4096,128,80,191.7024
16,4096,128,82,202.3436
16,4096,128,84,199.1957
16,4096,128,86,190.1
16,4096,128,88,195.1083
16,4096,128,90,173.3207
16,4096,128,92,168.0412
16,4096,128,94,200.3276
16,4096,128,96,189.1286
16,4096,128,98,181.8916
16,4096,128,100,191.6495
16,4096,128,102,171.8847
16,4096,128,104,171.5678
16,4096,128,106,167.8519
16,4096,128,108,180.5559
16,4096,128,110,158.852
16,4096,128,112,183.5293
16,4096,128,114,185.3568
16,4096,128,116,154.2113
16,4096,128,118,179.7197
16,4096,128,120,180.2561
16,4096,128,122,179.4458
16,4096,128,124,163.7793
16,4096,128,126,196.011
16,4096,130,2,40.3535
16,4096,130,4,73.629
16,4096,130,6,118.2838
16,4096,130,8,133.9278
16,4096,130,10,180.3343
16,4096,130,12,180.9798
16,4096,130,14,203.6814
16,4096,130,16,205.6244
16,4096,130,18,219.0808
16,4096,130,20,220.8488
16,4096,130,22,242.6821
16,4096,130,24,214.9114
16,4096,130,26,237.9977
16,4096,130,28,249.054
16,4096,130,30,241.6837
16,4096,130,32,235.0303
16,4096,130,34,242.7093
16,4096,130,36,250.5231
16,4096,130,38,198.5514
16,4096,130,40,243.4218
16,4096,130,42,238.2313
16,4096,130,44,241.2821
16,4096,130,46,229.5264
16,4096,130,48,238.1049
16,4096,130,50,235.2168
16,4096,130,52,233.4956
16,4096,130,54,227.4676
16,4096,130,56,221.3329
16,4096,130,58,186.9899
16,4096,130,60,162.2116
16,4096,130,62,204.3609
16,4096,130,64,200.4068
16,4096,130,66,170.5019
16,4096,130,68,192.242
16,4096,130,70,190.0597
16,4096,130,72,186.2937
16,4096,130,74,165.5551
16,4096,130,76,192.365
16,4096,130,78,180.7883
16,4096,130,80,188.9226
16,4096,130,82,193.1325
16,4096,130,84,190.9051
16,4096,130,86,163.7875
16,4096,130,88,192.0836
16,4096,130,90,192.3565
16,4096,130,92,190.5561
16,4096,130,94,186.6089
16,4096,130,96,189.3802
16,4096,130,98,173.2623
16,4096,130,100,181.0085
16,4096,130,102,188.1633
16,4096,130,104,177.5864
16,4096,130,106,169.4693
16,4096,130,108,155.1862
16,4096,130,110,173.8185
16,4096,130,112,183.1018
16,4096,130,114,149.8533
16,4096,130,116,178.4015
16,4096,130,118,159.6974
16,4096,130,120,179.3196
16,4096,130,122,197.6273
16,4096,130,124,163.3099
16,4096,130,126,167.8345
16,4096,130,128,195.2936
16,4096,132,2,43.6033
16,4096,132,4,70.8915
16,4096,132,6,106.4249
16,4096,132,8,134.4402
16,4096,132,10,144.3953
16,4096,132,12,175.1667
16,4096,132,14,196.7135
16,4096,132,16,214.3787
16,4096,132,18,221.7639
16,4096,132,20,225.922
16,4096,132,22,237.1425
16,4096,132,24,242.3923
16,4096,132,26,235.9281
16,4096,132,28,221.148
16,4096,132,30,216.7045
16,4096,132,32,252.9984
16,4096,132,34,250.1372
16,4096,132,36,245.2378
16,4096,132,38,246.737
16,4096,132,40,242.017
16,4096,132,42,227.1256
16,4096,132,44,277.7222
16,4096,132,46,258.5863
16,4096,132,48,267.5111
16,4096,132,50,234.3538
16,4096,132,52,213.7644
16,4096,132,54,259.8975
16,4096,132,56,252.3278
16,4096,132,58,222.4287
16,4096,132,60,202.2378
16,4096,132,62,206.0522
16,4096,132,64,200.6883
16,4096,132,66,205.2325
16,4096,132,68,210.8897
16,4096,132,70,210.387
16,4096,132,72,152.1504
16,4096,132,74,186.7743
16,4096,132,76,198.8635
16,4096,132,78,208.5038
16,4096,132,80,215.3413
16,4096,132,82,211.751
16,4096,132,84,206.375
16,4096,132,86,186.0982
16,4096,132,88,194.0981
16,4096,132,90,211.2106
16,4096,132,92,178.3512
16,4096,132,94,165.5347
16,4096,132,96,211.2297
16,4096,132,98,211.9597
16,4096,132,100,206.4425
16,4096,132,102,173.2052
16,4096,132,104,205.526
16,4096,132,106,193.314
16,4096,132,108,196.8165
16,4096,132,110,197.4434
16,4096,132,112,198.9221
16,4096,132,114,170.3512
16,4096,132,116,179.5974
16,4096,132,118,202.0331
16,4096,132,120,193.6296
16,4096,132,122,208.3134
16,4096,132,124,201.2408
16,4096,132,126,199.6458
16,4096,132,128,195.9749
16,4096,132,130,197.6088
16,4096,134,2,43.2614
16,4096,134,4,78.1439
16,4096,134,6,114.4896
16,4096,134,8,147.516
16,4096,134,10,174.4533
16,4096,134,12,208.0485
16,4096,134,14,234.3562
16,4096,134,16,232.9579
16,4096,134,18,227.5577
16,4096,134,20,252.2177
16,4096,134,22,242.9324
16,4096,134,24,261.2223
16,4096,134,26,252.195
16,4096,134,28,262.8024
16,4096,134,30,232.9529
16,4096,134,32,245.5322
16,4096,134,34,261.0622
16,4096,134,36,235.6077
16,4096,134,38,207.7655
16,4096,134,40,262.7505
16,4096,134,42,255.3638
16,4096,134,44,246.6725
16,4096,134,46,261.2678
16,4096,134,48,253.8536
16,4096,134,50,240.4227
16,4096,134,52,226.6766
16,4096,134,54,225.1379
16,4096,134,56,224.3195
16,4096,134,58,215.5554
16,4096,134,60,155.3586
16,4096,134,62,205.3977
16,4096,134,64,195.9496
16,4096,134,66,202.1261
16,4096,134,68,161.1204
16,4096,134,70,178.6206
16,4096,134,72,192.5488
16,4096,134,74,180.3528
16,4096,134,76,194.9842
16,4096,134,78,195.3979
16,4096,134,80,206.1797
16,4096,134,82,181.5721
16,4096,134,84,202.6834
16,4096,134,86,187.6494
16,4096,134,88,189.1282
16,4096,134,90,177.0813
16,4096,134,92,163.7503
16,4096,134,94,176.0091
16,4096,134,96,192.7453
16,4096,134,98,159.8023
16,4096,134,100,163.0729
16,4096,134,102,172.0989
16,4096,134,104,156.6235
16,4096,134,106,188.5513
16,4096,134,108,184.6088
16,4096,134,110,190.0419
16,4096,134,112,201.5269
16,4096,134,114,184.6387
16,4096,134,116,199.0226
16,4096,134,118,196.9795
16,4096,134,120,176.2083
16,4096,134,122,194.1408
16,4096,134,124,193.0583
16,4096,134,126,170.7675
16,4096,134,128,156.5698
16,4096,134,130,195.8977
16,4096,134,132,192.4492
16,4096,136,2,43.1253
16,4096,136,4,78.372
16,4096,136,6,125.0149
16,4096,136,8,136.4752
16,4096,136,10,165.6923
16,4096,136,12,185.8247
16,4096,136,14,186.6929
16,4096,136,16,211.3937
16,4096,136,18,235.1505
16,4096,136,20,228.0571
16,4096,136,22,230.0448
16,4096,136,24,255.8909
16,4096,136,26,240.3438
16,4096,136,28,259.022
16,4096,136,30,248.8504
16,4096,136,32,247.3604
16,4096,136,34,226.9668
16,4096,136,36,247.0123
16,4096,136,38,244.7481
16,4096,136,40,225.4556
16,4096,136,42,208.1566
16,4096,136,44,248.9968
16,4096,136,46,253.1305
16,4096,136,48,241.5929
16,4096,136,50,212.9416
16,4096,136,52,242.0768
16,4096,136,54,237.3618
16,4096,136,56,218.1852
16,4096,136,58,211.9743
16,4096,136,60,232.0374
16,4096,136,62,237.0836
16,4096,136,64,175.6782
16,4096,136,66,204.2674
16,4096,136,68,203.3296
16,4096,136,70,213.0089
16,4096,136,72,176.3026
16,4096,136,74,213.1676
16,4096,136,76,190.34
16,4096,136,78,163.1288
16,4096,136,80,172.568
16,4096,136,82,158.9061
16,4096,136,84,161.554
16,4096,136,86,168.0322
16,4096,136,88,157.1038
16,4096,136,90,192.6237
16,4096,136,92,201.2819
16,4096,136,94,192.8142
16,4096,136,96,173.8378
16,4096,136,98,195.1188
16,4096,136,100,200.2484
16,4096,136,102,197.0614
16,4096,136,104,152.8872
16,4096,136,106,165.6478
16,4096,136,108,191.5338
16,4096,136,110,214.8882
16,4096,136,112,192.9995
16,4096,136,114,208.0511
16,4096,136,116,207.6351
16,4096,136,118,150.8593
16,4096,136,120,188.9227
16,4096,136,122,192.5665
16,4096,136,124,164.3298
16,4096,136,126,171.3502
16,4096,136,128,177.0534
16,4096,136,130,187.5841
16,4096,136,132,167.2352
16,4096,136,134,197.7854
16,4096,138,2,44.1543
16,4096,138,4,77.1568
16,4096,138,6,131.8667
16,4096,138,8,155.4866
16,4096,138,10,178.7728
16,4096,138,12,184.6143
16,4096,138,14,217.1647
16,4096,138,16,218.806
16,4096,138,18,226.2543
16,4096,138,20,244.5539
16,4096,138,22,219.9392
16,4096,138,24,245.7759
16,4096,138,26,248.7146
16,4096,138,28,256.2604
16,4096,138,30,248.8076
16,4096,138,32,262.0456
16,4096,138,34,255.4048
16,4096,138,36,255.7125
16,4096,138,38,253.5115
16,4096,138,40,256.3205
16,4096,138,42,230.2174
16,4096,138,44,211.4772
16,4096,138,46,248.5048
16,4096,138,48,240.0231
16,4096,138,50,237.3927
16,4096,138,52,244.8121
16,4096,138,54,235.2102
16,4096,138,56,197.7853
16,4096,138,58,202.9208
16,4096,138,60,215.5165
16,4096,138,62,199.9961
16,4096,138,64,202.5683
16,4096,138,66,141.6723
16,4096,138,68,186.5477
16,4096,138,70,173.8457
16,4096,138,72,202.9336
16,4096,138,74,199.5601
16,4096,138,76,182.4828
16,4096,138,78,191.9787
16,4096,138,80,161.7886
16,4096,138,82,187.4187
16,4096,138,84,188.0161
16,4096,138,86,171.9005
16,4096,138,88,171.7613
16,4096,138,90,192.0412
16,4096,138,92,190.1117
16,4096,138,94,161.6377
16,4096,138,96,184.8044
16,4096,138,98,181.4309
16,4096,138,100,173.101
16,4096,138,102,191.9598
16,4096,138,104,186.336
16,4096,138,106,142.0986
16,4096,138,108,167.9538
16,4096,138,110,194.1856
16,4096,138,112,175.4973
16,4096,138,114,183.0795
16,4096,138,116,199.0621
16,4096,138,118,187.1104
16,4096,138,120,195.1923
16,4096,138,122,170.1736
16,4096,138,124,198.2226
16,4096,138,126,164.2218
16,4096,138,128,195.7176
16,4096,138,130,186.2537
16,4096,138,132,191.416
16,4096,138,134,174.2213
16,4096,138,136,188.1748
16,4096,140,2,44.406
16,4096,140,4,86.0899
16,4096,140,6,114.3123
16,4096,140,8,135.893
16,4096,140,10,184.829
16,4096,140,12,202.9743
16,4096,140,14,197.2209
16,4096,140,16,215.3462
16,4096,140,18,245.7453
16,4096,140,20,230.5324
16,4096,140,22,241.887
16,4096,140,24,252.6821
16,4096,140,26,226.1919
16,4096,140,28,264.9317
16,4096,140,30,247.267
16,4096,140,32,246.0482
16,4096,140,34,256.1695
16,4096,140,36,253.1589
16,4096,140,38,218.3071
16,4096,140,40,259.8883
16,4096,140,42,253.8576
16,4096,140,44,205.1062
16,4096,140,46,260.2519
16,4096,140,48,245.5888
16,4096,140,50,234.9883
16,4096,140,52,241.2786
16,4096,140,54,226.4416
16,4096,140,56,211.3472
16,4096,140,58,211.1387
16,4096,140,60,186.7257
16,4096,140,62,211.1207
16,4096,140,64,202.0585
16,4096,140,66,156.5203
16,4096,140,68,187.3293
16,4096,140,70,208.2606
16,4096,140,72,165.8578
16,4096,140,74,180.0504
16,4096,140,76,195.3251
16,4096,140,78,214.0022
16,4096,140,80,172.8039
16,4096,140,82,176.7396
16,4096,140,84,180.2972
16,4096,140,86,179.6652
16,4096,140,88,139.2512
16,4096,140,90,159.0582
16,4096,140,92,165.5359
16,4096,140,94,201.0852
16,4096,140,96,196.1241
16,4096,140,98,175.1436
16,4096,140,100,192.8908
16,4096,140,102,169.0966
16,4096,140,104,194.1121
16,4096,140,106,156.9603
16,4096,140,108,163.3368
16,4096,140,110,188.3569
16,4096,140,112,181.901
16,4096,140,114,173.6577
16,4096,140,116,209.5265
16,4096,140,118,190.1972
16,4096,140,120,189.1223
16,4096,140,122,196.2017
16,4096,140,124,168.891
16,4096,140,126,203.6136
16,4096,140,128,168.801
16,4096,140,130,188.8355
16,4096,140,132,189.1791
16,4096,140,134,165.431
16,4096,140,136,200.3425
16,4096,140,138,163.4612
16,4096,142,2,45.3855
16,4096,142,4,83.339
16,4096,142,6,125.6473
16,4096,142,8,149.1545
16,4096,142,10,173.116
16,4096,142,12,211.0532
16,4096,142,14,217.9655
16,4096,142,16,194.553
16,4096,142,18,245.8563
16,4096,142,20,230.4655
16,4096,142,22,229.5774
16,4096,142,24,270.0521
16,4096,142,26,248.0495
16,4096,142,28,215.8129
16,4096,142,30,258.433
16,4096,142,32,248.4921
16,4096,142,34,208.6122
16,4096,142,36,268.6941
16,4096,142,38,255.4985
16,4096,142,40,247.3955
16,4096,142,42,264.3581
16,4096,142,44,229.4682
16,4096,142,46,227.1027
16,4096,142,48,254.9159
16,4096,142,50,254.6724
16,4096,142,52,220.9795
16,4096,142,54,246.2326
16,4096,142,56,233.0384
16,4096,142,58,189.4935
16,4096,142,60,203.5718
16,4096,142,62,199.2193
16,4096,142,64,189.4724
16,4096,142,66,164.0754
16,4096,142,68,183.747
16,4096,142,70,155.5125
16,4096,142,72,204.3978
16,4096,142,74,195.8863
16,4096,142,76,204.4516
16,4096,142,78,192.0514
16,4096,142,80,176.788
16,4096,142,82,191.9812
16,4096,142,84,174.781
16,4096,142,86,140.7942
16,4096,142,88,164.6832
16,4096,142,90,183.936
16,4096,142,92,163.3037
16,4096,142,94,180.6418
16,4096,142,96,185.8236
16,4096,142,98,167.8407
16,4096,142,100,192.6025
16,4096,142,102,189.9681
16,4096,142,104,178.2265
16,4096,142,106,186.4025
16,4096,142,108,181.4995
16,4096,142,110,193.5784
16,4096,142,112,165.0929
16,4096,142,114,175.3991
16,4096,142,116,197.9213
16,4096,142,118,171.92
16,4096,142,120,195.6872
16,4096,142,122,196.1427
16,4096,142,124,156.3803
16,4096,142,126,181.5338
16,4096,142,128,175.796
16,4096,142,130,180.915
16,4096,142,132,186.3998
16,4096,142,134,182.9227
16,4096,142,136,172.4083
16,4096,142,138,173.3554
16,4096,142,140,188.0987
16,4096,144,2,47.68
16,4096,144,4,79.8812
16,4096,144,6,113.8028
16,4096,144,8,162.013
16,4096,144,10,166.5465
16,4096,144,12,192.7378
16,4096,144,14,216.1903
16,4096,144,16,227.1049
16,4096,144,18,219.3788
16,4096,144,20,248.2875
16,4096,144,22,243.1655
16,4096,144,24,255.8505
16,4096,144,26,236.3838
16,4096,144,28,251.6954
16,4096,144,30,250.6015
16,4096,144,32,245.9959
16,4096,144,34,246.134
16,4096,144,36,254.9659
16,4096,144,38,239.8199
16,4096,144,40,237.6485
16,4096,144,42,249.043
16,4096,144,44,255.5596
16,4096,144,46,250.7515
16,4096,144,48,240.7773
16,4096,144,50,253.2882
16,4096,144,52,239.3405
16,4096,144,54,227.1376
16,4096,144,56,202.0527
16,4096,144,58,204.5355
16,4096,144,60,222.4816
16,4096,144,62,231.9389
16,4096,144,64,188.6542
16,4096,144,66,181.7255
16,4096,144,68,210.7786
16,4096,144,70,216.4631
16,4096,144,72,219.287
16,4096,144,74,187.1211
16,4096,144,76,195.5955
16,4096,144,78,209.0122
16,4096,144,80,217.3295
16,4096,144,82,180.2357
16,4096,144,84,190.5564
16,4096,144,86,194.5423
16,4096,144,88,196.3587
16,4096,144,90,210.9521
16,4096,144,92,204.7315
16,4096,144,94,204.48
16,4096,144,96,204.4242
16,4096,144,98,186.2407
16,4096,144,100,218.7587
16,4096,144,102,207.0972
16,4096,144,104,206.8087
16,4096,144,106,170.5931
16,4096,144,108,194.45
16,4096,144,110,221.1945
16,4096,144,112,197.2721
16,4096,144,114,217.6502
16,4096,144,116,214.4792
16,4096,144,118,212.8164
16,4096,144,120,210.2547
16,4096,144,122,228.9792
16,4096,144,124,191.9903
16,4096,144,126,200.6863
16,4096,144,128,214.995
16,4096,144,130,207.3959
16,4096,144,132,211.6378
16,4096,144,134,213.6937
16,4096,144,136,197.0833
16,4096,144,138,185.9391
16,4096,144,140,185.7096
16,4096,144,142,184.711
16,4096,146,2,44.4116
16,4096,146,4,88.789
16,4096,146,6,123.8896
16,4096,146,8,142.8039
16,4096,146,10,171.0596
16,4096,146,12,190.3489
16,4096,146,14,200.6507
16,4096,146,16,236.3371
16,4096,146,18,223.0578
16,4096,146,20,238.7087
16,4096,146,22,253.6049
16,4096,146,24,251.5801
16,4096,146,26,244.2394
16,4096,146,28,248.5252
16,4096,146,30,256.2902
16,4096,146,32,244.7141
16,4096,146,34,257.8835
16,4096,146,36,257.8375
16,4096,146,38,221.0647
16,4096,146,40,221.2276
16,4096,146,42,257.5749
16,4096,146,44,252.6453
16,4096,146,46,244.8491
16,4096,146,48,249.0535
16,4096,146,50,225.8515
16,4096,146,52,230.0399
16,4096,146,54,244.3751
16,4096,146,56,208.283
16,4096,146,58,220.0706
16,4096,146,60,209.8948
16,4096,146,62,204.5292
16,4096,146,64,188.6869
16,4096,146,66,193.0475
16,4096,146,68,188.8471
16,4096,146,70,213.9214
16,4096,146,72,193.2185
16,4096,146,74,195.9184
16,4096,146,76,201.5348
16,4096,146,78,175.5634
16,4096,146,80,216.2494
16,4096,146,82,157.1018
16,4096,146,84,177.2627
16,4096,146,86,184.2555
16,4096,146,88,173.3364
16,4096,146,90,180.6111
16,4096,146,92,188.7131
16,4096,146,94,170.0544
16,4096,146,96,198.3952
16,4096,146,98,173.091
16,4096,146,100,181.3423
16,4096,146,102,203.8405
16,4096,146,104,179.3234
16,4096,146,106,214.3356
16,4096,146,108,200.028
16,4096,146,110,200.3871
16,4096,146,112,201.6045
16,4096,146,114,188.3716
16,4096,146,116,180.1802
16,4096,146,118,180.8238
16,4096,146,120,201.1721
16,4096,146,122,172.956
16,4096,146,124,185.0549
16,4096,146,126,199.1827
16,4096,146,128,158.7685
16,4096,146,130,200.6263
16,4096,146,132,195.5945
16,4096,146,134,181.3293
16,4096,146,136,168.9264
16,4096,146,138,176.4087
16,4096,146,140,156.1436
16,4096,146,142,196.7115
16,4096,146,144,182.5859
16,4096,148,2,47.7795
16,4096,148,4,82.1889
16,4096,148,6,117.7267
16,4096,148,8,147.535
16,4096,148,10,182.519
16,4096,148,12,182.2356
16,4096,148,14,218.5251
16,4096,148,16,217.0311
16,4096,148,18,230.8584
16,4096,148,20,245.8613
16,4096,148,22,251.2124
16,4096,148,24,236.3638
16,4096,148,26,246.8129
16,4096,148,28,249.269
16,4096,148,30,256.0673
16,4096,148,32,239.2435
16,4096,148,34,248.6339
16,4096,148,36,251.161
16,4096,148,38,258.7589
16,4096,148,40,247.1661
16,4096,148,42,227.1516
16,4096,148,44,243.7394
16,4096,148,46,232.2802
16,4096,148,48,213.2565
16,4096,148,50,227.6688
16,4096,148,52,240.5968
16,4096,148,54,220.8482
16,4096,148,56,193.2421
16,4096,148,58,197.0942
16,4096,148,60,206.1141
16,4096,148,62,202.9499
16,4096,148,64,203.9488
16,4096,148,66,170.9483
16,4096,148,68,192.7845
16,4096,148,70,194.9709
16,4096,148,72,202.8277
16,4096,148,74,196.0977
16,4096,148,76,162.9729
16,4096,148,78,173.442
16,4096,148,80,199.8519
16,4096,148,82,193.7497
16,4096,148,84,187.297
16,4096,148,86,163.1365
16,4096,148,88,167.4477
16,4096,148,90,146.9606
16,4096,148,92,142.2203
16,4096,148,94,192.3355
16,4096,148,96,159.0345
16,4096,148,98,181.1538
16,4096,148,100,202.8569
16,4096,148,102,202.5339
16,4096,148,104,203.7463
16,4096,148,106,200.993
16,4096,148,108,192.7672
16,4096,148,110,189.5194
16,4096,148,112,202.9959
16,4096,148,114,170.4232
16,4096,148,116,154.5553
16,4096,148,118,175.2625
16,4096,148,120,196.2484
16,4096,148,122,188.6234
16,4096,148,124,177.4744
16,4096,148,126,182.5692
16,4096,148,128,188.6005
16,4096,148,130,184.3068
16,4096,148,132,194.5826
16,4096,148,134,159.1267
16,4096,148,136,162.2573
16,4096,148,138,180.7465
16,4096,148,140,185.5715
16,4096,148,142,167.3623
16,4096,148,144,187.3785
16,4096,148,146,191.1403
16,4096,150,2,50.1376
16,4096,150,4,80.1173
16,4096,150,6,121.8605
16,4096,150,8,145.816
16,4096,150,10,183.5571
16,4096,150,12,205.5878
16,4096,150,14,201.127
16,4096,150,16,225.3641
16,4096,150,18,230.7981
16,4096,150,20,244.0057
16,4096,150,22,241.0795
16,4096,150,24,244.4093
16,4096,150,26,250.1431
16,4096,150,28,252.4109
16,4096,150,30,255.9532
16,4096,150,32,262.8253
16,4096,150,34,238.6928
16,4096,150,36,261.5749
16,4096,150,38,258.9657
16,4096,150,40,263.8662
16,4096,150,42,225.6635
16,4096,150,44,229.7226
16,4096,150,46,245.8659
16,4096,150,48,214.8783
16,4096,150,50,244.304
16,4096,150,52,243.8578
16,4096,150,54,225.9405
16,4096,150,56,211.0152
16,4096,150,58,211.6279
16,4096,150,60,215.3729
16,4096,150,62,206.2001
16,4096,150,64,221.5426
16,4096,150,66,181.072
16,4096,150,68,175.8011
16,4096,150,70,203.1652
16,4096,150,72,185.0986
16,4096,150,74,170.2553
16,4096,150,76,203.5366
16,4096,150,78,204.5654
16,4096,150,80,172.6154
16,4096,150,82,195.2325
16,4096,150,84,204.554
16,4096,150,86,160.9958
16,4096,150,88,184.318
16,4096,150,90,197.7409
16,4096,150,92,166.3335
16,4096,150,94,163.7337
16,4096,150,96,191.1086
16,4096,150,98,199.474
16,4096,150,100,188.8547
16,4096,150,102,201.9873
16,4096,150,104,191.1375
16,4096,150,106,171.471
16,4096,150,108,193.5574
16,4096,150,110,203.0814
16,4096,150,112,164.8083
16,4096,150,114,193.0591
16,4096,150,116,197.8239
16,4096,150,118,166.0774
16,4096,150,120,180.1803
16,4096,150,122,194.9029
16,4096,150,124,196.3581
16,4096,150,126,151.8218
16,4096,150,128,158.6735
16,4096,150,130,163.948
16,4096,150,132,174.6637
16,4096,150,134,186.6585
16,4096,150,136,179.0787
16,4096,150,138,181.7564
16,4096,150,140,174.1524
16,4096,150,142,188.0561
16,4096,150,144,182.6003
16,4096,150,146,153.2761
16,4096,150,148,169.1332
16,4096,152,2,48.2258
16,4096,152,4,88.7437
16,4096,152,6,122.3319
16,4096,152,8,160.4431
16,4096,152,10,183.3565
16,4096,152,12,218.8568
16,4096,152,14,208.7136
16,4096,152,16,233.4689
16,4096,152,18,235.1347
16,4096,152,20,246.9606
16,4096,152,22,238.7216
16,4096,152,24,242.3955
16,4096,152,26,250.2331
16,4096,152,28,230.1579
16,4096,152,30,251.3774
16,4096,152,32,263.318
16,4096,152,34,232.7428
16,4096,152,36,257.7681
16,4096,152,38,259.6052
16,4096,152,40,266.7293
16,4096,152,42,260.7038
16,4096,152,44,255.5414
16,4096,152,46,254.3853
16,4096,152,48,249.074
16,4096,152,50,217.7841
16,4096,152,52,224.0364
16,4096,152,54,244.9693
16,4096,152,56,175.5883
16,4096,152,58,163.4982
16,4096,152,60,201.0895
16,4096,152,62,205.8858
16,4096,152,64,168.8446
16,4096,152,66,198.8935
16,4096,152,68,201.2247
16,4096,152,70,205.822
16,4096,152,72,183.5095
16,4096,152,74,172.1434
16,4096,152,76,188.4314
16,4096,152,78,177.12
16,4096,152,80,192.5637
16,4096,152,82,200.6782
16,4096,152,84,183.3202
16,4096,152,86,189.4842
16,4096,152,88,196.8137
16,4096,152,90,166.0129
16,4096,152,92,177.0206
16,4096,152,94,170.6947
16,4096,152,96,145.7912
16,4096,152,98,186.9487
16,4096,152,100,213.9369
16,4096,152,102,173.6807
16,4096,152,104,202.3398
16,4096,152,106,200.7784
16,4096,152,108,201.4695
16,4096,152,110,201.9727
16,4096,152,112,199.9692
16,4096,152,114,195.9774
16,4096,152,116,199.1085
16,4096,152,118,170.6549
16,4096,152,120,196.4136
16,4096,152,122,154.5316
16,4096,152,124,175.397
16,4096,152,126,173.7925
16,4096,152,128,164.376
16,4096,152,130,183.1736
16,4096,152,132,185.6503
16,4096,152,134,183.251
16,4096,152,136,161.6821
16,4096,152,138,163.6294
16,4096,152,140,189.7618
16,4096,152,142,184.6322
16,4096,152,144,174.9019
16,4096,152,146,167.9458
16,4096,152,148,186.0189
16,4096,152,150,175.0493
16,4096,154,2,47.5508
16,4096,154,4,87.1791
16,4096,154,6,133.8171
16,4096,154,8,162.7897
16,4096,154,10,180.1761
16,4096,154,12,189.811
16,4096,154,14,216.9617
16,4096,154,16,240.9167
16,4096,154,18,231.7111
16,4096,154,20,237.0225
16,4096,154,22,229.1693
16,4096,154,24,257.6269
16,4096,154,26,257.6187
16,4096,154,28,255.5162
16,4096,154,30,257.1305
16,4096,154,32,264.4127
16,4096,154,34,222.4231
16,4096,154,36,261.2471
16,4096,154,38,242.9456
16,4096,154,40,236.1237
16,4096,154,42,267.0968
16,4096,154,44,255.2834
16,4096,154,46,247.5353
16,4096,154,48,246.2383
16,4096,154,50,245.5239
16,4096,154,52,230.0315
16,4096,154,54,243.0872
16,4096,154,56,213.6577
16,4096,154,58,174.8835
16,4096,154,60,199.5217
16,4096,154,62,207.2039
16,4096,154,64,154.1721
16,4096,154,66,163.7512
16,4096,154,68,181.5555
16,4096,154,70,198.9453
16,4096,154,72,198.4567
16,4096,154,74,196.6527
16,4096,154,76,193.3064
16,4096,154,78,195.2976
16,4096,154,80,171.8138
16,4096,154,82,196.7141
16,4096,154,84,196.3337
16,4096,154,86,156.1891
16,4096,154,88,162.8138
16,4096,154,90,181.1982
16,4096,154,92,188.0379
16,4096,154,94,190.3581
16,4096,154,96,176.6022
16,4096,154,98,205.3733
16,4096,154,100,199.9663
16,4096,154,102,200.1566
16,4096,154,104,170.7869
16,4096,154,106,195.2665
16,4096,154,108,199.4435
16,4096,154,110,198.5031
16,4096,154,112,175.5821
16,4096,154,114,185.1066
16,4096,154,116,163.7368
16,4096,154,118,176.8039
16,4096,154,120,161.0952
16,4096,154,122,99.8138
16,4096,154,124,178.3565
16,4096,154,126,168.862
16,4096,154,128,200.8673
16,4096,154,130,196.6198
16,4096,154,132,165.1982
16,4096,154,134,180.5196
16,4096,154,136,181.3244
16,4096,154,138,180.5332
16,4096,154,140,175.9707
16,4096,154,142,154.3356
16,4096,154,144,126.0063
16,4096,154,146,168.9909
16,4096,154,148,189.5269
16,4096,154,150,173.3231
16,4096,154,152,182.3452
16,4096,156,2,45.4733
16,4096,156,4,78.1326
16,4096,156,6,128.1114
16,4096,156,8,144.5988
16,4096,156,10,198.63
16,4096,156,12,229.5858
16,4096,156,14,226.9308
16,4096,156,16,228.39
16,4096,156,18,233.0766
16,4096,156,20,231.4043
16,4096,156,22,232.6216
16,4096,156,24,210.4482
16,4096,156,26,242.8721
16,4096,156,28,255.5659
16,4096,156,30,240.468
16,4096,156,32,263.7943
16,4096,156,34,225.7479
16,4096,156,36,236.9326
16,4096,156,38,221.4348
16,4096,156,40,262.741
16,4096,156,42,251.2407
16,4096,156,44,251.9269
16,4096,156,46,226.7939
16,4096,156,48,249.0159
16,4096,156,50,247.9063
16,4096,156,52,220.0063
16,4096,156,54,236.7062
16,4096,156,56,231.9291
16,4096,156,58,187.9166
16,4096,156,60,214.6723
16,4096,156,62,202.2149
16,4096,156,64,217.846
16,4096,156,66,209.3494
16,4096,156,68,191.6606
16,4096,156,70,201.5011
16,4096,156,72,214.0134
16,4096,156,74,215.3487
16,4096,156,76,211.1038
16,4096,156,78,174.9511
16,4096,156,80,220.6791
16,4096,156,82,210.1708
16,4096,156,84,206.4554
16,4096,156,86,211.7443
16,4096,156,88,186.2981
16,4096,156,90,210.3754
16,4096,156,92,190.1471
16,4096,156,94,215.7845
16,4096,156,96,196.0296
16,4096,156,98,213.5115
16,4096,156,100,227.1483
16,4096,156,102,231.9678
16,4096,156,104,198.2953
16,4096,156,106,209.6631
16,4096,156,108,206.5212
16,4096,156,110,183.078
16,4096,156,112,214.7206
16,4096,156,114,216.7456
16,4096,156,116,181.6482
16,4096,156,118,223.6688
16,4096,156,120,225.6129
16,4096,156,122,210.9513
16,4096,156,124,217.8639
16,4096,156,126,188.7283
16,4096,156,128,208.5089
16,4096,156,130,200.7147
16,4096,156,132,209.6066
16,4096,156,134,206.9157
16,4096,156,136,198.5484
16,4096,156,138,197.7691
16,4096,156,140,205.9611
16,4096,156,142,207.2446
16,4096,156,144,167.7502
16,4096,156,146,187.1863
16,4096,156,148,197.5503
16,4096,156,150,188.238
16,4096,156,152,184.507
16,4096,156,154,205.2255
16,4096,158,2,50.647
16,4096,158,4,92.8314
16,4096,158,6,128.5889
16,4096,158,8,147.4474
16,4096,158,10,168.8032
16,4096,158,12,177.2014
16,4096,158,14,209.2661
16,4096,158,16,194.4611
16,4096,158,18,223.4673
16,4096,158,20,239.8514
16,4096,158,22,229.7189
16,4096,158,24,200.4349
16,4096,158,26,218.8535
16,4096,158,28,192.1428
16,4096,158,30,209.2972
16,4096,158,32,241.6559
16,4096,158,34,229.2244
16,4096,158,36,237.556
16,4096,158,38,203.4725
16,4096,158,40,228.5519
16,4096,158,42,258.1533
16,4096,158,44,242.4748
16,4096,158,46,256.4828
16,4096,158,48,245.7522
16,4096,158,50,236.729
16,4096,158,52,206.1541
16,4096,158,54,214.272
16,4096,158,56,197.8633
16,4096,158,58,162.2841
16,4096,158,60,192.3069
16,4096,158,62,204.4963
16,4096,158,64,165.7657
16,4096,158,66,195.1193
16,4096,158,68,194.6836
16,4096,158,70,196.1888
16,4096,158,72,197.5668
16,4096,158,74,178.4802
16,4096,158,76,189.6605
16,4096,158,78,189.5871
16,4096,158,80,191.3748
16,4096,158,82,192.1154
16,4096,158,84,193.093
16,4096,158,86,211.6244
16,4096,158,88,208.9434
16,4096,158,90,216.0564
16,4096,158,92,171.5814
16,4096,158,94,191.7074
16,4096,158,96,168.6956
16,4096,158,98,195.5598
16,4096,158,100,168.2259
16,4096,158,102,184.5242
16,4096,158,104,204.8232
16,4096,158,106,193.3871
16,4096,158,108,200.4883
16,4096,158,110,185.8513
16,4096,158,112,197.6652
16,4096,158,114,178.6795
16,4096,158,116,175.3811
16,4096,158,118,192.2167
16,4096,158,120,183.8556
16,4096,158,122,198.6852
16,4096,158,124,185.8588
16,4096,158,126,196.8477
16,4096,158,128,183.3836
16,4096,158,130,191.6937
16,4096,158,132,187.3048
16,4096,158,134,172.9179
16,4096,158,136,191.6751
16,4096,158,138,176.7741
16,4096,158,140,155.4134
16,4096,158,142,184.916
16,4096,158,144,187.1782
16,4096,158,146,149.4455
16,4096,158,148,179.5453
16,4096,158,150,152.3692
16,4096,158,152,181.171
16,4096,158,154,190.5876
16,4096,158,156,183.9522
16,4096,160,2,48.0929
16,4096,160,4,91.351
16,4096,160,6,119.6657
16,4096,160,8,158.863
16,4096,160,10,193.3047
16,4096,160,12,198.7177
16,4096,160,14,223.7258
16,4096,160,16,218.4921
16,4096,160,18,232.9425
16,4096,160,20,235.5178
16,4096,160,22,204.3181
16,4096,160,24,261.1238
16,4096,160,26,248.6761
16,4096,160,28,242.824
16,4096,160,30,256.219
16,4096,160,32,254.6375
16,4096,160,34,261.2962
16,4096,160,36,267.7371
16,4096,160,38,255.9749
16,4096,160,40,248.1128
16,4096,160,42,211.8112
16,4096,160,44,266.0602
16,4096,160,46,232.0155
16,4096,160,48,244.7827
16,4096,160,50,238.552
16,4096,160,52,210.8293
16,4096,160,54,244.2084
16,4096,160,56,202.7304
16,4096,160,58,182.6022
16,4096,160,60,183.1946
16,4096,160,62,203.1661
16,4096,160,64,157.5128
16,4096,160,66,188.7421
16,4096,160,68,196.9645
16,4096,160,70,184.1431
16,4096,160,72,193.6647
16,4096,160,74,154.4628
16,4096,160,76,196.4148
16,4096,160,78,171.3507
16,4096,160,80,189.0774
16,4096,160,82,171.508
16,4096,160,84,156.6735
16,4096,160,86,187.9141
16,4096,160,88,203.7858
16,4096,160,90,170.6172
16,4096,160,92,205.1397
16,4096,160,94,207.2536
16,4096,160,96,150.6117
16,4096,160,98,188.8633
16,4096,160,100,204.1288
16,4096,160,102,197.8788
16,4096,160,104,159.3701
16,4096,160,106,201.4345
16,4096,160,108,199.9127
16,4096,160,110,194.3312
16,4096,160,112,193.9043
16,4096,160,114,164.4327
16,4096,160,116,195.0132
16,4096,160,118,172.8749
16,4096,160,120,191.6951
16,4096,160,122,180.8978
16,4096,160,124,182.7621
16,4096,160,126,180.0031
16,4096,160,128,161.871
16,4096,160,130,173.842
16,4096,160,132,160.7771
16,4096,160,134,182.5224
16,4096,160,136,159.2959
16,4096,160,138,166.8159
16,4096,160,140,189.3817
16,4096,160,142,166.9051
16,4096,160,144,150.6877
16,4096,160,146,170.935
16,4096,160,148,183.8868
16,4096,160,150,169.1089
16,4096,160,152,174.8032
16,4096,160,154,167.2985
16,4096,160,156,164.9787
16,4096,160,158,186.6203
16,4096,162,2,50.295
16,4096,162,4,85.2824
16,4096,162,6,122.653
16,4096,162,8,166.7428
16,4096,162,10,176.6362
16,4096,162,12,210.3534
16,4096,162,14,222.085
16,4096,162,16,242.1792
16,4096,162,18,232.3978
16,4096,162,20,208.5956
16,4096,162,22,251.6067
16,4096,162,24,260.7171
16,4096,162,26,220.1656
16,4096,162,28,261.9984
16,4096,162,30,251.8706
16,4096,162,32,265.2023
16,4096,162,34,234.249
16,4096,162,36,253.8809
16,4096,162,38,246.3645
16,4096,162,40,262.355
16,4096,162,42,263.8474
16,4096,162,44,233.3592
16,4096,162,46,227.143
16,4096,162,48,250.8276
16,4096,162,50,214.2225
16,4096,162,52,244.1301
16,4096,162,54,238.3126
16,4096,162,56,213.439
16,4096,162,58,168.2336
16,4096,162,60,202.8603
16,4096,162,62,201.1755
16,4096,162,64,203.0672
16,4096,162,66,197.5575
16,4096,162,68,155.9202
16,4096,162,70,186.4482
16,4096,162,72,197.721
16,4096,162,74,153.1775
16,4096,162,76,197.3056
16,4096,162,78,196.7362
16,4096,162,80,186.1713
16,4096,162,82,201.5038
16,4096,162,84,188.9164
16,4096,162,86,168.1589
16,4096,162,88,199.696
16,4096,162,90,208.6726
16,4096,162,92,183.5057
16,4096,162,94,205.9432
16,4096,162,96,203.5526
16,4096,162,98,169.4072
16,4096,162,100,194.5669
16,4096,162,102,203.0215
16,4096,162,104,208.3423
16,4096,162,106,189.5679
16,4096,162,108,158.9903
16,4096,162,110,199.1908
16,4096,162,112,189.6487
16,4096,162,114,187.178
16,4096,162,116,174.161
16,4096,162,118,194.4705
16,4096,162,120,175.7755
16,4096,162,122,192.1091
16,4096,162,124,192.6412
16,4096,162,126,156.1942
16,4096,162,128,186.0953
16,4096,162,130,186.9214
16,4096,162,132,188.9747
16,4096,162,134,187.2547
16,4096,162,136,187.3728
16,4096,162,138,188.0074
16,4096,162,140,170.9952
16,4096,162,142,168.4862
16,4096,162,144,186.6119
16,4096,162,146,154.4445
16,4096,162,148,179.049
16,4096,162,150,176.8274
16,4096,162,152,153.4371
16,4096,162,154,178.279
16,4096,162,156,181.2035
16,4096,162,158,150.7635
16,4096,162,160,174.5263
16,4096,164,2,51.8789
16,4096,164,4,92.5604
16,4096,164,6,139.3677
16,4096,164,8,175.1425
16,4096,164,10,180.52
16,4096,164,12,226.8394
16,4096,164,14,187.3168
16,4096,164,16,246.6149
16,4096,164,18,245.7954
16,4096,164,20,246.9622
16,4096,164,22,225.4663
16,4096,164,24,258.6994
16,4096,164,26,233.0062
16,4096,164,28,266.7947
16,4096,164,30,255.3781
16,4096,164,32,238.654
16,4096,164,34,255.5176
16,4096,164,36,268.6562
16,4096,164,38,252.1608
16,4096,164,40,271.3649
16,4096,164,42,258.5863
16,4096,164,44,259.6557
16,4096,164,46,236.1215
16,4096,164,48,236.709
16,4096,164,50,229.94
16,4096,164,52,239.9314
16,4096,164,54,223.0474
16,4096,164,56,204.6834
16,4096,164,58,186.6821
16,4096,164,60,203.4991
16,4096,164,62,201.9056
16,4096,164,64,198.8056
16,4096,164,66,163.3239
16,4096,164,68,175.5199
16,4096,164,70,195.2773
16,4096,164,72,187.0539
16,4096,164,74,198.3727
16,4096,164,76,185.2687
16,4096,164,78,193.0123
16,4096,164,80,192.4453
16,4096,164,82,195.3229
16,4096,164,84,195.5042
16,4096,164,86,214.6062
16,4096,164,88,177.4901
16,4096,164,90,196.7703
16,4096,164,92,205.728
16,4096,164,94,166.0977
16,4096,164,96,206.7376
16,4096,164,98,197.5052
16,4096,164,100,185.7084
16,4096,164,102,186.5453
16,4096,164,104,200.2186
16,4096,164,106,211.0879
16,4096,164,108,205.9767
16,4096,164,110,186.7337
16,4096,164,112,196.1574
16,4096,164,114,193.3761
16,4096,164,116,189.6718
16,4096,164,118,191.9888
16,4096,164,120,178.7271
16,4096,164,122,161.9529
16,4096,164,124,178.7634
16,4096,164,126,191.2956
16,4096,164,128,175.4228
16,4096,164,130,189.9365
16,4096,164,132,141.8219
16,4096,164,134,197.5232
16,4096,164,136,185.4994
16,4096,164,138,182.7795
16,4096,164,140,178.2349
16,4096,164,142,172.7886
16,4096,164,144,180.7353
16,4096,164,146,184.1853
16,4096,164,148,179.2369
16,4096,164,150,181.4842
16,4096,164,152,178.9949
16,4096,164,154,150.9193
16,4096,164,156,183.0723
16,4096,164,158,163.4908
16,4096,164,160,148.4064
16,4096,164,162,187.1591
16,4096,166,2,51.3544
16,4096,166,4,86.2953
16,4096,166,6,128.1615
16,4096,166,8,177.7192
16,4096,166,10,191.7648
16,4096,166,12,197.0901
16,4096,166,14,212.8046
16,4096,166,16,242.7221
16,4096,166,18,241.1978
16,4096,166,20,229.9959
16,4096,166,22,252.789
16,4096,166,24,255.0089
16,4096,166,26,220.1952
16,4096,166,28,254.171
16,4096,166,30,257.886
16,4096,166,32,240.4922
16,4096,166,34,254.161
16,4096,166,36,247.0949
16,4096,166,38,231.898
16,4096,166,40,256.7085
16,4096,166,42,270.5885
16,4096,166,44,265.0232
16,4096,166,46,230.4007
16,4096,166,48,241.5812
16,4096,166,50,236.2263
16,4096,166,52,218.3388
16,4096,166,54,235.9327
16,4096,166,56,169.1524
16,4096,166,58,203.0181
16,4096,166,60,195.5207
16,4096,166,62,198.6891
16,4096,166,64,201.4312
16,4096,166,66,183.5804
16,4096,166,68,191.5493
16,4096,166,70,159.467
16,4096,166,72,172.7462
16,4096,166,74,186.9818
16,4096,166,76,182.3491
16,4096,166,78,179.6112
16,4096,166,80,146.2524
16,4096,166,82,191.7025
16,4096,166,84,187.3272
16,4096,166,86,175.3739
16,4096,166,88,182.1302
16,4096,166,90,201.9427
16,4096,166,92,170.8553
16,4096,166,94,201.0189
16,4096,166,96,164.4242
16,4096,166,98,206.2134
16,4096,166,100,169.2702
16,4096,166,102,203.6191
16,4096,166,104,197.1479
16,4096,166,106,202.1305
16,4096,166,108,169.9471
16,4096,166,110,191.2002
16,4096,166,112,196.7761
16,4096,166,114,165.1783
16,4096,166,116,197.8569
16,4096,166,118,157.0941
16,4096,166,120,192.5562
16,4096,166,122,173.595
16,4096,166,124,189.6108
16,4096,166,126,188.2569
16,4096,166,128,185.9971
16,4096,166,130,168.0429
16,4096,166,132,154.7301
16,4096,166,134,192.0728
16,4096,166,136,185.3682
16,4096,166,138,181.0499
16,4096,166,140,185.7541
16,4096,166,142,168.3577
16,4096,166,144,183.1383
16,4096,166,146,174.3249
16,4096,166,148,179.5176
16,4096,166,150,182.7723
16,4096,166,152,177.2849
16,4096,166,154,174.2457
16,4096,166,156,177.9215
16,4096,166,158,174.3698
16,4096,166,160,163.443
16,4096,166,162,164.9777
16,4096,166,164,178.715
16,4096,168,2,48.0394
16,4096,168,4,86.7984
16,4096,168,6,131.5943
16,4096,168,8,180.693
16,4096,168,10,187.8752
16,4096,168,12,206.1266
16,4096,168,14,238.2991
16,4096,168,16,218.5245
16,4096,168,18,255.8973
16,4096,168,20,242.5145
16,4096,168,22,239.8438
16,4096,168,24,255.9393
16,4096,168,26,245.9497
16,4096,168,28,266.3581
16,4096,168,30,230.1432
16,4096,168,32,266.7304
16,4096,168,34,263.2149
16,4096,168,36,275.2707
16,4096,168,38,265.3024
16,4096,168,40,234.5077
16,4096,168,42,255.6082
16,4096,168,44,264.0137
16,4096,168,46,225.0013
16,4096,168,48,248.1063
16,4096,168,50,247.7953
16,4096,168,52,245.409
16,4096,168,54,244.2421
16,4096,168,56,191.3592
16,4096,168,58,219.6133
16,4096,168,60,224.2552
16,4096,168,62,218.8648
16,4096,168,64,217.9893
16,4096,168,66,167.0096
16,4096,168,68,212.4151
16,4096,168,70,213.4882
16,4096,168,72,206.23
16,4096,168,74,214.5887
16,4096,168,76,175.8209
16,4096,168,78,186.3231
16,4096,168,80,209.9646
16,4096,168,82,199.7322
16,4096,168,84,219.0235
16,4096,168,86,201.596
16,4096,168,88,207.2695
16,4096,168,90,222.5879
16,4096,168,92,182.2662
16,4096,168,94,219.9496
16,4096,168,96,230.0002
16,4096,168,98,184.8915
16,4096,168,100,204.3453
16,4096,168,102,226.6809
16,4096,168,104,229.0391
16,4096,168,106,225.6421
16,4096,168,108,190.2391
16,4096,168,110,214.3257
16,4096,168,112,215.6558
16,4096,168,114,205.8061
16,4096,168,116,190.7829
16,4096,168,118,211.0145
16,4096,168,120,207.7132
16,4096,168,122,197.9238
16,4096,168,124,217.8026
16,4096,168,126,199.7811
16,4096,168,128,212.5278
16,4096,168,130,214.9229
16,4096,168,132,208.7493
16,4096,168,134,197.0251
16,4096,168,136,202.8827
16,4096,168,138,194.8391
16,4096,168,140,210.1246
16,4096,168,142,175.6018
16,4096,168,144,202.8253
16,4096,168,146,209.1983
16,4096,168,148,209.359
16,4096,168,150,167.9165
16,4096,168,152,202.7791
16,4096,168,154,199.4416
16,4096,168,156,188.7488
16,4096,168,158,193.7964
16,4096,168,160,200.5781
16,4096,168,162,142.0066
16,4096,168,164,203.8479
16,4096,168,166,203.2555
16,4096,170,2,53.2219
16,4096,170,4,93.1585
16,4096,170,6,135.2771
16,4096,170,8,159.3905
16,4096,170,10,193.9801
16,4096,170,12,193.5743
16,4096,170,14,227.2773
16,4096,170,16,248.4845
16,4096,170,18,239.9862
16,4096,170,20,217.9884
16,4096,170,22,251.7781
16,4096,170,24,233.1629
16,4096,170,26,244.1142
16,4096,170,28,265.3646
16,4096,170,30,235.191
16,4096,170,32,272.9648
16,4096,170,34,252.3472
16,4096,170,36,248.318
16,4096,170,38,264.6685
16,4096,170,40,270.4131
16,4096,170,42,245.2177
16,4096,170,44,271.5414
16,4096,170,46,239.5404
16,4096,170,48,249.8554
16,4096,170,50,213.4731
16,4096,170,52,231.677
16,4096,170,54,237.8128
16,4096,170,56,202.5839
16,4096,170,58,199.5225
16,4096,170,60,208.9268
16,4096,170,62,200.7672
16,4096,170,64,201.8984
16,4096,170,66,159.596
16,4096,170,68,184.2503
16,4096,170,70,186.9214
16,4096,170,72,156.3673
16,4096,170,74,204.7838
16,4096,170,76,171.6575
16,4096,170,78,205.4424
16,4096,170,80,212.9927
16,4096,170,82,207.9124
16,4096,170,84,210.7052
16,4096,170,86,197.6908
16,4096,170,88,208.0158
16,4096,170,90,194.595
16,4096,170,92,204.1518
16,4096,170,94,140.1916
16,4096,170,96,206.1366
16,4096,170,98,201.1313
16,4096,170,100,193.4973
16,4096,170,102,200.1251
16,4096,170,104,203.6669
16,4096,170,106,170.1027
16,4096,170,108,184.1514
16,4096,170,110,194.3322
16,4096,170,112,194.5529
16,4096,170,114,197.9295
16,4096,170,116,164.9932
16,4096,170,118,183.8713
16,4096,170,120,177.6638
16,4096,170,122,180.4047
16,4096,170,124,190.5143
16,4096,170,126,188.095
16,4096,170,128,183.5102
16,4096,170,130,179.3798
16,4096,170,132,156.8461
16,4096,170,134,178.5805
16,4096,170,136,161.5564
16,4096,170,138,183.4194
16,4096,170,140,183.2062
16,4096,170,142,178.8618
16,4096,170,144,186.5829
16,4096,170,146,184.4643
16,4096,170,148,179.2558
16,4096,170,150,155.2266
16,4096,170,152,182.4687
16,4096,170,154,180.2644
16,4096,170,156,152.2932
16,4096,170,158,160.2264
16,4096,170,160,177.1284
16,4096,170,162,175.2665
16,4096,170,164,177.1402
16,4096,170,166,179.7922
16,4096,170,168,172.4959
16,4096,172,2,50.0099
16,4096,172,4,88.5152
16,4096,172,6,144.4966
16,4096,172,8,163.5733
16,4096,172,10,197.375
16,4096,172,12,207.5599
16,4096,172,14,211.9255
16,4096,172,16,245.7617
16,4096,172,18,220.5438
16,4096,172,20,224.6441
16,4096,172,22,261.5388
16,4096,172,24,245.9934
16,4096,172,26,247.4653
16,4096,172,28,257.424
16,4096,172,30,257.7049
16,4096,172,32,264.7978
16,4096,172,34,234.4257
16,4096,172,36,262.1453
16,4096,172,38,266.3078
16,4096,172,40,241.6915
16,4096,172,42,265.8741
16,4096,172,44,245.1799
16,4096,172,46,243.6339
16,4096,172,48,222.1393
16,4096,172,50,243.4315
16,4096,172,52,244.5561
16,4096,172,54,234.3659
16,4096,172,56,197.4667
16,4096,172,58,205.9801
16,4096,172,60,172.7349
16,4096,172,62,176.9326
16,4096,172,64,190.106
16,4096,172,66,188.3241
16,4096,172,68,159.3493
16,4096,172,70,172.0642
16,4096,172,72,171.7273
16,4096,172,74,189.0452
16,4096,172,76,212.4135
16,4096,172,78,203.9196
16,4096,172,80,201.0721
16,4096,172,82,214.3525
16,4096,172,84,163.7864
16,4096,172,86,204.1698
16,4096,172,88,168.6799
16,4096,172,90,204.0122
16,4096,172,92,170.493
16,4096,172,94,211.5738
16,4096,172,96,208.0493
16,4096,172,98,205.6344
16,4096,172,100,174.2677
16,4096,172,102,174.9765
16,4096,172,104,202.3771
16,4096,172,106,178.9399
16,4096,172,108,190.8705
16,4096,172,110,190.0823
16,4096,172,112,197.3039
16,4096,172,114,191.3544
16,4096,172,116,196.9492
16,4096,172,118,198.4179
16,4096,172,120,189.4961
16,4096,172,122,193.828
16,4096,172,124,195.4182
16,4096,172,126,189.8103
16,4096,172,128,183.377
16,4096,172,130,182.49
16,4096,172,132,190.6908
16,4096,172,134,171.5761
16,4096,172,136,170.9144
16,4096,172,138,187.2452
16,4096,172,140,181.436
16,4096,172,142,183.3734
16,4096,172,144,166.958
16,4096,172,146,178.334
16,4096,172,148,170.6916
16,4096,172,150,177.2614
16,4096,172,152,179.8726
16,4096,172,154,178.484
16,4096,172,156,169.8542
16,4096,172,158,150.4497
16,4096,172,160,176.8372
16,4096,172,162,179.2178
16,4096,172,164,148.2346
16,4096,172,166,155.357
16,4096,172,168,173.7336
16,4096,172,170,148.4256
16,4096,174,2,49.1629
16,4096,174,4,92.8115
16,4096,174,6,150.0017
16,4096,174,8,163.9343
16,4096,174,10,189.8079
16,4096,174,12,212.0473
16,4096,174,14,217.8782
16,4096,174,16,248.3192
16,4096,174,18,238.7328
16,4096,174,20,256.6212
16,4096,174,22,253.0036
16,4096,174,24,258.7303
16,4096,174,26,258.8188
16,4096,174,28,250.3655
16,4096,174,30,260.5376
16,4096,174,32,239.7343
16,4096,174,34,261.8881
16,4096,174,36,232.4337
16,4096,174,38,252.0852
16,4096,174,40,271.6059
16,4096,174,42,258.284
16,4096,174,44,268.7797
16,4096,174,46,235.9083
16,4096,174,48,250.9071
16,4096,174,50,245.2569
16,4096,174,52,243.0664
16,4096,174,54,220.5049
16,4096,174,56,196.6033
16,4096,174,58,162.3934
16,4096,174,60,183.5901
16,4096,174,62,193.4093
16,4096,174,64,193.6783
16,4096,174,66,187.2427
16,4096,174,68,189.0003
16,4096,174,70,167.9033
16,4096,174,72,175.7637
16,4096,174,74,202.9979
16,4096,174,76,206.9784
16,4096,174,78,156.2938
16,4096,174,80,205.8515
16,4096,174,82,198.9556
16,4096,174,84,182.3614
16,4096,174,86,200.8856
16,4096,174,88,209.3385
16,4096,174,90,171.5825
16,4096,174,92,191.0809
16,4096,174,94,206.1934
16,4096,174,96,167.9227
16,4096,174,98,200.6212
16,4096,174,100,173.7339
16,4096,174,102,198.6253
16,4096,174,104,179.6895
16,4096,174,106,199.1913
16,4096,174,108,197.9126
16,4096,174,110,197.4692
16,4096,174,112,199.4923
16,4096,174,114,189.3297
16,4096,174,116,189.0213
16,4096,174,118,154.6711
16,4096,174,120,191.6031
16,4096,174,122,161.9452
16,4096,174,124,179.8138
16,4096,174,126,175.6827
16,4096,174,128,189.9318
16,4096,174,130,181.4857
16,4096,174,132,184.0041
16,4096,174,134,185.2579
16,4096,174,136,154.5641
16,4096,174,138,183.4958
16,4096,174,140,153.1091
16,4096,174,142,181.4792
16,4096,174,144,179.3945
16,4096,174,146,183.7638
16,4096,174,148,176.9377
16,4096,174,150,153.265
16,4096,174,152,180.3501
16,4096,174,154,180.629
16,4096,174,156,170.8945
16,4096,174,158,169.0936
16,4096,174,160,173.406
16,4096,174,162,159.4273
16,4096,174,164,175.2922
16,4096,174,166,176.5948
16,4096,174,168,175.1138
16,4096,174,170,138.6654
16,4096,174,172,172.549
16,4096,176,2,53.5593
16,4096,176,4,94.4686
16,4096,176,6,138.7729
16,4096,176,8,174.0925
16,4096,176,10,202.2165
16,4096,176,12,213.4238
16,4096,176,14,224.4599
16,4096,176,16,250.1392
16,4096,176,18,243.9799
16,4096,176,20,229.4792
16,4096,176,22,251.0478
16,4096,176,24,261.2141
16,4096,176,26,222.3145
16,4096,176,28,265.2223
16,4096,176,30,258.7344
16,4096,176,32,270.4793
16,4096,176,34,261.8473
16,4096,176,36,242.5481
16,4096,176,38,261.9916
16,4096,176,40,274.3016
16,4096,176,42,247.5343
16,4096,176,44,267.6618
16,4096,176,46,248.9873
16,4096,176,48,243.7361
16,4096,176,50,241.8902
16,4096,176,52,245.5929
16,4096,176,54,234.807
16,4096,176,56,202.4605
16,4096,176,58,165.3659
16,4096,176,60,204.3651
16,4096,176,62,203.8048
16,4096,176,64,194.0825
16,4096,176,66,192.0968
16,4096,176,68,154.4381
16,4096,176,70,191.665
16,4096,176,72,172.717
16,4096,176,74,184.1761
16,4096,176,76,211.4727
16,4096,176,78,197.0909
16,4096,176,80,202.9747
16,4096,176,82,203.8871
16,4096,176,84,202.6627
16,4096,176,86,202.4823
16,4096,176,88,172.1243
16,4096,176,90,202.5663
16,4096,176,92,153.0595
16,4096,176,94,202.3324
16,4096,176,96,201.8025
16,4096,176,98,199.6488
16,4096,176,100,175.422
16,4096,176,102,198.611
16,4096,176,104,204.5327
16,4096,176,106,169.2332
16,4096,176,108,180.1672
16,4096,176,110,198.4596
16,4096,176,112,189.8551
16,4096,176,114,174.6141
16,4096,176,116,196.7856
16,4096,176,118,194.5261
16,4096,176,120,197.1743
16,4096,176,122,152.9069
16,4096,176,124,199.6242
16,4096,176,126,195.5423
16,4096,176,128,185.4245
16,4096,176,130,185.0278
16,4096,176,132,179.1085
16,4096,176,134,167.7513
16,4096,176,136,170.2256
16,4096,176,138,184.6332
16,4096,176,140,177.3624
16,4096,176,142,181.4151
16,4096,176,144,165.2055
16,4096,176,146,156.7775
16,4096,176,148,147.6945
16,4096,176,150,170.1207
16,4096,176,152,184.3536
16,4096,176,154,181.8463
16,4096,176,156,176.6824
16,4096,176,158,181.5264
16,4096,176,160,172.528
16,4096,176,162,176.7427
16,4096,176,164,177.7856
16,4096,176,166,174.0249
16,4096,176,168,167.0351
16,4096,176,170,132.3374
16,4096,176,172,162.6972
16,4096,176,174,170.4979
16,4096,178,2,55.7653
16,4096,178,4,92.77
16,4096,178,6,146.7953
16,4096,178,8,165.2607
16,4096,178,10,205.8454
16,4096,178,12,204.0359
16,4096,178,14,222.7757
16,4096,178,16,247.5222
16,4096,178,18,243.366
16,4096,178,20,250.4833
16,4096,178,22,212.2874
16,4096,178,24,274.8622
16,4096,178,26,239.1499
16,4096,178,28,261.4241
16,4096,178,30,253.9983
16,4096,178,32,243.5305
16,4096,178,34,251.3056
16,4096,178,36,267.3177
16,4096,178,38,269.4685
16,4096,178,40,267.6025
16,4096,178,42,249.1883
16,4096,178,44,270.0992
16,4096,178,46,231.8795
16,4096,178,48,252.2997
16,4096,178,50,209.1631
16,4096,178,52,250.3261
16,4096,178,54,237.541
16,4096,178,56,192.4718
16,4096,178,58,162.6519
16,4096,178,60,180.9688
16,4096,178,62,198.0465
16,4096,178,64,195.8469
16,4096,178,66,189.9445
16,4096,178,68,191.0219
16,4096,178,70,177.1658
16,4096,178,72,155.9814
16,4096,178,74,176.9212
16,4096,178,76,207.4625
16,4096,178,78,157.0787
16,4096,178,80,190.6693
16,4096,178,82,201.6165
16,4096,178,84,201.0891
16,4096,178,86,198.597
16,4096,178,88,199.3407
16,4096,178,90,202.2119
16,4096,178,92,170.5965
16,4096,178,94,201.7252
16,4096,178,96,196.2884
16,4096,178,98,203.7029
16,4096,178,100,168.3796
16,4096,178,102,184.174
16,4096,178,104,197.8453
16,4096,178,106,197.4152
16,4096,178,108,200.0343
16,4096,178,110,195.4697
16,4096,178,112,194.2495
16,4096,178,114,197.5988
16,4096,178,116,142.7242
16,4096,178,118,188.8524
16,4096,178,120,181.6374
16,4096,178,122,171.7043
16,4096,178,124,192.2568
16,4096,178,126,194.2541
16,4096,178,128,187.8136
16,4096,178,130,187.671
16,4096,178,132,179.3285
16,4096,178,134,182.4013
16,4096,178,136,155.8205
16,4096,178,138,175.9528
16,4096,178,140,165.2899
16,4096,178,142,181.7808
16,4096,178,144,178.2894
16,4096,178,146,183.1603
16,4096,178,148,176.7728
16,4096,178,150,178.7009
16,4096,178,152,153.1527
16,4096,178,154,182.7794
16,4096,178,156,178.9846
16,4096,178,158,172.3889
16,4096,178,160,180.5632
16,4096,178,162,174.3966
16,4096,178,164,175.2886
16,4096,178,166,175.0903
16,4096,178,168,160.4647
16,4096,178,170,175.8128
16,4096,178,172,171.0535
16,4096,178,174,131.1105
16,4096,178,176,170.383
16,4096,180,2,56.3393
16,4096,180,4,91.576
16,4096,180,6,156.3147
16,4096,180,8,173.935
16,4096,180,10,210.0462
16,4096,180,12,224.6665
16,4096,180,14,218.1883
16,4096,180,16,242.0437
16,4096,180,18,226.8407
16,4096,180,20,259.6876
16,4096,180,22,250.6291
16,4096,180,24,268.4613
16,4096,180,26,238.1196
16,4096,180,28,252.4651
16,4096,180,30,260.0444
16,4096,180,32,274.803
16,4096,180,34,241.0025
16,4096,180,36,265.1666
16,4096,180,38,267.0614
16,4096,180,40,266.2527
16,4096,180,42,263.507
16,4096,180,44,278.0421
16,4096,180,46,255.8931
16,4096,180,48,247.4098
16,4096,180,50,222.9572
16,4096,180,52,251.4646
16,4096,180,54,237.5246
16,4096,180,56,209.646
16,4096,180,58,213.5475
16,4096,180,60,191.4809
16,4096,180,62,218.6682
16,4096,180,64,175.7101
16,4096,180,66,190.6147
16,4096,180,68,211.1164
16,4096,180,70,204.6695
16,4096,180,72,202.8901
16,4096,180,74,224.548
16,4096,180,76,185.7409
16,4096,180,78,218.8758
16,4096,180,80,223.0549
16,4096,180,82,176.6027
16,4096,180,84,216.7624
16,4096,180,86,186.7022
16,4096,180,88,218.2575
16,4096,180,90,221.3148
16,4096,180,92,211.7022
16,4096,180,94,217.9816
16,4096,180,96,223.9205
16,4096,180,98,217.6334
16,4096,180,100,229.5398
16,4096,180,102,195.1166
16,4096,180,104,218.4915
16,4096,180,106,212.4508
16,4096,180,108,180.5097
16,4096,180,110,214.9725
16,4096,180,112,221.5725
16,4096,180,114,215.4358
16,4096,180,116,205.5884
16,4096,180,118,222.3843
16,4096,180,120,189.3241
16,4096,180,122,206.3104
16,4096,180,124,216.3119
16,4096,180,126,179.1067
16,4096,180,128,206.6619
16,4096,180,130,195.514
16,4096,180,132,207.6666
16,4096,180,134,208.4865
16,4096,180,136,208.5214
16,4096,180,138,205.7882
16,4096,180,140,177.6873
16,4096,180,142,183.0993
16,4096,180,144,206.0454
16,4096,180,146,198.171
16,4096,180,148,204.963
16,4096,180,150,181.0521
16,4096,180,152,194.226
16,4096,180,154,197.0122
16,4096,180,156,205.0529
16,4096,180,158,159.3488
16,4096,180,160,204.4039
16,4096,180,162,193.1354
16,4096,180,164,193.7127
16,4096,180,166,191.3145
16,4096,180,168,185.9204
16,4096,180,170,184.756
16,4096,180,172,179.8396
16,4096,180,174,167.8544
16,4096,180,176,193.5251
16,4096,180,178,182.6326
16,4096,182,2,57.6132
16,4096,182,4,102.6551
16,4096,182,6,129.2217
16,4096,182,8,182.2509
16,4096,182,10,172.6793
16,4096,182,12,230.3059
16,4096,182,14,228.9932
16,4096,182,16,254.474
16,4096,182,18,222.6521
16,4096,182,20,237.9993
16,4096,182,22,259.7459
16,4096,182,24,237.8112
16,4096,182,26,262.321
16,4096,182,28,248.1096
16,4096,182,30,257.0712
16,4096,182,32,241.9365
16,4096,182,34,273.9406
16,4096,182,36,258.5191
16,4096,182,38,270.3147
16,4096,182,40,242.637
16,4096,182,42,263.5668
16,4096,182,44,260.8239
16,4096,182,46,261.6384
16,4096,182,48,247.7584
16,4096,182,50,212.4447
16,4096,182,52,245.4601
16,4096,182,54,237.0875
16,4096,182,56,174.0906
16,4096,182,58,191.7604
16,4096,182,60,195.6384
16,4096,182,62,208.1086
16,4096,182,64,202.6627
16,4096,182,66,202.1068
16,4096,182,68,206.9049
16,4096,182,70,198.2632
16,4096,182,72,204.6828
16,4096,182,74,163.5938
16,4096,182,76,175.3007
16,4096,182,78,199.4296
16,4096,182,80,189.9665
16,4096,182,82,205.3967
16,4096,182,84,169.7141
16,4096,182,86,181.862
16,4096,182,88,198.9786
16,4096,182,90,169.8312
16,4096,182,92,207.9951
16,4096,182,94,205.4431
16,4096,182,96,189.977
16,4096,182,98,175.137
16,4096,182,100,198.5598
16,4096,182,102,190.8331
16,4096,182,104,195.1807
16,4096,182,106,201.0747
16,4096,182,108,185.6543
16,4096,182,110,196.773
16,4096,182,112,195.3978
16,4096,182,114,194.554
16,4096,182,116,192.4524
16,4096,182,118,169.7468
16,4096,182,120,197.9689
16,4096,182,122,193.0753
16,4096,182,124,162.2053
16,4096,182,126,196.4407
16,4096,182,128,167.0262
16,4096,182,130,190.1095
16,4096,182,132,148.0075
16,4096,182,134,182.1726
16,4096,182,136,181.0376
16,4096,182,138,173.0423
16,4096,182,140,178.5905
16,4096,182,142,188.6417
16,4096,182,144,151.83
16,4096,182,146,175.3011
16,4096,182,148,179.6445
16,4096,182,150,158.7149
16,4096,182,152,177.0551
16,4096,182,154,149.936
16,4096,182,156,173.7863
16,4096,182,158,174.9852
16,4096,182,160,172.0016
16,4096,182,162,179.3483
16,4096,182,164,170.5186
16,4096,182,166,176.5592
16,4096,182,168,172.8937
16,4096,182,170,144.4971
16,4096,182,172,175.0751
16,4096,182,174,162.4414
16,4096,182,176,148.9643
16,4096,182,178,176.8995
16,4096,182,180,175.448
16,4096,184,2,52.3957
16,4096,184,4,94.4606
16,4096,184,6,143.616
16,4096,184,8,188.8785
16,4096,184,10,179.1098
16,4096,184,12,205.7752
16,4096,184,14,236.3808
16,4096,184,16,249.1724
16,4096,184,18,205.8449
16,4096,184,20,249.8356
16,4096,184,22,258.7507
16,4096,184,24,252.5946
16,4096,184,26,261.0868
16,4096,184,28,271.5389
16,4096,184,30,264.6903
16,4096,184,32,250.2781
16,4096,184,34,246.0459
16,4096,184,36,256.8434
16,4096,184,38,265.5733
16,4096,184,40,281.7052
16,4096,184,42,239.7053
16,4096,184,44,265.2284
16,4096,184,46,272.0019
16,4096,184,48,225.5632
16,4096,184,50,240.4587
16,4096,184,52,222.0163
16,4096,184,54,236.9715
16,4096,184,56,193.1068
16,4096,184,58,173.5103
16,4096,184,60,175.7301
16,4096,184,62,210.6573
16,4096,184,64,206.8224
16,4096,184,66,208.8826
16,4096,184,68,216.3034
16,4096,184,70,199.5668
16,4096,184,72,204.7449
16,4096,184,74,169.587
16,4096,184,76,156.5489
16,4096,184,78,195.6909
16,4096,184,80,199.0712
16,4096,184,82,202.0242
16,4096,184,84,164.08
16,4096,184,86,198.199
16,4096,184,88,202.0967
16,4096,184,90,203.0822
16,4096,184,92,189.3276
16,4096,184,94,207.779
16,4096,184,96,191.1085
16,4096,184,98,205.7321
16,4096,184,100,182.9232
16,4096,184,102,196.6182
16,4096,184,104,200.8972
16,4096,184,106,188.8062
16,4096,184,108,194.7347
16,4096,184,110,176.7726
16,4096,184,112,194.864
16,4096,184,114,163.439
16,4096,184,116,194.9744
16,4096,184,118,170.28
16,4096,184,120,196.1253
16,4096,184,122,185.0485
16,4096,184,124,191.4194
16,4096,184,126,152.666
16,4096,184,128,188.4656
16,4096,184,130,157.0139
16,4096,184,132,192.6156
16,4096,184,134,173.5481
16,4096,184,136,186.5817
16,4096,184,138,158.1106
16,4096,184,140,173.2141
16,4096,184,142,173.8239
16,4096,184,144,180.6612
16,4096,184,146,156.3803
16,4096,184,148,181.6626
16,4096,184,150,152.3918
16,4096,184,152,182.2499
16,4096,184,154,179.7302
16,4096,184,156,180.5384
16,4096,184,158,154.2123
16,4096,184,160,163.1074
16,4096,184,162,181.1421
16,4096,184,164,143.6315
16,4096,184,166,175.5902
16,4096,184,168,167.2402
16,4096,184,170,150.3703
16,4096,184,172,171.432
16,4096,184,174,144.6227
16,4096,184,176,175.6624
16,4096,184,178,147.9863
16,4096,184,180,158.82
16,4096,184,182,148.9121
16,4096,186,2,55.3262
16,4096,186,4,103.6903
16,4096,186,6,150.2728
16,4096,186,8,166.4775
16,4096,186,10,198.5472
16,4096,186,12,231.1784
16,4096,186,14,231.9126
16,4096,186,16,251.9102
16,4096,186,18,212.8221
16,4096,186,20,253.6297
16,4096,186,22,227.037
16,4096,186,24,261.7266
16,4096,186,26,262.1265
16,4096,186,28,240.0339
16,4096,186,30,261.7925
16,4096,186,32,264.8969
16,4096,186,34,264.8422
16,4096,186,36,271.8848
16,4096,186,38,264.8145
16,4096,186,40,260.6697
16,4096,186,42,223.3819
16,4096,186,44,271.9057
16,4096,186,46,237.6128
16,4096,186,48,246.2597
16,4096,186,50,241.2808
16,4096,186,52,215.4434
16,4096,186,54,242.6172
16,4096,186,56,197.2863
16,4096,186,58,188.3167
16,4096,186,60,199.0765
16,4096,186,62,214.2458
16,4096,186,64,194.6871
16,4096,186,66,211.3819
16,4096,186,68,172.6948
16,4096,186,70,204.3147
16,4096,186,72,204.4486
16,4096,186,74,162.6875
16,4096,186,76,202.8843
16,4096,186,78,176.8159
16,4096,186,80,190.0745
16,4096,186,82,191.8806
16,4096,186,84,195.0469
16,4096,186,86,196.9259
16,4096,186,88,192.234
16,4096,186,90,203.6627
16,4096,186,92,201.8154
16,4096,186,94,206.9416
16,4096,186,96,193.1725
16,4096,186,98,178.422
16,4096,186,100,202.4524
16,4096,186,102,193.8281
16,4096,186,104,163.9785
16,4096,186,106,202.4667
16,4096,186,108,183.3985
16,4096,186,110,195.9013
16,4096,186,112,191.0289
16,4096,186,114,198.1337
16,4096,186,116,191.585
16,4096,186,118,187.42
16,4096,186,120,184.1354
16,4096,186,122,175.7608
16,4096,186,124,192.1684
16,4096,186,126,156.4977
16,4096,186,128,196.8731
16,4096,186,130,189.3865
16,4096,186,132,189.2466
16,4096,186,134,184.5672
16,4096,186,136,187.6506
16,4096,186,138,176.623
16,4096,186,140,180.9444
16,4096,186,142,185.0434
16,4096,186,144,179.3785
16,4096,186,146,175.488
16,4096,186,148,184.5433
16,4096,186,150,154.3997
16,4096,186,152,177.5821
16,4096,186,154,174.6906
16,4096,186,156,175.8284
16,4096,186,158,162.8474
16,4096,186,160,167.6041
16,4096,186,162,166.6509
16,4096,186,164,150.8554
16,4096,186,166,171.5619
16,4096,186,168,151.6927
16,4096,186,170,171.9513
16,4096,186,172,172.0861
16,4096,186,174,171.878
16,4096,186,176,161.6895
16,4096,186,178,167.0015
16,4096,186,180,167.1079
16,4096,186,182,149.7937
16,4096,186,184,144.1664
16,4096,188,2,60.0156
16,4096,188,4,102.6875
16,4096,188,6,140.683
16,4096,188,8,174.4659
16,4096,188,10,200.1444
16,4096,188,12,227.3979
16,4096,188,14,211.9015
16,4096,188,16,255.4511
16,4096,188,18,237.7366
16,4096,188,20,256.7075
16,4096,188,22,264.7192
16,4096,188,24,248.9711
16,4096,188,26,260.9894
16,4096,188,28,254.5851
16,4096,188,30,260.7976
16,4096,188,32,259.1114
16,4096,188,34,263.0909
16,4096,188,36,273.7477
16,4096,188,38,251.3118
16,4096,188,40,274.3395
16,4096,188,42,254.8715
16,4096,188,44,260.3844
16,4096,188,46,262.8633
16,4096,188,48,247.5237
16,4096,188,50,216.1952
16,4096,188,52,247.5799
16,4096,188,54,214.4544
16,4096,188,56,170.0831
16,4096,188,58,182.3192
16,4096,188,60,181.4438
16,4096,188,62,215.58
16,4096,188,64,201.4269
16,4096,188,66,201.2339
16,4096,188,68,213.6672
16,4096,188,70,202.9845
16,4096,188,72,173.5989
16,4096,188,74,198.2354
16,4096,188,76,196.1963
16,4096,188,78,197.6852
16,4096,188,80,192.0207
16,4096,188,82,192.7584
16,4096,188,84,196.8181
16,4096,188,86,195.0338
16,4096,188,88,193.5779
16,4096,188,90,173.4564
16,4096,188,92,207.6906
16,4096,188,94,199.7853
16,4096,188,96,189.2979
16,4096,188,98,195.5226
16,4096,188,100,173.4567
16,4096,188,102,197.0732
16,4096,188,104,158.3857
16,4096,188,106,207.014
16,4096,188,108,189.4831
16,4096,188,110,181.7618
16,4096,188,112,198.5406
16,4096,188,114,165.5539
16,4096,188,116,193.6355
16,4096,188,118,154.8321
16,4096,188,120,186.6401
16,4096,188,122,191.7502
16,4096,188,124,187.1708
16,4096,188,126,185.2605
16,4096,188,128,192.7285
16,4096,188,130,181.7757
16,4096,188,132,187.4283
16,4096,188,134,193.9046
16,4096,188,136,191.7564
16,4096,188,138,171.0758
16,4096,188,140,178.4422
16,4096,188,142,179.4199
16,4096,188,144,159.6148
16,4096,188,146,161.9517
16,4096,188,148,181.1502
16,4096,188,150,176.6707
16,4096,188,152,181.2512
16,4096,188,154,173.8393
16,4096,188,156,169.6093
16,4096,188,158,170.9827
16,4096,188,160,180.8591
16,4096,188,162,173.2931
16,4096,188,164,174.3675
16,4096,188,166,167.0667
16,4096,188,168,172.6448
16,4096,188,170,171.9254
16,4096,188,172,141.9569
16,4096,188,174,177.3238
16,4096,188,176,151.5017
16,4096,188,178,165.7905
16,4096,188,180,171.371
16,4096,188,182,153.1964
16,4096,188,184,162.2034
16,4096,188,186,175.0068
16,4096,190,2,56.7688
16,4096,190,4,107.5811
16,4096,190,6,137.9461
16,4096,190,8,187.9924
16,4096,190,10,209.4254
16,4096,190,12,220.5845
16,4096,190,14,240.4026
16,4096,190,16,224.2019
16,4096,190,18,245.8568
16,4096,190,20,242.3687
16,4096,190,22,262.2447
16,4096,190,24,249.2715
16,4096,190,26,257.0677
16,4096,190,28,241.5139
16,4096,190,30,254.2626
16,4096,190,32,266.5618
16,4096,190,34,229.6004
16,4096,190,36,264.5496
16,4096,190,38,265.9841
16,4096,190,40,244.0492
16,4096,190,42,255.7232
16,4096,190,44,267.1755
16,4096,190,46,267.1134
16,4096,190,48,221.2359
16,4096,190,50,235.5877
16,4096,190,52,224.957
16,4096,190,54,243.8782
16,4096,190,56,189.9066
16,4096,190,58,167.3194
16,4096,190,60,155.0166
16,4096,190,62,190.7217
16,4096,190,64,215.049
16,4096,190,66,195.8503
16,4096,190,68,199.7182
16,4096,190,70,208.8354
16,4096,190,72,190.27
16,4096,190,74,193.7232
16,4096,190,76,187.4626
16,4096,190,78,203.4463
16,4096,190,80,162.5821
16,4096,190,82,196.4532
16,4096,190,84,190.3806
16,4096,190,86,195.6126
16,4096,190,88,194.7652
16,4096,190,90,192.0161
16,4096,190,92,193.3323
16,4096,190,94,174.7629
16,4096,190,96,191.0722
16,4096,190,98,194.9213
16,4096,190,100,163.9335
16,4096,190,102,199.1336
16,4096,190,104,168.7036
16,4096,190,106,200.5553
16,4096,190,108,192.1219
16,4096,190,110,194.4286
16,4096,190,112,185.9867
16,4096,190,114,174.6893
16,4096,190,116,187.713
16,4096,190,118,189.2966
16,4096,190,120,157.4323
16,4096,190,122,196.212
16,4096,190,124,186.1276
16,4096,190,126,191.5658
16,4096,190,128,174.0431
16,4096,190,130,192.8658
16,4096,190,132,167.862
16,4096,190,134,168.204
16,4096,190,136,181.2275
16,4096,190,138,191.1242
16,4096,190,140,180.9684
16,4096,190,142,170.9927
16,4096,190,144,179.7803
16,4096,190,146,175.9274
16,4096,190,148,167.0979
16,4096,190,150,177.4028
16,4096,190,152,176.5815
16,4096,190,154,178.8728
16,4096,190,156,166.9411
16,4096,190,158,181.3614
16,4096,190,160,150.6374
16,4096,190,162,177.8496
16,4096,190,164,156.0856
16,4096,190,166,174.3074
16,4096,190,168,172.6181
16,4096,190,170,149.0735
16,4096,190,172,160.8885
16,4096,190,174,165.681
16,4096,190,176,166.8941
16,4096,190,178,171.8418
16,4096,190,180,142.7969
16,4096,190,182,168.8855
16,4096,190,184,170.7561
16,4096,190,186,136.1981
16,4096,190,188,168.1431
16,4096,192,2,54.49
16,4096,192,4,102.7899
16,4096,192,6,149.5124
16,4096,192,8,177.4645
16,4096,192,10,201.4738
16,4096,192,12,224.0645
16,4096,192,14,239.5494
16,4096,192,16,266.3436
16,4096,192,18,229.2711
16,4096,192,20,236.4848
16,4096,192,22,247.1665
16,4096,192,24,266.1059
16,4096,192,26,240.6575
16,4096,192,28,261.2276
16,4096,192,30,265.6628
16,4096,192,32,254.233
16,4096,192,34,269.823
16,4096,192,36,243.3085
16,4096,192,38,257.1435
16,4096,192,40,279.8081
16,4096,192,42,243.8432
16,4096,192,44,270.6594
16,4096,192,46,250.3753
16,4096,192,48,255.2768
16,4096,192,50,222.172
16,4096,192,52,236.2962
16,4096,192,54,249.8868
16,4096,192,56,190.0655
16,4096,192,58,188.6294
16,4096,192,60,190.0765
16,4096,192,62,207.2874
16,4096,192,64,220.5729
16,4096,192,66,184.6821
16,4096,192,68,204.6503
16,4096,192,70,197.0636
16,4096,192,72,171.1231
16,4096,192,74,204.2817
16,4096,192,76,199.3479
16,4096,192,78,203.8336
16,4096,192,80,167.1806
16,4096,192,82,182.9429
16,4096,192,84,201.9971
16,4096,192,86,173.9364
16,4096,192,88,199.6574
16,4096,192,90,195.6018
16,4096,192,92,195.8899
16,4096,192,94,189.876
16,4096,192,96,200.7032
16,4096,192,98,216.6173
16,4096,192,100,219.5988
16,4096,192,102,186.9797
16,4096,192,104,219.4014
16,4096,192,106,206.2111
16,4096,192,108,212.1168
16,4096,192,110,195.312
16,4096,192,112,163.8545
16,4096,192,114,200.1617
16,4096,192,116,207.828
16,4096,192,118,197.0089
16,4096,192,120,209.697
16,4096,192,122,200.584
16,4096,192,124,209.2977
16,4096,192,126,170.3286
16,4096,192,128,204.7476
16,4096,192,130,199.1361
16,4096,192,132,188.1564
16,4096,192,134,204.769
16,4096,192,136,201.8484
16,4096,192,138,201.4566
16,4096,192,140,198.7637
16,4096,192,142,189.1501
16,4096,192,144,159.5644
16,4096,192,146,195.2976
16,4096,192,148,205.9703
16,4096,192,150,200.1979
16,4096,192,152,199.9413
16,4096,192,154,152.2042
16,4096,192,156,184.5715
16,4096,192,158,195.0633
16,4096,192,160,162.0154
16,4096,192,162,201.3918
16,4096,192,164,194.3085
16,4096,192,166,185.2602
16,4096,192,168,173.1199
16,4096,192,170,196.5991
16,4096,192,172,180.5384
16,4096,192,174,165.2883
16,4096,192,176,191.328
16,4096,192,178,177.6861
16,4096,192,180,150.1205
16,4096,192,182,193.0814
16,4096,192,184,190.6756
16,4096,192,186,172.3695
16,4096,192,188,192.0268
16,4096,192,190,188.5858
16,4096,194,2,56.0193
16,4096,194,4,98.1179
16,4096,194,6,140.274
16,4096,194,8,182.3407
16,4096,194,10,198.489
16,4096,194,12,222.1406
16,4096,194,14,235.2038
16,4096,194,16,252.5013
16,4096,194,18,233.5809
16,4096,194,20,234.2252
16,4096,194,22,266.4587
16,4096,194,24,260.7072
16,4096,194,26,261.8034
16,4096,194,28,246.5786
16,4096,194,30,268.9052
16,4096,194,32,259.2275
16,4096,194,34,266.6225
16,4096,194,36,269.497
16,4096,194,38,259.2016
16,4096,194,40,260.9192
16,4096,194,42,267.2866
16,4096,194,44,238.4698
16,4096,194,46,263.0146
16,4096,194,48,245.4794
16,4096,194,50,242.4158
16,4096,194,52,216.4806
16,4096,194,54,229.2999
16,4096,194,56,180.8134
16,4096,194,58,181.51
16,4096,194,60,162.5368
16,4096,194,62,193.9071
16,4096,194,64,194.6835
16,4096,194,66,196.9106
16,4096,194,68,190.1
16,4096,194,70,194.7598
16,4096,194,72,195.5881
16,4096,194,74,192.4513
16,4096,194,76,191.3562
16,4096,194,78,189.0583
16,4096,194,80,175.5827
16,4096,194,82,188.0373
16,4096,194,84,189.0859
16,4096,194,86,179.1067
16,4096,194,88,162.1513
16,4096,194,90,189.4093
16,4096,194,92,185.8331
16,4096,194,94,183.2283
16,4096,194,96,187.2595
16,4096,194,98,200.3565
16,4096,194,100,181.9287
16,4096,194,102,208.6187
16,4096,194,104,194.4151
16,4096,194,106,175.1456
16,4096,194,108,162.8637
16,4096,194,110,170.8622
16,4096,194,112,182.6888
16,4096,194,114,200.3512
16,4096,194,116,151.5276
16,4096,194,118,184.6574
16,4096,194,120,163.7683
16,4096,194,122,195.3064
16,4096,194,124,177.1609
16,4096,194,126,162.0611
16,4096,194,128,192.6989
16,4096,194,130,180.2587
16,4096,194,132,158.3522
16,4096,194,134,187.0362
16,4096,194,136,201.3201
16,4096,194,138,182.2477
16,4096,194,140,200.2683
16,4096,194,142,169.1735
16,4096,194,144,164.6659
16,4096,194,146,187.9022
16,4096,194,148,196.5016
16,4096,194,150,179.5142
16,4096,194,152,188.7028
16,4096,194,154,159.8895
16,4096,194,156,165.4102
16,4096,194,158,196.4438
16,4096,194,160,195.3495
16,4096,194,162,178.1067
16,4096,194,164,160.0812
16,4096,194,166,156.9676
16,4096,194,168,157.2038
16,4096,194,170,188.2217
16,4096,194,172,196.3698
16,4096,194,174,188.9514
16,4096,194,176,194.0156
16,4096,194,178,140.2817
16,4096,194,180,152.2255
16,4096,194,182,195.2533
16,4096,194,184,174.3159
16,4096,194,186,135.736
16,4096,194,188,191.1131
16,4096,194,190,185.2526
16,4096,194,192,186.8757
16,4096,196,2,56.3591
16,4096,196,4,105.9095
16,4096,196,6,144.1902
16,4096,196,8,185.6442
16,4096,196,10,191.12
16,4096,196,12,203.9572
16,4096,196,14,216.539
16,4096,196,16,256.7495
16,4096,196,18,237.9844
16,4096,196,20,254.3011
16,4096,196,22,231.5385
16,4096,196,24,267.2596
16,4096,196,26,252.5868
16,4096,196,28,266.5125
16,4096,196,30,232.4301
16,4096,196,32,266.6572
16,4096,196,34,254.7007
16,4096,196,36,275.5855
16,4096,196,38,264.2079
16,4096,196,40,253.1993
16,4096,196,42,264.9783
16,4096,196,44,272.5524
16,4096,196,46,246.3137
16,4096,196,48,252.2864
16,4096,196,50,239.4431
16,4096,196,52,242.6109
16,4096,196,54,185.3955
16,4096,196,56,180.6964
16,4096,196,58,178.9489
16,4096,196,60,171.0943
16,4096,196,62,205.7905
16,4096,196,64,171.4859
16,4096,196,66,209.8744
16,4096,196,68,192.0842
16,4096,196,70,206.9776
16,4096,196,72,211.6691
16,4096,196,74,193.409
16,4096,196,76,181.5986
16,4096,196,78,182.3605
16,4096,196,80,163.3389
16,4096,196,82,182.8821
16,4096,196,84,194.1506
16,4096,196,86,147.3153
16,4096,196,88,181.4579
16,4096,196,90,190.0344
16,4096,196,92,184.9588
16,4096,196,94,162.6097
16,4096,196,96,193.7629
16,4096,196,98,183.6121
16,4096,196,100,200.7837
16,4096,196,102,169.9884
16,4096,196,104,208.5081
16,4096,196,106,176.0984
16,4096,196,108,172.788
16,4096,196,110,197.5056
16,4096,196,112,204.3065
16,4096,196,114,162.5313
16,4096,196,116,201.7709
16,4096,196,118,183.9068
16,4096,196,120,176.2657
16,4096,196,122,200.4372
16,4096,196,124,199.3651
16,4096,196,126,198.682
16,4096,196,128,175.9279
16,4096,196,130,180.7378
16,4096,196,132,176.0492
16,4096,196,134,166.8882
16,4096,196,136,185.0439
16,4096,196,138,201.9471
16,4096,196,140,154.0857
16,4096,196,142,176.9586
16,4096,196,144,161.7059
16,4096,196,146,190.2239
16,4096,196,148,193.3702
16,4096,196,150,197.2614
16,4096,196,152,193.0074
16,4096,196,154,164.7508
16,4096,196,156,168.702
16,4096,196,158,162.9988
16,4096,196,160,189.245
16,4096,196,162,164.7469
16,4096,196,164,165.3618
16,4096,196,166,163.2696
16,4096,196,168,164.0521
16,4096,196,170,189.1546
16,4096,196,172,180.3314
16,4096,196,174,145.7891
16,4096,196,176,182.7482
16,4096,196,178,141.4402
16,4096,196,180,154.1583
16,4096,196,182,184.26
16,4096,196,184,159.3982
16,4096,196,186,147.1278
16,4096,196,188,178.0879
16,4096,196,190,191.3
16,4096,196,192,153.5428
16,4096,196,194,155.5482
16,4096,198,2,61.1275
16,4096,198,4,99.2147
16,4096,198,6,155.552
16,4096,198,8,194.0119
16,4096,198,10,198.3992
16,4096,198,12,221.0176
16,4096,198,14,228.3742
16,4096,198,16,226.5849
16,4096,198,18,242.6424
16,4096,198,20,236.9596
16,4096,198,22,246.7799
16,4096,198,24,265.7675
16,4096,198,26,243.7385
16,4096,198,28,271.8367
16,4096,198,30,262.0327
16,4096,198,32,276.0964
16,4096,198,34,261.0848
16,4096,198,36,233.4021
16,4096,198,38,271.6414
16,4096,198,40,273.22
16,4096,198,42,239.1318
16,4096,198,44,269.7129
16,4096,198,46,257.825
16,4096,198,48,257.197
16,4096,198,50,209.4897
16,4096,198,52,247.9088
16,4096,198,54,240.8569
16,4096,198,56,177.6556
16,4096,198,58,179.3695
16,4096,198,60,156.3498
16,4096,198,62,197.5167
16,4096,198,64,197.0037
16,4096,198,66,199.453
16,4096,198,68,196.8573
16,4096,198,70,201.0621
16,4096,198,72,197.0353
16,4096,198,74,192.9177
16,4096,198,76,188.8911
16,4096,198,78,195.2666
16,4096,198,80,162.576
16,4096,198,82,177.7478
16,4096,198,84,189.9233
16,4096,198,86,158.795
16,4096,198,88,190.8555
16,4096,198,90,187.4155
16,4096,198,92,175.1571
16,4096,198,94,193.7076
16,4096,198,96,181.4009
16,4096,198,98,215.727
16,4096,198,100,178.3871
16,4096,198,102,197.667
16,4096,198,104,187.4632
16,4096,198,106,185.2644
16,4096,198,108,182.0708
16,4096,198,110,194.6379
16,4096,198,112,176.8037
16,4096,198,114,201.9931
16,4096,198,116,199.9606
16,4096,198,118,186.9663
16,4096,198,120,153.9055
16,4096,198,122,186.8308
16,4096,198,124,198.2807
16,4096,198,126,174.7906
16,4096,198,128,191.1117
16,4096,198,130,174.6798
16,4096,198,132,181.3402
16,4096,198,134,195.8666
16,4096,198,136,177.7646
16,4096,198,138,161.1967
16,4096,198,140,186.3624
16,4096,198,142,158.5314
16,4096,198,144,173.6625
16,4096,198,146,188.2611
16,4096,198,148,186.6915
16,4096,198,150,191.6555
16,4096,198,152,194.4744
16,4096,198,154,173.6245
16,4096,198,156,169.0233
16,4096,198,158,194.3916
16,4096,198,160,167.7011
16,4096,198,162,180.0586
16,4096,198,164,192.5808
16,4096,198,166,143.3124
16,4096,198,168,160.2852
16,4096,198,170,161.8583
16,4096,198,172,173.6498
16,4096,198,174,176.9206
16,4096,198,176,183.9157
16,4096,198,178,150.5461
16,4096,198,180,136.4943
16,4096,198,182,181.8034
16,4096,198,184,162.4075
16,4096,198,186,143.2659
16,4096,198,188,181.3863
16,4096,198,190,184.8199
16,4096,198,192,194.7849
16,4096,198,194,122.7171
16,4096,198,196,116.2145
16,4096,200,2,54.2846
16,4096,200,4,107.7172
16,4096,200,6,136.582
16,4096,200,8,193.5791
16,4096,200,10,201.2172
16,4096,200,12,235.0426
16,4096,200,14,238.5208
16,4096,200,16,234.8887
16,4096,200,18,228.3739
16,4096,200,20,258.7494
16,4096,200,22,241.3111
16,4096,200,24,274.6867
16,4096,200,26,250.8667
16,4096,200,28,256.7155
16,4096,200,30,236.8799
16,4096,200,32,248.9703
16,4096,200,34,261.472
16,4096,200,36,271.6733
16,4096,200,38,265.401
16,4096,200,40,243.5326
16,4096,200,42,258.6886
16,4096,200,44,266.7628
16,4096,200,46,234.5398
16,4096,200,48,257.5667
16,4096,200,50,246.7555
16,4096,200,52,212.3876
16,4096,200,54,245.5635
16,4096,200,56,179.4541
16,4096,200,58,183.8707
16,4096,200,60,180.9637
16,4096,200,62,162.6465
16,4096,200,64,188.689
16,4096,200,66,194.5226
16,4096,200,68,177.1465
16,4096,200,70,203.0904
16,4096,200,72,168.0336
16,4096,200,74,191.0667
16,4096,200,76,176.9518
16,4096,200,78,191.4828
16,4096,200,80,189.7623
16,4096,200,82,190.4669
16,4096,200,84,181.6395
16,4096,200,86,188.3343
16,4096,200,88,170.2514
16,4096,200,90,182.2474
16,4096,200,92,155.0915
16,4096,200,94,191.0552
16,4096,200,96,191.6464
16,4096,200,98,215.3709
16,4096,200,100,194.4344
16,4096,200,102,179.5393
16,4096,200,104,147.2078
16,4096,200,106,185.2408
16,4096,200,108,170.7399
16,4096,200,110,198.782
16,4096,200,112,156.7056
16,4096,200,114,197.737
16,4096,200,116,196.7962
16,4096,200,118,179.9155
16,4096,200,120,178.1685
16,4096,200,122,188.3445
16,4096,200,124,185.3917
16,4096,200,126,159.948
16,4096,200,128,188.2169
16,4096,200,130,153.0148
16,4096,200,132,175.9807
16,4096,200,134,165.5648
16,4096,200,136,179.5302
16,4096,200,138,197.2168
16,4096,200,140,153.0615
16,4096,200,142,164.7799
16,4096,200,144,164.8738
16,4096,200,146,157.0128
16,4096,200,148,184.876
16,4096,200,150,173.2698
16,4096,200,152,190.4358
16,4096,200,154,157.5152
16,4096,200,156,173.0316
16,4096,200,158,181.7721
16,4096,200,160,187.9216
16,4096,200,162,193.7213
16,4096,200,164,190.0053
16,4096,200,166,167.9406
16,4096,200,168,165.0194
16,4096,200,170,192.5208
16,4096,200,172,168.8234
16,4096,200,174,185.1298
16,4096,200,176,171.2171
16,4096,200,178,154.8934
16,4096,200,180,150.978
16,4096,200,182,177.5434
16,4096,200,184,185.2443
16,4096,200,186,126.9011
16,4096,200,188,184.405
16,4096,200,190,127.0969
16,4096,200,192,141.5116
16,4096,200,194,121.0133
16,4096,200,196,115.6162
16,4096,200,198,146.9014
16,4096,202,2,59.1829
16,4096,202,4,103.6033
16,4096,202,6,151.8804
16,4096,202,8,184.1497
16,4096,202,10,210.5604
16,4096,202,12,234.1841
16,4096,202,14,239.0397
16,4096,202,16,237.2686
16,4096,202,18,231.7935
16,4096,202,20,264.7359
16,4096,202,22,232.1794
16,4096,202,24,272.2553
16,4096,202,26,243.3319
16,4096,202,28,259.5201
16,4096,202,30,253.1443
16,4096,202,32,283.9321
16,4096,202,34,261.8858
16,4096,202,36,244.4132
16,4096,202,38,266.9581
16,4096,202,40,270.001
16,4096,202,42,261.223
16,4096,202,44,275.9864
16,4096,202,46,266.1541
16,4096,202,48,221.6102
16,4096,202,50,233.8072
16,4096,202,52,242.8145
16,4096,202,54,239.8218
16,4096,202,56,212.3746
16,4096,202,58,206.7221
16,4096,202,60,205.4616
16,4096,202,62,210.3595
16,4096,202,64,204.5691
16,4096,202,66,193.9397
16,4096,202,68,203.2511
16,4096,202,70,169.1703
16,4096,202,72,205.3765
16,4096,202,74,168.0197
16,4096,202,76,191.6126
16,4096,202,78,194.5335
16,4096,202,80,162.9034
16,4096,202,82,198.641
16,4096,202,84,191.3291
16,4096,202,86,185.3305
16,4096,202,88,191.1405
16,4096,202,90,185.712
16,4096,202,92,182.3645
16,4096,202,94,159.2646
16,4096,202,96,185.8398
16,4096,202,98,205.7519
16,4096,202,100,179.6329
16,4096,202,102,221.1953
16,4096,202,104,216.4462
16,4096,202,106,183.1208
16,4096,202,108,186.7545
16,4096,202,110,192.213
16,4096,202,112,167.5696
16,4096,202,114,180.6242
16,4096,202,116,194.9144
16,4096,202,118,174.6391
16,4096,202,120,155.3229
16,4096,202,122,195.0455
16,4096,202,124,195.1171
16,4096,202,126,165.1359
16,4096,202,128,193.1322
16,4096,202,130,163.8725
16,4096,202,132,152.3122
16,4096,202,134,175.4919
16,4096,202,136,195.2046
16,4096,202,138,181.9863
16,4096,202,140,164.2555
16,4096,202,142,158.0079
16,4096,202,144,164.1407
16,4096,202,146,170.1577
16,4096,202,148,190.5169
16,4096,202,150,156.5791
16,4096,202,152,185.4111
16,4096,202,154,164.4209
16,4096,202,156,165.1176
16,4096,202,158,190.3235
16,4096,202,160,164.2966
16,4096,202,162,178.5108
16,4096,202,164,194.1626
16,4096,202,166,141.8899
16,4096,202,168,161.7016
16,4096,202,170,181.9543
16,4096,202,172,167.0127
16,4096,202,174,190.253
16,4096,202,176,192.8379
16,4096,202,178,157.5218
16,4096,202,180,152.9751
16,4096,202,182,189.8564
16,4096,202,184,187.4865
16,4096,202,186,135.9129
16,4096,202,188,183.13
16,4096,202,190,134.3179
16,4096,202,192,141.4595
16,4096,202,194,122.3549
16,4096,202,196,106.9726
16,4096,202,198,112.8015
16,4096,202,200,102.9741
16,4096,204,2,60.0281
16,4096,204,4,95.6373
16,4096,204,6,146.241
16,4096,204,8,190.9083
16,4096,204,10,190.913
16,4096,204,12,236.8221
16,4096,204,14,197.7112
16,4096,204,16,257.3833
16,4096,204,18,246.0219
16,4096,204,20,258.7326
16,4096,204,22,230.6426
16,4096,204,24,252.1576
16,4096,204,26,257.4541
16,4096,204,28,259.6804
16,4096,204,30,255.2984
16,4096,204,32,245.4744
16,4096,204,34,271.0698
16,4096,204,36,278.5495
16,4096,204,38,241.8706
16,4096,204,40,263.851
16,4096,204,42,274.4527
16,4096,204,44,273.2318
16,4096,204,46,240.3228
16,4096,204,48,225.7194
16,4096,204,50,235.5998
16,4096,204,52,238.5743
16,4096,204,54,243.6597
16,4096,204,56,169.1709
16,4096,204,58,207.8854
16,4096,204,60,207.5476
16,4096,204,62,165.8546
16,4096,204,64,203.3167
16,4096,204,66,161.699
16,4096,204,68,202.3481
16,4096,204,70,164.9044
16,4096,204,72,201.0239
16,4096,204,74,191.1862
16,4096,204,76,191.9629
16,4096,204,78,162.5885
16,4096,204,80,174.9065
16,4096,204,82,190.2606
16,4096,204,84,168.7013
16,4096,204,86,180.5481
16,4096,204,88,173.2724
16,4096,204,90,175.4924
16,4096,204,92,186.6964
16,4096,204,94,163.9289
16,4096,204,96,190.3425
16,4096,204,98,173.1642
16,4096,204,100,213.7213
16,4096,204,102,205.6321
16,4096,204,104,209.5681
16,4096,204,106,188.1983
16,4096,204,108,175.4406
16,4096,204,110,166.6124
16,4096,204,112,195.6325
16,4096,204,114,195.0321
16,4096,204,116,192.8491
16,4096,204,118,138.5105
16,4096,204,120,178.6164
16,4096,204,122,165.2209
16,4096,204,124,175.0787
16,4096,204,126,165.815
16,4096,204,128,179.3731
16,4096,204,130,151.3589
16,4096,204,132,173.2124
16,4096,204,134,192.3228
16,4096,204,136,178.8442
16,4096,204,138,185.4288
16,4096,204,140,197.1865
16,4096,204,142,146.6874
16,4096,204,144,170.6271
16,4096,204,146,165.4694
16,4096,204,148,143.7742
16,4096,204,150,183.5104
16,4096,204,152,178.74
16,4096,204,154,167.2158
16,4096,204,156,163.1457
16,4096,204,158,183.8102
16,4096,204,160,192.5281
16,4096,204,162,190.5706
16,4096,204,164,190.6592
16,4096,204,166,150.3649
16,4096,204,168,144.1186
16,4096,204,170,184.6936
16,4096,204,172,188.0301
16,4096,204,174,164.8435
16,4096,204,176,188.7627
16,4096,204,178,151.9387
16,4096,204,180,150.8083
16,4096,204,182,187.7233
16,4096,204,184,157.47
16,4096,204,186,132.2763
16,4096,204,188,164.3691
16,4096,204,190,140.2189
16,4096,204,192,136.0881
16,4096,204,194,138.2723
16,4096,204,196,120.0281
16,4096,204,198,136.6134
16,4096,204,200,137.5914
16,4096,204,202,152.8625
16,4096,206,2,58.1518
16,4096,206,4,111.5571
16,4096,206,6,161.5899
16,4096,206,8,179.7687
16,4096,206,10,196.0836
16,4096,206,12,241.0118
16,4096,206,14,226.1571
16,4096,206,16,258.2118
16,4096,206,18,252.874
16,4096,206,20,252.8816
16,4096,206,22,251.2678
16,4096,206,24,274.8316
16,4096,206,26,232.0086
16,4096,206,28,270.3007
16,4096,206,30,247.8156
16,4096,206,32,265.251
16,4096,206,34,274.687
16,4096,206,36,280.411
16,4096,206,38,244.6145
16,4096,206,40,265.0215
16,4096,206,42,267.1483
16,4096,206,44,269.5579
16,4096,206,46,262.7199
16,4096,206,48,234.9886
16,4096,206,50,223.2257
16,4096,206,52,254.015
16,4096,206,54,210.7292
16,4096,206,56,183.8662
16,4096,206,58,182.0102
16,4096,206,60,152.713
16,4096,206,62,208.0216
16,4096,206,64,207.1367
16,4096,206,66,197.031
16,4096,206,68,204.0284
16,4096,206,70,167.2715
16,4096,206,72,207.1849
16,4096,206,74,199.2622
16,4096,206,76,195.1847
16,4096,206,78,200.8671
16,4096,206,80,183.8512
16,4096,206,82,197.0595
16,4096,206,84,167.0031
16,4096,206,86,186.7236
16,4096,206,88,179.9295
16,4096,206,90,194.6016
16,4096,206,92,149.7515
16,4096,206,94,197.4643
16,4096,206,96,188.1049
16,4096,206,98,191.5321
16,4096,206,100,162.8315
16,4096,206,102,183.7108
16,4096,206,104,189.4303
16,4096,206,106,190.2164
16,4096,206,108,177.5558
16,4096,206,110,155.2737
16,4096,206,112,187.8526
16,4096,206,114,186.2663
16,4096,206,116,159.22
16,4096,206,118,184.8217
16,4096,206,120,187.2666
16,4096,206,122,183.4881
16,4096,206,124,180.9434
16,4096,206,126,179.9966
16,4096,206,128,176.6572
16,4096,206,130,178.409
16,4096,206,132,158.2291
16,4096,206,134,202.489
16,4096,206,136,195.4742
16,4096,206,138,174.651
16,4096,206,140,172.6263
16,4096,206,142,173.7003
16,4096,206,144,153.574
16,4096,206,146,165.6977
16,4096,206,148,169.1829
16,4096,206,150,152.7692
16,4096,206,152,141.3038
16,4096,206,154,171.5871
16,4096,206,156,170.6804
16,4096,206,158,192.2162
16,4096,206,160,182.5252
16,4096,206,162,157.1394
16,4096,206,164,162.0603
16,4096,206,166,151.0354
16,4096,206,168,142.8618
16,4096,206,170,189.9264
16,4096,206,172,187.2217
16,4096,206,174,160.8545
16,4096,206,176,158.4612
16,4096,206,178,156.5477
16,4096,206,180,136.8837
16,4096,206,182,182.316
16,4096,206,184,174.446
16,4096,206,186,139.4694
16,4096,206,188,150.8968
16,4096,206,190,144.8917
16,4096,206,192,148.1273
16,4096,206,194,143.6349
16,4096,206,196,142.8885
16,4096,206,198,159.3491
16,4096,206,200,189.9026
16,4096,206,202,190.1607
16,4096,206,204,159.016
16,4096,208,2,62.6209
16,4096,208,4,104.3097
16,4096,208,6,162.9496
16,4096,208,8,190.7232
16,4096,208,10,213.3521
16,4096,208,12,234.7543
16,4096,208,14,243.8344
16,4096,208,16,236.3232
16,4096,208,18,246.8684
16,4096,208,20,257.8779
16,4096,208,22,242.4312
16,4096,208,24,273.074
16,4096,208,26,259.4533
16,4096,208,28,273.0108
16,4096,208,30,249.2836
16,4096,208,32,278.8189
16,4096,208,34,229.0081
16,4096,208,36,273.4533
16,4096,208,38,265.084
16,4096,208,40,262.804
16,4096,208,42,233.7139
16,4096,208,44,264.1816
16,4096,208,46,272.1326
16,4096,208,48,220.8028
16,4096,208,50,239.5698
16,4096,208,52,246.551
16,4096,208,54,213.8539
16,4096,208,56,202.3256
16,4096,208,58,186.5057
16,4096,208,60,205.2078
16,4096,208,62,179.349
16,4096,208,64,195.6422
16,4096,208,66,159.0407
16,4096,208,68,197.9889
16,4096,208,70,194.2314
16,4096,208,72,196.5404
16,4096,208,74,200.2266
16,4096,208,76,189.1078
16,4096,208,78,176.9201
16,4096,208,80,189.234
16,4096,208,82,193.6137
16,4096,208,84,168.8575
16,4096,208,86,183.9949
16,4096,208,88,174.4848
16,4096,208,90,187.8126
16,4096,208,92,172.3242
16,4096,208,94,192.4308
16,4096,208,96,162.5126
16,4096,208,98,174.7267
16,4096,208,100,176.7509
16,4096,208,102,180.9681
16,4096,208,104,179.9845
16,4096,208,106,190.1659
16,4096,208,108,152.5213
16,4096,208,110,185.3497
16,4096,208,112,187.4177
16,4096,208,114,185.6089
16,4096,208,116,184.8558
16,4096,208,118,169.7905
16,4096,208,120,173.964
16,4096,208,122,174.0835
16,4096,208,124,170.0532
16,4096,208,126,174.6392
16,4096,208,128,176.0082
16,4096,208,130,156.7986
16,4096,208,132,180.0149
16,4096,208,134,195.6531
16,4096,208,136,180.1624
16,4096,208,138,177.9374
16,4096,208,140,176.8508
16,4096,208,142,166.9811
16,4096,208,144,144.735
16,4096,208,146,183.1175
16,4096,208,148,167.4921
16,4096,208,150,128.5105
16,4096,208,152,143.6786
16,4096,208,154,142.7078
16,4096,208,156,160.1195
16,4096,208,158,181.6343
16,4096,208,160,155.3335
16,4096,208,162,148.1234
16,4096,208,164,167.5272
16,4096,208,166,155.109
16,4096,208,168,155.3821
16,4096,208,170,150.5805
16,4096,208,172,177.7497
16,4096,208,174,159.9414
16,4096,208,176,153.6555
16,4096,208,178,149.395
16,4096,208,180,128.9715
16,4096,208,182,172.5569
16,4096,208,184,160.1298
16,4096,208,186,125.642
16,4096,208,188,144.9159
16,4096,208,190,143.6975
16,4096,208,192,148.6791
16,4096,208,194,146.4697
16,4096,208,196,145.0582
16,4096,208,198,121.5269
16,4096,208,200,138.6761
16,4096,208,202,182.5219
16,4096,208,204,177.9247
16,4096,208,206,135.508
16,4096,210,2,62.1067
16,4096,210,4,113.7231
16,4096,210,6,154.8411
16,4096,210,8,173.9289
16,4096,210,10,206.7595
16,4096,210,12,212.9439
16,4096,210,14,208.9359
16,4096,210,16,246.774
16,4096,210,18,247.8213
16,4096,210,20,262.6082
16,4096,210,22,263.8916
16,4096,210,24,248.846
16,4096,210,26,257.2246
16,4096,210,28,239.8106
16,4096,210,30,245.9406
16,4096,210,32,270.1492
16,4096,210,34,228.6423
16,4096,210,36,261.5335
16,4096,210,38,260.0316
16,4096,210,40,257.8866
16,4096,210,42,266.3711
16,4096,210,44,269.5435
16,4096,210,46,262.1413
16,4096,210,48,220.6991
16,4096,210,50,244.1907
16,4096,210,52,244.9784
16,4096,210,54,194.3643
16,4096,210,56,200.9024
16,4096,210,58,197.1515
16,4096,210,60,147.8443
16,4096,210,62,205.2602
16,4096,210,64,201.2586
16,4096,210,66,198.1211
16,4096,210,68,204.49
16,4096,210,70,201.9558
16,4096,210,72,187.3754
16,4096,210,74,186.6704
16,4096,210,76,160.9907
16,4096,210,78,188.1653
16,4096,210,80,188.0034
16,4096,210,82,177.8012
16,4096,210,84,193.617
16,4096,210,86,192.6992
16,4096,210,88,194.2091
16,4096,210,90,158.499
16,4096,210,92,187.1147
16,4096,210,94,174.3294
16,4096,210,96,182.8526
16,4096,210,98,178.0026
16,4096,210,100,161.2528
16,4096,210,102,185.2493
16,4096,210,104,184.6261
16,4096,210,106,188.3441
16,4096,210,108,187.6068
16,4096,210,110,157.7953
16,4096,210,112,182.2387
16,4096,210,114,143.5305
16,4096,210,116,182.749
16,4096,210,118,177.1415
16,4096,210,120,178.2868
16,4096,210,122,162.2026
16,4096,210,124,179.3669
16,4096,210,126,181.955
16,4096,210,128,180.3703
16,4096,210,130,157.8364
16,4096,210,132,173.4025
16,4096,210,134,185.7783
16,4096,210,136,146.9691
16,4096,210,138,161.9986
16,4096,210,140,170.4202
16,4096,210,142,174.16
16,4096,210,144,170.7836
16,4096,210,146,179.258
16,4096,210,148,183.8605
16,4096,210,150,140.2707
16,4096,210,152,153.4654
16,4096,210,154,150.6149
16,4096,210,156,152.0916
16,4096,210,158,177.1106
16,4096,210,160,181.2577
16,4096,210,162,161.8797
16,4096,210,164,165.0089
16,4096,210,166,137.308
16,4096,210,168,153.7132
16,4096,210,170,159.5502
16,4096,210,172,161.744
16,4096,210,174,150.4313
16,4096,210,176,152.0621
16,4096,210,178,142.2535
16,4096,210,180,156.5616
16,4096,210,182,157.3903
16,4096,210,184,181.2321
16,4096,210,186,125.2471
16,4096,210,188,148.4124
16,4096,210,190,142.9938
16,4096,210,192,123.7464
16,4096,210,194,141.1954
16,4096,210,196,139.4992
16,4096,210,198,144.9887
16,4096,210,200,140.1324
16,4096,210,202,189.0515
16,4096,210,204,142.5225
16,4096,210,206,115.6788
16,4096,210,208,112.5955
16,4096,212,2,58.493
16,4096,212,4,107.6215
16,4096,212,6,161.3958
16,4096,212,8,196.6441
16,4096,212,10,210.5449
16,4096,212,12,218.0344
16,4096,212,14,189.0709
16,4096,212,16,245.8709
16,4096,212,18,229.6947
16,4096,212,20,240.923
16,4096,212,22,249.6076
16,4096,212,24,273.4389
16,4096,212,26,251.7434
16,4096,212,28,276.0468
16,4096,212,30,257.6599
16,4096,212,32,212.9794
16,4096,212,34,252.5071
16,4096,212,36,277.4003
16,4096,212,38,250.5063
16,4096,212,40,243.738
16,4096,212,42,271.2556
16,4096,212,44,273.6555
16,4096,212,46,215.0992
16,4096,212,48,267.5941
16,4096,212,50,245.832
16,4096,212,52,246.6267
16,4096,212,54,200.3764
16,4096,212,56,212.0439
16,4096,212,58,200.6268
16,4096,212,60,171.2714
16,4096,212,62,211.2059
16,4096,212,64,188.3045
16,4096,212,66,200.1808
16,4096,212,68,177.1408
16,4096,212,70,173.7642
16,4096,212,72,207.6798
16,4096,212,74,170.2126
16,4096,212,76,195.6873
16,4096,212,78,194.1088
16,4096,212,80,155.2958
16,4096,212,82,187.4472
16,4096,212,84,199.8573
16,4096,212,86,181.3831
16,4096,212,88,188.9048
16,4096,212,90,188.8262
16,4096,212,92,177.1325
16,4096,212,94,191.2468
16,4096,212,96,184.4741
16,4096,212,98,170.6098
16,4096,212,100,171.6192
16,4096,212,102,152.0783
16,4096,212,104,188.5162
16,4096,212,106,183.1081
16,4096,212,108,160.6993
16,4096,212,110,190.738
16,4096,212,112,171.1698
16,4096,212,114,180.8496
16,4096,212,116,155.4891
16,4096,212,118,178.453
16,4096,212,120,176.249
16,4096,212,122,172.3273
16,4096,212,124,159.2684
16,4096,212,126,181.017
16,4096,212,128,160.2954
16,4096,212,130,174.4161
16,4096,212,132,180.6598
16,4096,212,134,193.5373
16,4096,212,136,181.0957
16,4096,212,138,164.7248
16,4096,212,140,146.8311
16,4096,212,142,167.0437
16,4096,212,144,155.99
16,4096,212,146,184.6307
16,4096,212,148,182.3712
16,4096,212,150,163.0771
16,4096,212,152,152.8619
16,4096,212,154,130.2823
16,4096,212,156,145.5503
16,4096,212,158,175.1001
16,4096,212,160,159.1607
16,4096,212,162,154.6464
16,4096,212,164,159.7426
16,4096,212,166,154.116
16,4096,212,168,156.0722
16,4096,212,170,186.4849
16,4096,212,172,155.0372
16,4096,212,174,154.9871
16,4096,212,176,153.644
16,4096,212,178,147.4477
16,4096,212,180,149.6074
16,4096,212,182,176.7061
16,4096,212,184,182.8561
16,4096,212,186,153.7764
16,4096,212,188,149.6634
16,4096,212,190,137.6561
16,4096,212,192,140.4218
16,4096,212,194,140.4605
16,4096,212,196,138.6905
16,4096,212,198,134.3083
16,4096,212,200,121.4073
16,4096,212,202,138.4036
16,4096,212,204,135.9293
16,4096,212,206,112.0138
16,4096,212,208,114.0431
16,4096,212,210,137.41
16,4096,214,2,55.8179
16,4096,214,4,109.2968
16,4096,214,6,164.3189
16,4096,214,8,204.8157
16,4096,214,10,214.3451
16,4096,214,12,219.906
16,4096,214,14,231.8694
16,4096,214,16,231.8111
16,4096,214,18,249.4407
16,4096,214,20,236.9553
16,4096,214,22,260.018
16,4096,214,24,270.3506
16,4096,214,26,251.484
16,4096,214,28,266.1675
16,4096,214,30,266.1775
16,4096,214,32,265.8492
16,4096,214,34,207.2176
16,4096,214,36,278.6751
16,4096,214,38,262.6983
16,4096,214,40,252.7185
16,4096,214,42,239.9802
16,4096,214,44,252.5011
16,4096,214,46,277.4037
16,4096,214,48,251.9779
16,4096,214,50,244.9873
16,4096,214,52,243.7217
16,4096,214,54,244.0904
16,4096,214,56,201.7873
16,4096,214,58,172.968
16,4096,214,60,201.3232
16,4096,214,62,199.198
16,4096,214,64,172.5399
16,4096,214,66,194.5185
16,4096,214,68,194.7552
16,4096,214,70,168.6076
16,4096,214,72,198.5683
16,4096,214,74,192.8075
16,4096,214,76,196.676
16,4096,214,78,188.0494
16,4096,214,80,194.2751
16,4096,214,82,190.1817
16,4096,214,84,183.2765
16,4096,214,86,154.5889
16,4096,214,88,191.6294
16,4096,214,90,156.1159
16,4096,214,92,192.5547
16,4096,214,94,186.9548
16,4096,214,96,187.5183
16,4096,214,98,154.9321
16,4096,214,100,179.0574
16,4096,214,102,173.9027
16,4096,214,104,153.2819
16,4096,214,106,176.55
16,4096,214,108,183.9327
16,4096,214,110,175.5184
16,4096,214,112,182.1385
16,4096,214,114,176.0979
16,4096,214,116,180.8774
16,4096,214,118,153.5464
16,4096,214,120,174.1696
16,4096,214,122,152.838
16,4096,214,124,168.8978
16,4096,214,126,174.1503
16,4096,214,128,149.5555
16,4096,214,130,159.0512
16,4096,214,132,169.1871
16,4096,214,134,161.3369
16,4096,214,136,184.7503
16,4096,214,138,172.7025
16,4096,214,140,169.8081
16,4096,214,142,141.2455
16,4096,214,144,163.497
16,4096,214,146,179.7261
16,4096,214,148,173.2795
16,4096,214,150,155.2701
16,4096,214,152,163.8395
16,4096,214,154,132.9325
16,4096,214,156,148.2411
16,4096,214,158,161.6081
16,4096,214,160,146.7413
16,4096,214,162,158.9735
16,4096,214,164,158.2772
16,4096,214,166,137.1334
16,4096,214,168,162.7499
16,4096,214,170,190.762
16,4096,214,172,190.2724
16,4096,214,174,137.6309
16,4096,214,176,152.9021
16,4096,214,178,151.5088
16,4096,214,180,148.9546
16,4096,214,182,180.2027
16,4096,214,184,183.2255
16,4096,214,186,149.1297
16,4096,214,188,152.3896
16,4096,214,190,141.9508
16,4096,214,192,124.8218
16,4096,214,194,136.4891
16,4096,214,196,114.6395
16,4096,214,198,140.1523
16,4096,214,200,137.5349
16,4096,214,202,121.8606
16,4096,214,204,136.6648
16,4096,214,206,123.0877
16,4096,214,208,113.5849
16,4096,214,210,100.3547
16,4096,214,212,111.7012
16,4096,216,2,63.7725
16,4096,216,4,108.2135
16,4096,216,6,170.7966
16,4096,216,8,200.9043
16,4096,216,10,211.8806
16,4096,216,12,221.4029
16,4096,216,14,204.6887
16,4096,216,16,257.219
16,4096,216,18,234.3556
16,4096,216,20,241.7566
16,4096,216,22,259.1402
16,4096,216,24,253.758
16,4096,216,26,250.1721
16,4096,216,28,268.8096
16,4096,216,30,263.3283
16,4096,216,32,283.1231
16,4096,216,34,219.2475
16,4096,216,36,255.9605
16,4096,216,38,261.022
16,4096,216,40,242.9578
16,4096,216,42,255.4246
16,4096,216,44,263.7417
16,4096,216,46,234.9786
16,4096,216,48,232.4994
16,4096,216,50,216.1592
16,4096,216,52,238.3525
16,4096,216,54,240.7081
16,4096,216,56,208.6632
16,4096,216,58,164.6741
16,4096,216,60,208.6663
16,4096,216,62,190.4069
16,4096,216,64,195.4971
16,4096,216,66,199.5364
16,4096,216,68,184.0556
16,4096,216,70,197.77
16,4096,216,72,202.872
16,4096,216,74,193.3094
16,4096,216,76,194.3734
16,4096,216,78,161.6885
16,4096,216,80,185.4327
16,4096,216,82,190.1012
16,4096,216,84,160.0602
16,4096,216,86,188.2172
16,4096,216,88,181.2177
16,4096,216,90,182.5061
16,4096,216,92,183.9286
16,4096,216,94,190.2065
16,4096,216,96,174.1911
16,4096,216,98,183.85
16,4096,216,100,150.9617
16,4096,216,102,179.9839
16,4096,216,104,185.2732
16,4096,216,106,148.246
16,4096,216,108,190.2301
16,4096,216,110,179.3103
16,4096,216,112,180.4676
16,4096,216,114,175.6745
16,4096,216,116,167.1401
16,4096,216,118,162.1352
16,4096,216,120,180.8576
16,4096,216,122,172.4696
16,4096,216,124,170.0557
16,4096,216,126,169.8461
16,4096,216,128,170.1349
16,4096,216,130,164.438
16,4096,216,132,173.3173
16,4096,216,134,191.122
16,4096,216,136,187.6136
16,4096,216,138,167.5379
16,4096,216,140,153.3139
16,4096,216,142,169.138
16,4096,216,144,163.5003
16,4096,216,146,149.3392
16,4096,216,148,178.0608
16,4096,216,150,153.5653
16,4096,216,152,154.2302
16,4096,216,154,150.8309
16,4096,216,156,128.7989
16,4096,216,158,151.9892
16,4096,216,160,169.7523
16,4096,216,162,147.3737
16,4096,216,164,162.7753
16,4096,216,166,154.1565
16,4096,216,168,156.9539
16,4096,216,170,191.67
16,4096,216,172,186.9846
16,4096,216,174,161.9035
16,4096,216,176,149.3286
16,4096,216,178,149.8691
16,4096,216,180,134.2862
16,4096,216,182,176.1273
16,4096,216,184,189.5482
16,4096,216,186,146.1814
16,4096,216,188,152.1709
16,4096,216,190,141.9112
16,4096,216,192,138.1748
16,4096,216,194,126.4463
16,4096,216,196,136.7009
16,4096,216,198,144.9229
16,4096,216,200,119.429
16,4096,216,202,137.1592
16,4096,216,204,128.485
16,4096,216,206,128.0242
16,4096,216,208,129.8401
16,4096,216,210,131.5321
16,4096,216,212,116.9418
16,4096,216,214,175.8731
16,4096,218,2,60.8131
16,4096,218,4,102.3423
16,4096,218,6,161.6961
16,4096,218,8,201.5328
16,4096,218,10,212.4897
16,4096,218,12,217.1315
16,4096,218,14,203.4293
16,4096,218,16,269.7761
16,4096,218,18,219.5734
16,4096,218,20,240.8023
16,4096,218,22,266.918
16,4096,218,24,252.4036
16,4096,218,26,209.5491
16,4096,218,28,271.4001
16,4096,218,30,266.0559
16,4096,218,32,270.7076
16,4096,218,34,230.9548
16,4096,218,36,245.1048
16,4096,218,38,262.231
16,4096,218,40,265.6713
16,4096,218,42,240.8563
16,4096,218,44,252.9656
16,4096,218,46,255.4089
16,4096,218,48,218.1107
16,4096,218,50,213.6167
16,4096,218,52,247.6317
16,4096,218,54,231.3059
16,4096,218,56,200.1214
16,4096,218,58,162.8406
16,4096,218,60,190.473
16,4096,218,62,195.4552
16,4096,218,64,170.7841
16,4096,218,66,204.8734
16,4096,218,68,195.2177
16,4096,218,70,187.9287
16,4096,218,72,169.4528
16,4096,218,74,197.5058
16,4096,218,76,196.7221
16,4096,218,78,186.7824
16,4096,218,80,188.5055
16,4096,218,82,185.4049
16,4096,218,84,162.3978
16,4096,218,86,185.5054
16,4096,218,88,194.9848
16,4096,218,90,188.1727
16,4096,218,92,171.9102
16,4096,218,94,187.7924
16,4096,218,96,180.8072
16,4096,218,98,157.6307
16,4096,218,100,168.4581
16,4096,218,102,176.37
16,4096,218,104,162.1432
16,4096,218,106,175.4243
16,4096,218,108,176.7361
16,4096,218,110,191.0166
16,4096,218,112,173.9101
16,4096,218,114,180.3583
16,4096,218,116,165.8251
16,4096,218,118,149.0139
16,4096,218,120,187.756
16,4096,218,122,180.4369
16,4096,218,124,175.9483
16,4096,218,126,169.1371
16,4096,218,128,170.9996
16,4096,218,130,178.4234
16,4096,218,132,175.087
16,4096,218,134,177.6516
16,4096,218,136,148.7662
16,4096,218,138,172.1043
16,4096,218,140,172.0657
16,4096,218,142,140.2954
16,4096,218,144,165.0268
16,4096,218,146,168.5688
16,4096,218,148,135.6499
16,4096,218,150,143.884
16,4096,218,152,152.6805
16,4096,218,154,151.5058
16,4096,218,156,139.9818
16,4096,218,158,153.1313
16,4096,218,160,157.275
16,4096,218,162,145.6995
16,4096,218,164,157.8815
16,4096,218,166,146.5681
16,4096,218,168,157.2901
16,4096,218,170,159.8621
16,4096,218,172,157.2984
16,4096,218,174,135.9084
16,4096,218,176,155.1073
16,4096,218,178,153.0533
16,4096,218,180,154.2867
16,4096,218,182,152.6654
16,4096,218,184,131.0953
16,4096,218,186,150.6746
16,4096,218,188,153.2967
16,4096,218,190,144.4581
16,4096,218,192,128.764
16,4096,218,194,146.7735
16,4096,218,196,143.7247
16,4096,218,198,145.905
16,4096,218,200,140.2177
16,4096,218,202,134.0772
16,4096,218,204,129.7636
16,4096,218,206,136.3473
16,4096,218,208,136.3688
16,4096,218,210,149.8441
16,4096,218,212,167.4344
16,4096,218,214,176.0603
16,4096,218,216,172.7311
16,4096,220,2,59.4785
16,4096,220,4,108.4518
16,4096,220,6,160.6073
16,4096,220,8,200.9186
16,4096,220,10,194.1086
16,4096,220,12,192.5329
16,4096,220,14,251.5433
16,4096,220,16,228.6536
16,4096,220,18,240.5049
16,4096,220,20,264.1444
16,4096,220,22,257.175
16,4096,220,24,265.4889
16,4096,220,26,265.9612
16,4096,220,28,265.3083
16,4096,220,30,230.4675
16,4096,220,32,258.0356
16,4096,220,34,271.6509
16,4096,220,36,273.6877
16,4096,220,38,247.6127
16,4096,220,40,276.1951
16,4096,220,42,238.3157
16,4096,220,44,279.8226
16,4096,220,46,262.7446
16,4096,220,48,260.1411
16,4096,220,50,241.9179
16,4096,220,52,218.8229
16,4096,220,54,221.5869
16,4096,220,56,202.5565
16,4096,220,58,167.9386
16,4096,220,60,206.0615
16,4096,220,62,193.3625
16,4096,220,64,198.1922
16,4096,220,66,193.729
16,4096,220,68,194.7572
16,4096,220,70,196.9942
16,4096,220,72,167.9078
16,4096,220,74,188.1777
16,4096,220,76,146.6726
16,4096,220,78,186.2104
16,4096,220,80,176.972
16,4096,220,82,182.5214
16,4096,220,84,183.6096
16,4096,220,86,196.8056
16,4096,220,88,193.1138
16,4096,220,90,178.6568
16,4096,220,92,195.8099
16,4096,220,94,153.4711
16,4096,220,96,192.576
16,4096,220,98,179.8785
16,4096,220,100,161.7604
16,4096,220,102,187.7124
16,4096,220,104,150.3368
16,4096,220,106,176.4807
16,4096,220,108,178.0864
16,4096,220,110,182.7086
16,4096,220,112,181.7162
16,4096,220,114,149.9236
16,4096,220,116,179.0638
16,4096,220,118,172.5709
16,4096,220,120,172.8691
16,4096,220,122,177.4093
16,4096,220,124,182.2493
16,4096,220,126,151.9474
16,4096,220,128,172.9884
16,4096,220,130,173.6132
16,4096,220,132,172.1121
16,4096,220,134,180.3368
16,4096,220,136,169.7962
16,4096,220,138,174.3784
16,4096,220,140,148.3614
16,4096,220,142,171.4537
16,4096,220,144,169.8238
16,4096,220,146,158.1145
16,4096,220,148,166.0508
16,4096,220,150,161.2585
16,4096,220,152,154.86
16,4096,220,154,158.873
16,4096,220,156,151.6975
16,4096,220,158,156.2199
16,4096,220,160,151.436
16,4096,220,162,153.6008
16,4096,220,164,152.1809
16,4096,220,166,158.8425
16,4096,220,168,166.596
16,4096,220,170,134.0254
16,4096,220,172,164.5747
16,4096,220,174,159.3216
16,4096,220,176,146.8894
16,4096,220,178,158.8424
16,4096,220,180,155.8401
16,4096,220,182,154.8566
16,4096,220,184,154.6953
16,4096,220,186,150.146
16,4096,220,188,130.3131
16,4096,220,190,144.5042
16,4096,220,192,153.3406
16,4096,220,194,145.0638
16,4096,220,196,143.348
16,4096,220,198,137.7124
16,4096,220,200,144.3067
16,4096,220,202,140.2399
16,4096,220,204,139.4979
16,4096,220,206,121.2708
16,4096,220,208,136.0325
16,4096,220,210,143.6893
16,4096,220,212,136.8717
16,4096,220,214,162.618
16,4096,220,216,165.073
16,4096,220,218,138.4598
16,4096,222,2,61.665
16,4096,222,4,111.5867
16,4096,222,6,144.9891
16,4096,222,8,192.3012
16,4096,222,10,208.4354
16,4096,222,12,230.8072
16,4096,222,14,231.6193
16,4096,222,16,269.3448
16,4096,222,18,234.0415
16,4096,222,20,256.516
16,4096,222,22,238.7672
16,4096,222,24,247.8599
16,4096,222,26,251.7412
16,4096,222,28,280.8686
16,4096,222,30,241.3419
16,4096,222,32,254.041
16,4096,222,34,256.1856
16,4096,222,36,278.4682
16,4096,222,38,260.6589
16,4096,222,40,274.6333
16,4096,222,42,246.5902
16,4096,222,44,261.0716
16,4096,222,46,213.4161
16,4096,222,48,264.849
16,4096,222,50,243.9924
16,4096,222,52,208.814
16,4096,222,54,237.6948
16,4096,222,56,208.3313
16,4096,222,58,174.8482
16,4096,222,60,193.9805
16,4096,222,62,197.6786
16,4096,222,64,203.8998
16,4096,222,66,204.8523
16,4096,222,68,164.7916
16,4096,222,70,186.4322
16,4096,222,72,194.5014
16,4096,222,74,160.638
16,4096,222,76,194.4829
16,4096,222,78,199.0498
16,4096,222,80,161.1011
16,4096,222,82,188.1011
16,4096,222,84,185.0524
16,4096,222,86,190.5021
16,4096,222,88,160.1016
16,4096,222,90,188.7538
16,4096,222,92,191.1541
16,4096,222,94,182.0354
16,4096,222,96,170.5119
16,4096,222,98,181.7728
16,4096,222,100,180.164
16,4096,222,102,177.372
16,4096,222,104,178.7464
16,4096,222,106,173.127
16,4096,222,108,151.1187
16,4096,222,110,168.5339
16,4096,222,112,180.2317
16,4096,222,114,187.9486
16,4096,222,116,163.2875
16,4096,222,118,181.5726
16,4096,222,120,165.8373
16,4096,222,122,174.9528
16,4096,222,124,174.1286
16,4096,222,126,175.9579
16,4096,222,128,153.055
16,4096,222,130,167.3712
16,4096,222,132,176.9
16,4096,222,134,146.8494
16,4096,222,136,177.3843
16,4096,222,138,174.6912
16,4096,222,140,159.4427
16,4096,222,142,160.0894
16,4096,222,144,166.8248
16,4096,222,146,138.4843
16,4096,222,148,161.3025
16,4096,222,150,160.694
16,4096,222,152,145.0645
16,4096,222,154,153.8713
16,4096,222,156,152.3288
16,4096,222,158,141.0976
16,4096,222,160,154.0319
16,4096,222,162,148.5926
16,4096,222,164,155.5344
16,4096,222,166,141.8925
16,4096,222,168,165.5508
16,4096,222,170,153.9344
16,4096,222,172,157.2577
16,4096,222,174,160.3148
16,4096,222,176,147.1535
16,4096,222,178,154.7755
16,4096,222,180,154.1825
16,4096,222,182,147.9766
16,4096,222,184,130.9268
16,4096,222,186,150.6758
16,4096,222,188,158.4525
16,4096,222,190,144.3755
16,4096,222,192,142.9977
16,4096,222,194,142.7591
16,4096,222,196,143.0525
16,4096,222,198,145.3689
16,4096,222,200,120.9755
16,4096,222,202,145.7109
16,4096,222,204,141.5145
16,4096,222,206,131.7375
16,4096,222,208,130.9624
16,4096,222,210,136.1782
16,4096,222,212,133.4584
16,4096,222,214,185.0433
16,4096,222,216,171.8697
16,4096,222,218,112.1317
16,4096,222,220,117.5547
16,4096,224,2,65.2539
16,4096,224,4,108.1928
16,4096,224,6,156.3369
16,4096,224,8,183.9002
16,4096,224,10,212.151
16,4096,224,12,212.1103
16,4096,224,14,215.4566
16,4096,224,16,264.8558
16,4096,224,18,230.0725
16,4096,224,20,256.5
16,4096,224,22,246.5864
16,4096,224,24,274.0328
16,4096,224,26,239.1085
16,4096,224,28,264.3848
16,4096,224,30,279.5265
16,4096,224,32,271.8726
16,4096,224,34,233.3129
16,4096,224,36,290.1324
16,4096,224,38,258.7202
16,4096,224,40,289.9424
16,4096,224,42,256.3683
16,4096,224,44,240.403
16,4096,224,46,241.146
16,4096,224,48,244.3494
16,4096,224,50,230.5108
16,4096,224,52,237.1316
16,4096,224,54,228.4554
16,4096,224,56,218.4464
16,4096,224,58,168.2845
16,4096,224,60,194.9337
16,4096,224,62,211.3202
16,4096,224,64,166.2085
16,4096,224,66,194.0678
16,4096,224,68,207.6559
16,4096,224,70,164.0789
16,4096,224,72,174.551
16,4096,224,74,186.6545
16,4096,224,76,192.6689
16,4096,224,78,200.7953
16,4096,224,80,147.7567
16,4096,224,82,192.4131
16,4096,224,84,194.824
16,4096,224,86,192.1747
16,4096,224,88,169.2273
16,4096,224,90,161.8064
16,4096,224,92,170.7768
16,4096,224,94,188.9898
16,4096,224,96,170.1713
16,4096,224,98,181.6596
16,4096,224,100,184.3021
16,4096,224,102,181.522
16,4096,224,104,158.9375
16,4096,224,106,180.7284
16,4096,224,108,178.6589
16,4096,224,110,177.848
16,4096,224,112,165.0606
16,4096,224,114,177.6014
16,4096,224,116,181.4753
16,4096,224,118,178.8409
16,4096,224,120,171.9075
16,4096,224,122,188.9933
16,4096,224,124,168.5738
16,4096,224,126,179.7649
16,4096,224,128,165.3415
16,4096,224,130,157.2204
16,4096,224,132,183.5485
16,4096,224,134,172.9141
16,4096,224,136,170.7022
16,4096,224,138,146.323
16,4096,224,140,170.575
16,4096,224,142,172.5858
16,4096,224,144,170.906
16,4096,224,146,157.9228
16,4096,224,148,159.759
16,4096,224,150,153.175
16,4096,224,152,161.7203
16,4096,224,154,155.9817
16,4096,224,156,149.9664
16,4096,224,158,152.9667
16,4096,224,160,150.0916
16,4096,224,162,150.8849
16,4096,224,164,151.3806
16,4096,224,166,151.137
16,4096,224,168,145.667
16,4096,224,170,154.9693
16,4096,224,172,149.7751
16,4096,224,174,153.3934
16,4096,224,176,156.1452
16,4096,224,178,158.0752
16,4096,224,180,152.5297
16,4096,224,182,158.3797
16,4096,224,184,133.4228
16,4096,224,186,150.3877
16,4096,224,188,149.2567
16,4096,224,190,151.2148
16,4096,224,192,148.3365
16,4096,224,194,128.0578
16,4096,224,196,146.6795
16,4096,224,198,147.4931
16,4096,224,200,136.62
16,4096,224,202,125.9963
16,4096,224,204,142.0054
16,4096,224,206,140.761
16,4096,224,208,127.9052
16,4096,224,210,135.4035
16,4096,224,212,137.6268
16,4096,224,214,131.13
16,4096,224,216,135.6628
16,4096,224,218,110.4667
16,4096,224,220,114.8238
16,4096,224,222,116.9869
16,4096,226,2,63.8539
16,4096,226,4,109.2991
16,4096,226,6,141.5692
16,4096,226,8,200.6489
16,4096,226,10,202.1464
16,4096,226,12,233.5155
16,4096,226,14,237.5743
16,4096,226,16,257.9413
16,4096,226,18,232.4988
16,4096,226,20,224.6422
16,4096,226,22,256.6235
16,4096,226,24,270.3126
16,4096,226,26,241.3236
16,4096,226,28,248.44
16,4096,226,30,261.8248
16,4096,226,32,264.4367
16,4096,226,34,272.3345
16,4096,226,36,266.8315
16,4096,226,38,255.0529
16,4096,226,40,264.1499
16,4096,226,42,236.6093
16,4096,226,44,268.0184
16,4096,226,46,268.3329
16,4096,226,48,253.9224
16,4096,226,50,218.4565
16,4096,226,52,250.9449
16,4096,226,54,233.864
16,4096,226,56,195.0294
16,4096,226,58,183.9222
16,4096,226,60,176.5965
16,4096,226,62,202.5591
16,4096,226,64,194.3159
16,4096,226,66,164.0677
16,4096,226,68,197.9542
16,4096,226,70,196.4477
16,4096,226,72,185.6887
16,4096,226,74,189.8523
16,4096,226,76,191.3445
16,4096,226,78,184.2907
16,4096,226,80,189.3056
16,4096,226,82,166.8714
16,4096,226,84,190.3928
16,4096,226,86,157.2591
16,4096,226,88,191.0642
16,4096,226,90,179.1753
16,4096,226,92,184.3536
16,4096,226,94,188.3906
16,4096,226,96,155.8523
16,4096,226,98,184.0116
16,4096,226,100,179.6444
16,4096,226,102,175.7067
16,4096,226,104,181.4539
16,4096,226,106,156.4262
16,4096,226,108,177.9985
16,4096,226,110,177.4596
16,4096,226,112,169.3609
16,4096,226,114,182.9778
16,4096,226,116,172.9156
16,4096,226,118,164.8087
16,4096,226,120,176.4735
16,4096,226,122,177.0267
16,4096,226,124,169.9215
16,4096,226,126,151.7099
16,4096,226,128,174.7453
16,4096,226,130,174.9854
16,4096,226,132,152.3878
16,4096,226,134,171.023
16,4096,226,136,152.5749
16,4096,226,138,155.8035
16,4096,226,140,167.1249
16,4096,226,142,168.4608
16,4096,226,144,167.3532
16,4096,226,146,138.7848
16,4096,226,148,155.0553
16,4096,226,150,160.1148
16,4096,226,152,167.6326
16,4096,226,154,155.9532
16,4096,226,156,135.8116
16,4096,226,158,153.912
16,4096,226,160,147.5141
16,4096,226,162,140.4329
16,4096,226,164,149.2782
16,4096,226,166,146.9474
16,4096,226,168,146.6657
16,4096,226,170,133.9325
16,4096,226,172,147.0369
16,4096,226,174,151.3065
16,4096,226,176,149.6053
16,4096,226,178,152.2078
16,4096,226,180,151.8377
16,4096,226,182,150.6904
16,4096,226,184,131.7913
16,4096,226,186,145.6386
16,4096,226,188,145.4145
16,4096,226,190,133.2245
16,4096,226,192,143.671
16,4096,226,194,139.3592
16,4096,226,196,144.997
16,4096,226,198,143.2001
16,4096,226,200,142.6877
16,4096,226,202,143.0561
16,4096,226,204,112.2172
16,4096,226,206,136.333
16,4096,226,208,142.2966
16,4096,226,210,130.4508
16,4096,226,212,135.7092
16,4096,226,214,134.5989
16,4096,226,216,114.7541
16,4096,226,218,123.3888
16,4096,226,220,121.8233
16,4096,226,222,114.2464
16,4096,226,224,111.8373
16,4096,228,2,61.5005
16,4096,228,4,110.0207
16,4096,228,6,167.9676
16,4096,228,8,200.3775
16,4096,228,10,186.7998
16,4096,228,12,233.4331
16,4096,228,14,220.5386
16,4096,228,16,247.9334
16,4096,228,18,247.1496
16,4096,228,20,254.1703
16,4096,228,22,265.1076
16,4096,228,24,244.1408
16,4096,228,26,220.6992
16,4096,228,28,259.5997
16,4096,228,30,268.9861
16,4096,228,32,251.41
16,4096,228,34,259.196
16,4096,228,36,264.7771
16,4096,228,38,256.7434
16,4096,228,40,267.3749
16,4096,228,42,274.6602
16,4096,228,44,263.1773
16,4096,228,46,219.0813
16,4096,228,48,265.7717
16,4096,228,50,243.3089
16,4096,228,52,211.5756
16,4096,228,54,218.6669
16,4096,228,56,207.0705
16,4096,228,58,162.7976
16,4096,228,60,195.957
16,4096,228,62,173.464
16,4096,228,64,177.7305
16,4096,228,66,199.122
16,4096,228,68,186.953
16,4096,228,70,180.2212
16,4096,228,72,186.8472
16,4096,228,74,165.4268
16,4096,228,76,191.5796
16,4096,228,78,174.8691
16,4096,228,80,182.2936
16,4096,228,82,180.3899
16,4096,228,84,181.2885
16,4096,228,86,156.3846
16,4096,228,88,191.6868
16,4096,228,90,147.532
16,4096,228,92,188.4684
16,4096,228,94,181.5857
16,4096,228,96,180.7273
16,4096,228,98,180.0254
16,4096,228,100,152.4665
16,4096,228,102,155.9325
16,4096,228,104,171.9942
16,4096,228,106,176.5421
16,4096,228,108,172.8403
16,4096,228,110,150.2684
16,4096,228,112,165.7876
16,4096,228,114,178.5856
16,4096,228,116,166.1105
16,4096,228,118,170.5899
16,4096,228,120,173.2088
16,4096,228,122,157.6967
16,4096,228,124,180.7792
16,4096,228,126,171.3703
16,4096,228,128,174.7993
16,4096,228,130,159.159
16,4096,228,132,170.0092
16,4096,228,134,170.2377
16,4096,228,136,154.0721
16,4096,228,138,170.8318
16,4096,228,140,175.0496
16,4096,228,142,166.0063
16,4096,228,144,169.2979
16,4096,228,146,161.4358
16,4096,228,148,143.4722
16,4096,228,150,156.7876
16,4096,228,152,157.989
16,4096,228,154,152.7733
16,4096,228,156,156.0499
16,4096,228,158,143.9488
16,4096,228,160,153.9917
16,4096,228,162,142.7152
16,4096,228,164,153.5417
16,4096,228,166,136.3449
16,4096,228,168,140.2139
16,4096,228,170,148.1474
16,4096,228,172,143.7237
16,4096,228,174,154.0936
16,4096,228,176,139.5157
16,4096,228,178,156.2482
16,4096,228,180,153.154
16,4096,228,182,156.1473
16,4096,228,184,138.8007
16,4096,228,186,146.3081
16,4096,228,188,151.9637
16,4096,228,190,124.8857
16,4096,228,192,151.6477
16,4096,228,194,132.5495
16,4096,228,196,143.8824
16,4096,228,198,144.2592
16,4096,228,200,142.7287
16,4096,228,202,120.8773
16,4096,228,204,139.2378
16,4096,228,206,139.0343
16,4096,228,208,123.8815
16,4096,228,210,132.4813
16,4096,228,212,133.1165
16,4096,228,214,130.6764
16,4096,228,216,134.5485
16,4096,228,218,128.0546
16,4096,228,220,115.5866
16,4096,228,222,136.7092
16,4096,228,224,132.8273
16,4096,228,226,148.5983
16,4096,230,2,66.1743
16,4096,230,4,108.5626
16,4096,230,6,168.6525
16,4096,230,8,198.1681
16,4096,230,10,210.7582
16,4096,230,12,245.5888
16,4096,230,14,208.4176
16,4096,230,16,248.6567
16,4096,230,18,220.089
16,4096,230,20,256.6419
16,4096,230,22,251.9391
16,4096,230,24,259.9217
16,4096,230,26,221.3006
16,4096,230,28,278.868
16,4096,230,30,273.9506
16,4096,230,32,231.3036
16,4096,230,34,232.5369
16,4096,230,36,241.5882
16,4096,230,38,216.5802
16,4096,230,40,262.9584
16,4096,230,42,234.9355
16,4096,230,44,269.9419
16,4096,230,46,264.6355
16,4096,230,48,259.9939
16,4096,230,50,211.2447
16,4096,230,52,232.8557
16,4096,230,54,244.3747
16,4096,230,56,192.7094
16,4096,230,58,193.4822
16,4096,230,60,193.1853
16,4096,230,62,191.808
16,4096,230,64,191.4941
16,4096,230,66,196.7104
16,4096,230,68,193.166
16,4096,230,70,196.9549
16,4096,230,72,161.4221
16,4096,230,74,186.0126
16,4096,230,76,191.2017
16,4096,230,78,181.36
16,4096,230,80,187.4852
16,4096,230,82,187.7092
16,4096,230,84,164.0234
16,4096,230,86,187.2079
16,4096,230,88,189.0465
16,4096,230,90,170.3364
16,4096,230,92,186.7977
16,4096,230,94,146.715
16,4096,230,96,188.9427
16,4096,230,98,179.5578
16,4096,230,100,171.6659
16,4096,230,102,175.4502
16,4096,230,104,189.1114
16,4096,230,106,178.5654
16,4096,230,108,177.3345
16,4096,230,110,175.7946
16,4096,230,112,167.9781
16,4096,230,114,170.3717
16,4096,230,116,181.4549
16,4096,230,118,156.2264
16,4096,230,120,177.9146
16,4096,230,122,175.6898
16,4096,230,124,156.5625
16,4096,230,126,174.8444
16,4096,230,128,177.6002
16,4096,230,130,176.8855
16,4096,230,132,151.2017
16,4096,230,134,171.4088
16,4096,230,136,175.1732
16,4096,230,138,153.5814
16,4096,230,140,172.4287
16,4096,230,142,162.8659
16,4096,230,144,162.7609
16,4096,230,146,157.9471
16,4096,230,148,165.1369
16,4096,230,150,156.9917
16,4096,230,152,159.083
16,4096,230,154,163.2261
16,4096,230,156,158.6313
16,4096,230,158,150.8027
16,4096,230,160,154.6117
16,4096,230,162,156.1295
16,4096,230,164,149.6053
16,4096,230,166,150.3948
16,4096,230,168,129.9269
16,4096,230,170,152.4206
16,4096,230,172,150.6448
16,4096,230,174,145.5557
16,4096,230,176,147.3843
16,4096,230,178,153.3064
16,4096,230,180,151.6629
16,4096,230,182,153.1247
16,4096,230,184,157.1483
16,4096,230,186,133.2906
16,4096,230,188,154.3708
16,4096,230,190,154.7116
16,4096,230,192,146.0589
16,4096,230,194,144.1855
16,4096,230,196,135.9583
16,4096,230,198,139.8909
16,4096,230,200,150.6099
16,4096,230,202,144.8647
16,4096,230,204,127.7151
16,4096,230,206,141.9315
16,4096,230,208,144.2641
16,4096,230,210,142.8427
16,4096,230,212,135.1816
16,4096,230,214,125.3894
16,4096,230,216,136.4509
16,4096,230,218,136.47
16,4096,230,220,118.7191
16,4096,230,222,179.6949
16,4096,230,224,147.6102
16,4096,230,226,163.5189
16,4096,230,228,167.7199
16,4096,232,2,63.9964
16,4096,232,4,109.2243
16,4096,232,6,162.9831
16,4096,232,8,181.2564
16,4096,232,10,177.2839
16,4096,232,12,240.0116
16,4096,232,14,234.4197
16,4096,232,16,269.0079
16,4096,232,18,233.0641
16,4096,232,20,266.1035
16,4096,232,22,272.3508
16,4096,232,24,271.4416
16,4096,232,26,265.2381
16,4096,232,28,234.2487
16,4096,232,30,258.0013
16,4096,232,32,263.8131
16,4096,232,34,235.1895
16,4096,232,36,260.5293
16,4096,232,38,266.2042
16,4096,232,40,252.143
16,4096,232,42,254.8995
16,4096,232,44,264.2434
16,4096,232,46,254.4292
16,4096,232,48,250.1968
16,4096,232,50,246.6473
16,4096,232,52,254.1919
16,4096,232,54,214.6743
16,4096,232,56,198.1549
16,4096,232,58,206.1293
16,4096,232,60,175.2446
16,4096,232,62,185.6996
16,4096,232,64,187.5322
16,4096,232,66,145.2569
16,4096,232,68,190.9476
16,4096,232,70,170.7839
16,4096,232,72,196.882
16,4096,232,74,157.052
16,4096,232,76,189.5169
16,4096,232,78,171.0291
16,4096,232,80,188.9628
16,4096,232,82,187.6414
16,4096,232,84,177.8422
16,4096,232,86,179.8349
16,4096,232,88,170.8005
16,4096,232,90,187.2833
16,4096,232,92,169.515
16,4096,232,94,162.5099
16,4096,232,96,171.479
16,4096,232,98,178.8631
16,4096,232,100,152.9002
16,4096,232,102,179.8189
16,4096,232,104,168.6336
16,4096,232,106,174.5451
16,4096,232,108,182.4672
16,4096,232,110,175.2478
16,4096,232,112,169.5503
16,4096,232,114,169.904
16,4096,232,116,178.2394
16,4096,232,118,158.8319
16,4096,232,120,166.5947
16,4096,232,122,170.2069
16,4096,232,124,165.042
16,4096,232,126,149.7258
16,4096,232,128,181.472
16,4096,232,130,159.5674
16,4096,232,132,155.7069
16,4096,232,134,173.9991
16,4096,232,136,179.0622
16,4096,232,138,172.4158
16,4096,232,140,175.4843
16,4096,232,142,162.3019
16,4096,232,144,138.7369
16,4096,232,146,162.7293
16,4096,232,148,159.984
16,4096,232,150,153.4774
16,4096,232,152,161.2787
16,4096,232,154,160.467
16,4096,232,156,165.45
16,4096,232,158,164.2308
16,4096,232,160,149.407
16,4096,232,162,144.7441
16,4096,232,164,152.2596
16,4096,232,166,149.0827
16,4096,232,168,158.5168
16,4096,232,170,133.4713
16,4096,232,172,147.7593
16,4096,232,174,148.0907
16,4096,232,176,122.5196
16,4096,232,178,162.708
16,4096,232,180,141.113
16,4096,232,182,156.6323
16,4096,232,184,154.2998
16,4096,232,186,153.0176
16,4096,232,188,141.995
16,4096,232,190,156.732
16,4096,232,192,151.3713
16,4096,232,194,145.1006
16,4096,232,196,153.6877
16,4096,232,198,135.4528
16,4096,232,200,146.1453
16,4096,232,202,147.0571
16,4096,232,204,128.9028
16,4096,232,206,140.9663
16,4096,232,208,146.9349
16,4096,232,210,146.0852
16,4096,232,212,135.2616
16,4096,232,214,137.6576
16,4096,232,216,135.5228
16,4096,232,218,137.4747
16,4096,232,220,140.7342
16,4096,232,222,119.7865
16,4096,232,224,134.3196
16,4096,232,226,166.41
16,4096,232,228,158.212
16,4096,232,230,128.7527
16,4096,234,2,63.184
16,4096,234,4,112.8171
16,4096,234,6,157.3968
16,4096,234,8,176.6376
16,4096,234,10,222.2113
16,4096,234,12,221.3549
16,4096,234,14,241.5823
16,4096,234,16,249.199
16,4096,234,18,233.8147
16,4096,234,20,218.5676
16,4096,234,22,257.1958
16,4096,234,24,276.7551
16,4096,234,26,264.5297
16,4096,234,28,246.1119
16,4096,234,30,263.4641
16,4096,234,32,283.3672
16,4096,234,34,277.0598
16,4096,234,36,249.9189
16,4096,234,38,255.6282
16,4096,234,40,269.3199
16,4096,234,42,237.216
16,4096,234,44,262.3145
16,4096,234,46,255.6175
16,4096,234,48,240.2821
16,4096,234,50,247.3518
16,4096,234,52,210.7039
16,4096,234,54,236.9199
16,4096,234,56,203.1408
16,4096,234,58,192.1533
16,4096,234,60,176.531
16,4096,234,62,196.3993
16,4096,234,64,164.6647
16,4096,234,66,167.2239
16,4096,234,68,186.0302
16,4096,234,70,194.1536
16,4096,234,72,153.7941
16,4096,234,74,185.4169
16,4096,234,76,183.5926
16,4096,234,78,186.588
16,4096,234,80,178.8529
16,4096,234,82,181.9592
16,4096,234,84,158.8614
16,4096,234,86,180.6486
16,4096,234,88,182.6064
16,4096,234,90,187.5862
16,4096,234,92,153.3036
16,4096,234,94,187.754
16,4096,234,96,180.5387
16,4096,234,98,172.0565
16,4096,234,100,173.5557
16,4096,234,102,153.4278
16,4096,234,104,172.3284
16,4096,234,106,179.9487
16,4096,234,108,178.277
16,4096,234,110,178.6299
16,4096,234,112,160.4725
16,4096,234,114,173.1653
16,4096,234,116,171.7069
16,4096,234,118,172.5786
16,4096,234,120,168.893
16,4096,234,122,174.4234
16,4096,234,124,154.0424
16,4096,234,126,175.1718
16,4096,234,128,175.3893
16,4096,234,130,178.136
16,4096,234,132,152.6482
16,4096,234,134,171.5124
16,4096,234,136,175.8158
16,4096,234,138,143.7857
16,4096,234,140,167.7133
16,4096,234,142,164.3077
16,4096,234,144,158.6157
16,4096,234,146,165.7546
16,4096,234,148,163.8816
16,4096,234,150,143.1629
16,4096,234,152,153.1567
16,4096,234,154,141.6125
16,4096,234,156,167.0711
16,4096,234,158,152.1206
16,4096,234,160,163.7476
16,4096,234,162,143.4389
16,4096,234,164,157.3559
16,4096,234,166,154.6883
16,4096,234,168,155.549
16,4096,234,170,134.6848
16,4096,234,172,143.786
16,4096,234,174,145.8042
16,4096,234,176,129.2017
16,4096,234,178,132.1021
16,4096,234,180,158.2785
16,4096,234,182,155.371
16,4096,234,184,155.3975
16,4096,234,186,157.6475
16,4096,234,188,148.4954
16,4096,234,190,144.0101
16,4096,234,192,147.259
16,4096,234,194,147.182
16,4096,234,196,146.9608
16,4096,234,198,153.6543
16,4096,234,200,153.0868
16,4096,234,202,146.8361
16,4096,234,204,140.9727
16,4096,234,206,144.5259
16,4096,234,208,139.7284
16,4096,234,210,142.0194
16,4096,234,212,127.9144
16,4096,234,214,137.9107
16,4096,234,216,139.0576
16,4096,234,218,134.9826
16,4096,234,220,125.7242
16,4096,234,222,134.8437
16,4096,234,224,136.8158
16,4096,234,226,149.1009
16,4096,234,228,166.4054
16,4096,234,230,120.0675
16,4096,234,232,120.5067
16,4096,236,2,66.9173
16,4096,236,4,110.6773
16,4096,236,6,159.6779
16,4096,236,8,202.6144
16,4096,236,10,203.5161
16,4096,236,12,249.0706
16,4096,236,14,249.7143
16,4096,236,16,249.5149
16,4096,236,18,254.1652
16,4096,236,20,247.7307
16,4096,236,22,239.8989
16,4096,236,24,272.3853
16,4096,236,26,259.1713
16,4096,236,28,248.6982
16,4096,236,30,241.3262
16,4096,236,32,272.0374
16,4096,236,34,261.0787
16,4096,236,36,228.4141
16,4096,236,38,269.4839
16,4096,236,40,271.8579
16,4096,236,42,241.3882
16,4096,236,44,270.5578
16,4096,236,46,267.4042
16,4096,236,48,251.0517
16,4096,236,50,214.5235
16,4096,236,52,249.4731
16,4096,236,54,241.3949
16,4096,236,56,187.0229
16,4096,236,58,193.0708
16,4096,236,60,186.4561
16,4096,236,62,203.9652
16,4096,236,64,196.7798
16,4096,236,66,163.6728
16,4096,236,68,196.3856
16,4096,236,70,192.9777
16,4096,236,72,183.9207
16,4096,236,74,185.0286
16,4096,236,76,183.5208
16,4096,236,78,178.9084
16,4096,236,80,155.1658
16,4096,236,82,195.9718
16,4096,236,84,169.3524
16,4096,236,86,184.3028
16,4096,236,88,159.863
16,4096,236,90,185.5207
16,4096,236,92,159.9279
16,4096,236,94,183.0857
16,4096,236,96,143.3196
16,4096,236,98,182.321
16,4096,236,100,165.6155
16,4096,236,102,182.1523
16,4096,236,104,160.4712
16,4096,236,106,173.4615
16,4096,236,108,150.3749
16,4096,236,110,178.8279
16,4096,236,112,150.2482
16,4096,236,114,165.0359
16,4096,236,116,165.8012
16,4096,236,118,173.5937
16,4096,236,120,165.6445
16,4096,236,122,177.5077
16,4096,236,124,170.668
16,4096,236,126,178.5032
16,4096,236,128,153.4408
16,4096,236,130,162.9808
16,4096,236,132,176.6235
16,4096,236,134,152.3442
16,4096,236,136,162.8745
16,4096,236,138,170.7028
16,4096,236,140,176.0475
16,4096,236,142,168.0249
16,4096,236,144,163.9304
16,4096,236,146,146.6995
16,4096,236,148,162.2382
16,4096,236,150,143.3648
16,4096,236,152,154.8102
16,4096,236,154,155.7978
16,4096,236,156,153.9194
16,4096,236,158,154.2999
16,4096,236,160,160.5899
16,4096,236,162,128.9438
16,4096,236,164,155.0856
16,4096,236,166,132.8191
16,4096,236,168,151.2471
16,4096,236,170,145.6326
16,4096,236,172,133.2483
16,4096,236,174,137.6371
16,4096,236,176,147.7203
16,4096,236,178,144.8498
16,4096,236,180,145.5643
16,4096,236,182,130.2663
16,4096,236,184,158.7856
16,4096,236,186,156.093
16,4096,236,188,150.0813
16,4096,236,190,141.8494
16,4096,236,192,151.1642
16,4096,236,194,152.4011
16,4096,236,196,150.8072
16,4096,236,198,149.7276
16,4096,236,200,132.7421
16,4096,236,202,140.1633
16,4096,236,204,146.1365
16,4096,236,206,138.5882
16,4096,236,208,133.6196
16,4096,236,210,144.2674
16,4096,236,212,139.7147
16,4096,236,214,141.2739
16,4096,236,216,141.3025
16,4096,236,218,139.7994
16,4096,236,220,116.3918
16,4096,236,222,136.3932
16,4096,236,224,136.1653
16,4096,236,226,129.3391
16,4096,236,228,133.8333
16,4096,236,230,122.9008
16,4096,236,232,108.8409
16,4096,236,234,138.4321
16,4096,238,2,67.2834
16,4096,238,4,108.9721
16,4096,238,6,157.4167
16,4096,238,8,216.2208
16,4096,238,10,216.7417
16,4096,238,12,250.6946
16,4096,238,14,227.4853
16,4096,238,16,243.1658
16,4096,238,18,251.0373
16,4096,238,20,256.2644
16,4096,238,22,244.7378
16,4096,238,24,264.6755
16,4096,238,26,226.3732
16,4096,238,28,247.8097
16,4096,238,30,269.1594
16,4096,238,32,285.329
16,4096,238,34,262.5301
16,4096,238,36,248.562
16,4096,238,38,263.7597
16,4096,238,40,277.3793
16,4096,238,42,272.5303
16,4096,238,44,236.8559
16,4096,238,46,250.3513
16,4096,238,48,249.738
16,4096,238,50,243.5875
16,4096,238,52,223.9474
16,4096,238,54,246.8698
16,4096,238,56,199.6436
16,4096,238,58,190.4467
16,4096,238,60,186.2325
16,4096,238,62,200.5295
16,4096,238,64,196.137
16,4096,238,66,199.4694
16,4096,238,68,169.436
16,4096,238,70,174.3139
16,4096,238,72,188.4159
16,4096,238,74,153.2415
16,4096,238,76,185.4337
16,4096,238,78,181.4174
16,4096,238,80,165.7949
16,4096,238,82,172.5077
16,4096,238,84,183.6361
16,4096,238,86,164.5573
16,4096,238,88,180.1942
16,4096,238,90,175.6265
16,4096,238,92,188.2325
16,4096,238,94,170.9251
16,4096,238,96,184.281
16,4096,238,98,181.7221
16,4096,238,100,157.6416
16,4096,238,102,174.4569
16,4096,238,104,176.9977
16,4096,238,106,170.5734
16,4096,238,108,171.8003
16,4096,238,110,172.9817
16,4096,238,112,163.1654
16,4096,238,114,169.6693
16,4096,238,116,168.4693
16,4096,238,118,166.4713
16,4096,238,120,183.9019
16,4096,238,122,177.3469
16,4096,238,124,170.6314
16,4096,238,126,166.6319
16,4096,238,128,169.9187
16,4096,238,130,167.5609
16,4096,238,132,160.0149
16,4096,238,134,170.2882
16,4096,238,136,173.0748
16,4096,238,138,172.1209
16,4096,238,140,167.9391
16,4096,238,142,158.9158
16,4096,238,144,161.5501
16,4096,238,146,154.7123
16,4096,238,148,153.8808
16,4096,238,150,160.6003
16,4096,238,152,159.7684
16,4096,238,154,166.6824
16,4096,238,156,166.6971
16,4096,238,158,139.6627
16,4096,238,160,159.1441
16,4096,238,162,144.3165
16,4096,238,164,127.9025
16,4096,238,166,144.9004
16,4096,238,168,144.3128
16,4096,238,170,145.2508
16,4096,238,172,145.6866
16,4096,238,174,133.9958
16,4096,238,176,139.9151
16,4096,238,178,151.2379
16,4096,238,180,121.7337
16,4096,238,182,147.4511
16,4096,238,184,151.9316
16,4096,238,186,158.3493
16,4096,238,188,152.4965
16,4096,238,190,153.6126
16,4096,238,192,145.837
16,4096,238,194,147.3393
16,4096,238,196,150.1557
16,4096,238,198,146.2075
16,4096,238,200,146.4628
16,4096,238,202,145.6218
16,4096,238,204,144.4788
16,4096,238,206,144.8896
16,4096,238,208,131.5187
16,4096,238,210,142.6826
16,4096,238,212,140.6285
16,4096,238,214,134.2049
16,4096,238,216,135.6203
16,4096,238,218,138.0338
16,4096,238,220,124.2005
16,4096,238,222,135.4694
16,4096,238,224,140.2091
16,4096,238,226,121.9875
16,4096,238,228,134.2813
16,4096,238,230,120.0783
16,4096,238,232,126.0822
16,4096,238,234,119.8654
16,4096,238,236,124.4425
16,4096,240,2,61.8547
16,4096,240,4,111.0119
16,4096,240,6,145.5848
16,4096,240,8,203.6722
16,4096,240,10,219.7258
16,4096,240,12,216.6702
16,4096,240,14,219.7135
16,4096,240,16,236.043
16,4096,240,18,245.891
16,4096,240,20,264.9325
16,4096,240,22,259.7251
16,4096,240,24,247.7263
16,4096,240,26,237.452
16,4096,240,28,268.8457
16,4096,240,30,238.8809
16,4096,240,32,255.9296
16,4096,240,34,252.698
16,4096,240,36,259.1327
16,4096,240,38,276.2275
16,4096,240,40,242.3863
16,4096,240,42,253.0238
16,4096,240,44,266.5583
16,4096,240,46,269.2738
16,4096,240,48,219.9679
16,4096,240,50,220.4611
16,4096,240,52,242.5624
16,4096,240,54,207.581
16,4096,240,56,180.4672
16,4096,240,58,199.4247
16,4096,240,60,166.8688
16,4096,240,62,189.4925
16,4096,240,64,200.0034
16,4096,240,66,191.0262
16,4096,240,68,194.9211
16,4096,240,70,164.7788
16,4096,240,72,186.3957
16,4096,240,74,182.0251
16,4096,240,76,175.5593
16,4096,240,78,175.9101
16,4096,240,80,153.878
16,4096,240,82,179.144
16,4096,240,84,185.8343
16,4096,240,86,184.5716
16,4096,240,88,166.1572
16,4096,240,90,171.2157
16,4096,240,92,168.224
16,4096,240,94,155.4373
16,4096,240,96,176.7293
16,4096,240,98,178.3288
16,4096,240,100,178.8611
16,4096,240,102,174.0201
16,4096,240,104,175.0253
16,4096,240,106,183.8363
16,4096,240,108,162.2655
16,4096,240,110,166.7468
16,4096,240,112,155.4702
16,4096,240,114,156.7946
16,4096,240,116,161.0195
16,4096,240,118,161.2112
16,4096,240,120,175.1155
16,4096,240,122,157.159
16,4096,240,124,165.7116
16,4096,240,126,173.7857
16,4096,240,128,169.6779
16,4096,240,130,148.6803
16,4096,240,132,163.1024
16,4096,240,134,141.705
16,4096,240,136,163.6013
16,4096,240,138,169.1068
16,4096,240,140,163.6597
16,4096,240,142,156.8543
16,4096,240,144,163.2505
16,4096,240,146,158.1863
16,4096,240,148,136.425
16,4096,240,150,151.6254
16,4096,240,152,148.4211
16,4096,240,154,153.3414
16,4096,240,156,151.4876
16,4096,240,158,147.1519
16,4096,240,160,158.3754
16,4096,240,162,150.7551
16,4096,240,164,145.7517
16,4096,240,166,151.2502
16,4096,240,168,144.2284
16,4096,240,170,148.3228
16,4096,240,172,142.5782
16,4096,240,174,143.0772
16,4096,240,176,131.9302
16,4096,240,178,143.8734
16,4096,240,180,145.5628
16,4096,240,182,121.4902
16,4096,240,184,143.912
16,4096,240,186,138.9428
16,4096,240,188,137.5703
16,4096,240,190,150.2621
16,4096,240,192,150.2793
16,4096,240,194,154.3488
16,4096,240,196,148.9523
16,4096,240,198,148.3293
16,4096,240,200,142.663
16,4096,240,202,145.9452
16,4096,240,204,122.0293
16,4096,240,206,149.2588
16,4096,240,208,130.8423
16,4096,240,210,135.2058
16,4096,240,212,143.3847
16,4096,240,214,138.5175
16,4096,240,216,138.5445
16,4096,240,218,121.0029
16,4096,240,220,133.5881
16,4096,240,222,115.6733
16,4096,240,224,137.4942
16,4096,240,226,124.2946
16,4096,240,228,128.7592
16,4096,240,230,132.8504
16,4096,240,232,132.7256
16,4096,240,234,115.0072
16,4096,240,236,130.4111
16,4096,240,238,156.0924
16,4096,242,2,61.0778
16,4096,242,4,115.5791
16,4096,242,6,161.5961
16,4096,242,8,210.9811
16,4096,242,10,180.9779
16,4096,242,12,236.8483
16,4096,242,14,202.2606
16,4096,242,16,243.4386
16,4096,242,18,211.5127
16,4096,242,20,259.723
16,4096,242,22,261.9196
16,4096,242,24,251.7321
16,4096,242,26,250.0676
16,4096,242,28,278.551
16,4096,242,30,265.7009
16,4096,242,32,256.2211
16,4096,242,34,227.9824
16,4096,242,36,273.4508
16,4096,242,38,239.5154
16,4096,242,40,269.0929
16,4096,242,42,230.9679
16,4096,242,44,254.0345
16,4096,242,46,263.3067
16,4096,242,48,239.6309
16,4096,242,50,242.71
16,4096,242,52,247.4784
16,4096,242,54,233.5612
16,4096,242,56,172.5685
16,4096,242,58,174.7325
16,4096,242,60,188.7822
16,4096,242,62,142.7448
16,4096,242,64,188.224
16,4096,242,66,186.9583
16,4096,242,68,149.1371
16,4096,242,70,175.0685
16,4096,242,72,179.3901
16,4096,242,74,180.7571
16,4096,242,76,156.9817
16,4096,242,78,183.3253
16,4096,242,80,172.624
16,4096,242,82,177.4644
16,4096,242,84,187.8412
16,4096,242,86,152.7987
16,4096,242,88,178.1512
16,4096,242,90,177.0284
16,4096,242,92,176.9793
16,4096,242,94,164.3117
16,4096,242,96,156.6962
16,4096,242,98,175.4606
16,4096,242,100,179.7984
16,4096,242,102,151.4985
16,4096,242,104,172.5987
16,4096,242,106,144.7104
16,4096,242,108,176.1833
16,4096,242,110,172.2175
16,4096,242,112,176.51
16,4096,242,114,162.276
16,4096,242,116,166.5901
16,4096,242,118,166.7105
16,4096,242,120,161.2909
16,4096,242,122,170.6257
16,4096,242,124,151.0705
16,4096,242,126,169.4507
16,4096,242,128,167.6012
16,4096,242,130,172.069
16,4096,242,132,173.1886
16,4096,242,134,173.4325
16,4096,242,136,165.4143
16,4096,242,138,167.5383
16,4096,242,140,167.0869
16,4096,242,142,160.0693
16,4096,242,144,157.8374
16,4096,242,146,143.6193
16,4096,242,148,160.4579
16,4096,242,150,160.0754
16,4096,242,152,151.027
16,4096,242,154,160.5379
16,4096,242,156,161.6089
16,4096,242,158,148.5676
16,4096,242,160,145.7913
16,4096,242,162,155.288
16,4096,242,164,147.0512
16,4096,242,166,153.0902
16,4096,242,168,149.4687
16,4096,242,170,144.7331
16,4096,242,172,125.4331
16,4096,242,174,140.9148
16,4096,242,176,146.7867
16,4096,242,178,143.5527
16,4096,242,180,142.5628
16,4096,242,182,132.399
16,4096,242,184,142.8591
16,4096,242,186,150.5812
16,4096,242,188,134.214
16,4096,242,190,148.1224
16,4096,242,192,145.8609
16,4096,242,194,150.256
16,4096,242,196,150.045
16,4096,242,198,149.8156
16,4096,242,200,149.2844
16,4096,242,202,148.008
16,4096,242,204,146.2461
16,4096,242,206,130.0957
16,4096,242,208,140.7788
16,4096,242,210,142.0378
16,4096,242,212,144.4292
16,4096,242,214,144.4279
16,4096,242,216,127.8511
16,4096,242,218,141.7396
16,4096,242,220,141.5614
16,4096,242,222,132.3113
16,4096,242,224,137.0858
16,4096,242,226,134.067
16,4096,242,228,120.087
16,4096,242,230,135.9359
16,4096,242,232,136.277
16,4096,242,234,145.5089
16,4096,242,236,164.0558
16,4096,242,238,164.5983
16,4096,242,240,131.8613
16,4096,244,2,61.3963
16,4096,244,4,109.4638
16,4096,244,6,157.9763
16,4096,244,8,207.4972
16,4096,244,10,208.5022
16,4096,244,12,246.8213
16,4096,244,14,248.0854
16,4096,244,16,249.8355
16,4096,244,18,223.175
16,4096,244,20,254.2517
16,4096,244,22,257.9379
16,4096,244,24,245.9462
16,4096,244,26,235.584
16,4096,244,28,246.2288
16,4096,244,30,261.2148
16,4096,244,32,251.2273
16,4096,244,34,260.5475
16,4096,244,36,264.6405
16,4096,244,38,265.3863
16,4096,244,40,255.3665
16,4096,244,42,264.3372
16,4096,244,44,268.1265
16,4096,244,46,258.6735
16,4096,244,48,223.9318
16,4096,244,50,240.5029
16,4096,244,52,215.5131
16,4096,244,54,235.9936
16,4096,244,56,162.0935
16,4096,244,58,170.5448
16,4096,244,60,169.3182
16,4096,244,62,177.0473
16,4096,244,64,152.1615
16,4096,244,66,163.5845
16,4096,244,68,188.6758
16,4096,244,70,182.8987
16,4096,244,72,183.6221
16,4096,244,74,183.2623
16,4096,244,76,169.8168
16,4096,244,78,172.8207
16,4096,244,80,179.0468
16,4096,244,82,169.2454
16,4096,244,84,181.939
16,4096,244,86,177.7753
16,4096,244,88,175.4485
16,4096,244,90,152.5381
16,4096,244,92,176.9148
16,4096,244,94,162.4499
16,4096,244,96,161.967
16,4096,244,98,176.7978
16,4096,244,100,185.2233
16,4096,244,102,182.9867
16,4096,244,104,154.5853
16,4096,244,106,173.2174
16,4096,244,108,171.0947
16,4096,244,110,179.7315
16,4096,244,112,170.3477
16,4096,244,114,169.2196
16,4096,244,116,157.5222
16,4096,244,118,165.153
16,4096,244,120,168.2659
16,4096,244,122,174.132
16,4096,244,124,170.6815
16,4096,244,126,170.9878
16,4096,244,128,172.7852
16,4096,244,130,154.5828
16,4096,244,132,167.4755
16,4096,244,134,176.8115
16,4096,244,136,177.1971
16,4096,244,138,171.4152
16,4096,244,140,172.2054
16,4096,244,142,137.4933
16,4096,244,144,159.4577
16,4096,244,146,166.8743
16,4096,244,148,142.255
16,4096,244,150,171.7064
16,4096,244,152,163.9339
16,4096,244,154,161.2008
16,4096,244,156,155.6066
16,4096,244,158,166.9176
16,4096,244,160,143.2758
16,4096,244,162,151.3207
16,4096,244,164,146.4964
16,4096,244,166,131.5303
16,4096,244,168,147.7634
16,4096,244,170,155.9804
16,4096,244,172,146.0099
16,4096,244,174,147.7148
16,4096,244,176,147.18
16,4096,244,178,142.6185
16,4096,244,180,123.0947
16,4096,244,182,142.7736
16,4096,244,184,146.766
16,4096,244,186,149.5091
16,4096,244,188,136.8026
16,4096,244,190,155.9271
16,4096,244,192,157.4711
16,4096,244,194,152.5969
16,4096,244,196,133.9689
16,4096,244,198,159.1415
16,4096,244,200,152.0698
16,4096,244,202,150.5844
16,4096,244,204,149.6639
16,4096,244,206,136.5221
16,4096,244,208,154.9386
16,4096,244,210,148.9696
16,4096,244,212,128.6068
16,4096,244,214,138.9475
16,4096,244,216,140.1269
16,4096,244,218,125.2411
16,4096,244,220,136.8921
16,4096,244,222,142.5019
16,4096,244,224,141.0794
16,4096,244,226,143.6476
16,4096,244,228,137.7312
16,4096,244,230,121.1361
16,4096,244,232,134.0381
16,4096,244,234,141.33
16,4096,244,236,136.0177
16,4096,244,238,162.43
16,4096,244,240,145.2915
16,4096,244,242,139.159
16,4096,246,2,68.7918
16,4096,246,4,108.9017
16,4096,246,6,162.8129
16,4096,246,8,213.4388
16,4096,246,10,211.3878
16,4096,246,12,244.3292
16,4096,246,14,236.4438
16,4096,246,16,257.4748
16,4096,246,18,242.6852
16,4096,246,20,251.1382
16,4096,246,22,224.8203
16,4096,246,24,274.4448
16,4096,246,26,233.9696
16,4096,246,28,278.6783
16,4096,246,30,266.4781
16,4096,246,32,243.6919
16,4096,246,34,271.9321
16,4096,246,36,254.8767
16,4096,246,38,250.428
16,4096,246,40,273.1647
16,4096,246,42,278.7112
16,4096,246,44,257.1002
16,4096,246,46,218.555
16,4096,246,48,246.8645
16,4096,246,50,238.4903
16,4096,246,52,206.6866
16,4096,246,54,234.8353
16,4096,246,56,175.95
16,4096,246,58,147.2128
16,4096,246,60,173.1166
16,4096,246,62,153.7133
16,4096,246,64,176.02
16,4096,246,66,174.3169
16,4096,246,68,166.4878
16,4096,246,70,168.8449
16,4096,246,72,177.4356
16,4096,246,74,184.5666
16,4096,246,76,177.6629
16,4096,246,78,175.4487
16,4096,246,80,152.9162
16,4096,246,82,185.1598
16,4096,246,84,177.9551
16,4096,246,86,179.1824
16,4096,246,88,143.3131
16,4096,246,90,173.7717
16,4096,246,92,167.6045
16,4096,246,94,164.0765
16,4096,246,96,186.7688
16,4096,246,98,150.582
16,4096,246,100,173.4478
16,4096,246,102,174.6699
16,4096,246,104,170.2266
16,4096,246,106,174.1002
16,4096,246,108,167.4073
16,4096,246,110,153.3692
16,4096,246,112,173.9156
16,4096,246,114,149.218
16,4096,246,116,169.2403
16,4096,246,118,177.0923
16,4096,246,120,157.9464
16,4096,246,122,160.9569
16,4096,246,124,170.5891
16,4096,246,126,143.0824
16,4096,246,128,179.3228
16,4096,246,130,140.0593
16,4096,246,132,175.9271
16,4096,246,134,171.4104
16,4096,246,136,148.9491
16,4096,246,138,157.515
16,4096,246,140,175.9979
16,4096,246,142,164.0908
16,4096,246,144,160.794
16,4096,246,146,137.6726
16,4096,246,148,166.3349
16,4096,246,150,141.0814
16,4096,246,152,157.1798
16,4096,246,154,157.4334
16,4096,246,156,164.3604
16,4096,246,158,160.4366
16,4096,246,160,154.8795
16,4096,246,162,160.1972
16,4096,246,164,131.8258
16,4096,246,166,151.0334
16,4096,246,168,153.9595
16,4096,246,170,136.9285
16,4096,246,172,154.0394
16,4096,246,174,145.745
16,4096,246,176,146.621
16,4096,246,178,148.4745
16,4096,246,180,149.0026
16,4096,246,182,124.346
16,4096,246,184,140.5502
16,4096,246,186,157.917
16,4096,246,188,142.8169
16,4096,246,190,149.766
16,4096,246,192,146.603
16,4096,246,194,153.3931
16,4096,246,196,154.2383
16,4096,246,198,150.656
16,4096,246,200,129.5047
16,4096,246,202,153.1849
16,4096,246,204,153.1608
16,4096,246,206,130.6714
16,4096,246,208,152.6064
16,4096,246,210,143.8983
16,4096,246,212,144.7166
16,4096,246,214,149.7531
16,4096,246,216,143.3005
16,4096,246,218,116.7339
16,4096,246,220,140.6916
16,4096,246,222,145.3374
16,4096,246,224,134.5329
16,4096,246,226,134.5657
16,4096,246,228,144.7688
16,4096,246,230,139.7304
16,4096,246,232,138.9631
16,4096,246,234,119.0386
16,4096,246,236,134.0582
16,4096,246,238,140.2078
16,4096,246,240,158.0942
16,4096,246,242,123.1024
16,4096,246,244,125.847
16,4096,248,2,65.4149
16,4096,248,4,116.5082
16,4096,248,6,147.2963
16,4096,248,8,198.6725
16,4096,248,10,230.2148
16,4096,248,12,216.7954
16,4096,248,14,227.0342
16,4096,248,16,256.0024
16,4096,248,18,261.8805
16,4096,248,20,267.1592
16,4096,248,22,237.9626
16,4096,248,24,278.8689
16,4096,248,26,250.6189
16,4096,248,28,233.0136
16,4096,248,30,257.6511
16,4096,248,32,282.7187
16,4096,248,34,272.0336
16,4096,248,36,248.2429
16,4096,248,38,250.971
16,4096,248,40,272.327
16,4096,248,42,272.4864
16,4096,248,44,271.013
16,4096,248,46,269.8083
16,4096,248,48,220.1889
16,4096,248,50,245.817
16,4096,248,52,244.0694
16,4096,248,54,198.624
16,4096,248,56,175.4715
16,4096,248,58,170.9091
16,4096,248,60,145.1706
16,4096,248,62,171.271
16,4096,248,64,172.6063
16,4096,248,66,177.7628
16,4096,248,68,165.9088
16,4096,248,70,145.4576
16,4096,248,72,163.0038
16,4096,248,74,162.9186
16,4096,248,76,181.6868
16,4096,248,78,175.2039
16,4096,248,80,176.6391
16,4096,248,82,165.6672
16,4096,248,84,179.4869
16,4096,248,86,179.0062
16,4096,248,88,173.2417
16,4096,248,90,149.1929
16,4096,248,92,162.1485
16,4096,248,94,175.1634
16,4096,248,96,160.4845
16,4096,248,98,177.7018
16,4096,248,100,176.3971
16,4096,248,102,169.581
16,4096,248,104,171.017
16,4096,248,106,183.9992
16,4096,248,108,151.0776
16,4096,248,110,165.6499
16,4096,248,112,166.9367
16,4096,248,114,173.5219
16,4096,248,116,153.7493
16,4096,248,118,180.7923
16,4096,248,120,147.7367
16,4096,248,122,169.2894
16,4096,248,124,168.9865
16,4096,248,126,175.322
16,4096,248,128,167.7389
16,4096,248,130,167.5415
16,4096,248,132,182.9461
16,4096,248,134,175.5431
16,4096,248,136,148.978
16,4096,248,138,161.0439
16,4096,248,140,152.5877
16,4096,248,142,165.4673
16,4096,248,144,163.6943
16,4096,248,146,160.6781
16,4096,248,148,147.0011
16,4096,248,150,161.9739
16,4096,248,152,167.7126
16,4096,248,154,142.4729
16,4096,248,156,162.1503
16,4096,248,158,144.9624
16,4096,248,160,161.533
16,4096,248,162,162.6458
16,4096,248,164,159.2015
16,4096,248,166,132.311
16,4096,248,168,149.0848
16,4096,248,170,149.7049
16,4096,248,172,139.1773
16,4096,248,174,152.911
16,4096,248,176,142.5742
16,4096,248,178,141.5307
16,4096,248,180,145.5009
16,4096,248,182,142.1411
16,4096,248,184,144.3222
16,4096,248,186,130.8232
16,4096,248,188,150.7362
16,4096,248,190,154.4406
16,4096,248,192,153.434
16,4096,248,194,153.2179
16,4096,248,196,156.7454
16,4096,248,198,151.3887
16,4096,248,200,159.786
16,4096,248,202,131.0703
16,4096,248,204,154.0634
16,4096,248,206,146.3926
16,4096,248,208,145.1314
16,4096,248,210,154.4709
16,4096,248,212,147.6889
16,4096,248,214,148.7666
16,4096,248,216,144.9008
16,4096,248,218,124.1806
16,4096,248,220,144.7995
16,4096,248,222,143.1302
16,4096,248,224,126.619
16,4096,248,226,140.5984
16,4096,248,228,124.0707
16,4096,248,230,140.8687
16,4096,248,232,140.5251
16,4096,248,234,134.9608
16,4096,248,236,138.2768
16,4096,248,238,136.931
16,4096,248,240,116.0583
16,4096,248,242,130.0875
16,4096,248,244,114.3655
16,4096,248,246,133.7648
16,4096,250,2,66.4613
16,4096,250,4,108.4571
16,4096,250,6,142.8746
16,4096,250,8,209.7048
16,4096,250,10,208.2803
16,4096,250,12,217.5326
16,4096,250,14,254.087
16,4096,250,16,261.4881
16,4096,250,18,245.2091
16,4096,250,20,262.8092
16,4096,250,22,257.0025
16,4096,250,24,244.3087
16,4096,250,26,259.9755
16,4096,250,28,279.1108
16,4096,250,30,266.2773
16,4096,250,32,249.637
16,4096,250,34,263.0947
16,4096,250,36,276.2026
16,4096,250,38,243.2933
16,4096,250,40,269.9347
16,4096,250,42,250.2694
16,4096,250,44,261.9858
16,4096,250,46,258.3092
16,4096,250,48,209.9679
16,4096,250,50,237.8996
16,4096,250,52,248.4637
16,4096,250,54,200.3247
16,4096,250,56,176.2498
16,4096,250,58,166.723
16,4096,250,60,164.8102
16,4096,250,62,152.6393
16,4096,250,64,169.3708
16,4096,250,66,167.7751
16,4096,250,68,177.6698
16,4096,250,70,143.4764
16,4096,250,72,173.71
16,4096,250,74,158.3067
16,4096,250,76,163.7392
16,4096,250,78,162.7177
16,4096,250,80,178.419
16,4096,250,82,179.865
16,4096,250,84,184.4964
16,4096,250,86,176.0862
16,4096,250,88,158.7393
16,4096,250,90,170.6847
16,4096,250,92,178.2992
16,4096,250,94,167.1218
16,4096,250,96,179.0033
16,4096,250,98,182.6701
16,4096,250,100,164.137
16,4096,250,102,174.0254
16,4096,250,104,171.6527
16,4096,250,106,151.8789
16,4096,250,108,169.3623
16,4096,250,110,170.0706
16,4096,250,112,174.6314
16,4096,250,114,155.5825
16,4096,250,116,170.0575
16,4096,250,118,153.6066
16,4096,250,120,156.462
16,4096,250,122,167.1039
16,4096,250,124,168.0781
16,4096,250,126,175.7639
16,4096,250,128,146.0828
16,4096,250,130,167.854
16,4096,250,132,170.1022
16,4096,250,134,177.2694
16,4096,250,136,162.0976
16,4096,250,138,166.2052
16,4096,250,140,166.1158
16,4096,250,142,157.3277
16,4096,250,144,160.5853
16,4096,250,146,144.133
16,4096,250,148,158.7246
16,4096,250,150,167.9292
16,4096,250,152,137.6139
16,4096,250,154,157.2253
16,4096,250,156,169.2736
16,4096,250,158,150.9096
16,4096,250,160,162.733
16,4096,250,162,161.0805
16,4096,250,164,145.2877
16,4096,250,166,151.6254
16,4096,250,168,152.6555
16,4096,250,170,138.1327
16,4096,250,172,149.3276
16,4096,250,174,153.0242
16,4096,250,176,144.3809
16,4096,250,178,138.9124
16,4096,250,180,146.2262
16,4096,250,182,129.1803
16,4096,250,184,150.5724
16,4096,250,186,154.974
16,4096,250,188,125.7683
16,4096,250,190,154.7035
16,4096,250,192,142.7119
16,4096,250,194,152.8076
16,4096,250,196,152.3369
16,4096,250,198,139.4969
16,4096,250,200,149.1095
16,4096,250,202,137.1476
16,4096,250,204,149.1975
16,4096,250,206,148.2704
16,4096,250,208,154.6219
16,4096,250,210,153.3272
16,4096,250,212,151.6744
16,4096,250,214,145.8884
16,4096,250,216,142.5148
16,4096,250,218,140.7122
16,4096,250,220,147.9688
16,4096,250,222,145.5728
16,4096,250,224,142.9442
16,4096,250,226,139.7231
16,4096,250,228,130.0598
16,4096,250,230,140.3087
16,4096,250,232,137.9123
16,4096,250,234,115.3668
16,4096,250,236,136.8997
16,4096,250,238,135.9522
16,4096,250,240,117.9658
16,4096,250,242,125.4814
16,4096,250,244,124.3165
16,4096,250,246,123.0819
16,4096,250,248,126.5441
16,4096,252,2,63.1674
16,4096,252,4,111.3722
16,4096,252,6,163.4088
16,4096,252,8,207.9907
16,4096,252,10,177.6231
16,4096,252,12,255.0991
16,4096,252,14,239.2663
16,4096,252,16,261.5361
16,4096,252,18,228.8498
16,4096,252,20,267.9083
16,4096,252,22,268.4527
16,4096,252,24,253.9739
16,4096,252,26,239.5703
16,4096,252,28,271.3203
16,4096,252,30,271.0038
16,4096,252,32,279.7404
16,4096,252,34,224.2234
16,4096,252,36,272.3973
16,4096,252,38,274.8806
16,4096,252,40,271.2756
16,4096,252,42,241.1244
16,4096,252,44,238.3267
16,4096,252,46,271.1878
16,4096,252,48,255.3612
16,4096,252,50,215.3548
16,4096,252,52,245.4249
16,4096,252,54,221.3421
16,4096,252,56,166.9354
16,4096,252,58,159.6129
16,4096,252,60,166.0608
16,4096,252,62,163.4118
16,4096,252,64,169.0769
16,4096,252,66,149.5922
16,4096,252,68,166.4514
16,4096,252,70,169.3319
16,4096,252,72,147.9467
16,4096,252,74,160.665
16,4096,252,76,161.3503
16,4096,252,78,148.1847
16,4096,252,80,149.562
16,4096,252,82,146.937
16,4096,252,84,183.8718
16,4096,252,86,174.1938
16,4096,252,88,188.0465
16,4096,252,90,157.0548
16,4096,252,92,173.8223
16,4096,252,94,168.4312
16,4096,252,96,175.1054
16,4096,252,98,172.7338
16,4096,252,100,171.4321
16,4096,252,102,167.8748
16,4096,252,104,173.5627
16,4096,252,106,151.1991
16,4096,252,108,179.3667
16,4096,252,110,171.9384
16,4096,252,112,154.9663
16,4096,252,114,174.1841
16,4096,252,116,151.192
16,4096,252,118,163.8712
16,4096,252,120,152.1994
16,4096,252,122,164.969
16,4096,252,124,138.8842
16,4096,252,126,172.6914
16,4096,252,128,174.8592
16,4096,252,130,156.8344
16,4096,252,132,173.4
16,4096,252,134,175.7523
16,4096,252,136,170.5229
16,4096,252,138,164.5953
16,4096,252,140,173.8583
16,4096,252,142,162.9738
16,4096,252,144,166.0984
16,4096,252,146,138.4553
16,4096,252,148,161.7584
16,4096,252,150,159.9757
16,4096,252,152,138.8231
16,4096,252,154,163.4043
16,4096,252,156,152.0544
16,4096,252,158,153.7674
16,4096,252,160,140.7053
16,4096,252,162,155.6081
16,4096,252,164,154.1866
16,4096,252,166,158.121
16,4096,252,168,151.8853
16,4096,252,170,127.2133
16,4096,252,172,146.7356
16,4096,252,174,148.0862
16,4096,252,176,149.5677
16,4096,252,178,145.3715
16,4096,252,180,146.87
16,4096,252,182,126.9488
16,4096,252,184,148.2354
16,4096,252,186,152.3795
16,4096,252,188,131.5986
16,4096,252,190,149.2071
16,4096,252,192,146.4522
16,4096,252,194,151.2328
16,4096,252,196,142.1794
16,4096,252,198,148.8301
16,4096,252,200,132.9718
16,4096,252,202,161.6739
16,4096,252,204,157.0379
16,4096,252,206,156.3092
16,4096,252,208,152.8602
16,4096,252,210,148.7132
16,4096,252,212,131.0408
16,4096,252,214,140.6306
16,4096,252,216,150.9963
16,4096,252,218,147.7295
16,4096,252,220,148.0963
16,4096,252,222,121.9644
16,4096,252,224,138.8129
16,4096,252,226,142.8712
16,4096,252,228,137.0563
16,4096,252,230,139.9888
16,4096,252,232,140.4392
16,4096,252,234,141.5765
16,4096,252,236,135.8914
16,4096,252,238,136.534
16,4096,252,240,131.2231
16,4096,252,242,140.0513
16,4096,252,244,134.4912
16,4096,252,246,114.5144
16,4096,252,248,131.3384
16,4096,252,250,151.638
16,4096,254,2,63.0952
16,4096,254,4,109.6347
16,4096,254,6,149.4171
16,4096,254,8,216.1227
16,4096,254,10,220.3692
16,4096,254,12,213.03
16,4096,254,14,201.1822
16,4096,254,16,267.0387
16,4096,254,18,233.864
16,4096,254,20,228.3319
16,4096,254,22,270.4671
16,4096,254,24,257.6122
16,4096,254,26,248.5745
16,4096,254,28,264.3196
16,4096,254,30,262.1306
16,4096,254,32,246.5979
16,4096,254,34,270.5955
16,4096,254,36,247.6366
16,4096,254,38,245.9401
16,4096,254,40,265.2407
16,4096,254,42,241.1261
16,4096,254,44,271.1841
16,4096,254,46,256.9471
16,4096,254,48,248.7084
16,4096,254,50,220.1719
16,4096,254,52,237.0588
16,4096,254,54,233.9906
16,4096,254,56,170.1817
16,4096,254,58,146.6628
16,4096,254,60,161.1328
16,4096,254,62,161.792
16,4096,254,64,149.0269
16,4096,254,66,162.8852
16,4096,254,68,169.8453
16,4096,254,70,149.2396
16,4096,254,72,160.246
16,4096,254,74,166.4196
16,4096,254,76,154.5369
16,4096,254,78,152.0956
16,4096,254,80,136.1882
16,4096,254,82,150.8232
16,4096,254,84,151.0487
16,4096,254,86,149.2767
16,4096,254,88,147.992
16,4096,254,90,148.8695
16,4096,254,92,170.6486
16,4096,254,94,158.8734
16,4096,254,96,168.2454
16,4096,254,98,168.9044
16,4096,254,100,162.281
16,4096,254,102,162.1542
16,4096,254,104,155.6205
16,4096,254,106,168.152
16,4096,254,108,166.1819
16,4096,254,110,167.2268
16,4096,254,112,164.8837
16,4096,254,114,166.1782
16,4096,254,116,166.786
16,4096,254,118,148.4419
16,4096,254,120,166.6214
16,4096,254,122,162.1518
16,4096,254,124,157.5494
16,4096,254,126,147.3569
16,4096,254,128,164.9969
16,4096,254,130,166.7683
16,4096,254,132,163.5794
16,4096,254,134,174.5294
16,4096,254,136,174.8953
16,4096,254,138,146.4401
16,4096,254,140,159.7139
16,4096,254,142,151.8587
16,4096,254,144,150.9673
16,4096,254,146,155.7603
16,4096,254,148,152.0881
16,4096,254,150,155.7674
16,4096,254,152,157.5114
16,4096,254,154,141.9589
16,4096,254,156,157.338
16,4096,254,158,155.6922
16,4096,254,160,132.1063
16,4096,254,162,152.5201
16,4096,254,164,156.9242
16,4096,254,166,152.1133
16,4096,254,168,157.6761
16,4096,254,170,146.7104
16,4096,254,172,142.7705
16,4096,254,174,146.6454
16,4096,254,176,143.7375
16,4096,254,178,147.333
16,4096,254,180,132.9301
16,4096,254,182,150.3505
16,4096,254,184,141.3725
16,4096,254,186,159.6847
16,4096,254,188,121.5021
16,4096,254,190,145.7338
16,4096,254,192,159.6048
16,4096,254,194,136.2866
16,4096,254,196,148.2644
16,4096,254,198,133.5272
16,4096,254,200,152.0387
16,4096,254,202,147.6193
16,4096,254,204,155.7814
16,4096,254,206,134.2756
16,4096,254,208,144.7798
16,4096,254,210,147.0427
16,4096,254,212,142.4979
16,4096,254,214,143.0902
16,4096,254,216,142.2729
16,4096,254,218,143.3244
16,4096,254,220,140.8809
16,4096,254,222,142.1579
16,4096,254,224,127.8599
16,4096,254,226,140.0295
16,4096,254,228,139.1999
16,4096,254,230,114.4696
16,4096,254,232,133.0309
16,4096,254,234,136.2305
16,4096,254,236,129.1993
16,4096,254,238,133.4061
16,4096,254,240,129.506
16,4096,254,242,136.4288
16,4096,254,244,116.9253
16,4096,254,246,154.2121
16,4096,254,248,131.5749
16,4096,254,250,140.6626
16,4096,254,252,147.5791
16,4096,256,2,60.4984
16,4096,256,4,110.8885
16,4096,256,6,138.9351
16,4096,256,8,192.7219
16,4096,256,10,207.2269
16,4096,256,12,199.2591
16,4096,256,14,234.5163
16,4096,256,16,245.5174
16,4096,256,18,234.0025
16,4096,256,20,229.6949
16,4096,256,22,255.7473
16,4096,256,24,247.0236
16,4096,256,26,249.3863
16,4096,256,28,270.7335
16,4096,256,30,245.7795
16,4096,256,32,250.6213
16,4096,256,34,244.0449
16,4096,256,36,253.7635
16,4096,256,38,262.5053
16,4096,256,40,263.5575
16,4096,256,42,253.064
16,4096,256,44,223.4496
16,4096,256,46,271.5137
16,4096,256,48,213.6623
16,4096,256,50,237.9443
16,4096,256,52,237.3172
16,4096,256,54,209.102
16,4096,256,56,162.3917
16,4096,256,58,160.0531
16,4096,256,60,156.174
16,4096,256,62,158.7332
16,4096,256,64,168.0868
16,4096,256,66,142.5207
16,4096,256,68,166.3487
16,4096,256,70,162.5546
16,4096,256,72,150.4838
16,4096,256,74,153.1135
16,4096,256,76,152.9385
16,4096,256,78,150.0195
16,4096,256,80,154.7718
16,4096,256,82,151.5746
16,4096,256,84,128.3118
16,4096,256,86,149.1838
16,4096,256,88,150.3989
16,4096,256,90,150.729
16,4096,256,92,143.847
16,4096,256,94,165.8864
16,4096,256,96,174.0114
16,4096,256,98,170.4179
16,4096,256,100,177.5456
16,4096,256,102,153.0426
16,4096,256,104,175.1848
16,4096,256,106,165.3288
16,4096,256,108,170.9571
16,4096,256,110,177.6358
16,4096,256,112,166.1644
16,4096,256,114,146.6034
16,4096,256,116,167.0187
16,4096,256,118,163.2472
16,4096,256,120,162.1594
16,4096,256,122,159.847
16,4096,256,124,160.619
16,4096,256,126,161.008
16,4096,256,128,163.683
16,4096,256,130,161.444
16,4096,256,132,162.5144
16,4096,256,134,164.909
16,4096,256,136,167.7966
16,4096,256,138,170.5779
16,4096,256,140,163.318
16,4096,256,142,151.5132
16,4096,256,144,159.093
16,4096,256,146,148.742
16,4096,256,148,149.7782
16,4096,256,150,150.7694
16,4096,256,152,148.1634
16,4096,256,154,152.6869
16,4096,256,156,158.0833
16,4096,256,158,152.0861
16,4096,256,160,135.686
16,4096,256,162,155.5923
16,4096,256,164,146.8694
16,4096,256,166,151.3281
16,4096,256,168,153.4381
16,4096,256,170,142.4456
16,4096,256,172,143.6629
16,4096,256,174,140.7219
16,4096,256,176,146.3682
16,4096,256,178,127.5906
16,4096,256,180,145.0143
16,4096,256,182,144.215
16,4096,256,184,147.9367
16,4096,256,186,138.0476
16,4096,256,188,136.1744
16,4096,256,190,150.6138
16,4096,256,192,153.2232
16,4096,256,194,148.1585
16,4096,256,196,132.9583
16,4096,256,198,149.0894
16,4096,256,200,143.5638
16,4096,256,202,146.4762
16,4096,256,204,149.5828
16,4096,256,206,144.9231
16,4096,256,208,149.438
16,4096,256,210,148.774
16,4096,256,212,129.1078
16,4096,256,214,149.0289
16,4096,256,216,126.8589
16,4096,256,218,123.0245
16,4096,256,220,125.3655
16,4096,256,222,135.4071
16,4096,256,224,129.1777
16,4096,256,226,119.7251
16,4096,256,228,131.3762
16,4096,256,230,116.7712
16,4096,256,232,130.8713
16,4096,256,234,126.3563
16,4096,256,236,117.252
16,4096,256,238,139.5963
16,4096,256,240,135.5501
16,4096,256,242,124.8567
16,4096,256,244,136.5354
16,4096,256,246,133.5277
16,4096,256,248,112.4567
16,4096,256,250,138.206
16,4096,256,252,145.8852
16,4096,256,254,125.3573
16,4096,258,2,71.3237
16,4096,258,4,112.1978
16,4096,258,6,158.0536
16,4096,258,8,189.2469
16,4096,258,10,211.5431
16,4096,258,12,224.5229
16,4096,258,14,214.4557
16,4096,258,16,248.9852
16,4096,258,18,261.4042
16,4096,258,20,249.7391
16,4096,258,22,261.1416
16,4096,258,24,263.4902
16,4096,258,26,239.0781
16,4096,258,28,266.5948
16,4096,258,30,238.3412
16,4096,258,32,277.4941
16,4096,258,34,239.0065
16,4096,258,36,253.2532
16,4096,258,38,260.7358
16,4096,258,40,242.8387
16,4096,258,42,245.8363
16,4096,258,44,262.8251
16,4096,258,46,268.1258
16,4096,258,48,230.1665
16,4096,258,50,230.3481
16,4096,258,52,244.8237
16,4096,258,54,206.4786
16,4096,258,56,219.8675
16,4096,258,58,214.6371
16,4096,258,60,206.6169
16,4096,258,62,182.6962
16,4096,258,64,184.0175
16,4096,258,66,205.0027
16,4096,258,68,217.5862
16,4096,258,70,177.5973
16,4096,258,72,191.8001
16,4096,258,74,211.9126
16,4096,258,76,170.7143
16,4096,258,78,192.015
16,4096,258,80,200.8141
16,4096,258,82,181.3992
16,4096,258,84,195.0314
16,4096,258,86,184.771
16,4096,258,88,188.4237
16,4096,258,90,200.7321
16,4096,258,92,192.9303
16,4096,258,94,188.3439
16,4096,258,96,181.5201
16,4096,258,98,176.8582
16,4096,258,100,151.9699
16,4096,258,102,192.9475
16,4096,258,104,152.7124
16,4096,258,106,193.4116
16,4096,258,108,177.9668
16,4096,258,110,179.4901
16,4096,258,112,175.977
16,4096,258,114,180.9932
16,4096,258,116,172.7516
16,4096,258,118,170.8898
16,4096,258,120,167.1737
16,4096,258,122,168.7041
16,4096,258,124,171.945
16,4096,258,126,165.5493
16,4096,258,128,170.2889
16,4096,258,130,175.8148
16,4096,258,132,154.4467
16,4096,258,134,185.2276
16,4096,258,136,159.4674
16,4096,258,138,175.3791
16,4096,258,140,170.4079
16,4096,258,142,157.0448
16,4096,258,144,175.6789
16,4096,258,146,176.7291
16,4096,258,148,180.4493
16,4096,258,150,151.5907
16,4096,258,152,167.9689
16,4096,258,154,178.3677
16,4096,258,156,156.7133
16,4096,258,158,180.5719
16,4096,258,160,176.1876
16,4096,258,162,165.3364
16,4096,258,164,171.9962
16,4096,258,166,175.0885
16,4096,258,168,168.4527
16,4096,258,170,148.5419
16,4096,258,172,164.435
16,4096,258,174,170.2232
16,4096,258,176,165.5172
16,4096,258,178,163.2425
16,4096,258,180,164.5974
16,4096,258,182,165.4704
16,4096,258,184,168.3544
16,4096,258,186,188.1945
16,4096,258,188,165.3406
16,4096,258,190,160.146
16,4096,258,192,187.2592
16,4096,258,194,150.6601
16,4096,258,196,171.9612
16,4096,258,198,177.0034
16,4096,258,200,172.6687
16,4096,258,202,163.7919
16,4096,258,204,170.8877
16,4096,258,206,161.0188
16,4096,258,208,175.3042
16,4096,258,210,177.5827
16,4096,258,212,157.5743
16,4096,258,214,168.6571
16,4096,258,216,162.7289
16,4096,258,218,161.1108
16,4096,258,220,164.3695
16,4096,258,222,166.6318
16,4096,258,224,166.8135
16,4096,258,226,167.0071
16,4096,258,228,132.5348
16,4096,258,230,152.4462
16,4096,258,232,166.167
16,4096,258,234,131.2882
16,4096,258,236,161.0371
16,4096,258,238,156.2108
16,4096,258,240,152.9986
16,4096,258,242,139.7614
16,4096,258,244,137.8059
16,4096,258,246,160.9955
16,4096,258,248,153.8031
16,4096,258,250,127.3586
16,4096,258,252,142.1989
16,4096,258,254,132.9718
16,4096,258,256,125.2039
16,4096,260,2,65.958
16,4096,260,4,109.3572
16,4096,260,6,140.2222
16,4096,260,8,212.588
16,4096,260,10,205.624
16,4096,260,12,214.4532
16,4096,260,14,238.9154
16,4096,260,16,241.4476
16,4096,260,18,254.3469
16,4096,260,20,262.9282
16,4096,260,22,250.607
16,4096,260,24,251.6642
16,4096,260,26,266.2938
16,4096,260,28,251.2628
16,4096,260,30,241.3465
16,4096,260,32,273.904
16,4096,260,34,245.3419
16,4096,260,36,241.1478
16,4096,260,38,271.7051
16,4096,260,40,258.5648
16,4096,260,42,257.641
16,4096,260,44,269.9584
16,4096,260,46,262.4359
16,4096,260,48,239.0547
16,4096,260,50,219.3487
16,4096,260,52,229.8961
16,4096,260,54,232.5049
16,4096,260,56,223.1863
16,4096,260,58,183.428
16,4096,260,60,197.4302
16,4096,260,62,203.6418
16,4096,260,64,182.8816
16,4096,260,66,183.1947
16,4096,260,68,201.2916
16,4096,260,70,203.7072
16,4096,260,72,175.6907
16,4096,260,74,184.3191
16,4096,260,76,210.7512
16,4096,260,78,173.2508
16,4096,260,80,201.3191
16,4096,260,82,165.7142
16,4096,260,84,182.5412
16,4096,260,86,172.3967
16,4096,260,88,190.5238
16,4096,260,90,189.6145
16,4096,260,92,197.5037
16,4096,260,94,165.6423
16,4096,260,96,185.2808
16,4096,260,98,186.2477
16,4096,260,100,155.3166
16,4096,260,102,181.0722
16,4096,260,104,156.8102
16,4096,260,106,181.2721
16,4096,260,108,193.7616
16,4096,260,110,168.1796
16,4096,260,112,182.9631
16,4096,260,114,157.1193
16,4096,260,116,147.9125
16,4096,260,118,174.6453
16,4096,260,120,163.5933
16,4096,260,122,168.4399
16,4096,260,124,178.8367
16,4096,260,126,170.8479
16,4096,260,128,164.9429
16,4096,260,130,176.9746
16,4096,260,132,174.4346
16,4096,260,134,155.5487
16,4096,260,136,179.3014
16,4096,260,138,181.5958
16,4096,260,140,159.0606
16,4096,260,142,177.3458
16,4096,260,144,178.1489
16,4096,260,146,165.8435
16,4096,260,148,181.8026
16,4096,260,150,183.3015
16,4096,260,152,165.1013
16,4096,260,154,179.1302
16,4096,260,156,183.3538
16,4096,260,158,171.7337
16,4096,260,160,169.8392
16,4096,260,162,174.7464
16,4096,260,164,170.1173
16,4096,260,166,166.3709
16,4096,260,168,183.0934
16,4096,260,170,177.1474
16,4096,260,172,173.9738
16,4096,260,174,149.1755
16,4096,260,176,167.5374
16,4096,260,178,172.3646
16,4096,260,180,141.761
16,4096,260,182,154.7771
16,4096,260,184,160.2595
16,4096,260,186,191.511
16,4096,260,188,163.1601
16,4096,260,190,179.1429
16,4096,260,192,166.6823
16,4096,260,194,174.0829
16,4096,260,196,181.0997
16,4096,260,198,168.1715
16,4096,260,200,174.0583
16,4096,260,202,160.6326
16,4096,260,204,156.0854
16,4096,260,206,183.3275
16,4096,260,208,163.9325
16,4096,260,210,147.3351
16,4096,260,212,176.9921
16,4096,260,214,167.0551
16,4096,260,216,164.4121
16,4096,260,218,142.6668
16,4096,260,220,163.7338
16,4096,260,222,166.6628
16,4096,260,224,161.1748
16,4096,260,226,165.9593
16,4096,260,228,142.0192
16,4096,260,230,159.9385
16,4096,260,232,162.1412
16,4096,260,234,140.0386
16,4096,260,236,154.4113
16,4096,260,238,151.2402
16,4096,260,240,153.1179
16,4096,260,242,144.1929
16,4096,260,244,139.6926
16,4096,260,246,156.5168
16,4096,260,248,151.9706
16,4096,260,250,131.6842
16,4096,260,252,147.5935
16,4096,260,254,131.5773
16,4096,260,256,136.3691
16,4096,260,258,152.8876
16,4096,262,2,68.1627
16,4096,262,4,115.0551
16,4096,262,6,143.4547
16,4096,262,8,212.3008
16,4096,262,10,216.3136
16,4096,262,12,205.1923
16,4096,262,14,238.1769
16,4096,262,16,240.9195
16,4096,262,18,234.0629
16,4096,262,20,255.3983
16,4096,262,22,260.7144
16,4096,262,24,267.4167
16,4096,262,26,256.2316
16,4096,262,28,256.0433
16,4096,262,30,266.4397
16,4096,262,32,241.0624
16,4096,262,34,260.827
16,4096,262,36,263.9055
16,4096,262,38,261.7803
16,4096,262,40,240.9066
16,4096,262,42,251.2748
16,4096,262,44,255.3907
16,4096,262,46,261.6507
16,4096,262,48,242.7601
16,4096,262,50,240.499
16,4096,262,52,232.1475
16,4096,262,54,247.1246
16,4096,262,56,218.2101
16,4096,262,58,196.7402
16,4096,262,60,212.223
16,4096,262,62,190.6563
16,4096,262,64,213.8856
16,4096,262,66,191.0191
16,4096,262,68,210.598
16,4096,262,70,216.4966
16,4096,262,72,217.8206
16,4096,262,74,189.4263
16,4096,262,76,201.1949
16,4096,262,78,174.0134
16,4096,262,80,199.5018
16,4096,262,82,195.5884
16,4096,262,84,169.2135
16,4096,262,86,167.3149
16,4096,262,88,202.6717
16,4096,262,90,197.2101
16,4096,262,92,197.0365
16,4096,262,94,170.6884
16,4096,262,96,188.0471
16,4096,262,98,187.683
16,4096,262,100,160.3432
16,4096,262,102,193.4866
16,4096,262,104,161.2991
16,4096,262,106,193.6276
16,4096,262,108,177.85
16,4096,262,110,181.2536
16,4096,262,112,174.4148
16,4096,262,114,156.9325
16,4096,262,116,169.7488
16,4096,262,118,178.5871
16,4096,262,120,173.3154
16,4096,262,122,183.7824
16,4096,262,124,165.7451
16,4096,262,126,171.4652
16,4096,262,128,176.7681
16,4096,262,130,171.2443
16,4096,262,132,176.6413
16,4096,262,134,188.2657
16,4096,262,136,182.1074
16,4096,262,138,163.894
16,4096,262,140,178.3145
16,4096,262,142,157.853
16,4096,262,144,176.8321
16,4096,262,146,163.5293
16,4096,262,148,185.0571
16,4096,262,150,191.3356
16,4096,262,152,165.3705
16,4096,262,154,157.2241
16,4096,262,156,175.5965
16,4096,262,158,180.8979
16,4096,262,160,166.03
16,4096,262,162,176.0687
16,4096,262,164,156.5329
16,4096,262,166,164.6203
16,4096,262,168,175.0165
16,4096,262,170,176.3175
16,4096,262,172,182.0804
16,4096,262,174,152.8238
16,4096,262,176,172.7407
16,4096,262,178,167.9411
16,4096,262,180,172.148
16,4096,262,182,153.0861
16,4096,262,184,164.7402
16,4096,262,186,180.2601
16,4096,262,188,162.4393
16,4096,262,190,189.5597
16,4096,262,192,176.7142
16,4096,262,194,184.3566
16,4096,262,196,157.9261
16,4096,262,198,173.2711
16,4096,262,200,176.2391
16,4096,262,202,184.6397
16,4096,262,204,176.9712
16,4096,262,206,160.6542
16,4096,262,208,178.6084
16,4096,262,210,172.3459
16,4096,262,212,154.5807
16,4096,262,214,166.5075
16,4096,262,216,169.0586
16,4096,262,218,178.2281
16,4096,262,220,165.2888
16,4096,262,222,177.1064
16,4096,262,224,160.8308
16,4096,262,226,161.604
16,4096,262,228,170.0187
16,4096,262,230,160.4726
16,4096,262,232,137.3678
16,4096,262,234,157.5926
16,4096,262,236,157.6107
16,4096,262,238,141.8017
16,4096,262,240,153.3465
16,4096,262,242,148.3242
16,4096,262,244,147.1251
16,4096,262,246,158.7735
16,4096,262,248,151.5517
16,4096,262,250,150.2942
16,4096,262,252,151.0891
16,4096,262,254,127.0456
16,4096,262,256,131.1169
16,4096,262,258,172.6109
16,4096,262,260,163.6947
16,4096,264,2,73.2472
16,4096,264,4,113.9831
16,4096,264,6,146.6875
16,4096,264,8,210.5588
16,4096,264,10,210.1405
16,4096,264,12,203.5553
16,4096,264,14,236.7847
16,4096,264,16,256.5611
16,4096,264,18,234.8594
16,4096,264,20,251.2264
16,4096,264,22,276.6387
16,4096,264,24,280.2505
16,4096,264,26,239.8808
16,4096,264,28,257.4545
16,4096,264,30,275.2456
16,4096,264,32,241.0656
16,4096,264,34,259.3101
16,4096,264,36,273.5854
16,4096,264,38,266.9655
16,4096,264,40,244.6285
16,4096,264,42,269.1066
16,4096,264,44,268.575
16,4096,264,46,263.8997
16,4096,264,48,248.4343
16,4096,264,50,247.0433
16,4096,264,52,200.6871
16,4096,264,54,229.0448
16,4096,264,56,225.4915
16,4096,264,58,180.4564
16,4096,264,60,201.4616
16,4096,264,62,215.5013
16,4096,264,64,177.2159
16,4096,264,66,194.9567
16,4096,264,68,206.6901
16,4096,264,70,209.6893
16,4096,264,72,181.6044
16,4096,264,74,194.3101
16,4096,264,76,203.8797
16,4096,264,78,184.2821
16,4096,264,80,201.1907
16,4096,264,82,196.4224
16,4096,264,84,199.3072
16,4096,264,86,195.3787
16,4096,264,88,168.7002
16,4096,264,90,201.6225
16,4096,264,92,196.008
16,4096,264,94,193.0354
16,4096,264,96,193.2238
16,4096,264,98,163.0479
16,4096,264,100,190.383
16,4096,264,102,163.7875
16,4096,264,104,186.9355
16,4096,264,106,193.2951
16,4096,264,108,187.0871
16,4096,264,110,188.701
16,4096,264,112,187.2604
16,4096,264,114,179.8013
16,4096,264,116,166.7191
16,4096,264,118,155.2427
16,4096,264,120,178.9296
16,4096,264,122,181.5875
16,4096,264,124,153.9875
16,4096,264,126,178.9314
16,4096,264,128,175.5731
16,4096,264,130,178.521
16,4096,264,132,182.741
16,4096,264,134,158.0879
16,4096,264,136,178.3973
16,4096,264,138,180.7857
16,4096,264,140,157.7699
16,4096,264,142,184.9708
16,4096,264,144,185.2661
16,4096,264,146,182.7906
16,4096,264,148,180.5366
16,4096,264,150,191.7046
16,4096,264,152,184.988
16,4096,264,154,175.5643
16,4096,264,156,176.5287
16,4096,264,158,154.5178
16,4096,264,160,188.1146
16,4096,264,162,161.6864
16,4096,264,164,174.3529
16,4096,264,166,177.6238
16,4096,264,168,173.2296
16,4096,264,170,182.7118
16,4096,264,172,150.6173
16,4096,264,174,171.9258
16,4096,264,176,168.4927
16,4096,264,178,140.4969
16,4096,264,180,166.9396
16,4096,264,182,170.0822
16,4096,264,184,170.2736
16,4096,264,186,170.6481
16,4096,264,188,170.9614
16,4096,264,190,188.7661
16,4096,264,192,154.2621
16,4096,264,194,178.9616
16,4096,264,196,186.4774
16,4096,264,198,180.0923
16,4096,264,200,173.8994
16,4096,264,202,174.2563
16,4096,264,204,180.66
16,4096,264,206,178.7889
16,4096,264,208,179.1945
16,4096,264,210,177.5127
16,4096,264,212,153.2279
16,4096,264,214,166.4669
16,4096,264,216,164.4181
16,4096,264,218,164.2426
16,4096,264,220,169.6755
16,4096,264,222,167.3448
16,4096,264,224,150.4865
16,4096,264,226,167.0081
16,4096,264,228,166.8345
16,4096,264,230,135.9258
16,4096,264,232,158.2075
16,4096,264,234,157.8808
16,4096,264,236,131.4501
16,4096,264,238,158.5919
16,4096,264,240,157.4595
16,4096,264,242,127.2143
16,4096,264,244,143.4717
16,4096,264,246,157.7159
16,4096,264,248,148.3023
16,4096,264,250,144.9091
16,4096,264,252,145.9096
16,4096,264,254,132.3113
16,4096,264,256,135.0248
16,4096,264,258,173.6434
16,4096,264,260,158.3155
16,4096,264,262,172.3267
16,4096,266,2,70.8694
16,4096,266,4,119.3817
16,4096,266,6,151.2915
16,4096,266,8,199.5156
16,4096,266,10,205.8821
16,4096,266,12,249.2392
16,4096,266,14,209.0258
16,4096,266,16,240.7757
16,4096,266,18,251.4756
16,4096,266,20,273.5067
16,4096,266,22,232.3261
16,4096,266,24,260.7635
16,4096,266,26,263.5958
16,4096,266,28,235.5666
16,4096,266,30,239.3303
16,4096,266,32,271.5649
16,4096,266,34,237.8582
16,4096,266,36,269.2731
16,4096,266,38,265.5722
16,4096,266,40,275.6808
16,4096,266,42,262.0373
16,4096,266,44,263.7424
16,4096,266,46,262.6199
16,4096,266,48,199.9491
16,4096,266,50,250.9176
16,4096,266,52,228.5688
16,4096,266,54,231.6389
16,4096,266,56,217.1866
16,4096,266,58,218.1357
16,4096,266,60,207.7834
16,4096,266,62,182.9305
16,4096,266,64,198.2639
16,4096,266,66,200.0024
16,4096,266,68,196.614
16,4096,266,70,185.7697
16,4096,266,72,210.0184
16,4096,266,74,170.4603
16,4096,266,76,201.7876
16,4096,266,78,169.2038
16,4096,266,80,211.4958
16,4096,266,82,162.5536
16,4096,266,84,193.8442
16,4096,266,86,188.2578
16,4096,266,88,196.6084
16,4096,266,90,189.843
16,4096,266,92,194.3253
16,4096,266,94,188.53
16,4096,266,96,178.6404
16,4096,266,98,164.7132
16,4096,266,100,181.9486
16,4096,266,102,196.4581
16,4096,266,104,192.9742
16,4096,266,106,193.8782
16,4096,266,108,188.2801
16,4096,266,110,186.709
16,4096,266,112,146.0249
16,4096,266,114,194.0755
16,4096,266,116,156.2428
16,4096,266,118,176.5491
16,4096,266,120,156.6929
16,4096,266,122,176.4545
16,4096,266,124,175.8728
16,4096,266,126,165.1662
16,4096,266,128,180.1961
16,4096,266,130,169.1555
16,4096,266,132,163.6991
16,4096,266,134,181.9555
16,4096,266,136,178.9353
16,4096,266,138,173.0372
16,4096,266,140,188.953
16,4096,266,142,187.5847
16,4096,266,144,190.8661
16,4096,266,146,190.6788
16,4096,266,148,183.7237
16,4096,266,150,181.476
16,4096,266,152,180.3622
16,4096,266,154,161.4283
16,4096,266,156,188.1548
16,4096,266,158,163.9465
16,4096,266,160,175.6729
16,4096,266,162,182.2995
16,4096,266,164,158.0935
16,4096,266,166,173.0673
16,4096,266,168,175.7632
16,4096,266,170,168.1638
16,4096,266,172,177.0489
16,4096,266,174,156.4115
16,4096,266,176,174.3193
16,4096,266,178,167.3939
16,4096,266,180,165.6205
16,4096,266,182,165.6308
16,4096,266,184,156.7643
16,4096,266,186,186.9611
16,4096,266,188,170.4051
16,4096,266,190,184.7944
16,4096,266,192,156.4024
16,4096,266,194,181.6019
16,4096,266,196,185.1934
16,4096,266,198,157.8506
16,4096,266,200,177.0197
16,4096,266,202,159.3371
16,4096,266,204,185.2659
16,4096,266,206,173.659
16,4096,266,208,174.8686
16,4096,266,210,170.3225
16,4096,266,212,167.5207
16,4096,266,214,158.8507
16,4096,266,216,172.2843
16,4096,266,218,178.2049
16,4096,266,220,167.9008
16,4096,266,222,150.8142
16,4096,266,224,164.723
16,4096,266,226,164.147
16,4096,266,228,155.1543
16,4096,266,230,158.2695
16,4096,266,232,163.5234
16,4096,266,234,155.4972
16,4096,266,236,161.7259
16,4096,266,238,137.413
16,4096,266,240,148.1919
16,4096,266,242,157.8697
16,4096,266,244,161.5325
16,4096,266,246,153.2427
16,4096,266,248,159.7151
16,4096,266,250,146.4737
16,4096,266,252,153.2209
16,4096,266,254,143.1769
16,4096,266,256,125.4947
16,4096,266,258,167.9723
16,4096,266,260,172.9875
16,4096,266,262,153.7656
16,4096,266,264,170.9622
16,4096,268,2,63.9684
16,4096,268,4,118.4123
16,4096,268,6,156.9788
16,4096,268,8,184.9022
16,4096,268,10,202.049
16,4096,268,12,236.4356
16,4096,268,14,241.6867
16,4096,268,16,252.5847
16,4096,268,18,242.2721
16,4096,268,20,261.8615
16,4096,268,22,233.8629
16,4096,268,24,276.1116
16,4096,268,26,233.9495
16,4096,268,28,211.3065
16,4096,268,30,238.4142
16,4096,268,32,279.5166
16,4096,268,34,240.4952
16,4096,268,36,260.6114
16,4096,268,38,265.4227
16,4096,268,40,241.8831
16,4096,268,42,264.9224
16,4096,268,44,267.7224
16,4096,268,46,245.6944
16,4096,268,48,248.0307
16,4096,268,50,240.4375
16,4096,268,52,237.6044
16,4096,268,54,229.6872
16,4096,268,56,193.5778
16,4096,268,58,202.4383
16,4096,268,60,215.6848
16,4096,268,62,210.9304
16,4096,268,64,172.3649
16,4096,268,66,204.07
16,4096,268,68,209.0862
16,4096,268,70,202.7009
16,4096,268,72,200.012
16,4096,268,74,190.5387
16,4096,268,76,208.2974
16,4096,268,78,172.8346
16,4096,268,80,205.5204
16,4096,268,82,191.754
16,4096,268,84,193.8288
16,4096,268,86,167.2561
16,4096,268,88,171.5238
16,4096,268,90,192.4518
16,4096,268,92,162.5599
16,4096,268,94,190.5678
16,4096,268,96,189.1859
16,4096,268,98,197.8453
16,4096,268,100,188.2163
16,4096,268,102,187.6507
16,4096,268,104,183.711
16,4096,268,106,152.7993
16,4096,268,108,196.258
16,4096,268,110,176.2178
16,4096,268,112,180.0421
16,4096,268,114,152.0934
16,4096,268,116,188.2802
16,4096,268,118,151.0898
16,4096,268,120,181.8096
16,4096,268,122,179.4679
16,4096,268,124,157.492
16,4096,268,126,175.0285
16,4096,268,128,171.2126
16,4096,268,130,171.5563
16,4096,268,132,171.0294
16,4096,268,134,176.9772
16,4096,268,136,159.8771
16,4096,268,138,176.2301
16,4096,268,140,182.6169
16,4096,268,142,180.8064
16,4096,268,144,154.3388
16,4096,268,146,183.3245
16,4096,268,148,185.3876
16,4096,268,150,149.7849
16,4096,268,152,182.2019
16,4096,268,154,172.1819
16,4096,268,156,179.2879
16,4096,268,158,174.7208
16,4096,268,160,182.6565
16,4096,268,162,163.1405
16,4096,268,164,150.0641
16,4096,268,166,171.5556
16,4096,268,168,177.011
16,4096,268,170,176.8003
16,4096,268,172,170.892
16,4096,268,174,171.4516
16,4096,268,176,172.4185
16,4096,268,178,160.3671
16,4096,268,180,167.6046
16,4096,268,182,166.2949
16,4096,268,184,143.2256
16,4096,268,186,181.5916
16,4096,268,188,163.9685
16,4096,268,190,169.568
16,4096,268,192,176.9416
16,4096,268,194,186.3258
16,4096,268,196,160.4878
16,4096,268,198,176.4368
16,4096,268,200,178.5398
16,4096,268,202,174.4679
16,4096,268,204,177.2799
16,4096,268,206,146.6796
16,4096,268,208,172.6633
16,4096,268,210,180.716
16,4096,268,212,153.3876
16,4096,268,214,167.2595
16,4096,268,216,152.7962
16,4096,268,218,168.5462
16,4096,268,220,167.865
16,4096,268,222,165.5879
16,4096,268,224,137.5446
16,4096,268,226,170.166
16,4096,268,228,166.1528
16,4096,268,230,146.0863
16,4096,268,232,165.8202
16,4096,268,234,137.9419
16,4096,268,236,159.0254
16,4096,268,238,153.8367
16,4096,268,240,154.995
16,4096,268,242,143.5418
16,4096,268,244,158.7356
16,4096,268,246,160.1947
16,4096,268,248,134.4334
16,4096,268,250,151.0268
16,4096,268,252,149.8454
16,4096,268,254,140.831
16,4096,268,256,140.2659
16,4096,268,258,163.4847
16,4096,268,260,174.9419
16,4096,268,262,175.5367
16,4096,268,264,140.9393
16,4096,268,266,157.6257
16,4096,270,2,66.0483
16,4096,270,4,120.3424
16,4096,270,6,157.3657
16,4096,270,8,197.3706
16,4096,270,10,207.3029
16,4096,270,12,221.9478
16,4096,270,14,247.5513
16,4096,270,16,237.411
16,4096,270,18,252.744
16,4096,270,20,242.5485
16,4096,270,22,260.1634
16,4096,270,24,240.8903
16,4096,270,26,265.0753
16,4096,270,28,259.7317
16,4096,270,30,255.7536
16,4096,270,32,245.8967
16,4096,270,34,230.0773
16,4096,270,36,269.3811
16,4096,270,38,246.2786
16,4096,270,40,276.166
16,4096,270,42,229.8707
16,4096,270,44,264.6802
16,4096,270,46,264.4549
16,4096,270,48,214.6414
16,4096,270,50,230.6758
16,4096,270,52,236.3282
16,4096,270,54,216.7042
16,4096,270,56,209.494
16,4096,270,58,211.3828
16,4096,270,60,188.0065
16,4096,270,62,213.7589
16,4096,270,64,209.886
16,4096,270,66,183.1254
16,4096,270,68,187.87
16,4096,270,70,208.0558
16,4096,270,72,204.0172
16,4096,270,74,200.6086
16,4096,270,76,207.056
16,4096,270,78,174.922
16,4096,270,80,198.9474
16,4096,270,82,198.8073
16,4096,270,84,152.9366
16,4096,270,86,185.7829
16,4096,270,88,159.9014
16,4096,270,90,204.3773
16,4096,270,92,201.6928
16,4096,270,94,183.4465
16,4096,270,96,192.4687
16,4096,270,98,175.4003
16,4096,270,100,177.0095
16,4096,270,102,183.0182
16,4096,270,104,166.1472
16,4096,270,106,169.5807
16,4096,270,108,186.6005
16,4096,270,110,160.3848
16,4096,270,112,184.4084
16,4096,270,114,167.4135
16,4096,270,116,179.8628
16,4096,270,118,154.2139
16,4096,270,120,178.5288
16,4096,270,122,158.4372
16,4096,270,124,179.2844
16,4096,270,126,179.6942
16,4096,270,128,167.3464
16,4096,270,130,175.3876
16,4096,270,132,166.1688
16,4096,270,134,162.645
16,4096,270,136,177.0831
16,4096,270,138,177.4679
16,4096,270,140,176.5354
16,4096,270,142,183.6513
16,4096,270,144,163.4612
16,4096,270,146,172.4373
16,4096,270,148,161.4576
16,4096,270,150,161.5516
16,4096,270,152,178.0149
16,4096,270,154,178.6085
16,4096,270,156,157.3243
16,4096,270,158,181.5421
16,4096,270,160,179.3436
16,4096,270,162,159.7817
16,4096,270,164,177.9429
16,4096,270,166,157.3646
16,4096,270,168,176.2358
16,4096,270,170,158.498
16,4096,270,172,170.8652
16,4096,270,174,172.4971
16,4096,270,176,145.1777
16,4096,270,178,173.4199
16,4096,270,180,170.2781
16,4096,270,182,171.0814
16,4096,270,184,151.8926
16,4096,270,186,190.791
16,4096,270,188,169.6095
16,4096,270,190,178.0553
16,4096,270,192,179.1141
16,4096,270,194,175.4754
16,4096,270,196,174.887
16,4096,270,198,184.562
16,4096,270,200,156.0114
16,4096,270,202,172.84
16,4096,270,204,180.6674
16,4096,270,206,172.6347
16,4096,270,208,172.1895
16,4096,270,210,163.7426
16,4096,270,212,171.4778
16,4096,270,214,146.0096
16,4096,270,216,171.893
16,4096,270,218,169.1386
16,4096,270,220,169.4453
16,4096,270,222,172.6532
16,4096,270,224,147.8976
16,4096,270,226,168.7019
16,4096,270,228,165.7563
16,4096,270,230,157.521
16,4096,270,232,161.9433
16,4096,270,234,164.8
16,4096,270,236,140.1815
16,4096,270,238,162.1554
16,4096,270,240,139.0744
16,4096,270,242,158.1975
16,4096,270,244,157.9117
16,4096,270,246,144.8027
16,4096,270,248,157.4484
16,4096,270,250,147.5594
16,4096,270,252,130.1908
16,4096,270,254,137.5977
16,4096,270,256,139.9841
16,4096,270,258,146.4878
16,4096,270,260,173.6714
16,4096,270,262,173.0014
16,4096,270,264,164.1911
16,4096,270,266,159.3229
16,4096,270,268,156.7629
16,4096,272,2,63.2489
16,4096,272,4,112.8198
16,4096,272,6,145.4451
16,4096,272,8,201.5681
16,4096,272,10,211.2496
16,4096,272,12,205.8162
16,4096,272,14,237.5829
16,4096,272,16,254.5121
16,4096,272,18,218.7092
16,4096,272,20,258.403
16,4096,272,22,257.2303
16,4096,272,24,260.3564
16,4096,272,26,245.8151
16,4096,272,28,270.4711
16,4096,272,30,238.1466
16,4096,272,32,255.384
16,4096,272,34,242.3125
16,4096,272,36,242.7738
16,4096,272,38,278.3363
16,4096,272,40,273.2337
16,4096,272,42,219.0526
16,4096,272,44,277.7869
16,4096,272,46,255.7399
16,4096,272,48,207.7016
16,4096,272,50,224.1704
16,4096,272,52,245.6031
16,4096,272,54,207.5173
16,4096,272,56,204.9099
16,4096,272,58,218.5308
16,4096,272,60,211.0102
16,4096,272,62,197.8965
16,4096,272,64,200.3929
16,4096,272,66,185.2403
16,4096,272,68,207.0375
16,4096,272,70,202.2461
16,4096,272,72,191.5837
16,4096,272,74,171.046
16,4096,272,76,195.7546
16,4096,272,78,201.0363
16,4096,272,80,182.9354
16,4096,272,82,191.0047
16,4096,272,84,194.714
16,4096,272,86,165.557
16,4096,272,88,187.7319
16,4096,272,90,168.1157
16,4096,272,92,189.1542
16,4096,272,94,174.3676
16,4096,272,96,186.1321
16,4096,272,98,152.6929
16,4096,272,100,167.0796
16,4096,272,102,177.8487
16,4096,272,104,184.7642
16,4096,272,106,155.2293
16,4096,272,108,179.9787
16,4096,272,110,183.2244
16,4096,272,112,160.839
16,4096,272,114,160.4722
16,4096,272,116,157.914
16,4096,272,118,176.412
16,4096,272,120,161.3802
16,4096,272,122,173.8912
16,4096,272,124,172.091
16,4096,272,126,172.2238
16,4096,272,128,158.32
16,4096,272,130,169.1055
16,4096,272,132,167.914
16,4096,272,134,168.4573
16,4096,272,136,176.5638
16,4096,272,138,178.323
16,4096,272,140,175.0866
16,4096,272,142,169.5581
16,4096,272,144,182.7888
16,4096,272,146,174.1854
16,4096,272,148,176.9942
16,4096,272,150,154.1474
16,4096,272,152,183.1579
16,4096,272,154,160.886
16,4096,272,156,175.0867
16,4096,272,158,162.4802
16,4096,272,160,171.4679
16,4096,272,162,173.7812
16,4096,272,164,172.5966
16,4096,272,166,146.8391
16,4096,272,168,179.707
16,4096,272,170,174.082
16,4096,272,172,173.3368
16,4096,272,174,172.8133
16,4096,272,176,147.3557
16,4096,272,178,153.5655
16,4096,272,180,175.1083
16,4096,272,182,168.269
16,4096,272,184,172.1762
16,4096,272,186,160.208
16,4096,272,188,164.4597
16,4096,272,190,179.0098
16,4096,272,192,159.2991
16,4096,272,194,176.6622
16,4096,272,196,178.743
16,4096,272,198,174.9263
16,4096,272,200,181.9004
16,4096,272,202,164.1837
16,4096,272,204,147.3919
16,4096,272,206,167.4256
16,4096,272,208,177.0665
16,4096,272,210,162.5876
16,4096,272,212,169.909
16,4096,272,214,165.8966
16,4096,272,216,150.6954
16,4096,272,218,163.416
16,4096,272,220,167.7286
16,4096,272,222,139.095
16,4096,272,224,162.6109
16,4096,272,226,160.5229
16,4096,272,228,164.1558
16,4096,272,230,165.1026
16,4096,272,232,155.722
16,4096,272,234,143.8959
16,4096,272,236,157.4865
16,4096,272,238,157.1481
16,4096,272,240,157.6171
16,4096,272,242,146.9694
16,4096,272,244,149.46
16,4096,272,246,158.1066
16,4096,272,248,130.9613
16,4096,272,250,149.358
16,4096,272,252,142.0379
16,4096,272,254,137.0983
16,4096,272,256,135.3738
16,4096,272,258,138.7668
16,4096,272,260,158.1532
16,4096,272,262,157.7938
16,4096,272,264,151.1503
16,4096,272,266,148.3768
16,4096,272,268,149.634
16,4096,272,270,137.7403
16,4096,274,2,68.0613
16,4096,274,4,115.1969
16,4096,274,6,151.2514
16,4096,274,8,205.5826
16,4096,274,10,199.3557
16,4096,274,12,247.2882
16,4096,274,14,214.467
16,4096,274,16,247.042
16,4096,274,18,242.0613
16,4096,274,20,255.0372
16,4096,274,22,252.852
16,4096,274,24,265.6569
16,4096,274,26,234.9406
16,4096,274,28,272.7273
16,4096,274,30,227.2092
16,4096,274,32,279.6993
16,4096,274,34,260.8949
16,4096,274,36,263.3044
16,4096,274,38,240.0388
16,4096,274,40,264.8564
16,4096,274,42,234.4585
16,4096,274,44,277.9164
16,4096,274,46,256.0963
16,4096,274,48,215.6983
16,4096,274,50,240.1155
16,4096,274,52,240.8807
16,4096,274,54,200.2911
16,4096,274,56,200.0712
16,4096,274,58,209.9609
16,4096,274,60,209.3142
16,4096,274,62,177.5916
16,4096,274,64,204.729
16,4096,274,66,194.4149
16,4096,274,68,199.8459
16,4096,274,70,196.8716
16,4096,274,72,196.7115
16,4096,274,74,206.6101
16,4096,274,76,177.7801
16,4096,274,78,198.972
16,4096,274,80,187.6221
16,4096,274,82,190.2888
16,4096,274,84,168.3816
16,4096,274,86,179.0447
16,4096,274,88,170.277
16,4096,274,90,186.0708
16,4096,274,92,151.1462
16,4096,274,94,194.2836
16,4096,274,96,178.5728
16,4096,274,98,183.8302
16,4096,274,100,164.9693
16,4096,274,102,183.1969
16,4096,274,104,176.0634
16,4096,274,106,169.166
16,4096,274,108,174.0658
16,4096,274,110,182.3289
16,4096,274,112,169.1364
16,4096,274,114,180.9157
16,4096,274,116,183.5934
16,4096,274,118,164.646
16,4096,274,120,151.0833
16,4096,274,122,170.3779
16,4096,274,124,153.3012
16,4096,274,126,158.1697
16,4096,274,128,170.9554
16,4096,274,130,168.7361
16,4096,274,132,149.4583
16,4096,274,134,167.1549
16,4096,274,136,174.949
16,4096,274,138,188.6103
16,4096,274,140,179.4767
16,4096,274,142,151.7016
16,4096,274,144,169.5317
16,4096,274,146,179.693
16,4096,274,148,180.9258
16,4096,274,150,164.5676
16,4096,274,152,179.8252
16,4096,274,154,162.1954
16,4096,274,156,185.8064
16,4096,274,158,162.1985
16,4096,274,160,153.9095
16,4096,274,162,174.0562
16,4096,274,164,148.0129
16,4096,274,166,170.1519
16,4096,274,168,169.1747
16,4096,274,170,168.9812
16,4096,274,172,170.0316
16,4096,274,174,180.3105
16,4096,274,176,155.9639
16,4096,274,178,163.2136
16,4096,274,180,158.0719
16,4096,274,182,166.8258
16,4096,274,184,152.94
16,4096,274,186,176.6991
16,4096,274,188,172.354
16,4096,274,190,161.4016
16,4096,274,192,185.7108
16,4096,274,194,173.4289
16,4096,274,196,165.6104
16,4096,274,198,178.7266
16,4096,274,200,172.6738
16,4096,274,202,184.5809
16,4096,274,204,155.5387
16,4096,274,206,176.3082
16,4096,274,208,168.3781
16,4096,274,210,165.2523
16,4096,274,212,140.9879
16,4096,274,214,165.7385
16,4096,274,216,168.9089
16,4096,274,218,150.8224
16,4096,274,220,162.5492
16,4096,274,222,148.3618
16,4096,274,224,168.2942
16,4096,274,226,158.5381
16,4096,274,228,157.9465
16,4096,274,230,133.8584
16,4096,274,232,164.5839
16,4096,274,234,157.8108
16,4096,274,236,163.5167
16,4096,274,238,157.1442
16,4096,274,240,138.2125
16,4096,274,242,164.4376
16,4096,274,244,148.4492
16,4096,274,246,156.7461
16,4096,274,248,160.3779
16,4096,274,250,148.6925
16,4096,274,252,148.3527
16,4096,274,254,131.5929
16,4096,274,256,134.1705
16,4096,274,258,157.9741
16,4096,274,260,154.0311
16,4096,274,262,162.2966
16,4096,274,264,133.652
16,4096,274,266,142.1074
16,4096,274,268,150.5273
16,4096,274,270,127.1953
16,4096,274,272,145.8009
16,4096,276,2,67.8023
16,4096,276,4,111.0749
16,4096,276,6,158.3574
16,4096,276,8,194.5572
16,4096,276,10,186.3602
16,4096,276,12,227.1849
16,4096,276,14,210.9525
16,4096,276,16,253.0064
16,4096,276,18,230.2165
16,4096,276,20,254.6391
16,4096,276,22,259.4784
16,4096,276,24,236.7202
16,4096,276,26,266.0262
16,4096,276,28,266.3326
16,4096,276,30,264.063
16,4096,276,32,249.9133
16,4096,276,34,214.5209
16,4096,276,36,259.8611
16,4096,276,38,232.6093
16,4096,276,40,271.4065
16,4096,276,42,234.5636
16,4096,276,44,265.6913
16,4096,276,46,255.9715
16,4096,276,48,214.6175
16,4096,276,50,227.8266
16,4096,276,52,241.2467
16,4096,276,54,222.6274
16,4096,276,56,211.1794
16,4096,276,58,212.7332
16,4096,276,60,182.8981
16,4096,276,62,208.2546
16,4096,276,64,201.3324
16,4096,276,66,169.5344
16,4096,276,68,193.8567
16,4096,276,70,189.9938
16,4096,276,72,198.2631
16,4096,276,74,198.1842
16,4096,276,76,196.4941
16,4096,276,78,174.4463
16,4096,276,80,189.6797
16,4096,276,82,200.9399
16,4096,276,84,167.1305
16,4096,276,86,191.0011
16,4096,276,88,161.3243
16,4096,276,90,181.2476
16,4096,276,92,188.3976
16,4096,276,94,182.4972
16,4096,276,96,192.733
16,4096,276,98,172.703
16,4096,276,100,180.4206
16,4096,276,102,153.2836
16,4096,276,104,180.7447
16,4096,276,106,178.6718
16,4096,276,108,168.9432
16,4096,276,110,180.9685
16,4096,276,112,179.2893
16,4096,276,114,173.9052
16,4096,276,116,172.5365
16,4096,276,118,172.0697
16,4096,276,120,177.382
16,4096,276,122,153.8248
16,4096,276,124,173.6663
16,4096,276,126,171.1774
16,4096,276,128,170.087
16,4096,276,130,161.0734
16,4096,276,132,166.9246
16,4096,276,134,165.4965
16,4096,276,136,157.6851
16,4096,276,138,147.7758
16,4096,276,140,170.1729
16,4096,276,142,152.8538
16,4096,276,144,174.1999
16,4096,276,146,177.8274
16,4096,276,148,153.4739
16,4096,276,150,177.3713
16,4096,276,152,177.3061
16,4096,276,154,174.2008
16,4096,276,156,159.2464
16,4096,276,158,178.8677
16,4096,276,160,180.128
16,4096,276,162,173.5157
16,4096,276,164,171.9725
16,4096,276,166,174.9504
16,4096,276,168,156.1382
16,4096,276,170,173.3464
16,4096,276,172,167.3912
16,4096,276,174,148.2608
16,4096,276,176,166.9017
16,4096,276,178,169.0911
16,4096,276,180,144.3021
16,4096,276,182,170.4399
16,4096,276,184,169.9979
16,4096,276,186,177.399
16,4096,276,188,156.8916
16,4096,276,190,183.1071
16,4096,276,192,171.2231
16,4096,276,194,168.4988
16,4096,276,196,171.7579
16,4096,276,198,179.5036
16,4096,276,200,157.2187
16,4096,276,202,163.9813
16,4096,276,204,180.8321
16,4096,276,206,169.9267
16,4096,276,208,169.2555
16,4096,276,210,174.0934
16,4096,276,212,167.0298
16,4096,276,214,144.8245
16,4096,276,216,160.0445
16,4096,276,218,163.658
16,4096,276,220,163.5132
16,4096,276,222,166.4899
16,4096,276,224,162.5197
16,4096,276,226,153.2337
16,4096,276,228,161.3625
16,4096,276,230,167.3199
16,4096,276,232,153.6048
16,4096,276,234,159.133
16,4096,276,236,159.7074
16,4096,276,238,158.699
16,4096,276,240,154.0789
16,4096,276,242,156.1874
16,4096,276,244,149.8645
16,4096,276,246,155.9815
16,4096,276,248,146.5365
16,4096,276,250,129.0647
16,4096,276,252,152.8247
16,4096,276,254,142.1761
16,4096,276,256,136.4803
16,4096,276,258,158.3613
16,4096,276,260,135.5195
16,4096,276,262,149.2983
16,4096,276,264,153.9859
16,4096,276,266,146.2537
16,4096,276,268,144.2526
16,4096,276,270,128.5309
16,4096,276,272,147.1798
16,4096,276,274,153.981
16,4096,278,2,72.6336
16,4096,278,4,115.176
16,4096,278,6,152.5881
16,4096,278,8,198.3815
16,4096,278,10,162.4652
16,4096,278,12,230.4921
16,4096,278,14,246.7425
16,4096,278,16,255.6188
16,4096,278,18,241.502
16,4096,278,20,264.825
16,4096,278,22,247.7288
16,4096,278,24,266.4931
16,4096,278,26,249.9139
16,4096,278,28,265.2243
16,4096,278,30,258.4367
16,4096,278,32,250.4364
16,4096,278,34,230.0172
16,4096,278,36,271.593
16,4096,278,38,237.035
16,4096,278,40,273.8602
16,4096,278,42,259.5914
16,4096,278,44,270.493
16,4096,278,46,227.6883
16,4096,278,48,235.1382
16,4096,278,50,213.4623
16,4096,278,52,236.5806
16,4096,278,54,244.5829
16,4096,278,56,208.1936
16,4096,278,58,198.5027
16,4096,278,60,211.1067
16,4096,278,62,202.5914
16,4096,278,64,201.0157
16,4096,278,66,176.0247
16,4096,278,68,197.2273
16,4096,278,70,189.437
16,4096,278,72,186.9356
16,4096,278,74,190.164
16,4096,278,76,196.5563
16,4096,278,78,165.0509
16,4096,278,80,191.5587
16,4096,278,82,184.3682
16,4096,278,84,196.9267
16,4096,278,86,195.1496
16,4096,278,88,190.2589
16,4096,278,90,170.379
16,4096,278,92,173.6407
16,4096,278,94,192.7251
16,4096,278,96,169.2956
16,4096,278,98,181.2934
16,4096,278,100,164.0544
16,4096,278,102,181.1283
16,4096,278,104,168.2485
16,4096,278,106,177.3083
16,4096,278,108,178.0897
16,4096,278,110,180.0738
16,4096,278,112,158.4796
16,4096,278,114,187.5514
16,4096,278,116,156.7852
16,4096,278,118,155.4984
16,4096,278,120,179.8664
16,4096,278,122,174.7461
16,4096,278,124,178.4995
16,4096,278,126,168.056
16,4096,278,128,167.6481
16,4096,278,130,175.9826
16,4096,278,132,155.2338
16,4096,278,134,164.5114
16,4096,278,136,163.3459
16,4096,278,138,161.0262
16,4096,278,140,181.3561
16,4096,278,142,166.5135
16,4096,278,144,176.0932
16,4096,278,146,183.8476
16,4096,278,148,181.8249
16,4096,278,150,153.3173
16,4096,278,152,167.7948
16,4096,278,154,177.6701
16,4096,278,156,185.616
16,4096,278,158,150.634
16,4096,278,160,177.4511
16,4096,278,162,160.6585
16,4096,278,164,179.4564
16,4096,278,166,172.0633
16,4096,278,168,180.9479
16,4096,278,170,164.4096
16,4096,278,172,172.4265
16,4096,278,174,167.8497
16,4096,278,176,168.8982
16,4096,278,178,148.265
16,4096,278,180,168.3904
16,4096,278,182,165.5977
16,4096,278,184,168.0819
16,4096,278,186,157.741
16,4096,278,188,170.7438
16,4096,278,190,176.0356
16,4096,278,192,183.7919
16,4096,278,194,164.4301
16,4096,278,196,151.8489
16,4096,278,198,180.0291
16,4096,278,200,174.1398
16,4096,278,202,156.8773
16,4096,278,204,152.5651
16,4096,278,206,174.0397
16,4096,278,208,158.0281
16,4096,278,210,161.5117
16,4096,278,212,173.6908
16,4096,278,214,163.5624
16,4096,278,216,161.8648
16,4096,278,218,170.1598
16,4096,278,220,165.8268
16,4096,278,222,171.8148
16,4096,278,224,153.9848
16,4096,278,226,161.3534
16,4096,278,228,163.1243
16,4096,278,230,160.0591
16,4096,278,232,160.6819
16,4096,278,234,163.5611
16,4096,278,236,137.5582
16,4096,278,238,160.3456
16,4096,278,240,160.2729
16,4096,278,242,134.7355
16,4096,278,244,156.3511
16,4096,278,246,156.2842
16,4096,278,248,155.1357
16,4096,278,250,152.3998
16,4096,278,252,145.5817
16,4096,278,254,147.5386
16,4096,278,256,151.2851
16,4096,278,258,159.897
16,4096,278,260,139.5629
16,4096,278,262,158.4367
16,4096,278,264,159.8259
16,4096,278,266,155.2245
16,4096,278,268,148.7701
16,4096,278,270,149.1894
16,4096,278,272,146.2601
16,4096,278,274,155.4368
16,4096,278,276,131.4191
16,4096,280,2,69.6873
16,4096,280,4,115.2049
16,4096,280,6,144.3637
16,4096,280,8,194.4911
16,4096,280,10,211.7355
16,4096,280,12,197.4867
16,4096,280,14,226.4614
16,4096,280,16,282.0531
16,4096,280,18,224.095
16,4096,280,20,258.7501
16,4096,280,22,255.9509
16,4096,280,24,270.3064
16,4096,280,26,227.6372
16,4096,280,28,250.9687
16,4096,280,30,258.5341
16,4096,280,32,266.4813
16,4096,280,34,230.1677
16,4096,280,36,238.4569
16,4096,280,38,260.4173
16,4096,280,40,272.4435
16,4096,280,42,242.9733
16,4096,280,44,261.7508
16,4096,280,46,251.0863
16,4096,280,48,248.3243
16,4096,280,50,212.7633
16,4096,280,52,224.4869
16,4096,280,54,228.4375
16,4096,280,56,207.0082
16,4096,280,58,175.4463
16,4096,280,60,214.7287
16,4096,280,62,209.6515
16,4096,280,64,209.6446
16,4096,280,66,204.8655
16,4096,280,68,159.7296
16,4096,280,70,198.9724
16,4096,280,72,173.6473
16,4096,280,74,190.3934
16,4096,280,76,191.4579
16,4096,280,78,173.6538
16,4096,280,80,192.783
16,4096,280,82,194.6416
16,4096,280,84,200.9516
16,4096,280,86,193.5576
16,4096,280,88,171.8305
16,4096,280,90,177.8067
16,4096,280,92,159.7957
16,4096,280,94,189.3713
16,4096,280,96,188.3892
16,4096,280,98,149.4263
16,4096,280,100,188.7967
16,4096,280,102,180.3096
16,4096,280,104,180.0001
16,4096,280,106,168.012
16,4096,280,108,185.1903
16,4096,280,110,177.0217
16,4096,280,112,177.7473
16,4096,280,114,179.2906
16,4096,280,116,175.7607
16,4096,280,118,180.4534
16,4096,280,120,180.4519
16,4096,280,122,182.4756
16,4096,280,124,155.9012
16,4096,280,126,175.9174
16,4096,280,128,173.3388
16,4096,280,130,171.8953
16,4096,280,132,168.9653
16,4096,280,134,168.0617
16,4096,280,136,173.8774
16,4096,280,138,171.7868
16,4096,280,140,173.3513
16,4096,280,142,178.6126
16,4096,280,144,169.1555
16,4096,280,146,189.9378
16,4096,280,148,169.4398
16,4096,280,150,184.3382
16,4096,280,152,176.0941
16,4096,280,154,183.8034
16,4096,280,156,177.9847
16,4096,280,158,150.7188
16,4096,280,160,175.2157
16,4096,280,162,181.8889
16,4096,280,164,177.8839
16,4096,280,166,175.7322
16,4096,280,168,185.4113
16,4096,280,170,181.3149
16,4096,280,172,181.7784
16,4096,280,174,172.2777
16,4096,280,176,173.7172
16,4096,280,178,179.1603
16,4096,280,180,156.3096
16,4096,280,182,174.5407
16,4096,280,184,152.7335
16,4096,280,186,187.0654
16,4096,280,188,161.731
16,4096,280,190,175.288
16,4096,280,192,166.0673
16,4096,280,194,177.6046
16,4096,280,196,176.0571
16,4096,280,198,163.4918
16,4096,280,200,166.0991
16,4096,280,202,176.5619
16,4096,280,204,170.9763
16,4096,280,206,178.898
16,4096,280,208,168.5746
16,4096,280,210,171.4792
16,4096,280,212,172.0654
16,4096,280,214,179.2286
16,4096,280,216,173.1657
16,4096,280,218,169.8021
16,4096,280,220,162.3336
16,4096,280,222,168.7522
16,4096,280,224,156.6407
16,4096,280,226,166.1757
16,4096,280,228,170.4766
16,4096,280,230,150.8847
16,4096,280,232,161.3752
16,4096,280,234,155.04
16,4096,280,236,159.5969
16,4096,280,238,132.8417
16,4096,280,240,159.0395
16,4096,280,242,158.3329
16,4096,280,244,132.7062
16,4096,280,246,155.5063
16,4096,280,248,159.0899
16,4096,280,250,149.1989
16,4096,280,252,151.8623
16,4096,280,254,152.665
16,4096,280,256,149.6992
16,4096,280,258,162.8641
16,4096,280,260,132.8778
16,4096,280,262,162.7566
16,4096,280,264,161.5629
16,4096,280,266,139.4308
16,4096,280,268,145.7188
16,4096,280,270,144.2064
16,4096,280,272,123.3798
16,4096,280,274,148.0019
16,4096,280,276,149.3182
16,4096,280,278,150.4578
16,4096,282,2,67.7794
16,4096,282,4,111.0899
16,4096,282,6,143.661
16,4096,282,8,207.9466
16,4096,282,10,196.1578
16,4096,282,12,201.1705
16,4096,282,14,240.6784
16,4096,282,16,246.9983
16,4096,282,18,248.798
16,4096,282,20,231.1723
16,4096,282,22,272.9658
16,4096,282,24,251.2408
16,4096,282,26,254.0991
16,4096,282,28,268.1441
16,4096,282,30,268.4866
16,4096,282,32,280.9078
16,4096,282,34,239.8313
16,4096,282,36,269.5983
16,4096,282,38,254.3601
16,4096,282,40,239.466
16,4096,282,42,265.6644
16,4096,282,44,248.53
16,4096,282,46,251.9861
16,4096,282,48,236.4054
16,4096,282,50,204.2761
16,4096,282,52,234.0131
16,4096,282,54,230.0188
16,4096,282,56,212.766
16,4096,282,58,183.9621
16,4096,282,60,205.0766
16,4096,282,62,207.9673
16,4096,282,64,177.3689
16,4096,282,66,202.1166
16,4096,282,68,176.2836
16,4096,282,70,197.7766
16,4096,282,72,177.3872
16,4096,282,74,190.9354
16,4096,282,76,192.3356
16,4096,282,78,158.8414
16,4096,282,80,204.5992
16,4096,282,82,184.1514
16,4096,282,84,197.4273
16,4096,282,86,192.2604
16,4096,282,88,168.6796
16,4096,282,90,186.5752
16,4096,282,92,170.4174
16,4096,282,94,179.397
16,4096,282,96,190.0534
16,4096,282,98,145.8412
16,4096,282,100,184.6102
16,4096,282,102,179.9763
16,4096,282,104,184.516
16,4096,282,106,169.4759
16,4096,282,108,185.1474
16,4096,282,110,159.9073
16,4096,282,112,158.6923
16,4096,282,114,181.461
16,4096,282,116,182.5204
16,4096,282,118,156.6212
16,4096,282,120,182.5246
16,4096,282,122,182.9611
16,4096,282,124,155.0077
16,4096,282,126,176.4409
16,4096,282,128,155.3391
16,4096,282,130,180.9811
16,4096,282,132,150.9525
16,4096,282,134,169.3016
16,4096,282,136,166.5853
16,4096,282,138,168.9382
16,4096,282,140,144.5263
16,4096,282,142,181.5923
16,4096,282,144,153.3685
16,4096,282,146,178.4633
16,4096,282,148,176.9386
16,4096,282,150,159.9896
16,4096,282,152,165.2297
16,4096,282,154,179.842
16,4096,282,156,185.2477
16,4096,282,158,154.7406
16,4096,282,160,189.0196
16,4096,282,162,147.1849
16,4096,282,164,180.5418
16,4096,282,166,178.1514
16,4096,282,168,158.0016
16,4096,282,170,172.0477
16,4096,282,172,176.8639
16,4096,282,174,173.3806
16,4096,282,176,152.0337
16,4096,282,178,176.3845
16,4096,282,180,150.0727
16,4096,282,182,165.9848
16,4096,282,184,147.1628
16,4096,282,186,182.4708
16,4096,282,188,167.8593
16,4096,282,190,176.6532
16,4096,282,192,189.9636
16,4096,282,194,165.6747
16,4096,282,196,188.3862
16,4096,282,198,147.4722
16,4096,282,200,177.2095
16,4096,282,202,184.7547
16,4096,282,204,149.6627
16,4096,282,206,174.2252
16,4096,282,208,156.355
16,4096,282,210,163.3654
16,4096,282,212,181.9055
16,4096,282,214,169.1676
16,4096,282,216,144.581
16,4096,282,218,164.4951
16,4096,282,220,145.5344
16,4096,282,222,168.6928
16,4096,282,224,171.0978
16,4096,282,226,165.017
16,4096,282,228,164.5474
16,4096,282,230,162.3097
16,4096,282,232,169.7076
16,4096,282,234,162.4436
16,4096,282,236,138.6752
16,4096,282,238,167.6938
16,4096,282,240,162.0728
16,4096,282,242,155.2102
16,4096,282,244,158.8273
16,4096,282,246,136.1824
16,4096,282,248,156.6399
16,4096,282,250,145.7822
16,4096,282,252,161.0965
16,4096,282,254,149.0845
16,4096,282,256,149.6965
16,4096,282,258,167.2815
16,4096,282,260,164.4357
16,4096,282,262,140.7354
16,4096,282,264,156.4152
16,4096,282,266,145.705
16,4096,282,268,148.1233
16,4096,282,270,149.4375
16,4096,282,272,155.5572
16,4096,282,274,141.2038
16,4096,282,276,151.0711
16,4096,282,278,147.0596
16,4096,282,280,143.0602
16,4096,284,2,62.9611
16,4096,284,4,114.0504
16,4096,284,6,148.049
16,4096,284,8,181.4276
16,4096,284,10,220.0502
16,4096,284,12,252.0871
16,4096,284,14,208.3551
16,4096,284,16,270.3708
16,4096,284,18,238.6584
16,4096,284,20,229.737
16,4096,284,22,251.1631
16,4096,284,24,261.8781
16,4096,284,26,257.7543
16,4096,284,28,280.1307
16,4096,284,30,232.2178
16,4096,284,32,264.7479
16,4096,284,34,266.7781
16,4096,284,36,275.5951
16,4096,284,38,237.9665
16,4096,284,40,260.1515
16,4096,284,42,258.6457
16,4096,284,44,236.8814
16,4096,284,46,238.1999
16,4096,284,48,241.5925
16,4096,284,50,236.9755
16,4096,284,52,245.7503
16,4096,284,54,215.9205
16,4096,284,56,204.634
16,4096,284,58,216.112
16,4096,284,60,181.2165
16,4096,284,62,209.2119
16,4096,284,64,180.6822
16,4096,284,66,202.8924
16,4096,284,68,182.0436
16,4096,284,70,191.2316
16,4096,284,72,205.5759
16,4096,284,74,165.8079
16,4096,284,76,197.2216
16,4096,284,78,191.5296
16,4096,284,80,199.1581
16,4096,284,82,200.6148
16,4096,284,84,169.7946
16,4096,284,86,187.4178
16,4096,284,88,148.4024
16,4096,284,90,186.896
16,4096,284,92,188.2589
16,4096,284,94,162.9519
16,4096,284,96,185.488
16,4096,284,98,189.3612
16,4096,284,100,162.8696
16,4096,284,102,190.7121
16,4096,284,104,155.0587
16,4096,284,106,179.807
16,4096,284,108,177.934
16,4096,284,110,190.055
16,4096,284,112,185.2966
16,4096,284,114,175.4024
16,4096,284,116,160.3264
16,4096,284,118,175.5461
16,4096,284,120,186.6277
16,4096,284,122,159.3867
16,4096,284,124,181.4612
16,4096,284,126,159.8538
16,4096,284,128,169.9646
16,4096,284,130,173.5113
16,4096,284,132,176.9966
16,4096,284,134,153.2004
16,4096,284,136,165.8688
16,4096,284,138,168.0101
16,4096,284,140,150.3186
16,4096,284,142,177.3113
16,4096,284,144,171.4212
16,4096,284,146,169.8896
16,4096,284,148,159.2286
16,4096,284,150,179.4551
16,4096,284,152,179.0985
16,4096,284,154,181.7041
16,4096,284,156,180.4403
16,4096,284,158,167.9025
16,4096,284,160,159.2525
16,4096,284,162,179.5087
16,4096,284,164,155.8482
16,4096,284,166,174.8046
16,4096,284,168,162.5145
16,4096,284,170,176.9199
16,4096,284,172,176.2525
16,4096,284,174,152.9914
16,4096,284,176,173.2599
16,4096,284,178,171.064
16,4096,284,180,173.5563
16,4096,284,182,153.1548
16,4096,284,184,170.5572
16,4096,284,186,173.9011
16,4096,284,188,167.8206
16,4096,284,190,179.0375
16,4096,284,192,183.9882
16,4096,284,194,156.5142
16,4096,284,196,183.1207
16,4096,284,198,153.3319
16,4096,284,200,168.5615
16,4096,284,202,149.5974
16,4096,284,204,176.3762
16,4096,284,206,160.7518
16,4096,284,208,171.0961
16,4096,284,210,173.9238
16,4096,284,212,149.4561
16,4096,284,214,172.237
16,4096,284,216,176.1984
16,4096,284,218,171.1247
16,4096,284,220,173.8658
16,4096,284,222,164.6454
16,4096,284,224,162.0116
16,4096,284,226,160.5871
16,4096,284,228,164.4409
16,4096,284,230,161.1813
16,4096,284,232,159.8172
16,4096,284,234,134.8244
16,4096,284,236,164.8714
16,4096,284,238,167.0543
16,4096,284,240,160.0013
16,4096,284,242,153.8157
16,4096,284,244,142.4892
16,4096,284,246,154.713
16,4096,284,248,160.0605
16,4096,284,250,131.1109
16,4096,284,252,157.6772
16,4096,284,254,151.546
16,4096,284,256,126.2956
16,4096,284,258,162.5008
16,4096,284,260,164.0933
16,4096,284,262,143.6322
16,4096,284,264,163.4939
16,4096,284,266,152.2439
16,4096,284,268,159.9291
16,4096,284,270,136.7257
16,4096,284,272,141.6359
16,4096,284,274,159.2128
16,4096,284,276,148.7742
16,4096,284,278,128.4983
16,4096,284,280,140.2067
16,4096,284,282,174.7576
16,4096,286,2,68.4813
16,4096,286,4,119.3555
16,4096,286,6,145.2871
16,4096,286,8,192.5289
16,4096,286,10,208.6379
16,4096,286,12,208.3154
16,4096,286,14,242.9069
16,4096,286,16,249.9423
16,4096,286,18,244.0875
16,4096,286,20,270.9035
16,4096,286,22,239.7958
16,4096,286,24,272.592
16,4096,286,26,252.7306
16,4096,286,28,258.4331
16,4096,286,30,261.4929
16,4096,286,32,248.3951
16,4096,286,34,229.0886
16,4096,286,36,267.8977
16,4096,286,38,251.6622
16,4096,286,40,278.9138
16,4096,286,42,243.4424
16,4096,286,44,274.5242
16,4096,286,46,239.1265
16,4096,286,48,240.1738
16,4096,286,50,225.4911
16,4096,286,52,245.5802
16,4096,286,54,198.8722
16,4096,286,56,190.3177
16,4096,286,58,205.29
16,4096,286,60,195.1825
16,4096,286,62,183.0489
16,4096,286,64,210.0211
16,4096,286,66,202.0664
16,4096,286,68,180.2932
16,4096,286,70,186.4513
16,4096,286,72,199.1984
16,4096,286,74,194.2931
16,4096,286,76,190.0093
16,4096,286,78,189.9054
16,4096,286,80,163.3115
16,4096,286,82,195.0305
16,4096,286,84,154.0506
16,4096,286,86,163.3535
16,4096,286,88,176.0099
16,4096,286,90,152.8449
16,4096,286,92,178.8794
16,4096,286,94,156.5098
16,4096,286,96,190.5438
16,4096,286,98,151.1944
16,4096,286,100,180.7877
16,4096,286,102,164.2462
16,4096,286,104,183.9064
16,4096,286,106,165.2872
16,4096,286,108,163.29
16,4096,286,110,167.1062
16,4096,286,112,179.388
16,4096,286,114,150.3491
16,4096,286,116,177.5842
16,4096,286,118,177.7247
16,4096,286,120,157.1583
16,4096,286,122,163.9222
16,4096,286,124,188.8197
16,4096,286,126,162.8198
16,4096,286,128,149.5305
16,4096,286,130,171.0768
16,4096,286,132,174.6108
16,4096,286,134,175.2559
16,4096,286,136,170.3979
16,4096,286,138,167.3432
16,4096,286,140,174.7299
16,4096,286,142,146.486
16,4096,286,144,171.0707
16,4096,286,146,174.8032
16,4096,286,148,152.8089
16,4096,286,150,187.8994
16,4096,286,152,185.1677
16,4096,286,154,155.2471
16,4096,286,156,183.1856
16,4096,286,158,176.1103
16,4096,286,160,176.0981
16,4096,286,162,162.3488
16,4096,286,164,176.6394
16,4096,286,166,173.6634
16,4096,286,168,183.3564
16,4096,286,170,169.0871
16,4096,286,172,176.9085
16,4096,286,174,166.115
16,4096,286,176,165.8505
16,4096,286,178,150.7423
16,4096,286,180,171.1704
16,4096,286,182,174.2033
16,4096,286,184,174.9025
16,4096,286,186,184.8557
16,4096,286,188,145.0915
16,4096,286,190,179.8973
16,4096,286,192,154.1304
16,4096,286,194,176.782
16,4096,286,196,174.0189
16,4096,286,198,153.6992
16,4096,286,200,161.1141
16,4096,286,202,174.2266
16,4096,286,204,174.506
16,4096,286,206,152.6942
16,4096,286,208,172.4798
16,4096,286,210,177.5905
16,4096,286,212,170.8881
16,4096,286,214,170.8285
16,4096,286,216,165.2948
16,4096,286,218,171.8476
16,4096,286,220,156.5146
16,4096,286,222,163.6803
16,4096,286,224,162.3441
16,4096,286,226,141.1792
16,4096,286,228,169.0635
16,4096,286,230,147.0432
16,4096,286,232,163.1917
16,4096,286,234,164.7124
16,4096,286,236,134.9941
16,4096,286,238,156.5679
16,4096,286,240,162.6202
16,4096,286,242,165.7793
16,4096,286,244,159.987
16,4096,286,246,132.7191
16,4096,286,248,157.8946
16,4096,286,250,147.7003
16,4096,286,252,132.8582
16,4096,286,254,149.8462
16,4096,286,256,143.0228
16,4096,286,258,164.989
16,4096,286,260,159.901
16,4096,286,262,154.6072
16,4096,286,264,162.3822
16,4096,286,266,148.3126
16,4096,286,268,148.1847
16,4096,286,270,147.5502
16,4096,286,272,151.9628
16,4096,286,274,137.8402
16,4096,286,276,149.0298
16,4096,286,278,149.2266
16,4096,286,280,124.283
16,4096,286,282,162.3175
16,4096,286,284,158.6316
16,4096,288,2,63.4611
16,4096,288,4,111.6909
16,4096,288,6,144.2704
16,4096,288,8,198.0986
16,4096,288,10,212.6968
16,4096,288,12,238.2513
16,4096,288,14,225.8766
16,4096,288,16,251.9342
16,4096,288,18,220.3691
16,4096,288,20,253.6734
16,4096,288,22,251.4077
16,4096,288,24,240.5728
16,4096,288,26,253.9196
16,4096,288,28,252.994
16,4096,288,30,247.355
16,4096,288,32,274.9181
16,4096,288,34,261.201
16,4096,288,36,251.5695
16,4096,288,38,266.2607
16,4096,288,40,273.2894
16,4096,288,42,266.6096
16,4096,288,44,237.8653
16,4096,288,46,244.6987
16,4096,288,48,238.1017
16,4096,288,50,202.7831
16,4096,288,52,198.1409
16,4096,288,54,232.659
16,4096,288,56,204.9479
16,4096,288,58,178.8596
16,4096,288,60,209.0895
16,4096,288,62,214.3281
16,4096,288,64,201.4364
16,4096,288,66,194.7939
16,4096,288,68,170.3597
16,4096,288,70,182.7206
16,4096,288,72,176.7775
16,4096,288,74,162.7986
16,4096,288,76,193.4603
16,4096,288,78,187.4472
16,4096,288,80,185.7043
16,4096,288,82,189.091
16,4096,288,84,171.5124
16,4096,288,86,186.0599
16,4096,288,88,176.3824
16,4096,288,90,158.0699
16,4096,288,92,160.3912
16,4096,288,94,169.6609
16,4096,288,96,183.593
16,4096,288,98,184.2138
16,4096,288,100,155.5809
16,4096,288,102,182.7476
16,4096,288,104,143.1881
16,4096,288,106,177.6469
16,4096,288,108,176.2635
16,4096,288,110,166.9109
16,4096,288,112,174.4235
16,4096,288,114,183.699
16,4096,288,116,160.7049
16,4096,288,118,167.0228
16,4096,288,120,151.9245
16,4096,288,122,182.4606
16,4096,288,124,179.7969
16,4096,288,126,177.2205
16,4096,288,128,172.8043
16,4096,288,130,180.9711
16,4096,288,132,166.5123
16,4096,288,134,168.7565
16,4096,288,136,172.423
16,4096,288,138,152.4929
16,4096,288,140,166.1247
16,4096,288,142,167.6161
16,4096,288,144,172.2628
16,4096,288,146,155.5374
16,4096,288,148,167.458
16,4096,288,150,177.6655
16,4096,288,152,173.1725
16,4096,288,154,179.1776
16,4096,288,156,168.8471
16,4096,288,158,180.9358
16,4096,288,160,175.4019
16,4096,288,162,171.9593
16,4096,288,164,171.6612
16,4096,288,166,149.9384
16,4096,288,168,180.2667
16,4096,288,170,169.6344
16,4096,288,172,181.659
16,4096,288,174,162.7408
16,4096,288,176,152.6716
16,4096,288,178,169.0465
16,4096,288,180,173.1626
16,4096,288,182,171.1431
16,4096,288,184,170.0264
16,4096,288,186,175.8392
16,4096,288,188,141.8775
16,4096,288,190,158.4749
16,4096,288,192,181.9261
16,4096,288,194,186.1232
16,4096,288,196,179.4559
16,4096,288,198,152.3896
16,4096,288,200,172.1854
16,4096,288,202,165.8164
16,4096,288,204,152.9255
16,4096,288,206,175.7777
16,4096,288,208,170.6083
16,4096,288,210,159.2427
16,4096,288,212,168.0091
16,4096,288,214,168.3293
16,4096,288,216,148.8818
16,4096,288,218,168.125
16,4096,288,220,165.6652
16,4096,288,222,159.2305
16,4096,288,224,156.4745
16,4096,288,226,159.812
16,4096,288,228,145.1235
16,4096,288,230,159.1737
16,4096,288,232,164.1385
16,4096,288,234,138.7145
16,4096,288,236,156.249
16,4096,288,238,157.0348
16,4096,288,240,135.4046
16,4096,288,242,152.7757
16,4096,288,244,164.5094
16,4096,288,246,145.0788
16,4096,288,248,160.7226
16,4096,288,250,157.5905
16,4096,288,252,134.6637
16,4096,288,254,154.0026
16,4096,288,256,143.3345
16,4096,288,258,152.4922
16,4096,288,260,162.8229
16,4096,288,262,136.7787
16,4096,288,264,158.1476
16,4096,288,266,158.6567
16,4096,288,268,153.5847
16,4096,288,270,146.8942
16,4096,288,272,151.2131
16,4096,288,274,153.2431
16,4096,288,276,141.4312
16,4096,288,278,151.3916
16,4096,288,280,150.9443
16,4096,288,282,137.0525
16,4096,288,284,162.9929
16,4096,288,286,163.8486
16,4096,290,2,66.8896
16,4096,290,4,111.9013
16,4096,290,6,146.6541
16,4096,290,8,175.6389
16,4096,290,10,207.1185
16,4096,290,12,222.3384
16,4096,290,14,204.984
16,4096,290,16,258.957
16,4096,290,18,248.1909
16,4096,290,20,270.9012
16,4096,290,22,228.9042
16,4096,290,24,225.6601
16,4096,290,26,251.9849
16,4096,290,28,244.3705
16,4096,290,30,252.9998
16,4096,290,32,236.4284
16,4096,290,34,262.2489
16,4096,290,36,244.7103
16,4096,290,38,241.8741
16,4096,290,40,247.7104
16,4096,290,42,265.9108
16,4096,290,44,263.8358
16,4096,290,46,230.9239
16,4096,290,48,230.6965
16,4096,290,50,217.8195
16,4096,290,52,213.6779
16,4096,290,54,230.4486
16,4096,290,56,192.1426
16,4096,290,58,171.3652
16,4096,290,60,204.1585
16,4096,290,62,198.928
16,4096,290,64,198.5246
16,4096,290,66,198.4929
16,4096,290,68,167.748
16,4096,290,70,172.1962
16,4096,290,72,189.6234
16,4096,290,74,155.2422
16,4096,290,76,187.1154
16,4096,290,78,182.2244
16,4096,290,80,179.5013
16,4096,290,82,182.6859
16,4096,290,84,170.1808
16,4096,290,86,186.9372
16,4096,290,88,152.6184
16,4096,290,90,181.4824
16,4096,290,92,162.5887
16,4096,290,94,173.6929
16,4096,290,96,151.9457
16,4096,290,98,187.7036
16,4096,290,100,160.3626
16,4096,290,102,177.6808
16,4096,290,104,186.6778
16,4096,290,106,166.3667
16,4096,290,108,154.6597
16,4096,290,110,177.3655
16,4096,290,112,174.0005
16,4096,290,114,172.7759
16,4096,290,116,175.334
16,4096,290,118,174.8281
16,4096,290,120,154.5197
16,4096,290,122,175.0506
16,4096,290,124,178.7587
16,4096,290,126,173.4038
16,4096,290,128,172.4027
16,4096,290,130,173.1831
16,4096,290,132,147.8266
16,4096,290,134,172.193
16,4096,290,136,169.4906
16,4096,290,138,162.701
16,4096,290,140,157.0769
16,4096,290,142,164.5875
16,4096,290,144,164.0019
16,4096,290,146,172.1823
16,4096,290,148,137.6593
16,4096,290,150,167.6602
16,4096,290,152,158.2245
16,4096,290,154,178.7851
16,4096,290,156,184.4071
16,4096,290,158,172.5657
16,4096,290,160,172.5271
16,4096,290,162,177.1419
16,4096,290,164,170.8547
16,4096,290,166,152.0774
16,4096,290,168,167.6552
16,4096,290,170,165.9671
16,4096,290,172,171.9396
16,4096,290,174,166.3906
16,4096,290,176,168.7421
16,4096,290,178,155.6884
16,4096,290,180,170.7092
16,4096,290,182,168.2119
16,4096,290,184,141.9049
16,4096,290,186,177.6028
16,4096,290,188,158.2734
16,4096,290,190,176.5482
16,4096,290,192,176.2535
16,4096,290,194,151.4813
16,4096,290,196,178.459
16,4096,290,198,164.76
16,4096,290,200,170.6602
16,4096,290,202,173.0171
16,4096,290,204,169.7701
16,4096,290,206,165.8444
16,4096,290,208,179.098
16,4096,290,210,169.6262
16,4096,290,212,169.8084
16,4096,290,214,163.5686
16,4096,290,216,168.7637
16,4096,290,218,159.2655
16,4096,290,220,165.8081
16,4096,290,222,137.2994
16,4096,290,224,164.7215
16,4096,290,226,159.4999
16,4096,290,228,145.8132
16,4096,290,230,163.9644
16,4096,290,232,137.1826
16,4096,290,234,157.8149
16,4096,290,236,150.9482
16,4096,290,238,159.9574
16,4096,290,240,149.0689
16,4096,290,242,152.7248
16,4096,290,244,152.1697
16,4096,290,246,149.6509
16,4096,290,248,161.3665
16,4096,290,250,151.2945
16,4096,290,252,136.9145
16,4096,290,254,154.8066
16,4096,290,256,148.7091
16,4096,290,258,168.6765
16,4096,290,260,157.1085
16,4096,290,262,132.4417
16,4096,290,264,155.9324
16,4096,290,266,157.8895
16,4096,290,268,132.0898
16,4096,290,270,154.6324
16,4096,290,272,152.6423
16,4096,290,274,164.2851
16,4096,290,276,161.1192
16,4096,290,278,128.222
16,4096,290,280,147.4395
16,4096,290,282,161.2297
16,4096,290,284,128.799
16,4096,290,286,156.7469
16,4096,290,288,148.5302
16,4096,292,2,61.5079
16,4096,292,4,114.541
16,4096,292,6,141.6251
16,4096,292,8,183.6236
16,4096,292,10,201.2495
16,4096,292,12,198.7138
16,4096,292,14,237.7962
16,4096,292,16,211.7083
16,4096,292,18,210.3747
16,4096,292,20,256.9377
16,4096,292,22,252.8766
16,4096,292,24,238.1974
16,4096,292,26,224.7358
16,4096,292,28,265.9661
16,4096,292,30,229.2308
16,4096,292,32,263.9095
16,4096,292,34,243.3609
16,4096,292,36,246.6666
16,4096,292,38,238.5387
16,4096,292,40,263.1817
16,4096,292,42,239.3215
16,4096,292,44,269.1327
16,4096,292,46,257.4926
16,4096,292,48,230.3155
16,4096,292,50,216.0753
16,4096,292,52,224.7933
16,4096,292,54,220.3253
16,4096,292,56,200.6743
16,4096,292,58,189.768
16,4096,292,60,179.2488
16,4096,292,62,203.4381
16,4096,292,64,182.8085
16,4096,292,66,190.3812
16,4096,292,68,194.1314
16,4096,292,70,185.551
16,4096,292,72,159.7517
16,4096,292,74,180.3103
16,4096,292,76,183.6324
16,4096,292,78,166.9934
16,4096,292,80,183.8101
16,4096,292,82,151.2184
16,4096,292,84,191.1955
16,4096,292,86,175.9603
16,4096,292,88,177.1853
16,4096,292,90,144.4392
16,4096,292,92,172.865
16,4096,292,94,161.6684
16,4096,292,96,168.2921
16,4096,292,98,180.5932
16,4096,292,100,161.5917
16,4096,292,102,169.9088
16,4096,292,104,173.2706
16,4096,292,106,171.5094
16,4096,292,108,174.0359
16,4096,292,110,178.4452
16,4096,292,112,172.2831
16,4096,292,114,176.6748
16,4096,292,116,147.9902
16,4096,292,118,165.5876
16,4096,292,120,178.8431
16,4096,292,122,159.1422
16,4096,292,124,151.7475
16,4096,292,126,180.671
16,4096,292,128,166.4885
16,4096,292,130,164.875
16,4096,292,132,165.6803
16,4096,292,134,143.3157
16,4096,292,136,167.9116
16,4096,292,138,142.1304
16,4096,292,140,166.1884
16,4096,292,142,169.3312
16,4096,292,144,164.7776
16,4096,292,146,164.7877
16,4096,292,148,168.9647
16,4096,292,150,147.0594
16,4096,292,152,162.5801
16,4096,292,154,172.6691
16,4096,292,156,181.8324
16,4096,292,158,170.1255
16,4096,292,160,168.108
16,4096,292,162,158.6782
16,4096,292,164,174.8557
16,4096,292,166,173.4545
16,4096,292,168,163.7924
16,4096,292,170,161.2936
16,4096,292,172,173.8163
16,4096,292,174,148.4807
16,4096,292,176,175.5443
16,4096,292,178,170.1387
16,4096,292,180,164.0335
16,4096,292,182,153.1286
16,4096,292,184,166.8317
16,4096,292,186,180.8601
16,4096,292,188,140.9295
16,4096,292,190,169.3607
16,4096,292,192,160.204
16,4096,292,194,168.6086
16,4096,292,196,175.8493
16,4096,292,198,175.4522
16,4096,292,200,175.3933
16,4096,292,202,173.2073
16,4096,292,204,170.3505
16,4096,292,206,171.2546
16,4096,292,208,173.3987
16,4096,292,210,163.2415
16,4096,292,212,166.4572
16,4096,292,214,139.8981
16,4096,292,216,165.1582
16,4096,292,218,168.3891
16,4096,292,220,145.686
16,4096,292,222,165.023
16,4096,292,224,157.0783
16,4096,292,226,159.5729
16,4096,292,228,170.4096
16,4096,292,230,150.4986
16,4096,292,232,155.3338
16,4096,292,234,156.0232
16,4096,292,236,159.9228
16,4096,292,238,149.7649
16,4096,292,240,149.4089
16,4096,292,242,153.8717
16,4096,292,244,152.347
16,4096,292,246,150.7339
16,4096,292,248,155.4098
16,4096,292,250,126.7113
16,4096,292,252,157.8963
16,4096,292,254,147.697
16,4096,292,256,136.518
16,4096,292,258,160.2766
16,4096,292,260,157.2972
16,4096,292,262,133.4932
16,4096,292,264,152.8904
16,4096,292,266,158.5537
16,4096,292,268,131.0175
16,4096,292,270,148.7235
16,4096,292,272,159.1124
16,4096,292,274,145.651
16,4096,292,276,160.9237
16,4096,292,278,147.14
16,4096,292,280,137.8119
16,4096,292,282,151.6903
16,4096,292,284,150.8528
16,4096,292,286,151.6114
16,4096,292,288,149.9063
16,4096,292,290,118.5699
16,4096,294,2,66.5839
16,4096,294,4,118.0052
16,4096,294,6,146.6349
16,4096,294,8,181.8405
16,4096,294,10,202.2011
16,4096,294,12,203.1657
16,4096,294,14,236.9081
16,4096,294,16,229.1402
16,4096,294,18,221.531
16,4096,294,20,236.9777
16,4096,294,22,247.2325
16,4096,294,24,258.6082
16,4096,294,26,227.8499
16,4096,294,28,274.2812
16,4096,294,30,248.5508
16,4096,294,32,226.0555
16,4096,294,34,264.6753
16,4096,294,36,224.3844
16,4096,294,38,255.001
16,4096,294,40,237.4126
16,4096,294,42,252.6235
16,4096,294,44,246.0671
16,4096,294,46,244.3277
16,4096,294,48,224.3926
16,4096,294,50,230.9501
16,4096,294,52,201.0606
16,4096,294,54,214.9316
16,4096,294,56,193.5443
16,4096,294,58,190.0927
16,4096,294,60,179.1413
16,4096,294,62,175.9047
16,4096,294,64,189.9149
16,4096,294,66,179.1666
16,4096,294,68,187.5871
16,4096,294,70,184.8353
16,4096,294,72,187.709
16,4096,294,74,184.843
16,4096,294,76,186.2293
16,4096,294,78,173.4023
16,4096,294,80,165.2151
16,4096,294,82,174.5082
16,4096,294,84,157.5001
16,4096,294,86,182.4833
16,4096,294,88,189.1032
16,4096,294,90,177.7164
16,4096,294,92,174.2864
16,4096,294,94,168.8549
16,4096,294,96,164.6729
16,4096,294,98,166.0696
16,4096,294,100,171.6309
16,4096,294,102,156.1457
16,4096,294,104,178.7521
16,4096,294,106,165.03
16,4096,294,108,175.0703
16,4096,294,110,177.5922
16,4096,294,112,168.5678
16,4096,294,114,172.4512
16,4096,294,116,163.8066
16,4096,294,118,173.1138
16,4096,294,120,166.3487
16,4096,294,122,149.4246
16,4096,294,124,173.2965
16,4096,294,126,158.2565
16,4096,294,128,182.0435
16,4096,294,130,173.5303
16,4096,294,132,167.1839
16,4096,294,134,158.879
16,4096,294,136,167.3704
16,4096,294,138,149.5437
16,4096,294,140,168.0532
16,4096,294,142,163.0569
16,4096,294,144,158.9476
16,4096,294,146,147.0762
16,4096,294,148,167.2978
16,4096,294,150,173.9248
16,4096,294,152,144.6204
16,4096,294,154,168.3223
16,4096,294,156,174.0027
16,4096,294,158,164.7414
16,4096,294,160,170.4936
16,4096,294,162,155.4174
16,4096,294,164,172.3354
16,4096,294,166,174.1134
16,4096,294,168,167.4689
16,4096,294,170,167.403
16,4096,294,172,156.2274
16,4096,294,174,165.5041
16,4096,294,176,156.1994
16,4096,294,178,168.9512
16,4096,294,180,151.339
16,4096,294,182,168.842
16,4096,294,184,152.5965
16,4096,294,186,176.1161
16,4096,294,188,160.6603
16,4096,294,190,170.957
16,4096,294,192,160.9209
16,4096,294,194,168.2624
16,4096,294,196,171.6472
16,4096,294,198,156.2409
16,4096,294,200,170.2797
16,4096,294,202,173.433
16,4096,294,204,166.2976
16,4096,294,206,166.848
16,4096,294,208,150.756
16,4096,294,210,164.3642
16,4096,294,212,174.2421
16,4096,294,214,153.5038
16,4096,294,216,165.2025
16,4096,294,218,168.359
16,4096,294,220,143.6024
16,4096,294,222,154.5491
16,4096,294,224,159.1113
16,4096,294,226,161.1773
16,4096,294,228,165.4216
16,4096,294,230,156.3325
16,4096,294,232,167.6827
16,4096,294,234,152.8217
16,4096,294,236,156.7757
16,4096,294,238,165.0072
16,4096,294,240,153.1916
16,4096,294,242,141.4838
16,4096,294,244,145.4207
16,4096,294,246,151.9659
16,4096,294,248,153.8557
16,4096,294,250,148.0735
16,4096,294,252,159.6807
16,4096,294,254,146.7774
16,4096,294,256,151.9341
16,4096,294,258,156.5456
16,4096,294,260,150.6372
16,4096,294,262,154.8333
16,4096,294,264,153.3433
16,4096,294,266,158.0954
16,4096,294,268,150.727
16,4096,294,270,154.9914
16,4096,294,272,160.796
16,4096,294,274,140.336
16,4096,294,276,162.4895
16,4096,294,278,137.2743
16,4096,294,280,145.573
16,4096,294,282,156.6399
16,4096,294,284,153.4991
16,4096,294,286,143.0334
16,4096,294,288,156.9202
16,4096,294,290,146.0621
16,4096,294,292,147.7176
16,4096,296,2,64.9614
16,4096,296,4,109.7839
16,4096,296,6,145.0374
16,4096,296,8,181.8562
16,4096,296,10,209.7106
16,4096,296,12,233.5364
16,4096,296,14,211.3443
16,4096,296,16,248.2105
16,4096,296,18,235.1442
16,4096,296,20,259.736
16,4096,296,22,226.8329
16,4096,296,24,239.6141
16,4096,296,26,254.4028
16,4096,296,28,261.9036
16,4096,296,30,247.1848
16,4096,296,32,258.006
16,4096,296,34,251.7677
16,4096,296,36,219.3739
16,4096,296,38,251.8296
16,4096,296,40,247.8369
16,4096,296,42,238.8314
16,4096,296,44,233.2519
16,4096,296,46,260.8063
16,4096,296,48,209.2845
16,4096,296,50,217.6182
16,4096,296,52,240.5354
16,4096,296,54,223.1055
16,4096,296,56,163.7457
16,4096,296,58,195.295
16,4096,296,60,196.9657
16,4096,296,62,192.6997
16,4096,296,64,173.8868
16,4096,296,66,183.2974
16,4096,296,68,170.5267
16,4096,296,70,175.7057
16,4096,296,72,180.4382
16,4096,296,74,169.6524
16,4096,296,76,181.2024
16,4096,296,78,182.3295
16,4096,296,80,178.5012
16,4096,296,82,173.7743
16,4096,296,84,188.3212
16,4096,296,86,148.514
16,4096,296,88,175.4731
16,4096,296,90,164.7664
16,4096,296,92,179.7459
16,4096,296,94,174.0021
16,4096,296,96,152.7046
16,4096,296,98,169.1592
16,4096,296,100,180.6388
16,4096,296,102,161.0668
16,4096,296,104,177.8467
16,4096,296,106,177.7181
16,4096,296,108,175.092
16,4096,296,110,167.5476
16,4096,296,112,166.2523
16,4096,296,114,167.1922
16,4096,296,116,150.3319
16,4096,296,118,167.805
16,4096,296,120,173.427
16,4096,296,122,171.0258
16,4096,296,124,169.9508
16,4096,296,126,166.7408
16,4096,296,128,156.6836
16,4096,296,130,170.1485
16,4096,296,132,168.6149
16,4096,296,134,170.1618
16,4096,296,136,147.3707
16,4096,296,138,166.7989
16,4096,296,140,164.6586
16,4096,296,142,163.0138
16,4096,296,144,141.8066
16,4096,296,146,149.6721
16,4096,296,148,159.1076
16,4096,296,150,165.4742
16,4096,296,152,162.7368
16,4096,296,154,148.8667
16,4096,296,156,172.952
16,4096,296,158,173.8614
16,4096,296,160,149.3658
16,4096,296,162,169.649
16,4096,296,164,148.1696
16,4096,296,166,156.8373
16,4096,296,168,168.0655
16,4096,296,170,174.0678
16,4096,296,172,164.4324
16,4096,296,174,164.0013
16,4096,296,176,163.3603
16,4096,296,178,150.4139
16,4096,296,180,163.8662
16,4096,296,182,146.0634
16,4096,296,184,165.8157
16,4096,296,186,167.8896
16,4096,296,188,158.6442
16,4096,296,190,179.7547
16,4096,296,192,167.2987
16,4096,296,194,172.9712
16,4096,296,196,151.7481
16,4096,296,198,170.2595
16,4096,296,200,152.6167
16,4096,296,202,169.5153
16,4096,296,204,157.2027
16,4096,296,206,166.044
16,4096,296,208,163.3865
16,4096,296,210,145.7581
16,4096,296,212,170.4046
16,4096,296,214,167.549
16,4096,296,216,165.0819
16,4096,296,218,150.2961
16,4096,296,220,167.7126
16,4096,296,222,163.3109
16,4096,296,224,160.3854
16,4096,296,226,165.0591
16,4096,296,228,146.3235
16,4096,296,230,162.0227
16,4096,296,232,157.2215
16,4096,296,234,154.275
16,4096,296,236,162.1563
16,4096,296,238,136.7746
16,4096,296,240,157.4516
16,4096,296,242,158.4949
16,4096,296,244,144.951
16,4096,296,246,165.6146
16,4096,296,248,139.5693
16,4096,296,250,157.2316
16,4096,296,252,157.6155
16,4096,296,254,157.9342
16,4096,296,256,148.8841
16,4096,296,258,138.4117
16,4096,296,260,150.8194
16,4096,296,262,155.5616
16,4096,296,264,156.3605
16,4096,296,266,153.6044
16,4096,296,268,161.0322
16,4096,296,270,141.3667
16,4096,296,272,155.1939
16,4096,296,274,128.323
16,4096,296,276,148.3185
16,4096,296,278,150.4089
16,4096,296,280,144.1214
16,4096,296,282,147.3958
16,4096,296,284,145.2958
16,4096,296,286,144.4785
16,4096,296,288,150.4379
16,4096,296,290,143.5178
16,4096,296,292,120.6939
16,4096,296,294,126.3045
16,4096,298,2,64.7345
16,4096,298,4,114.967
16,4096,298,6,144.705
16,4096,298,8,186.1378
16,4096,298,10,205.3847
16,4096,298,12,240.1095
16,4096,298,14,215.8055
16,4096,298,16,239.671
16,4096,298,18,206.9111
16,4096,298,20,261.5902
16,4096,298,22,242.8095
16,4096,298,24,266.1514
16,4096,298,26,249.9227
16,4096,298,28,267.2386
16,4096,298,30,236.0451
16,4096,298,32,266.6826
16,4096,298,34,251.0852
16,4096,298,36,269.652
16,4096,298,38,252.3631
16,4096,298,40,247.3311
16,4096,298,42,248.6618
16,4096,298,44,259.5804
16,4096,298,46,254.4687
16,4096,298,48,219.4589
16,4096,298,50,214.7465
16,4096,298,52,231.6587
16,4096,298,54,195.7546
16,4096,298,56,196.4434
16,4096,298,58,196.3624
16,4096,298,60,176.0814
16,4096,298,62,194.6352
16,4096,298,64,164.7343
16,4096,298,66,195.1037
16,4096,298,68,193.1493
16,4096,298,70,185.0769
16,4096,298,72,167.2249
16,4096,298,74,181.492
16,4096,298,76,188.427
16,4096,298,78,155.2389
16,4096,298,80,185.9343
16,4096,298,82,164.7817
16,4096,298,84,190.406
16,4096,298,86,173.3817
16,4096,298,88,183.2112
16,4096,298,90,182.8414
16,4096,298,92,166.6051
16,4096,298,94,174.197
16,4096,298,96,153.2814
16,4096,298,98,172.5213
16,4096,298,100,181.3668
16,4096,298,102,174.8662
16,4096,298,104,174.3382
16,4096,298,106,177.9547
16,4096,298,108,176.3845
16,4096,298,110,173.7939
16,4096,298,112,162.992
16,4096,298,114,173.643
16,4096,298,116,149.5665
16,4096,298,118,170.1605
16,4096,298,120,150.7343
16,4096,298,122,170.5017
16,4096,298,124,160.1111
16,4096,298,126,171.2528
16,4096,298,128,175.35
16,4096,298,130,168.8091
16,4096,298,132,144.7232
16,4096,298,134,167.4158
16,4096,298,136,165.8258
16,4096,298,138,151.9072
16,4096,298,140,157.3138
16,4096,298,142,163.5904
16,4096,298,144,158.8358
16,4096,298,146,163.3724
16,4096,298,148,155.4342
16,4096,298,150,154.8291
16,4096,298,152,163.5079
16,4096,298,154,172.0
16,4096,298,156,150.7046
16,4096,298,158,171.6453
16,4096,298,160,167.5236
16,4096,298,162,155.186
16,4096,298,164,174.0892
16,4096,298,166,168.1295
16,4096,298,168,152.207
16,4096,298,170,166.3675
16,4096,298,172,167.7912
16,4096,298,174,165.5072
16,4096,298,176,170.5679
16,4096,298,178,171.7539
16,4096,298,180,166.4058
16,4096,298,182,165.7627
16,4096,298,184,166.3918
16,4096,298,186,181.4319
16,4096,298,188,151.0052
16,4096,298,190,172.9067
16,4096,298,192,180.227
16,4096,298,194,159.9779
16,4096,298,196,171.1095
16,4096,298,198,172.0411
16,4096,298,200,155.8527
16,4096,298,202,170.6056
16,4096,298,204,169.9455
16,4096,298,206,170.7552
16,4096,298,208,162.1287
16,4096,298,210,166.6166
16,4096,298,212,146.3485
16,4096,298,214,172.1344
16,4096,298,216,163.6276
16,4096,298,218,161.7587
16,4096,298,220,161.9471
16,4096,298,222,162.1039
16,4096,298,224,142.6954
16,4096,298,226,161.3986
16,4096,298,228,163.4853
16,4096,298,230,158.3202
16,4096,298,232,134.1059
16,4096,298,234,166.221
16,4096,298,236,158.8002
16,4096,298,238,147.3397
16,4096,298,240,155.1415
16,4096,298,242,159.3559
16,4096,298,244,132.3144
16,4096,298,246,152.1816
16,4096,298,248,157.6685
16,4096,298,250,130.4035
16,4096,298,252,151.5806
16,4096,298,254,153.126
16,4096,298,256,146.8723
16,4096,298,258,167.0294
16,4096,298,260,162.5574
16,4096,298,262,137.5293
16,4096,298,264,152.7165
16,4096,298,266,157.6421
16,4096,298,268,134.3234
16,4096,298,270,156.7344
16,4096,298,272,155.839
16,4096,298,274,149.9937
16,4096,298,276,151.656
16,4096,298,278,148.4486
16,4096,298,280,127.5225
16,4096,298,282,145.3691
16,4096,298,284,148.8608
16,4096,298,286,123.4489
16,4096,298,288,151.8803
16,4096,298,290,134.9761
16,4096,298,292,134.4855
16,4096,298,294,136.9801
16,4096,298,296,128.6245
16,4096,300,2,64.2019
16,4096,300,4,111.9494
16,4096,300,6,151.641
16,4096,300,8,194.7947
16,4096,300,10,203.3801
16,4096,300,12,218.4501
16,4096,300,14,229.8103
16,4096,300,16,251.1811
16,4096,300,18,219.6798
16,4096,300,20,244.67
16,4096,300,22,257.3695
16,4096,300,24,247.6154
16,4096,300,26,237.2418
16,4096,300,28,264.4868
16,4096,300,30,249.669
16,4096,300,32,261.212
16,4096,300,34,245.2172
16,4096,300,36,256.9445
16,4096,300,38,253.779
16,4096,300,40,259.7917
16,4096,300,42,234.8423
16,4096,300,44,248.3404
16,4096,300,46,259.261
16,4096,300,48,209.2812
16,4096,300,50,230.0218
16,4096,300,52,231.5703
16,4096,300,54,222.4712
16,4096,300,56,199.8086
16,4096,300,58,183.2912
16,4096,300,60,197.4751
16,4096,300,62,197.0829
16,4096,300,64,170.7533
16,4096,300,66,191.1496
16,4096,300,68,191.5716
16,4096,300,70,193.5064
16,4096,300,72,182.6077
16,4096,300,74,162.853
16,4096,300,76,160.7126
16,4096,300,78,186.9512
16,4096,300,80,181.1303
16,4096,300,82,185.7702
16,4096,300,84,150.3957
16,4096,300,86,186.4836
16,4096,300,88,174.3056
16,4096,300,90,175.29
16,4096,300,92,177.6538
16,4096,300,94,169.3905
16,4096,300,96,171.3769
16,4096,300,98,153.2402
16,4096,300,100,178.1911
16,4096,300,102,178.7005
16,4096,300,104,153.8931
16,4096,300,106,172.3975
16,4096,300,108,165.5478
16,4096,300,110,153.7805
16,4096,300,112,174.2511
16,4096,300,114,177.0925
16,4096,300,116,169.9285
16,4096,300,118,159.8657
16,4096,300,120,168.9299
16,4096,300,122,169.2983
16,4096,300,124,173.6951
16,4096,300,126,167.3813
16,4096,300,128,167.5866
16,4096,300,130,147.955
16,4096,300,132,170.3196
16,4096,300,134,165.9782
16,4096,300,136,147.4866
16,4096,300,138,151.9595
16,4096,300,140,164.4049
16,4096,300,142,159.2762
16,4096,300,144,141.9895
16,4096,300,146,158.4203
16,4096,300,148,158.1729
16,4096,300,150,145.7138
16,4096,300,152,169.413
16,4096,300,154,174.2523
16,4096,300,156,181.1087
16,4096,300,158,175.7666
16,4096,300,160,174.5719
16,4096,300,162,166.9604
16,4096,300,164,171.0451
16,4096,300,166,168.9132
16,4096,300,168,165.5654
16,4096,300,170,172.1837
16,4096,300,172,171.3391
16,4096,300,174,158.2103
16,4096,300,176,166.0237
16,4096,300,178,166.9432
16,4096,300,180,163.504
16,4096,300,182,148.0524
16,4096,300,184,164.5293
16,4096,300,186,172.4624
16,4096,300,188,165.3071
16,4096,300,190,172.5158
16,4096,300,192,169.0623
16,4096,300,194,160.3677
16,4096,300,196,177.8503
16,4096,300,198,170.3915
16,4096,300,200,150.2405
16,4096,300,202,165.2121
16,4096,300,204,172.7332
16,4096,300,206,166.0564
16,4096,300,208,170.7532
16,4096,300,210,163.2692
16,4096,300,212,144.7991
16,4096,300,214,157.6597
16,4096,300,216,165.1431
16,4096,300,218,165.8855
16,4096,300,220,168.3519
16,4096,300,222,163.4869
16,4096,300,224,161.0039
16,4096,300,226,166.7312
16,4096,300,228,138.6329
16,4096,300,230,160.3289
16,4096,300,232,148.5931
16,4096,300,234,153.6664
16,4096,300,236,157.5175
16,4096,300,238,158.837
16,4096,300,240,133.3648
16,4096,300,242,153.0313
16,4096,300,244,157.1625
16,4096,300,246,138.297
16,4096,300,248,153.3338
16,4096,300,250,141.1087
16,4096,300,252,154.8109
16,4096,300,254,155.1097
16,4096,300,256,148.8298
16,4096,300,258,157.0107
16,4096,300,260,156.9807
16,4096,300,262,158.7932
16,4096,300,264,136.1303
16,4096,300,266,148.2714
16,4096,300,268,143.8971
16,4096,300,270,152.9409
16,4096,300,272,152.559
16,4096,300,274,151.31
16,4096,300,276,151.2647
16,4096,300,278,151.8597
16,4096,300,280,154.5019
16,4096,300,282,130.6146
16,4096,300,284,149.5392
16,4096,300,286,136.6016
16,4096,300,288,149.4799
16,4096,300,290,138.2491
16,4096,300,292,122.8579
16,4096,300,294,133.4776
16,4096,300,296,136.8018
16,4096,300,298,113.7291
16,4096,302,2,66.9321
16,4096,302,4,115.5997
16,4096,302,6,156.9102
16,4096,302,8,202.2539
16,4096,302,10,191.5032
16,4096,302,12,235.9696
16,4096,302,14,214.0738
16,4096,302,16,251.6984
16,4096,302,18,230.4681
16,4096,302,20,263.0782
16,4096,302,22,224.1879
16,4096,302,24,256.3903
16,4096,302,26,257.5869
16,4096,302,28,272.378
16,4096,302,30,260.7453
16,4096,302,32,229.8052
16,4096,302,34,255.3992
16,4096,302,36,262.5845
16,4096,302,38,234.3173
16,4096,302,40,252.6183
16,4096,302,42,255.2009
16,4096,302,44,227.4484
16,4096,302,46,250.5516
16,4096,302,48,231.0505
16,4096,302,50,223.403
16,4096,302,52,229.128
16,4096,302,54,227.4898
16,4096,302,56,194.3534
16,4096,302,58,191.7383
16,4096,302,60,179.7662
16,4096,302,62,188.4913
16,4096,302,64,196.9945
16,4096,302,66,168.4325
16,4096,302,68,190.7518
16,4096,302,70,181.8963
16,4096,302,72,188.5255
16,4096,302,74,178.5565
16,4096,302,76,186.5438
16,4096,302,78,189.2139
16,4096,302,80,155.0753
16,4096,302,82,183.9738
16,4096,302,84,143.8897
16,4096,302,86,178.3302
16,4096,302,88,176.3681
16,4096,302,90,175.4032
16,4096,302,92,178.4258
16,4096,302,94,181.6678
16,4096,302,96,171.3142
16,4096,302,98,170.3567
16,4096,302,100,172.0711
16,4096,302,102,179.4734
16,4096,302,104,181.1961
16,4096,302,106,175.5575
16,4096,302,108,174.7812
16,4096,302,110,163.1935
16,4096,302,112,173.7802
16,4096,302,114,177.7406
16,4096,302,116,168.359
16,4096,302,118,176.1045
16,4096,302,120,158.6216
16,4096,302,122,166.0334
16,4096,302,124,167.3195
16,4096,302,126,162.6468
16,4096,302,128,176.2683
16,4096,302,130,163.9263
16,4096,302,132,174.8843
16,4096,302,134,173.8944
16,4096,302,136,162.0849
16,4096,302,138,166.006
16,4096,302,140,164.7637
16,4096,302,142,145.1131
16,4096,302,144,162.5196
16,4096,302,146,144.134
16,4096,302,148,163.7454
16,4096,302,150,165.4399
16,4096,302,152,173.5222
16,4096,302,154,173.9647
16,4096,302,156,173.1071
16,4096,302,158,179.8867
16,4096,302,160,162.3577
16,4096,302,162,174.4662
16,4096,302,164,172.302
16,4096,302,166,172.1918
16,4096,302,168,158.3148
16,4096,302,170,173.789
16,4096,302,172,173.964
16,4096,302,174,173.2674
16,4096,302,176,148.1177
16,4096,302,178,172.1864
16,4096,302,180,167.3581
16,4096,302,182,169.5193
16,4096,302,184,170.0707
16,4096,302,186,175.7332
16,4096,302,188,155.8382
16,4096,302,190,178.1619
16,4096,302,192,175.7544
16,4096,302,194,149.7656
16,4096,302,196,176.1179
16,4096,302,198,174.392
16,4096,302,200,174.3808
16,4096,302,202,171.3961
16,4096,302,204,177.2701
16,4096,302,206,155.0512
16,4096,302,208,156.6176
16,4096,302,210,168.0033
16,4096,302,212,170.5043
16,4096,302,214,163.6052
16,4096,302,216,164.9399
16,4096,302,218,169.3377
16,4096,302,220,145.7443
16,4096,302,222,163.6822
16,4096,302,224,163.0753
16,4096,302,226,139.9673
16,4096,302,228,165.6461
16,4096,302,230,162.3181
16,4096,302,232,165.4493
16,4096,302,234,158.8911
16,4096,302,236,164.2952
16,4096,302,238,156.6768
16,4096,302,240,134.1342
16,4096,302,242,156.5976
16,4096,302,244,152.1873
16,4096,302,246,157.4052
16,4096,302,248,156.6343
16,4096,302,250,157.8431
16,4096,302,252,156.1005
16,4096,302,254,152.4482
16,4096,302,256,152.5137
16,4096,302,258,141.2947
16,4096,302,260,157.9987
16,4096,302,262,160.4435
16,4096,302,264,152.223
16,4096,302,266,163.0391
16,4096,302,268,154.8309
16,4096,302,270,126.6502
16,4096,302,272,159.1525
16,4096,302,274,152.7284
16,4096,302,276,149.8684
16,4096,302,278,133.8943
16,4096,302,280,139.7596
16,4096,302,282,145.6096
16,4096,302,284,164.9468
16,4096,302,286,152.71
16,4096,302,288,128.6091
16,4096,302,290,142.3503
16,4096,302,292,140.0116
16,4096,302,294,120.1353
16,4096,302,296,137.7259
16,4096,302,298,143.5933
16,4096,302,300,140.9349
16,4096,304,2,66.1609
16,4096,304,4,112.6074
16,4096,304,6,142.4564
16,4096,304,8,191.4427
16,4096,304,10,184.8131
16,4096,304,12,217.9765
16,4096,304,14,207.5937
16,4096,304,16,243.0925
16,4096,304,18,246.8849
16,4096,304,20,249.7301
16,4096,304,22,256.5411
16,4096,304,24,244.3331
16,4096,304,26,227.1761
16,4096,304,28,256.82
16,4096,304,30,254.7387
16,4096,304,32,242.53
16,4096,304,34,249.1647
16,4096,304,36,258.8218
16,4096,304,38,262.324
16,4096,304,40,240.5669
16,4096,304,42,250.925
16,4096,304,44,256.8512
16,4096,304,46,263.0875
16,4096,304,48,204.6937
16,4096,304,50,209.4274
16,4096,304,52,233.9354
16,4096,304,54,216.3353
16,4096,304,56,187.9425
16,4096,304,58,190.123
16,4096,304,60,173.0086
16,4096,304,62,186.2459
16,4096,304,64,179.2777
16,4096,304,66,198.9492
16,4096,304,68,166.5241
16,4096,304,70,186.7293
16,4096,304,72,183.7667
16,4096,304,74,182.8208
16,4096,304,76,190.1342
16,4096,304,78,186.8201
16,4096,304,80,160.673
16,4096,304,82,166.2353
16,4096,304,84,184.4863
16,4096,304,86,187.8741
16,4096,304,88,169.6822
16,4096,304,90,178.0109
16,4096,304,92,155.4654
16,4096,304,94,173.5806
16,4096,304,96,154.1731
16,4096,304,98,149.9723
16,4096,304,100,167.5144
16,4096,304,102,163.4244
16,4096,304,104,181.9042
16,4096,304,106,171.1973
16,4096,304,108,180.8503
16,4096,304,110,152.5425
16,4096,304,112,167.8726
16,4096,304,114,178.2607
16,4096,304,116,173.1115
16,4096,304,118,173.7816
16,4096,304,120,169.1925
16,4096,304,122,161.7637
16,4096,304,124,169.3797
16,4096,304,126,175.8842
16,4096,304,128,155.5028
16,4096,304,130,176.1634
16,4096,304,132,172.7799
16,4096,304,134,152.5825
16,4096,304,136,170.8598
16,4096,304,138,166.4062
16,4096,304,140,167.4509
16,4096,304,142,170.0579
16,4096,304,144,164.8309
16,4096,304,146,160.2287
16,4096,304,148,141.2736
16,4096,304,150,167.8481
16,4096,304,152,172.609
16,4096,304,154,170.053
16,4096,304,156,143.5682
16,4096,304,158,175.7747
16,4096,304,160,165.1103
16,4096,304,162,173.8499
16,4096,304,164,171.7169
16,4096,304,166,169.9813
16,4096,304,168,171.7349
16,4096,304,170,148.9433
16,4096,304,172,171.5784
16,4096,304,174,174.0093
16,4096,304,176,161.7235
16,4096,304,178,170.1708
16,4096,304,180,171.4503
16,4096,304,182,169.7401
16,4096,304,184,162.1421
16,4096,304,186,151.1268
16,4096,304,188,168.0998
16,4096,304,190,179.8814
16,4096,304,192,152.9069
16,4096,304,194,175.2754
16,4096,304,196,167.4036
16,4096,304,198,175.3439
16,4096,304,200,174.5715
16,4096,304,202,173.6601
16,4096,304,204,167.0754
16,4096,304,206,145.2121
16,4096,304,208,170.2672
16,4096,304,210,141.9173
16,4096,304,212,174.289
16,4096,304,214,170.641
16,4096,304,216,165.7944
16,4096,304,218,156.5774
16,4096,304,220,164.196
16,4096,304,222,162.4851
16,4096,304,224,166.0746
16,4096,304,226,136.1796
16,4096,304,228,157.7451
16,4096,304,230,152.2116
16,4096,304,232,160.8987
16,4096,304,234,163.0128
16,4096,304,236,136.6982
16,4096,304,238,160.9709
16,4096,304,240,159.6828
16,4096,304,242,153.5541
16,4096,304,244,153.7862
16,4096,304,246,157.8724
16,4096,304,248,132.0212
16,4096,304,250,153.3201
16,4096,304,252,155.7195
16,4096,304,254,133.244
16,4096,304,256,156.7727
16,4096,304,258,165.7262
16,4096,304,260,159.8908
16,4096,304,262,155.1067
16,4096,304,264,131.5852
16,4096,304,266,150.4966
16,4096,304,268,161.9774
16,4096,304,270,134.8371
16,4096,304,272,157.8362
16,4096,304,274,155.3684
16,4096,304,276,155.2734
16,4096,304,278,155.3
16,4096,304,280,151.0803
16,4096,304,282,132.7054
16,4096,304,284,152.2535
16,4096,304,286,145.9342
16,4096,304,288,145.5718
16,4096,304,290,140.2018
16,4096,304,292,139.7233
16,4096,304,294,139.2145
16,4096,304,296,130.5052
16,4096,304,298,137.6104
16,4096,304,300,134.2782
16,4096,304,302,118.6044
16,4096,306,2,65.2666
16,4096,306,4,116.77
16,4096,306,6,151.5215
16,4096,306,8,190.8438
16,4096,306,10,209.6416
16,4096,306,12,210.985
16,4096,306,14,228.9573
16,4096,306,16,250.1326
16,4096,306,18,243.9774
16,4096,306,20,226.9292
16,4096,306,22,268.8647
16,4096,306,24,242.7099
16,4096,306,26,248.0088
16,4096,306,28,276.0456
16,4096,306,30,259.4981
16,4096,306,32,261.5496
16,4096,306,34,223.9705
16,4096,306,36,272.3561
16,4096,306,38,257.8178
16,4096,306,40,245.3367
16,4096,306,42,244.8007
16,4096,306,44,258.731
16,4096,306,46,232.5001
16,4096,306,48,234.6986
16,4096,306,50,219.0887
16,4096,306,52,226.0921
16,4096,306,54,221.7754
16,4096,306,56,194.7245
16,4096,306,58,192.7843
16,4096,306,60,183.5814
16,4096,306,62,183.0477
16,4096,306,64,195.0475
16,4096,306,66,178.9774
16,4096,306,68,194.9861
16,4096,306,70,167.0466
16,4096,306,72,173.2657
16,4096,306,74,167.7916
16,4096,306,76,182.7075
16,4096,306,78,160.4638
16,4096,306,80,190.0004
16,4096,306,82,164.4906
16,4096,306,84,184.4358
16,4096,306,86,172.9737
16,4096,306,88,159.9483
16,4096,306,90,155.9254
16,4096,306,92,166.1662
16,4096,306,94,173.7526
16,4096,306,96,175.9462
16,4096,306,98,151.2566
16,4096,306,100,175.5079
16,4096,306,102,179.1581
16,4096,306,104,178.3746
16,4096,306,106,171.0689
16,4096,306,108,173.9913
16,4096,306,110,160.0795
16,4096,306,112,161.1152
16,4096,306,114,172.233
16,4096,306,116,173.6672
16,4096,306,118,172.3743
16,4096,306,120,162.3642
16,4096,306,122,172.282
16,4096,306,124,153.6851
16,4096,306,126,151.4231
16,4096,306,128,169.4904
16,4096,306,130,169.5536
16,4096,306,132,174.8875
16,4096,306,134,168.9986
16,4096,306,136,170.6363
16,4096,306,138,158.172
16,4096,306,140,169.533
16,4096,306,142,145.6893
16,4096,306,144,163.9023
16,4096,306,146,160.3351
16,4096,306,148,137.8301
16,4096,306,150,151.9425
16,4096,306,152,160.2407
16,4096,306,154,161.1873
16,4096,306,156,171.9496
16,4096,306,158,155.4132
16,4096,306,160,175.4188
16,4096,306,162,177.4863
16,4096,306,164,155.1665
16,4096,306,166,175.9002
16,4096,306,168,172.1459
16,4096,306,170,175.9798
16,4096,306,172,168.3772
16,4096,306,174,149.4928
16,4096,306,176,168.9934
16,4096,306,178,167.7581
16,4096,306,180,165.3691
16,4096,306,182,162.6728
16,4096,306,184,170.2011
16,4096,306,186,161.2893
16,4096,306,188,158.3203
16,4096,306,190,182.2994
16,4096,306,192,173.9017
16,4096,306,194,171.489
16,4096,306,196,165.9817
16,4096,306,198,174.9763
16,4096,306,200,147.478
16,4096,306,202,171.234
16,4096,306,204,161.1708
16,4096,306,206,175.7845
16,4096,306,208,166.9148
16,4096,306,210,173.0904
16,4096,306,212,170.5098
16,4096,306,214,162.83
16,4096,306,216,164.2703
16,4096,306,218,164.5409
16,4096,306,220,166.6252
16,4096,306,222,143.0045
16,4096,306,224,165.1028
16,4096,306,226,153.3942
16,4096,306,228,156.7731
16,4096,306,230,166.0056
16,4096,306,232,160.07
16,4096,306,234,160.3321
16,4096,306,236,160.8597
16,4096,306,238,139.2108
16,4096,306,240,158.9046
16,4096,306,242,159.4009
16,4096,306,244,139.4211
16,4096,306,246,153.2567
16,4096,306,248,159.5229
16,4096,306,250,148.8447
16,4096,306,252,147.077
16,4096,306,254,150.9106
16,4096,306,256,153.8107
16,4096,306,258,157.2389
16,4096,306,260,161.368
16,4096,306,262,160.4337
16,4096,306,264,158.1619
16,4096,306,266,146.5391
16,4096,306,268,122.1653
16,4096,306,270,158.3534
16,4096,306,272,158.5068
16,4096,306,274,132.2087
16,4096,306,276,153.6649
16,4096,306,278,159.3777
16,4096,306,280,133.3045
16,4096,306,282,151.4306
16,4096,306,284,145.945
16,4096,306,286,142.1267
16,4096,306,288,146.1056
16,4096,306,290,144.7108
16,4096,306,292,122.7305
16,4096,306,294,139.0164
16,4096,306,296,142.697
16,4096,306,298,120.4033
16,4096,306,300,142.8199
16,4096,306,302,138.4772
16,4096,306,304,136.7328
16,4096,308,2,60.3411
16,4096,308,4,113.9998
16,4096,308,6,149.8915
16,4096,308,8,188.0338
16,4096,308,10,184.051
16,4096,308,12,223.3451
16,4096,308,14,224.2264
16,4096,308,16,251.6139
16,4096,308,18,208.5801
16,4096,308,20,235.8399
16,4096,308,22,253.1013
16,4096,308,24,258.1014
16,4096,308,26,239.391
16,4096,308,28,259.07
16,4096,308,30,252.7089
16,4096,308,32,260.3971
16,4096,308,34,236.2265
16,4096,308,36,264.4266
16,4096,308,38,255.4715
16,4096,308,40,268.1749
16,4096,308,42,220.5028
16,4096,308,44,236.5479
16,4096,308,46,249.6108
16,4096,308,48,212.2695
16,4096,308,50,218.0122
16,4096,308,52,235.5934
16,4096,308,54,219.6543
16,4096,308,56,195.9298
16,4096,308,58,180.7516
16,4096,308,60,175.8893
16,4096,308,62,188.8747
16,4096,308,64,149.2262
16,4096,308,66,189.9852
16,4096,308,68,175.4902
16,4096,308,70,166.5978
16,4096,308,72,184.0061
16,4096,308,74,184.1314
16,4096,308,76,155.589
16,4096,308,78,174.9661
16,4096,308,80,183.6247
16,4096,308,82,183.7339
16,4096,308,84,156.1383
16,4096,308,86,182.6647
16,4096,308,88,160.4091
16,4096,308,90,184.4163
16,4096,308,92,171.3767
16,4096,308,94,157.7984
16,4096,308,96,150.4394
16,4096,308,98,173.2119
16,4096,308,100,171.7254
16,4096,308,102,166.6993
16,4096,308,104,157.038
16,4096,308,106,178.3018
16,4096,308,108,155.614
16,4096,308,110,179.2486
16,4096,308,112,176.1732
16,4096,308,114,154.9641
16,4096,308,116,168.8122
16,4096,308,118,176.9284
16,4096,308,120,169.7828
16,4096,308,122,170.9705
16,4096,308,124,148.5492
16,4096,308,126,173.7476
16,4096,308,128,154.7374
16,4096,308,130,172.7119
16,4096,308,132,173.1863
16,4096,308,134,172.1516
16,4096,308,136,157.6174
16,4096,308,138,173.6157
16,4096,308,140,169.1986
16,4096,308,142,148.2897
16,4096,308,144,166.5284
16,4096,308,146,164.3881
16,4096,308,148,160.5929
16,4096,308,150,141.631
16,4096,308,152,159.9024
16,4096,308,154,158.7079
16,4096,308,156,171.4779
16,4096,308,158,166.6966
16,4096,308,160,180.006
16,4096,308,162,166.291
16,4096,308,164,178.6312
16,4096,308,166,171.8289
16,4096,308,168,169.431
16,4096,308,170,168.7457
16,4096,308,172,170.2988
16,4096,308,174,155.2001
16,4096,308,176,171.625
16,4096,308,178,171.8393
16,4096,308,180,165.1881
16,4096,308,182,148.7488
16,4096,308,184,168.8346
16,4096,308,186,183.1242
16,4096,308,188,147.1017
16,4096,308,190,181.4957
16,4096,308,192,175.8064
16,4096,308,194,161.3517
16,4096,308,196,174.757
16,4096,308,198,166.6375
16,4096,308,200,152.3606
16,4096,308,202,167.3327
16,4096,308,204,151.0968
16,4096,308,206,148.9444
16,4096,308,208,168.5402
16,4096,308,210,165.6952
16,4096,308,212,147.6487
16,4096,308,214,166.6297
16,4096,308,216,169.7838
16,4096,308,218,169.6384
16,4096,308,220,165.839
16,4096,308,222,162.8863
16,4096,308,224,165.746
16,4096,308,226,167.236
16,4096,308,228,138.7421
16,4096,308,230,157.623
16,4096,308,232,149.5782
16,4096,308,234,152.325
16,4096,308,236,159.6351
16,4096,308,238,141.4714
16,4096,308,240,155.0995
16,4096,308,242,158.497
16,4096,308,244,160.12
16,4096,308,246,138.3074
16,4096,308,248,153.628
16,4096,308,250,139.1631
16,4096,308,252,155.4355
16,4096,308,254,152.3191
16,4096,308,256,131.0252
16,4096,308,258,162.6572
16,4096,308,260,159.8234
16,4096,308,262,137.3837
16,4096,308,264,162.472
16,4096,308,266,147.0226
16,4096,308,268,154.1084
16,4096,308,270,158.0372
16,4096,308,272,145.6252
16,4096,308,274,134.7084
16,4096,308,276,156.2893
16,4096,308,278,146.5881
16,4096,308,280,150.8296
16,4096,308,282,150.6101
16,4096,308,284,129.2564
16,4096,308,286,146.7156
16,4096,308,288,149.8269
16,4096,308,290,133.2427
16,4096,308,292,130.6141
16,4096,308,294,136.9592
16,4096,308,296,131.5783
16,4096,308,298,137.133
16,4096,308,300,141.807
16,4096,308,302,117.7542
16,4096,308,304,127.0066
16,4096,308,306,146.3074
16,4096,310,2,65.2786
16,4096,310,4,112.946
16,4096,310,6,148.7683
16,4096,310,8,199.8333
16,4096,310,10,171.4039
16,4096,310,12,231.9783
16,4096,310,14,198.1577
16,4096,310,16,244.6057
16,4096,310,18,240.2731
16,4096,310,20,236.5643
16,4096,310,22,253.0818
16,4096,310,24,240.3375
16,4096,310,26,237.3042
16,4096,310,28,259.105
16,4096,310,30,224.9018
16,4096,310,32,256.4012
16,4096,310,34,253.6808
16,4096,310,36,243.9728
16,4096,310,38,258.5792
16,4096,310,40,261.422
16,4096,310,42,249.7147
16,4096,310,44,253.5023
16,4096,310,46,216.7181
16,4096,310,48,226.5669
16,4096,310,50,216.475
16,4096,310,52,199.9407
16,4096,310,54,215.5178
16,4096,310,56,194.9477
16,4096,310,58,167.5784
16,4096,310,60,172.9182
16,4096,310,62,189.0312
16,4096,310,64,183.2322
16,4096,310,66,165.8735
16,4096,310,68,187.0109
16,4096,310,70,184.6525
16,4096,310,72,149.5744
16,4096,310,74,179.244
16,4096,310,76,175.7246
16,4096,310,78,157.5879
16,4096,310,80,177.9471
16,4096,310,82,182.4592
16,4096,310,84,145.0014
16,4096,310,86,185.2003
16,4096,310,88,182.4329
16,4096,310,90,149.5469
16,4096,310,92,178.8535
16,4096,310,94,181.0504
16,4096,310,96,176.1699
16,4096,310,98,175.0416
16,4096,310,100,169.2601
16,4096,310,102,173.1095
16,4096,310,104,176.8625
16,4096,310,106,175.1807
16,4096,310,108,156.2055
16,4096,310,110,176.365
16,4096,310,112,177.1436
16,4096,310,114,147.8516
16,4096,310,116,167.42
16,4096,310,118,169.5905
16,4096,310,120,152.6491
16,4096,310,122,168.6258
16,4096,310,124,150.1855
16,4096,310,126,172.8829
16,4096,310,128,171.9887
16,4096,310,130,147.1165
16,4096,310,132,172.5087
16,4096,310,134,169.2327
16,4096,310,136,147.1436
16,4096,310,138,166.7148
16,4096,310,140,151.6298
16,4096,310,142,160.2548
16,4096,310,144,166.0857
16,4096,310,146,141.5057
16,4096,310,148,160.6327
16,4096,310,150,149.8346
16,4096,310,152,161.3281
16,4096,310,154,160.2068
16,4096,310,156,148.9323
16,4096,310,158,152.6096
16,4096,310,160,168.2492
16,4096,310,162,175.0473
16,4096,310,164,155.5367
16,4096,310,166,167.4098
16,4096,310,168,171.428
16,4096,310,170,166.9303
16,4096,310,172,173.4789
16,4096,310,174,148.8167
16,4096,310,176,164.129
16,4096,310,178,147.0869
16,4096,310,180,168.1112
16,4096,310,182,167.7977
16,4096,310,184,147.6192
16,4096,310,186,178.9344
16,4096,310,188,165.9864
16,4096,310,190,164.7685
16,4096,310,192,176.9535
16,4096,310,194,171.8919
16,4096,310,196,177.9626
16,4096,310,198,177.2677
16,4096,310,200,173.446
16,4096,310,202,148.4149
16,4096,310,204,168.8619
16,4096,310,206,168.5494
16,4096,310,208,146.7498
16,4096,310,210,171.5882
16,4096,310,212,166.4703
16,4096,310,214,158.8434
16,4096,310,216,155.8384
16,4096,310,218,169.4158
16,4096,310,220,168.9904
16,4096,310,222,147.2275
16,4096,310,224,169.0326
16,4096,310,226,165.7395
16,4096,310,228,137.0393
16,4096,310,230,162.871
16,4096,310,232,157.7549
16,4096,310,234,138.339
16,4096,310,236,158.3571
16,4096,310,238,161.0393
16,4096,310,240,163.1995
16,4096,310,242,157.9069
16,4096,310,244,139.8735
16,4096,310,246,153.0157
16,4096,310,248,154.6446
16,4096,310,250,135.7454
16,4096,310,252,155.6923
16,4096,310,254,153.7819
16,4096,310,256,151.6991
16,4096,310,258,165.7413
16,4096,310,260,136.0343
16,4096,310,262,155.5987
16,4096,310,264,159.9306
16,4096,310,266,153.072
16,4096,310,268,154.6525
16,4096,310,270,137.941
16,4096,310,272,150.7749
16,4096,310,274,151.0261
16,4096,310,276,156.7828
16,4096,310,278,145.3264
16,4096,310,280,147.2008
16,4096,310,282,131.8993
16,4096,310,284,152.0873
16,4096,310,286,151.2493
16,4096,310,288,127.013
16,4096,310,290,139.5441
16,4096,310,292,142.4219
16,4096,310,294,142.7518
16,4096,310,296,134.3
16,4096,310,298,143.3887
16,4096,310,300,137.5001
16,4096,310,302,133.4672
16,4096,310,304,136.0361
16,4096,310,306,135.7366
16,4096,310,308,145.5858
16,4096,312,2,62.7364
16,4096,312,4,113.7705
16,4096,312,6,143.413
16,4096,312,8,200.8092
16,4096,312,10,194.5244
16,4096,312,12,205.3877
16,4096,312,14,237.3414
16,4096,312,16,241.9705
16,4096,312,18,235.3553
16,4096,312,20,251.0824
16,4096,312,22,214.3928
16,4096,312,24,271.346
16,4096,312,26,251.2129
16,4096,312,28,221.4663
16,4096,312,30,250.3062
16,4096,312,32,267.0082
16,4096,312,34,241.822
16,4096,312,36,258.9935
16,4096,312,38,251.4926
16,4096,312,40,255.5827
16,4096,312,42,244.9365
16,4096,312,44,258.348
16,4096,312,46,249.0129
16,4096,312,48,201.3047
16,4096,312,50,220.5987
16,4096,312,52,225.1667
16,4096,312,54,194.7782
16,4096,312,56,189.9237
16,4096,312,58,187.8776
16,4096,312,60,167.7226
16,4096,312,62,170.007
16,4096,312,64,190.4247
16,4096,312,66,166.2425
16,4096,312,68,185.6669
16,4096,312,70,186.9965
16,4096,312,72,165.5818
16,4096,312,74,156.0931
16,4096,312,76,176.3125
16,4096,312,78,181.1107
16,4096,312,80,173.4095
16,4096,312,82,173.6134
16,4096,312,84,179.3303
16,4096,312,86,178.6233
16,4096,312,88,158.3102
16,4096,312,90,177.5996
16,4096,312,92,173.9891
16,4096,312,94,150.1571
16,4096,312,96,171.9729
16,4096,312,98,151.5111
16,4096,312,100,170.3798
16,4096,312,102,166.9081
16,4096,312,104,176.8595
16,4096,312,106,171.7615
16,4096,312,108,167.4398
16,4096,312,110,172.5427
16,4096,312,112,152.3894
16,4096,312,114,166.5426
16,4096,312,116,147.2707
16,4096,312,118,168.1683
16,4096,312,120,160.9803
16,4096,312,122,165.6196
16,4096,312,124,165.319
16,4096,312,126,169.2382
16,4096,312,128,163.8063
16,4096,312,130,166.554
16,4096,312,132,146.6445
16,4096,312,134,169.3967
16,4096,312,136,164.8396
16,4096,312,138,168.6536
16,4096,312,140,168.6391
16,4096,312,142,162.7441
16,4096,312,144,150.9748
16,4096,312,146,161.5025
16,4096,312,148,163.3578
16,4096,312,150,159.2732
16,4096,312,152,138.5127
16,4096,312,154,156.9413
16,4096,312,156,168.9881
16,4096,312,158,156.7732
16,4096,312,160,165.6562
16,4096,312,162,173.1535
16,4096,312,164,151.1139
16,4096,312,166,173.8777
16,4096,312,168,171.5375
16,4096,312,170,162.1808
16,4096,312,172,170.7696
16,4096,312,174,167.7655
16,4096,312,176,154.3589
16,4096,312,178,166.0951
16,4096,312,180,163.979
16,4096,312,182,167.9465
16,4096,312,184,162.3748
16,4096,312,186,161.8373
16,4096,312,188,164.4261
16,4096,312,190,174.4973
16,4096,312,192,161.6639
16,4096,312,194,169.5617
16,4096,312,196,155.6574
16,4096,312,198,176.784
16,4096,312,200,177.4236
16,4096,312,202,148.5968
16,4096,312,204,168.9575
16,4096,312,206,170.4351
16,4096,312,208,167.1235
16,4096,312,210,151.1915
16,4096,312,212,166.0871
16,4096,312,214,162.7443
16,4096,312,216,162.305
16,4096,312,218,166.7584
16,4096,312,220,167.6304
16,4096,312,222,158.428
16,4096,312,224,164.0018
16,4096,312,226,165.2674
16,4096,312,228,139.966
16,4096,312,230,157.079
16,4096,312,232,160.2173
16,4096,312,234,142.6826
16,4096,312,236,160.1953
16,4096,312,238,158.6483
16,4096,312,240,136.168
16,4096,312,242,157.6947
16,4096,312,244,146.5858
16,4096,312,246,147.3341
16,4096,312,248,155.6154
16,4096,312,250,134.8841
16,4096,312,252,139.0503
16,4096,312,254,154.579
16,4096,312,256,149.4054
16,4096,312,258,140.7481
16,4096,312,260,156.9273
16,4096,312,262,154.9427
16,4096,312,264,155.11
16,4096,312,266,133.6839
16,4096,312,268,146.1783
16,4096,312,270,147.7839
16,4096,312,272,156.9095
16,4096,312,274,155.6505
16,4096,312,276,150.3231
16,4096,312,278,151.7131
16,4096,312,280,148.532
16,4096,312,282,147.9756
16,4096,312,284,131.916
16,4096,312,286,151.1351
16,4096,312,288,135.0173
16,4096,312,290,146.6372
16,4096,312,292,145.1666
16,4096,312,294,123.7539
16,4096,312,296,144.2711
16,4096,312,298,145.6827
16,4096,312,300,118.589
16,4096,312,302,142.0109
16,4096,312,304,141.031
16,4096,312,306,145.024
16,4096,312,308,145.9299
16,4096,312,310,125.8027
16,4096,314,2,61.0718
16,4096,314,4,110.7229
16,4096,314,6,139.1889
16,4096,314,8,190.5962
16,4096,314,10,186.549
16,4096,314,12,212.0266
16,4096,314,14,226.3851
16,4096,314,16,244.5697
16,4096,314,18,214.2351
16,4096,314,20,244.8725
16,4096,314,22,253.4897
16,4096,314,24,264.3032
16,4096,314,26,234.4544
16,4096,314,28,238.8177
16,4096,314,30,252.3639
16,4096,314,32,238.8019
16,4096,314,34,255.8528
16,4096,314,36,252.8713
16,4096,314,38,251.2726
16,4096,314,40,261.9053
16,4096,314,42,255.0194
16,4096,314,44,221.2274
16,4096,314,46,251.3681
16,4096,314,48,222.8565
16,4096,314,50,202.6004
16,4096,314,52,204.9536
16,4096,314,54,203.7906
16,4096,314,56,187.191
16,4096,314,58,171.6864
16,4096,314,60,167.7633
16,4096,314,62,183.0528
16,4096,314,64,164.3087
16,4096,314,66,178.1678
16,4096,314,68,179.1607
16,4096,314,70,153.6558
16,4096,314,72,183.9893
16,4096,314,74,156.5985
16,4096,314,76,175.4107
16,4096,314,78,160.3709
16,4096,314,80,178.1236
16,4096,314,82,151.2353
16,4096,314,84,177.3573
16,4096,314,86,173.0736
16,4096,314,88,173.2842
16,4096,314,90,172.9951
16,4096,314,92,170.5198
16,4096,314,94,165.3847
16,4096,314,96,167.3044
16,4096,314,98,167.6159
16,4096,314,100,168.8806
16,4096,314,102,165.8402
16,4096,314,104,163.318
16,4096,314,106,172.8787
16,4096,314,108,149.8804
16,4096,314,110,168.9195
16,4096,314,112,164.505
16,4096,314,114,171.8918
16,4096,314,116,157.2686
16,4096,314,118,169.5368
16,4096,314,120,166.7191
16,4096,314,122,168.2197
16,4096,314,124,140.324
16,4096,314,126,168.4153
16,4096,314,128,170.6838
16,4096,314,130,146.0799
16,4096,314,132,165.6348
16,4096,314,134,163.0849
16,4096,314,136,167.0875
16,4096,314,138,167.4689
16,4096,314,140,166.4555
16,4096,314,142,136.4924
16,4096,314,144,162.8773
16,4096,314,146,162.1663
16,4096,314,148,141.3492
16,4096,314,150,158.194
16,4096,314,152,152.1422
16,4096,314,154,143.2555
16,4096,314,156,158.4285
16,4096,314,158,169.7
16,4096,314,160,143.808
16,4096,314,162,165.567
16,4096,314,164,174.7827
16,4096,314,166,148.9404
16,4096,314,168,175.606
16,4096,314,170,164.3079
16,4096,314,172,166.1694
16,4096,314,174,164.9527
16,4096,314,176,163.3527
16,4096,314,178,163.3054
16,4096,314,180,151.4501
16,4096,314,182,160.3104
16,4096,314,184,165.1435
16,4096,314,186,176.504
16,4096,314,188,163.6818
16,4096,314,190,169.0833
16,4096,314,192,153.2442
16,4096,314,194,160.1701
16,4096,314,196,173.4107
16,4096,314,198,148.4086
16,4096,314,200,169.9261
16,4096,314,202,171.5821
16,4096,314,204,164.5145
16,4096,314,206,163.8801
16,4096,314,208,164.0655
16,4096,314,210,161.688
16,4096,314,212,161.3222
16,4096,314,214,164.7596
16,4096,314,216,162.8573
16,4096,314,218,163.2065
16,4096,314,220,161.9976
16,4096,314,222,161.215
16,4096,314,224,141.8503
16,4096,314,226,161.8814
16,4096,314,228,162.9452
16,4096,314,230,147.796
16,4096,314,232,159.8685
16,4096,314,234,158.0604
16,4096,314,236,136.83
16,4096,314,238,155.0873
16,4096,314,240,154.1945
16,4096,314,242,151.6536
16,4096,314,244,153.8463
16,4096,314,246,138.371
16,4096,314,248,141.6972
16,4096,314,250,152.1217
16,4096,314,252,154.7761
16,4096,314,254,149.3143
16,4096,314,256,133.9797
16,4096,314,258,152.3912
16,4096,314,260,155.2562
16,4096,314,262,134.4525
16,4096,314,264,141.715
16,4096,314,266,145.596
16,4096,314,268,154.1179
16,4096,314,270,144.686
16,4096,314,272,145.8449
16,4096,314,274,149.5284
16,4096,314,276,143.1731
16,4096,314,278,142.9666
16,4096,314,280,148.336
16,4096,314,282,130.124
16,4096,314,284,136.397
16,4096,314,286,147.6491
16,4096,314,288,147.3547
16,4096,314,290,125.5861
16,4096,314,292,140.6029
16,4096,314,294,135.695
16,4096,314,296,139.1472
16,4096,314,298,149.0369
16,4096,314,300,123.5225
16,4096,314,302,137.7773
16,4096,314,304,135.8367
16,4096,314,306,145.8822
16,4096,314,308,122.1244
16,4096,314,310,142.4091
16,4096,314,312,137.7652
16,4096,316,2,65.0457
16,4096,316,4,112.0433
16,4096,316,6,138.7577
16,4096,316,8,183.6747
16,4096,316,10,190.842
16,4096,316,12,206.5532
16,4096,316,14,202.8241
16,4096,316,16,230.859
16,4096,316,18,221.197
16,4096,316,20,246.4379
16,4096,316,22,251.185
16,4096,316,24,235.4171
16,4096,316,26,238.9604
16,4096,316,28,247.3309
16,4096,316,30,239.6717
16,4096,316,32,258.4012
16,4096,316,34,257.5489
16,4096,316,36,228.326
16,4096,316,38,255.8986
16,4096,316,40,245.1923
16,4096,316,42,235.1349
16,4096,316,44,240.7543
16,4096,316,46,218.512
16,4096,316,48,219.3517
16,4096,316,50,213.3673
16,4096,316,52,212.0826
16,4096,316,54,214.827
16,4096,316,56,157.6498
16,4096,316,58,183.2878
16,4096,316,60,182.0637
16,4096,316,62,171.8962
16,4096,316,64,159.4362
16,4096,316,66,180.8931
16,4096,316,68,162.7461
16,4096,316,70,176.4717
16,4096,316,72,178.5907
16,4096,316,74,164.4004
16,4096,316,76,152.0055
16,4096,316,78,168.7555
16,4096,316,80,174.8692
16,4096,316,82,171.2391
16,4096,316,84,176.161
16,4096,316,86,155.2727
16,4096,316,88,173.7582
16,4096,316,90,157.0346
16,4096,316,92,174.9589
16,4096,316,94,155.6483
16,4096,316,96,148.2012
16,4096,316,98,163.6909
16,4096,316,100,166.7885
16,4096,316,102,163.7068
16,4096,316,104,162.2656
16,4096,316,106,169.6497
16,4096,316,108,175.0689
16,4096,316,110,158.5989
16,4096,316,112,169.2892
16,4096,316,114,169.2307
16,4096,316,116,163.6011
16,4096,316,118,155.1575
16,4096,316,120,163.0494
16,4096,316,122,168.251
16,4096,316,124,147.2892
16,4096,316,126,163.2655
16,4096,316,128,159.9881
16,4096,316,130,152.2383
16,4096,316,132,165.5067
16,4096,316,134,164.7431
16,4096,316,136,163.4643
16,4096,316,138,146.4639
16,4096,316,140,160.6315
16,4096,316,142,143.6892
16,4096,316,144,167.6925
16,4096,316,146,140.5956
16,4096,316,148,143.5446
16,4096,316,150,163.1215
16,4096,316,152,155.512
16,4096,316,154,155.6488
16,4096,316,156,137.7574
16,4096,316,158,164.1579
16,4096,316,160,163.8852
16,4096,316,162,169.3442
16,4096,316,164,172.3764
16,4096,316,166,160.5906
16,4096,316,168,166.1502
16,4096,316,170,161.7171
16,4096,316,172,168.0411
16,4096,316,174,145.8612
16,4096,316,176,162.3318
16,4096,316,178,163.4251
16,4096,316,180,161.082
16,4096,316,182,145.2954
16,4096,316,184,169.7429
16,4096,316,186,168.684
16,4096,316,188,166.9743
16,4096,316,190,167.3659
16,4096,316,192,166.2241
16,4096,316,194,161.6575
16,4096,316,196,170.141
16,4096,316,198,149.946
16,4096,316,200,168.5938
16,4096,316,202,167.6448
16,4096,316,204,164.2285
16,4096,316,206,167.9891
16,4096,316,208,163.9679
16,4096,316,210,166.1868
16,4096,316,212,141.8519
16,4096,316,214,160.1767
16,4096,316,216,168.0677
16,4096,316,218,154.4788
16,4096,316,220,165.7051
16,4096,316,222,151.9754
16,4096,316,224,161.8702
16,4096,316,226,149.1516
16,4096,316,228,154.927
16,4096,316,230,155.7622
16,4096,316,232,137.3394
16,4096,316,234,149.4313
16,4096,316,236,159.0725
16,4096,316,238,154.9418
16,4096,316,240,134.1826
16,4096,316,242,156.539
16,4096,316,244,148.312
16,4096,316,246,153.202
16,4096,316,248,158.4248
16,4096,316,250,146.4559
16,4096,316,252,145.485
16,4096,316,254,150.5948
16,4096,316,256,134.2903
16,4096,316,258,155.3518
16,4096,316,260,154.4252
16,4096,316,262,143.005
16,4096,316,264,156.2604
16,4096,316,266,157.4665
16,4096,316,268,151.3395
16,4096,316,270,151.1335
16,4096,316,272,156.8511
16,4096,316,274,154.8659
16,4096,316,276,152.3333
16,4096,316,278,149.5142
16,4096,316,280,129.7308
16,4096,316,282,151.524
16,4096,316,284,151.5158
16,4096,316,286,152.6823
16,4096,316,288,141.9122
16,4096,316,290,147.5111
16,4096,316,292,145.3304
16,4096,316,294,144.6005
16,4096,316,296,144.3468
16,4096,316,298,126.647
16,4096,316,300,146.9944
16,4096,316,302,145.3796
16,4096,316,304,134.9615
16,4096,316,306,144.9096
16,4096,316,308,144.1891
16,4096,316,310,123.4749
16,4096,316,312,142.8674
16,4096,316,314,134.3766
16,4096,318,2,63.3413
16,4096,318,4,112.148
16,4096,318,6,144.8717
16,4096,318,8,186.0964
16,4096,318,10,181.0344
16,4096,318,12,216.4538
16,4096,318,14,208.8571
16,4096,318,16,248.4171
16,4096,318,18,213.2222
16,4096,318,20,250.9023
16,4096,318,22,235.5157
16,4096,318,24,253.0011
16,4096,318,26,232.3645
16,4096,318,28,256.6819
16,4096,318,30,230.5793
16,4096,318,32,243.0551
16,4096,318,34,248.3961
16,4096,318,36,259.6793
16,4096,318,38,218.2663
16,4096,318,40,250.0232
16,4096,318,42,244.4383
16,4096,318,44,245.528
16,4096,318,46,230.568
16,4096,318,48,219.0949
16,4096,318,50,216.0461
16,4096,318,52,195.2436
16,4096,318,54,214.4255
16,4096,318,56,162.1953
16,4096,318,58,177.7089
16,4096,318,60,176.7759
16,4096,318,62,175.7364
16,4096,318,64,160.6073
16,4096,318,66,179.9322
16,4096,318,68,180.2107
16,4096,318,70,177.8952
16,4096,318,72,178.6524
16,4096,318,74,146.2857
16,4096,318,76,165.1996
16,4096,318,78,168.4214
16,4096,318,80,175.9121
16,4096,318,82,173.6733
16,4096,318,84,174.3259
16,4096,318,86,164.0623
16,4096,318,88,173.0106
16,4096,318,90,175.2756
16,4096,318,92,175.494
16,4096,318,94,150.1826
16,4096,318,96,172.094
16,4096,318,98,173.1798
16,4096,318,100,167.7292
16,4096,318,102,163.111
16,4096,318,104,164.4763
16,4096,318,106,150.4667
16,4096,318,108,173.4917
16,4096,318,110,172.663
16,4096,318,112,165.6377
16,4096,318,114,149.6509
16,4096,318,116,169.951
16,4096,318,118,150.3578
16,4096,318,120,167.3567
16,4096,318,122,147.0048
16,4096,318,124,169.741
16,4096,318,126,159.9446
16,4096,318,128,163.5592
16,4096,318,130,168.3175
16,4096,318,132,150.9727
16,4096,318,134,164.127
16,4096,318,136,164.8812
16,4096,318,138,152.1824
16,4096,318,140,160.2826
16,4096,318,142,145.4989
16,4096,318,144,158.9291
16,4096,318,146,153.299
16,4096,318,148,163.0052
16,4096,318,150,139.9332
16,4096,318,152,159.963
16,4096,318,154,160.239
16,4096,318,156,151.5895
16,4096,318,158,156.6312
16,4096,318,160,147.0644
16,4096,318,162,167.701
16,4096,318,164,163.0122
16,4096,318,166,170.9842
16,4096,318,168,167.5012
16,4096,318,170,149.8044
16,4096,318,172,172.5166
16,4096,318,174,165.7477
16,4096,318,176,164.0788
16,4096,318,178,161.1703
16,4096,318,180,162.3057
16,4096,318,182,162.0172
16,4096,318,184,164.543
16,4096,318,186,172.1653
16,4096,318,188,153.6045
16,4096,318,190,167.9333
16,4096,318,192,146.7895
16,4096,318,194,170.0728
16,4096,318,196,165.4552
16,4096,318,198,164.2973
16,4096,318,200,171.4074
16,4096,318,202,155.0927
16,4096,318,204,166.2743
16,4096,318,206,160.6906
16,4096,318,208,168.2376
16,4096,318,210,146.9111
16,4096,318,212,166.5583
16,4096,318,214,167.8041
16,4096,318,216,156.566
16,4096,318,218,166.8634
16,4096,318,220,139.3529
16,4096,318,222,153.9559
16,4096,318,224,169.8016
16,4096,318,226,156.1269
16,4096,318,228,162.8168
16,4096,318,230,139.656
16,4096,318,232,164.6475
16,4096,318,234,164.2066
16,4096,318,236,162.0436
16,4096,318,238,158.1916
16,4096,318,240,138.2513
16,4096,318,242,160.5661
16,4096,318,244,154.3893
16,4096,318,246,154.2528
16,4096,318,248,136.0071
16,4096,318,250,157.863
16,4096,318,252,148.6336
16,4096,318,254,133.8838
16,4096,318,256,154.8743
16,4096,318,258,157.3699
16,4096,318,260,154.836
16,4096,318,262,156.3444
16,4096,318,264,154.1181
16,4096,318,266,150.0965
16,4096,318,268,157.4364
16,4096,318,270,153.9105
16,4096,318,272,149.9195
16,4096,318,274,157.8557
16,4096,318,276,152.6968
16,4096,318,278,139.2091
16,4096,318,280,149.4761
16,4096,318,282,152.0977
16,4096,318,284,146.7304
16,4096,318,286,153.2207
16,4096,318,288,128.3751
16,4096,318,290,140.9927
16,4096,318,292,143.3505
16,4096,318,294,147.7367
16,4096,318,296,136.3663
16,4096,318,298,151.3587
16,4096,318,300,145.3031
16,4096,318,302,125.4484
16,4096,318,304,140.6852
16,4096,318,306,143.2739
16,4096,318,308,121.8574
16,4096,318,310,147.0612
16,4096,318,312,139.0353
16,4096,318,314,133.5934
16,4096,318,316,129.6885
16,4096,320,2,61.3787
16,4096,320,4,113.553
16,4096,320,6,136.4666
16,4096,320,8,196.1048
16,4096,320,10,200.4261
16,4096,320,12,214.5281
16,4096,320,14,207.3959
16,4096,320,16,239.9868
16,4096,320,18,225.0836
16,4096,320,20,244.9786
16,4096,320,22,232.5952
16,4096,320,24,223.1761
16,4096,320,26,242.8729
16,4096,320,28,247.0881
16,4096,320,30,238.7295
16,4096,320,32,239.8691
16,4096,320,34,248.4467
16,4096,320,36,259.5637
16,4096,320,38,233.1403
16,4096,320,40,257.1805
16,4096,320,42,224.2287
16,4096,320,44,250.0797
16,4096,320,46,219.5107
16,4096,320,48,211.1969
16,4096,320,50,206.9786
16,4096,320,52,216.1108
16,4096,320,54,194.0728
16,4096,320,56,180.0873
16,4096,320,58,156.2841
16,4096,320,60,167.703
16,4096,320,62,171.1878
16,4096,320,64,179.2885
16,4096,320,66,159.6768
16,4096,320,68,177.6474
16,4096,320,70,177.0324
16,4096,320,72,181.0344
16,4096,320,74,171.5842
16,4096,320,76,169.4827
16,4096,320,78,168.3219
16,4096,320,80,169.5593
16,4096,320,82,173.9574
16,4096,320,84,171.9212
16,4096,320,86,159.794
16,4096,320,88,164.4182
16,4096,320,90,162.9319
16,4096,320,92,153.4093
16,4096,320,94,167.278
16,4096,320,96,173.3637
16,4096,320,98,168.3987
16,4096,320,100,149.7551
16,4096,320,102,164.6929
16,4096,320,104,163.6333
16,4096,320,106,143.4891
16,4096,320,108,171.114
16,4096,320,110,160.0505
16,4096,320,112,163.2113
16,4096,320,114,148.9715
16,4096,320,116,171.0086
16,4096,320,118,167.7382
16,4096,320,120,167.2643
16,4096,320,122,163.2405
16,4096,320,124,170.1379
16,4096,320,126,166.6069
16,4096,320,128,164.7438
16,4096,320,130,158.5235
16,4096,320,132,136.6066
16,4096,320,134,158.5717
16,4096,320,136,160.8553
16,4096,320,138,151.4862
16,4096,320,140,167.3568
16,4096,320,142,150.5928
16,4096,320,144,161.5345
16,4096,320,146,159.2
16,4096,320,148,138.851
16,4096,320,150,153.3186
16,4096,320,152,147.1078
16,4096,320,154,156.1624
16,4096,320,156,151.3486
16,4096,320,158,157.3279
16,4096,320,160,163.4247
16,4096,320,162,147.4996
16,4096,320,164,137.3278
16,4096,320,166,165.4024
16,4096,320,168,148.9842
16,4096,320,170,162.8139
16,4096,320,172,163.8172
16,4096,320,174,160.3751
16,4096,320,176,158.239
16,4096,320,178,159.3107
16,4096,320,180,169.5171
16,4096,320,182,159.5033
16,4096,320,184,138.4156
16,4096,320,186,163.5041
16,4096,320,188,154.6956
16,4096,320,190,174.4659
16,4096,320,192,172.1002
16,4096,320,194,152.2801
16,4096,320,196,167.4266
16,4096,320,198,166.2182
16,4096,320,200,169.0328
16,4096,320,202,165.9245
16,4096,320,204,162.5881
16,4096,320,206,140.8803
16,4096,320,208,160.9336
16,4096,320,210,159.8902
16,4096,320,212,159.8077
16,4096,320,214,152.901
16,4096,320,216,165.006
16,4096,320,218,161.5488
16,4096,320,220,145.1792
16,4096,320,222,162.4332
16,4096,320,224,161.1256
16,4096,320,226,154.0168
16,4096,320,228,161.7229
16,4096,320,230,151.675
16,4096,320,232,160.7743
16,4096,320,234,156.2748
16,4096,320,236,162.9003
16,4096,320,238,158.9224
16,4096,320,240,128.1825
16,4096,320,242,159.3879
16,4096,320,244,147.2243
16,4096,320,246,135.613
16,4096,320,248,155.9401
16,4096,320,250,149.2238
16,4096,320,252,150.3171
16,4096,320,254,156.522
16,4096,320,256,155.2734
16,4096,320,258,133.3409
16,4096,320,260,139.7486
16,4096,320,262,150.8333
16,4096,320,264,133.9336
16,4096,320,266,150.06
16,4096,320,268,154.9666
16,4096,320,270,147.1092
16,4096,320,272,152.825
16,4096,320,274,129.5942
16,4096,320,276,147.6275
16,4096,320,278,154.7735
16,4096,320,280,128.4864
16,4096,320,282,151.5856
16,4096,320,284,146.787
16,4096,320,286,129.9963
16,4096,320,288,146.3357
16,4096,320,290,148.416
16,4096,320,292,142.3203
16,4096,320,294,140.2915
16,4096,320,296,145.113
16,4096,320,298,119.6371
16,4096,320,300,145.1053
16,4096,320,302,139.4061
16,4096,320,304,124.4574
16,4096,320,306,139.9378
16,4096,320,308,139.7262
16,4096,320,310,136.4154
16,4096,320,312,132.9873
16,4096,320,314,130.0235
16,4096,320,316,132.5872
16,4096,320,318,119.6806
16,4096,322,2,65.4986
16,4096,322,4,113.6988
16,4096,322,6,148.3871
16,4096,322,8,200.5413
16,4096,322,10,183.1632
16,4096,322,12,225.2906
16,4096,322,14,227.2189
16,4096,322,16,207.7439
16,4096,322,18,237.6454
16,4096,322,20,238.7733
16,4096,322,22,215.8173
16,4096,322,24,263.1551
16,4096,322,26,238.8988
16,4096,322,28,240.0846
16,4096,322,30,235.1896
16,4096,322,32,265.8873
16,4096,322,34,246.0372
16,4096,322,36,227.2466
16,4096,322,38,250.3801
16,4096,322,40,252.9242
16,4096,322,42,246.9259
16,4096,322,44,240.8088
16,4096,322,46,237.9392
16,4096,322,48,222.0649
16,4096,322,50,217.4798
16,4096,322,52,192.0776
16,4096,322,54,214.7104
16,4096,322,56,181.3264
16,4096,322,58,175.4505
16,4096,322,60,163.7926
16,4096,322,62,152.2718
16,4096,322,64,174.5561
16,4096,322,66,160.5608
16,4096,322,68,168.2337
16,4096,322,70,179.8996
16,4096,322,72,175.6481
16,4096,322,74,157.1483
16,4096,322,76,170.3464
16,4096,322,78,151.2726
16,4096,322,80,168.3347
16,4096,322,82,157.5071
16,4096,322,84,165.0435
16,4096,322,86,175.7484
16,4096,322,88,178.4506
16,4096,322,90,169.8332
16,4096,322,92,171.7561
16,4096,322,94,159.7457
16,4096,322,96,167.7968
16,4096,322,98,165.877
16,4096,322,100,163.8253
16,4096,322,102,159.2626
16,4096,322,104,145.9144
16,4096,322,106,152.7753
16,4096,322,108,162.1936
16,4096,322,110,170.4265
16,4096,322,112,163.1869
16,4096,322,114,165.7382
16,4096,322,116,145.6398
16,4096,322,118,161.0917
16,4096,322,120,162.3946
16,4096,322,122,163.4073
16,4096,322,124,168.152
16,4096,322,126,154.7437
16,4096,322,128,161.6652
16,4096,322,130,160.0008
16,4096,322,132,158.9776
16,4096,322,134,139.3208
16,4096,322,136,158.629
16,4096,322,138,163.4294
16,4096,322,140,158.3265
16,4096,322,142,159.5357
16,4096,322,144,144.2316
16,4096,322,146,158.5384
16,4096,322,148,159.2206
16,4096,322,150,154.4645
16,4096,322,152,154.8327
16,4096,322,154,159.159
16,4096,322,156,152.9074
16,4096,322,158,148.4441
16,4096,322,160,142.7186
16,4096,322,162,159.5019
16,4096,322,164,164.2226
16,4096,322,166,170.9333
16,4096,322,168,171.0892
16,4096,322,170,167.0961
16,4096,322,172,166.7079
16,4096,322,174,165.6508
16,4096,322,176,160.8163
16,4096,322,178,165.0523
16,4096,322,180,172.2468
16,4096,322,182,156.9702
16,4096,322,184,168.2382
16,4096,322,186,170.5517
16,4096,322,188,145.3668
16,4096,322,190,169.5563
16,4096,322,192,166.6301
16,4096,322,194,164.6724
16,4096,322,196,166.8536
16,4096,322,198,175.2389
16,4096,322,200,164.7455
16,4096,322,202,156.5949
16,4096,322,204,168.0941
16,4096,322,206,165.3737
16,4096,322,208,158.083
16,4096,322,210,158.0546
16,4096,322,212,165.3746
16,4096,322,214,160.8694
16,4096,322,216,156.3281
16,4096,322,218,162.3087
16,4096,322,220,145.5582
16,4096,322,222,161.0255
16,4096,322,224,165.7859
16,4096,322,226,157.1244
16,4096,322,228,140.6054
16,4096,322,230,162.953
16,4096,322,232,159.3129
16,4096,322,234,139.3328
16,4096,322,236,159.0138
16,4096,322,238,155.0701
16,4096,322,240,147.6497
16,4096,322,242,152.2346
16,4096,322,244,157.7092
16,4096,322,246,138.0638
16,4096,322,248,158.3051
16,4096,322,250,147.3879
16,4096,322,252,137.8604
16,4096,322,254,149.8062
16,4096,322,256,149.1195
16,4096,322,258,141.1696
16,4096,322,260,154.8507
16,4096,322,262,155.0511
16,4096,322,264,135.2429
16,4096,322,266,149.8947
16,4096,322,268,160.7765
16,4096,322,270,132.8556
16,4096,322,272,151.6656
16,4096,322,274,152.9968
16,4096,322,276,139.1395
16,4096,322,278,158.2207
16,4096,322,280,156.276
16,4096,322,282,128.3173
16,4096,322,284,151.1099
16,4096,322,286,151.2612
16,4096,322,288,129.8772
16,4096,322,290,150.1085
16,4096,322,292,144.9563
16,4096,322,294,137.5604
16,4096,322,296,146.3269
16,4096,322,298,146.2734
16,4096,322,300,122.3259
16,4096,322,302,141.8612
16,4096,322,304,139.7219
16,4096,322,306,121.9342
16,4096,322,308,134.8849
16,4096,322,310,135.185
16,4096,322,312,135.4124
16,4096,322,314,134.9801
16,4096,322,316,130.5737
16,4096,322,318,129.6407
16,4096,322,320,128.1142
16,4096,324,2,66.4282
16,4096,324,4,112.5077
16,4096,324,6,146.526
16,4096,324,8,179.6591
16,4096,324,10,203.455
16,4096,324,12,222.2318
16,4096,324,14,221.1939
16,4096,324,16,244.3759
16,4096,324,18,223.7301
16,4096,324,20,249.3826
16,4096,324,22,235.8491
16,4096,324,24,244.4355
16,4096,324,26,255.8485
16,4096,324,28,258.5683
16,4096,324,30,250.5169
16,4096,324,32,254.7828
16,4096,324,34,245.5182
16,4096,324,36,264.9482
16,4096,324,38,231.9392
16,4096,324,40,251.1414
16,4096,324,42,248.4973
16,4096,324,44,225.7992
16,4096,324,46,229.3739
16,4096,324,48,227.2599
16,4096,324,50,213.1119
16,4096,324,52,178.042
16,4096,324,54,208.7046
16,4096,324,56,184.1403
16,4096,324,58,178.042
16,4096,324,60,145.753
16,4096,324,62,177.1468
16,4096,324,64,156.6331
16,4096,324,66,167.7017
16,4096,324,68,153.9951
16,4096,324,70,181.5113
16,4096,324,72,177.4678
16,4096,324,74,176.2676
16,4096,324,76,174.323
16,4096,324,78,153.9691
16,4096,324,80,172.0582
16,4096,324,82,174.1845
16,4096,324,84,172.8812
16,4096,324,86,168.1229
16,4096,324,88,168.3954
16,4096,324,90,169.8257
16,4096,324,92,155.6303
16,4096,324,94,175.2629
16,4096,324,96,177.6208
16,4096,324,98,153.3252
16,4096,324,100,172.6233
16,4096,324,102,166.7224
16,4096,324,104,145.7852
16,4096,324,106,162.4282
16,4096,324,108,168.8255
16,4096,324,110,169.3705
16,4096,324,112,158.6209
16,4096,324,114,172.4457
16,4096,324,116,167.0707
16,4096,324,118,151.4104
16,4096,324,120,163.2504
16,4096,324,122,171.614
16,4096,324,124,165.7848
16,4096,324,126,167.6317
16,4096,324,128,163.612
16,4096,324,130,160.0009
16,4096,324,132,163.6987
16,4096,324,134,162.8847
16,4096,324,136,167.0731
16,4096,324,138,163.3694
16,4096,324,140,166.8826
16,4096,324,142,163.6347
16,4096,324,144,150.0515
16,4096,324,146,162.2029
16,4096,324,148,162.9841
16,4096,324,150,147.6265
16,4096,324,152,163.5718
16,4096,324,154,160.8251
16,4096,324,156,135.5165
16,4096,324,158,154.7124
16,4096,324,160,153.889
16,4096,324,162,143.9737
16,4096,324,164,159.4495
16,4096,324,166,164.0807
16,4096,324,168,165.6287
16,4096,324,170,166.5902
16,4096,324,172,172.6571
16,4096,324,174,170.7118
16,4096,324,176,162.0128
16,4096,324,178,166.557
16,4096,324,180,143.3682
16,4096,324,182,167.9622
16,4096,324,184,165.6497
16,4096,324,186,173.5354
16,4096,324,188,154.8027
16,4096,324,190,169.1653
16,4096,324,192,171.4444
16,4096,324,194,178.7634
16,4096,324,196,168.2692
16,4096,324,198,155.935
16,4096,324,200,165.299
16,4096,324,202,169.0611
16,4096,324,204,144.4302
16,4096,324,206,172.2452
16,4096,324,208,174.653
16,4096,324,210,167.6253
16,4096,324,212,151.0183
16,4096,324,214,168.484
16,4096,324,216,162.9305
16,4096,324,218,154.9831
16,4096,324,220,166.3714
16,4096,324,222,164.7787
16,4096,324,224,165.2531
16,4096,324,226,153.7554
16,4096,324,228,161.655
16,4096,324,230,164.7437
16,4096,324,232,159.1017
16,4096,324,234,137.8989
16,4096,324,236,154.6592
16,4096,324,238,140.5287
16,4096,324,240,155.7264
16,4096,324,242,155.5452
16,4096,324,244,137.8627
16,4096,324,246,151.7871
16,4096,324,248,162.7833
16,4096,324,250,150.7758
16,4096,324,252,146.7693
16,4096,324,254,145.7955
16,4096,324,256,143.629
16,4096,324,258,150.2906
16,4096,324,260,135.4545
16,4096,324,262,153.9896
16,4096,324,264,152.7138
16,4096,324,266,155.5272
16,4096,324,268,129.0891
16,4096,324,270,157.4622
16,4096,324,272,155.9426
16,4096,324,274,153.0545
16,4096,324,276,150.7213
16,4096,324,278,132.8985
16,4096,324,280,157.8007
16,4096,324,282,164.0673
16,4096,324,284,158.2579
16,4096,324,286,153.7248
16,4096,324,288,128.0858
16,4096,324,290,149.8569
16,4096,324,292,155.0841
16,4096,324,294,157.8784
16,4096,324,296,154.8937
16,4096,324,298,151.477
16,4096,324,300,148.4987
16,4096,324,302,137.4642
16,4096,324,304,129.62
16,4096,324,306,144.2078
16,4096,324,308,139.0547
16,4096,324,310,151.6586
16,4096,324,312,152.7881
16,4096,324,314,126.3722
16,4096,324,316,129.2504
16,4096,324,318,132.2836
16,4096,324,320,133.487
16,4096,324,322,120.1777
16,4096,326,2,69.0295
16,4096,326,4,124.1567
16,4096,326,6,150.1047
16,4096,326,8,185.502
16,4096,326,10,196.9891
16,4096,326,12,225.977
16,4096,326,14,227.6741
16,4096,326,16,254.982
16,4096,326,18,234.7594
16,4096,326,20,263.6483
16,4096,326,22,251.2026
16,4096,326,24,251.7017
16,4096,326,26,240.8293
16,4096,326,28,279.3541
16,4096,326,30,256.2812
16,4096,326,32,248.7104
16,4096,326,34,278.6625
16,4096,326,36,280.4161
16,4096,326,38,224.7574
16,4096,326,40,271.4539
16,4096,326,42,241.4438
16,4096,326,44,268.4634
16,4096,326,46,236.9244
16,4096,326,48,230.9706
16,4096,326,50,215.9681
16,4096,326,52,224.1676
16,4096,326,54,209.6452
16,4096,326,56,168.4677
16,4096,326,58,207.2732
16,4096,326,60,195.7038
16,4096,326,62,163.6249
16,4096,326,64,189.1345
16,4096,326,66,167.3653
16,4096,326,68,182.5465
16,4096,326,70,201.2024
16,4096,326,72,148.2096
16,4096,326,74,198.5054
16,4096,326,76,177.8737
16,4096,326,78,170.1412
16,4096,326,80,187.6893
16,4096,326,82,178.2916
16,4096,326,84,175.3116
16,4096,326,86,193.4511
16,4096,326,88,145.32
16,4096,326,90,190.8492
16,4096,326,92,172.4659
16,4096,326,94,153.0032
16,4096,326,96,169.5732
16,4096,326,98,173.7612
16,4096,326,100,192.2014
16,4096,326,102,170.3217
16,4096,326,104,169.5801
16,4096,326,106,157.9356
16,4096,326,108,159.799
16,4096,326,110,171.9169
16,4096,326,112,175.9903
16,4096,326,114,174.3739
16,4096,326,116,172.7418
16,4096,326,118,184.3601
16,4096,326,120,148.0179
16,4096,326,122,181.9857
16,4096,326,124,171.3761
16,4096,326,126,183.4061
16,4096,326,128,155.2082
16,4096,326,130,165.8764
16,4096,326,132,166.6878
16,4096,326,134,158.4895
16,4096,326,136,182.5641
16,4096,326,138,184.2922
16,4096,326,140,146.7553
16,4096,326,142,179.8269
16,4096,326,144,164.0558
16,4096,326,146,182.5105
16,4096,326,148,180.137
16,4096,326,150,158.7517
16,4096,326,152,164.6375
16,4096,326,154,162.6887
16,4096,326,156,176.7805
16,4096,326,158,154.8988
16,4096,326,160,156.7635
16,4096,326,162,172.7933
16,4096,326,164,167.5632
16,4096,326,166,184.9871
16,4096,326,168,186.1909
16,4096,326,170,169.2689
16,4096,326,172,169.3993
16,4096,326,174,171.6654
16,4096,326,176,169.5538
16,4096,326,178,176.0128
16,4096,326,180,155.6206
16,4096,326,182,178.1293
16,4096,326,184,162.3025
16,4096,326,186,172.5788
16,4096,326,188,165.7894
16,4096,326,190,150.665
16,4096,326,192,182.7539
16,4096,326,194,178.0333
16,4096,326,196,167.4055
16,4096,326,198,187.2299
16,4096,326,200,151.4596
16,4096,326,202,192.2599
16,4096,326,204,184.2184
16,4096,326,206,170.2879
16,4096,326,208,172.1576
16,4096,326,210,152.7594
16,4096,326,212,182.6888
16,4096,326,214,181.4377
16,4096,326,216,168.8637
16,4096,326,218,177.5031
16,4096,326,220,156.5859
16,4096,326,222,171.269
16,4096,326,224,172.3272
16,4096,326,226,169.3079
16,4096,326,228,168.3406
16,4096,326,230,166.2889
16,4096,326,232,177.2393
16,4096,326,234,182.5952
16,4096,326,236,139.5323
16,4096,326,238,177.0797
16,4096,326,240,140.7984
16,4096,326,242,166.149
16,4096,326,244,165.0296
16,4096,326,246,158.0726
16,4096,326,248,159.2089
16,4096,326,250,156.1303
16,4096,326,252,169.8549
16,4096,326,254,149.5025
16,4096,326,256,157.2729
16,4096,326,258,177.1223
16,4096,326,260,144.5992
16,4096,326,262,170.6629
16,4096,326,264,157.341
16,4096,326,266,143.6947
16,4096,326,268,160.0483
16,4096,326,270,151.7448
16,4096,326,272,165.7944
16,4096,326,274,160.5975
16,4096,326,276,166.8387
16,4096,326,278,148.1618
16,4096,326,280,155.8879
16,4096,326,282,143.2758
16,4096,326,284,138.4648
16,4096,326,286,168.4886
16,4096,326,288,162.2318
16,4096,326,290,153.2979
16,4096,326,292,140.7311
16,4096,326,294,146.6715
16,4096,326,296,163.766
16,4096,326,298,140.9248
16,4096,326,300,161.2883
16,4096,326,302,146.9294
16,4096,326,304,144.7236
16,4096,326,306,151.6349
16,4096,326,308,128.9049
16,4096,326,310,160.1994
16,4096,326,312,141.5506
16,4096,326,314,144.9265
16,4096,326,316,149.6866
16,4096,326,318,135.7894
16,4096,326,320,146.083
16,4096,326,322,135.4721
16,4096,326,324,139.6204
16,4096,328,2,65.4758
16,4096,328,4,123.6282
16,4096,328,6,159.5981
16,4096,328,8,213.6763
16,4096,328,10,198.0533
16,4096,328,12,230.9328
16,4096,328,14,245.6327
16,4096,328,16,237.0386
16,4096,328,18,254.3711
16,4096,328,20,248.7645
16,4096,328,22,236.29
16,4096,328,24,285.7847
16,4096,328,26,247.1601
16,4096,328,28,278.1075
16,4096,328,30,276.0626
16,4096,328,32,275.1199
16,4096,328,34,249.1355
16,4096,328,36,267.2535
16,4096,328,38,257.47
16,4096,328,40,267.9945
16,4096,328,42,237.1018
16,4096,328,44,277.6756
16,4096,328,46,258.1063
16,4096,328,48,205.6678
16,4096,328,50,228.7491
16,4096,328,52,234.3916
16,4096,328,54,194.8325
16,4096,328,56,184.2595
16,4096,328,58,192.9084
16,4096,328,60,184.634
16,4096,328,62,182.9224
16,4096,328,64,183.8628
16,4096,328,66,180.8156
16,4096,328,68,154.3166
16,4096,328,70,184.0329
16,4096,328,72,199.0361
16,4096,328,74,205.7393
16,4096,328,76,166.154
16,4096,328,78,173.9887
16,4096,328,80,184.0497
16,4096,328,82,164.9613
16,4096,328,84,190.1042
16,4096,328,86,186.8529
16,4096,328,88,185.0158
16,4096,328,90,185.7061
16,4096,328,92,164.138
16,4096,328,94,186.7616
16,4096,328,96,160.233
16,4096,328,98,188.4365
16,4096,328,100,182.1474
16,4096,328,102,192.4848
16,4096,328,104,174.8397
16,4096,328,106,164.2654
16,4096,328,108,174.8006
16,4096,328,110,184.3985
16,4096,328,112,174.6001
16,4096,328,114,163.8872
16,4096,328,116,171.7764
16,4096,328,118,190.7902
16,4096,328,120,181.3033
16,4096,328,122,185.5373
16,4096,328,124,180.9818
16,4096,328,126,163.8622
16,4096,328,128,172.4665
16,4096,328,130,167.4965
16,4096,328,132,174.7249
16,4096,328,134,172.4186
16,4096,328,136,174.4367
16,4096,328,138,192.7816
16,4096,328,140,162.7701
16,4096,328,142,175.1192
16,4096,328,144,175.8385
16,4096,328,146,177.8357
16,4096,328,148,184.3912
16,4096,328,150,168.2561
16,4096,328,152,153.3423
16,4096,328,154,159.1916
16,4096,328,156,156.0619
16,4096,328,158,179.0436
16,4096,328,160,144.8091
16,4096,328,162,171.1478
16,4096,328,164,169.4076
16,4096,328,166,175.168
16,4096,328,168,188.8388
16,4096,328,170,159.5704
16,4096,328,172,161.7752
16,4096,328,174,183.1078
16,4096,328,176,180.9746
16,4096,328,178,169.0174
16,4096,328,180,168.7409
16,4096,328,182,179.6607
16,4096,328,184,150.4487
16,4096,328,186,190.4407
16,4096,328,188,154.3107
16,4096,328,190,184.8649
16,4096,328,192,186.0291
16,4096,328,194,186.3352
16,4096,328,196,181.6605
16,4096,328,198,162.3584
16,4096,328,200,184.4573
16,4096,328,202,160.8007
16,4096,328,204,184.7454
16,4096,328,206,158.1562
16,4096,328,208,184.3284
16,4096,328,210,147.2797
16,4096,328,212,179.2446
16,4096,328,214,166.7014
16,4096,328,216,173.6211
16,4096,328,218,168.998
16,4096,328,220,175.9244
16,4096,328,222,177.994
16,4096,328,224,148.6464
16,4096,328,226,177.2623
16,4096,328,228,141.7003
16,4096,328,230,172.0315
16,4096,328,232,170.8916
16,4096,328,234,169.3821
16,4096,328,236,148.02
16,4096,328,238,175.8669
16,4096,328,240,149.8656
16,4096,328,242,172.7747
16,4096,328,244,148.3163
16,4096,328,246,167.8146
16,4096,328,248,159.9158
16,4096,328,250,169.0401
16,4096,328,252,145.0124
16,4096,328,254,163.899
16,4096,328,256,151.7118
16,4096,328,258,167.6767
16,4096,328,260,169.5136
16,4096,328,262,165.3801
16,4096,328,264,144.5818
16,4096,328,266,160.986
16,4096,328,268,168.4708
16,4096,328,270,169.7774
16,4096,328,272,155.1846
16,4096,328,274,160.8369
16,4096,328,276,168.3367
16,4096,328,278,145.606
16,4096,328,280,165.9345
16,4096,328,282,149.7613
16,4096,328,284,159.0379
16,4096,328,286,162.5597
16,4096,328,288,155.7777
16,4096,328,290,160.3692
16,4096,328,292,150.038
16,4096,328,294,156.1802
16,4096,328,296,153.6595
16,4096,328,298,158.6171
16,4096,328,300,137.497
16,4096,328,302,153.1605
16,4096,328,304,155.6789
16,4096,328,306,137.0213
16,4096,328,308,146.8652
16,4096,328,310,152.6578
16,4096,328,312,144.9034
16,4096,328,314,148.3893
16,4096,328,316,147.1878
16,4096,328,318,132.5973
16,4096,328,320,144.7649
16,4096,328,322,142.1155
16,4096,328,324,142.38
16,4096,328,326,135.7066
16,4096,330,2,72.4372
16,4096,330,4,124.9923
16,4096,330,6,155.3493
16,4096,330,8,195.2335
16,4096,330,10,220.5976
16,4096,330,12,243.5619
16,4096,330,14,241.6106
16,4096,330,16,264.5147
16,4096,330,18,256.7878
16,4096,330,20,251.9108
16,4096,330,22,233.3248
16,4096,330,24,289.2892
16,4096,330,26,267.3734
16,4096,330,28,231.2472
16,4096,330,30,282.3468
16,4096,330,32,282.1578
16,4096,330,34,260.4696
16,4096,330,36,268.6892
16,4096,330,38,246.3703
16,4096,330,40,263.3949
16,4096,330,42,271.2489
16,4096,330,44,275.8579
16,4096,330,46,238.8428
16,4096,330,48,246.8467
16,4096,330,50,211.068
16,4096,330,52,239.2128
16,4096,330,54,209.2624
16,4096,330,56,201.2269
16,4096,330,58,189.2621
16,4096,330,60,198.4111
16,4096,330,62,164.094
16,4096,330,64,190.5605
16,4096,330,66,190.4257
16,4096,330,68,179.152
16,4096,330,70,188.3828
16,4096,330,72,166.1638
16,4096,330,74,195.383
16,4096,330,76,188.161
16,4096,330,78,185.3998
16,4096,330,80,165.989
16,4096,330,82,176.1808
16,4096,330,84,164.9516
16,4096,330,86,184.8691
16,4096,330,88,185.1055
16,4096,330,90,178.429
16,4096,330,92,186.4609
16,4096,330,94,164.4431
16,4096,330,96,166.8794
16,4096,330,98,191.9805
16,4096,330,100,159.0049
16,4096,330,102,186.4789
16,4096,330,104,161.1404
16,4096,330,106,177.0001
16,4096,330,108,159.7888
16,4096,330,110,186.2235
16,4096,330,112,184.6992
16,4096,330,114,173.5265
16,4096,330,116,183.8422
16,4096,330,118,183.7414
16,4096,330,120,163.0035
16,4096,330,122,173.5599
16,4096,330,124,184.8466
16,4096,330,126,150.8007
16,4096,330,128,179.5357
16,4096,330,130,175.5318
16,4096,330,132,161.0279
16,4096,330,134,181.1779
16,4096,330,136,176.7005
16,4096,330,138,181.1484
16,4096,330,140,153.4145
16,4096,330,142,185.3916
16,4096,330,144,179.1436
16,4096,330,146,179.1782
16,4096,330,148,181.5145
16,4096,330,150,178.0802
16,4096,330,152,148.0196
16,4096,330,154,178.4502
16,4096,330,156,171.6114
16,4096,330,158,175.826
16,4096,330,160,146.1748
16,4096,330,162,169.0453
16,4096,330,164,163.4756
16,4096,330,166,181.0449
16,4096,330,168,164.0778
16,4096,330,170,188.9293
16,4096,330,172,167.9073
16,4096,330,174,184.06
16,4096,330,176,170.9453
16,4096,330,178,184.5624
16,4096,330,180,183.3676
16,4096,330,182,182.3012
16,4096,330,184,155.8134
16,4096,330,186,190.227
16,4096,330,188,179.8646
16,4096,330,190,163.5468
16,4096,330,192,170.7556
16,4096,330,194,180.1181
16,4096,330,196,154.2943
16,4096,330,198,185.6174
16,4096,330,200,187.3979
16,4096,330,202,165.2097
16,4096,330,204,185.1005
16,4096,330,206,153.0121
16,4096,330,208,183.8535
16,4096,330,210,171.2462
16,4096,330,212,184.3145
16,4096,330,214,175.9476
16,4096,330,216,178.7711
16,4096,330,218,173.8468
16,4096,330,220,179.1532
16,4096,330,222,146.5735
16,4096,330,224,178.7559
16,4096,330,226,147.1872
16,4096,330,228,162.0594
16,4096,330,230,164.2048
16,4096,330,232,173.261
16,4096,330,234,150.5633
16,4096,330,236,179.497
16,4096,330,238,176.5039
16,4096,330,240,139.2548
16,4096,330,242,176.7605
16,4096,330,244,153.3839
16,4096,330,246,166.024
16,4096,330,248,165.6801
16,4096,330,250,168.2406
16,4096,330,252,139.3729
16,4096,330,254,159.5092
16,4096,330,256,163.114
16,4096,330,258,176.1244
16,4096,330,260,163.7516
16,4096,330,262,163.3044
16,4096,330,264,149.2437
16,4096,330,266,168.9175
16,4096,330,268,171.5613
16,4096,330,270,172.626
16,4096,330,272,159.3234
16,4096,330,274,163.0415
16,4096,330,276,152.2337
16,4096,330,278,160.992
16,4096,330,280,167.5304
16,4096,330,282,162.8158
16,4096,330,284,162.1414
16,4096,330,286,167.0552
16,4096,330,288,151.3418
16,4096,330,290,162.6855
16,4096,330,292,152.3111
16,4096,330,294,154.6641
16,4096,330,296,158.5405
16,4096,330,298,158.3957
16,4096,330,300,158.98
16,4096,330,302,157.718
16,4096,330,304,146.6142
16,4096,330,306,151.2642
16,4096,330,308,132.9662
16,4096,330,310,148.2947
16,4096,330,312,151.4492
16,4096,330,314,128.9789
16,4096,330,316,143.482
16,4096,330,318,132.7981
16,4096,330,320,141.5066
16,4096,330,322,137.7963
16,4096,330,324,125.5524
16,4096,330,326,144.9524
16,4096,330,328,143.7001
16,4096,332,2,69.6481
16,4096,332,4,118.3181
16,4096,332,6,153.6942
16,4096,332,8,192.1869
16,4096,332,10,223.364
16,4096,332,12,250.2453
16,4096,332,14,226.9849
16,4096,332,16,265.0465
16,4096,332,18,238.8711
16,4096,332,20,255.1163
16,4096,332,22,270.0475
16,4096,332,24,255.2279
16,4096,332,26,275.2377
16,4096,332,28,275.6959
16,4096,332,30,273.2804
16,4096,332,32,272.1227
16,4096,332,34,258.5877
16,4096,332,36,253.6643
16,4096,332,38,243.1522
16,4096,332,40,268.2838
16,4096,332,42,258.6735
16,4096,332,44,248.9764
16,4096,332,46,262.0546
16,4096,332,48,230.6107
16,4096,332,50,228.9586
16,4096,332,52,237.3505
16,4096,332,54,229.0627
16,4096,332,56,192.0758
16,4096,332,58,169.5033
16,4096,332,60,195.1478
16,4096,332,62,166.6044
16,4096,332,64,188.4193
16,4096,332,66,183.0494
16,4096,332,68,154.647
16,4096,332,70,192.6619
16,4096,332,72,189.8196
16,4096,332,74,192.3795
16,4096,332,76,192.2597
16,4096,332,78,160.6289
16,4096,332,80,188.6279
16,4096,332,82,175.44
16,4096,332,84,186.0796
16,4096,332,86,190.45
16,4096,332,88,161.884
16,4096,332,90,189.8797
16,4096,332,92,184.8005
16,4096,332,94,193.0287
16,4096,332,96,161.8055
16,4096,332,98,189.6234
16,4096,332,100,183.5139
16,4096,332,102,185.6846
16,4096,332,104,183.1383
16,4096,332,106,184.7168
16,4096,332,108,180.8788
16,4096,332,110,165.9382
16,4096,332,112,173.8908
16,4096,332,114,184.9312
16,4096,332,116,160.1247
16,4096,332,118,187.9776
16,4096,332,120,180.3486
16,4096,332,122,183.5252
16,4096,332,124,184.4277
16,4096,332,126,186.0802
16,4096,332,128,179.0445
16,4096,332,130,169.7846
16,4096,332,132,177.2595
16,4096,332,134,177.2673
16,4096,332,136,162.2297
16,4096,332,138,175.5052
16,4096,332,140,154.3763
16,4096,332,142,184.2995
16,4096,332,144,171.1716
16,4096,332,146,183.1671
16,4096,332,148,163.207
16,4096,332,150,175.8459
16,4096,332,152,175.8675
16,4096,332,154,176.6376
16,4096,332,156,174.2389
16,4096,332,158,171.086
16,4096,332,160,150.6813
16,4096,332,162,170.762
16,4096,332,164,171.3454
16,4096,332,166,175.3347
16,4096,332,168,165.7985
16,4096,332,170,162.239
16,4096,332,172,181.1321
16,4096,332,174,179.3684
16,4096,332,176,177.1986
16,4096,332,178,183.3928
16,4096,332,180,182.5846
16,4096,332,182,172.6996
16,4096,332,184,157.6205
16,4096,332,186,174.8588
16,4096,332,188,183.6657
16,4096,332,190,182.1783
16,4096,332,192,185.1254
16,4096,332,194,169.5492
16,4096,332,196,190.2852
16,4096,332,198,160.3515
16,4096,332,200,183.7838
16,4096,332,202,147.4256
16,4096,332,204,183.6654
16,4096,332,206,180.5988
16,4096,332,208,181.7735
16,4096,332,210,179.03
16,4096,332,212,173.0214
16,4096,332,214,176.6995
16,4096,332,216,185.8466
16,4096,332,218,174.1981
16,4096,332,220,176.0343
16,4096,332,222,163.5812
16,4096,332,224,166.077
16,4096,332,226,174.5705
16,4096,332,228,180.3642
16,4096,332,230,164.6829
16,4096,332,232,173.533
16,4096,332,234,152.6098
16,4096,332,236,175.4437
16,4096,332,238,156.7849
16,4096,332,240,165.5994
16,4096,332,242,154.0199
16,4096,332,244,171.223
16,4096,332,246,162.7642
16,4096,332,248,174.2679
16,4096,332,250,144.3639
16,4096,332,252,168.2855
16,4096,332,254,151.5215
16,4096,332,256,162.3874
16,4096,332,258,160.1343
16,4096,332,260,174.2972
16,4096,332,262,173.2923
16,4096,332,264,172.5916
16,4096,332,266,160.7867
16,4096,332,268,167.5728
16,4096,332,270,171.9487
16,4096,332,272,145.1892
16,4096,332,274,167.5807
16,4096,332,276,147.4027
16,4096,332,278,163.881
16,4096,332,280,152.2636
16,4096,332,282,164.4928
16,4096,332,284,162.6886
16,4096,332,286,146.2064
16,4096,332,288,159.6054
16,4096,332,290,138.1389
16,4096,332,292,158.4088
16,4096,332,294,155.4015
16,4096,332,296,158.6964
16,4096,332,298,159.944
16,4096,332,300,160.2611
16,4096,332,302,152.0896
16,4096,332,304,152.5602
16,4096,332,306,151.9685
16,4096,332,308,154.8283
16,4096,332,310,152.4132
16,4096,332,312,130.6739
16,4096,332,314,144.9993
16,4096,332,316,143.4172
16,4096,332,318,144.4575
16,4096,332,320,140.4409
16,4096,332,322,140.7999
16,4096,332,324,146.9854
16,4096,332,326,140.5008
16,4096,332,328,136.8037
16,4096,332,330,126.3388
16,4096,334,2,69.9855
16,4096,334,4,119.566
16,4096,334,6,153.6203
16,4096,334,8,186.2298
16,4096,334,10,222.3222
16,4096,334,12,220.0289
16,4096,334,14,248.9132
16,4096,334,16,255.4632
16,4096,334,18,226.1349
16,4096,334,20,276.3078
16,4096,334,22,267.5208
16,4096,334,24,270.0232
16,4096,334,26,223.2158
16,4096,334,28,285.5345
16,4096,334,30,237.8174
16,4096,334,32,278.1425
16,4096,334,34,267.3861
16,4096,334,36,272.4382
16,4096,334,38,263.5698
16,4096,334,40,234.2463
16,4096,334,42,250.5328
16,4096,334,44,266.0464
16,4096,334,46,261.5617
16,4096,334,48,235.5725
16,4096,334,50,224.3795
16,4096,334,52,218.2651
16,4096,334,54,223.4263
16,4096,334,56,169.622
16,4096,334,58,178.5459
16,4096,334,60,173.1207
16,4096,334,62,193.1885
16,4096,334,64,173.2171
16,4096,334,66,179.7312
16,4096,334,68,185.7104
16,4096,334,70,158.8922
16,4096,334,72,190.6712
16,4096,334,74,185.4523
16,4096,334,76,185.7584
16,4096,334,78,164.9029
16,4096,334,80,170.9084
16,4096,334,82,160.9396
16,4096,334,84,190.5747
16,4096,334,86,188.8579
16,4096,334,88,171.5374
16,4096,334,90,188.7662
16,4096,334,92,181.4863
16,4096,334,94,181.9924
16,4096,334,96,186.2971
16,4096,334,98,157.0961
16,4096,334,100,184.107
16,4096,334,102,180.5355
16,4096,334,104,184.7462
16,4096,334,106,177.242
16,4096,334,108,179.2921
16,4096,334,110,154.1448
16,4096,334,112,163.5086
16,4096,334,114,186.9242
16,4096,334,116,161.0675
16,4096,334,118,181.3264
16,4096,334,120,143.4705
16,4096,334,122,167.608
16,4096,334,124,171.0347
16,4096,334,126,180.7617
16,4096,334,128,147.1674
16,4096,334,130,180.0028
16,4096,334,132,146.2915
16,4096,334,134,179.135
16,4096,334,136,152.34
16,4096,334,138,180.0021
16,4096,334,140,150.43
16,4096,334,142,183.7368
16,4096,334,144,180.0458
16,4096,334,146,179.181
16,4096,334,148,153.9824
16,4096,334,150,162.4126
16,4096,334,152,153.3357
16,4096,334,154,169.1951
16,4096,334,156,157.6196
16,4096,334,158,158.453
16,4096,334,160,165.7966
16,4096,334,162,153.9185
16,4096,334,164,167.392
16,4096,334,166,166.685
16,4096,334,168,169.2131
16,4096,334,170,169.8334
16,4096,334,172,164.3147
16,4096,334,174,171.0572
16,4096,334,176,182.9233
16,4096,334,178,152.7973
16,4096,334,180,183.501
16,4096,334,182,174.1284
16,4096,334,184,174.6353
16,4096,334,186,189.9364
16,4096,334,188,154.7959
16,4096,334,190,182.2278
16,4096,334,192,190.0963
16,4096,334,194,172.4596
16,4096,334,196,182.6721
16,4096,334,198,179.3393
16,4096,334,200,185.9132
16,4096,334,202,176.4037
16,4096,334,204,184.0456
16,4096,334,206,159.3693
16,4096,334,208,164.0058
16,4096,334,210,166.8622
16,4096,334,212,171.262
16,4096,334,214,161.0508
16,4096,334,216,168.1733
16,4096,334,218,179.7013
16,4096,334,220,176.2919
16,4096,334,222,180.3641
16,4096,334,224,181.2914
16,4096,334,226,162.2303
16,4096,334,228,174.8898
16,4096,334,230,166.612
16,4096,334,232,155.9975
16,4096,334,234,164.0339
16,4096,334,236,161.5355
16,4096,334,238,160.0828
16,4096,334,240,172.5822
16,4096,334,242,156.2906
16,4096,334,244,168.7511
16,4096,334,246,158.463
16,4096,334,248,166.5322
16,4096,334,250,156.3894
16,4096,334,252,167.116
16,4096,334,254,150.3488
16,4096,334,256,166.1052
16,4096,334,258,162.037
16,4096,334,260,170.4391
16,4096,334,262,159.0827
16,4096,334,264,145.2342
16,4096,334,266,161.1778
16,4096,334,268,148.9586
16,4096,334,270,168.8817
16,4096,334,272,152.3679
16,4096,334,274,165.9484
16,4096,334,276,160.146
16,4096,334,278,161.7178
16,4096,334,280,160.7248
16,4096,334,282,160.8186
16,4096,334,284,155.5804
16,4096,334,286,162.5346
16,4096,334,288,163.4517
16,4096,334,290,150.5428
16,4096,334,292,157.0515
16,4096,334,294,146.8563
16,4096,334,296,157.4155
16,4096,334,298,148.7573
16,4096,334,300,158.0769
16,4096,334,302,156.2297
16,4096,334,304,149.8574
16,4096,334,306,146.8548
16,4096,334,308,145.1986
16,4096,334,310,152.149
16,4096,334,312,153.4884
16,4096,334,314,130.0043
16,4096,334,316,143.531
16,4096,334,318,148.9064
16,4096,334,320,123.1286
16,4096,334,322,147.2725
16,4096,334,324,128.5395
16,4096,334,326,143.2009
16,4096,334,328,139.2806
16,4096,334,330,138.2058
16,4096,334,332,143.204
16,4096,336,2,68.6862
16,4096,336,4,118.1396
16,4096,336,6,157.966
16,4096,336,8,189.5397
16,4096,336,10,215.2698
16,4096,336,12,251.0748
16,4096,336,14,240.5398
16,4096,336,16,257.2379
16,4096,336,18,224.7659
16,4096,336,20,263.1966
16,4096,336,22,265.0963
16,4096,336,24,257.8335
16,4096,336,26,265.1821
16,4096,336,28,279.7616
16,4096,336,30,255.111
16,4096,336,32,269.7931
16,4096,336,34,273.2833
16,4096,336,36,271.2789
16,4096,336,38,227.8879
16,4096,336,40,272.579
16,4096,336,42,261.6195
16,4096,336,44,269.2542
16,4096,336,46,256.256
16,4096,336,48,202.2773
16,4096,336,50,201.1666
16,4096,336,52,230.4332
16,4096,336,54,209.0552
16,4096,336,56,187.4339
16,4096,336,58,188.6852
16,4096,336,60,160.1584
16,4096,336,62,185.3509
16,4096,336,64,158.5103
16,4096,336,66,175.8612
16,4096,336,68,181.7833
16,4096,336,70,173.8557
16,4096,336,72,165.728
16,4096,336,74,174.8212
16,4096,336,76,182.662
16,4096,336,78,157.874
16,4096,336,80,180.0186
16,4096,336,82,173.2917
16,4096,336,84,181.1295
16,4096,336,86,180.1921
16,4096,336,88,185.483
16,4096,336,90,160.0597
16,4096,336,92,172.2469
16,4096,336,94,172.2325
16,4096,336,96,178.6817
16,4096,336,98,160.7514
16,4096,336,100,165.7195
16,4096,336,102,155.8421
16,4096,336,104,160.6917
16,4096,336,106,158.2355
16,4096,336,108,159.6678
16,4096,336,110,164.9524
16,4096,336,112,166.5353
16,4096,336,114,181.4178
16,4096,336,116,157.712
16,4096,336,118,178.6017
16,4096,336,120,157.8795
16,4096,336,122,177.3505
16,4096,336,124,176.9079
16,4096,336,126,153.1105
16,4096,336,128,165.6037
16,4096,336,130,182.7601
16,4096,336,132,172.2985
16,4096,336,134,173.7909
16,4096,336,136,147.6339
16,4096,336,138,174.0645
16,4096,336,140,164.5169
16,4096,336,142,159.2687
16,4096,336,144,169.289
16,4096,336,146,159.1474
16,4096,336,148,166.5463
16,4096,336,150,175.4827
16,4096,336,152,170.698
16,4096,336,154,169.9752
16,4096,336,156,161.284
16,4096,336,158,174.9042
16,4096,336,160,152.3627
16,4096,336,162,165.4607
16,4096,336,164,168.4811
16,4096,336,166,154.2869
16,4096,336,168,175.1883
16,4096,336,170,178.0689
16,4096,336,172,171.2676
16,4096,336,174,175.6609
16,4096,336,176,176.4339
16,4096,336,178,173.1053
16,4096,336,180,169.0082
16,4096,336,182,176.3533
16,4096,336,184,160.5689
16,4096,336,186,188.8115
16,4096,336,188,175.3061
16,4096,336,190,159.3285
16,4096,336,192,174.8779
16,4096,336,194,183.3692
16,4096,336,196,154.3349
16,4096,336,198,175.4678
16,4096,336,200,169.4464
16,4096,336,202,178.6283
16,4096,336,204,167.7843
16,4096,336,206,182.7881
16,4096,336,208,183.5494
16,4096,336,210,147.6831
16,4096,336,212,175.3549
16,4096,336,214,179.7512
16,4096,336,216,146.4589
16,4096,336,218,175.9229
16,4096,336,220,172.0775
16,4096,336,222,174.7164
16,4096,336,224,165.7301
16,4096,336,226,174.3291
16,4096,336,228,148.9156
16,4096,336,230,172.5247
16,4096,336,232,169.2706
16,4096,336,234,167.0772
16,4096,336,236,159.3103
16,4096,336,238,158.69
16,4096,336,240,159.022
16,4096,336,242,164.8644
16,4096,336,244,160.776
16,4096,336,246,169.5229
16,4096,336,248,168.3247
16,4096,336,250,166.4709
16,4096,336,252,153.9843
16,4096,336,254,155.9956
16,4096,336,256,158.4878
16,4096,336,258,168.0422
16,4096,336,260,143.2695
16,4096,336,262,170.3366
16,4096,336,264,169.0445
16,4096,336,266,148.0078
16,4096,336,268,160.738
16,4096,336,270,165.4584
16,4096,336,272,149.1995
16,4096,336,274,146.9007
16,4096,336,276,137.7678
16,4096,336,278,164.5235
16,4096,336,280,159.5765
16,4096,336,282,164.5086
16,4096,336,284,147.3654
16,4096,336,286,158.4665
16,4096,336,288,160.6268
16,4096,336,290,135.8749
16,4096,336,292,158.9035
16,4096,336,294,145.5335
16,4096,336,296,156.2727
16,4096,336,298,154.8194
16,4096,336,300,153.6843
16,4096,336,302,133.9821
16,4096,336,304,149.8264
16,4096,336,306,150.9019
16,4096,336,308,148.6598
16,4096,336,310,148.9415
16,4096,336,312,138.588
16,4096,336,314,149.4144
16,4096,336,316,140.6753
16,4096,336,318,126.534
16,4096,336,320,143.1774
16,4096,336,322,142.2031
16,4096,336,324,144.0584
16,4096,336,326,127.4523
16,4096,336,328,140.7667
16,4096,336,330,145.9954
16,4096,336,332,143.7251
16,4096,336,334,141.4025
16,4096,338,2,66.3372
16,4096,338,4,122.1622
16,4096,338,6,147.7272
16,4096,338,8,202.4199
16,4096,338,10,198.6219
16,4096,338,12,233.5159
16,4096,338,14,248.63
16,4096,338,16,241.6247
16,4096,338,18,237.7698
16,4096,338,20,267.4023
16,4096,338,22,253.3906
16,4096,338,24,246.3652
16,4096,338,26,257.3373
16,4096,338,28,252.8683
16,4096,338,30,260.623
16,4096,338,32,255.7239
16,4096,338,34,239.9029
16,4096,338,36,269.6942
16,4096,338,38,253.3893
16,4096,338,40,272.5609
16,4096,338,42,216.6237
16,4096,338,44,244.4091
16,4096,338,46,252.1429
16,4096,338,48,234.3377
16,4096,338,50,204.1614
16,4096,338,52,230.2901
16,4096,338,54,198.2982
16,4096,338,56,178.6972
16,4096,338,58,186.5866
16,4096,338,60,184.912
16,4096,338,62,185.6581
16,4096,338,64,159.09
16,4096,338,66,156.4613
16,4096,338,68,183.1144
16,4096,338,70,148.9235
16,4096,338,72,184.724
16,4096,338,74,184.1854
16,4096,338,76,169.5533
16,4096,338,78,175.9048
16,4096,338,80,180.3846
16,4096,338,82,152.7968
16,4096,338,84,179.1146
16,4096,338,86,168.1676
16,4096,338,88,176.6184
16,4096,338,90,156.151
16,4096,338,92,179.7996
16,4096,338,94,163.2997
16,4096,338,96,183.0662
16,4096,338,98,179.6938
16,4096,338,100,179.7985
16,4096,338,102,175.5823
16,4096,338,104,181.5773
16,4096,338,106,166.5824
16,4096,338,108,172.4145
16,4096,338,110,152.5284
16,4096,338,112,174.3833
16,4096,338,114,167.665
16,4096,338,116,187.3605
16,4096,338,118,165.8323
16,4096,338,120,182.1134
16,4096,338,122,180.974
16,4096,338,124,178.5377
16,4096,338,126,173.6498
16,4096,338,128,176.1863
16,4096,338,130,152.5873
16,4096,338,132,175.8591
16,4096,338,134,168.6518
16,4096,338,136,177.9863
16,4096,338,138,150.0182
16,4096,338,140,178.1104
16,4096,338,142,162.0595
16,4096,338,144,167.2156
16,4096,338,146,161.2567
16,4096,338,148,177.7327
16,4096,338,150,161.0236
16,4096,338,152,170.7538
16,4096,338,154,163.6751
16,4096,338,156,170.7549
16,4096,338,158,144.9542
16,4096,338,160,165.7638
16,4096,338,162,169.5927
16,4096,338,164,159.1497
16,4096,338,166,149.5669
16,4096,338,168,161.5681
16,4096,338,170,165.0638
16,4096,338,172,167.6902
16,4096,338,174,181.2009
16,4096,338,176,142.9153
16,4096,338,178,178.155
16,4096,338,180,173.2317
16,4096,338,182,174.8375
16,4096,338,184,168.3077
16,4096,338,186,191.1097
16,4096,338,188,149.6122
16,4096,338,190,187.4985
16,4096,338,192,180.8204
16,4096,338,194,186.3699
16,4096,338,196,157.6929
16,4096,338,198,166.6413
16,4096,338,200,159.6238
16,4096,338,202,170.6478
16,4096,338,204,176.1148
16,4096,338,206,150.8497
16,4096,338,208,164.8394
16,4096,338,210,161.8356
16,4096,338,212,176.3502
16,4096,338,214,148.7579
16,4096,338,216,173.283
16,4096,338,218,175.7921
16,4096,338,220,157.7422
16,4096,338,222,159.6151
16,4096,338,224,172.1761
16,4096,338,226,157.1023
16,4096,338,228,181.1261
16,4096,338,230,167.59
16,4096,338,232,171.2601
16,4096,338,234,144.9728
16,4096,338,236,173.8303
16,4096,338,238,153.9783
16,4096,338,240,174.5491
16,4096,338,242,158.8865
16,4096,338,244,169.5316
16,4096,338,246,165.6613
16,4096,338,248,172.023
16,4096,338,250,155.592
16,4096,338,252,160.501
16,4096,338,254,152.1261
16,4096,338,256,162.4516
16,4096,338,258,153.6927
16,4096,338,260,168.0719
16,4096,338,262,167.1711
16,4096,338,264,165.6174
16,4096,338,266,154.0326
16,4096,338,268,169.9311
16,4096,338,270,159.8864
16,4096,338,272,162.1497
16,4096,338,274,150.5453
16,4096,338,276,154.519
16,4096,338,278,154.8466
16,4096,338,280,160.8722
16,4096,338,282,159.7403
16,4096,338,284,162.2334
16,4096,338,286,143.958
16,4096,338,288,158.5544
16,4096,338,290,154.5693
16,4096,338,292,136.5691
16,4096,338,294,144.2138
16,4096,338,296,158.9455
16,4096,338,298,149.4968
16,4096,338,300,160.1798
16,4096,338,302,154.1338
16,4096,338,304,133.8697
16,4096,338,306,151.8478
16,4096,338,308,151.8272
16,4096,338,310,147.5776
16,4096,338,312,149.1704
16,4096,338,314,144.7447
16,4096,338,316,137.5241
16,4096,338,318,150.0555
16,4096,338,320,144.1866
16,4096,338,322,155.9449
16,4096,338,324,145.1473
16,4096,338,326,142.3579
16,4096,338,328,140.7289
16,4096,338,330,149.8772
16,4096,338,332,123.4283
16,4096,338,334,132.089
16,4096,338,336,143.1801
16,4096,340,2,68.3059
16,4096,340,4,118.2303
16,4096,340,6,150.9687
16,4096,340,8,193.3398
16,4096,340,10,181.4511
16,4096,340,12,217.9039
16,4096,340,14,215.4133
16,4096,340,16,242.0876
16,4096,340,18,237.2813
16,4096,340,20,250.9002
16,4096,340,22,258.3651
16,4096,340,24,252.2053
16,4096,340,26,230.3112
16,4096,340,28,243.4957
16,4096,340,30,263.2261
16,4096,340,32,250.0273
16,4096,340,34,263.5612
16,4096,340,36,271.8692
16,4096,340,38,250.5734
16,4096,340,40,255.2686
16,4096,340,42,250.4682
16,4096,340,44,268.8058
16,4096,340,46,225.7261
16,4096,340,48,220.8963
16,4096,340,50,224.2722
16,4096,340,52,193.8697
16,4096,340,54,215.0704
16,4096,340,56,171.6267
16,4096,340,58,185.2648
16,4096,340,60,185.4236
16,4096,340,62,180.0993
16,4096,340,64,177.5914
16,4096,340,66,174.8421
16,4096,340,68,177.6481
16,4096,340,70,168.2936
16,4096,340,72,160.1734
16,4096,340,74,178.8306
16,4096,340,76,180.6762
16,4096,340,78,157.5827
16,4096,340,80,177.8463
16,4096,340,82,171.4419
16,4096,340,84,153.4942
16,4096,340,86,180.4633
16,4096,340,88,157.6111
16,4096,340,90,149.858
16,4096,340,92,176.4957
16,4096,340,94,161.6104
16,4096,340,96,177.8472
16,4096,340,98,178.5888
16,4096,340,100,180.989
16,4096,340,102,181.3335
16,4096,340,104,176.1222
16,4096,340,106,168.7566
16,4096,340,108,156.9684
16,4096,340,110,161.9471
16,4096,340,112,170.2711
16,4096,340,114,174.6837
16,4096,340,116,163.7034
16,4096,340,118,164.5578
16,4096,340,120,178.2242
16,4096,340,122,142.1339
16,4096,340,124,179.8151
16,4096,340,126,178.8415
16,4096,340,128,176.1713
16,4096,340,130,162.2583
16,4096,340,132,156.278
16,4096,340,134,164.4503
16,4096,340,136,176.1673
16,4096,340,138,174.0429
16,4096,340,140,151.0143
16,4096,340,142,166.323
16,4096,340,144,178.8364
16,4096,340,146,151.5335
16,4096,340,148,178.5846
16,4096,340,150,154.4918
16,4096,340,152,170.0644
16,4096,340,154,172.1034
16,4096,340,156,170.4119
16,4096,340,158,163.3256
16,4096,340,160,167.0103
16,4096,340,162,140.2399
16,4096,340,164,172.2066
16,4096,340,166,150.4308
16,4096,340,168,164.9597
16,4096,340,170,171.926
16,4096,340,172,156.2169
16,4096,340,174,164.2046
16,4096,340,176,176.8306
16,4096,340,178,144.5015
16,4096,340,180,177.8934
16,4096,340,182,155.379
16,4096,340,184,176.7168
16,4096,340,186,175.6922
16,4096,340,188,159.8543
16,4096,340,190,151.8804
16,4096,340,192,179.818
16,4096,340,194,181.3439
16,4096,340,196,158.4071
16,4096,340,198,166.8093
16,4096,340,200,182.4687
16,4096,340,202,164.1163
16,4096,340,204,161.0386
16,4096,340,206,168.7585
16,4096,340,208,154.6074
16,4096,340,210,161.5218
16,4096,340,212,171.4961
16,4096,340,214,169.4217
16,4096,340,216,174.5263
16,4096,340,218,166.1425
16,4096,340,220,156.4788
16,4096,340,222,169.3843
16,4096,340,224,150.1096
16,4096,340,226,142.8469
16,4096,340,228,169.772
16,4096,340,230,168.8256
16,4096,340,232,171.7997
16,4096,340,234,138.0441
16,4096,340,236,170.8477
16,4096,340,238,145.9381
16,4096,340,240,169.3242
16,4096,340,242,145.3068
16,4096,340,244,165.7694
16,4096,340,246,158.5839
16,4096,340,248,167.0589
16,4096,340,250,162.1921
16,4096,340,252,146.7402
16,4096,340,254,152.4372
16,4096,340,256,138.8426
16,4096,340,258,169.9162
16,4096,340,260,144.5058
16,4096,340,262,165.398
16,4096,340,264,168.6079
16,4096,340,266,160.5237
16,4096,340,268,162.1361
16,4096,340,270,162.817
16,4096,340,272,164.9931
16,4096,340,274,150.2676
16,4096,340,276,162.4626
16,4096,340,278,139.7093
16,4096,340,280,160.4757
16,4096,340,282,142.3808
16,4096,340,284,164.0973
16,4096,340,286,151.4
16,4096,340,288,156.913
16,4096,340,290,139.8174
16,4096,340,292,153.1901
16,4096,340,294,151.826
16,4096,340,296,151.2766
16,4096,340,298,148.415
16,4096,340,300,147.3034
16,4096,340,302,156.1569
16,4096,340,304,154.7959
16,4096,340,306,151.1825
16,4096,340,308,130.3789
16,4096,340,310,150.0505
16,4096,340,312,135.4035
16,4096,340,314,146.8057
16,4096,340,316,130.8749
16,4096,340,318,134.3822
16,4096,340,320,141.3646
16,4096,340,322,143.2581
16,4096,340,324,147.2989
16,4096,340,326,125.5318
16,4096,340,328,142.2728
16,4096,340,330,143.1597
16,4096,340,332,138.7537
16,4096,340,334,135.0102
16,4096,340,336,142.4752
16,4096,340,338,135.6787
16,4096,342,2,70.6596
16,4096,342,4,115.4066
16,4096,342,6,149.2203
16,4096,342,8,188.0556
16,4096,342,10,182.9986
16,4096,342,12,233.2087
16,4096,342,14,210.2578
16,4096,342,16,244.9903
16,4096,342,18,230.0205
16,4096,342,20,260.3323
16,4096,342,22,223.0648
16,4096,342,24,263.2919
16,4096,342,26,259.3868
16,4096,342,28,254.9464
16,4096,342,30,252.5393
16,4096,342,32,270.7963
16,4096,342,34,229.1615
16,4096,342,36,247.5328
16,4096,342,38,252.6019
16,4096,342,40,254.2231
16,4096,342,42,241.8604
16,4096,342,44,254.1683
16,4096,342,46,213.5998
16,4096,342,48,227.5803
16,4096,342,50,214.9679
16,4096,342,52,201.7344
16,4096,342,54,210.6429
16,4096,342,56,163.0069
16,4096,342,58,162.894
16,4096,342,60,184.4121
16,4096,342,62,183.2672
16,4096,342,64,172.3947
16,4096,342,66,176.4658
16,4096,342,68,176.2134
16,4096,342,70,174.3099
16,4096,342,72,179.0495
16,4096,342,74,177.0672
16,4096,342,76,160.6255
16,4096,342,78,168.0002
16,4096,342,80,154.2039
16,4096,342,82,172.0281
16,4096,342,84,150.0207
16,4096,342,86,167.8294
16,4096,342,88,160.0763
16,4096,342,90,160.8919
16,4096,342,92,159.3063
16,4096,342,94,170.8909
16,4096,342,96,162.3083
16,4096,342,98,169.187
16,4096,342,100,171.4873
16,4096,342,102,150.0676
16,4096,342,104,176.8383
16,4096,342,106,172.1832
16,4096,342,108,179.5218
16,4096,342,110,162.2525
16,4096,342,112,168.7105
16,4096,342,114,157.0069
16,4096,342,116,171.3473
16,4096,342,118,178.5479
16,4096,342,120,177.6477
16,4096,342,122,149.5898
16,4096,342,124,175.4658
16,4096,342,126,172.0887
16,4096,342,128,159.325
16,4096,342,130,177.5505
16,4096,342,132,158.784
16,4096,342,134,156.4611
16,4096,342,136,174.3329
16,4096,342,138,179.4557
16,4096,342,140,172.5892
16,4096,342,142,169.4715
16,4096,342,144,164.3829
16,4096,342,146,170.3857
16,4096,342,148,152.3844
16,4096,342,150,174.952
16,4096,342,152,147.6635
16,4096,342,154,159.3555
16,4096,342,156,160.2507
16,4096,342,158,165.5856
16,4096,342,160,158.0866
16,4096,342,162,169.2108
16,4096,342,164,154.0886
16,4096,342,166,172.6865
16,4096,342,168,150.2573
16,4096,342,170,159.9845
16,4096,342,172,167.7918
16,4096,342,174,176.7954
16,4096,342,176,173.3408
16,4096,342,178,176.1361
16,4096,342,180,173.7187
16,4096,342,182,172.2799
16,4096,342,184,164.6707
16,4096,342,186,176.74
16,4096,342,188,179.8413
16,4096,342,190,156.545
16,4096,342,192,195.4236
16,4096,342,194,173.7565
16,4096,342,196,180.2364
16,4096,342,198,155.4413
16,4096,342,200,171.3384
16,4096,342,202,182.4265
16,4096,342,204,163.6233
16,4096,342,206,178.2552
16,4096,342,208,158.2276
16,4096,342,210,148.4259
16,4096,342,212,176.7228
16,4096,342,214,147.5804
16,4096,342,216,179.5163
16,4096,342,218,172.9593
16,4096,342,220,171.9324
16,4096,342,222,172.2426
16,4096,342,224,179.4178
16,4096,342,226,164.8798
16,4096,342,228,160.3949
16,4096,342,230,162.255
16,4096,342,232,175.1623
16,4096,342,234,166.9352
16,4096,342,236,159.4503
16,4096,342,238,155.0402
16,4096,342,240,162.4302
16,4096,342,242,174.2312
16,4096,342,244,148.7661
16,4096,342,246,158.9286
16,4096,342,248,159.3926
16,4096,342,250,160.3094
16,4096,342,252,136.3618
16,4096,342,254,163.2939
16,4096,342,256,155.5992
16,4096,342,258,151.6727
16,4096,342,260,159.2649
16,4096,342,262,165.3595
16,4096,342,264,148.9619
16,4096,342,266,156.206
16,4096,342,268,165.4106
16,4096,342,270,164.8555
16,4096,342,272,162.4997
16,4096,342,274,167.7583
16,4096,342,276,166.0868
16,4096,342,278,163.3662
16,4096,342,280,162.0968
16,4096,342,282,141.9663
16,4096,342,284,153.2794
16,4096,342,286,165.6122
16,4096,342,288,161.8262
16,4096,342,290,161.4286
16,4096,342,292,146.6302
16,4096,342,294,155.0162
16,4096,342,296,161.601
16,4096,342,298,139.5371
16,4096,342,300,155.2532
16,4096,342,302,157.8125
16,4096,342,304,154.9571
16,4096,342,306,153.3991
16,4096,342,308,142.4961
16,4096,342,310,133.2441
16,4096,342,312,133.7843
16,4096,342,314,151.6964
16,4096,342,316,129.3858
16,4096,342,318,147.3405
16,4096,342,320,140.405
16,4096,342,322,149.3456
16,4096,342,324,142.5277
16,4096,342,326,143.8871
16,4096,342,328,137.6758
16,4096,342,330,141.9028
16,4096,342,332,145.1354
16,4096,342,334,135.9347
16,4096,342,336,141.0592
16,4096,342,338,133.2042
16,4096,342,340,139.1329
16,4096,344,2,73.0977
16,4096,344,4,115.607
16,4096,344,6,154.5969
16,4096,344,8,188.0557
16,4096,344,10,188.9464
16,4096,344,12,225.63
16,4096,344,14,223.7271
16,4096,344,16,243.2929
16,4096,344,18,226.7028
16,4096,344,20,261.3359
16,4096,344,22,244.2253
16,4096,344,24,229.1544
16,4096,344,26,239.6053
16,4096,344,28,261.0025
16,4096,344,30,237.0368
16,4096,344,32,259.7814
16,4096,344,34,256.0245
16,4096,344,36,256.0627
16,4096,344,38,229.7755
16,4096,344,40,267.2268
16,4096,344,42,253.7486
16,4096,344,44,253.1544
16,4096,344,46,234.2516
16,4096,344,48,219.5002
16,4096,344,50,203.0893
16,4096,344,52,218.5276
16,4096,344,54,217.411
16,4096,344,56,166.6953
16,4096,344,58,178.9661
16,4096,344,60,177.3149
16,4096,344,62,185.5119
16,4096,344,64,178.0335
16,4096,344,66,173.6873
16,4096,344,68,164.1535
16,4096,344,70,179.9162
16,4096,344,72,175.6291
16,4096,344,74,154.7449
16,4096,344,76,166.1597
16,4096,344,78,160.2745
16,4096,344,80,160.0169
16,4096,344,82,172.5239
16,4096,344,84,165.5858
16,4096,344,86,182.6124
16,4096,344,88,184.1676
16,4096,344,90,173.6359
16,4096,344,92,182.2009
16,4096,344,94,181.9182
16,4096,344,96,176.2
16,4096,344,98,166.2715
16,4096,344,100,174.448
16,4096,344,102,155.1488
16,4096,344,104,173.2751
16,4096,344,106,169.4912
16,4096,344,108,174.5895
16,4096,344,110,144.657
16,4096,344,112,175.7181
16,4096,344,114,151.1576
16,4096,344,116,173.4016
16,4096,344,118,170.4777
16,4096,344,120,180.9108
16,4096,344,122,154.9655
16,4096,344,124,180.0605
16,4096,344,126,156.0072
16,4096,344,128,167.4233
16,4096,344,130,155.2194
16,4096,344,132,165.2924
16,4096,344,134,155.8886
16,4096,344,136,155.092
16,4096,344,138,178.3504
16,4096,344,140,158.3263
16,4096,344,142,176.0736
16,4096,344,144,169.384
16,4096,344,146,180.7751
16,4096,344,148,154.5618
16,4096,344,150,178.1347
16,4096,344,152,150.763
16,4096,344,154,172.4448
16,4096,344,156,165.5302
16,4096,344,158,169.3355
16,4096,344,160,152.9684
16,4096,344,162,164.7138
16,4096,344,164,161.8672
16,4096,344,166,166.6732
16,4096,344,168,145.233
16,4096,344,170,168.4232
16,4096,344,172,159.8669
16,4096,344,174,181.9959
16,4096,344,176,173.4542
16,4096,344,178,171.7297
16,4096,344,180,154.249
16,4096,344,182,179.2621
16,4096,344,184,178.2287
16,4096,344,186,158.2476
16,4096,344,188,166.7644
16,4096,344,190,188.4673
16,4096,344,192,166.5529
16,4096,344,194,182.5395
16,4096,344,196,170.4541
16,4096,344,198,181.7225
16,4096,344,200,157.4481
16,4096,344,202,164.4818
16,4096,344,204,156.0901
16,4096,344,206,174.2364
16,4096,344,208,170.0403
16,4096,344,210,143.8582
16,4096,344,212,172.0484
16,4096,344,214,165.6819
16,4096,344,216,168.7751
16,4096,344,218,162.6741
16,4096,344,220,173.099
16,4096,344,222,155.4641
16,4096,344,224,172.6494
16,4096,344,226,159.962
16,4096,344,228,174.6609
16,4096,344,230,144.4586
16,4096,344,232,169.0553
16,4096,344,234,167.3092
16,4096,344,236,145.202
16,4096,344,238,152.0054
16,4096,344,240,172.894
16,4096,344,242,144.3002
16,4096,344,244,172.5544
16,4096,344,246,147.7748
16,4096,344,248,168.7428
16,4096,344,250,159.3552
16,4096,344,252,163.5059
16,4096,344,254,155.7584
16,4096,344,256,162.1362
16,4096,344,258,165.0027
16,4096,344,260,149.2441
16,4096,344,262,165.7598
16,4096,344,264,144.7442
16,4096,344,266,155.8654
16,4096,344,268,153.7756
16,4096,344,270,161.929
16,4096,344,272,165.2414
16,4096,344,274,145.3184
16,4096,344,276,163.4473
16,4096,344,278,141.2814
16,4096,344,280,165.1138
16,4096,344,282,162.136
16,4096,344,284,158.2269
16,4096,344,286,153.8508
16,4096,344,288,160.0747
16,4096,344,290,131.6514
16,4096,344,292,159.8947
16,4096,344,294,150.8098
16,4096,344,296,157.1184
16,4096,344,298,147.5154
16,4096,344,300,161.8293
16,4096,344,302,154.7372
16,4096,344,304,143.5268
16,4096,344,306,148.4258
16,4096,344,308,154.0492
16,4096,344,310,145.6734
16,4096,344,312,153.0194
16,4096,344,314,146.3756
16,4096,344,316,150.3241
16,4096,344,318,126.0107
16,4096,344,320,145.9694
16,4096,344,322,142.8268
16,4096,344,324,145.2629
16,4096,344,326,147.2071
16,4096,344,328,126.7312
16,4096,344,330,138.9709
16,4096,344,332,145.4812
16,4096,344,334,122.0434
16,4096,344,336,142.24
16,4096,344,338,129.4527
16,4096,344,340,136.4296
16,4096,344,342,137.4844
16,4096,346,2,73.4975
16,4096,346,4,124.3277
16,4096,346,6,151.293
16,4096,346,8,203.5572
16,4096,346,10,181.9631
16,4096,346,12,245.786
16,4096,346,14,223.8884
16,4096,346,16,253.6388
16,4096,346,18,233.9558
16,4096,346,20,252.9774
16,4096,346,22,260.7103
16,4096,346,24,236.2712
16,4096,346,26,256.2592
16,4096,346,28,269.8752
16,4096,346,30,239.8331
16,4096,346,32,254.6045
16,4096,346,34,247.4881
16,4096,346,36,256.0402
16,4096,346,38,253.5311
16,4096,346,40,247.3326
16,4096,346,42,244.3165
16,4096,346,44,251.0304
16,4096,346,46,225.4951
16,4096,346,48,217.8195
16,4096,346,50,197.5924
16,4096,346,52,224.2478
16,4096,346,54,203.9524
16,4096,346,56,180.6665
16,4096,346,58,162.992
16,4096,346,60,164.9411
16,4096,346,62,183.0395
16,4096,346,64,157.0576
16,4096,346,66,173.3205
16,4096,346,68,173.2667
16,4096,346,70,179.0732
16,4096,346,72,173.69
16,4096,346,74,173.9831
16,4096,346,76,168.0835
16,4096,346,78,168.5522
16,4096,346,80,169.7253
16,4096,346,82,173.4356
16,4096,346,84,174.8196
16,4096,346,86,154.4981
16,4096,346,88,157.9575
16,4096,346,90,169.8576
16,4096,346,92,178.708
16,4096,346,94,154.239
16,4096,346,96,170.7748
16,4096,346,98,168.2659
16,4096,346,100,179.9713
16,4096,346,102,182.2372
16,4096,346,104,175.8792
16,4096,346,106,160.5084
16,4096,346,108,176.234
16,4096,346,110,166.4452
16,4096,346,112,171.3986
16,4096,346,114,152.4469
16,4096,346,116,168.2722
16,4096,346,118,175.666
16,4096,346,120,184.2293
16,4096,346,122,174.3465
16,4096,346,124,181.0335
16,4096,346,126,153.4722
16,4096,346,128,171.5621
16,4096,346,130,159.3636
16,4096,346,132,173.7923
16,4096,346,134,147.9431
16,4096,346,136,181.2026
16,4096,346,138,171.953
16,4096,346,140,176.3926
16,4096,346,142,158.8743
16,4096,346,144,164.4353
16,4096,346,146,176.6092
16,4096,346,148,150.3684
16,4096,346,150,181.0964
16,4096,346,152,146.1298
16,4096,346,154,166.6986
16,4096,346,156,164.6091
16,4096,346,158,174.1227
16,4096,346,160,154.1729
16,4096,346,162,169.3081
16,4096,346,164,167.8256
16,4096,346,166,158.5891
16,4096,346,168,153.2108
16,4096,346,170,164.2841
16,4096,346,172,152.4079
16,4096,346,174,170.4679
16,4096,346,176,183.3271
16,4096,346,178,143.9418
16,4096,346,180,171.5506
16,4096,346,182,143.1876
16,4096,346,184,180.3071
16,4096,346,186,174.5855
16,4096,346,188,175.2458
16,4096,346,190,175.0197
16,4096,346,192,172.8768
16,4096,346,194,178.6975
16,4096,346,196,183.2337
16,4096,346,198,155.3207
16,4096,346,200,175.3821
16,4096,346,202,172.6974
16,4096,346,204,162.2241
16,4096,346,206,173.9809
16,4096,346,208,155.9869
16,4096,346,210,158.315
16,4096,346,212,179.2751
16,4096,346,214,165.9384
16,4096,346,216,172.616
16,4096,346,218,154.5351
16,4096,346,220,161.3086
16,4096,346,222,155.7549
16,4096,346,224,167.9436
16,4096,346,226,171.2899
16,4096,346,228,164.9766
16,4096,346,230,163.7385
16,4096,346,232,164.7849
16,4096,346,234,168.1696
16,4096,346,236,166.4588
16,4096,346,238,164.8814
16,4096,346,240,165.1946
16,4096,346,242,155.4854
16,4096,346,244,167.5081
16,4096,346,246,147.7794
16,4096,346,248,140.5974
16,4096,346,250,168.9601
16,4096,346,252,155.609
16,4096,346,254,171.7356
16,4096,346,256,163.2395
16,4096,346,258,171.1797
16,4096,346,260,168.7607
16,4096,346,262,151.2121
16,4096,346,264,158.5501
16,4096,346,266,168.1898
16,4096,346,268,161.5466
16,4096,346,270,165.8602
16,4096,346,272,151.6133
16,4096,346,274,157.8179
16,4096,346,276,139.0654
16,4096,346,278,165.4671
16,4096,346,280,153.4221
16,4096,346,282,154.6322
16,4096,346,284,164.3799
16,4096,346,286,158.7081
16,4096,346,288,154.2088
16,4096,346,290,158.1027
16,4096,346,292,160.0243
16,4096,346,294,160.7253
16,4096,346,296,157.8529
16,4096,346,298,155.2852
16,4096,346,300,148.7709
16,4096,346,302,157.8061
16,4096,346,304,154.9297
16,4096,346,306,154.5203
16,4096,346,308,134.8041
16,4096,346,310,149.5798
16,4096,346,312,135.1944
16,4096,346,314,149.9814
16,4096,346,316,134.5016
16,4096,346,318,146.297
16,4096,346,320,150.0648
16,4096,346,322,145.1004
16,4096,346,324,149.6424
16,4096,346,326,127.8656
16,4096,346,328,145.4974
16,4096,346,330,137.4538
16,4096,346,332,144.9394
16,4096,346,334,146.7751
16,4096,346,336,123.8635
16,4096,346,338,128.69
16,4096,346,340,137.5357
16,4096,346,342,137.0835
16,4096,346,344,118.6301
16,4096,348,2,69.6546
16,4096,348,4,115.9108
16,4096,348,6,151.7428
16,4096,348,8,195.2433
16,4096,348,10,193.5754
16,4096,348,12,237.5066
16,4096,348,14,219.4721
16,4096,348,16,241.119
16,4096,348,18,239.4598
16,4096,348,20,254.8633
16,4096,348,22,252.5486
16,4096,348,24,250.4439
16,4096,348,26,235.557
16,4096,348,28,261.3497
16,4096,348,30,252.401
16,4096,348,32,247.5231
16,4096,348,34,250.2354
16,4096,348,36,264.9317
16,4096,348,38,255.5119
16,4096,348,40,229.3884
16,4096,348,42,245.9384
16,4096,348,44,243.342
16,4096,348,46,214.1586
16,4096,348,48,220.737
16,4096,348,50,194.4452
16,4096,348,52,216.2235
16,4096,348,54,206.5193
16,4096,348,56,173.6319
16,4096,348,58,176.4271
16,4096,348,60,182.3083
16,4096,348,62,176.9203
16,4096,348,64,180.5751
16,4096,348,66,177.0739
16,4096,348,68,176.3957
16,4096,348,70,153.9671
16,4096,348,72,177.3466
16,4096,348,74,163.3293
16,4096,348,76,178.6385
16,4096,348,78,174.5576
16,4096,348,80,151.9759
16,4096,348,82,177.6401
16,4096,348,84,171.963
16,4096,348,86,138.0944
16,4096,348,88,171.173
16,4096,348,90,169.3338
16,4096,348,92,179.5025
16,4096,348,94,165.8353
16,4096,348,96,178.8969
16,4096,348,98,146.1815
16,4096,348,100,177.2098
16,4096,348,102,180.7609
16,4096,348,104,183.0083
16,4096,348,106,161.6746
16,4096,348,108,180.2549
16,4096,348,110,165.9575
16,4096,348,112,165.0757
16,4096,348,114,161.6446
16,4096,348,116,163.4346
16,4096,348,118,155.8617
16,4096,348,120,179.8731
16,4096,348,122,179.5418
16,4096,348,124,177.9078
16,4096,348,126,178.5908
16,4096,348,128,160.8339
16,4096,348,130,159.5482
16,4096,348,132,157.5045
16,4096,348,134,174.0179
16,4096,348,136,148.5272
16,4096,348,138,173.9091
16,4096,348,140,162.9832
16,4096,348,142,179.312
16,4096,348,144,144.9463
16,4096,348,146,180.874
16,4096,348,148,161.4652
16,4096,348,150,170.1183
16,4096,348,152,171.9946
16,4096,348,154,177.5434
16,4096,348,156,151.4497
16,4096,348,158,175.3261
16,4096,348,160,170.6677
16,4096,348,162,168.5749
16,4096,348,164,159.5303
16,4096,348,166,148.959
16,4096,348,168,161.9386
16,4096,348,170,161.1967
16,4096,348,172,140.5745
16,4096,348,174,169.7127
16,4096,348,176,158.7631
16,4096,348,178,159.1734
16,4096,348,180,167.3028
16,4096,348,182,157.4245
16,4096,348,184,161.8623
16,4096,348,186,167.3715
16,4096,348,188,164.0481
16,4096,348,190,189.4839
16,4096,348,192,159.3803
16,4096,348,194,181.8902
16,4096,348,196,180.722
16,4096,348,198,154.7232
16,4096,348,200,173.4121
16,4096,348,202,175.007
16,4096,348,204,179.8193
16,4096,348,206,164.4945
16,4096,348,208,175.637
16,4096,348,210,187.0095
16,4096,348,212,168.8688
16,4096,348,214,148.7194
16,4096,348,216,171.9087
16,4096,348,218,170.4121
16,4096,348,220,171.6335
16,4096,348,222,155.8665
16,4096,348,224,163.2993
16,4096,348,226,169.4614
16,4096,348,228,166.6516
16,4096,348,230,147.6648
16,4096,348,232,167.9544
16,4096,348,234,178.9245
16,4096,348,236,171.6083
16,4096,348,238,161.5571
16,4096,348,240,170.6465
16,4096,348,242,152.0168
16,4096,348,244,168.5196
16,4096,348,246,158.7433
16,4096,348,248,146.4404
16,4096,348,250,159.6285
16,4096,348,252,143.5425
16,4096,348,254,143.9853
16,4096,348,256,165.2806
16,4096,348,258,159.732
16,4096,348,260,166.3096
16,4096,348,262,168.9182
16,4096,348,264,168.6873
16,4096,348,266,149.1775
16,4096,348,268,171.3721
16,4096,348,270,155.6065
16,4096,348,272,159.6679
16,4096,348,274,161.6321
16,4096,348,276,165.4424
16,4096,348,278,156.4132
16,4096,348,280,153.4867
16,4096,348,282,152.4807
16,4096,348,284,158.0207
16,4096,348,286,158.6527
16,4096,348,288,164.2845
16,4096,348,290,159.3069
16,4096,348,292,158.1533
16,4096,348,294,157.9875
16,4096,348,296,160.8801
16,4096,348,298,143.736
16,4096,348,300,156.3238
16,4096,348,302,151.0677
16,4096,348,304,148.9578
16,4096,348,306,136.1836
16,4096,348,308,154.5463
16,4096,348,310,131.176
16,4096,348,312,154.1553
16,4096,348,314,132.6944
16,4096,348,316,154.4875
16,4096,348,318,146.9407
16,4096,348,320,128.97
16,4096,348,322,148.8354
16,4096,348,324,140.715
16,4096,348,326,140.7446
16,4096,348,328,142.6936
16,4096,348,330,143.4946
16,4096,348,332,135.3033
16,4096,348,334,141.854
16,4096,348,336,143.5157
16,4096,348,338,140.5626
16,4096,348,340,137.1692
16,4096,348,342,136.1684
16,4096,348,344,136.0318
16,4096,348,346,119.7727
16,4096,350,2,74.3135
16,4096,350,4,123.4162
16,4096,350,6,155.4692
16,4096,350,8,193.6355
16,4096,350,10,184.2192
16,4096,350,12,232.3714
16,4096,350,14,233.7602
16,4096,350,16,254.421
16,4096,350,18,215.0698
16,4096,350,20,252.2651
16,4096,350,22,230.0882
16,4096,350,24,270.0902
16,4096,350,26,259.7547
16,4096,350,28,259.9039
16,4096,350,30,247.3313
16,4096,350,32,248.653
16,4096,350,34,228.3487
16,4096,350,36,265.9933
16,4096,350,38,255.9398
16,4096,350,40,238.4452
16,4096,350,42,250.3056
16,4096,350,44,260.9211
16,4096,350,46,241.2075
16,4096,350,48,218.6059
16,4096,350,50,225.3635
16,4096,350,52,218.8321
16,4096,350,54,196.8284
16,4096,350,56,175.1208
16,4096,350,58,172.3142
16,4096,350,60,151.9059
16,4096,350,62,177.3204
16,4096,350,64,155.1108
16,4096,350,66,158.1345
16,4096,350,68,158.7204
16,4096,350,70,181.417
16,4096,350,72,181.5538
16,4096,350,74,176.9506
16,4096,350,76,168.891
16,4096,350,78,151.6858
16,4096,350,80,163.6354
16,4096,350,82,170.6081
16,4096,350,84,161.3833
16,4096,350,86,169.9506
16,4096,350,88,181.4802
16,4096,350,90,155.0292
16,4096,350,92,169.7804
16,4096,350,94,177.9265
16,4096,350,96,152.1193
16,4096,350,98,174.2777
16,4096,350,100,154.4112
16,4096,350,102,174.3608
16,4096,350,104,167.6329
16,4096,350,106,166.0668
16,4096,350,108,175.5122
16,4096,350,110,171.6179
16,4096,350,112,161.6265
16,4096,350,114,156.9029
16,4096,350,116,167.1879
16,4096,350,118,154.5682
16,4096,350,120,179.063
16,4096,350,122,169.2465
16,4096,350,124,165.1213
16,4096,350,126,173.4345
16,4096,350,128,168.351
16,4096,350,130,177.1451
16,4096,350,132,152.2873
16,4096,350,134,181.6832
16,4096,350,136,146.5233
16,4096,350,138,169.2002
16,4096,350,140,154.3272
16,4096,350,142,170.2265
16,4096,350,144,159.0941
16,4096,350,146,169.3124
16,4096,350,148,154.3189
16,4096,350,150,177.5179
16,4096,350,152,170.6015
16,4096,350,154,175.4657
16,4096,350,156,154.5909
16,4096,350,158,168.5103
16,4096,350,160,156.543
16,4096,350,162,169.9303
16,4096,350,164,154.7031
16,4096,350,166,168.4127
16,4096,350,168,150.1568
16,4096,350,170,159.876
16,4096,350,172,155.3553
16,4096,350,174,170.2617
16,4096,350,176,176.5625
16,4096,350,178,168.1192
16,4096,350,180,165.8158
16,4096,350,182,187.4207
16,4096,350,184,144.0634
16,4096,350,186,182.9097
16,4096,350,188,174.0507
16,4096,350,190,181.1456
16,4096,350,192,182.6219
16,4096,350,194,155.001
16,4096,350,196,184.1043
16,4096,350,198,181.2505
16,4096,350,200,182.5238
16,4096,350,202,173.6825
16,4096,350,204,154.6617
16,4096,350,206,178.001
16,4096,350,208,157.3337
16,4096,350,210,163.0974
16,4096,350,212,172.3711
16,4096,350,214,141.2408
16,4096,350,216,164.513
16,4096,350,218,162.6596
16,4096,350,220,177.1444
16,4096,350,222,179.7289
16,4096,350,224,172.0802
16,4096,350,226,154.168
16,4096,350,228,167.4202
16,4096,350,230,152.0096
16,4096,350,232,171.7441
16,4096,350,234,141.9861
16,4096,350,236,175.6145
16,4096,350,238,171.5802
16,4096,350,240,152.4226
16,4096,350,242,155.2039
16,4096,350,244,150.5878
16,4096,350,246,171.2616
16,4096,350,248,148.459
16,4096,350,250,167.2339
16,4096,350,252,165.6429
16,4096,350,254,163.0802
16,4096,350,256,161.8136
16,4096,350,258,160.0254
16,4096,350,260,164.7591
16,4096,350,262,156.4223
16,4096,350,264,145.7303
16,4096,350,266,163.7802
16,4096,350,268,148.7389
16,4096,350,270,163.1324
16,4096,350,272,164.0116
16,4096,350,274,153.7025
16,4096,350,276,166.0018
16,4096,350,278,156.3867
16,4096,350,280,159.6388
16,4096,350,282,164.6229
16,4096,350,284,142.5638
16,4096,350,286,166.466
16,4096,350,288,162.2709
16,4096,350,290,156.8551
16,4096,350,292,163.9447
16,4096,350,294,138.0253
16,4096,350,296,156.4915
16,4096,350,298,161.9547
16,4096,350,300,141.1482
16,4096,350,302,151.7339
16,4096,350,304,154.6926
16,4096,350,306,155.6401
16,4096,350,308,151.968
16,4096,350,310,153.0595
16,4096,350,312,153.0089
16,4096,350,314,146.3424
16,4096,350,316,151.0712
16,4096,350,318,145.9237
16,4096,350,320,145.5843
16,4096,350,322,147.8634
16,4096,350,324,131.8315
16,4096,350,326,151.6999
16,4096,350,328,151.1929
16,4096,350,330,148.4427
16,4096,350,332,136.7887
16,4096,350,334,138.9838
16,4096,350,336,142.451
16,4096,350,338,139.9465
16,4096,350,340,121.0861
16,4096,350,342,130.2357
16,4096,350,344,136.448
16,4096,350,346,139.0497
16,4096,350,348,136.3574
