threads,size,nb,ib,GFlops
16,4096,4,2,0.0841
16,4096,6,2,0.3003
16,4096,6,4,0.285
16,4096,8,2,0.7843
16,4096,8,4,0.7501
16,4096,8,6,0.6926
16,4096,10,2,2.9161
16,4096,10,4,1.5245
16,4096,10,6,1.4397
16,4096,10,8,1.4877
16,4096,12,2,3.5106
16,4096,12,4,4.0247
16,4096,12,6,2.3502
16,4096,12,8,2.5346
16,4096,12,10,2.4705
16,4096,14,2,4.4108
16,4096,14,4,6.8102
16,4096,14,6,8.508
16,4096,14,8,4.1745
16,4096,14,10,4.0135
16,4096,14,12,4.3964
16,4096,16,2,5.2971
16,4096,16,4,8.8342
16,4096,16,6,12.104
16,4096,16,8,6.6804
16,4096,16,10,7.5903
16,4096,16,12,8.3557
16,4096,16,14,8.3515
16,4096,18,2,6.4172
16,4096,18,4,10.4469
16,4096,18,6,14.9097
16,4096,18,8,14.8393
16,4096,18,10,12.3515
16,4096,18,12,18.1505
16,4096,18,14,16.7356
16,4096,18,16,17.9487
16,4096,20,2,7.0811
16,4096,20,4,12.2783
16,4096,20,6,14.0097
16,4096,20,8,17.8089
16,4096,20,10,22.7243
16,4096,20,12,23.899
16,4096,20,14,24.0746
16,4096,20,16,23.7779
16,4096,20,18,23.9677
16,4096,22,2,8.0696
16,4096,22,4,13.3683
16,4096,22,6,17.0645
16,4096,22,8,21.7718
16,4096,22,10,21.7564
16,4096,22,12,27.1947
16,4096,22,14,29.9851
16,4096,22,16,28.507
16,4096,22,18,29.185
16,4096,22,20,28.6326
16,4096,24,2,8.4893
16,4096,24,4,16.4887
16,4096,24,6,21.5493
16,4096,24,8,24.4148
16,4096,24,10,26.8131
16,4096,24,12,35.512
16,4096,24,14,33.9143
16,4096,24,16,34.4491
16,4096,24,18,34.8004
16,4096,24,20,34.1144
16,4096,24,22,35.6445
16,4096,26,2,9.7869
16,4096,26,4,17.1114
16,4096,26,6,21.2399
16,4096,26,8,23.6713
16,4096,26,10,28.8272
16,4096,26,12,30.9269
16,4096,26,14,36.595
16,4096,26,16,41.0104
16,4096,26,18,38.1339
16,4096,26,20,40.0598
16,4096,26,22,41.9824
16,4096,26,24,40.3383
16,4096,28,2,10.3295
16,4096,28,4,17.7225
16,4096,28,6,25.8253
16,4096,28,8,27.1851
16,4096,28,10,31.6827
16,4096,28,12,33.2667
16,4096,28,14,48.6921
16,4096,28,16,48.2117
16,4096,28,18,46.2779
16,4096,28,20,46.0037
16,4096,28,22,46.2253
16,4096,28,24,43.2442
16,4096,28,26,45.7028
16,4096,30,2,10.419
16,4096,30,4,20.439
16,4096,30,6,26.8398
16,4096,30,8,35.0226
16,4096,30,10,39.6106
16,4096,30,12,40.359
16,4096,30,14,39.5258
16,4096,30,16,51.4588
16,4096,30,18,54.3625
16,4096,30,20,52.0089
16,4096,30,22,53.2217
16,4096,30,24,53.3918
16,4096,30,26,53.1357
16,4096,30,28,54.2983
16,4096,32,2,11.5703
16,4096,32,4,22.3495
16,4096,32,6,29.2618
16,4096,32,8,38.4144
16,4096,32,10,40.7409
16,4096,32,12,44.5541
16,4096,32,14,45.154
16,4096,32,16,61.7129
16,4096,32,18,59.6178
16,4096,32,20,60.2529
16,4096,32,22,59.2642
16,4096,32,24,59.0731
16,4096,32,26,59.1741
16,4096,32,28,59.162
16,4096,32,30,59.9812
16,4096,34,2,12.8317
16,4096,34,4,20.4577
16,4096,34,6,29.883
16,4096,34,8,34.7158
16,4096,34,10,42.3428
16,4096,34,12,52.1941
16,4096,34,14,53.9415
16,4096,34,16,51.4514
16,4096,34,18,66.8225
16,4096,34,20,65.5262
16,4096,34,22,66.0773
16,4096,34,24,66.6669
16,4096,34,26,66.4835
16,4096,34,28,66.0914
16,4096,34,30,64.7489
16,4096,34,32,67.2677
16,4096,36,2,12.327
16,4096,36,4,25.8281
16,4096,36,6,32.6434
16,4096,36,8,41.5682
16,4096,36,10,50.3907
16,4096,36,12,56.9717
16,4096,36,14,60.1616
16,4096,36,16,53.1143
16,4096,36,18,71.4552
16,4096,36,20,71.4635
16,4096,36,22,73.4779
16,4096,36,24,69.1579
16,4096,36,26,61.7573
16,4096,36,28,74.3616
16,4096,36,30,73.1242
16,4096,36,32,74.7707
16,4096,36,34,72.2986
16,4096,38,2,13.1664
16,4096,38,4,25.8057
16,4096,38,6,32.2392
16,4096,38,8,43.3955
16,4096,38,10,51.3218
16,4096,38,12,53.7173
16,4096,38,14,63.0675
16,4096,38,16,68.0804
16,4096,38,18,64.7118
16,4096,38,20,78.7956
16,4096,38,22,80.8113
16,4096,38,24,78.0138
16,4096,38,26,80.7567
16,4096,38,28,79.2103
16,4096,38,30,81.9931
16,4096,38,32,71.8345
16,4096,38,34,80.0362
16,4096,38,36,78.7237
16,4096,40,2,13.9707
16,4096,40,4,28.6712
16,4096,40,6,37.5203
16,4096,40,8,47.6922
16,4096,40,10,60.1184
16,4096,40,12,59.9441
16,4096,40,14,69.7125
16,4096,40,16,69.0967
16,4096,40,18,70.8286
16,4096,40,20,86.2321
16,4096,40,22,85.8618
16,4096,40,24,87.2383
16,4096,40,26,71.5157
16,4096,40,28,85.4675
16,4096,40,30,87.8557
16,4096,40,32,86.2608
16,4096,40,34,73.034
16,4096,40,36,86.2112
16,4096,40,38,79.8951
16,4096,42,2,14.3773
16,4096,42,4,25.6868
16,4096,42,6,39.0223
16,4096,42,8,44.6173
16,4096,42,10,52.5209
16,4096,42,12,60.5608
16,4096,42,14,71.7413
16,4096,42,16,78.9285
16,4096,42,18,73.0784
16,4096,42,20,78.8473
16,4096,42,22,94.7679
16,4096,42,24,95.2997
16,4096,42,26,94.2106
16,4096,42,28,90.6203
16,4096,42,30,93.1844
16,4096,42,32,93.4111
16,4096,42,34,86.1516
16,4096,42,36,98.0286
16,4096,42,38,89.6192
16,4096,42,40,92.2262
16,4096,44,2,14.8708
16,4096,44,4,27.7368
16,4096,44,6,42.3224
16,4096,44,8,52.6425
16,4096,44,10,60.6721
16,4096,44,12,66.5275
16,4096,44,14,67.9096
16,4096,44,16,75.8019
16,4096,44,18,85.073
16,4096,44,20,83.849
16,4096,44,22,97.7617
16,4096,44,24,102.1761
16,4096,44,26,99.5898
16,4096,44,28,97.3046
16,4096,44,30,100.0626
16,4096,44,32,103.4316
16,4096,44,34,99.4381
16,4096,44,36,103.2011
16,4096,44,38,99.5409
16,4096,44,40,101.3995
16,4096,44,42,81.8585
16,4096,46,2,15.6651
16,4096,46,4,29.2377
16,4096,46,6,41.4672
16,4096,46,8,55.9177
16,4096,46,10,62.677
16,4096,46,12,72.0904
16,4096,46,14,76.5125
16,4096,46,16,86.409
16,4096,46,18,87.2626
16,4096,46,20,84.2035
16,4096,46,22,85.0268
16,4096,46,24,103.9883
16,4096,46,26,102.4735
16,4096,46,28,105.3093
16,4096,46,30,98.1532
16,4096,46,32,104.7515
16,4096,46,34,97.9054
16,4096,46,36,105.8922
16,4096,46,38,101.1537
16,4096,46,40,89.1719
16,4096,46,42,102.3149
16,4096,46,44,98.3676
16,4096,48,2,18.2207
16,4096,48,4,34.8345
16,4096,48,6,49.5604
16,4096,48,8,56.6818
16,4096,48,10,69.6128
16,4096,48,12,78.5602
16,4096,48,14,80.8256
16,4096,48,16,98.0271
16,4096,48,18,94.9761
16,4096,48,20,98.7197
16,4096,48,22,90.9662
16,4096,48,24,116.709
16,4096,48,26,105.6286
16,4096,48,28,113.6239
16,4096,48,30,106.6049
16,4096,48,32,93.6163
16,4096,48,34,104.3403
16,4096,48,36,87.0387
16,4096,48,38,113.6585
16,4096,48,40,108.8022
16,4096,48,42,115.8317
16,4096,48,44,111.3482
16,4096,48,46,100.2835
16,4096,50,2,17.6204
16,4096,50,4,36.1507
16,4096,50,6,46.6267
16,4096,50,8,55.0245
16,4096,50,10,77.0567
16,4096,50,12,72.3866
16,4096,50,14,87.18
16,4096,50,16,90.2418
16,4096,50,18,99.6584
16,4096,50,20,105.0042
16,4096,50,22,96.6277
16,4096,50,24,104.7458
16,4096,50,26,109.9191
16,4096,50,28,115.1812
16,4096,50,30,113.4438
16,4096,50,32,120.7158
16,4096,50,34,114.5457
16,4096,50,36,113.2204
16,4096,50,38,115.7776
16,4096,50,40,113.8466
16,4096,50,42,113.1586
16,4096,50,44,111.5891
16,4096,50,46,109.6937
16,4096,50,48,112.3718
16,4096,52,2,18.1476
16,4096,52,4,33.5998
16,4096,52,6,52.8437
16,4096,52,8,61.0475
16,4096,52,10,73.585
16,4096,52,12,76.3488
16,4096,52,14,94.196
16,4096,52,16,89.2017
16,4096,52,18,110.3838
16,4096,52,20,101.2474
16,4096,52,22,103.8955
16,4096,52,24,103.8316
16,4096,52,26,121.12
16,4096,52,28,122.6186
16,4096,52,30,125.7769
16,4096,52,32,118.9221
16,4096,52,34,124.9743
16,4096,52,36,122.6471
16,4096,52,38,126.2125
16,4096,52,40,96.9753
16,4096,52,42,126.8946
16,4096,52,44,124.7654
16,4096,52,46,125.9723
16,4096,52,48,122.0937
16,4096,52,50,97.4419
16,4096,54,2,18.6419
16,4096,54,4,37.7942
16,4096,54,6,51.4894
16,4096,54,8,68.2441
16,4096,54,10,79.5222
16,4096,54,12,87.5798
16,4096,54,14,96.4817
16,4096,54,16,94.4675
16,4096,54,18,117.0219
16,4096,54,20,113.5342
16,4096,54,22,106.2664
16,4096,54,24,110.3754
16,4096,54,26,112.3502
16,4096,54,28,127.4849
16,4096,54,30,109.7341
16,4096,54,32,131.8755
16,4096,54,34,127.5829
16,4096,54,36,125.0715
16,4096,54,38,129.0418
16,4096,54,40,129.7406
16,4096,54,42,127.1163
16,4096,54,44,123.0036
16,4096,54,46,129.8906
16,4096,54,48,122.2343
16,4096,54,50,117.4106
16,4096,54,52,123.1739
16,4096,56,2,21.2721
16,4096,56,4,36.0948
16,4096,56,6,50.129
16,4096,56,8,75.302
16,4096,56,10,74.8803
16,4096,56,12,89.6526
16,4096,56,14,102.7354
16,4096,56,16,99.0127
16,4096,56,18,101.5724
16,4096,56,20,111.282
16,4096,56,22,115.521
16,4096,56,24,119.9949
16,4096,56,26,121.6233
16,4096,56,28,114.7572
16,4096,56,30,134.5384
16,4096,56,32,136.3202
16,4096,56,34,132.2312
16,4096,56,36,104.2388
16,4096,56,38,134.578
16,4096,56,40,132.8123
16,4096,56,42,112.9045
16,4096,56,44,135.9836
16,4096,56,46,133.3178
16,4096,56,48,122.9985
16,4096,56,50,130.1032
16,4096,56,52,129.0559
16,4096,56,54,103.5082
16,4096,58,2,22.0136
16,4096,58,4,35.8734
16,4096,58,6,53.2111
16,4096,58,8,65.285
16,4096,58,10,92.0241
16,4096,58,12,91.7817
16,4096,58,14,98.061
16,4096,58,16,107.8477
16,4096,58,18,109.3951
16,4096,58,20,118.7679
16,4096,58,22,125.0423
16,4096,58,24,128.8625
16,4096,58,26,125.0005
16,4096,58,28,126.3395
16,4096,58,30,133.2087
16,4096,58,32,141.173
16,4096,58,34,138.7198
16,4096,58,36,137.5787
16,4096,58,38,124.9932
16,4096,58,40,143.7153
16,4096,58,42,137.349
16,4096,58,44,132.931
16,4096,58,46,133.2261
16,4096,58,48,140.1308
16,4096,58,50,130.5856
16,4096,58,52,133.9852
16,4096,58,54,130.0006
16,4096,58,56,135.2168
16,4096,60,2,20.5524
16,4096,60,4,38.1422
16,4096,60,6,57.1647
16,4096,60,8,69.71
16,4096,60,10,89.1238
16,4096,60,12,102.0188
16,4096,60,14,104.1209
16,4096,60,16,122.6065
16,4096,60,18,111.2042
16,4096,60,20,129.8275
16,4096,60,22,133.9775
16,4096,60,24,131.7713
16,4096,60,26,128.2717
16,4096,60,28,133.3183
16,4096,60,30,143.3746
16,4096,60,32,147.062
16,4096,60,34,145.6845
16,4096,60,36,145.5143
16,4096,60,38,142.2425
16,4096,60,40,130.8995
16,4096,60,42,138.7962
16,4096,60,44,145.2789
16,4096,60,46,140.8203
16,4096,60,48,142.0067
16,4096,60,50,129.1842
16,4096,60,52,143.7489
16,4096,60,54,136.8393
16,4096,60,56,140.3577
16,4096,60,58,135.8903
16,4096,62,2,20.9402
16,4096,62,4,38.7895
16,4096,62,6,60.8703
16,4096,62,8,71.4657
16,4096,62,10,80.879
16,4096,62,12,92.1664
16,4096,62,14,102.6581
16,4096,62,16,112.4752
16,4096,62,18,122.8776
16,4096,62,20,118.1168
16,4096,62,22,136.2657
16,4096,62,24,136.2319
16,4096,62,26,129.3053
16,4096,62,28,138.8711
16,4096,62,30,137.1629
16,4096,62,32,115.1414
16,4096,62,34,149.6171
16,4096,62,36,145.5804
16,4096,62,38,147.7667
16,4096,62,40,145.299
16,4096,62,42,142.7596
16,4096,62,44,149.2698
16,4096,62,46,147.3654
16,4096,62,48,125.2136
16,4096,62,50,142.6275
16,4096,62,52,145.0807
16,4096,62,54,142.2328
16,4096,62,56,139.4455
16,4096,62,58,145.1084
16,4096,62,60,144.9171
16,4096,64,2,21.8482
16,4096,64,4,45.6068
16,4096,64,6,58.5231
16,4096,64,8,78.1418
16,4096,64,10,86.2419
16,4096,64,12,105.3248
16,4096,64,14,114.3834
16,4096,64,16,122.2889
16,4096,64,18,126.9809
16,4096,64,20,124.1752
16,4096,64,22,145.5108
16,4096,64,24,148.317
16,4096,64,26,142.9679
16,4096,64,28,144.0974
16,4096,64,30,149.5975
16,4096,64,32,160.0704
16,4096,64,34,160.7195
16,4096,64,36,134.4847
16,4096,64,38,158.6544
16,4096,64,40,141.3061
16,4096,64,42,158.9267
16,4096,64,44,151.4577
16,4096,64,46,153.2655
16,4096,64,48,155.435
16,4096,64,50,159.1656
16,4096,64,52,147.4472
16,4096,64,54,156.373
16,4096,64,56,134.8912
16,4096,64,58,147.8305
16,4096,64,60,146.9734
16,4096,64,62,151.7018
16,4096,66,2,22.8167
16,4096,66,4,44.6521
16,4096,66,6,66.1393
16,4096,66,8,73.3278
16,4096,66,10,92.2087
16,4096,66,12,107.0645
16,4096,66,14,108.8074
16,4096,66,16,123.524
16,4096,66,18,133.1877
16,4096,66,20,133.1045
16,4096,66,22,138.5836
16,4096,66,24,151.3175
16,4096,66,26,150.4068
16,4096,66,28,149.7269
16,4096,66,30,128.2444
16,4096,66,32,152.2742
16,4096,66,34,159.9311
16,4096,66,36,161.0996
16,4096,66,38,160.4823
16,4096,66,40,158.2767
16,4096,66,42,157.1254
16,4096,66,44,158.2253
16,4096,66,46,159.0365
16,4096,66,48,150.4617
16,4096,66,50,148.4203
16,4096,66,52,135.5187
16,4096,66,54,156.0218
16,4096,66,56,153.0957
16,4096,66,58,149.3743
16,4096,66,60,153.6326
16,4096,66,62,152.7122
16,4096,66,64,149.5683
16,4096,68,2,23.5245
16,4096,68,4,43.304
16,4096,68,6,64.256
16,4096,68,8,76.3718
16,4096,68,10,95.5723
16,4096,68,12,109.514
16,4096,68,14,120.0169
16,4096,68,16,118.597
16,4096,68,18,132.7188
16,4096,68,20,128.1802
16,4096,68,22,141.9401
16,4096,68,24,149.6493
16,4096,68,26,154.9162
16,4096,68,28,154.335
16,4096,68,30,159.0838
16,4096,68,32,155.0476
16,4096,68,34,166.2833
16,4096,68,36,138.3093
16,4096,68,38,168.8812
16,4096,68,40,151.1491
16,4096,68,42,163.4761
16,4096,68,44,149.1759
16,4096,68,46,158.3012
16,4096,68,48,145.7081
16,4096,68,50,160.6276
16,4096,68,52,164.6626
16,4096,68,54,149.8237
16,4096,68,56,165.932
16,4096,68,58,155.3586
16,4096,68,60,155.9919
16,4096,68,62,157.4555
16,4096,68,64,157.2169
16,4096,68,66,151.1359
16,4096,70,2,24.9686
16,4096,70,4,48.3799
16,4096,70,6,62.6871
16,4096,70,8,90.0098
16,4096,70,10,106.1593
16,4096,70,12,114.9358
16,4096,70,14,130.2566
16,4096,70,16,132.1224
16,4096,70,18,146.7043
16,4096,70,20,154.1661
16,4096,70,22,142.8095
16,4096,70,24,168.3668
16,4096,70,26,152.8318
16,4096,70,28,165.3233
16,4096,70,30,152.9339
16,4096,70,32,164.1651
16,4096,70,34,160.7576
16,4096,70,36,167.6003
16,4096,70,38,168.8079
16,4096,70,40,141.0263
16,4096,70,42,161.9972
16,4096,70,44,169.8349
16,4096,70,46,169.5813
16,4096,70,48,169.0969
16,4096,70,50,164.2076
16,4096,70,52,139.8347
16,4096,70,54,164.0988
16,4096,70,56,127.7821
16,4096,70,58,169.613
16,4096,70,60,145.5243
16,4096,70,62,160.72
16,4096,70,64,156.1959
16,4096,70,66,138.9928
16,4096,70,68,159.9988
16,4096,72,2,24.67
16,4096,72,4,45.7387
16,4096,72,6,76.1613
16,4096,72,8,91.594
16,4096,72,10,95.6832
16,4096,72,12,115.697
16,4096,72,14,119.4611
16,4096,72,16,136.0068
16,4096,72,18,155.6206
16,4096,72,20,155.0388
16,4096,72,22,149.1137
16,4096,72,24,171.321
16,4096,72,26,169.9973
16,4096,72,28,159.6275
16,4096,72,30,153.4858
16,4096,72,32,173.272
16,4096,72,34,163.5206
16,4096,72,36,153.4184
16,4096,72,38,145.3699
16,4096,72,40,145.2329
16,4096,72,42,179.7932
16,4096,72,44,151.5894
16,4096,72,46,178.6623
16,4096,72,48,150.751
16,4096,72,50,173.6967
16,4096,72,52,146.949
16,4096,72,54,171.0874
16,4096,72,56,138.826
16,4096,72,58,169.5215
16,4096,72,60,147.7267
16,4096,72,62,166.1915
16,4096,72,64,138.339
16,4096,72,66,162.506
16,4096,72,68,136.7302
16,4096,72,70,148.9818
16,4096,74,2,24.9549
16,4096,74,4,47.4583
16,4096,74,6,64.0824
16,4096,74,8,84.6212
16,4096,74,10,98.3582
16,4096,74,12,106.8732
16,4096,74,14,117.9952
16,4096,74,16,136.1173
16,4096,74,18,142.3994
16,4096,74,20,146.3603
16,4096,74,22,146.6381
16,4096,74,24,153.3631
16,4096,74,26,163.0708
16,4096,74,28,169.2448
16,4096,74,30,165.7628
16,4096,74,32,145.5298
16,4096,74,34,166.3744
16,4096,74,36,140.5292
16,4096,74,38,184.2144
16,4096,74,40,151.4753
16,4096,74,42,167.9445
16,4096,74,44,165.74
16,4096,74,46,180.7512
16,4096,74,48,173.7512
16,4096,74,50,173.4419
16,4096,74,52,165.9957
16,4096,74,54,171.1581
16,4096,74,56,151.7766
16,4096,74,58,167.4637
16,4096,74,60,136.3069
16,4096,74,62,173.5579
16,4096,74,64,170.2799
16,4096,74,66,172.8219
16,4096,74,68,147.7212
16,4096,74,70,162.4582
16,4096,74,72,157.1455
16,4096,76,2,26.7496
16,4096,76,4,48.5471
16,4096,76,6,69.1958
16,4096,76,8,91.9561
16,4096,76,10,102.2307
16,4096,76,12,116.4113
16,4096,76,14,131.1921
16,4096,76,16,146.8986
16,4096,76,18,154.7959
16,4096,76,20,151.3759
16,4096,76,22,156.8916
16,4096,76,24,147.6726
16,4096,76,26,175.1682
16,4096,76,28,178.8724
16,4096,76,30,154.8476
16,4096,76,32,184.6294
16,4096,76,34,178.3955
16,4096,76,36,180.5681
16,4096,76,38,182.8756
16,4096,76,40,188.7959
16,4096,76,42,178.9151
16,4096,76,44,169.0675
16,4096,76,46,182.888
16,4096,76,48,151.7447
16,4096,76,50,183.1315
16,4096,76,52,169.3804
16,4096,76,54,181.7138
16,4096,76,56,170.0868
16,4096,76,58,174.8119
16,4096,76,60,166.7998
16,4096,76,62,178.958
16,4096,76,64,160.0979
16,4096,76,66,172.2733
16,4096,76,68,135.5399
16,4096,76,70,172.1349
16,4096,76,72,152.728
16,4096,76,74,176.1918
16,4096,78,2,26.3017
16,4096,78,4,51.8887
16,4096,78,6,75.6194
16,4096,78,8,91.2147
16,4096,78,10,113.8151
16,4096,78,12,116.6386
16,4096,78,14,131.877
16,4096,78,16,142.7523
16,4096,78,18,152.933
16,4096,78,20,164.0088
16,4096,78,22,154.7674
16,4096,78,24,160.5878
16,4096,78,26,186.4428
16,4096,78,28,173.2586
16,4096,78,30,183.4624
16,4096,78,32,169.1664
16,4096,78,34,184.5486
16,4096,78,36,184.903
16,4096,78,38,168.8459
16,4096,78,40,168.0021
16,4096,78,42,149.0063
16,4096,78,44,190.1784
16,4096,78,46,166.4901
16,4096,78,48,186.6145
16,4096,78,50,178.8044
16,4096,78,52,177.5072
16,4096,78,54,153.1039
16,4096,78,56,179.8084
16,4096,78,58,163.8357
16,4096,78,60,172.124
16,4096,78,62,150.4043
16,4096,78,64,152.6647
16,4096,78,66,173.789
16,4096,78,68,172.606
16,4096,78,70,172.7544
16,4096,78,72,175.8603
16,4096,78,74,178.1491
16,4096,78,76,163.8891
16,4096,80,2,26.2039
16,4096,80,4,54.9593
16,4096,80,6,76.0031
16,4096,80,8,100.1449
16,4096,80,10,113.2999
16,4096,80,12,117.0606
16,4096,80,14,132.0052
16,4096,80,16,154.2812
16,4096,80,18,147.285
16,4096,80,20,173.0748
16,4096,80,22,173.931
16,4096,80,24,150.159
16,4096,80,26,167.7101
16,4096,80,28,163.6696
16,4096,80,30,189.906
16,4096,80,32,183.842
16,4096,80,34,176.8429
16,4096,80,36,189.872
16,4096,80,38,169.33
16,4096,80,40,192.6802
16,4096,80,42,162.8273
16,4096,80,44,184.4149
16,4096,80,46,185.5649
16,4096,80,48,187.2453
16,4096,80,50,159.2376
16,4096,80,52,183.8499
16,4096,80,54,183.9447
16,4096,80,56,182.961
16,4096,80,58,166.3611
16,4096,80,60,180.9552
16,4096,80,62,166.2211
16,4096,80,64,164.921
16,4096,80,66,143.3504
16,4096,80,68,174.6637
16,4096,80,70,152.1707
16,4096,80,72,180.981
16,4096,80,74,161.1742
16,4096,80,76,173.8941
16,4096,80,78,172.0685
16,4096,82,2,29.9531
16,4096,82,4,51.4018
16,4096,82,6,79.0581
16,4096,82,8,90.4352
16,4096,82,10,110.7203
16,4096,82,12,133.9326
16,4096,82,14,152.4879
16,4096,82,16,147.9647
16,4096,82,18,167.9618
16,4096,82,20,159.138
16,4096,82,22,183.6145
16,4096,82,24,173.2575
16,4096,82,26,180.8018
16,4096,82,28,166.1696
16,4096,82,30,192.4563
16,4096,82,32,193.3672
16,4096,82,34,191.0685
16,4096,82,36,196.5735
16,4096,82,38,153.1243
16,4096,82,40,194.7284
16,4096,82,42,172.8344
16,4096,82,44,199.9447
16,4096,82,46,190.3664
16,4096,82,48,199.5934
16,4096,82,50,187.5744
16,4096,82,52,157.7033
16,4096,82,54,190.0653
16,4096,82,56,174.43
16,4096,82,58,189.2763
16,4096,82,60,153.3118
16,4096,82,62,182.9771
16,4096,82,64,156.902
16,4096,82,66,170.5419
16,4096,82,68,162.2947
16,4096,82,70,187.8451
16,4096,82,72,166.0336
16,4096,82,74,184.9219
16,4096,82,76,168.1202
16,4096,82,78,182.5709
16,4096,82,80,144.9853
16,4096,84,2,28.8414
16,4096,84,4,57.7685
16,4096,84,6,78.2595
16,4096,84,8,105.8587
16,4096,84,10,108.8459
16,4096,84,12,145.9357
16,4096,84,14,154.5749
16,4096,84,16,150.6439
16,4096,84,18,165.881
16,4096,84,20,168.9645
16,4096,84,22,186.7112
16,4096,84,24,187.1662
16,4096,84,26,154.3555
16,4096,84,28,194.9041
16,4096,84,30,194.9544
16,4096,84,32,192.3391
16,4096,84,34,181.0137
16,4096,84,36,191.7408
16,4096,84,38,192.8193
16,4096,84,40,198.5823
16,4096,84,42,180.0192
16,4096,84,44,205.9269
16,4096,84,46,180.3504
16,4096,84,48,200.4865
16,4096,84,50,193.7465
16,4096,84,52,169.7004
16,4096,84,54,194.0956
16,4096,84,56,169.85
16,4096,84,58,186.7065
16,4096,84,60,159.3213
16,4096,84,62,179.9434
16,4096,84,64,156.4349
16,4096,84,66,181.8538
16,4096,84,68,175.8087
16,4096,84,70,180.7441
16,4096,84,72,181.345
16,4096,84,74,164.4497
16,4096,84,76,180.2311
16,4096,84,78,160.4305
16,4096,84,80,176.8118
16,4096,84,82,178.5137
16,4096,86,2,29.2909
16,4096,86,4,57.2373
16,4096,86,6,78.7144
16,4096,86,8,102.4114
16,4096,86,10,114.2193
16,4096,86,12,118.9379
16,4096,86,14,149.0982
16,4096,86,16,164.5734
16,4096,86,18,166.9713
16,4096,86,20,176.8386
16,4096,86,22,191.8195
16,4096,86,24,172.7253
16,4096,86,26,192.0426
16,4096,86,28,165.0818
16,4096,86,30,202.0762
16,4096,86,32,198.6883
16,4096,86,34,203.6907
16,4096,86,36,192.932
16,4096,86,38,202.8071
16,4096,86,40,191.3077
16,4096,86,42,169.7336
16,4096,86,44,193.757
16,4096,86,46,191.4757
16,4096,86,48,196.8825
16,4096,86,50,191.2189
16,4096,86,52,180.7769
16,4096,86,54,200.8378
16,4096,86,56,197.8726
16,4096,86,58,180.9501
16,4096,86,60,190.7151
16,4096,86,62,186.2067
16,4096,86,64,156.8865
16,4096,86,66,164.8668
16,4096,86,68,167.5368
16,4096,86,70,190.4963
16,4096,86,72,192.66
16,4096,86,74,175.141
16,4096,86,76,185.7122
16,4096,86,78,145.6087
16,4096,86,80,190.1677
16,4096,86,82,171.4209
16,4096,86,84,176.8222
16,4096,88,2,30.9297
16,4096,88,4,56.3991
16,4096,88,6,82.2374
16,4096,88,8,102.8175
16,4096,88,10,120.3299
16,4096,88,12,134.711
16,4096,88,14,152.7166
16,4096,88,16,168.8089
16,4096,88,18,173.0894
16,4096,88,20,184.3323
16,4096,88,22,190.0332
16,4096,88,24,200.3453
16,4096,88,26,184.5232
16,4096,88,28,170.4699
16,4096,88,30,207.7956
16,4096,88,32,210.2379
16,4096,88,34,191.8708
16,4096,88,36,203.5239
16,4096,88,38,195.4026
16,4096,88,40,204.2232
16,4096,88,42,197.9754
16,4096,88,44,194.1818
16,4096,88,46,210.3151
16,4096,88,48,201.2303
16,4096,88,50,204.5171
16,4096,88,52,198.7081
16,4096,88,54,200.8823
16,4096,88,56,196.0367
16,4096,88,58,161.9122
16,4096,88,60,198.4417
16,4096,88,62,171.6264
16,4096,88,64,193.4268
16,4096,88,66,170.344
16,4096,88,68,192.3787
16,4096,88,70,184.3086
16,4096,88,72,194.9582
16,4096,88,74,183.2211
16,4096,88,76,190.5698
16,4096,88,78,185.4868
16,4096,88,80,154.4239
16,4096,88,82,178.6828
16,4096,88,84,155.9143
16,4096,88,86,186.2856
16,4096,90,2,33.8103
16,4096,90,4,57.1811
16,4096,90,6,80.8242
16,4096,90,8,103.8206
16,4096,90,10,127.4673
16,4096,90,12,123.5891
16,4096,90,14,156.1553
16,4096,90,16,164.9588
16,4096,90,18,176.4429
16,4096,90,20,158.0221
16,4096,90,22,188.738
16,4096,90,24,195.9306
16,4096,90,26,178.3752
16,4096,90,28,173.0391
16,4096,90,30,210.0946
16,4096,90,32,211.0793
16,4096,90,34,203.4865
16,4096,90,36,188.3898
16,4096,90,38,205.6368
16,4096,90,40,204.6328
16,4096,90,42,187.2643
16,4096,90,44,208.89
16,4096,90,46,203.2103
16,4096,90,48,202.256
16,4096,90,50,179.5684
16,4096,90,52,174.9635
16,4096,90,54,199.2455
16,4096,90,56,203.0827
16,4096,90,58,178.3487
16,4096,90,60,201.7312
16,4096,90,62,191.0272
16,4096,90,64,157.5523
16,4096,90,66,167.9008
16,4096,90,68,158.3211
16,4096,90,70,196.6352
16,4096,90,72,159.9166
16,4096,90,74,190.3052
16,4096,90,76,170.8453
16,4096,90,78,187.3877
16,4096,90,80,167.1119
16,4096,90,82,175.6013
16,4096,90,84,150.5562
16,4096,90,86,190.479
16,4096,90,88,155.0372
16,4096,92,2,30.7257
16,4096,92,4,57.8486
16,4096,92,6,85.2587
16,4096,92,8,94.0597
16,4096,92,10,108.8541
16,4096,92,12,121.9195
16,4096,92,14,138.9997
16,4096,92,16,157.8346
16,4096,92,18,141.8853
16,4096,92,20,163.5878
16,4096,92,22,194.5796
16,4096,92,24,201.7129
16,4096,92,26,188.6796
16,4096,92,28,211.3542
16,4096,92,30,205.6551
16,4096,92,32,218.4253
16,4096,92,34,214.9808
16,4096,92,36,215.1326
16,4096,92,38,212.7114
16,4096,92,40,192.2406
16,4096,92,42,201.971
16,4096,92,44,216.0806
16,4096,92,46,174.82
16,4096,92,48,195.0085
16,4096,92,50,204.3057
16,4096,92,52,205.7124
16,4096,92,54,186.7615
16,4096,92,56,202.5916
16,4096,92,58,184.0373
16,4096,92,60,169.9205
16,4096,92,62,190.2389
16,4096,92,64,191.5948
16,4096,92,66,179.2932
16,4096,92,68,190.981
16,4096,92,70,201.4505
16,4096,92,72,184.6728
16,4096,92,74,185.517
16,4096,92,76,167.9035
16,4096,92,78,173.5849
16,4096,92,80,180.5273
16,4096,92,82,168.9606
16,4096,92,84,171.184
16,4096,92,86,192.2181
16,4096,92,88,168.5031
16,4096,92,90,175.0072
16,4096,94,2,33.9287
16,4096,94,4,62.0713
16,4096,94,6,88.8266
16,4096,94,8,105.1819
16,4096,94,10,117.9126
16,4096,94,12,151.7856
16,4096,94,14,155.9366
16,4096,94,16,158.6748
16,4096,94,18,174.6526
16,4096,94,20,199.2597
16,4096,94,22,188.6053
16,4096,94,24,197.9774
16,4096,94,26,193.0651
16,4096,94,28,206.5558
16,4096,94,30,207.673
16,4096,94,32,194.1633
16,4096,94,34,203.4319
16,4096,94,36,194.0106
16,4096,94,38,217.7506
16,4096,94,40,216.2372
16,4096,94,42,183.9957
16,4096,94,44,213.0173
16,4096,94,46,208.0735
16,4096,94,48,207.8044
16,4096,94,50,207.3138
16,4096,94,52,202.958
16,4096,94,54,194.6429
16,4096,94,56,193.1635
16,4096,94,58,208.6786
16,4096,94,60,170.556
16,4096,94,62,184.0241
16,4096,94,64,196.8578
16,4096,94,66,175.0627
16,4096,94,68,193.0878
16,4096,94,70,168.4569
16,4096,94,72,200.8157
16,4096,94,74,155.8313
16,4096,94,76,186.8028
16,4096,94,78,173.0764
16,4096,94,80,188.2664
16,4096,94,82,186.5786
16,4096,94,84,176.1178
16,4096,94,86,166.556
16,4096,94,88,185.5148
16,4096,94,90,169.3232
16,4096,94,92,166.0686
16,4096,96,2,31.3958
16,4096,96,4,64.744
16,4096,96,6,87.8891
16,4096,96,8,115.5111
16,4096,96,10,126.3804
16,4096,96,12,157.6892
16,4096,96,14,155.4569
16,4096,96,16,186.6823
16,4096,96,18,165.1773
16,4096,96,20,199.3838
16,4096,96,22,198.7189
16,4096,96,24,207.6646
16,4096,96,26,215.3472
16,4096,96,28,199.998
16,4096,96,30,204.3127
16,4096,96,32,216.1038
16,4096,96,34,219.6209
16,4096,96,36,188.2753
16,4096,96,38,218.2135
16,4096,96,40,224.3908
16,4096,96,42,188.859
16,4096,96,44,216.2022
16,4096,96,46,205.0828
16,4096,96,48,217.2106
16,4096,96,50,212.6225
16,4096,96,52,202.9928
16,4096,96,54,188.213
16,4096,96,56,203.6451
16,4096,96,58,187.0695
16,4096,96,60,179.1618
16,4096,96,62,195.9418
16,4096,96,64,198.5889
16,4096,96,66,184.6087
16,4096,96,68,159.1065
16,4096,96,70,205.306
16,4096,96,72,198.0395
16,4096,96,74,170.5458
16,4096,96,76,177.6746
16,4096,96,78,185.853
16,4096,96,80,192.4778
16,4096,96,82,177.2661
16,4096,96,84,197.0721
16,4096,96,86,171.8445
16,4096,96,88,171.5552
16,4096,96,90,191.397
16,4096,96,92,188.2016
16,4096,96,94,186.9245
16,4096,98,2,32.8365
16,4096,98,4,58.9707
16,4096,98,6,83.8491
16,4096,98,8,112.2685
16,4096,98,10,141.4187
16,4096,98,12,147.6397
16,4096,98,14,175.6486
16,4096,98,16,169.4288
16,4096,98,18,189.0724
16,4096,98,20,170.299
16,4096,98,22,184.9808
16,4096,98,24,203.1876
16,4096,98,26,216.3233
16,4096,98,28,220.2157
16,4096,98,30,208.2176
16,4096,98,32,215.1148
16,4096,98,34,224.0726
16,4096,98,36,191.3348
16,4096,98,38,224.0805
16,4096,98,40,219.4548
16,4096,98,42,194.9711
16,4096,98,44,219.4987
16,4096,98,46,222.3045
16,4096,98,48,205.6314
16,4096,98,50,220.2051
16,4096,98,52,185.9737
16,4096,98,54,209.8585
16,4096,98,56,210.3295
16,4096,98,58,186.4381
16,4096,98,60,173.6833
16,4096,98,62,188.5314
16,4096,98,64,202.9066
16,4096,98,66,204.1664
16,4096,98,68,177.7653
16,4096,98,70,203.5875
16,4096,98,72,205.0694
16,4096,98,74,178.192
16,4096,98,76,182.8296
16,4096,98,78,195.2649
16,4096,98,80,178.2156
16,4096,98,82,196.8828
16,4096,98,84,196.2332
16,4096,98,86,198.9577
16,4096,98,88,158.3583
16,4096,98,90,178.8746
16,4096,98,92,195.4299
16,4096,98,94,198.3648
16,4096,98,96,168.6097
16,4096,100,2,33.8503
16,4096,100,4,61.7525
16,4096,100,6,102.046
16,4096,100,8,116.9054
16,4096,100,10,135.4018
16,4096,100,12,145.6474
16,4096,100,14,167.0315
16,4096,100,16,187.9384
16,4096,100,18,183.8245
16,4096,100,20,203.7463
16,4096,100,22,198.6216
16,4096,100,24,211.5011
16,4096,100,26,221.6546
16,4096,100,28,219.3864
16,4096,100,30,215.095
16,4096,100,32,228.8159
16,4096,100,34,214.4474
16,4096,100,36,228.5054
16,4096,100,38,229.3916
16,4096,100,40,224.7154
16,4096,100,42,223.0703
16,4096,100,44,190.4855
16,4096,100,46,222.9685
16,4096,100,48,213.7675
16,4096,100,50,217.4852
16,4096,100,52,207.5156
16,4096,100,54,218.8608
16,4096,100,56,194.9378
16,4096,100,58,208.3335
16,4096,100,60,218.8635
16,4096,100,62,193.1487
16,4096,100,64,196.9674
16,4096,100,66,212.9226
16,4096,100,68,196.4687
16,4096,100,70,204.9627
16,4096,100,72,179.5215
16,4096,100,74,203.1487
16,4096,100,76,165.8493
16,4096,100,78,203.3902
16,4096,100,80,203.0253
16,4096,100,82,184.5556
16,4096,100,84,207.4466
16,4096,100,86,200.4637
16,4096,100,88,186.1011
16,4096,100,90,199.4929
16,4096,100,92,164.999
16,4096,100,94,194.954
16,4096,100,96,162.8116
16,4096,100,98,197.3259
16,4096,102,2,33.2319
16,4096,102,4,62.9273
16,4096,102,6,88.8293
16,4096,102,8,117.8298
16,4096,102,10,126.659
16,4096,102,12,162.4232
16,4096,102,14,165.2831
16,4096,102,16,184.3488
16,4096,102,18,193.9261
16,4096,102,20,164.6969
16,4096,102,22,213.3584
16,4096,102,24,211.9084
16,4096,102,26,208.7027
16,4096,102,28,211.4665
16,4096,102,30,224.8656
16,4096,102,32,226.3276
16,4096,102,34,218.2508
16,4096,102,36,226.2837
16,4096,102,38,225.6318
16,4096,102,40,219.7529
16,4096,102,42,219.1252
16,4096,102,44,221.0895
16,4096,102,46,217.8278
16,4096,102,48,191.925
16,4096,102,50,212.6065
16,4096,102,52,219.4868
16,4096,102,54,196.729
16,4096,102,56,204.8503
16,4096,102,58,180.5565
16,4096,102,60,204.6632
16,4096,102,62,195.2224
16,4096,102,64,174.8581
16,4096,102,66,170.6395
16,4096,102,68,209.2864
16,4096,102,70,204.2419
16,4096,102,72,186.5034
16,4096,102,74,198.9134
16,4096,102,76,193.5676
16,4096,102,78,203.8331
16,4096,102,80,193.5438
16,4096,102,82,200.8705
16,4096,102,84,155.7937
16,4096,102,86,172.3239
16,4096,102,88,172.5497
16,4096,102,90,203.4576
16,4096,102,92,164.0275
16,4096,102,94,200.8112
16,4096,102,96,181.6479
16,4096,102,98,160.0681
16,4096,102,100,189.197
16,4096,104,2,33.9156
16,4096,104,4,68.3016
16,4096,104,6,93.4683
16,4096,104,8,129.2209
16,4096,104,10,143.133
16,4096,104,12,149.9357
16,4096,104,14,168.4257
16,4096,104,16,179.7871
16,4096,104,18,179.999
16,4096,104,20,197.8419
16,4096,104,22,188.9974
16,4096,104,24,215.4065
16,4096,104,26,225.5421
16,4096,104,28,218.2365
16,4096,104,30,212.5202
16,4096,104,32,211.4787
16,4096,104,34,216.5507
16,4096,104,36,229.9703
16,4096,104,38,229.8584
16,4096,104,40,224.3757
16,4096,104,42,201.8522
16,4096,104,44,234.2429
16,4096,104,46,229.2846
16,4096,104,48,220.6103
16,4096,104,50,210.9394
16,4096,104,52,215.1418
16,4096,104,54,218.7724
16,4096,104,56,215.8107
16,4096,104,58,208.7288
16,4096,104,60,219.1993
16,4096,104,62,151.8907
16,4096,104,64,204.3998
16,4096,104,66,211.9305
16,4096,104,68,194.667
16,4096,104,70,201.6166
16,4096,104,72,191.341
16,4096,104,74,174.0907
16,4096,104,76,192.4779
16,4096,104,78,196.6543
16,4096,104,80,196.307
16,4096,104,82,184.058
16,4096,104,84,200.8992
16,4096,104,86,190.4355
16,4096,104,88,194.6475
16,4096,104,90,153.3904
16,4096,104,92,193.8706
16,4096,104,94,165.0774
16,4096,104,96,199.3409
16,4096,104,98,194.5782
16,4096,104,100,191.9081
16,4096,104,102,197.8582
16,4096,106,2,36.9517
16,4096,106,4,65.0646
16,4096,106,6,98.2434
16,4096,106,8,120.3748
16,4096,106,10,141.4911
16,4096,106,12,173.4596
16,4096,106,14,184.9949
16,4096,106,16,190.484
16,4096,106,18,199.4188
16,4096,106,20,208.352
16,4096,106,22,214.7652
16,4096,106,24,217.0392
16,4096,106,26,217.1782
16,4096,106,28,223.3563
16,4096,106,30,231.6602
16,4096,106,32,219.0656
16,4096,106,34,226.8988
16,4096,106,36,240.688
16,4096,106,38,231.8118
16,4096,106,40,239.387
16,4096,106,42,215.3431
16,4096,106,44,208.8273
16,4096,106,46,210.5475
16,4096,106,48,223.63
16,4096,106,50,214.493
16,4096,106,52,176.1176
16,4096,106,54,220.2309
16,4096,106,56,196.3081
16,4096,106,58,209.5253
16,4096,106,60,217.0778
16,4096,106,62,197.7301
16,4096,106,64,176.6438
16,4096,106,66,207.5695
16,4096,106,68,197.1741
16,4096,106,70,185.4862
16,4096,106,72,209.5721
16,4096,106,74,199.4863
16,4096,106,76,169.6979
16,4096,106,78,178.0975
16,4096,106,80,187.4868
16,4096,106,82,160.6413
16,4096,106,84,182.5343
16,4096,106,86,195.7996
16,4096,106,88,196.3316
16,4096,106,90,158.8159
16,4096,106,92,193.0236
16,4096,106,94,183.5542
16,4096,106,96,204.3609
16,4096,106,98,166.4164
16,4096,106,100,201.3142
16,4096,106,102,175.7861
16,4096,106,104,200.2705
16,4096,108,2,39.4624
16,4096,108,4,71.6896
16,4096,108,6,95.9949
16,4096,108,8,130.6458
16,4096,108,10,156.0294
16,4096,108,12,173.0618
16,4096,108,14,187.6647
16,4096,108,16,182.9178
16,4096,108,18,204.6411
16,4096,108,20,207.202
16,4096,108,22,219.9344
16,4096,108,24,225.276
16,4096,108,26,222.8438
16,4096,108,28,231.4171
16,4096,108,30,232.0628
16,4096,108,32,229.7636
16,4096,108,34,228.9539
16,4096,108,36,238.8035
16,4096,108,38,231.294
16,4096,108,40,233.4186
16,4096,108,42,243.5978
16,4096,108,44,236.1025
16,4096,108,46,220.6407
16,4096,108,48,225.0225
16,4096,108,50,196.2198
16,4096,108,52,196.7723
16,4096,108,54,218.7762
16,4096,108,56,180.3759
16,4096,108,58,195.0223
16,4096,108,60,219.6023
16,4096,108,62,212.6088
16,4096,108,64,178.5526
16,4096,108,66,201.7374
16,4096,108,68,204.6876
16,4096,108,70,194.7526
16,4096,108,72,198.7499
16,4096,108,74,198.2504
16,4096,108,76,199.8788
16,4096,108,78,171.2155
16,4096,108,80,196.7712
16,4096,108,82,209.1219
16,4096,108,84,203.2576
16,4096,108,86,197.793
16,4096,108,88,174.1739
16,4096,108,90,190.6361
16,4096,108,92,191.921
16,4096,108,94,182.8446
16,4096,108,96,185.1154
16,4096,108,98,189.4201
16,4096,108,100,188.5953
16,4096,108,102,202.9562
16,4096,108,104,182.1788
16,4096,108,106,202.5209
16,4096,110,2,37.5242
16,4096,110,4,63.3929
16,4096,110,6,96.7727
16,4096,110,8,134.208
16,4096,110,10,156.9154
16,4096,110,12,170.6581
16,4096,110,14,189.1513
16,4096,110,16,181.3665
16,4096,110,18,188.7789
16,4096,110,20,192.5183
16,4096,110,22,215.4737
16,4096,110,24,213.6653
16,4096,110,26,216.2593
16,4096,110,28,229.6746
16,4096,110,30,233.4397
16,4096,110,32,214.2704
16,4096,110,34,231.6747
16,4096,110,36,228.24
16,4096,110,38,242.0256
16,4096,110,40,236.4451
16,4096,110,42,227.7756
16,4096,110,44,233.2936
16,4096,110,46,206.8335
16,4096,110,48,228.4875
16,4096,110,50,226.4827
16,4096,110,52,213.5486
16,4096,110,54,206.6142
16,4096,110,56,201.4897
16,4096,110,58,212.9721
16,4096,110,60,216.5231
16,4096,110,62,189.1995
16,4096,110,64,176.4369
16,4096,110,66,200.9328
16,4096,110,68,203.7857
16,4096,110,70,212.2809
16,4096,110,72,195.0449
16,4096,110,74,188.0041
16,4096,110,76,187.1619
16,4096,110,78,199.4704
16,4096,110,80,216.7739
16,4096,110,82,184.8556
16,4096,110,84,185.5141
16,4096,110,86,187.3996
16,4096,110,88,207.4455
16,4096,110,90,199.1162
16,4096,110,92,204.5584
16,4096,110,94,179.5095
16,4096,110,96,195.949
16,4096,110,98,205.7504
16,4096,110,100,177.8839
16,4096,110,102,204.4786
16,4096,110,104,185.8071
16,4096,110,106,190.9883
16,4096,110,108,195.8527
16,4096,112,2,36.4089
16,4096,112,4,64.9269
16,4096,112,6,107.7065
16,4096,112,8,129.686
16,4096,112,10,143.295
16,4096,112,12,158.9729
16,4096,112,14,190.6216
16,4096,112,16,208.4177
16,4096,112,18,201.586
16,4096,112,20,219.8951
16,4096,112,22,199.4347
16,4096,112,24,232.7329
16,4096,112,26,201.5712
16,4096,112,28,239.6326
16,4096,112,30,240.2697
16,4096,112,32,233.1735
16,4096,112,34,235.5613
16,4096,112,36,225.1434
16,4096,112,38,218.8459
16,4096,112,40,244.1246
16,4096,112,42,242.5339
16,4096,112,44,220.8763
16,4096,112,46,241.0371
16,4096,112,48,232.452
16,4096,112,50,223.5836
16,4096,112,52,216.0061
16,4096,112,54,212.1236
16,4096,112,56,202.0227
16,4096,112,58,206.3036
16,4096,112,60,210.3792
16,4096,112,62,224.2054
16,4096,112,64,212.637
16,4096,112,66,191.0174
16,4096,112,68,203.4309
16,4096,112,70,209.1621
16,4096,112,72,220.5077
16,4096,112,74,187.2105
16,4096,112,76,197.3716
16,4096,112,78,211.2932
16,4096,112,80,205.5097
16,4096,112,82,215.9274
16,4096,112,84,205.8527
16,4096,112,86,209.2517
16,4096,112,88,213.1708
16,4096,112,90,192.1052
16,4096,112,92,201.9337
16,4096,112,94,211.6993
16,4096,112,96,193.5702
16,4096,112,98,205.0393
16,4096,112,100,201.1815
16,4096,112,102,197.6138
16,4096,112,104,187.5412
16,4096,112,106,184.3453
16,4096,112,108,192.5062
16,4096,112,110,213.293
16,4096,114,2,38.249
16,4096,114,4,69.1631
16,4096,114,6,102.2131
16,4096,114,8,131.613
16,4096,114,10,145.0787
16,4096,114,12,181.4434
16,4096,114,14,177.9868
16,4096,114,16,172.3049
16,4096,114,18,211.8458
16,4096,114,20,209.2146
16,4096,114,22,225.204
16,4096,114,24,217.4413
16,4096,114,26,229.7277
16,4096,114,28,224.3625
16,4096,114,30,234.3355
16,4096,114,32,246.6125
16,4096,114,34,240.7861
16,4096,114,36,240.4856
16,4096,114,38,247.2034
16,4096,114,40,243.0457
16,4096,114,42,240.2744
16,4096,114,44,240.5717
16,4096,114,46,200.8666
16,4096,114,48,233.3401
16,4096,114,50,211.8715
16,4096,114,52,223.925
16,4096,114,54,189.8793
16,4096,114,56,220.0922
16,4096,114,58,221.7144
16,4096,114,60,223.832
16,4096,114,62,190.8732
16,4096,114,64,210.1973
16,4096,114,66,218.6626
16,4096,114,68,189.7137
16,4096,114,70,223.5608
16,4096,114,72,210.9565
16,4096,114,74,206.9009
16,4096,114,76,205.5594
16,4096,114,78,193.4458
16,4096,114,80,217.2365
16,4096,114,82,192.0985
16,4096,114,84,217.9269
16,4096,114,86,173.3806
16,4096,114,88,198.4249
16,4096,114,90,219.6957
16,4096,114,92,193.6924
16,4096,114,94,209.9285
16,4096,114,96,206.1806
16,4096,114,98,164.955
16,4096,114,100,193.9651
16,4096,114,102,173.6753
16,4096,114,104,206.0443
16,4096,114,106,181.6313
16,4096,114,108,194.2985
16,4096,114,110,205.3579
16,4096,114,112,193.1035
16,4096,116,2,41.4626
16,4096,116,4,73.1056
16,4096,116,6,102.4829
16,4096,116,8,137.5579
16,4096,116,10,144.841
16,4096,116,12,176.9767
16,4096,116,14,182.1336
16,4096,116,16,196.2606
16,4096,116,18,210.9487
16,4096,116,20,220.6655
16,4096,116,22,213.3365
16,4096,116,24,228.5389
16,4096,116,26,229.2514
16,4096,116,28,236.1783
16,4096,116,30,237.5348
16,4096,116,32,250.0488
16,4096,116,34,246.554
16,4096,116,36,236.0792
16,4096,116,38,228.6532
16,4096,116,40,250.3926
16,4096,116,42,230.0888
16,4096,116,44,251.0016
16,4096,116,46,240.7595
16,4096,116,48,233.4682
16,4096,116,50,194.2316
16,4096,116,52,223.7765
16,4096,116,54,228.9806
16,4096,116,56,207.0168
16,4096,116,58,215.3641
16,4096,116,60,222.6614
16,4096,116,62,201.0884
16,4096,116,64,215.0568
16,4096,116,66,218.5209
16,4096,116,68,221.5305
16,4096,116,70,203.1849
16,4096,116,72,211.1418
16,4096,116,74,203.235
16,4096,116,76,206.3692
16,4096,116,78,189.3261
16,4096,116,80,207.9576
16,4096,116,82,203.4683
16,4096,116,84,213.8593
16,4096,116,86,201.8937
16,4096,116,88,201.1556
16,4096,116,90,176.3273
16,4096,116,92,214.241
16,4096,116,94,191.3156
16,4096,116,96,208.3601
16,4096,116,98,169.9181
16,4096,116,100,158.5711
16,4096,116,102,181.4399
16,4096,116,104,186.72
16,4096,116,106,180.8658
16,4096,116,108,178.3053
16,4096,116,110,201.677
16,4096,116,112,180.9854
16,4096,116,114,208.528
16,4096,118,2,37.6384
16,4096,118,4,71.906
16,4096,118,6,113.2007
16,4096,118,8,123.8435
16,4096,118,10,160.5152
16,4096,118,12,177.2859
16,4096,118,14,182.1663
16,4096,118,16,205.1195
16,4096,118,18,209.3525
16,4096,118,20,218.9118
16,4096,118,22,229.4069
16,4096,118,24,243.0177
16,4096,118,26,240.4799
16,4096,118,28,229.6526
16,4096,118,30,246.7176
16,4096,118,32,233.9886
16,4096,118,34,247.5579
16,4096,118,36,218.2118
16,4096,118,38,240.3001
16,4096,118,40,227.1128
16,4096,118,42,245.2746
16,4096,118,44,246.9781
16,4096,118,46,248.008
16,4096,118,48,242.2381
16,4096,118,50,231.4334
16,4096,118,52,233.7295
16,4096,118,54,212.5858
16,4096,118,56,215.9301
16,4096,118,58,210.8855
16,4096,118,60,212.8465
16,4096,118,62,212.1241
16,4096,118,64,217.8395
16,4096,118,66,216.7725
16,4096,118,68,207.0438
16,4096,118,70,220.3801
16,4096,118,72,221.6958
16,4096,118,74,207.6038
16,4096,118,76,210.9076
16,4096,118,78,198.8238
16,4096,118,80,201.6268
16,4096,118,82,221.9124
16,4096,118,84,207.7917
16,4096,118,86,207.7561
16,4096,118,88,168.4
16,4096,118,90,194.8736
16,4096,118,92,199.2241
16,4096,118,94,206.3973
16,4096,118,96,211.6488
16,4096,118,98,164.8849
16,4096,118,100,171.2737
16,4096,118,102,197.6159
16,4096,118,104,189.4207
16,4096,118,106,206.6124
16,4096,118,108,178.8286
16,4096,118,110,211.1273
16,4096,118,112,179.8384
16,4096,118,114,192.3928
16,4096,118,116,205.4952
16,4096,120,2,41.0236
16,4096,120,4,78.0803
16,4096,120,6,112.7815
16,4096,120,8,133.6467
16,4096,120,10,170.1999
16,4096,120,12,170.8913
16,4096,120,14,200.9888
16,4096,120,16,199.194
16,4096,120,18,220.1321
16,4096,120,20,214.0624
16,4096,120,22,234.0455
16,4096,120,24,240.8658
16,4096,120,26,236.016
16,4096,120,28,233.3809
16,4096,120,30,242.4022
16,4096,120,32,219.6334
16,4096,120,34,251.8731
16,4096,120,36,233.5252
16,4096,120,38,231.4395
16,4096,120,40,256.5534
16,4096,120,42,241.0823
16,4096,120,44,252.5659
16,4096,120,46,248.8442
16,4096,120,48,225.6397
16,4096,120,50,204.3798
16,4096,120,52,209.1637
16,4096,120,54,161.9982
16,4096,120,56,192.6393
16,4096,120,58,185.4904
16,4096,120,60,221.7707
16,4096,120,62,211.8033
16,4096,120,64,202.9085
16,4096,120,66,182.1024
16,4096,120,68,209.6345
16,4096,120,70,215.4313
16,4096,120,72,217.3001
16,4096,120,74,194.0336
16,4096,120,76,207.1427
16,4096,120,78,180.2153
16,4096,120,80,201.6639
16,4096,120,82,221.4177
16,4096,120,84,192.5911
16,4096,120,86,200.1648
16,4096,120,88,170.837
16,4096,120,90,195.1924
16,4096,120,92,193.8655
16,4096,120,94,209.3641
16,4096,120,96,215.973
16,4096,120,98,176.6955
16,4096,120,100,197.2139
16,4096,120,102,188.498
16,4096,120,104,188.6405
16,4096,120,106,200.7214
16,4096,120,108,198.3565
16,4096,120,110,203.8564
16,4096,120,112,197.8448
16,4096,120,114,190.9424
16,4096,120,116,177.3995
16,4096,120,118,195.8685
16,4096,122,2,40.8594
16,4096,122,4,70.5612
16,4096,122,6,109.1289
16,4096,122,8,127.4249
16,4096,122,10,154.6306
16,4096,122,12,166.2827
16,4096,122,14,209.6804
16,4096,122,16,206.7795
16,4096,122,18,228.3766
16,4096,122,20,220.2713
16,4096,122,22,220.1999
16,4096,122,24,245.6901
16,4096,122,26,215.2746
16,4096,122,28,245.7419
16,4096,122,30,224.6749
16,4096,122,32,261.9649
16,4096,122,34,228.6938
16,4096,122,36,253.1294
16,4096,122,38,237.0269
16,4096,122,40,245.1823
16,4096,122,42,218.3655
16,4096,122,44,244.1277
16,4096,122,46,243.4735
16,4096,122,48,238.491
16,4096,122,50,210.1482
16,4096,122,52,230.8121
16,4096,122,54,225.4693
16,4096,122,56,201.3318
16,4096,122,58,226.5494
16,4096,122,60,222.4648
16,4096,122,62,188.4554
16,4096,122,64,216.1719
16,4096,122,66,215.987
16,4096,122,68,214.0358
16,4096,122,70,228.1883
16,4096,122,72,220.4555
16,4096,122,74,212.9498
16,4096,122,76,184.4391
16,4096,122,78,204.3053
16,4096,122,80,203.5182
16,4096,122,82,191.5433
16,4096,122,84,218.6974
16,4096,122,86,206.9649
16,4096,122,88,204.3073
16,4096,122,90,178.8711
16,4096,122,92,199.0334
16,4096,122,94,193.0706
16,4096,122,96,195.4895
16,4096,122,98,189.2129
16,4096,122,100,196.1095
16,4096,122,102,194.9631
16,4096,122,104,196.1509
16,4096,122,106,208.9714
16,4096,122,108,193.8527
16,4096,122,110,192.9576
16,4096,122,112,162.1988
16,4096,122,114,182.1254
16,4096,122,116,171.723
16,4096,122,118,201.696
16,4096,122,120,203.7543
16,4096,124,2,41.9225
16,4096,124,4,68.5925
16,4096,124,6,110.0376
16,4096,124,8,128.119
16,4096,124,10,163.4382
16,4096,124,12,176.6098
16,4096,124,14,198.8925
16,4096,124,16,214.4363
16,4096,124,18,222.854
16,4096,124,20,207.99
16,4096,124,22,231.4105
16,4096,124,24,211.4283
16,4096,124,26,229.7248
16,4096,124,28,230.1059
16,4096,124,30,246.0179
16,4096,124,32,257.7403
16,4096,124,34,238.9032
16,4096,124,36,254.6305
16,4096,124,38,228.3604
16,4096,124,40,243.7872
16,4096,124,42,248.5784
16,4096,124,44,230.658
16,4096,124,46,242.7676
16,4096,124,48,237.1811
16,4096,124,50,218.1366
16,4096,124,52,232.6066
16,4096,124,54,220.0535
16,4096,124,56,220.2359
16,4096,124,58,204.5297
16,4096,124,60,217.7559
16,4096,124,62,218.7387
16,4096,124,64,213.0865
16,4096,124,66,212.6673
16,4096,124,68,214.8777
16,4096,124,70,195.2895
16,4096,124,72,224.9862
16,4096,124,74,173.0425
16,4096,124,76,208.8067
16,4096,124,78,187.6947
16,4096,124,80,204.0704
16,4096,124,82,213.6247
16,4096,124,84,217.4606
16,4096,124,86,175.2554
16,4096,124,88,180.2607
16,4096,124,90,182.8816
16,4096,124,92,189.726
16,4096,124,94,206.1302
16,4096,124,96,184.4066
16,4096,124,98,198.7962
16,4096,124,100,191.3147
16,4096,124,102,154.9771
16,4096,124,104,191.3571
16,4096,124,106,208.8475
16,4096,124,108,200.7174
16,4096,124,110,166.2074
16,4096,124,112,189.9087
16,4096,124,114,182.3885
16,4096,124,116,186.9368
16,4096,124,118,194.5028
16,4096,124,120,198.5147
16,4096,124,122,182.5632
16,4096,126,2,41.7212
16,4096,126,4,74.3209
16,4096,126,6,110.154
16,4096,126,8,143.1199
16,4096,126,10,165.3784
16,4096,126,12,194.9077
16,4096,126,14,190.2562
16,4096,126,16,223.9306
16,4096,126,18,208.9461
16,4096,126,20,228.3236
16,4096,126,22,243.1053
16,4096,126,24,237.7169
16,4096,126,26,248.6889
16,4096,126,28,228.979
16,4096,126,30,243.6704
16,4096,126,32,263.5063
16,4096,126,34,254.0109
16,4096,126,36,248.8079
16,4096,126,38,252.7485
16,4096,126,40,233.0149
16,4096,126,42,256.2013
16,4096,126,44,250.5044
16,4096,126,46,256.2916
16,4096,126,48,213.9059
16,4096,126,50,204.0009
16,4096,126,52,229.6883
16,4096,126,54,233.7039
16,4096,126,56,212.5743
16,4096,126,58,207.36
16,4096,126,60,217.8775
16,4096,126,62,199.087
16,4096,126,64,212.0406
16,4096,126,66,217.0688
16,4096,126,68,217.8411
16,4096,126,70,200.1988
16,4096,126,72,203.4925
16,4096,126,74,202.461
16,4096,126,76,191.3972
16,4096,126,78,157.0048
16,4096,126,80,190.0698
16,4096,126,82,201.0538
16,4096,126,84,209.7548
16,4096,126,86,165.5591
16,4096,126,88,196.3871
16,4096,126,90,197.6828
16,4096,126,92,197.1709
16,4096,126,94,204.2452
16,4096,126,96,173.7374
16,4096,126,98,166.4177
16,4096,126,100,169.936
16,4096,126,102,198.6166
16,4096,126,104,182.6982
16,4096,126,106,165.4663
16,4096,126,108,190.764
16,4096,126,110,186.2752
16,4096,126,112,155.7769
16,4096,126,114,188.6683
16,4096,126,116,184.9121
16,4096,126,118,188.5116
16,4096,126,120,174.0155
16,4096,126,122,197.295
16,4096,126,124,181.437
16,4096,128,2,42.3185
16,4096,128,4,73.3041
16,4096,128,6,117.5464
16,4096,128,8,141.9549
16,4096,128,10,178.5331
16,4096,128,12,199.7206
16,4096,128,14,192.1707
16,4096,128,16,229.3613
16,4096,128,18,198.3423
16,4096,128,20,230.5286
16,4096,128,22,245.3293
16,4096,128,24,233.4314
16,4096,128,26,250.5154
16,4096,128,28,252.5254
16,4096,128,30,239.2489
16,4096,128,32,261.6311
16,4096,128,34,260.2925
16,4096,128,36,257.3026
16,4096,128,38,252.4453
16,4096,128,40,258.8329
16,4096,128,42,251.1073
16,4096,128,44,255.7057
16,4096,128,46,256.6319
16,4096,128,48,241.3137
16,4096,128,50,240.6714
16,4096,128,52,236.1688
16,4096,128,54,234.6491
16,4096,128,56,218.7299
16,4096,128,58,219.9133
16,4096,128,60,187.2404
16,4096,128,62,207.7123
16,4096,128,64,217.8692
16,4096,128,66,192.301
16,4096,128,68,210.615
16,4096,128,70,221.2585
16,4096,128,72,196.3885
16,4096,128,74,200.1702
16,4096,128,76,198.7975
16,4096,128,78,209.9766
16,4096,128,80,193.9547
16,4096,128,82,177.0088
16,4096,128,84,204.2882
16,4096,128,86,201.5533
16,4096,128,88,176.3671
16,4096,128,90,191.9375
16,4096,128,92,188.6754
16,4096,128,94,195.9511
16,4096,128,96,204.2512
16,4096,128,98,171.4264
16,4096,128,100,196.8646
16,4096,128,102,196.7445
16,4096,128,104,197.0602
16,4096,128,106,193.8785
16,4096,128,108,194.7163
16,4096,128,110,148.1208
16,4096,128,112,187.502
16,4096,128,114,187.4113
16,4096,128,116,186.6145
16,4096,128,118,155.4516
16,4096,128,120,182.1011
16,4096,128,122,176.6854
16,4096,128,124,200.4722
16,4096,128,126,184.4333
16,4096,130,2,42.6636
16,4096,130,4,81.6474
16,4096,130,6,122.687
16,4096,130,8,129.9666
16,4096,130,10,175.1809
16,4096,130,12,185.0249
16,4096,130,14,204.4672
16,4096,130,16,212.6457
16,4096,130,18,209.7829
16,4096,130,20,238.9571
16,4096,130,22,247.7474
16,4096,130,24,228.8961
16,4096,130,26,254.8821
16,4096,130,28,218.5348
16,4096,130,30,257.5355
16,4096,130,32,252.2497
16,4096,130,34,257.8651
16,4096,130,36,255.4288
16,4096,130,38,254.5465
16,4096,130,40,253.1
16,4096,130,42,254.6835
16,4096,130,44,254.0535
16,4096,130,46,259.7392
16,4096,130,48,214.936
16,4096,130,50,230.3041
16,4096,130,52,244.0686
16,4096,130,54,223.3422
16,4096,130,56,227.0739
16,4096,130,58,226.4318
16,4096,130,60,185.3761
16,4096,130,62,213.6334
16,4096,130,64,203.8348
16,4096,130,66,176.7479
16,4096,130,68,205.807
16,4096,130,70,190.3904
16,4096,130,72,194.5974
16,4096,130,74,192.7542
16,4096,130,76,187.3449
16,4096,130,78,192.1467
16,4096,130,80,182.7481
16,4096,130,82,200.8216
16,4096,130,84,198.4429
16,4096,130,86,206.2875
16,4096,130,88,183.9456
16,4096,130,90,198.2184
16,4096,130,92,163.3224
16,4096,130,94,173.3596
16,4096,130,96,194.548
16,4096,130,98,155.8563
16,4096,130,100,174.2402
16,4096,130,102,170.8556
16,4096,130,104,191.0423
16,4096,130,106,129.7397
16,4096,130,108,192.6261
16,4096,130,110,145.3004
16,4096,130,112,182.6188
16,4096,130,114,181.016
16,4096,130,116,184.7881
16,4096,130,118,162.5082
16,4096,130,120,182.074
16,4096,130,122,197.9734
16,4096,130,124,188.9934
16,4096,130,126,192.5737
16,4096,130,128,182.1707
16,4096,132,2,45.356
16,4096,132,4,78.2225
16,4096,132,6,112.6237
16,4096,132,8,146.3843
16,4096,132,10,173.3758
16,4096,132,12,201.8425
16,4096,132,14,195.2587
16,4096,132,16,216.1707
16,4096,132,18,213.3785
16,4096,132,20,237.8148
16,4096,132,22,245.8223
16,4096,132,24,234.2896
16,4096,132,26,242.5272
16,4096,132,28,262.6
16,4096,132,30,255.5132
16,4096,132,32,167.5815
16,4096,132,34,236.5798
16,4096,132,36,261.8528
16,4096,132,38,246.1879
16,4096,132,40,258.5504
16,4096,132,42,234.135
16,4096,132,44,259.0853
16,4096,132,46,240.7605
16,4096,132,48,247.276
16,4096,132,50,209.362
16,4096,132,52,233.0145
16,4096,132,54,221.5885
16,4096,132,56,224.3552
16,4096,132,58,191.5875
16,4096,132,60,217.6796
16,4096,132,62,220.614
16,4096,132,64,193.2225
16,4096,132,66,201.3331
16,4096,132,68,225.3393
16,4096,132,70,195.5233
16,4096,132,72,173.372
16,4096,132,74,208.7168
16,4096,132,76,165.6415
16,4096,132,78,215.4774
16,4096,132,80,219.7435
16,4096,132,82,206.5136
16,4096,132,84,215.0842
16,4096,132,86,181.8723
16,4096,132,88,212.0845
16,4096,132,90,215.5292
16,4096,132,92,214.5926
16,4096,132,94,215.7068
16,4096,132,96,165.0539
16,4096,132,98,214.7556
16,4096,132,100,212.8489
16,4096,132,102,189.8032
16,4096,132,104,214.0907
16,4096,132,106,178.2013
16,4096,132,108,165.8786
16,4096,132,110,213.2233
16,4096,132,112,159.477
16,4096,132,114,205.904
16,4096,132,116,197.7191
16,4096,132,118,187.5555
16,4096,132,120,165.4222
16,4096,132,122,209.5725
16,4096,132,124,204.191
16,4096,132,126,186.4401
16,4096,132,128,209.967
16,4096,132,130,194.0634
16,4096,134,2,42.9257
16,4096,134,4,79.8891
16,4096,134,6,110.0006
16,4096,134,8,150.7535
16,4096,134,10,163.3197
16,4096,134,12,204.5748
16,4096,134,14,217.7221
16,4096,134,16,214.8063
16,4096,134,18,234.1215
16,4096,134,20,233.3505
16,4096,134,22,236.0135
16,4096,134,24,256.1309
16,4096,134,26,222.3632
16,4096,134,28,267.4492
16,4096,134,30,242.2294
16,4096,134,32,255.6895
16,4096,134,34,264.9688
16,4096,134,36,261.2263
16,4096,134,38,235.8557
16,4096,134,40,262.4195
16,4096,134,42,260.3011
16,4096,134,44,240.5303
16,4096,134,46,263.1707
16,4096,134,48,240.6671
16,4096,134,50,233.3339
16,4096,134,52,226.999
16,4096,134,54,239.9323
16,4096,134,56,220.4439
16,4096,134,58,214.6217
16,4096,134,60,190.5066
16,4096,134,62,213.7275
16,4096,134,64,217.32
16,4096,134,66,210.5685
16,4096,134,68,207.5734
16,4096,134,70,209.4359
16,4096,134,72,181.4901
16,4096,134,74,189.8304
16,4096,134,76,189.8249
16,4096,134,78,148.2734
16,4096,134,80,200.7462
16,4096,134,82,201.1191
16,4096,134,84,181.9577
16,4096,134,86,195.107
16,4096,134,88,181.8936
16,4096,134,90,201.3892
16,4096,134,92,179.4972
16,4096,134,94,197.6071
16,4096,134,96,191.6463
16,4096,134,98,164.5427
16,4096,134,100,148.077
16,4096,134,102,179.0596
16,4096,134,104,169.7221
16,4096,134,106,190.4514
16,4096,134,108,189.1723
16,4096,134,110,189.6788
16,4096,134,112,199.4173
16,4096,134,114,189.8693
16,4096,134,116,183.3948
16,4096,134,118,206.6947
16,4096,134,120,187.1681
16,4096,134,122,202.7419
16,4096,134,124,160.1973
16,4096,134,126,202.1725
16,4096,134,128,181.9797
16,4096,134,130,207.1152
16,4096,134,132,194.9415
16,4096,136,2,46.3922
16,4096,136,4,73.997
16,4096,136,6,118.8908
16,4096,136,8,145.197
16,4096,136,10,174.3294
16,4096,136,12,181.1243
16,4096,136,14,212.9452
16,4096,136,16,223.5439
16,4096,136,18,236.1311
16,4096,136,20,244.8794
16,4096,136,22,222.0761
16,4096,136,24,252.2801
16,4096,136,26,223.2052
16,4096,136,28,257.6231
16,4096,136,30,254.7355
16,4096,136,32,254.0576
16,4096,136,34,257.2515
16,4096,136,36,256.6355
16,4096,136,38,249.7752
16,4096,136,40,266.6935
16,4096,136,42,224.4941
16,4096,136,44,256.6161
16,4096,136,46,256.7451
16,4096,136,48,246.8528
16,4096,136,50,245.3904
16,4096,136,52,247.9532
16,4096,136,54,235.6306
16,4096,136,56,222.8815
16,4096,136,58,211.5455
16,4096,136,60,175.0805
16,4096,136,62,182.6624
16,4096,136,64,215.8146
16,4096,136,66,209.0709
16,4096,136,68,214.8386
16,4096,136,70,207.3314
16,4096,136,72,212.4742
16,4096,136,74,210.6247
16,4096,136,76,185.9394
16,4096,136,78,159.2913
16,4096,136,80,168.9107
16,4096,136,82,195.7436
16,4096,136,84,177.3215
16,4096,136,86,189.0459
16,4096,136,88,188.9986
16,4096,136,90,194.4151
16,4096,136,92,172.5853
16,4096,136,94,201.4879
16,4096,136,96,179.0163
16,4096,136,98,197.2779
16,4096,136,100,180.7236
16,4096,136,102,192.26
16,4096,136,104,172.8044
16,4096,136,106,180.5055
16,4096,136,108,149.703
16,4096,136,110,183.2213
16,4096,136,112,189.1917
16,4096,136,114,208.2552
16,4096,136,116,158.6668
16,4096,136,118,205.6021
16,4096,136,120,206.0369
16,4096,136,122,198.9621
16,4096,136,124,201.3407
16,4096,136,126,176.1764
16,4096,136,128,192.9041
16,4096,136,130,163.2018
16,4096,136,132,191.5664
16,4096,136,134,180.0606
16,4096,138,2,43.5708
16,4096,138,4,87.2924
16,4096,138,6,124.8374
16,4096,138,8,142.8475
16,4096,138,10,185.8458
16,4096,138,12,180.3728
16,4096,138,14,223.6249
16,4096,138,16,224.2211
16,4096,138,18,228.9612
16,4096,138,20,252.4668
16,4096,138,22,242.1287
16,4096,138,24,252.7043
16,4096,138,26,251.0088
16,4096,138,28,264.4303
16,4096,138,30,242.3523
16,4096,138,32,263.1332
16,4096,138,34,256.6792
16,4096,138,36,249.8266
16,4096,138,38,238.2764
16,4096,138,40,257.0226
16,4096,138,42,252.2792
16,4096,138,44,226.6603
16,4096,138,46,262.6776
16,4096,138,48,243.8147
16,4096,138,50,246.023
16,4096,138,52,231.9306
16,4096,138,54,240.1373
16,4096,138,56,215.0155
16,4096,138,58,221.641
16,4096,138,60,162.4842
16,4096,138,62,207.4988
16,4096,138,64,207.1594
16,4096,138,66,207.2016
16,4096,138,68,208.4628
16,4096,138,70,205.7387
16,4096,138,72,188.9237
16,4096,138,74,213.8263
16,4096,138,76,190.4482
16,4096,138,78,189.9706
16,4096,138,80,138.1164
16,4096,138,82,189.0101
16,4096,138,84,149.2857
16,4096,138,86,193.3857
16,4096,138,88,192.0478
16,4096,138,90,193.2135
16,4096,138,92,194.4907
16,4096,138,94,174.7354
16,4096,138,96,188.6713
16,4096,138,98,193.4201
16,4096,138,100,177.0145
16,4096,138,102,179.7647
16,4096,138,104,177.4327
16,4096,138,106,189.6979
16,4096,138,108,170.2856
16,4096,138,110,184.3701
16,4096,138,112,201.9555
16,4096,138,114,206.9974
16,4096,138,116,173.6545
16,4096,138,118,203.403
16,4096,138,120,191.3597
16,4096,138,122,199.4192
16,4096,138,124,174.578
16,4096,138,126,195.9519
16,4096,138,128,178.459
16,4096,138,130,194.5886
16,4096,138,132,188.0924
16,4096,138,134,151.3036
16,4096,138,136,156.8661
16,4096,140,2,43.637
16,4096,140,4,86.2068
16,4096,140,6,129.5854
16,4096,140,8,147.9947
16,4096,140,10,193.2344
16,4096,140,12,192.8627
16,4096,140,14,222.9483
16,4096,140,16,204.7222
16,4096,140,18,237.7837
16,4096,140,20,240.5439
16,4096,140,22,250.6698
16,4096,140,24,258.6613
16,4096,140,26,256.2087
16,4096,140,28,261.1282
16,4096,140,30,261.2351
16,4096,140,32,262.832
16,4096,140,34,254.6007
16,4096,140,36,239.3644
16,4096,140,38,253.3187
16,4096,140,40,259.0399
16,4096,140,42,259.3401
16,4096,140,44,261.1545
16,4096,140,46,263.1695
16,4096,140,48,250.0595
16,4096,140,50,223.405
16,4096,140,52,246.062
16,4096,140,54,214.2127
16,4096,140,56,215.8418
16,4096,140,58,221.5307
16,4096,140,60,183.3605
16,4096,140,62,190.1171
16,4096,140,64,200.2158
16,4096,140,66,210.4233
16,4096,140,68,210.9273
16,4096,140,70,190.3917
16,4096,140,72,215.177
16,4096,140,74,210.1078
16,4096,140,76,206.026
16,4096,140,78,201.4259
16,4096,140,80,165.5214
16,4096,140,82,186.1263
16,4096,140,84,183.8634
16,4096,140,86,187.7912
16,4096,140,88,183.8139
16,4096,140,90,174.1332
16,4096,140,92,180.4186
16,4096,140,94,194.6322
16,4096,140,96,198.3122
16,4096,140,98,190.1138
16,4096,140,100,190.317
16,4096,140,102,192.7342
16,4096,140,104,158.3801
16,4096,140,106,177.2047
16,4096,140,108,171.6315
16,4096,140,110,211.2004
16,4096,140,112,201.1697
16,4096,140,114,211.2322
16,4096,140,116,172.8342
16,4096,140,118,174.0211
16,4096,140,120,173.1402
16,4096,140,122,177.0606
16,4096,140,124,194.6411
16,4096,140,126,163.4836
16,4096,140,128,184.8444
16,4096,140,130,193.7945
16,4096,140,132,198.4915
16,4096,140,134,153.202
16,4096,140,136,195.7894
16,4096,140,138,198.5118
16,4096,142,2,49.1781
16,4096,142,4,90.6338
16,4096,142,6,120.6386
16,4096,142,8,160.0185
16,4096,142,10,185.1651
16,4096,142,12,216.7046
16,4096,142,14,196.1541
16,4096,142,16,248.1482
16,4096,142,18,242.1181
16,4096,142,20,240.4566
16,4096,142,22,242.7212
16,4096,142,24,243.752
16,4096,142,26,261.1314
16,4096,142,28,259.8993
16,4096,142,30,253.8231
16,4096,142,32,272.1742
16,4096,142,34,234.5786
16,4096,142,36,268.647
16,4096,142,38,260.6721
16,4096,142,40,265.5208
16,4096,142,42,241.9523
16,4096,142,44,262.5878
16,4096,142,46,246.5239
16,4096,142,48,250.0993
16,4096,142,50,251.521
16,4096,142,52,253.8701
16,4096,142,54,239.5966
16,4096,142,56,231.7488
16,4096,142,58,205.2685
16,4096,142,60,214.6585
16,4096,142,62,196.9367
16,4096,142,64,213.3674
16,4096,142,66,179.1554
16,4096,142,68,167.0628
16,4096,142,70,211.98
16,4096,142,72,207.6119
16,4096,142,74,187.6874
16,4096,142,76,171.4736
16,4096,142,78,201.223
16,4096,142,80,201.7691
16,4096,142,82,182.3351
16,4096,142,84,171.9533
16,4096,142,86,183.2809
16,4096,142,88,194.7278
16,4096,142,90,180.7079
16,4096,142,92,194.1231
16,4096,142,94,150.5197
16,4096,142,96,175.2192
16,4096,142,98,194.4455
16,4096,142,100,148.9243
16,4096,142,102,187.9405
16,4096,142,104,169.2565
16,4096,142,106,164.5564
16,4096,142,108,165.999
16,4096,142,110,208.7491
16,4096,142,112,197.4246
16,4096,142,114,198.6463
16,4096,142,116,206.51
16,4096,142,118,195.8165
16,4096,142,120,203.9107
16,4096,142,122,193.1023
16,4096,142,124,177.4651
16,4096,142,126,200.2612
16,4096,142,128,173.9714
16,4096,142,130,167.4296
16,4096,142,132,162.1799
16,4096,142,134,196.0021
16,4096,142,136,148.7792
16,4096,142,138,178.5266
16,4096,142,140,167.3618
16,4096,144,2,44.9636
16,4096,144,4,83.0009
16,4096,144,6,132.3242
16,4096,144,8,162.2329
16,4096,144,10,176.0009
16,4096,144,12,211.6977
16,4096,144,14,209.3771
16,4096,144,16,235.7786
16,4096,144,18,244.8517
16,4096,144,20,249.2767
16,4096,144,22,251.2568
16,4096,144,24,269.2562
16,4096,144,26,221.6798
16,4096,144,28,263.9025
16,4096,144,30,257.1281
16,4096,144,32,270.9887
16,4096,144,34,245.31
16,4096,144,36,271.4815
16,4096,144,38,251.0708
16,4096,144,40,261.4585
16,4096,144,42,269.3413
16,4096,144,44,242.671
16,4096,144,46,261.7682
16,4096,144,48,250.9395
16,4096,144,50,248.8968
16,4096,144,52,212.6556
16,4096,144,54,248.3053
16,4096,144,56,223.3417
16,4096,144,58,235.3642
16,4096,144,60,204.1025
16,4096,144,62,228.3201
16,4096,144,64,230.171
16,4096,144,66,219.267
16,4096,144,68,219.7238
16,4096,144,70,222.4603
16,4096,144,72,222.8266
16,4096,144,74,232.609
16,4096,144,76,207.0092
16,4096,144,78,209.3869
16,4096,144,80,223.6547
16,4096,144,82,227.2468
16,4096,144,84,224.6527
16,4096,144,86,159.4621
16,4096,144,88,179.834
16,4096,144,90,198.6685
16,4096,144,92,189.4078
16,4096,144,94,210.9739
16,4096,144,96,209.4575
16,4096,144,98,183.7222
16,4096,144,100,188.8948
16,4096,144,102,213.7521
16,4096,144,104,201.9568
16,4096,144,106,210.8516
16,4096,144,108,189.2452
16,4096,144,110,223.3943
16,4096,144,112,228.3475
16,4096,144,114,228.1994
16,4096,144,116,220.5061
16,4096,144,118,216.6772
16,4096,144,120,216.7812
16,4096,144,122,219.5704
16,4096,144,124,224.3324
16,4096,144,126,219.6227
16,4096,144,128,197.2637
16,4096,144,130,214.7301
16,4096,144,132,201.5807
16,4096,144,134,216.5973
16,4096,144,136,186.9981
16,4096,144,138,199.0662
16,4096,144,140,212.5873
16,4096,144,142,210.2406
16,4096,146,2,47.6141
16,4096,146,4,84.092
16,4096,146,6,125.2609
16,4096,146,8,159.4625
16,4096,146,10,187.8794
16,4096,146,12,204.185
16,4096,146,14,198.1825
16,4096,146,16,238.3523
16,4096,146,18,215.8869
16,4096,146,20,244.8701
16,4096,146,22,249.8794
16,4096,146,24,242.6091
16,4096,146,26,258.5704
16,4096,146,28,256.5487
16,4096,146,30,258.837
16,4096,146,32,249.3268
16,4096,146,34,234.0136
16,4096,146,36,257.2981
16,4096,146,38,263.0443
16,4096,146,40,263.4192
16,4096,146,42,213.9027
16,4096,146,44,258.9943
16,4096,146,46,264.2951
16,4096,146,48,243.0924
16,4096,146,50,247.1169
16,4096,146,52,249.5203
16,4096,146,54,229.385
16,4096,146,56,215.2483
16,4096,146,58,215.8754
16,4096,146,60,219.6778
16,4096,146,62,210.0654
16,4096,146,64,207.6589
16,4096,146,66,173.8943
16,4096,146,68,199.3354
16,4096,146,70,207.8646
16,4096,146,72,172.0913
16,4096,146,74,212.3489
16,4096,146,76,207.0244
16,4096,146,78,207.8324
16,4096,146,80,193.2475
16,4096,146,82,209.8869
16,4096,146,84,166.8635
16,4096,146,86,177.3456
16,4096,146,88,164.2371
16,4096,146,90,162.6594
16,4096,146,92,200.4111
16,4096,146,94,178.4464
16,4096,146,96,180.0872
16,4096,146,98,198.4527
16,4096,146,100,206.7758
16,4096,146,102,166.6007
16,4096,146,104,212.9076
16,4096,146,106,201.6005
16,4096,146,108,209.9357
16,4096,146,110,178.0573
16,4096,146,112,200.349
16,4096,146,114,201.5959
16,4096,146,116,192.5107
16,4096,146,118,181.3472
16,4096,146,120,197.8617
16,4096,146,122,201.4912
16,4096,146,124,191.8566
16,4096,146,126,206.8734
16,4096,146,128,197.4907
16,4096,146,130,187.2015
16,4096,146,132,195.235
16,4096,146,134,178.1034
16,4096,146,136,193.3784
16,4096,146,138,174.0521
16,4096,146,140,157.6946
16,4096,146,142,164.5442
16,4096,146,144,202.7869
16,4096,148,2,46.074
16,4096,148,4,82.7925
16,4096,148,6,130.807
16,4096,148,8,145.8946
16,4096,148,10,184.9528
16,4096,148,12,208.4602
16,4096,148,14,222.0719
16,4096,148,16,234.805
16,4096,148,18,236.0368
16,4096,148,20,242.6932
16,4096,148,22,258.0982
16,4096,148,24,248.6429
16,4096,148,26,258.4593
16,4096,148,28,259.1315
16,4096,148,30,267.2227
16,4096,148,32,234.3574
16,4096,148,34,269.2332
16,4096,148,36,264.1622
16,4096,148,38,265.0801
16,4096,148,40,258.7951
16,4096,148,42,261.8324
16,4096,148,44,263.1081
16,4096,148,46,242.9546
16,4096,148,48,247.8099
16,4096,148,50,249.4257
16,4096,148,52,250.7867
16,4096,148,54,238.1691
16,4096,148,56,220.4879
16,4096,148,58,179.8986
16,4096,148,60,212.0978
16,4096,148,62,215.3149
16,4096,148,64,208.968
16,4096,148,66,207.8211
16,4096,148,68,204.1482
16,4096,148,70,204.7763
16,4096,148,72,164.3785
16,4096,148,74,208.0161
16,4096,148,76,199.943
16,4096,148,78,205.3623
16,4096,148,80,206.6561
16,4096,148,82,183.2199
16,4096,148,84,191.8934
16,4096,148,86,167.2221
16,4096,148,88,177.2078
16,4096,148,90,161.643
16,4096,148,92,177.4731
16,4096,148,94,193.3796
16,4096,148,96,196.2762
16,4096,148,98,202.8388
16,4096,148,100,209.014
16,4096,148,102,197.7526
16,4096,148,104,193.7272
16,4096,148,106,184.966
16,4096,148,108,208.3246
16,4096,148,110,206.9794
16,4096,148,112,205.2732
16,4096,148,114,199.4862
16,4096,148,116,199.8294
16,4096,148,118,198.5428
16,4096,148,120,196.5449
16,4096,148,122,165.0597
16,4096,148,124,197.9817
16,4096,148,126,192.2211
16,4096,148,128,198.7426
16,4096,148,130,190.7381
16,4096,148,132,182.4872
16,4096,148,134,191.1819
16,4096,148,136,194.7916
16,4096,148,138,164.6971
16,4096,148,140,191.9444
16,4096,148,142,175.0933
16,4096,148,144,174.1492
16,4096,148,146,185.5719
16,4096,150,2,51.5305
16,4096,150,4,86.3239
16,4096,150,6,130.6066
16,4096,150,8,161.2654
16,4096,150,10,191.3028
16,4096,150,12,181.9996
16,4096,150,14,212.9348
16,4096,150,16,221.6925
16,4096,150,18,241.2406
16,4096,150,20,252.7148
16,4096,150,22,251.9974
16,4096,150,24,258.5356
16,4096,150,26,263.9434
16,4096,150,28,264.874
16,4096,150,30,267.8138
16,4096,150,32,264.8157
16,4096,150,34,259.6305
16,4096,150,36,269.5301
16,4096,150,38,264.313
16,4096,150,40,255.9598
16,4096,150,42,261.5122
16,4096,150,44,261.9097
16,4096,150,46,267.2447
16,4096,150,48,245.6029
16,4096,150,50,247.1274
16,4096,150,52,223.769
16,4096,150,54,240.8653
16,4096,150,56,196.3383
16,4096,150,58,217.2523
16,4096,150,60,221.8547
16,4096,150,62,210.4464
16,4096,150,64,177.1335
16,4096,150,66,207.4117
16,4096,150,68,212.4351
16,4096,150,70,206.2109
16,4096,150,72,200.6795
16,4096,150,74,204.8765
16,4096,150,76,183.5082
16,4096,150,78,209.0645
16,4096,150,80,170.9995
16,4096,150,82,149.4927
16,4096,150,84,207.1445
16,4096,150,86,197.5019
16,4096,150,88,203.0736
16,4096,150,90,190.5597
16,4096,150,92,202.3188
16,4096,150,94,142.0781
16,4096,150,96,198.8577
16,4096,150,98,207.6606
16,4096,150,100,216.9393
16,4096,150,102,154.5357
16,4096,150,104,201.4375
16,4096,150,106,213.525
16,4096,150,108,190.705
16,4096,150,110,209.0259
16,4096,150,112,179.2411
16,4096,150,114,169.9042
16,4096,150,116,179.4646
16,4096,150,118,202.89
16,4096,150,120,196.2879
16,4096,150,122,198.5251
16,4096,150,124,194.2459
16,4096,150,126,200.6411
16,4096,150,128,180.0392
16,4096,150,130,179.316
16,4096,150,132,200.6071
16,4096,150,134,192.1299
16,4096,150,136,198.498
16,4096,150,138,193.8365
16,4096,150,140,194.802
16,4096,150,142,169.8624
16,4096,150,144,197.5274
16,4096,150,146,165.3095
16,4096,150,148,184.6685
16,4096,152,2,51.3832
16,4096,152,4,96.0293
16,4096,152,6,132.7486
16,4096,152,8,172.9181
16,4096,152,10,175.5355
16,4096,152,12,217.3621
16,4096,152,14,226.7367
16,4096,152,16,246.0949
16,4096,152,18,221.4248
16,4096,152,20,253.0889
16,4096,152,22,218.811
16,4096,152,24,271.2921
16,4096,152,26,265.1397
16,4096,152,28,272.5515
16,4096,152,30,250.2146
16,4096,152,32,268.0936
16,4096,152,34,259.9601
16,4096,152,36,261.1025
16,4096,152,38,261.58
16,4096,152,40,275.9731
16,4096,152,42,256.8102
16,4096,152,44,265.9098
16,4096,152,46,258.0257
16,4096,152,48,256.4613
16,4096,152,50,240.2217
16,4096,152,52,212.3594
16,4096,152,54,241.8723
16,4096,152,56,211.0864
16,4096,152,58,176.8814
16,4096,152,60,202.4379
16,4096,152,62,211.2434
16,4096,152,64,189.4567
16,4096,152,66,203.7443
16,4096,152,68,217.8671
16,4096,152,70,171.9123
16,4096,152,72,181.3695
16,4096,152,74,208.2571
16,4096,152,76,207.839
16,4096,152,78,212.2974
16,4096,152,80,202.8689
16,4096,152,82,198.4452
16,4096,152,84,205.1914
16,4096,152,86,174.5976
16,4096,152,88,200.6284
16,4096,152,90,169.0931
16,4096,152,92,192.9097
16,4096,152,94,171.3116
16,4096,152,96,153.3037
16,4096,152,98,204.3526
16,4096,152,100,194.4338
16,4096,152,102,185.8559
16,4096,152,104,196.902
16,4096,152,106,210.7793
16,4096,152,108,180.043
16,4096,152,110,207.721
16,4096,152,112,173.9491
16,4096,152,114,203.3395
16,4096,152,116,202.8853
16,4096,152,118,194.4958
16,4096,152,120,195.9541
16,4096,152,122,180.2896
16,4096,152,124,197.0195
16,4096,152,126,162.192
16,4096,152,128,180.4297
16,4096,152,130,197.9504
16,4096,152,132,166.472
16,4096,152,134,195.4317
16,4096,152,136,178.4448
16,4096,152,138,188.8362
16,4096,152,140,177.4799
16,4096,152,142,190.3107
16,4096,152,144,187.6124
16,4096,152,146,148.4087
16,4096,152,148,158.2883
16,4096,152,150,195.8641
16,4096,154,2,52.4393
16,4096,154,4,92.207
16,4096,154,6,127.1899
16,4096,154,8,166.1537
16,4096,154,10,181.8878
16,4096,154,12,221.4347
16,4096,154,14,210.0027
16,4096,154,16,246.9636
16,4096,154,18,239.6915
16,4096,154,20,256.7475
16,4096,154,22,254.0587
16,4096,154,24,242.3516
16,4096,154,26,260.8479
16,4096,154,28,272.7787
16,4096,154,30,254.2725
16,4096,154,32,276.296
16,4096,154,34,219.2859
16,4096,154,36,276.978
16,4096,154,38,272.9019
16,4096,154,40,266.1668
16,4096,154,42,266.4912
16,4096,154,44,276.223
16,4096,154,46,259.9657
16,4096,154,48,245.5682
16,4096,154,50,250.5716
16,4096,154,52,228.2289
16,4096,154,54,215.1417
16,4096,154,56,219.8572
16,4096,154,58,216.4605
16,4096,154,60,205.9389
16,4096,154,62,207.1802
16,4096,154,64,203.2539
16,4096,154,66,183.4811
16,4096,154,68,164.1421
16,4096,154,70,207.4114
16,4096,154,72,207.9823
16,4096,154,74,196.4742
16,4096,154,76,163.9261
16,4096,154,78,200.5788
16,4096,154,80,200.2812
16,4096,154,82,194.8018
16,4096,154,84,199.8589
16,4096,154,86,199.6624
16,4096,154,88,195.4981
16,4096,154,90,197.28
16,4096,154,92,192.7002
16,4096,154,94,164.1085
16,4096,154,96,177.7997
16,4096,154,98,215.8681
16,4096,154,100,206.4637
16,4096,154,102,209.712
16,4096,154,104,182.9985
16,4096,154,106,174.8823
16,4096,154,108,205.2645
16,4096,154,110,202.5228
16,4096,154,112,197.3106
16,4096,154,114,171.4259
16,4096,154,116,199.8979
16,4096,154,118,199.173
16,4096,154,120,177.9498
16,4096,154,122,169.7887
16,4096,154,124,196.9104
16,4096,154,126,181.0922
16,4096,154,128,183.6609
16,4096,154,130,200.9513
16,4096,154,132,177.1629
16,4096,154,134,196.7762
16,4096,154,136,181.8202
16,4096,154,138,193.1099
16,4096,154,140,177.7782
16,4096,154,142,191.5129
16,4096,154,144,174.2317
16,4096,154,146,186.6906
16,4096,154,148,173.4178
16,4096,154,150,147.8488
16,4096,154,152,181.8146
16,4096,156,2,48.5416
16,4096,156,4,94.1956
16,4096,156,6,129.3257
16,4096,156,8,170.6065
16,4096,156,10,175.1305
16,4096,156,12,220.3924
16,4096,156,14,227.3572
16,4096,156,16,238.607
16,4096,156,18,247.6059
16,4096,156,20,251.7628
16,4096,156,22,255.8908
16,4096,156,24,262.6806
16,4096,156,26,256.9663
16,4096,156,28,260.1524
16,4096,156,30,266.7751
16,4096,156,32,248.451
16,4096,156,34,271.3901
16,4096,156,36,241.1523
16,4096,156,38,266.9545
16,4096,156,40,265.9036
16,4096,156,42,270.5544
16,4096,156,44,255.4443
16,4096,156,46,269.2564
16,4096,156,48,247.621
16,4096,156,50,232.0123
16,4096,156,52,261.8647
16,4096,156,54,250.9555
16,4096,156,56,230.2843
16,4096,156,58,235.0241
16,4096,156,60,192.9765
16,4096,156,62,228.7856
16,4096,156,64,219.7261
16,4096,156,66,226.3572
16,4096,156,68,190.9082
16,4096,156,70,179.7274
16,4096,156,72,202.66
16,4096,156,74,225.1123
16,4096,156,76,218.9885
16,4096,156,78,223.2465
16,4096,156,80,222.1116
16,4096,156,82,221.0474
16,4096,156,84,226.0453
16,4096,156,86,196.4727
16,4096,156,88,218.5251
16,4096,156,90,223.8068
16,4096,156,92,199.1933
16,4096,156,94,223.2887
16,4096,156,96,222.1928
16,4096,156,98,238.1162
16,4096,156,100,180.0661
16,4096,156,102,230.0369
16,4096,156,104,232.709
16,4096,156,106,188.7332
16,4096,156,108,230.3478
16,4096,156,110,188.6952
16,4096,156,112,209.5008
16,4096,156,114,224.1873
16,4096,156,116,187.0093
16,4096,156,118,194.4286
16,4096,156,120,210.8124
16,4096,156,122,220.0485
16,4096,156,124,220.3162
16,4096,156,126,213.2745
16,4096,156,128,217.518
16,4096,156,130,191.1716
16,4096,156,132,213.2575
16,4096,156,134,219.9036
16,4096,156,136,200.2241
16,4096,156,138,211.219
16,4096,156,140,197.8464
16,4096,156,142,209.9658
16,4096,156,144,218.8299
16,4096,156,146,204.4131
16,4096,156,148,212.9481
16,4096,156,150,165.1342
16,4096,156,152,185.7875
16,4096,156,154,210.8906
16,4096,158,2,49.5362
16,4096,158,4,98.7665
16,4096,158,6,128.6181
16,4096,158,8,181.8554
16,4096,158,10,208.775
16,4096,158,12,211.3513
16,4096,158,14,219.5159
16,4096,158,16,254.4853
16,4096,158,18,247.4817
16,4096,158,20,264.1668
16,4096,158,22,236.7458
16,4096,158,24,268.8534
16,4096,158,26,250.0294
16,4096,158,28,269.5793
16,4096,158,30,244.5193
16,4096,158,32,283.061
16,4096,158,34,254.4998
16,4096,158,36,262.7969
16,4096,158,38,266.6558
16,4096,158,40,276.0399
16,4096,158,42,258.8715
16,4096,158,44,273.2849
16,4096,158,46,227.5597
16,4096,158,48,265.219
16,4096,158,50,240.2216
16,4096,158,52,245.0018
16,4096,158,54,254.5423
16,4096,158,56,190.97
16,4096,158,58,201.5327
16,4096,158,60,208.306
16,4096,158,62,211.2206
16,4096,158,64,205.763
16,4096,158,66,182.772
16,4096,158,68,196.409
16,4096,158,70,206.1696
16,4096,158,72,181.604
16,4096,158,74,195.1133
16,4096,158,76,208.2608
16,4096,158,78,172.2731
16,4096,158,80,210.0337
16,4096,158,82,206.0882
16,4096,158,84,208.3813
16,4096,158,86,158.3588
16,4096,158,88,221.4356
16,4096,158,90,223.9664
16,4096,158,92,181.8798
16,4096,158,94,213.4271
16,4096,158,96,218.6321
16,4096,158,98,185.16
16,4096,158,100,207.6975
16,4096,158,102,188.5072
16,4096,158,104,203.5458
16,4096,158,106,181.6921
16,4096,158,108,209.709
16,4096,158,110,193.7828
16,4096,158,112,202.2304
16,4096,158,114,164.2512
16,4096,158,116,191.82
16,4096,158,118,173.6258
16,4096,158,120,194.8766
16,4096,158,122,179.6173
16,4096,158,124,205.167
16,4096,158,126,190.2781
16,4096,158,128,182.6561
16,4096,158,130,198.8617
16,4096,158,132,183.315
16,4096,158,134,194.8258
16,4096,158,136,176.7387
16,4096,158,138,193.7496
16,4096,158,140,196.8637
16,4096,158,142,153.0615
16,4096,158,144,193.2654
16,4096,158,146,172.3534
16,4096,158,148,185.4637
16,4096,158,150,149.1591
16,4096,158,152,185.4326
16,4096,158,154,176.2504
16,4096,158,156,179.8819
16,4096,160,2,52.5361
16,4096,160,4,97.2635
16,4096,160,6,137.8772
16,4096,160,8,163.8405
16,4096,160,10,210.2448
16,4096,160,12,206.8973
16,4096,160,14,219.2074
16,4096,160,16,251.3494
16,4096,160,18,246.5476
16,4096,160,20,261.3069
16,4096,160,22,252.5715
16,4096,160,24,261.9557
16,4096,160,26,247.57
16,4096,160,28,282.255
16,4096,160,30,235.5954
16,4096,160,32,278.5314
16,4096,160,34,257.6128
16,4096,160,36,273.9347
16,4096,160,38,263.6497
16,4096,160,40,271.3967
16,4096,160,42,257.0195
16,4096,160,44,275.9859
16,4096,160,46,215.7127
16,4096,160,48,261.2633
16,4096,160,50,238.9993
16,4096,160,52,249.8715
16,4096,160,54,224.6651
16,4096,160,56,210.5796
16,4096,160,58,204.1989
16,4096,160,60,187.652
16,4096,160,62,187.5224
16,4096,160,64,201.3258
16,4096,160,66,176.2229
16,4096,160,68,203.7007
16,4096,160,70,205.8107
16,4096,160,72,184.7012
16,4096,160,74,198.5794
16,4096,160,76,175.844
16,4096,160,78,190.9946
16,4096,160,80,195.2147
16,4096,160,82,203.842
16,4096,160,84,166.9202
16,4096,160,86,221.3971
16,4096,160,88,207.0434
16,4096,160,90,217.5367
16,4096,160,92,203.0079
16,4096,160,94,192.0032
16,4096,160,96,210.2915
16,4096,160,98,176.2249
16,4096,160,100,177.928
16,4096,160,102,210.4177
16,4096,160,104,175.4013
16,4096,160,106,209.9889
16,4096,160,108,198.2681
16,4096,160,110,206.2991
16,4096,160,112,185.0551
16,4096,160,114,178.6608
16,4096,160,116,186.816
16,4096,160,118,198.1952
16,4096,160,120,189.8905
16,4096,160,122,171.6491
16,4096,160,124,154.9775
16,4096,160,126,185.038
16,4096,160,128,188.9729
16,4096,160,130,195.1266
16,4096,160,132,168.6996
16,4096,160,134,187.4285
16,4096,160,136,173.6279
16,4096,160,138,192.2739
16,4096,160,140,150.5345
16,4096,160,142,167.1784
16,4096,160,144,184.6571
16,4096,160,146,185.3715
16,4096,160,148,187.1615
16,4096,160,150,184.6104
16,4096,160,152,155.7737
16,4096,160,154,156.9718
16,4096,160,156,184.5135
16,4096,160,158,189.4175
16,4096,162,2,52.4517
16,4096,162,4,99.2849
16,4096,162,6,143.7575
16,4096,162,8,174.3195
16,4096,162,10,192.6079
16,4096,162,12,218.818
16,4096,162,14,232.7686
16,4096,162,16,236.9199
16,4096,162,18,250.6178
16,4096,162,20,226.1507
16,4096,162,22,260.2679
16,4096,162,24,253.6789
16,4096,162,26,265.5805
16,4096,162,28,260.6887
16,4096,162,30,268.005
16,4096,162,32,266.5619
16,4096,162,34,268.3222
16,4096,162,36,270.5955
16,4096,162,38,270.099
16,4096,162,40,252.0101
16,4096,162,42,246.4419
16,4096,162,44,269.6134
16,4096,162,46,275.7155
16,4096,162,48,241.864
16,4096,162,50,248.5044
16,4096,162,52,246.8323
16,4096,162,54,252.6434
16,4096,162,56,193.9965
16,4096,162,58,212.4642
16,4096,162,60,189.4919
16,4096,162,62,140.3335
16,4096,162,64,203.3415
16,4096,162,66,206.6159
16,4096,162,68,204.7515
16,4096,162,70,204.9555
16,4096,162,72,179.175
16,4096,162,74,197.8734
16,4096,162,76,190.0636
16,4096,162,78,204.1708
16,4096,162,80,189.803
16,4096,162,82,203.8002
16,4096,162,84,199.831
16,4096,162,86,199.5714
16,4096,162,88,223.1809
16,4096,162,90,207.6226
16,4096,162,92,216.1778
16,4096,162,94,182.168
16,4096,162,96,212.3747
16,4096,162,98,216.1403
16,4096,162,100,174.7996
16,4096,162,102,200.8368
16,4096,162,104,212.3591
16,4096,162,106,200.949
16,4096,162,108,213.1391
16,4096,162,110,176.2422
16,4096,162,112,205.2065
16,4096,162,114,175.9243
16,4096,162,116,202.876
16,4096,162,118,196.1478
16,4096,162,120,168.7861
16,4096,162,122,193.9229
16,4096,162,124,200.7898
16,4096,162,126,172.5746
16,4096,162,128,178.3817
16,4096,162,130,182.9556
16,4096,162,132,168.0451
16,4096,162,134,175.6249
16,4096,162,136,192.8579
16,4096,162,138,195.7999
16,4096,162,140,148.8019
16,4096,162,142,192.9506
16,4096,162,144,171.9405
16,4096,162,146,186.858
16,4096,162,148,150.5706
16,4096,162,150,188.9991
16,4096,162,152,166.3735
16,4096,162,154,188.3299
16,4096,162,156,163.1009
16,4096,162,158,163.7372
16,4096,162,160,184.9506
16,4096,164,2,52.7369
16,4096,164,4,90.8308
16,4096,164,6,139.7927
16,4096,164,8,167.644
16,4096,164,10,185.3675
16,4096,164,12,230.0555
16,4096,164,14,226.2397
16,4096,164,16,235.1772
16,4096,164,18,235.3699
16,4096,164,20,261.0429
16,4096,164,22,245.1437
16,4096,164,24,273.4915
16,4096,164,26,233.845
16,4096,164,28,279.7545
16,4096,164,30,261.4569
16,4096,164,32,280.2402
16,4096,164,34,272.9713
16,4096,164,36,257.5018
16,4096,164,38,244.8864
16,4096,164,40,277.6877
16,4096,164,42,240.724
16,4096,164,44,279.7094
16,4096,164,46,275.8734
16,4096,164,48,248.9424
16,4096,164,50,240.6721
16,4096,164,52,247.1368
16,4096,164,54,247.2075
16,4096,164,56,218.4499
16,4096,164,58,213.7488
16,4096,164,60,211.7542
16,4096,164,62,190.5393
16,4096,164,64,201.6144
16,4096,164,66,170.8271
16,4096,164,68,206.0201
16,4096,164,70,186.4821
16,4096,164,72,199.8457
16,4096,164,74,204.1816
16,4096,164,76,161.1261
16,4096,164,78,193.4993
16,4096,164,80,183.5598
16,4096,164,82,205.8095
16,4096,164,84,205.7129
16,4096,164,86,200.0045
16,4096,164,88,203.0865
16,4096,164,90,192.4146
16,4096,164,92,219.8
16,4096,164,94,178.8578
16,4096,164,96,214.3709
16,4096,164,98,180.9383
16,4096,164,100,175.1099
16,4096,164,102,198.3797
16,4096,164,104,211.8347
16,4096,164,106,205.6122
16,4096,164,108,192.4342
16,4096,164,110,189.1265
16,4096,164,112,185.2897
16,4096,164,114,209.1411
16,4096,164,116,192.247
16,4096,164,118,194.5231
16,4096,164,120,200.9283
16,4096,164,122,179.9585
16,4096,164,124,201.0726
16,4096,164,126,162.9542
16,4096,164,128,192.2131
16,4096,164,130,177.1392
16,4096,164,132,173.2979
16,4096,164,134,195.6666
16,4096,164,136,154.6444
16,4096,164,138,185.6561
16,4096,164,140,173.1016
16,4096,164,142,188.1759
16,4096,164,144,184.6063
16,4096,164,146,191.2211
16,4096,164,148,175.1976
16,4096,164,150,187.6529
16,4096,164,152,168.1217
16,4096,164,154,180.0239
16,4096,164,156,148.863
16,4096,164,158,168.6553
16,4096,164,160,186.1925
16,4096,164,162,172.0272
16,4096,166,2,57.3454
16,4096,166,4,94.73
16,4096,166,6,142.2584
16,4096,166,8,195.1131
16,4096,166,10,181.0948
16,4096,166,12,235.2111
16,4096,166,14,219.9062
16,4096,166,16,253.9202
16,4096,166,18,238.4541
16,4096,166,20,249.281
16,4096,166,22,267.6458
16,4096,166,24,265.7841
16,4096,166,26,244.6555
16,4096,166,28,261.9752
16,4096,166,30,273.4015
16,4096,166,32,258.767
16,4096,166,34,275.9248
16,4096,166,36,279.14
16,4096,166,38,268.2952
16,4096,166,40,271.4243
16,4096,166,42,269.7111
16,4096,166,44,267.491
16,4096,166,46,274.3002
16,4096,166,48,249.8733
16,4096,166,50,253.8385
16,4096,166,52,216.8902
16,4096,166,54,248.9846
16,4096,166,56,207.6534
16,4096,166,58,209.9724
16,4096,166,60,171.3925
16,4096,166,62,180.628
16,4096,166,64,184.2208
16,4096,166,66,185.9695
16,4096,166,68,201.4374
16,4096,166,70,161.587
16,4096,166,72,173.2982
16,4096,166,74,190.7955
16,4096,166,76,194.392
16,4096,166,78,178.0566
16,4096,166,80,170.3689
16,4096,166,82,169.1572
16,4096,166,84,199.6449
16,4096,166,86,207.1107
16,4096,166,88,213.0155
16,4096,166,90,179.1261
16,4096,166,92,198.1375
16,4096,166,94,214.5201
16,4096,166,96,173.4668
16,4096,166,98,186.4232
16,4096,166,100,202.0083
16,4096,166,102,207.0085
16,4096,166,104,208.5508
16,4096,166,106,199.5952
16,4096,166,108,202.9402
16,4096,166,110,195.888
16,4096,166,112,206.376
16,4096,166,114,169.6597
16,4096,166,116,208.8322
16,4096,166,118,169.3187
16,4096,166,120,189.9329
16,4096,166,122,179.0316
16,4096,166,124,197.5889
16,4096,166,126,196.488
16,4096,166,128,186.2536
16,4096,166,130,195.3527
16,4096,166,132,182.6239
16,4096,166,134,189.3338
16,4096,166,136,186.1354
16,4096,166,138,189.1254
16,4096,166,140,155.859
16,4096,166,142,185.3612
16,4096,166,144,184.1594
16,4096,166,146,139.9628
16,4096,166,148,165.8691
16,4096,166,150,187.7498
16,4096,166,152,151.8661
16,4096,166,154,182.3352
16,4096,166,156,183.297
16,4096,166,158,163.29
16,4096,166,160,178.3203
16,4096,166,162,158.7793
16,4096,166,164,181.3961
16,4096,168,2,50.7276
16,4096,168,4,101.0983
16,4096,168,6,141.4359
16,4096,168,8,176.7845
16,4096,168,10,193.0256
16,4096,168,12,235.0244
16,4096,168,14,239.9505
16,4096,168,16,244.4302
16,4096,168,18,255.438
16,4096,168,20,224.0108
16,4096,168,22,265.1525
16,4096,168,24,265.3201
16,4096,168,26,270.7641
16,4096,168,28,267.1073
16,4096,168,30,274.2461
16,4096,168,32,271.1548
16,4096,168,34,277.1725
16,4096,168,36,246.6429
16,4096,168,38,269.6806
16,4096,168,40,273.972
16,4096,168,42,278.6895
16,4096,168,44,261.7635
16,4096,168,46,259.1416
16,4096,168,48,265.5499
16,4096,168,50,257.0694
16,4096,168,52,217.1555
16,4096,168,54,235.6496
16,4096,168,56,230.4286
16,4096,168,58,218.03
16,4096,168,60,199.831
16,4096,168,62,214.9392
16,4096,168,64,222.3451
16,4096,168,66,180.7451
16,4096,168,68,215.3119
16,4096,168,70,219.2632
16,4096,168,72,216.8357
16,4096,168,74,207.7092
16,4096,168,76,220.1249
16,4096,168,78,214.8202
16,4096,168,80,205.4624
16,4096,168,82,166.4618
16,4096,168,84,221.3986
16,4096,168,86,230.1593
16,4096,168,88,233.4204
16,4096,168,90,222.3833
16,4096,168,92,228.3356
16,4096,168,94,231.3041
16,4096,168,96,216.5653
16,4096,168,98,235.0061
16,4096,168,100,232.1285
16,4096,168,102,229.7675
16,4096,168,104,232.3766
16,4096,168,106,232.5136
16,4096,168,108,228.5539
16,4096,168,110,227.7688
16,4096,168,112,196.3129
16,4096,168,114,227.2421
16,4096,168,116,192.1576
16,4096,168,118,222.1097
16,4096,168,120,179.2525
16,4096,168,122,222.8475
16,4096,168,124,191.7439
16,4096,168,126,223.0059
16,4096,168,128,220.5272
16,4096,168,130,219.3915
16,4096,168,132,214.397
16,4096,168,134,177.7288
16,4096,168,136,218.8625
16,4096,168,138,216.8045
16,4096,168,140,195.7015
16,4096,168,142,182.4524
16,4096,168,144,186.7448
16,4096,168,146,208.5164
16,4096,168,148,202.3924
16,4096,168,150,190.7246
16,4096,168,152,200.8338
16,4096,168,154,210.4905
16,4096,168,156,179.7208
16,4096,168,158,209.3359
16,4096,168,160,203.4174
16,4096,168,162,163.727
16,4096,168,164,203.3693
16,4096,168,166,198.7213
16,4096,170,2,55.7229
16,4096,170,4,93.0475
16,4096,170,6,126.4511
16,4096,170,8,180.9496
16,4096,170,10,208.1409
16,4096,170,12,212.1109
16,4096,170,14,228.0231
16,4096,170,16,238.7227
16,4096,170,18,253.0682
16,4096,170,20,260.4191
16,4096,170,22,260.7573
16,4096,170,24,250.6083
16,4096,170,26,250.8526
16,4096,170,28,273.4582
16,4096,170,30,248.2509
16,4096,170,32,270.7867
16,4096,170,34,273.4227
16,4096,170,36,241.2081
16,4096,170,38,277.4985
16,4096,170,40,267.8157
16,4096,170,42,272.2307
16,4096,170,44,249.3835
16,4096,170,46,272.1517
16,4096,170,48,221.5718
16,4096,170,50,248.234
16,4096,170,52,231.2777
16,4096,170,54,241.324
16,4096,170,56,173.5648
16,4096,170,58,211.6676
16,4096,170,60,211.2382
16,4096,170,62,202.348
16,4096,170,64,198.8949
16,4096,170,66,182.6277
16,4096,170,68,175.542
16,4096,170,70,197.9163
16,4096,170,72,173.2362
16,4096,170,74,177.2065
16,4096,170,76,212.4633
16,4096,170,78,216.3532
16,4096,170,80,217.5664
16,4096,170,82,204.456
16,4096,170,84,204.9337
16,4096,170,86,222.0459
16,4096,170,88,211.8673
16,4096,170,90,217.2263
16,4096,170,92,212.3483
16,4096,170,94,208.3836
16,4096,170,96,208.8625
16,4096,170,98,188.1631
16,4096,170,100,202.9804
16,4096,170,102,204.1065
16,4096,170,104,203.9852
16,4096,170,106,207.3395
16,4096,170,108,175.8001
16,4096,170,110,203.3506
16,4096,170,112,209.3643
16,4096,170,114,194.3031
16,4096,170,116,196.8939
16,4096,170,118,197.7192
16,4096,170,120,201.1611
16,4096,170,122,170.5177
16,4096,170,124,167.3332
16,4096,170,126,193.7815
16,4096,170,128,173.1633
16,4096,170,130,177.0398
16,4096,170,132,182.7454
16,4096,170,134,166.8848
16,4096,170,136,176.2968
16,4096,170,138,193.1765
16,4096,170,140,170.7867
16,4096,170,142,189.2609
16,4096,170,144,174.5695
16,4096,170,146,172.202
16,4096,170,148,151.1582
16,4096,170,150,183.6877
16,4096,170,152,167.9628
16,4096,170,154,157.0477
16,4096,170,156,169.8309
16,4096,170,158,185.4021
16,4096,170,160,174.8225
16,4096,170,162,179.385
16,4096,170,164,180.5335
16,4096,170,166,187.2871
16,4096,170,168,144.6354
16,4096,172,2,52.5955
16,4096,172,4,98.5163
16,4096,172,6,154.755
16,4096,172,8,182.5361
16,4096,172,10,191.1046
16,4096,172,12,219.0285
16,4096,172,14,232.984
16,4096,172,16,257.1074
16,4096,172,18,239.3328
16,4096,172,20,264.8445
16,4096,172,22,261.1147
16,4096,172,24,280.2516
16,4096,172,26,247.3069
16,4096,172,28,277.434
16,4096,172,30,274.9922
16,4096,172,32,284.7745
16,4096,172,34,263.9926
16,4096,172,36,271.8653
16,4096,172,38,279.3242
16,4096,172,40,281.7576
16,4096,172,42,275.8927
16,4096,172,44,239.6762
16,4096,172,46,272.5389
16,4096,172,48,242.565
16,4096,172,50,253.0853
16,4096,172,52,250.2255
16,4096,172,54,240.1143
16,4096,172,56,204.7093
16,4096,172,58,209.6472
16,4096,172,60,192.1996
16,4096,172,62,209.7272
16,4096,172,64,159.7244
16,4096,172,66,172.9471
16,4096,172,68,197.397
16,4096,172,70,172.6447
16,4096,172,72,183.6899
16,4096,172,74,193.5425
16,4096,172,76,196.0914
16,4096,172,78,209.6294
16,4096,172,80,214.401
16,4096,172,82,163.688
16,4096,172,84,195.9767
16,4096,172,86,218.849
16,4096,172,88,173.2312
16,4096,172,90,218.7687
16,4096,172,92,195.0759
16,4096,172,94,194.2304
16,4096,172,96,207.0491
16,4096,172,98,200.98
16,4096,172,100,207.717
16,4096,172,102,173.8773
16,4096,172,104,194.1426
16,4096,172,106,204.156
16,4096,172,108,198.9317
16,4096,172,110,200.4036
16,4096,172,112,198.6579
16,4096,172,114,197.9299
16,4096,172,116,181.7376
16,4096,172,118,198.9362
16,4096,172,120,202.6209
16,4096,172,122,171.8925
16,4096,172,124,194.3854
16,4096,172,126,183.9237
16,4096,172,128,193.3849
16,4096,172,130,161.2038
16,4096,172,132,190.17
16,4096,172,134,167.6286
16,4096,172,136,187.914
16,4096,172,138,175.8051
16,4096,172,140,168.8301
16,4096,172,142,185.2995
16,4096,172,144,146.7855
16,4096,172,146,176.3521
16,4096,172,148,168.2277
16,4096,172,150,184.2595
16,4096,172,152,178.8045
16,4096,172,154,181.448
16,4096,172,156,141.494
16,4096,172,158,162.005
16,4096,172,160,162.4727
16,4096,172,162,178.0881
16,4096,172,164,176.3377
16,4096,172,166,161.3768
16,4096,172,168,177.2565
16,4096,172,170,156.7106
16,4096,174,2,56.4827
16,4096,174,4,93.6603
16,4096,174,6,134.1781
16,4096,174,8,178.5744
16,4096,174,10,199.5126
16,4096,174,12,234.6458
16,4096,174,14,241.6791
16,4096,174,16,262.4248
16,4096,174,18,252.731
16,4096,174,20,264.0552
16,4096,174,22,252.9117
16,4096,174,24,280.4165
16,4096,174,26,231.5005
16,4096,174,28,281.0057
16,4096,174,30,267.1949
16,4096,174,32,281.1645
16,4096,174,34,268.3977
16,4096,174,36,285.5587
16,4096,174,38,257.4892
16,4096,174,40,246.5083
16,4096,174,42,264.4337
16,4096,174,44,279.5001
16,4096,174,46,264.0089
16,4096,174,48,251.3887
16,4096,174,50,224.9383
16,4096,174,52,247.0404
16,4096,174,54,243.2769
16,4096,174,56,208.0781
16,4096,174,58,206.5266
16,4096,174,60,175.9519
16,4096,174,62,190.9052
16,4096,174,64,195.2513
16,4096,174,66,197.7316
16,4096,174,68,174.2732
16,4096,174,70,193.4542
16,4096,174,72,189.9856
16,4096,174,74,194.2489
16,4096,174,76,209.9243
16,4096,174,78,204.3383
16,4096,174,80,209.7184
16,4096,174,82,209.0039
16,4096,174,84,183.1988
16,4096,174,86,151.361
16,4096,174,88,199.642
16,4096,174,90,208.1939
16,4096,174,92,208.8717
16,4096,174,94,212.4655
16,4096,174,96,182.5832
16,4096,174,98,183.9046
16,4096,174,100,190.4459
16,4096,174,102,205.135
16,4096,174,104,204.014
16,4096,174,106,205.4189
16,4096,174,108,197.7147
16,4096,174,110,201.8634
16,4096,174,112,200.8144
16,4096,174,114,200.4657
16,4096,174,116,168.2974
16,4096,174,118,183.2971
16,4096,174,120,183.2216
16,4096,174,122,173.9756
16,4096,174,124,201.7134
16,4096,174,126,149.9545
16,4096,174,128,194.5468
16,4096,174,130,175.0074
16,4096,174,132,185.9276
16,4096,174,134,173.6058
16,4096,174,136,178.1512
16,4096,174,138,168.3988
16,4096,174,140,190.7355
16,4096,174,142,170.843
16,4096,174,144,162.6197
16,4096,174,146,167.9394
16,4096,174,148,186.1025
16,4096,174,150,158.4281
16,4096,174,152,182.6067
16,4096,174,154,180.6887
16,4096,174,156,178.1995
16,4096,174,158,178.82
16,4096,174,160,176.3408
16,4096,174,162,153.3566
16,4096,174,164,179.4076
16,4096,174,166,144.9949
16,4096,174,168,182.2481
16,4096,174,170,152.8213
16,4096,174,172,180.5286
16,4096,176,2,52.2354
16,4096,176,4,96.2096
16,4096,176,6,152.0653
16,4096,176,8,183.7219
16,4096,176,10,189.6814
16,4096,176,12,239.1942
16,4096,176,14,241.97
16,4096,176,16,262.4911
16,4096,176,18,262.7304
16,4096,176,20,269.2669
16,4096,176,22,241.6739
16,4096,176,24,265.9725
16,4096,176,26,249.0866
16,4096,176,28,273.6999
16,4096,176,30,274.3991
16,4096,176,32,284.2125
16,4096,176,34,276.6653
16,4096,176,36,270.1368
16,4096,176,38,271.1948
16,4096,176,40,287.6374
16,4096,176,42,253.3081
16,4096,176,44,282.8178
16,4096,176,46,255.779
16,4096,176,48,262.0084
16,4096,176,50,212.1894
16,4096,176,52,255.2389
16,4096,176,54,233.6913
16,4096,176,56,206.4974
16,4096,176,58,180.9384
16,4096,176,60,208.0417
16,4096,176,62,207.1066
16,4096,176,64,180.8856
16,4096,176,66,200.3013
16,4096,176,68,201.6194
16,4096,176,70,188.285
16,4096,176,72,194.3927
16,4096,176,74,186.6219
16,4096,176,76,197.3211
16,4096,176,78,206.8023
16,4096,176,80,213.3696
16,4096,176,82,176.6034
16,4096,176,84,185.0987
16,4096,176,86,197.9548
16,4096,176,88,211.9817
16,4096,176,90,175.1299
16,4096,176,92,202.466
16,4096,176,94,206.5732
16,4096,176,96,215.1461
16,4096,176,98,185.0168
16,4096,176,100,197.6033
16,4096,176,102,187.6732
16,4096,176,104,198.8079
16,4096,176,106,205.1418
16,4096,176,108,164.7324
16,4096,176,110,203.7306
16,4096,176,112,205.4769
16,4096,176,114,188.0861
16,4096,176,116,204.7539
16,4096,176,118,167.4618
16,4096,176,120,199.783
16,4096,176,122,163.7759
16,4096,176,124,203.2952
16,4096,176,126,190.658
16,4096,176,128,200.0623
16,4096,176,130,188.3453
16,4096,176,132,190.5172
16,4096,176,134,158.9706
16,4096,176,136,165.1857
16,4096,176,138,187.1199
16,4096,176,140,182.0232
16,4096,176,142,183.9393
16,4096,176,144,187.6555
16,4096,176,146,163.5749
16,4096,176,148,187.7222
16,4096,176,150,163.8658
16,4096,176,152,182.3242
16,4096,176,154,167.9424
16,4096,176,156,159.679
16,4096,176,158,178.6705
16,4096,176,160,181.2795
16,4096,176,162,148.0905
16,4096,176,164,173.4954
16,4096,176,166,161.728
16,4096,176,168,181.1863
16,4096,176,170,156.9755
16,4096,176,172,177.828
16,4096,176,174,183.951
16,4096,178,2,57.9962
16,4096,178,4,94.7224
16,4096,178,6,150.0457
16,4096,178,8,182.8704
16,4096,178,10,206.1051
16,4096,178,12,219.9195
16,4096,178,14,233.5548
16,4096,178,16,261.255
16,4096,178,18,242.9815
16,4096,178,20,269.874
16,4096,178,22,257.0366
16,4096,178,24,278.4401
16,4096,178,26,272.4576
16,4096,178,28,259.5062
16,4096,178,30,247.1478
16,4096,178,32,281.5631
16,4096,178,34,244.1586
16,4096,178,36,285.3726
16,4096,178,38,278.4792
16,4096,178,40,285.3638
16,4096,178,42,249.4579
16,4096,178,44,277.6609
16,4096,178,46,260.8771
16,4096,178,48,254.1418
16,4096,178,50,230.4218
16,4096,178,52,202.6438
16,4096,178,54,240.2757
16,4096,178,56,207.1486
16,4096,178,58,170.3642
16,4096,178,60,208.0942
16,4096,178,62,202.9234
16,4096,178,64,181.9417
16,4096,178,66,194.6274
16,4096,178,68,170.227
16,4096,178,70,154.2215
16,4096,178,72,194.0988
16,4096,178,74,185.5568
16,4096,178,76,180.9662
16,4096,178,78,208.0288
16,4096,178,80,211.5775
16,4096,178,82,174.9078
16,4096,178,84,207.7456
16,4096,178,86,216.592
16,4096,178,88,197.5411
16,4096,178,90,178.9819
16,4096,178,92,181.1843
16,4096,178,94,164.4909
16,4096,178,96,214.2354
16,4096,178,98,203.0342
16,4096,178,100,205.9453
16,4096,178,102,179.8184
16,4096,178,104,197.5375
16,4096,178,106,200.5159
16,4096,178,108,174.5322
16,4096,178,110,205.5551
16,4096,178,112,159.3467
16,4096,178,114,204.1167
16,4096,178,116,199.5235
16,4096,178,118,193.3457
16,4096,178,120,178.0189
16,4096,178,122,182.9047
16,4096,178,124,192.5063
16,4096,178,126,200.214
16,4096,178,128,198.0536
16,4096,178,130,174.0537
16,4096,178,132,192.9217
16,4096,178,134,175.4256
16,4096,178,136,189.1108
16,4096,178,138,176.4597
16,4096,178,140,184.7746
16,4096,178,142,171.5046
16,4096,178,144,189.4461
16,4096,178,146,171.7153
16,4096,178,148,184.1928
16,4096,178,150,173.2225
16,4096,178,152,184.5002
16,4096,178,154,160.1731
16,4096,178,156,181.3216
16,4096,178,158,173.7907
16,4096,178,160,166.7221
16,4096,178,162,172.097
16,4096,178,164,178.235
16,4096,178,166,176.9438
16,4096,178,168,176.3042
16,4096,178,170,163.3284
16,4096,178,172,179.5374
16,4096,178,174,140.7866
16,4096,178,176,173.4672
16,4096,180,2,59.0043
16,4096,180,4,108.1508
16,4096,180,6,144.2383
16,4096,180,8,200.5915
16,4096,180,10,219.9648
16,4096,180,12,226.8305
16,4096,180,14,248.9059
16,4096,180,16,256.24
16,4096,180,18,258.377
16,4096,180,20,272.6065
16,4096,180,22,267.892
16,4096,180,24,287.0101
16,4096,180,26,272.4208
16,4096,180,28,267.252
16,4096,180,30,281.4208
16,4096,180,32,260.3945
16,4096,180,34,276.3435
16,4096,180,36,264.8734
16,4096,180,38,283.9804
16,4096,180,40,281.9846
16,4096,180,42,276.1743
16,4096,180,44,278.5952
16,4096,180,46,281.5187
16,4096,180,48,256.0734
16,4096,180,50,257.6179
16,4096,180,52,220.8948
16,4096,180,54,251.7353
16,4096,180,56,225.4541
16,4096,180,58,189.0114
16,4096,180,60,222.196
16,4096,180,62,224.9435
16,4096,180,64,187.7555
16,4096,180,66,218.945
16,4096,180,68,214.7119
16,4096,180,70,180.7957
16,4096,180,72,212.3783
16,4096,180,74,229.8196
16,4096,180,76,208.8237
16,4096,180,78,226.9337
16,4096,180,80,231.0812
16,4096,180,82,198.5427
16,4096,180,84,216.1976
16,4096,180,86,211.1206
16,4096,180,88,232.9619
16,4096,180,90,217.8174
16,4096,180,92,196.1381
16,4096,180,94,237.697
16,4096,180,96,205.724
16,4096,180,98,235.5252
16,4096,180,100,229.6965
16,4096,180,102,219.6111
16,4096,180,104,221.5327
16,4096,180,106,195.4657
16,4096,180,108,223.6521
16,4096,180,110,227.4143
16,4096,180,112,186.9727
16,4096,180,114,193.4297
16,4096,180,116,225.3838
16,4096,180,118,184.6626
16,4096,180,120,216.7807
16,4096,180,122,215.9477
16,4096,180,124,214.3128
16,4096,180,126,191.5583
16,4096,180,128,202.6568
16,4096,180,130,227.3368
16,4096,180,132,195.5964
16,4096,180,134,194.3335
16,4096,180,136,213.8258
16,4096,180,138,214.4004
16,4096,180,140,199.8145
16,4096,180,142,207.235
16,4096,180,144,211.9954
16,4096,180,146,189.8546
16,4096,180,148,192.0045
16,4096,180,150,205.0982
16,4096,180,152,209.3493
16,4096,180,154,171.5626
16,4096,180,156,187.2065
16,4096,180,158,201.1985
16,4096,180,160,190.4152
16,4096,180,162,202.8447
16,4096,180,164,192.3763
16,4096,180,166,198.822
16,4096,180,168,200.1599
16,4096,180,170,201.534
16,4096,180,172,152.8546
16,4096,180,174,183.0762
16,4096,180,176,169.3582
16,4096,180,178,209.7887
16,4096,182,2,54.0965
16,4096,182,4,100.8643
16,4096,182,6,139.0987
16,4096,182,8,185.3826
16,4096,182,10,210.2139
16,4096,182,12,240.8846
16,4096,182,14,236.1788
16,4096,182,16,261.6104
16,4096,182,18,238.9844
16,4096,182,20,270.2031
16,4096,182,22,256.3204
16,4096,182,24,283.4437
16,4096,182,26,279.6588
16,4096,182,28,257.8392
16,4096,182,30,269.8249
16,4096,182,32,278.6282
16,4096,182,34,270.9491
16,4096,182,36,270.0272
16,4096,182,38,278.5677
16,4096,182,40,269.6251
16,4096,182,42,270.1945
16,4096,182,44,278.7427
16,4096,182,46,279.2971
16,4096,182,48,237.9028
16,4096,182,50,250.6965
16,4096,182,52,253.401
16,4096,182,54,251.1711
16,4096,182,56,161.8027
16,4096,182,58,200.3189
16,4096,182,60,201.6551
16,4096,182,62,220.0127
16,4096,182,64,183.1335
16,4096,182,66,212.6948
16,4096,182,68,206.0622
16,4096,182,70,209.2757
16,4096,182,72,211.0054
16,4096,182,74,201.4331
16,4096,182,76,172.7854
16,4096,182,78,170.7418
16,4096,182,80,202.556
16,4096,182,82,201.3658
16,4096,182,84,172.4497
16,4096,182,86,197.2738
16,4096,182,88,195.6787
16,4096,182,90,200.8226
16,4096,182,92,208.9254
16,4096,182,94,168.8739
16,4096,182,96,209.8924
16,4096,182,98,199.2291
16,4096,182,100,209.6433
16,4096,182,102,204.9771
16,4096,182,104,188.8311
16,4096,182,106,202.0545
16,4096,182,108,184.4825
16,4096,182,110,202.9004
16,4096,182,112,190.7407
16,4096,182,114,201.9869
16,4096,182,116,164.4859
16,4096,182,118,195.0922
16,4096,182,120,189.6869
16,4096,182,122,189.3419
16,4096,182,124,198.0502
16,4096,182,126,159.8714
16,4096,182,128,180.2228
16,4096,182,130,193.4113
16,4096,182,132,195.4882
16,4096,182,134,175.8265
16,4096,182,136,164.2117
16,4096,182,138,172.4195
16,4096,182,140,167.1134
16,4096,182,142,184.6117
16,4096,182,144,144.7298
16,4096,182,146,176.3749
16,4096,182,148,149.7152
16,4096,182,150,184.3789
16,4096,182,152,162.839
16,4096,182,154,180.0195
16,4096,182,156,179.5716
16,4096,182,158,176.661
16,4096,182,160,162.254
16,4096,182,162,180.2155
16,4096,182,164,164.8897
16,4096,182,166,180.8771
16,4096,182,168,168.6704
16,4096,182,170,174.5344
16,4096,182,172,150.1243
16,4096,182,174,167.6233
16,4096,182,176,171.8713
16,4096,182,178,184.2192
16,4096,182,180,183.2346
16,4096,184,2,55.2203
16,4096,184,4,95.1243
16,4096,184,6,153.5709
16,4096,184,8,175.4441
16,4096,184,10,217.0286
16,4096,184,12,236.558
16,4096,184,14,239.6368
16,4096,184,16,252.2443
16,4096,184,18,232.6302
16,4096,184,20,267.2903
16,4096,184,22,259.5817
16,4096,184,24,275.4951
16,4096,184,26,271.4332
16,4096,184,28,283.9488
16,4096,184,30,279.5424
16,4096,184,32,283.2308
16,4096,184,34,245.2319
16,4096,184,36,281.4933
16,4096,184,38,281.8905
16,4096,184,40,271.0656
16,4096,184,42,276.5202
16,4096,184,44,283.4995
16,4096,184,46,264.3031
16,4096,184,48,259.6768
16,4096,184,50,234.641
16,4096,184,52,219.6591
16,4096,184,54,217.4638
16,4096,184,56,195.4774
16,4096,184,58,199.9851
16,4096,184,60,201.9375
16,4096,184,62,227.2422
16,4096,184,64,195.7116
16,4096,184,66,210.0625
16,4096,184,68,221.5525
16,4096,184,70,164.7641
16,4096,184,72,172.0331
16,4096,184,74,211.2542
16,4096,184,76,208.3633
16,4096,184,78,207.0534
16,4096,184,80,182.0365
16,4096,184,82,202.5516
16,4096,184,84,186.6066
16,4096,184,86,200.4062
16,4096,184,88,210.8875
16,4096,184,90,183.1848
16,4096,184,92,190.0651
16,4096,184,94,201.6378
16,4096,184,96,204.2495
16,4096,184,98,205.5836
16,4096,184,100,175.6406
16,4096,184,102,173.5118
16,4096,184,104,188.3792
16,4096,184,106,202.636
16,4096,184,108,202.4945
16,4096,184,110,154.3857
16,4096,184,112,199.7436
16,4096,184,114,199.5416
16,4096,184,116,196.4544
16,4096,184,118,197.4582
16,4096,184,120,192.5361
16,4096,184,122,196.087
16,4096,184,124,195.2113
16,4096,184,126,200.8286
16,4096,184,128,164.3136
16,4096,184,130,198.2855
16,4096,184,132,200.2294
16,4096,184,134,191.7878
16,4096,184,136,172.4004
16,4096,184,138,186.0553
16,4096,184,140,169.8472
16,4096,184,142,170.1477
16,4096,184,144,179.214
16,4096,184,146,166.2739
16,4096,184,148,156.1196
16,4096,184,150,187.231
16,4096,184,152,173.4747
16,4096,184,154,182.7151
16,4096,184,156,157.0723
16,4096,184,158,177.0366
16,4096,184,160,156.0331
16,4096,184,162,185.174
16,4096,184,164,168.5455
16,4096,184,166,181.3308
16,4096,184,168,155.2794
16,4096,184,170,164.9121
16,4096,184,172,178.028
16,4096,184,174,161.2625
16,4096,184,176,176.317
16,4096,184,178,151.534
16,4096,184,180,176.0184
16,4096,184,182,173.301
16,4096,186,2,55.0649
16,4096,186,4,107.295
16,4096,186,6,151.5154
16,4096,186,8,186.7186
16,4096,186,10,212.7775
16,4096,186,12,218.8379
16,4096,186,14,248.338
16,4096,186,16,267.1182
16,4096,186,18,257.0567
16,4096,186,20,260.9392
16,4096,186,22,257.8138
16,4096,186,24,283.6964
16,4096,186,26,269.1206
16,4096,186,28,273.1276
16,4096,186,30,270.8263
16,4096,186,32,256.6477
16,4096,186,34,259.3176
16,4096,186,36,274.9683
16,4096,186,38,278.0162
16,4096,186,40,283.632
16,4096,186,42,279.8662
16,4096,186,44,287.7968
16,4096,186,46,253.0427
16,4096,186,48,257.7286
16,4096,186,50,251.45
16,4096,186,52,257.5743
16,4096,186,54,233.9007
16,4096,186,56,199.7524
16,4096,186,58,203.3785
16,4096,186,60,196.5467
16,4096,186,62,226.0824
16,4096,186,64,179.5169
16,4096,186,66,216.8882
16,4096,186,68,218.544
16,4096,186,70,176.3292
16,4096,186,72,204.3093
16,4096,186,74,202.96
16,4096,186,76,174.1209
16,4096,186,78,185.8319
16,4096,186,80,207.7469
16,4096,186,82,203.0979
16,4096,186,84,204.2865
16,4096,186,86,194.0713
16,4096,186,88,174.4123
16,4096,186,90,173.6426
16,4096,186,92,184.433
16,4096,186,94,205.2058
16,4096,186,96,198.7792
16,4096,186,98,208.4585
16,4096,186,100,211.5239
16,4096,186,102,194.1799
16,4096,186,104,184.022
16,4096,186,106,202.0193
16,4096,186,108,204.7841
16,4096,186,110,202.5721
16,4096,186,112,202.3163
16,4096,186,114,199.4966
16,4096,186,116,180.2696
16,4096,186,118,199.2975
16,4096,186,120,197.1124
16,4096,186,122,203.2267
16,4096,186,124,173.7576
16,4096,186,126,197.654
16,4096,186,128,199.8959
16,4096,186,130,158.9404
16,4096,186,132,197.2202
16,4096,186,134,174.9079
16,4096,186,136,179.8559
16,4096,186,138,159.6876
16,4096,186,140,188.6126
16,4096,186,142,161.9523
16,4096,186,144,187.2544
16,4096,186,146,172.2744
16,4096,186,148,181.3536
16,4096,186,150,150.4411
16,4096,186,152,183.333
16,4096,186,154,169.9918
16,4096,186,156,179.7845
16,4096,186,158,168.5267
16,4096,186,160,179.2349
16,4096,186,162,151.8365
16,4096,186,164,180.7897
16,4096,186,166,176.4502
16,4096,186,168,174.2943
16,4096,186,170,175.8352
16,4096,186,172,162.969
16,4096,186,174,178.5561
16,4096,186,176,175.4542
16,4096,186,178,139.9933
16,4096,186,180,176.7387
16,4096,186,182,136.8385
16,4096,186,184,173.7462
16,4096,188,2,62.1593
16,4096,188,4,102.8023
16,4096,188,6,152.7594
16,4096,188,8,185.5162
16,4096,188,10,195.6827
16,4096,188,12,247.3229
16,4096,188,14,219.3146
16,4096,188,16,264.3682
16,4096,188,18,260.5569
16,4096,188,20,263.6264
16,4096,188,22,263.253
16,4096,188,24,264.3664
16,4096,188,26,277.7643
16,4096,188,28,258.4615
16,4096,188,30,280.7583
16,4096,188,32,285.6463
16,4096,188,34,279.2002
16,4096,188,36,287.6833
16,4096,188,38,271.1338
16,4096,188,40,288.5533
16,4096,188,42,254.2289
16,4096,188,44,281.6278
16,4096,188,46,281.9691
16,4096,188,48,255.0753
16,4096,188,50,246.6214
16,4096,188,52,222.7126
16,4096,188,54,214.6089
16,4096,188,56,178.0686
16,4096,188,58,193.8629
16,4096,188,60,193.0862
16,4096,188,62,211.4581
16,4096,188,64,216.7824
16,4096,188,66,189.3278
16,4096,188,68,172.8903
16,4096,188,70,209.8059
16,4096,188,72,177.5634
16,4096,188,74,208.9003
16,4096,188,76,206.7877
16,4096,188,78,179.8688
16,4096,188,80,177.6847
16,4096,188,82,202.4352
16,4096,188,84,203.1945
16,4096,188,86,172.7619
16,4096,188,88,169.0835
16,4096,188,90,202.433
16,4096,188,92,204.9392
16,4096,188,94,175.3876
16,4096,188,96,213.8114
16,4096,188,98,196.3595
16,4096,188,100,211.4393
16,4096,188,102,197.812
16,4096,188,104,206.9323
16,4096,188,106,181.5815
16,4096,188,108,172.8803
16,4096,188,110,171.0221
16,4096,188,112,200.1189
16,4096,188,114,205.3842
16,4096,188,116,174.3261
16,4096,188,118,199.6577
16,4096,188,120,197.7146
16,4096,188,122,163.0865
16,4096,188,124,187.3286
16,4096,188,126,178.1729
16,4096,188,128,198.4942
16,4096,188,130,188.1486
16,4096,188,132,201.6562
16,4096,188,134,157.0578
16,4096,188,136,199.0928
16,4096,188,138,190.7591
16,4096,188,140,188.9932
16,4096,188,142,163.6444
16,4096,188,144,190.5745
16,4096,188,146,170.6911
16,4096,188,148,187.1366
16,4096,188,150,184.0159
16,4096,188,152,160.9841
16,4096,188,154,179.139
16,4096,188,156,183.6125
16,4096,188,158,171.699
16,4096,188,160,178.5746
16,4096,188,162,180.3902
16,4096,188,164,166.2134
16,4096,188,166,176.4713
16,4096,188,168,184.6059
16,4096,188,170,137.5352
16,4096,188,172,179.0055
16,4096,188,174,147.0627
16,4096,188,176,173.0896
16,4096,188,178,163.9188
16,4096,188,180,175.5552
16,4096,188,182,148.1279
16,4096,188,184,170.6922
16,4096,188,186,168.7798
16,4096,190,2,58.5701
16,4096,190,4,102.4882
16,4096,190,6,160.1166
16,4096,190,8,200.4987
16,4096,190,10,219.5073
16,4096,190,12,236.7183
16,4096,190,14,251.8478
16,4096,190,16,262.3993
16,4096,190,18,251.6295
16,4096,190,20,270.9371
16,4096,190,22,252.0856
16,4096,190,24,284.5747
16,4096,190,26,275.6482
16,4096,190,28,272.0072
16,4096,190,30,283.0816
16,4096,190,32,282.0061
16,4096,190,34,258.6877
16,4096,190,36,288.4781
16,4096,190,38,246.3487
16,4096,190,40,279.6051
16,4096,190,42,245.644
16,4096,190,44,231.2853
16,4096,190,46,271.2559
16,4096,190,48,225.462
16,4096,190,50,254.8807
16,4096,190,52,239.3279
16,4096,190,54,245.4096
16,4096,190,56,186.6295
16,4096,190,58,197.5262
16,4096,190,60,188.0796
16,4096,190,62,194.2869
16,4096,190,64,176.2381
16,4096,190,66,219.3431
16,4096,190,68,178.7765
16,4096,190,70,208.299
16,4096,190,72,207.0087
16,4096,190,74,193.7725
16,4096,190,76,176.9948
16,4096,190,78,208.1086
16,4096,190,80,200.8013
16,4096,190,82,203.5896
16,4096,190,84,194.5621
16,4096,190,86,197.7992
16,4096,190,88,191.265
16,4096,190,90,201.0067
16,4096,190,92,167.0368
16,4096,190,94,202.5065
16,4096,190,96,180.8529
16,4096,190,98,204.0633
16,4096,190,100,208.39
16,4096,190,102,175.9546
16,4096,190,104,206.9171
16,4096,190,106,200.4566
16,4096,190,108,201.8731
16,4096,190,110,200.6293
16,4096,190,112,203.2259
16,4096,190,114,182.442
16,4096,190,116,176.5955
16,4096,190,118,167.1374
16,4096,190,120,167.7304
16,4096,190,122,195.3844
16,4096,190,124,194.378
16,4096,190,126,199.9607
16,4096,190,128,198.4136
16,4096,190,130,168.1759
16,4096,190,132,195.2737
16,4096,190,134,175.6877
16,4096,190,136,191.0306
16,4096,190,138,166.6989
16,4096,190,140,171.4258
16,4096,190,142,174.0273
16,4096,190,144,188.2067
16,4096,190,146,159.3029
16,4096,190,148,184.7847
16,4096,190,150,174.8354
16,4096,190,152,182.167
16,4096,190,154,171.7935
16,4096,190,156,183.7227
16,4096,190,158,157.8199
16,4096,190,160,182.468
16,4096,190,162,170.519
16,4096,190,164,181.3282
16,4096,190,166,179.9484
16,4096,190,168,160.7844
16,4096,190,170,164.9235
16,4096,190,172,178.6551
16,4096,190,174,176.7227
16,4096,190,176,150.8211
16,4096,190,178,174.7604
16,4096,190,180,174.7858
16,4096,190,182,157.0278
16,4096,190,184,172.3806
16,4096,190,186,148.1792
16,4096,190,188,160.1545
16,4096,192,2,57.3249
16,4096,192,4,104.6365
16,4096,192,6,147.3546
16,4096,192,8,191.2927
16,4096,192,10,220.407
16,4096,192,12,247.5963
16,4096,192,14,249.7915
16,4096,192,16,270.0965
16,4096,192,18,266.5953
16,4096,192,20,274.2267
16,4096,192,22,254.9911
16,4096,192,24,288.7645
16,4096,192,26,253.8634
16,4096,192,28,290.4927
16,4096,192,30,281.1911
16,4096,192,32,262.1128
16,4096,192,34,277.9745
16,4096,192,36,263.775
16,4096,192,38,275.0391
16,4096,192,40,279.8219
16,4096,192,42,266.041
16,4096,192,44,283.7019
16,4096,192,46,248.9748
16,4096,192,48,266.4862
16,4096,192,50,261.6214
16,4096,192,52,259.3388
16,4096,192,54,242.5434
16,4096,192,56,200.5894
16,4096,192,58,176.5326
16,4096,192,60,190.5062
16,4096,192,62,208.831
16,4096,192,64,209.889
16,4096,192,66,208.2836
16,4096,192,68,189.7052
16,4096,192,70,163.3818
16,4096,192,72,206.9917
16,4096,192,74,203.3465
16,4096,192,76,210.9328
16,4096,192,78,187.2869
16,4096,192,80,186.9682
16,4096,192,82,181.6197
16,4096,192,84,205.3438
16,4096,192,86,208.8351
16,4096,192,88,161.3445
16,4096,192,90,173.3076
16,4096,192,92,208.3214
16,4096,192,94,198.7918
16,4096,192,96,233.0886
16,4096,192,98,191.2903
16,4096,192,100,211.8615
16,4096,192,102,229.8119
16,4096,192,104,229.7092
16,4096,192,106,193.8202
16,4096,192,108,215.2199
16,4096,192,110,177.4784
16,4096,192,112,213.3207
16,4096,192,114,214.1675
16,4096,192,116,197.3171
16,4096,192,118,208.503
16,4096,192,120,208.9022
16,4096,192,122,211.1493
16,4096,192,124,210.7799
16,4096,192,126,193.8252
16,4096,192,128,182.4982
16,4096,192,130,167.3042
16,4096,192,132,191.2994
16,4096,192,134,212.4687
16,4096,192,136,210.4732
16,4096,192,138,210.3219
16,4096,192,140,191.8053
16,4096,192,142,182.7625
16,4096,192,144,186.1581
16,4096,192,146,213.436
16,4096,192,148,177.4161
16,4096,192,150,207.7756
16,4096,192,152,199.8599
16,4096,192,154,192.9828
16,4096,192,156,185.6461
16,4096,192,158,180.766
16,4096,192,160,202.2991
16,4096,192,162,185.554
16,4096,192,164,205.1403
16,4096,192,166,173.1598
16,4096,192,168,166.3947
16,4096,192,170,182.4507
16,4096,192,172,202.8281
16,4096,192,174,190.5376
16,4096,192,176,199.5673
16,4096,192,178,169.2682
16,4096,192,180,165.462
16,4096,192,182,166.0193
16,4096,192,184,184.5411
16,4096,192,186,143.7736
16,4096,192,188,196.2082
16,4096,192,190,189.5741
16,4096,194,2,62.2676
16,4096,194,4,103.9708
16,4096,194,6,148.9439
16,4096,194,8,188.8604
16,4096,194,10,221.0949
16,4096,194,12,222.0347
16,4096,194,14,248.1289
16,4096,194,16,262.4988
16,4096,194,18,257.1619
16,4096,194,20,263.9074
16,4096,194,22,270.1027
16,4096,194,24,251.6492
16,4096,194,26,258.9571
16,4096,194,28,277.5536
16,4096,194,30,269.8399
16,4096,194,32,283.2826
16,4096,194,34,257.1025
16,4096,194,36,266.2759
16,4096,194,38,273.1388
16,4096,194,40,285.5218
16,4096,194,42,278.7489
16,4096,194,44,287.4165
16,4096,194,46,247.0724
16,4096,194,48,250.0159
16,4096,194,50,228.8272
16,4096,194,52,253.903
16,4096,194,54,247.925
16,4096,194,56,190.0722
16,4096,194,58,187.4363
16,4096,194,60,156.6005
16,4096,194,62,210.7527
16,4096,194,64,211.0225
16,4096,194,66,215.0504
16,4096,194,68,199.9206
16,4096,194,70,192.7555
16,4096,194,72,210.2777
16,4096,194,74,196.6931
16,4096,194,76,170.5272
16,4096,194,78,179.6681
16,4096,194,80,173.097
16,4096,194,82,178.275
16,4096,194,84,191.1043
16,4096,194,86,188.7746
16,4096,194,88,189.0047
16,4096,194,90,150.9808
16,4096,194,92,198.7236
16,4096,194,94,191.9557
16,4096,194,96,197.97
16,4096,194,98,199.2378
16,4096,194,100,205.3342
16,4096,194,102,208.3999
16,4096,194,104,186.3548
16,4096,194,106,179.1196
16,4096,194,108,177.4683
16,4096,194,110,171.6407
16,4096,194,112,209.3625
16,4096,194,114,174.9364
16,4096,194,116,199.8743
16,4096,194,118,183.675
16,4096,194,120,181.2737
16,4096,194,122,197.4762
16,4096,194,124,201.4026
16,4096,194,126,180.4802
16,4096,194,128,204.7312
16,4096,194,130,169.3779
16,4096,194,132,153.4556
16,4096,194,134,196.0291
16,4096,194,136,201.5951
16,4096,194,138,193.9897
16,4096,194,140,202.6475
16,4096,194,142,151.457
16,4096,194,144,169.6482
16,4096,194,146,176.3761
16,4096,194,148,200.8289
16,4096,194,150,199.5088
16,4096,194,152,167.3273
16,4096,194,154,151.9514
16,4096,194,156,169.5784
16,4096,194,158,202.9729
16,4096,194,160,195.1366
16,4096,194,162,177.1024
16,4096,194,164,179.9945
16,4096,194,166,141.7641
16,4096,194,168,164.4721
16,4096,194,170,186.9937
16,4096,194,172,175.916
16,4096,194,174,196.6653
16,4096,194,176,199.22
16,4096,194,178,128.7176
16,4096,194,180,150.2563
16,4096,194,182,179.0484
16,4096,194,184,201.3385
16,4096,194,186,137.9941
16,4096,194,188,163.878
16,4096,194,190,189.5712
16,4096,194,192,178.2272
16,4096,196,2,59.6728
16,4096,196,4,105.5283
16,4096,196,6,152.8392
16,4096,196,8,189.072
16,4096,196,10,203.8184
16,4096,196,12,244.3077
16,4096,196,14,246.3302
16,4096,196,16,268.102
16,4096,196,18,259.5159
16,4096,196,20,269.778
16,4096,196,22,275.9867
16,4096,196,24,248.1799
16,4096,196,26,261.5336
16,4096,196,28,275.8674
16,4096,196,30,278.5436
16,4096,196,32,286.783
16,4096,196,34,249.9803
16,4096,196,36,286.9351
16,4096,196,38,264.8716
16,4096,196,40,291.5847
16,4096,196,42,258.091
16,4096,196,44,285.1009
16,4096,196,46,278.7555
16,4096,196,48,257.0488
16,4096,196,50,236.7372
16,4096,196,52,257.7147
16,4096,196,54,254.7643
16,4096,196,56,192.8647
16,4096,196,58,180.4608
16,4096,196,60,186.0216
16,4096,196,62,187.2381
16,4096,196,64,213.5954
16,4096,196,66,207.3492
16,4096,196,68,207.4672
16,4096,196,70,193.5895
16,4096,196,72,182.3611
16,4096,196,74,180.3613
16,4096,196,76,151.0421
16,4096,196,78,172.2029
16,4096,196,80,196.7389
16,4096,196,82,208.5508
16,4096,196,84,196.2002
16,4096,196,86,199.8235
16,4096,196,88,175.4353
16,4096,196,90,182.7703
16,4096,196,92,201.7137
16,4096,196,94,196.3359
16,4096,196,96,147.2214
16,4096,196,98,202.783
16,4096,196,100,216.828
16,4096,196,102,205.621
16,4096,196,104,214.4301
16,4096,196,106,171.3687
16,4096,196,108,181.9346
16,4096,196,110,206.1083
16,4096,196,112,207.2072
16,4096,196,114,206.6525
16,4096,196,116,208.3694
16,4096,196,118,191.9079
16,4096,196,120,179.1356
16,4096,196,122,194.7664
16,4096,196,124,193.6615
16,4096,196,126,190.2648
16,4096,196,128,208.6006
16,4096,196,130,177.4927
16,4096,196,132,185.8717
16,4096,196,134,161.7557
16,4096,196,136,189.5396
16,4096,196,138,201.1004
16,4096,196,140,154.7629
16,4096,196,142,181.3316
16,4096,196,144,170.25
16,4096,196,146,181.3911
16,4096,196,148,185.6696
16,4096,196,150,204.4007
16,4096,196,152,143.3886
16,4096,196,154,176.4706
16,4096,196,156,177.0577
16,4096,196,158,199.2921
16,4096,196,160,200.9555
16,4096,196,162,187.8707
16,4096,196,164,173.4757
16,4096,196,166,165.0255
16,4096,196,168,166.0365
16,4096,196,170,166.9716
16,4096,196,172,193.6092
16,4096,196,174,192.2475
16,4096,196,176,159.1252
16,4096,196,178,160.3176
16,4096,196,180,149.6191
16,4096,196,182,164.8205
16,4096,196,184,174.6442
16,4096,196,186,147.4649
16,4096,196,188,183.762
16,4096,196,190,201.2193
16,4096,196,192,194.0532
16,4096,196,194,153.534
16,4096,198,2,66.7426
16,4096,198,4,105.9889
16,4096,198,6,152.8033
16,4096,198,8,208.5615
16,4096,198,10,222.2941
16,4096,198,12,209.1485
16,4096,198,14,243.151
16,4096,198,16,246.0182
16,4096,198,18,258.9139
16,4096,198,20,263.0619
16,4096,198,22,275.0661
16,4096,198,24,265.8257
16,4096,198,26,268.025
16,4096,198,28,284.8657
16,4096,198,30,276.4029
16,4096,198,32,261.5782
16,4096,198,34,281.2502
16,4096,198,36,243.2193
16,4096,198,38,282.9354
16,4096,198,40,278.6498
16,4096,198,42,281.5231
16,4096,198,44,274.4241
16,4096,198,46,282.1319
16,4096,198,48,240.3619
16,4096,198,50,252.0691
16,4096,198,52,241.3723
16,4096,198,54,236.7661
16,4096,198,56,182.9772
16,4096,198,58,185.9654
16,4096,198,60,161.5447
16,4096,198,62,161.4607
16,4096,198,64,205.1375
16,4096,198,66,175.388
16,4096,198,68,194.099
16,4096,198,70,205.8617
16,4096,198,72,209.6932
16,4096,198,74,148.8293
16,4096,198,76,192.3185
16,4096,198,78,193.3563
16,4096,198,80,198.3582
16,4096,198,82,199.2261
16,4096,198,84,182.8371
16,4096,198,86,187.6995
16,4096,198,88,192.2689
16,4096,198,90,194.7834
16,4096,198,92,157.7229
16,4096,198,94,197.8782
16,4096,198,96,193.5409
16,4096,198,98,224.0018
16,4096,198,100,228.1176
16,4096,198,102,200.1013
16,4096,198,104,208.4607
16,4096,198,106,166.0325
16,4096,198,108,163.6738
16,4096,198,110,179.7427
16,4096,198,112,172.4943
16,4096,198,114,211.3031
16,4096,198,116,203.8037
16,4096,198,118,188.7461
16,4096,198,120,173.3379
16,4096,198,122,204.6182
16,4096,198,124,184.5043
16,4096,198,126,187.7666
16,4096,198,128,197.7439
16,4096,198,130,184.5805
16,4096,198,132,159.7709
16,4096,198,134,184.1139
16,4096,198,136,198.5204
16,4096,198,138,152.5694
16,4096,198,140,192.8507
16,4096,198,142,148.6932
16,4096,198,144,162.6919
16,4096,198,146,169.7154
16,4096,198,148,194.0743
16,4096,198,150,187.9388
16,4096,198,152,195.0747
16,4096,198,154,145.7302
16,4096,198,156,172.6138
16,4096,198,158,199.5958
16,4096,198,160,174.1504
16,4096,198,162,179.1314
16,4096,198,164,198.7028
16,4096,198,166,155.5991
16,4096,198,168,145.1534
16,4096,198,170,194.7711
16,4096,198,172,193.7612
16,4096,198,174,191.3229
16,4096,198,176,193.5848
16,4096,198,178,162.8466
16,4096,198,180,143.588
16,4096,198,182,189.1563
16,4096,198,184,164.2924
16,4096,198,186,149.0136
16,4096,198,188,192.8113
16,4096,198,190,205.8368
16,4096,198,192,183.336
16,4096,198,194,123.0073
16,4096,198,196,123.5424
16,4096,200,2,59.2099
16,4096,200,4,111.7155
16,4096,200,6,150.9904
16,4096,200,8,183.5182
16,4096,200,10,225.638
16,4096,200,12,250.4793
16,4096,200,14,244.5599
16,4096,200,16,266.5692
16,4096,200,18,246.1639
16,4096,200,20,277.4081
16,4096,200,22,244.1213
16,4096,200,24,269.8082
16,4096,200,26,243.5583
16,4096,200,28,272.986
16,4096,200,30,280.5414
16,4096,200,32,268.2741
16,4096,200,34,277.4907
16,4096,200,36,288.8187
16,4096,200,38,261.4437
16,4096,200,40,263.1587
16,4096,200,42,283.7932
16,4096,200,44,290.6315
16,4096,200,46,283.3012
16,4096,200,48,246.9959
16,4096,200,50,258.0394
16,4096,200,52,220.3687
16,4096,200,54,255.3534
16,4096,200,56,185.2787
16,4096,200,58,184.3723
16,4096,200,60,167.745
16,4096,200,62,185.2101
16,4096,200,64,210.8449
16,4096,200,66,197.0533
16,4096,200,68,207.006
16,4096,200,70,185.4074
16,4096,200,72,171.928
16,4096,200,74,199.2581
16,4096,200,76,173.6911
16,4096,200,78,187.3207
16,4096,200,80,166.4475
16,4096,200,82,202.6661
16,4096,200,84,197.9235
16,4096,200,86,196.2838
16,4096,200,88,167.9465
16,4096,200,90,190.6897
16,4096,200,92,175.2062
16,4096,200,94,167.8311
16,4096,200,96,199.9901
16,4096,200,98,215.6662
16,4096,200,100,204.5096
16,4096,200,102,221.6364
16,4096,200,104,211.3562
16,4096,200,106,145.4994
16,4096,200,108,168.5371
16,4096,200,110,210.879
16,4096,200,112,194.5986
16,4096,200,114,191.0832
16,4096,200,116,193.8706
16,4096,200,118,184.1416
16,4096,200,120,189.1341
16,4096,200,122,205.8326
16,4096,200,124,199.9562
16,4096,200,126,177.5553
16,4096,200,128,175.0737
16,4096,200,130,185.6552
16,4096,200,132,182.8972
16,4096,200,134,196.5182
16,4096,200,136,163.391
16,4096,200,138,184.7155
16,4096,200,140,188.7689
16,4096,200,142,178.5349
16,4096,200,144,141.8673
16,4096,200,146,192.9469
16,4096,200,148,164.4234
16,4096,200,150,196.379
16,4096,200,152,184.0589
16,4096,200,154,177.084
16,4096,200,156,160.2657
16,4096,200,158,188.8503
16,4096,200,160,196.1838
16,4096,200,162,167.825
16,4096,200,164,174.5628
16,4096,200,166,163.5965
16,4096,200,168,165.9529
16,4096,200,170,185.5142
16,4096,200,172,196.2581
16,4096,200,174,174.8162
16,4096,200,176,160.0047
16,4096,200,178,160.1826
16,4096,200,180,157.8302
16,4096,200,182,153.1435
16,4096,200,184,189.8814
16,4096,200,186,143.2352
16,4096,200,188,189.5813
16,4096,200,190,133.8449
16,4096,200,192,146.4914
16,4096,200,194,124.7774
16,4096,200,196,121.8771
16,4096,200,198,156.3019
16,4096,202,2,66.8986
16,4096,202,4,113.5642
16,4096,202,6,143.0901
16,4096,202,8,194.7772
16,4096,202,10,227.4486
16,4096,202,12,253.4296
16,4096,202,14,252.7623
16,4096,202,16,243.8765
16,4096,202,18,247.9524
16,4096,202,20,261.6461
16,4096,202,22,271.8315
16,4096,202,24,276.7016
16,4096,202,26,278.1294
16,4096,202,28,263.4418
16,4096,202,30,278.0843
16,4096,202,32,289.7593
16,4096,202,34,279.1223
16,4096,202,36,286.9482
16,4096,202,38,275.9455
16,4096,202,40,268.8257
16,4096,202,42,283.1506
16,4096,202,44,284.8879
16,4096,202,46,254.5475
16,4096,202,48,265.2383
16,4096,202,50,256.5367
16,4096,202,52,233.7314
16,4096,202,54,262.2032
16,4096,202,56,215.5206
16,4096,202,58,215.2243
16,4096,202,60,158.1919
16,4096,202,62,208.0788
16,4096,202,64,213.5613
16,4096,202,66,205.888
16,4096,202,68,209.4442
16,4096,202,70,180.7558
16,4096,202,72,212.1725
16,4096,202,74,193.6645
16,4096,202,76,200.4956
16,4096,202,78,166.5593
16,4096,202,80,142.8783
16,4096,202,82,205.052
16,4096,202,84,194.1963
16,4096,202,86,198.2683
16,4096,202,88,165.0995
16,4096,202,90,170.5816
16,4096,202,92,173.3702
16,4096,202,94,183.7666
16,4096,202,96,198.8717
16,4096,202,98,196.1425
16,4096,202,100,222.6822
16,4096,202,102,224.7639
16,4096,202,104,225.477
16,4096,202,106,174.1885
16,4096,202,108,162.2597
16,4096,202,110,203.8653
16,4096,202,112,173.612
16,4096,202,114,203.7515
16,4096,202,116,196.5639
16,4096,202,118,186.9778
16,4096,202,120,161.0033
16,4096,202,122,196.2561
16,4096,202,124,190.9482
16,4096,202,126,205.1909
16,4096,202,128,159.8367
16,4096,202,130,173.9892
16,4096,202,132,172.6508
16,4096,202,134,207.8942
16,4096,202,136,175.571
16,4096,202,138,199.9414
16,4096,202,140,182.3349
16,4096,202,142,175.9253
16,4096,202,144,173.4154
16,4096,202,146,176.1121
16,4096,202,148,194.1337
16,4096,202,150,192.6569
16,4096,202,152,189.9616
16,4096,202,154,172.5456
16,4096,202,156,149.0623
16,4096,202,158,200.7466
16,4096,202,160,190.5525
16,4096,202,162,185.3217
16,4096,202,164,198.8538
16,4096,202,166,162.272
16,4096,202,168,163.6675
16,4096,202,170,189.7823
16,4096,202,172,180.707
16,4096,202,174,168.7559
16,4096,202,176,177.8968
16,4096,202,178,162.0321
16,4096,202,180,157.3153
16,4096,202,182,171.0123
16,4096,202,184,191.3533
16,4096,202,186,150.1006
16,4096,202,188,189.8292
16,4096,202,190,128.9019
16,4096,202,192,132.3879
16,4096,202,194,113.0896
16,4096,202,196,120.4953
16,4096,202,198,119.9548
16,4096,202,200,112.8597
16,4096,204,2,63.4942
16,4096,204,4,101.4796
16,4096,204,6,159.3378
16,4096,204,8,199.756
16,4096,204,10,206.0063
16,4096,204,12,246.9724
16,4096,204,14,250.1814
16,4096,204,16,246.9603
16,4096,204,18,259.7065
16,4096,204,20,256.6031
16,4096,204,22,277.8218
16,4096,204,24,264.413
16,4096,204,26,276.8614
16,4096,204,28,291.9406
16,4096,204,30,257.8914
16,4096,204,32,290.5026
16,4096,204,34,256.188
16,4096,204,36,290.6092
16,4096,204,38,274.9085
16,4096,204,40,271.2376
16,4096,204,42,284.5693
16,4096,204,44,269.9978
16,4096,204,46,282.5009
16,4096,204,48,267.4754
16,4096,204,50,259.0732
16,4096,204,52,254.3369
16,4096,204,54,249.3626
16,4096,204,56,212.5299
16,4096,204,58,209.1181
16,4096,204,60,212.0182
16,4096,204,62,183.0691
16,4096,204,64,177.1117
16,4096,204,66,173.8614
16,4096,204,68,204.3392
16,4096,204,70,202.7445
16,4096,204,72,206.4721
16,4096,204,74,174.5551
16,4096,204,76,173.535
16,4096,204,78,179.5758
16,4096,204,80,162.8503
16,4096,204,82,202.1086
16,4096,204,84,193.2818
16,4096,204,86,200.6709
16,4096,204,88,148.1872
16,4096,204,90,154.8499
16,4096,204,92,171.6249
16,4096,204,94,175.5216
16,4096,204,96,192.4929
16,4096,204,98,189.2374
16,4096,204,100,199.2729
16,4096,204,102,219.0494
16,4096,204,104,224.2807
16,4096,204,106,166.9942
16,4096,204,108,182.3278
16,4096,204,110,202.8112
16,4096,204,112,200.003
16,4096,204,114,200.3609
16,4096,204,116,163.308
16,4096,204,118,167.3883
16,4096,204,120,185.6117
16,4096,204,122,202.2857
16,4096,204,124,197.2962
16,4096,204,126,161.2297
16,4096,204,128,181.7005
16,4096,204,130,182.2272
16,4096,204,132,177.4198
16,4096,204,134,200.6859
16,4096,204,136,161.3644
16,4096,204,138,182.5304
16,4096,204,140,182.2696
16,4096,204,142,175.2055
16,4096,204,144,147.0182
16,4096,204,146,165.1056
16,4096,204,148,171.8334
16,4096,204,150,186.1315
16,4096,204,152,190.2788
16,4096,204,154,153.0755
16,4096,204,156,156.5754
16,4096,204,158,199.4233
16,4096,204,160,184.2682
16,4096,204,162,171.8745
16,4096,204,164,157.2018
16,4096,204,166,158.1034
16,4096,204,168,164.2634
16,4096,204,170,188.8235
16,4096,204,172,194.6504
16,4096,204,174,186.2896
16,4096,204,176,176.9565
16,4096,204,178,160.1431
16,4096,204,180,159.9678
16,4096,204,182,196.4383
16,4096,204,184,174.8363
16,4096,204,186,145.748
16,4096,204,188,196.0136
16,4096,204,190,126.4723
16,4096,204,192,140.2918
16,4096,204,194,141.1316
16,4096,204,196,132.9341
16,4096,204,198,138.9727
16,4096,204,200,141.9445
16,4096,204,202,173.2923
16,4096,206,2,65.2034
16,4096,206,4,107.9136
16,4096,206,6,169.3135
16,4096,206,8,205.8268
16,4096,206,10,208.3512
16,4096,206,12,249.0087
16,4096,206,14,236.7141
16,4096,206,16,267.5497
16,4096,206,18,258.0023
16,4096,206,20,221.6346
16,4096,206,22,276.3711
16,4096,206,24,270.2444
16,4096,206,26,267.8119
16,4096,206,28,256.6091
16,4096,206,30,284.8409
16,4096,206,32,258.0267
16,4096,206,34,271.3873
16,4096,206,36,292.4304
16,4096,206,38,280.1564
16,4096,206,40,287.6771
16,4096,206,42,278.3176
16,4096,206,44,286.28
16,4096,206,46,276.0231
16,4096,206,48,267.4461
16,4096,206,50,256.6809
16,4096,206,52,261.4684
16,4096,206,54,215.9689
16,4096,206,56,188.6948
16,4096,206,58,177.2385
16,4096,206,60,167.5139
16,4096,206,62,180.4438
16,4096,206,64,199.9518
16,4096,206,66,204.0102
16,4096,206,68,187.79
16,4096,206,70,205.9532
16,4096,206,72,214.6328
16,4096,206,74,174.9782
16,4096,206,76,202.3659
16,4096,206,78,204.3836
16,4096,206,80,205.876
16,4096,206,82,199.212
16,4096,206,84,165.9437
16,4096,206,86,177.7911
16,4096,206,88,185.6143
16,4096,206,90,191.5249
16,4096,206,92,197.6614
16,4096,206,94,187.1458
16,4096,206,96,195.3427
16,4096,206,98,190.0238
16,4096,206,100,192.671
16,4096,206,102,189.3202
16,4096,206,104,178.6732
16,4096,206,106,186.1449
16,4096,206,108,195.7399
16,4096,206,110,197.7093
16,4096,206,112,190.4023
16,4096,206,114,194.2167
16,4096,206,116,170.3511
16,4096,206,118,173.4816
16,4096,206,120,173.83
16,4096,206,122,180.0369
16,4096,206,124,156.037
16,4096,206,126,167.4577
16,4096,206,128,164.5046
16,4096,206,130,187.7891
16,4096,206,132,182.676
16,4096,206,134,205.2593
16,4096,206,136,192.861
16,4096,206,138,184.1643
16,4096,206,140,177.8807
16,4096,206,142,170.2844
16,4096,206,144,160.9035
16,4096,206,146,173.0941
16,4096,206,148,171.0385
16,4096,206,150,159.7097
16,4096,206,152,156.3739
16,4096,206,154,168.6093
16,4096,206,156,170.0543
16,4096,206,158,196.8253
16,4096,206,160,194.9824
16,4096,206,162,149.956
16,4096,206,164,175.6377
16,4096,206,166,156.0148
16,4096,206,168,166.5049
16,4096,206,170,187.3313
16,4096,206,172,196.4842
16,4096,206,174,166.7616
16,4096,206,176,156.7786
16,4096,206,178,160.8406
16,4096,206,180,159.1876
16,4096,206,182,182.2971
16,4096,206,184,148.7764
16,4096,206,186,134.3504
16,4096,206,188,158.0604
16,4096,206,190,145.9851
16,4096,206,192,151.9912
16,4096,206,194,147.3247
16,4096,206,196,138.6553
16,4096,206,198,198.8087
16,4096,206,200,193.5694
16,4096,206,202,160.1716
16,4096,206,204,182.8194
16,4096,208,2,62.6721
16,4096,208,4,116.8222
16,4096,208,6,156.6865
16,4096,208,8,197.618
16,4096,208,10,215.4316
16,4096,208,12,255.7935
16,4096,208,14,238.5231
16,4096,208,16,254.2744
16,4096,208,18,232.4411
16,4096,208,20,274.9349
16,4096,208,22,273.2882
16,4096,208,24,282.9568
16,4096,208,26,277.199
16,4096,208,28,285.8121
16,4096,208,30,275.5733
16,4096,208,32,293.9558
16,4096,208,34,280.7113
16,4096,208,36,271.5108
16,4096,208,38,251.1679
16,4096,208,40,291.7217
16,4096,208,42,259.8043
16,4096,208,44,279.613
16,4096,208,46,261.7614
16,4096,208,48,264.4924
16,4096,208,50,254.048
16,4096,208,52,242.3031
16,4096,208,54,226.3544
16,4096,208,56,212.5475
16,4096,208,58,187.898
16,4096,208,60,204.6225
16,4096,208,62,210.776
16,4096,208,64,188.315
16,4096,208,66,194.8574
16,4096,208,68,203.6109
16,4096,208,70,199.083
16,4096,208,72,188.7359
16,4096,208,74,197.6128
16,4096,208,76,199.6184
16,4096,208,78,173.7611
16,4096,208,80,176.8374
16,4096,208,82,197.7545
16,4096,208,84,201.5926
16,4096,208,86,179.0853
16,4096,208,88,176.8464
16,4096,208,90,178.4174
16,4096,208,92,176.2357
16,4096,208,94,178.8797
16,4096,208,96,197.525
16,4096,208,98,159.7685
16,4096,208,100,185.5327
16,4096,208,102,192.5786
16,4096,208,104,153.7649
16,4096,208,106,196.0195
16,4096,208,108,195.7557
16,4096,208,110,174.0673
16,4096,208,112,180.8834
16,4096,208,114,190.5096
16,4096,208,116,167.5818
16,4096,208,118,159.3796
16,4096,208,120,177.3535
16,4096,208,122,164.1844
16,4096,208,124,186.6195
16,4096,208,126,188.0919
16,4096,208,128,161.3773
16,4096,208,130,185.8765
16,4096,208,132,157.8531
16,4096,208,134,180.5849
16,4096,208,136,174.6579
16,4096,208,138,182.1012
16,4096,208,140,181.8013
16,4096,208,142,156.5462
16,4096,208,144,177.3656
16,4096,208,146,160.4113
16,4096,208,148,173.5348
16,4096,208,150,154.6376
16,4096,208,152,140.0792
16,4096,208,154,173.0274
16,4096,208,156,170.9449
16,4096,208,158,166.2549
16,4096,208,160,190.8539
16,4096,208,162,164.9324
16,4096,208,164,157.8931
16,4096,208,166,160.6226
16,4096,208,168,168.7605
16,4096,208,170,192.3806
16,4096,208,172,187.2167
16,4096,208,174,158.3772
16,4096,208,176,165.4995
16,4096,208,178,160.668
16,4096,208,180,139.7416
16,4096,208,182,169.7786
16,4096,208,184,190.2412
16,4096,208,186,139.9487
16,4096,208,188,157.784
16,4096,208,190,150.3859
16,4096,208,192,151.0963
16,4096,208,194,147.5536
16,4096,208,196,126.8473
16,4096,208,198,137.0525
16,4096,208,200,145.5855
16,4096,208,202,195.7817
16,4096,208,204,187.4515
16,4096,208,206,150.2324
16,4096,210,2,66.7301
16,4096,210,4,109.6862
16,4096,210,6,161.9904
16,4096,210,8,180.3021
16,4096,210,10,233.7039
16,4096,210,12,253.2088
16,4096,210,14,250.303
16,4096,210,16,249.0705
16,4096,210,18,238.627
16,4096,210,20,278.3432
16,4096,210,22,249.7688
16,4096,210,24,290.0608
16,4096,210,26,273.2685
16,4096,210,28,291.971
16,4096,210,30,270.0809
16,4096,210,32,288.6249
16,4096,210,34,282.9985
16,4096,210,36,292.4423
16,4096,210,38,279.153
16,4096,210,40,284.3754
16,4096,210,42,284.6783
16,4096,210,44,283.2135
16,4096,210,46,284.0277
16,4096,210,48,250.9374
16,4096,210,50,254.1183
16,4096,210,52,237.2836
16,4096,210,54,257.3492
16,4096,210,56,207.8924
16,4096,210,58,209.5459
16,4096,210,60,191.1971
16,4096,210,62,206.7812
16,4096,210,64,213.0515
16,4096,210,66,175.0823
16,4096,210,68,193.2154
16,4096,210,70,191.6332
16,4096,210,72,188.6286
16,4096,210,74,203.5712
16,4096,210,76,202.1994
16,4096,210,78,202.8204
16,4096,210,80,204.4407
16,4096,210,82,193.3068
16,4096,210,84,198.4149
16,4096,210,86,189.5344
16,4096,210,88,197.9297
16,4096,210,90,176.4368
16,4096,210,92,179.5001
16,4096,210,94,185.9573
16,4096,210,96,180.6293
16,4096,210,98,151.187
16,4096,210,100,194.9705
16,4096,210,102,190.3582
16,4096,210,104,190.2069
16,4096,210,106,177.0521
16,4096,210,108,194.1314
16,4096,210,110,178.4366
16,4096,210,112,188.9295
16,4096,210,114,185.3384
16,4096,210,116,162.2558
16,4096,210,118,186.1664
16,4096,210,120,184.9599
16,4096,210,122,164.5285
16,4096,210,124,187.899
16,4096,210,126,179.2835
16,4096,210,128,185.4958
16,4096,210,130,181.2136
16,4096,210,132,176.6133
16,4096,210,134,182.7092
16,4096,210,136,168.8267
16,4096,210,138,173.4039
16,4096,210,140,181.6715
16,4096,210,142,168.9052
16,4096,210,144,178.9511
16,4096,210,146,169.3966
16,4096,210,148,179.6008
16,4096,210,150,155.099
16,4096,210,152,159.7163
16,4096,210,154,139.6089
16,4096,210,156,161.8111
16,4096,210,158,191.1182
16,4096,210,160,182.0019
16,4096,210,162,171.4145
16,4096,210,164,164.3049
16,4096,210,166,166.8776
16,4096,210,168,168.708
16,4096,210,170,176.3406
16,4096,210,172,184.4896
16,4096,210,174,164.8295
16,4096,210,176,161.1951
16,4096,210,178,153.8657
16,4096,210,180,161.0709
16,4096,210,182,174.961
16,4096,210,184,189.0181
16,4096,210,186,147.5588
16,4096,210,188,136.4034
16,4096,210,190,152.5549
16,4096,210,192,130.7663
16,4096,210,194,146.7787
16,4096,210,196,144.7032
16,4096,210,198,136.4726
16,4096,210,200,145.643
16,4096,210,202,194.3483
16,4096,210,204,172.729
16,4096,210,206,104.5529
16,4096,210,208,118.435
16,4096,212,2,62.4004
16,4096,212,4,117.8251
16,4096,212,6,151.3063
16,4096,212,8,203.8945
16,4096,212,10,221.2128
16,4096,212,12,245.7943
16,4096,212,14,240.4521
16,4096,212,16,277.148
16,4096,212,18,269.2891
16,4096,212,20,256.9687
16,4096,212,22,263.2759
16,4096,212,24,293.7221
16,4096,212,26,256.1081
16,4096,212,28,287.3887
16,4096,212,30,280.4777
16,4096,212,32,270.0993
16,4096,212,34,283.6383
16,4096,212,36,244.3528
16,4096,212,38,283.0675
16,4096,212,40,291.2449
16,4096,212,42,276.9718
16,4096,212,44,288.4191
16,4096,212,46,285.1424
16,4096,212,48,229.1884
16,4096,212,50,239.3132
16,4096,212,52,262.7822
16,4096,212,54,253.7913
16,4096,212,56,219.0452
16,4096,212,58,176.2303
16,4096,212,60,215.0023
16,4096,212,62,214.0601
16,4096,212,64,202.9406
16,4096,212,66,201.1141
16,4096,212,68,201.867
16,4096,212,70,175.9814
16,4096,212,72,197.5095
16,4096,212,74,199.2289
16,4096,212,76,177.3308
16,4096,212,78,172.3595
16,4096,212,80,204.5216
16,4096,212,82,204.4018
16,4096,212,84,170.5795
16,4096,212,86,197.8083
16,4096,212,88,182.9158
16,4096,212,90,178.7891
16,4096,212,92,172.6869
16,4096,212,94,196.7186
16,4096,212,96,196.2594
16,4096,212,98,197.8607
16,4096,212,100,167.9763
16,4096,212,102,176.0231
16,4096,212,104,187.1966
16,4096,212,106,187.1278
16,4096,212,108,157.5781
16,4096,212,110,192.9216
16,4096,212,112,188.6431
16,4096,212,114,190.8141
16,4096,212,116,188.3537
16,4096,212,118,168.5666
16,4096,212,120,189.7118
16,4096,212,122,161.3108
16,4096,212,124,185.3225
16,4096,212,126,181.7829
16,4096,212,128,172.7309
16,4096,212,130,181.6805
16,4096,212,132,185.7945
16,4096,212,134,188.4012
16,4096,212,136,200.786
16,4096,212,138,164.1993
16,4096,212,140,179.612
16,4096,212,142,164.0566
16,4096,212,144,174.4148
16,4096,212,146,171.9512
16,4096,212,148,192.4591
16,4096,212,150,157.0526
16,4096,212,152,142.6553
16,4096,212,154,161.9738
16,4096,212,156,152.8854
16,4096,212,158,176.7675
16,4096,212,160,172.951
16,4096,212,162,154.8847
16,4096,212,164,169.8302
16,4096,212,166,172.5822
16,4096,212,168,170.6938
16,4096,212,170,193.3099
16,4096,212,172,180.599
16,4096,212,174,161.4482
16,4096,212,176,158.2238
16,4096,212,178,142.9747
16,4096,212,180,147.6148
16,4096,212,182,189.0714
16,4096,212,184,193.7964
16,4096,212,186,119.3293
16,4096,212,188,154.9019
16,4096,212,190,146.6882
16,4096,212,192,131.8141
16,4096,212,194,147.7035
16,4096,212,196,140.8824
16,4096,212,198,131.2045
16,4096,212,200,148.352
16,4096,212,202,129.2021
16,4096,212,204,123.7772
16,4096,212,206,124.2501
16,4096,212,208,120.8914
16,4096,212,210,138.211
16,4096,214,2,64.947
16,4096,214,4,117.3956
16,4096,214,6,145.4661
16,4096,214,8,206.469
16,4096,214,10,222.8799
16,4096,214,12,249.2618
16,4096,214,14,253.8867
16,4096,214,16,266.2021
16,4096,214,18,259.785
16,4096,214,20,282.5992
16,4096,214,22,258.3328
16,4096,214,24,285.5779
16,4096,214,26,261.8705
16,4096,214,28,258.7116
16,4096,214,30,281.0643
16,4096,214,32,286.8147
16,4096,214,34,275.9391
16,4096,214,36,281.5767
16,4096,214,38,248.8653
16,4096,214,40,286.6836
16,4096,214,42,268.8155
16,4096,214,44,288.1868
16,4096,214,46,283.9707
16,4096,214,48,239.8806
16,4096,214,50,218.2452
16,4096,214,52,263.4712
16,4096,214,54,249.0801
16,4096,214,56,221.081
16,4096,214,58,214.6583
16,4096,214,60,211.6103
16,4096,214,62,209.2923
16,4096,214,64,187.6952
16,4096,214,66,204.7813
16,4096,214,68,201.6061
16,4096,214,70,177.1557
16,4096,214,72,192.9321
16,4096,214,74,202.3827
16,4096,214,76,171.0292
16,4096,214,78,203.4465
16,4096,214,80,193.7952
16,4096,214,82,191.6239
16,4096,214,84,180.7232
16,4096,214,86,196.3628
16,4096,214,88,193.0632
16,4096,214,90,198.0455
16,4096,214,92,167.1494
16,4096,214,94,177.3741
16,4096,214,96,195.4662
16,4096,214,98,153.3123
16,4096,214,100,190.3258
16,4096,214,102,166.9248
16,4096,214,104,176.147
16,4096,214,106,177.3461
16,4096,214,108,195.1604
16,4096,214,110,151.0778
16,4096,214,112,189.3624
16,4096,214,114,176.175
16,4096,214,116,187.7405
16,4096,214,118,155.1891
16,4096,214,120,186.2177
16,4096,214,122,184.8569
16,4096,214,124,185.714
16,4096,214,126,177.2816
16,4096,214,128,156.4174
16,4096,214,130,160.6189
16,4096,214,132,183.9428
16,4096,214,134,200.6932
16,4096,214,136,197.5797
16,4096,214,138,151.265
16,4096,214,140,167.2068
16,4096,214,142,152.521
16,4096,214,144,171.764
16,4096,214,146,188.266
16,4096,214,148,185.0809
16,4096,214,150,157.7608
16,4096,214,152,165.333
16,4096,214,154,159.7957
16,4096,214,156,138.5251
16,4096,214,158,171.8222
16,4096,214,160,189.1121
16,4096,214,162,167.2115
16,4096,214,164,144.0428
16,4096,214,166,165.9098
16,4096,214,168,169.4
16,4096,214,170,194.6629
16,4096,214,172,169.9569
16,4096,214,174,153.1275
16,4096,214,176,160.8739
16,4096,214,178,153.9605
16,4096,214,180,139.6124
16,4096,214,182,191.9423
16,4096,214,184,192.5515
16,4096,214,186,151.9484
16,4096,214,188,153.2739
16,4096,214,190,148.2142
16,4096,214,192,137.1688
16,4096,214,194,134.9386
16,4096,214,196,147.1307
16,4096,214,198,115.4313
16,4096,214,200,143.7692
16,4096,214,202,143.0714
16,4096,214,204,126.8779
16,4096,214,206,118.6937
16,4096,214,208,122.7209
16,4096,214,210,123.6994
16,4096,214,212,120.4918
16,4096,216,2,67.2033
16,4096,216,4,122.6335
16,4096,216,6,157.7783
16,4096,216,8,216.3049
16,4096,216,10,204.5402
16,4096,216,12,258.5794
16,4096,216,14,252.0118
16,4096,216,16,272.2287
16,4096,216,18,270.1586
16,4096,216,20,284.3454
16,4096,216,22,251.4427
16,4096,216,24,284.9496
16,4096,216,26,270.3959
16,4096,216,28,289.4538
16,4096,216,30,277.612
16,4096,216,32,271.86
16,4096,216,34,271.5273
16,4096,216,36,291.6992
16,4096,216,38,287.2765
16,4096,216,40,253.3922
16,4096,216,42,251.3384
16,4096,216,44,282.6724
16,4096,216,46,278.6284
16,4096,216,48,253.0043
16,4096,216,50,259.5318
16,4096,216,52,248.8361
16,4096,216,54,251.3338
16,4096,216,56,193.4223
16,4096,216,58,213.9155
16,4096,216,60,213.0139
16,4096,216,62,208.4213
16,4096,216,64,207.3744
16,4096,216,66,206.4197
16,4096,216,68,196.829
16,4096,216,70,205.9142
16,4096,216,72,189.0011
16,4096,216,74,181.9393
16,4096,216,76,184.9503
16,4096,216,78,195.2175
16,4096,216,80,204.8329
16,4096,216,82,156.1688
16,4096,216,84,195.596
16,4096,216,86,197.1015
16,4096,216,88,195.7137
16,4096,216,90,196.0677
16,4096,216,92,171.4082
16,4096,216,94,172.9079
16,4096,216,96,196.4003
16,4096,216,98,180.176
16,4096,216,100,195.1628
16,4096,216,102,185.9751
16,4096,216,104,172.0236
16,4096,216,106,183.7315
16,4096,216,108,190.758
16,4096,216,110,168.1296
16,4096,216,112,192.7236
16,4096,216,114,171.6571
16,4096,216,116,191.087
16,4096,216,118,157.2134
16,4096,216,120,188.3236
16,4096,216,122,159.2442
16,4096,216,124,181.2447
16,4096,216,126,174.4574
16,4096,216,128,177.5083
16,4096,216,130,181.8309
16,4096,216,132,171.5414
16,4096,216,134,175.0389
16,4096,216,136,197.2011
16,4096,216,138,150.026
16,4096,216,140,175.9304
16,4096,216,142,177.9956
16,4096,216,144,177.1772
16,4096,216,146,185.7066
16,4096,216,148,183.4582
16,4096,216,150,154.8501
16,4096,216,152,165.4219
16,4096,216,154,159.2239
16,4096,216,156,158.96
16,4096,216,158,131.7325
16,4096,216,160,167.1818
16,4096,216,162,147.3361
16,4096,216,164,166.7071
16,4096,216,166,169.0843
16,4096,216,168,158.9081
16,4096,216,170,192.769
16,4096,216,172,154.9271
16,4096,216,174,150.6828
16,4096,216,176,163.9977
16,4096,216,178,160.1395
16,4096,216,180,153.4811
16,4096,216,182,177.7587
16,4096,216,184,170.5442
16,4096,216,186,153.0606
16,4096,216,188,159.597
16,4096,216,190,150.7608
16,4096,216,192,151.1663
16,4096,216,194,145.2049
16,4096,216,196,135.3528
16,4096,216,198,146.9559
16,4096,216,200,132.9923
16,4096,216,202,145.9791
16,4096,216,204,144.5843
16,4096,216,206,126.1159
16,4096,216,208,141.5073
16,4096,216,210,138.0078
16,4096,216,212,135.6001
16,4096,216,214,156.6933
16,4096,218,2,65.6169
16,4096,218,4,110.3347
16,4096,218,6,174.9109
16,4096,218,8,182.679
16,4096,218,10,235.8137
16,4096,218,12,252.0364
16,4096,218,14,252.3536
16,4096,218,16,271.1404
16,4096,218,18,256.9862
16,4096,218,20,265.3994
16,4096,218,22,278.7806
16,4096,218,24,262.0223
16,4096,218,26,267.998
16,4096,218,28,283.936
16,4096,218,30,234.357
16,4096,218,32,295.9162
16,4096,218,34,281.6361
16,4096,218,36,290.86
16,4096,218,38,283.2201
16,4096,218,40,271.6114
16,4096,218,42,280.4072
16,4096,218,44,258.6318
16,4096,218,46,283.5195
16,4096,218,48,233.1452
16,4096,218,50,256.0363
16,4096,218,52,221.1725
16,4096,218,54,243.7495
16,4096,218,56,216.1401
16,4096,218,58,181.757
16,4096,218,60,204.9713
16,4096,218,62,209.2692
16,4096,218,64,187.1514
16,4096,218,66,201.597
16,4096,218,68,205.3553
16,4096,218,70,172.3781
16,4096,218,72,171.3622
16,4096,218,74,209.1704
16,4096,218,76,198.6574
16,4096,218,78,200.8012
16,4096,218,80,182.0032
16,4096,218,82,158.4326
16,4096,218,84,183.3747
16,4096,218,86,194.3073
16,4096,218,88,201.0566
16,4096,218,90,173.1918
16,4096,218,92,188.6402
16,4096,218,94,196.6685
16,4096,218,96,194.7479
16,4096,218,98,195.1269
16,4096,218,100,170.1986
16,4096,218,102,183.8818
16,4096,218,104,173.9597
16,4096,218,106,189.0611
16,4096,218,108,152.9026
16,4096,218,110,194.2241
16,4096,218,112,182.8636
16,4096,218,114,188.3482
16,4096,218,116,192.5922
16,4096,218,118,169.513
16,4096,218,120,183.9275
16,4096,218,122,162.4213
16,4096,218,124,186.7615
16,4096,218,126,183.7353
16,4096,218,128,167.9256
16,4096,218,130,184.7126
16,4096,218,132,185.4218
16,4096,218,134,183.9004
16,4096,218,136,182.9228
16,4096,218,138,185.7499
16,4096,218,140,158.584
16,4096,218,142,178.5908
16,4096,218,144,146.5101
16,4096,218,146,171.7587
16,4096,218,148,147.9743
16,4096,218,150,155.9141
16,4096,218,152,161.0326
16,4096,218,154,162.9794
16,4096,218,156,157.0269
16,4096,218,158,148.2023
16,4096,218,160,159.7621
16,4096,218,162,149.6812
16,4096,218,164,167.0605
16,4096,218,166,143.2124
16,4096,218,168,167.9787
16,4096,218,170,166.1465
16,4096,218,172,161.7447
16,4096,218,174,168.9668
16,4096,218,176,164.2056
16,4096,218,178,153.1376
16,4096,218,180,163.8249
16,4096,218,182,160.1154
16,4096,218,184,160.5378
16,4096,218,186,156.3035
16,4096,218,188,150.3692
16,4096,218,190,155.3996
16,4096,218,192,144.1591
16,4096,218,194,151.6882
16,4096,218,196,136.8893
16,4096,218,198,144.1149
16,4096,218,200,141.0321
16,4096,218,202,148.8884
16,4096,218,204,147.032
16,4096,218,206,125.1647
16,4096,218,208,136.939
16,4096,218,210,187.5239
16,4096,218,212,189.6095
16,4096,218,214,177.7567
16,4096,218,216,180.5883
16,4096,220,2,67.0888
16,4096,220,4,117.2063
16,4096,220,6,151.1222
16,4096,220,8,177.4779
16,4096,220,10,235.0978
16,4096,220,12,255.1267
16,4096,220,14,249.3037
16,4096,220,16,280.5418
16,4096,220,18,234.6506
16,4096,220,20,280.4946
16,4096,220,22,240.9113
16,4096,220,24,292.8046
16,4096,220,26,245.7418
16,4096,220,28,295.3751
16,4096,220,30,262.2431
16,4096,220,32,269.0754
16,4096,220,34,286.1034
16,4096,220,36,253.8861
16,4096,220,38,271.5334
16,4096,220,40,275.479
16,4096,220,42,277.9973
16,4096,220,44,283.0399
16,4096,220,46,283.7487
16,4096,220,48,273.3066
16,4096,220,50,250.885
16,4096,220,52,264.6719
16,4096,220,54,244.4751
16,4096,220,56,216.117
16,4096,220,58,177.2477
16,4096,220,60,213.6393
16,4096,220,62,197.8727
16,4096,220,64,209.4298
16,4096,220,66,207.8218
16,4096,220,68,180.0468
16,4096,220,70,190.2614
16,4096,220,72,184.5945
16,4096,220,74,206.0565
16,4096,220,76,204.9846
16,4096,220,78,204.2303
16,4096,220,80,153.5377
16,4096,220,82,187.9813
16,4096,220,84,196.891
16,4096,220,86,193.2445
16,4096,220,88,193.0809
16,4096,220,90,199.8993
16,4096,220,92,172.6649
16,4096,220,94,191.6323
16,4096,220,96,198.2345
16,4096,220,98,154.102
16,4096,220,100,194.2854
16,4096,220,102,156.9324
16,4096,220,104,179.0474
16,4096,220,106,190.655
16,4096,220,108,175.973
16,4096,220,110,189.382
16,4096,220,112,189.2435
16,4096,220,114,192.0067
16,4096,220,116,183.4456
16,4096,220,118,188.0138
16,4096,220,120,179.5119
16,4096,220,122,182.9748
16,4096,220,124,177.7554
16,4096,220,126,189.807
16,4096,220,128,186.5368
16,4096,220,130,172.0665
16,4096,220,132,157.4773
16,4096,220,134,175.9161
16,4096,220,136,168.9257
16,4096,220,138,181.3049
16,4096,220,140,184.2066
16,4096,220,142,175.7753
16,4096,220,144,150.9991
16,4096,220,146,172.6626
16,4096,220,148,154.7666
16,4096,220,150,161.5971
16,4096,220,152,169.1325
16,4096,220,154,156.538
16,4096,220,156,148.559
16,4096,220,158,161.1189
16,4096,220,160,151.1027
16,4096,220,162,159.0382
16,4096,220,164,151.9664
16,4096,220,166,167.639
16,4096,220,168,166.7015
16,4096,220,170,168.2812
16,4096,220,172,165.7496
16,4096,220,174,169.4257
16,4096,220,176,154.0612
16,4096,220,178,167.0399
16,4096,220,180,163.6487
16,4096,220,182,147.7752
16,4096,220,184,144.0774
16,4096,220,186,158.7241
16,4096,220,188,136.7852
16,4096,220,190,153.2752
16,4096,220,192,153.0011
16,4096,220,194,151.9645
16,4096,220,196,154.7668
16,4096,220,198,137.6852
16,4096,220,200,147.4637
16,4096,220,202,151.1606
16,4096,220,204,130.6791
16,4096,220,206,133.5573
16,4096,220,208,144.2032
16,4096,220,210,145.1639
16,4096,220,212,139.9747
16,4096,220,214,167.4603
16,4096,220,216,186.167
16,4096,220,218,149.1361
16,4096,222,2,64.4771
16,4096,222,4,114.8219
16,4096,222,6,171.0745
16,4096,222,8,208.91
16,4096,222,10,228.1035
16,4096,222,12,232.8823
16,4096,222,14,259.2083
16,4096,222,16,266.1831
16,4096,222,18,251.8488
16,4096,222,20,274.528
16,4096,222,22,270.805
16,4096,222,24,257.2328
16,4096,222,26,275.5186
16,4096,222,28,293.3281
16,4096,222,30,279.1565
16,4096,222,32,293.304
16,4096,222,34,285.3267
16,4096,222,36,285.0438
16,4096,222,38,293.0581
16,4096,222,40,287.8504
16,4096,222,42,255.4801
16,4096,222,44,291.1718
16,4096,222,46,285.1837
16,4096,222,48,274.4047
16,4096,222,50,262.2958
16,4096,222,52,263.511
16,4096,222,54,252.6664
16,4096,222,56,217.363
16,4096,222,58,191.711
16,4096,222,60,210.1279
16,4096,222,62,211.2298
16,4096,222,64,183.0323
16,4096,222,66,204.273
16,4096,222,68,206.6032
16,4096,222,70,193.5828
16,4096,222,72,203.1816
16,4096,222,74,181.5346
16,4096,222,76,179.0794
16,4096,222,78,187.1304
16,4096,222,80,203.6595
16,4096,222,82,200.5886
16,4096,222,84,168.2717
16,4096,222,86,199.356
16,4096,222,88,194.4842
16,4096,222,90,195.9839
16,4096,222,92,175.4617
16,4096,222,94,185.2392
16,4096,222,96,190.3419
16,4096,222,98,182.9224
16,4096,222,100,186.4242
16,4096,222,102,176.4327
16,4096,222,104,192.2689
16,4096,222,106,188.1556
16,4096,222,108,177.2927
16,4096,222,110,188.3029
16,4096,222,112,188.1293
16,4096,222,114,176.3184
16,4096,222,116,153.0048
16,4096,222,118,190.7791
16,4096,222,120,172.9542
16,4096,222,122,176.9235
16,4096,222,124,148.2098
16,4096,222,126,174.7361
16,4096,222,128,177.6684
16,4096,222,130,186.9293
16,4096,222,132,175.9162
16,4096,222,134,177.7729
16,4096,222,136,154.6413
16,4096,222,138,178.5418
16,4096,222,140,161.8445
16,4096,222,142,153.4888
16,4096,222,144,170.0548
16,4096,222,146,159.1339
16,4096,222,148,155.7723
16,4096,222,150,170.7766
16,4096,222,152,158.3874
16,4096,222,154,158.5888
16,4096,222,156,161.9366
16,4096,222,158,134.7808
16,4096,222,160,151.5969
16,4096,222,162,157.6822
16,4096,222,164,154.0685
16,4096,222,166,149.4106
16,4096,222,168,167.0645
16,4096,222,170,159.5997
16,4096,222,172,162.3068
16,4096,222,174,165.6012
16,4096,222,176,164.1381
16,4096,222,178,164.7211
16,4096,222,180,158.6891
16,4096,222,182,162.9705
16,4096,222,184,159.4429
16,4096,222,186,143.4727
16,4096,222,188,159.1244
16,4096,222,190,156.0791
16,4096,222,192,135.1043
16,4096,222,194,154.5544
16,4096,222,196,151.2606
16,4096,222,198,143.8814
16,4096,222,200,150.7293
16,4096,222,202,139.9633
16,4096,222,204,146.2556
16,4096,222,206,146.5752
16,4096,222,208,143.4941
16,4096,222,210,123.0875
16,4096,222,212,142.7652
16,4096,222,214,186.7136
16,4096,222,216,157.3483
16,4096,222,218,116.8105
16,4096,222,220,124.6593
16,4096,224,2,65.2984
16,4096,224,4,116.9465
16,4096,224,6,156.7563
16,4096,224,8,209.4196
16,4096,224,10,233.6562
16,4096,224,12,257.492
16,4096,224,14,231.4377
16,4096,224,16,272.6258
16,4096,224,18,247.7238
16,4096,224,20,272.1238
16,4096,224,22,231.4326
16,4096,224,24,294.341
16,4096,224,26,279.4982
16,4096,224,28,264.0774
16,4096,224,30,286.606
16,4096,224,32,262.1186
16,4096,224,34,284.8434
16,4096,224,36,286.7179
16,4096,224,38,270.1094
16,4096,224,40,289.0447
16,4096,224,42,258.2817
16,4096,224,44,289.6743
16,4096,224,46,285.9947
16,4096,224,48,234.2191
16,4096,224,50,259.7125
16,4096,224,52,230.383
16,4096,224,54,238.2437
16,4096,224,56,216.2113
16,4096,224,58,214.7813
16,4096,224,60,198.3051
16,4096,224,62,211.0856
16,4096,224,64,212.8205
16,4096,224,66,178.3611
16,4096,224,68,208.4827
16,4096,224,70,204.8373
16,4096,224,72,196.2376
16,4096,224,74,200.6427
16,4096,224,76,178.6296
16,4096,224,78,194.2318
16,4096,224,80,188.4962
16,4096,224,82,183.1993
16,4096,224,84,172.6587
16,4096,224,86,177.9301
16,4096,224,88,195.7763
16,4096,224,90,177.3918
16,4096,224,92,176.194
16,4096,224,94,173.271
16,4096,224,96,175.227
16,4096,224,98,170.9679
16,4096,224,100,194.459
16,4096,224,102,159.774
16,4096,224,104,192.8014
16,4096,224,106,166.6966
16,4096,224,108,184.5828
16,4096,224,110,183.6836
16,4096,224,112,184.206
16,4096,224,114,157.6229
16,4096,224,116,171.541
16,4096,224,118,161.1785
16,4096,224,120,189.445
16,4096,224,122,167.1625
16,4096,224,124,185.1128
16,4096,224,126,146.4633
16,4096,224,128,179.7119
16,4096,224,130,173.6732
16,4096,224,132,185.9093
16,4096,224,134,176.0861
16,4096,224,136,186.1589
16,4096,224,138,148.059
16,4096,224,140,158.7904
16,4096,224,142,183.2417
16,4096,224,144,178.2187
16,4096,224,146,161.4629
16,4096,224,148,171.6209
16,4096,224,150,169.2045
16,4096,224,152,150.9482
16,4096,224,154,162.9944
16,4096,224,156,159.153
16,4096,224,158,155.2308
16,4096,224,160,158.8132
16,4096,224,162,155.2867
16,4096,224,164,155.9941
16,4096,224,166,155.2758
16,4096,224,168,133.3815
16,4096,224,170,159.9811
16,4096,224,172,167.5846
16,4096,224,174,157.9471
16,4096,224,176,137.7134
16,4096,224,178,162.4253
16,4096,224,180,160.9687
16,4096,224,182,162.2847
16,4096,224,184,161.133
16,4096,224,186,147.3494
16,4096,224,188,145.8209
16,4096,224,190,154.6225
16,4096,224,192,155.008
16,4096,224,194,153.911
16,4096,224,196,150.9719
16,4096,224,198,151.0992
16,4096,224,200,150.4137
16,4096,224,202,140.1522
16,4096,224,204,148.4812
16,4096,224,206,144.9394
16,4096,224,208,146.1334
16,4096,224,210,140.1064
16,4096,224,212,144.7763
16,4096,224,214,141.6544
16,4096,224,216,120.1519
16,4096,224,218,111.3274
16,4096,224,220,115.6718
16,4096,224,222,143.7778
16,4096,226,2,69.7751
16,4096,226,4,114.5854
16,4096,226,6,163.4256
16,4096,226,8,205.5416
16,4096,226,10,211.6294
16,4096,226,12,223.7131
16,4096,226,14,255.2338
16,4096,226,16,249.2915
16,4096,226,18,272.3051
16,4096,226,20,274.2262
16,4096,226,22,278.4318
16,4096,226,24,285.9652
16,4096,226,26,245.487
16,4096,226,28,290.806
16,4096,226,30,287.8125
16,4096,226,32,265.9323
16,4096,226,34,278.1767
16,4096,226,36,285.3428
16,4096,226,38,273.2557
16,4096,226,40,295.1252
16,4096,226,42,286.4987
16,4096,226,44,262.0293
16,4096,226,46,292.471
16,4096,226,48,258.3608
16,4096,226,50,265.4342
16,4096,226,52,238.1059
16,4096,226,54,245.5482
16,4096,226,56,206.5261
16,4096,226,58,189.4419
16,4096,226,60,216.3489
16,4096,226,62,207.061
16,4096,226,64,214.7716
16,4096,226,66,157.8489
16,4096,226,68,191.4249
16,4096,226,70,204.9237
16,4096,226,72,194.565
16,4096,226,74,199.1837
16,4096,226,76,172.611
16,4096,226,78,183.4823
16,4096,226,80,173.8099
16,4096,226,82,161.9945
16,4096,226,84,196.1032
16,4096,226,86,177.9967
16,4096,226,88,171.8203
16,4096,226,90,191.5567
16,4096,226,92,191.9755
16,4096,226,94,159.432
16,4096,226,96,174.1733
16,4096,226,98,181.2205
16,4096,226,100,184.7336
16,4096,226,102,166.3098
16,4096,226,104,163.1947
16,4096,226,106,188.2222
16,4096,226,108,179.963
16,4096,226,110,180.5898
16,4096,226,112,180.1648
16,4096,226,114,183.574
16,4096,226,116,153.9205
16,4096,226,118,182.4503
16,4096,226,120,154.6324
16,4096,226,122,184.957
16,4096,226,124,153.8641
16,4096,226,126,183.7446
16,4096,226,128,181.8875
16,4096,226,130,180.9231
16,4096,226,132,178.988
16,4096,226,134,180.3221
16,4096,226,136,154.4378
16,4096,226,138,185.0015
16,4096,226,140,178.6206
16,4096,226,142,177.444
16,4096,226,144,176.7325
16,4096,226,146,167.2877
16,4096,226,148,165.3879
16,4096,226,150,149.2442
16,4096,226,152,165.1691
16,4096,226,154,160.2229
16,4096,226,156,156.8627
16,4096,226,158,137.141
16,4096,226,160,155.8718
16,4096,226,162,156.7783
16,4096,226,164,146.2917
16,4096,226,166,152.2925
16,4096,226,168,140.7625
16,4096,226,170,152.7999
16,4096,226,172,163.4774
16,4096,226,174,138.4649
16,4096,226,176,157.745
16,4096,226,178,154.6019
16,4096,226,180,162.2359
16,4096,226,182,153.534
16,4096,226,184,152.6899
16,4096,226,186,158.1766
16,4096,226,188,154.8298
16,4096,226,190,154.5528
16,4096,226,192,135.1227
16,4096,226,194,151.4149
16,4096,226,196,151.3281
16,4096,226,198,151.7071
16,4096,226,200,146.7965
16,4096,226,202,148.518
16,4096,226,204,145.5195
16,4096,226,206,134.8777
16,4096,226,208,143.7284
16,4096,226,210,145.2386
16,4096,226,212,141.0746
16,4096,226,214,142.1124
16,4096,226,216,140.4796
16,4096,226,218,123.2367
16,4096,226,220,121.7357
16,4096,226,222,123.9737
16,4096,226,224,119.3319
16,4096,228,2,67.1086
16,4096,228,4,111.8683
16,4096,228,6,166.9258
16,4096,228,8,199.4077
16,4096,228,10,240.8664
16,4096,228,12,250.8023
16,4096,228,14,263.2063
16,4096,228,16,270.68
16,4096,228,18,248.808
16,4096,228,20,284.3111
16,4096,228,22,266.9979
16,4096,228,24,293.8424
16,4096,228,26,277.0271
16,4096,228,28,285.9412
16,4096,228,30,280.1859
16,4096,228,32,285.7695
16,4096,228,34,283.4217
16,4096,228,36,294.4032
16,4096,228,38,244.9037
16,4096,228,40,299.1734
16,4096,228,42,247.2241
16,4096,228,44,286.2613
16,4096,228,46,274.2075
16,4096,228,48,273.3897
16,4096,228,50,238.9705
16,4096,228,52,241.8409
16,4096,228,54,248.9341
16,4096,228,56,212.6474
16,4096,228,58,178.0166
16,4096,228,60,216.2241
16,4096,228,62,202.6062
16,4096,228,64,172.0827
16,4096,228,66,198.1296
16,4096,228,68,207.8203
16,4096,228,70,188.222
16,4096,228,72,197.1713
16,4096,228,74,197.2416
16,4096,228,76,186.1742
16,4096,228,78,172.4861
16,4096,228,80,164.1212
16,4096,228,82,166.6715
16,4096,228,84,195.0531
16,4096,228,86,195.0774
16,4096,228,88,165.0927
16,4096,228,90,181.2644
16,4096,228,92,170.4293
16,4096,228,94,170.6517
16,4096,228,96,186.0395
16,4096,228,98,187.2844
16,4096,228,100,176.1376
16,4096,228,102,184.472
16,4096,228,104,166.8677
16,4096,228,106,176.0902
16,4096,228,108,157.5611
16,4096,228,110,169.7732
16,4096,228,112,165.6886
16,4096,228,114,178.9027
16,4096,228,116,169.0007
16,4096,228,118,187.4344
16,4096,228,120,148.3223
16,4096,228,122,170.9794
16,4096,228,124,163.0931
16,4096,228,126,177.3785
16,4096,228,128,177.9615
16,4096,228,130,181.172
16,4096,228,132,141.3624
16,4096,228,134,179.2999
16,4096,228,136,180.3726
16,4096,228,138,176.813
16,4096,228,140,180.1291
16,4096,228,142,179.6456
16,4096,228,144,175.8107
16,4096,228,146,166.4898
16,4096,228,148,165.8425
16,4096,228,150,163.4918
16,4096,228,152,164.0523
16,4096,228,154,167.2677
16,4096,228,156,142.3812
16,4096,228,158,155.9954
16,4096,228,160,152.8184
16,4096,228,162,152.6181
16,4096,228,164,144.4763
16,4096,228,166,143.9978
16,4096,228,168,150.1604
16,4096,228,170,151.22
16,4096,228,172,134.8217
16,4096,228,174,162.1869
16,4096,228,176,140.4476
16,4096,228,178,155.4036
16,4096,228,180,148.7387
16,4096,228,182,161.0155
16,4096,228,184,163.5769
16,4096,228,186,137.7498
16,4096,228,188,157.0522
16,4096,228,190,155.0433
16,4096,228,192,153.2456
16,4096,228,194,149.1686
16,4096,228,196,148.658
16,4096,228,198,148.5224
16,4096,228,200,145.2275
16,4096,228,202,149.5259
16,4096,228,204,132.0121
16,4096,228,206,137.5235
16,4096,228,208,145.7186
16,4096,228,210,144.2489
16,4096,228,212,126.6904
16,4096,228,214,142.9571
16,4096,228,216,139.6294
16,4096,228,218,126.1636
16,4096,228,220,128.4102
16,4096,228,222,138.6534
16,4096,228,224,137.5781
16,4096,228,226,151.7045
16,4096,230,2,66.4004
16,4096,230,4,117.4872
16,4096,230,6,154.8119
16,4096,230,8,228.4455
16,4096,230,10,229.02
16,4096,230,12,253.8267
16,4096,230,14,253.5648
16,4096,230,16,273.2264
16,4096,230,18,257.8613
16,4096,230,20,284.9057
16,4096,230,22,255.9081
16,4096,230,24,283.749
16,4096,230,26,274.5413
16,4096,230,28,276.6822
16,4096,230,30,250.0702
16,4096,230,32,282.2218
16,4096,230,34,281.0459
16,4096,230,36,291.4936
16,4096,230,38,246.2808
16,4096,230,40,290.5358
16,4096,230,42,256.0751
16,4096,230,44,264.6969
16,4096,230,46,280.6332
16,4096,230,48,266.634
16,4096,230,50,255.3882
16,4096,230,52,224.261
16,4096,230,54,251.0974
16,4096,230,56,208.3549
16,4096,230,58,175.9964
16,4096,230,60,208.2331
16,4096,230,62,207.1598
16,4096,230,64,180.0133
16,4096,230,66,171.5178
16,4096,230,68,204.6199
16,4096,230,70,193.0996
16,4096,230,72,202.1225
16,4096,230,74,186.2066
16,4096,230,76,171.9415
16,4096,230,78,198.9639
16,4096,230,80,183.5411
16,4096,230,82,188.8193
16,4096,230,84,195.4321
16,4096,230,86,195.4731
16,4096,230,88,181.3394
16,4096,230,90,170.4467
16,4096,230,92,200.5375
16,4096,230,94,194.873
16,4096,230,96,199.1816
16,4096,230,98,190.5099
16,4096,230,100,194.0292
16,4096,230,102,186.3245
16,4096,230,104,175.9382
16,4096,230,106,177.9239
16,4096,230,108,186.6756
16,4096,230,110,164.9015
16,4096,230,112,183.2264
16,4096,230,114,176.1483
16,4096,230,116,189.5698
16,4096,230,118,173.1315
16,4096,230,120,175.7086
16,4096,230,122,173.951
16,4096,230,124,192.3934
16,4096,230,126,167.4013
16,4096,230,128,151.7426
16,4096,230,130,152.7617
16,4096,230,132,185.8175
16,4096,230,134,185.458
16,4096,230,136,180.224
16,4096,230,138,180.1064
16,4096,230,140,175.111
16,4096,230,142,155.6174
16,4096,230,144,171.8947
16,4096,230,146,163.2686
16,4096,230,148,149.0178
16,4096,230,150,155.0793
16,4096,230,152,168.7137
16,4096,230,154,169.646
16,4096,230,156,159.8093
16,4096,230,158,151.962
16,4096,230,160,159.0201
16,4096,230,162,147.1934
16,4096,230,164,134.8908
16,4096,230,166,157.9568
16,4096,230,168,152.1402
16,4096,230,170,155.8485
16,4096,230,172,154.3409
16,4096,230,174,137.705
16,4096,230,176,161.2244
16,4096,230,178,159.1616
16,4096,230,180,161.7817
16,4096,230,182,156.1491
16,4096,230,184,156.8066
16,4096,230,186,160.1836
16,4096,230,188,156.9046
16,4096,230,190,155.9331
16,4096,230,192,147.4807
16,4096,230,194,150.1182
16,4096,230,196,145.0568
16,4096,230,198,137.8737
16,4096,230,200,146.262
16,4096,230,202,145.5509
16,4096,230,204,152.155
16,4096,230,206,148.0974
16,4096,230,208,142.2403
16,4096,230,210,147.3771
16,4096,230,212,145.9997
16,4096,230,214,146.733
16,4096,230,216,146.0817
16,4096,230,218,141.9605
16,4096,230,220,140.8689
16,4096,230,222,176.863
16,4096,230,224,164.4175
16,4096,230,226,176.8717
16,4096,230,228,175.8363
16,4096,232,2,65.3798
16,4096,232,4,123.8703
16,4096,232,6,171.9442
16,4096,232,8,214.7596
16,4096,232,10,218.711
16,4096,232,12,250.0091
16,4096,232,14,260.7176
16,4096,232,16,282.5354
16,4096,232,18,277.0266
16,4096,232,20,278.9875
16,4096,232,22,276.9967
16,4096,232,24,239.81
16,4096,232,26,272.8284
16,4096,232,28,287.7364
16,4096,232,30,282.8538
16,4096,232,32,299.8846
16,4096,232,34,280.0374
16,4096,232,36,254.0775
16,4096,232,38,287.7635
16,4096,232,40,266.1468
16,4096,232,42,280.8174
16,4096,232,44,290.2544
16,4096,232,46,270.0373
16,4096,232,48,268.1473
16,4096,232,50,258.5753
16,4096,232,52,227.0246
16,4096,232,54,253.2252
16,4096,232,56,206.1359
16,4096,232,58,178.8906
16,4096,232,60,201.1391
16,4096,232,62,207.8248
16,4096,232,64,179.2666
16,4096,232,66,151.0097
16,4096,232,68,207.3395
16,4096,232,70,167.932
16,4096,232,72,180.4726
16,4096,232,74,189.6431
16,4096,232,76,188.383
16,4096,232,78,176.0595
16,4096,232,80,197.8522
16,4096,232,82,199.3197
16,4096,232,84,155.4565
16,4096,232,86,191.7814
16,4096,232,88,157.4333
16,4096,232,90,197.1375
16,4096,232,92,193.2576
16,4096,232,94,176.7971
16,4096,232,96,164.9219
16,4096,232,98,175.2423
16,4096,232,100,185.0067
16,4096,232,102,186.0472
16,4096,232,104,153.4393
16,4096,232,106,188.9252
16,4096,232,108,175.0374
16,4096,232,110,176.9312
16,4096,232,112,153.9552
16,4096,232,114,174.665
16,4096,232,116,175.8718
16,4096,232,118,182.5314
16,4096,232,120,184.0345
16,4096,232,122,169.3989
16,4096,232,124,183.1599
16,4096,232,126,182.6946
16,4096,232,128,178.1636
16,4096,232,130,150.7871
16,4096,232,132,183.0371
16,4096,232,134,164.854
16,4096,232,136,183.1314
16,4096,232,138,180.8218
16,4096,232,140,182.3757
16,4096,232,142,163.3715
16,4096,232,144,174.4363
16,4096,232,146,167.1047
16,4096,232,148,168.753
16,4096,232,150,171.9614
16,4096,232,152,146.5557
16,4096,232,154,170.738
16,4096,232,156,171.4275
16,4096,232,158,172.3906
16,4096,232,160,160.237
16,4096,232,162,161.7731
16,4096,232,164,159.4246
16,4096,232,166,135.9514
16,4096,232,168,158.3546
16,4096,232,170,144.1992
16,4096,232,172,155.0469
16,4096,232,174,155.1422
16,4096,232,176,152.8178
16,4096,232,178,151.6568
16,4096,232,180,154.5983
16,4096,232,182,160.2543
16,4096,232,184,157.5091
16,4096,232,186,158.6651
16,4096,232,188,140.1126
16,4096,232,190,161.9979
16,4096,232,192,162.1871
16,4096,232,194,141.2253
16,4096,232,196,152.6478
16,4096,232,198,157.3479
16,4096,232,200,143.7484
16,4096,232,202,151.1164
16,4096,232,204,153.3968
16,4096,232,206,148.9642
16,4096,232,208,153.5844
16,4096,232,210,131.5349
16,4096,232,212,148.913
16,4096,232,214,150.9426
16,4096,232,216,147.9069
16,4096,232,218,123.2456
16,4096,232,220,135.196
16,4096,232,222,144.4761
16,4096,232,224,134.7835
16,4096,232,226,174.4021
16,4096,232,228,153.333
16,4096,232,230,145.1578
16,4096,234,2,67.3122
16,4096,234,4,124.5668
16,4096,234,6,155.9137
16,4096,234,8,199.5975
16,4096,234,10,235.3412
16,4096,234,12,266.0735
16,4096,234,14,248.6961
16,4096,234,16,274.1373
16,4096,234,18,271.6178
16,4096,234,20,251.565
16,4096,234,22,287.0741
16,4096,234,24,287.422
16,4096,234,26,271.4122
16,4096,234,28,267.6534
16,4096,234,30,262.4534
16,4096,234,32,277.3365
16,4096,234,34,278.4731
16,4096,234,36,256.0401
16,4096,234,38,285.893
16,4096,234,40,278.4038
16,4096,234,42,278.9214
16,4096,234,44,292.5167
16,4096,234,46,264.0183
16,4096,234,48,259.7535
16,4096,234,50,247.2911
16,4096,234,52,232.4626
16,4096,234,54,234.9636
16,4096,234,56,209.3093
16,4096,234,58,208.0131
16,4096,234,60,196.3558
16,4096,234,62,177.8245
16,4096,234,64,196.2577
16,4096,234,66,196.4504
16,4096,234,68,178.3396
16,4096,234,70,167.5751
16,4096,234,72,196.5497
16,4096,234,74,187.7193
16,4096,234,76,196.9571
16,4096,234,78,185.4811
16,4096,234,80,195.6385
16,4096,234,82,196.8794
16,4096,234,84,179.7297
16,4096,234,86,183.5511
16,4096,234,88,158.2129
16,4096,234,90,196.005
16,4096,234,92,188.271
16,4096,234,94,193.2655
16,4096,234,96,191.1329
16,4096,234,98,191.7623
16,4096,234,100,171.7763
16,4096,234,102,186.8631
16,4096,234,104,159.2544
16,4096,234,106,179.9243
16,4096,234,108,174.2204
16,4096,234,110,182.9543
16,4096,234,112,151.6957
16,4096,234,114,178.3912
16,4096,234,116,175.5697
16,4096,234,118,189.0224
16,4096,234,120,152.321
16,4096,234,122,176.5287
16,4096,234,124,177.0731
16,4096,234,126,172.7372
16,4096,234,128,174.5543
16,4096,234,130,192.264
16,4096,234,132,171.4038
16,4096,234,134,157.353
16,4096,234,136,185.2171
16,4096,234,138,177.7233
16,4096,234,140,178.5346
16,4096,234,142,171.4934
16,4096,234,144,157.7236
16,4096,234,146,169.4215
16,4096,234,148,170.4223
16,4096,234,150,140.3912
16,4096,234,152,149.1537
16,4096,234,154,168.4222
16,4096,234,156,164.6829
16,4096,234,158,166.197
16,4096,234,160,168.0246
16,4096,234,162,159.5908
16,4096,234,164,152.6589
16,4096,234,166,159.6676
16,4096,234,168,162.4495
16,4096,234,170,156.2184
16,4096,234,172,155.8559
16,4096,234,174,151.7901
16,4096,234,176,149.0141
16,4096,234,178,151.3066
16,4096,234,180,163.2
16,4096,234,182,159.8489
16,4096,234,184,138.4925
16,4096,234,186,159.1631
16,4096,234,188,159.2393
16,4096,234,190,160.7007
16,4096,234,192,155.7937
16,4096,234,194,146.8153
16,4096,234,196,150.106
16,4096,234,198,158.1928
16,4096,234,200,154.2819
16,4096,234,202,152.6544
16,4096,234,204,151.4785
16,4096,234,206,148.5157
16,4096,234,208,151.2605
16,4096,234,210,140.1569
16,4096,234,212,140.0967
16,4096,234,214,149.6686
16,4096,234,216,147.2932
16,4096,234,218,133.7942
16,4096,234,220,144.0465
16,4096,234,222,142.5624
16,4096,234,224,129.7477
16,4096,234,226,158.6963
16,4096,234,228,175.8315
16,4096,234,230,127.3498
16,4096,234,232,128.4648
16,4096,236,2,69.7404
16,4096,236,4,117.3466
16,4096,236,6,174.3633
16,4096,236,8,206.3463
16,4096,236,10,240.5001
16,4096,236,12,259.2772
16,4096,236,14,267.2834
16,4096,236,16,266.9855
16,4096,236,18,270.612
16,4096,236,20,263.8007
16,4096,236,22,281.8863
16,4096,236,24,263.0453
16,4096,236,26,280.1457
16,4096,236,28,245.4906
16,4096,236,30,296.3065
16,4096,236,32,272.2702
16,4096,236,34,276.6568
16,4096,236,36,288.1062
16,4096,236,38,289.1767
16,4096,236,40,256.7461
16,4096,236,42,278.3212
16,4096,236,44,297.1892
16,4096,236,46,281.6383
16,4096,236,48,229.5674
16,4096,236,50,262.6683
16,4096,236,52,246.3749
16,4096,236,54,247.1132
16,4096,236,56,206.0869
16,4096,236,58,212.6164
16,4096,236,60,208.4987
16,4096,236,62,178.0277
16,4096,236,64,210.8868
16,4096,236,66,181.9161
16,4096,236,68,176.6827
16,4096,236,70,185.0559
16,4096,236,72,199.2834
16,4096,236,74,191.7708
16,4096,236,76,196.7827
16,4096,236,78,192.0744
16,4096,236,80,177.2049
16,4096,236,82,198.0842
16,4096,236,84,193.4413
16,4096,236,86,189.4176
16,4096,236,88,184.6792
16,4096,236,90,173.4287
16,4096,236,92,182.8832
16,4096,236,94,171.215
16,4096,236,96,193.5116
16,4096,236,98,190.8022
16,4096,236,100,190.4798
16,4096,236,102,182.239
16,4096,236,104,165.1243
16,4096,236,106,181.4867
16,4096,236,108,175.8604
16,4096,236,110,160.6033
16,4096,236,112,174.6407
16,4096,236,114,170.4703
16,4096,236,116,180.3517
16,4096,236,118,165.568
16,4096,236,120,184.6377
16,4096,236,122,155.0983
16,4096,236,124,185.7902
16,4096,236,126,166.8768
16,4096,236,128,177.8072
16,4096,236,130,182.9963
16,4096,236,132,187.1758
16,4096,236,134,151.8348
16,4096,236,136,164.4479
16,4096,236,138,153.4578
16,4096,236,140,157.3771
16,4096,236,142,172.8836
16,4096,236,144,155.5146
16,4096,236,146,168.6714
16,4096,236,148,146.7506
16,4096,236,150,172.1895
16,4096,236,152,146.1045
16,4096,236,154,171.2755
16,4096,236,156,148.7122
16,4096,236,158,169.8185
16,4096,236,160,163.1134
16,4096,236,162,154.0174
16,4096,236,164,153.7665
16,4096,236,166,144.7626
16,4096,236,168,153.3134
16,4096,236,170,156.5301
16,4096,236,172,143.6829
16,4096,236,174,143.7637
16,4096,236,176,146.3553
16,4096,236,178,150.0603
16,4096,236,180,149.7097
16,4096,236,182,156.9894
16,4096,236,184,156.8145
16,4096,236,186,159.0726
16,4096,236,188,157.7896
16,4096,236,190,145.0301
16,4096,236,192,160.0312
16,4096,236,194,153.7337
16,4096,236,196,157.8279
16,4096,236,198,154.9954
16,4096,236,200,141.0252
16,4096,236,202,152.2871
16,4096,236,204,154.4359
16,4096,236,206,129.2727
16,4096,236,208,153.4614
16,4096,236,210,148.5576
16,4096,236,212,147.6574
16,4096,236,214,145.5786
16,4096,236,216,134.8578
16,4096,236,218,146.6366
16,4096,236,220,146.3776
16,4096,236,222,142.3715
16,4096,236,224,115.6197
16,4096,236,226,140.0535
16,4096,236,228,141.2508
16,4096,236,230,111.8246
16,4096,236,232,116.2277
16,4096,236,234,141.2083
16,4096,238,2,67.5676
16,4096,238,4,114.1452
16,4096,238,6,166.2212
16,4096,238,8,196.7568
16,4096,238,10,232.834
16,4096,238,12,261.3639
16,4096,238,14,245.4511
16,4096,238,16,281.3157
16,4096,238,18,261.4516
16,4096,238,20,291.5997
16,4096,238,22,275.045
16,4096,238,24,287.4851
16,4096,238,26,281.4182
16,4096,238,28,283.6045
16,4096,238,30,287.4022
16,4096,238,32,280.6575
16,4096,238,34,261.4571
16,4096,238,36,267.3182
16,4096,238,38,295.2048
16,4096,238,40,286.0052
16,4096,238,42,266.6076
16,4096,238,44,285.0906
16,4096,238,46,234.5044
16,4096,238,48,252.8042
16,4096,238,50,264.0228
16,4096,238,52,259.663
16,4096,238,54,256.9424
16,4096,238,56,197.7373
16,4096,238,58,202.8103
16,4096,238,60,202.933
16,4096,238,62,199.3904
16,4096,238,64,204.143
16,4096,238,66,191.3536
16,4096,238,68,202.1256
16,4096,238,70,178.7792
16,4096,238,72,180.2582
16,4096,238,74,193.9569
16,4096,238,76,170.1508
16,4096,238,78,178.9496
16,4096,238,80,175.2685
16,4096,238,82,196.6569
16,4096,238,84,166.4457
16,4096,238,86,180.8221
16,4096,238,88,189.1837
16,4096,238,90,188.6136
16,4096,238,92,163.5929
16,4096,238,94,190.7943
16,4096,238,96,172.2398
16,4096,238,98,154.0973
16,4096,238,100,156.049
16,4096,238,102,186.9091
16,4096,238,104,164.9778
16,4096,238,106,187.6337
16,4096,238,108,174.2178
16,4096,238,110,181.5787
16,4096,238,112,176.0322
16,4096,238,114,178.725
16,4096,238,116,180.7085
16,4096,238,118,169.8053
16,4096,238,120,149.4268
16,4096,238,122,154.7213
16,4096,238,124,157.8675
16,4096,238,126,182.2966
16,4096,238,128,161.9031
16,4096,238,130,181.2912
16,4096,238,132,175.2117
16,4096,238,134,172.6236
16,4096,238,136,156.6888
16,4096,238,138,174.6866
16,4096,238,140,160.2326
16,4096,238,142,169.8956
16,4096,238,144,168.1661
16,4096,238,146,167.5945
16,4096,238,148,164.4086
16,4096,238,150,167.0062
16,4096,238,152,155.1535
16,4096,238,154,167.0233
16,4096,238,156,165.8733
16,4096,238,158,136.4525
16,4096,238,160,163.1136
16,4096,238,162,161.3548
16,4096,238,164,144.5995
16,4096,238,166,156.2598
16,4096,238,168,145.0554
16,4096,238,170,128.388
16,4096,238,172,153.6881
16,4096,238,174,147.98
16,4096,238,176,141.6268
16,4096,238,178,150.0454
16,4096,238,180,151.4231
16,4096,238,182,148.0161
16,4096,238,184,160.7081
16,4096,238,186,146.2376
16,4096,238,188,158.8753
16,4096,238,190,158.7652
16,4096,238,192,153.1359
16,4096,238,194,161.0436
16,4096,238,196,154.4623
16,4096,238,198,154.1858
16,4096,238,200,151.8258
16,4096,238,202,145.9907
16,4096,238,204,145.3754
16,4096,238,206,153.0214
16,4096,238,208,134.8219
16,4096,238,210,148.7236
16,4096,238,212,143.3609
16,4096,238,214,147.1271
16,4096,238,216,142.4749
16,4096,238,218,145.1039
16,4096,238,220,143.5391
16,4096,238,222,145.4013
16,4096,238,224,142.389
16,4096,238,226,140.3088
16,4096,238,228,139.0035
16,4096,238,230,129.5131
16,4096,238,232,123.7256
16,4096,238,234,116.1212
16,4096,238,236,124.5685
16,4096,240,2,69.0066
16,4096,240,4,116.6924
16,4096,240,6,174.0863
16,4096,240,8,208.0004
16,4096,240,10,227.8283
16,4096,240,12,248.8952
16,4096,240,14,247.9904
16,4096,240,16,275.3611
16,4096,240,18,263.3984
16,4096,240,20,257.9491
16,4096,240,22,273.152
16,4096,240,24,274.4337
16,4096,240,26,275.1923
16,4096,240,28,261.1035
16,4096,240,30,278.9874
16,4096,240,32,289.2237
16,4096,240,34,256.7576
16,4096,240,36,296.1848
16,4096,240,38,285.5642
16,4096,240,40,288.4526
16,4096,240,42,280.3683
16,4096,240,44,284.391
16,4096,240,46,245.8988
16,4096,240,48,228.0135
16,4096,240,50,237.2785
16,4096,240,52,260.5905
16,4096,240,54,248.9543
16,4096,240,56,208.8376
16,4096,240,58,170.4568
16,4096,240,60,198.037
16,4096,240,62,206.221
16,4096,240,64,199.416
16,4096,240,66,171.128
16,4096,240,68,194.8652
16,4096,240,70,195.8416
16,4096,240,72,196.5423
16,4096,240,74,185.8808
16,4096,240,76,190.9945
16,4096,240,78,163.486
16,4096,240,80,164.6678
16,4096,240,82,192.7722
16,4096,240,84,189.788
16,4096,240,86,188.341
16,4096,240,88,155.6016
16,4096,240,90,183.2465
16,4096,240,92,170.0461
16,4096,240,94,188.7854
16,4096,240,96,152.0084
16,4096,240,98,188.9458
16,4096,240,100,183.5099
16,4096,240,102,167.5293
16,4096,240,104,156.9516
16,4096,240,106,177.3547
16,4096,240,108,168.1978
16,4096,240,110,175.4288
16,4096,240,112,174.4568
16,4096,240,114,169.344
16,4096,240,116,152.5995
16,4096,240,118,162.7189
16,4096,240,120,153.8907
16,4096,240,122,181.9575
16,4096,240,124,180.0717
16,4096,240,126,171.6388
16,4096,240,128,170.399
16,4096,240,130,184.1966
16,4096,240,132,157.3142
16,4096,240,134,179.4449
16,4096,240,136,162.5065
16,4096,240,138,156.2066
16,4096,240,140,168.5907
16,4096,240,142,165.4898
16,4096,240,144,162.8874
16,4096,240,146,165.8744
16,4096,240,148,165.2313
16,4096,240,150,149.6765
16,4096,240,152,159.8046
16,4096,240,154,163.3621
16,4096,240,156,163.5822
16,4096,240,158,143.8664
16,4096,240,160,162.4817
16,4096,240,162,154.5073
16,4096,240,164,132.3057
16,4096,240,166,149.5413
16,4096,240,168,151.9178
16,4096,240,170,139.3519
16,4096,240,172,151.3089
16,4096,240,174,145.3093
16,4096,240,176,118.2384
16,4096,240,178,149.4732
16,4096,240,180,148.0441
16,4096,240,182,128.3327
16,4096,240,184,146.2176
16,4096,240,186,158.9582
16,4096,240,188,150.7211
16,4096,240,190,156.9498
16,4096,240,192,154.2362
16,4096,240,194,148.3258
16,4096,240,196,156.4382
16,4096,240,198,153.8295
16,4096,240,200,148.3319
16,4096,240,202,140.4297
16,4096,240,204,150.8639
16,4096,240,206,146.9712
16,4096,240,208,150.0955
16,4096,240,210,125.5986
16,4096,240,212,146.965
16,4096,240,214,144.1668
16,4096,240,216,140.0791
16,4096,240,218,132.7459
16,4096,240,220,143.543
16,4096,240,222,139.2727
16,4096,240,224,140.3014
16,4096,240,226,122.1216
16,4096,240,228,138.4688
16,4096,240,230,136.6415
16,4096,240,232,124.5129
16,4096,240,234,136.143
16,4096,240,236,136.474
16,4096,240,238,166.6433
16,4096,242,2,66.4813
16,4096,242,4,131.8058
16,4096,242,6,165.971
16,4096,242,8,208.0758
16,4096,242,10,222.8574
16,4096,242,12,254.2917
16,4096,242,14,262.2803
16,4096,242,16,279.3685
16,4096,242,18,266.4083
16,4096,242,20,271.6468
16,4096,242,22,270.0348
16,4096,242,24,290.9492
16,4096,242,26,248.2381
16,4096,242,28,296.0718
16,4096,242,30,285.8521
16,4096,242,32,286.6649
16,4096,242,34,263.9566
16,4096,242,36,272.6017
16,4096,242,38,274.7269
16,4096,242,40,285.475
16,4096,242,42,261.755
16,4096,242,44,281.3185
16,4096,242,46,282.2062
16,4096,242,48,230.6674
16,4096,242,50,257.7765
16,4096,242,52,219.4574
16,4096,242,54,238.2181
16,4096,242,56,180.6044
16,4096,242,58,170.4916
16,4096,242,60,176.5195
16,4096,242,62,151.4179
16,4096,242,64,168.0921
16,4096,242,66,195.6651
16,4096,242,68,191.2866
16,4096,242,70,198.8726
16,4096,242,72,190.6835
16,4096,242,74,189.9593
16,4096,242,76,175.0892
16,4096,242,78,175.421
16,4096,242,80,182.5796
16,4096,242,82,133.792
16,4096,242,84,190.4432
16,4096,242,86,179.2686
16,4096,242,88,190.6381
16,4096,242,90,147.6674
16,4096,242,92,179.6213
16,4096,242,94,165.6726
16,4096,242,96,183.2988
16,4096,242,98,181.842
16,4096,242,100,161.1691
16,4096,242,102,144.3307
16,4096,242,104,176.8732
16,4096,242,106,181.3599
16,4096,242,108,180.4188
16,4096,242,110,180.4816
16,4096,242,112,168.9906
16,4096,242,114,161.816
16,4096,242,116,178.8855
16,4096,242,118,165.5392
16,4096,242,120,172.728
16,4096,242,122,182.5882
16,4096,242,124,179.2971
16,4096,242,126,164.1535
16,4096,242,128,181.3443
16,4096,242,130,166.2833
16,4096,242,132,167.3104
16,4096,242,134,176.2615
16,4096,242,136,180.1757
16,4096,242,138,154.6473
16,4096,242,140,174.9041
16,4096,242,142,172.7424
16,4096,242,144,154.5561
16,4096,242,146,168.5651
16,4096,242,148,143.6264
16,4096,242,150,163.5725
16,4096,242,152,165.3592
16,4096,242,154,164.6578
16,4096,242,156,147.534
16,4096,242,158,154.6209
16,4096,242,160,167.1937
16,4096,242,162,155.0076
16,4096,242,164,150.742
16,4096,242,166,147.0641
16,4096,242,168,155.6866
16,4096,242,170,149.7507
16,4096,242,172,154.2523
16,4096,242,174,152.4101
16,4096,242,176,148.8389
16,4096,242,178,151.0735
16,4096,242,180,149.1841
16,4096,242,182,145.1742
16,4096,242,184,147.6958
16,4096,242,186,148.5318
16,4096,242,188,157.6682
16,4096,242,190,145.6154
16,4096,242,192,138.3475
16,4096,242,194,152.7552
16,4096,242,196,154.7014
16,4096,242,198,150.4833
16,4096,242,200,155.4215
16,4096,242,202,155.2391
16,4096,242,204,153.6281
16,4096,242,206,135.9482
16,4096,242,208,146.1601
16,4096,242,210,150.9123
16,4096,242,212,149.4488
16,4096,242,214,143.9897
16,4096,242,216,138.8187
16,4096,242,218,145.8605
16,4096,242,220,146.492
16,4096,242,222,150.7797
16,4096,242,224,145.0712
16,4096,242,226,137.706
16,4096,242,228,139.7802
16,4096,242,230,143.4096
16,4096,242,232,133.3045
16,4096,242,234,168.8682
16,4096,242,236,164.424
16,4096,242,238,154.5685
16,4096,242,240,159.0877
16,4096,244,2,68.4371
16,4096,244,4,124.947
16,4096,244,6,174.0773
16,4096,244,8,215.4648
16,4096,244,10,229.41
16,4096,244,12,258.7984
16,4096,244,14,234.6022
16,4096,244,16,278.7411
16,4096,244,18,261.5122
16,4096,244,20,283.7643
16,4096,244,22,268.7942
16,4096,244,24,286.5344
16,4096,244,26,278.4442
16,4096,244,28,260.7767
16,4096,244,30,263.9706
16,4096,244,32,294.1048
16,4096,244,34,284.7282
16,4096,244,36,292.6256
16,4096,244,38,283.2819
16,4096,244,40,288.2526
16,4096,244,42,278.9603
16,4096,244,44,263.5263
16,4096,244,46,272.1162
16,4096,244,48,251.9193
16,4096,244,50,259.5641
16,4096,244,52,241.0215
16,4096,244,54,244.1745
16,4096,244,56,176.8743
16,4096,244,58,181.4311
16,4096,244,60,174.9208
16,4096,244,62,168.3837
16,4096,244,64,181.307
16,4096,244,66,168.5327
16,4096,244,68,194.2764
16,4096,244,70,173.8325
16,4096,244,72,178.3447
16,4096,244,74,181.6619
16,4096,244,76,166.7352
16,4096,244,78,152.4787
16,4096,244,80,188.7276
16,4096,244,82,148.7089
16,4096,244,84,187.1219
16,4096,244,86,168.9158
16,4096,244,88,182.1328
16,4096,244,90,170.364
16,4096,244,92,185.799
16,4096,244,94,178.6816
16,4096,244,96,189.9633
16,4096,244,98,145.5837
16,4096,244,100,183.6874
16,4096,244,102,176.4611
16,4096,244,104,178.572
16,4096,244,106,151.1293
16,4096,244,108,172.566
16,4096,244,110,175.6149
16,4096,244,112,177.9517
16,4096,244,114,168.3558
16,4096,244,116,178.9042
16,4096,244,118,150.3381
16,4096,244,120,172.3399
16,4096,244,122,169.9877
16,4096,244,124,180.31
16,4096,244,126,182.8681
16,4096,244,128,177.9689
16,4096,244,130,140.8022
16,4096,244,132,150.4791
16,4096,244,134,169.7098
16,4096,244,136,177.0071
16,4096,244,138,179.6996
16,4096,244,140,180.8082
16,4096,244,142,167.1556
16,4096,244,144,163.9135
16,4096,244,146,173.8215
16,4096,244,148,170.7247
16,4096,244,150,152.1057
16,4096,244,152,145.5095
16,4096,244,154,148.4945
16,4096,244,156,168.1291
16,4096,244,158,170.0551
16,4096,244,160,139.9491
16,4096,244,162,147.586
16,4096,244,164,147.016
16,4096,244,166,159.005
16,4096,244,168,156.9169
16,4096,244,170,154.1337
16,4096,244,172,153.9484
16,4096,244,174,156.4745
16,4096,244,176,155.0323
16,4096,244,178,144.81
16,4096,244,180,152.7624
16,4096,244,182,152.0739
16,4096,244,184,151.5127
16,4096,244,186,136.3343
16,4096,244,188,152.5876
16,4096,244,190,160.2036
16,4096,244,192,158.9776
16,4096,244,194,161.2429
16,4096,244,196,151.8649
16,4096,244,198,150.4089
16,4096,244,200,160.8223
16,4096,244,202,139.0872
16,4096,244,204,156.537
16,4096,244,206,154.9762
16,4096,244,208,156.6071
16,4096,244,210,151.7823
16,4096,244,212,142.5818
16,4096,244,214,153.7122
16,4096,244,216,148.1378
16,4096,244,218,135.4679
16,4096,244,220,140.7065
16,4096,244,222,148.4604
16,4096,244,224,144.7177
16,4096,244,226,145.8517
16,4096,244,228,139.174
16,4096,244,230,144.5119
16,4096,244,232,144.8665
16,4096,244,234,143.5222
16,4096,244,236,143.2295
16,4096,244,238,163.4453
16,4096,244,240,162.7639
16,4096,244,242,140.7264
16,4096,246,2,76.1379
16,4096,246,4,119.7874
16,4096,246,6,166.7136
16,4096,246,8,221.4541
16,4096,246,10,237.0691
16,4096,246,12,253.4716
16,4096,246,14,248.3041
16,4096,246,16,271.123
16,4096,246,18,266.5973
16,4096,246,20,249.2385
16,4096,246,22,265.7995
16,4096,246,24,291.0066
16,4096,246,26,259.902
16,4096,246,28,285.92
16,4096,246,30,283.7907
16,4096,246,32,255.8881
16,4096,246,34,285.9903
16,4096,246,36,283.7457
16,4096,246,38,253.1797
16,4096,246,40,290.7884
16,4096,246,42,282.6611
16,4096,246,44,285.8753
16,4096,246,46,269.6705
16,4096,246,48,268.1546
16,4096,246,50,234.4933
16,4096,246,52,255.9558
16,4096,246,54,254.693
16,4096,246,56,167.9864
16,4096,246,58,165.5774
16,4096,246,60,181.8531
16,4096,246,62,165.253
16,4096,246,64,183.7139
16,4096,246,66,164.6914
16,4096,246,68,179.9354
16,4096,246,70,163.9497
16,4096,246,72,194.0253
16,4096,246,74,190.4656
16,4096,246,76,191.1312
16,4096,246,78,185.3309
16,4096,246,80,184.9935
16,4096,246,82,171.0293
16,4096,246,84,190.2704
16,4096,246,86,177.2555
16,4096,246,88,187.7486
16,4096,246,90,185.7821
16,4096,246,92,159.1589
16,4096,246,94,171.6419
16,4096,246,96,184.3469
16,4096,246,98,172.3269
16,4096,246,100,185.0369
16,4096,246,102,182.0206
16,4096,246,104,178.5327
16,4096,246,106,166.8977
16,4096,246,108,181.8147
16,4096,246,110,159.8196
16,4096,246,112,165.367
16,4096,246,114,178.1174
16,4096,246,116,178.5484
16,4096,246,118,177.8451
16,4096,246,120,175.0705
16,4096,246,122,150.9658
16,4096,246,124,182.6641
16,4096,246,126,184.1622
16,4096,246,128,183.5887
16,4096,246,130,160.1998
16,4096,246,132,168.1351
16,4096,246,134,178.4626
16,4096,246,136,151.5533
16,4096,246,138,179.5843
16,4096,246,140,164.2178
16,4096,246,142,172.1981
16,4096,246,144,168.425
16,4096,246,146,171.2936
16,4096,246,148,171.9468
16,4096,246,150,166.1118
16,4096,246,152,168.4848
16,4096,246,154,171.4859
16,4096,246,156,167.9788
16,4096,246,158,160.7108
16,4096,246,160,169.4139
16,4096,246,162,164.4831
16,4096,246,164,161.2446
16,4096,246,166,161.7678
16,4096,246,168,161.7889
16,4096,246,170,155.3133
16,4096,246,172,154.1687
16,4096,246,174,158.4135
16,4096,246,176,144.676
16,4096,246,178,151.35
16,4096,246,180,155.6322
16,4096,246,182,130.3363
16,4096,246,184,155.205
16,4096,246,186,159.842
16,4096,246,188,151.0072
16,4096,246,190,159.8852
16,4096,246,192,150.7793
16,4096,246,194,160.6946
16,4096,246,196,161.1906
16,4096,246,198,160.677
16,4096,246,200,161.3349
16,4096,246,202,160.3853
16,4096,246,204,155.7965
16,4096,246,206,156.4646
16,4096,246,208,156.7523
16,4096,246,210,151.8966
16,4096,246,212,153.6004
16,4096,246,214,143.9694
16,4096,246,216,153.9227
16,4096,246,218,150.8544
16,4096,246,220,153.8649
16,4096,246,222,143.0417
16,4096,246,224,150.3401
16,4096,246,226,136.3851
16,4096,246,228,138.8531
16,4096,246,230,145.6733
16,4096,246,232,111.5456
16,4096,246,234,146.4183
16,4096,246,236,144.1616
16,4096,246,238,158.6478
16,4096,246,240,165.8424
16,4096,246,242,121.8881
16,4096,246,244,131.0794
16,4096,248,2,67.3489
16,4096,248,4,117.3485
16,4096,248,6,167.8551
16,4096,248,8,207.6596
16,4096,248,10,239.9016
16,4096,248,12,263.6969
16,4096,248,14,237.5833
16,4096,248,16,280.4658
16,4096,248,18,258.2309
16,4096,248,20,269.0035
16,4096,248,22,260.6321
16,4096,248,24,294.5039
16,4096,248,26,262.9814
16,4096,248,28,291.2202
16,4096,248,30,285.9097
16,4096,248,32,275.4296
16,4096,248,34,275.3006
16,4096,248,36,272.8468
16,4096,248,38,286.2571
16,4096,248,40,290.2495
16,4096,248,42,291.1237
16,4096,248,44,266.6577
16,4096,248,46,263.7096
16,4096,248,48,233.8538
16,4096,248,50,264.2604
16,4096,248,52,261.1678
16,4096,248,54,255.5173
16,4096,248,56,184.1795
16,4096,248,58,162.1456
16,4096,248,60,156.3844
16,4096,248,62,160.9359
16,4096,248,64,152.383
16,4096,248,66,182.0213
16,4096,248,68,177.2514
16,4096,248,70,178.146
16,4096,248,72,143.7186
16,4096,248,74,169.776
16,4096,248,76,194.9488
16,4096,248,78,172.7034
16,4096,248,80,185.4777
16,4096,248,82,187.783
16,4096,248,84,135.5022
16,4096,248,86,193.8984
16,4096,248,88,188.7241
16,4096,248,90,170.3423
16,4096,248,92,157.3107
16,4096,248,94,173.1047
16,4096,248,96,164.0501
16,4096,248,98,175.1148
16,4096,248,100,180.0869
16,4096,248,102,189.5028
16,4096,248,104,162.2348
16,4096,248,106,175.171
16,4096,248,108,184.9287
16,4096,248,110,166.8643
16,4096,248,112,186.3628
16,4096,248,114,178.7625
16,4096,248,116,164.1668
16,4096,248,118,174.9071
16,4096,248,120,171.2991
16,4096,248,122,158.7043
16,4096,248,124,185.7429
16,4096,248,126,168.275
16,4096,248,128,180.2787
16,4096,248,130,174.3704
16,4096,248,132,183.0848
16,4096,248,134,168.71
16,4096,248,136,182.323
16,4096,248,138,159.331
16,4096,248,140,181.4424
16,4096,248,142,173.6873
16,4096,248,144,170.1484
16,4096,248,146,170.7244
16,4096,248,148,157.5003
16,4096,248,150,166.1853
16,4096,248,152,154.7213
16,4096,248,154,165.911
16,4096,248,156,171.1171
16,4096,248,158,146.6016
16,4096,248,160,166.2267
16,4096,248,162,143.3138
16,4096,248,164,166.109
16,4096,248,166,164.7104
16,4096,248,168,155.3955
16,4096,248,170,157.7497
16,4096,248,172,148.9342
16,4096,248,174,155.1951
16,4096,248,176,153.0393
16,4096,248,178,140.579
16,4096,248,180,154.6588
16,4096,248,182,148.7676
16,4096,248,184,143.4398
16,4096,248,186,160.437
16,4096,248,188,141.8838
16,4096,248,190,164.2204
16,4096,248,192,155.9468
16,4096,248,194,155.3355
16,4096,248,196,161.2402
16,4096,248,198,162.971
16,4096,248,200,146.3097
16,4096,248,202,149.6585
16,4096,248,204,160.4721
16,4096,248,206,154.1122
16,4096,248,208,158.0847
16,4096,248,210,155.3556
16,4096,248,212,144.1127
16,4096,248,214,157.7667
16,4096,248,216,141.3164
16,4096,248,218,150.4487
16,4096,248,220,153.7455
16,4096,248,222,143.609
16,4096,248,224,149.5167
16,4096,248,226,149.7568
16,4096,248,228,141.396
16,4096,248,230,145.9846
16,4096,248,232,147.1598
16,4096,248,234,129.3273
16,4096,248,236,146.1389
16,4096,248,238,144.4026
16,4096,248,240,131.1403
16,4096,248,242,131.8389
16,4096,248,244,129.2605
16,4096,248,246,127.8392
16,4096,250,2,74.2494
16,4096,250,4,121.3059
16,4096,250,6,170.5573
16,4096,250,8,205.7012
16,4096,250,10,233.867
16,4096,250,12,260.7052
16,4096,250,14,259.9669
16,4096,250,16,273.1522
16,4096,250,18,265.6079
16,4096,250,20,259.9466
16,4096,250,22,281.0466
16,4096,250,24,280.8735
16,4096,250,26,265.0678
16,4096,250,28,277.8788
16,4096,250,30,279.5044
16,4096,250,32,305.1164
16,4096,250,34,290.0689
16,4096,250,36,293.1717
16,4096,250,38,281.3688
16,4096,250,40,290.6909
16,4096,250,42,291.8767
16,4096,250,44,252.0297
16,4096,250,46,286.3605
16,4096,250,48,254.1676
16,4096,250,50,269.6542
16,4096,250,52,259.6034
16,4096,250,54,212.0265
16,4096,250,56,177.1347
16,4096,250,58,177.7147
16,4096,250,60,142.4428
16,4096,250,62,175.0329
16,4096,250,64,156.0005
16,4096,250,66,178.781
16,4096,250,68,175.3876
16,4096,250,70,174.2881
16,4096,250,72,172.5746
16,4096,250,74,174.1771
16,4096,250,76,161.0001
16,4096,250,78,163.1703
16,4096,250,80,175.8115
16,4096,250,82,179.6063
16,4096,250,84,187.6055
16,4096,250,86,182.6949
16,4096,250,88,192.0723
16,4096,250,90,161.2705
16,4096,250,92,171.8045
16,4096,250,94,185.5639
16,4096,250,96,154.6076
16,4096,250,98,189.0077
16,4096,250,100,160.8982
16,4096,250,102,178.9856
16,4096,250,104,165.3027
16,4096,250,106,184.2806
16,4096,250,108,177.0383
16,4096,250,110,186.8194
16,4096,250,112,169.8543
16,4096,250,114,178.6652
16,4096,250,116,158.8008
16,4096,250,118,175.8925
16,4096,250,120,166.5789
16,4096,250,122,160.0393
16,4096,250,124,171.1356
16,4096,250,126,162.9761
16,4096,250,128,178.9917
16,4096,250,130,186.6362
16,4096,250,132,144.9485
16,4096,250,134,179.0161
16,4096,250,136,168.8631
16,4096,250,138,176.3875
16,4096,250,140,157.4718
16,4096,250,142,170.0362
16,4096,250,144,164.4426
16,4096,250,146,167.7325
16,4096,250,148,167.2961
16,4096,250,150,165.998
16,4096,250,152,167.5506
16,4096,250,154,170.2638
16,4096,250,156,168.1726
16,4096,250,158,159.8014
16,4096,250,160,169.4316
16,4096,250,162,170.6772
16,4096,250,164,142.9552
16,4096,250,166,157.9872
16,4096,250,168,161.3962
16,4096,250,170,161.6449
16,4096,250,172,160.2578
16,4096,250,174,157.462
16,4096,250,176,155.5343
16,4096,250,178,157.1255
16,4096,250,180,156.5933
16,4096,250,182,153.649
16,4096,250,184,153.1705
16,4096,250,186,161.628
16,4096,250,188,154.9435
16,4096,250,190,158.9535
16,4096,250,192,148.001
16,4096,250,194,159.486
16,4096,250,196,160.9676
16,4096,250,198,150.9698
16,4096,250,200,160.4046
16,4096,250,202,148.1693
16,4096,250,204,154.1482
16,4096,250,206,159.6126
16,4096,250,208,149.7142
16,4096,250,210,155.1623
16,4096,250,212,156.9018
16,4096,250,214,158.3596
16,4096,250,216,142.4055
16,4096,250,218,150.3402
16,4096,250,220,149.4805
16,4096,250,222,145.0849
16,4096,250,224,151.5211
16,4096,250,226,145.5716
16,4096,250,228,137.1751
16,4096,250,230,146.1753
16,4096,250,232,148.379
16,4096,250,234,141.5132
16,4096,250,236,145.5653
16,4096,250,238,137.9568
16,4096,250,240,144.9356
16,4096,250,242,129.5785
16,4096,250,244,131.5617
16,4096,250,246,128.075
16,4096,250,248,120.7896
16,4096,252,2,61.3977
16,4096,252,4,110.0184
16,4096,252,6,149.2786
16,4096,252,8,196.6769
16,4096,252,10,213.4373
16,4096,252,12,250.2397
16,4096,252,14,236.3903
16,4096,252,16,260.3204
16,4096,252,18,236.3383
16,4096,252,20,274.1932
16,4096,252,22,241.8164
16,4096,252,24,271.9779
16,4096,252,26,240.6595
16,4096,252,28,269.3768
16,4096,252,30,276.4432
16,4096,252,32,249.0336
16,4096,252,34,263.1776
16,4096,252,36,269.7174
16,4096,252,38,256.1307
16,4096,252,40,277.0436
16,4096,252,42,244.004
16,4096,252,44,270.2473
16,4096,252,46,254.7871
16,4096,252,48,250.7007
16,4096,252,50,243.2327
16,4096,252,52,234.9148
16,4096,252,54,233.1685
16,4096,252,56,158.3954
16,4096,252,58,172.2263
16,4096,252,60,173.3137
16,4096,252,62,151.3339
16,4096,252,64,169.6296
16,4096,252,66,174.2569
16,4096,252,68,170.9472
16,4096,252,70,169.6547
16,4096,252,72,151.2242
16,4096,252,74,161.0223
16,4096,252,76,167.8727
16,4096,252,78,140.6403
16,4096,252,80,153.3812
16,4096,252,82,159.6904
16,4096,252,84,185.375
16,4096,252,86,168.022
16,4096,252,88,166.6462
16,4096,252,90,155.1906
16,4096,252,92,166.6914
16,4096,252,94,174.9944
16,4096,252,96,177.982
16,4096,252,98,152.2421
16,4096,252,100,183.2061
16,4096,252,102,156.9814
16,4096,252,104,162.2132
16,4096,252,106,175.729
16,4096,252,108,180.8458
16,4096,252,110,174.0648
16,4096,252,112,170.5918
16,4096,252,114,173.8823
16,4096,252,116,153.0371
16,4096,252,118,172.8072
16,4096,252,120,148.1964
16,4096,252,122,173.7492
16,4096,252,124,168.093
16,4096,252,126,178.6234
16,4096,252,128,154.8434
16,4096,252,130,159.9617
16,4096,252,132,180.3596
16,4096,252,134,170.3666
16,4096,252,136,160.6062
16,4096,252,138,177.5513
16,4096,252,140,178.4365
16,4096,252,142,144.6144
16,4096,252,144,170.1958
16,4096,252,146,148.397
16,4096,252,148,166.2676
16,4096,252,150,159.4623
16,4096,252,152,165.2424
16,4096,252,154,146.7266
16,4096,252,156,163.6191
16,4096,252,158,141.8016
16,4096,252,160,166.0731
16,4096,252,162,143.9992
16,4096,252,164,153.946
16,4096,252,166,136.4323
16,4096,252,168,154.5847
16,4096,252,170,152.4191
16,4096,252,172,158.5696
16,4096,252,174,137.0029
16,4096,252,176,150.3463
16,4096,252,178,147.161
16,4096,252,180,152.5164
16,4096,252,182,142.7022
16,4096,252,184,136.6661
16,4096,252,186,165.2647
16,4096,252,188,147.6121
16,4096,252,190,140.4242
16,4096,252,192,159.387
16,4096,252,194,146.7458
16,4096,252,196,150.9304
16,4096,252,198,147.3946
16,4096,252,200,160.0803
16,4096,252,202,137.3069
16,4096,252,204,156.1856
16,4096,252,206,156.3647
16,4096,252,208,152.5914
16,4096,252,210,156.6018
16,4096,252,212,154.2628
16,4096,252,214,142.7197
16,4096,252,216,151.3072
16,4096,252,218,147.4028
16,4096,252,220,135.1412
16,4096,252,222,145.988
16,4096,252,224,148.0842
16,4096,252,226,143.6432
16,4096,252,228,145.7722
16,4096,252,230,130.2928
16,4096,252,232,146.4978
16,4096,252,234,124.1085
16,4096,252,236,133.9122
16,4096,252,238,135.7013
16,4096,252,240,137.3153
16,4096,252,242,139.3211
16,4096,252,244,123.9669
16,4096,252,246,135.911
16,4096,252,248,137.3455
16,4096,252,250,154.4976
16,4096,254,2,60.9128
16,4096,254,4,117.0315
16,4096,254,6,160.0258
16,4096,254,8,208.149
16,4096,254,10,189.8824
16,4096,254,12,248.459
16,4096,254,14,213.0628
16,4096,254,16,249.3422
16,4096,254,18,257.4079
16,4096,254,20,253.8317
16,4096,254,22,257.6976
16,4096,254,24,275.045
16,4096,254,26,278.8286
16,4096,254,28,247.5081
16,4096,254,30,269.3121
16,4096,254,32,249.7991
16,4096,254,34,258.3112
16,4096,254,36,266.9548
16,4096,254,38,244.0953
16,4096,254,40,278.9279
16,4096,254,42,240.4734
16,4096,254,44,258.534
16,4096,254,46,240.2433
16,4096,254,48,239.1155
16,4096,254,50,235.3978
16,4096,254,52,250.246
16,4096,254,54,212.3925
16,4096,254,56,178.3839
16,4096,254,58,170.3041
16,4096,254,60,172.4582
16,4096,254,62,163.9162
16,4096,254,64,154.7659
16,4096,254,66,160.0732
16,4096,254,68,153.2716
16,4096,254,70,170.3856
16,4096,254,72,168.6502
16,4096,254,74,149.5633
16,4096,254,76,161.876
16,4096,254,78,142.6497
16,4096,254,80,146.3019
16,4096,254,82,152.738
16,4096,254,84,150.5924
16,4096,254,86,135.4629
16,4096,254,88,160.8825
16,4096,254,90,157.6652
16,4096,254,92,177.2184
16,4096,254,94,155.0828
16,4096,254,96,174.9289
16,4096,254,98,156.4995
16,4096,254,100,175.3059
16,4096,254,102,177.0799
16,4096,254,104,181.8673
16,4096,254,106,171.7221
16,4096,254,108,173.9852
16,4096,254,110,173.628
16,4096,254,112,170.5236
16,4096,254,114,168.4564
16,4096,254,116,173.924
16,4096,254,118,150.3862
16,4096,254,120,174.7115
16,4096,254,122,167.3245
16,4096,254,124,142.7623
16,4096,254,126,163.8651
16,4096,254,128,171.0838
16,4096,254,130,175.3997
16,4096,254,132,176.6386
16,4096,254,134,170.6403
16,4096,254,136,172.5405
16,4096,254,138,174.8548
16,4096,254,140,165.7976
16,4096,254,142,161.5761
16,4096,254,144,171.5016
16,4096,254,146,160.1767
16,4096,254,148,164.1274
16,4096,254,150,151.9071
16,4096,254,152,163.9837
16,4096,254,154,164.3722
16,4096,254,156,146.4443
16,4096,254,158,142.679
16,4096,254,160,159.7727
16,4096,254,162,155.4875
16,4096,254,164,164.763
16,4096,254,166,157.5365
16,4096,254,168,140.5522
16,4096,254,170,154.0621
16,4096,254,172,143.7007
16,4096,254,174,150.8017
16,4096,254,176,135.4574
16,4096,254,178,150.2993
16,4096,254,180,147.4671
16,4096,254,182,146.102
16,4096,254,184,144.0344
16,4096,254,186,158.8374
16,4096,254,188,129.8703
16,4096,254,190,160.1778
16,4096,254,192,140.7036
16,4096,254,194,135.7496
16,4096,254,196,135.6318
16,4096,254,198,149.6679
16,4096,254,200,154.3872
16,4096,254,202,155.1148
16,4096,254,204,130.8124
16,4096,254,206,154.5805
16,4096,254,208,149.1807
16,4096,254,210,152.3309
16,4096,254,212,143.6996
16,4096,254,214,136.9812
16,4096,254,216,157.576
16,4096,254,218,145.7241
16,4096,254,220,133.6266
16,4096,254,222,147.644
16,4096,254,224,141.8625
16,4096,254,226,147.0505
16,4096,254,228,142.952
16,4096,254,230,145.1514
16,4096,254,232,140.1283
16,4096,254,234,146.7314
16,4096,254,236,123.0118
16,4096,254,238,136.4554
16,4096,254,240,139.4486
16,4096,254,242,144.5017
16,4096,254,244,136.1476
16,4096,254,246,146.3717
16,4096,254,248,142.6645
16,4096,254,250,153.8384
16,4096,254,252,155.9451
16,4096,256,2,55.3861
16,4096,256,4,109.7294
16,4096,256,6,142.6566
16,4096,256,8,202.5042
16,4096,256,10,197.1033
16,4096,256,12,195.3862
16,4096,256,14,237.9707
16,4096,256,16,231.6214
16,4096,256,18,241.0348
16,4096,256,20,235.016
16,4096,256,22,244.2021
16,4096,256,24,251.2844
16,4096,256,26,229.387
16,4096,256,28,271.9044
16,4096,256,30,244.8307
16,4096,256,32,243.8434
16,4096,256,34,253.0928
16,4096,256,36,242.3506
16,4096,256,38,256.2765
16,4096,256,40,251.9249
16,4096,256,42,262.4794
16,4096,256,44,251.3073
16,4096,256,46,262.2948
16,4096,256,48,224.4436
16,4096,256,50,242.9272
16,4096,256,52,226.2234
16,4096,256,54,228.4438
16,4096,256,56,152.6291
16,4096,256,58,157.6421
16,4096,256,60,145.6441
16,4096,256,62,167.5335
16,4096,256,64,164.8795
16,4096,256,66,162.9739
16,4096,256,68,174.2588
16,4096,256,70,163.7486
16,4096,256,72,163.5616
16,4096,256,74,163.2482
16,4096,256,76,158.948
16,4096,256,78,156.1049
16,4096,256,80,153.9204
16,4096,256,82,154.6974
16,4096,256,84,134.221
16,4096,256,86,157.767
16,4096,256,88,154.3466
16,4096,256,90,156.2612
16,4096,256,92,138.6255
16,4096,256,94,179.6855
16,4096,256,96,170.4789
16,4096,256,98,181.648
16,4096,256,100,174.5413
16,4096,256,102,175.2
16,4096,256,104,176.0684
16,4096,256,106,153.3479
16,4096,256,108,174.5956
16,4096,256,110,152.7921
16,4096,256,112,174.3042
16,4096,256,114,162.4075
16,4096,256,116,146.4858
16,4096,256,118,169.479
16,4096,256,120,165.0272
16,4096,256,122,170.6015
16,4096,256,124,150.4891
16,4096,256,126,159.5404
16,4096,256,128,174.5518
16,4096,256,130,171.7203
16,4096,256,132,149.2179
16,4096,256,134,177.2419
16,4096,256,136,165.8024
16,4096,256,138,149.8624
16,4096,256,140,165.6145
16,4096,256,142,142.7179
16,4096,256,144,160.0097
16,4096,256,146,155.17
16,4096,256,148,162.2565
16,4096,256,150,160.9125
16,4096,256,152,134.2513
16,4096,256,154,154.5277
16,4096,256,156,156.8513
16,4096,256,158,159.8417
16,4096,256,160,144.5025
16,4096,256,162,164.3361
16,4096,256,164,149.1946
16,4096,256,166,157.7141
16,4096,256,168,139.2536
16,4096,256,170,147.3738
16,4096,256,172,148.6443
16,4096,256,174,149.7826
16,4096,256,176,148.9707
16,4096,256,178,146.3193
16,4096,256,180,134.8507
16,4096,256,182,150.2373
16,4096,256,184,140.5801
16,4096,256,186,156.9074
16,4096,256,188,146.1544
16,4096,256,190,154.1331
16,4096,256,192,160.3477
16,4096,256,194,151.5594
16,4096,256,196,136.6642
16,4096,256,198,151.2771
16,4096,256,200,153.9713
16,4096,256,202,157.5349
16,4096,256,204,130.6189
16,4096,256,206,147.2452
16,4096,256,208,151.7546
16,4096,256,210,153.2542
16,4096,256,212,139.4883
16,4096,256,214,154.9023
16,4096,256,216,138.2021
16,4096,256,218,148.2088
16,4096,256,220,148.5426
16,4096,256,222,130.2234
16,4096,256,224,133.9333
16,4096,256,226,147.1479
16,4096,256,228,145.5563
16,4096,256,230,141.2042
16,4096,256,232,139.8907
16,4096,256,234,144.4288
16,4096,256,236,141.4626
16,4096,256,238,136.8693
16,4096,256,240,138.0642
16,4096,256,242,134.6948
16,4096,256,244,141.2438
16,4096,256,246,137.6481
16,4096,256,248,117.016
16,4096,256,250,151.0001
16,4096,256,252,155.4389
16,4096,256,254,133.0237
16,4096,258,2,68.3107
16,4096,258,4,117.1363
16,4096,258,6,159.9619
16,4096,258,8,206.8388
16,4096,258,10,192.417
16,4096,258,12,229.7728
16,4096,258,14,234.9578
16,4096,258,16,251.7246
16,4096,258,18,251.4473
16,4096,258,20,243.1871
16,4096,258,22,248.536
16,4096,258,24,269.0035
16,4096,258,26,259.1349
16,4096,258,28,258.5085
16,4096,258,30,270.0965
16,4096,258,32,251.9689
16,4096,258,34,243.6523
16,4096,258,36,282.0585
16,4096,258,38,240.467
16,4096,258,40,272.2443
16,4096,258,42,243.2522
16,4096,258,44,255.4456
16,4096,258,46,229.4907
16,4096,258,48,232.4287
16,4096,258,50,253.3279
16,4096,258,52,246.9862
16,4096,258,54,217.0089
16,4096,258,56,218.9954
16,4096,258,58,218.1321
16,4096,258,60,220.9136
16,4096,258,62,213.1558
16,4096,258,64,207.1882
16,4096,258,66,211.4044
16,4096,258,68,192.3659
16,4096,258,70,194.9258
16,4096,258,72,203.5508
16,4096,258,74,212.499
16,4096,258,76,177.4977
16,4096,258,78,202.036
16,4096,258,80,174.9747
16,4096,258,82,157.5828
16,4096,258,84,200.2664
16,4096,258,86,186.5693
16,4096,258,88,165.7982
16,4096,258,90,167.7839
16,4096,258,92,188.7142
16,4096,258,94,189.5165
16,4096,258,96,180.181
16,4096,258,98,188.662
16,4096,258,100,184.5577
16,4096,258,102,190.8415
16,4096,258,104,182.729
16,4096,258,106,182.2296
16,4096,258,108,184.8514
16,4096,258,110,180.5691
16,4096,258,112,176.9013
16,4096,258,114,181.0645
16,4096,258,116,178.7351
16,4096,258,118,173.6671
16,4096,258,120,180.2209
16,4096,258,122,179.7218
16,4096,258,124,176.1994
16,4096,258,126,148.0766
16,4096,258,128,169.4904
16,4096,258,130,178.7764
16,4096,258,132,175.9527
16,4096,258,134,184.9008
16,4096,258,136,182.9165
16,4096,258,138,179.1686
16,4096,258,140,182.5
16,4096,258,142,167.1738
16,4096,258,144,181.7004
16,4096,258,146,162.0221
16,4096,258,148,174.5678
16,4096,258,150,165.6123
16,4096,258,152,179.1593
16,4096,258,154,155.7284
16,4096,258,156,176.129
16,4096,258,158,179.6074
16,4096,258,160,175.248
16,4096,258,162,167.1441
16,4096,258,164,180.3094
16,4096,258,166,169.8007
16,4096,258,168,170.449
16,4096,258,170,159.4431
16,4096,258,172,174.9946
16,4096,258,174,169.8019
16,4096,258,176,168.9844
16,4096,258,178,148.982
16,4096,258,180,172.214
16,4096,258,182,173.6824
16,4096,258,184,169.2102
16,4096,258,186,177.6127
16,4096,258,188,163.6145
16,4096,258,190,187.8643
16,4096,258,192,191.1871
16,4096,258,194,164.5532
16,4096,258,196,182.7849
16,4096,258,198,182.7199
16,4096,258,200,181.359
16,4096,258,202,179.9814
16,4096,258,204,174.9552
16,4096,258,206,172.903
16,4096,258,208,171.2074
16,4096,258,210,172.0584
16,4096,258,212,176.9994
16,4096,258,214,166.7657
16,4096,258,216,152.365
16,4096,258,218,170.3393
16,4096,258,220,170.2924
16,4096,258,222,163.0069
16,4096,258,224,148.7398
16,4096,258,226,163.7135
16,4096,258,228,164.4649
16,4096,258,230,166.5509
16,4096,258,232,169.4066
16,4096,258,234,161.2658
16,4096,258,236,161.7812
16,4096,258,238,155.8128
16,4096,258,240,136.9228
16,4096,258,242,144.7261
16,4096,258,244,123.791
16,4096,258,246,141.4851
16,4096,258,248,158.24
16,4096,258,250,159.7196
16,4096,258,252,148.8039
16,4096,258,254,127.1647
16,4096,258,256,142.6052
16,4096,260,2,63.3124
16,4096,260,4,109.0385
16,4096,260,6,151.8108
16,4096,260,8,216.2033
16,4096,260,10,208.197
16,4096,260,12,212.1688
16,4096,260,14,243.6786
16,4096,260,16,240.1102
16,4096,260,18,245.7791
16,4096,260,20,255.4213
16,4096,260,22,252.0072
16,4096,260,24,242.4766
16,4096,260,26,254.8195
16,4096,260,28,251.1853
16,4096,260,30,260.2057
16,4096,260,32,259.175
16,4096,260,34,267.8193
16,4096,260,36,248.1329
16,4096,260,38,253.2457
16,4096,260,40,283.507
16,4096,260,42,239.3007
16,4096,260,44,271.3044
16,4096,260,46,244.0593
16,4096,260,48,222.5547
16,4096,260,50,223.1555
16,4096,260,52,236.9233
16,4096,260,54,233.092
16,4096,260,56,189.9627
16,4096,260,58,200.7267
16,4096,260,60,193.9374
16,4096,260,62,193.8501
16,4096,260,64,211.5766
16,4096,260,66,210.3776
16,4096,260,68,212.3549
16,4096,260,70,212.2844
16,4096,260,72,180.7033
16,4096,260,74,186.1565
16,4096,260,76,209.9265
16,4096,260,78,197.6472
16,4096,260,80,175.4672
16,4096,260,82,171.8094
16,4096,260,84,197.2061
16,4096,260,86,201.4456
16,4096,260,88,203.7819
16,4096,260,90,190.5066
16,4096,260,92,186.6053
16,4096,260,94,181.2733
16,4096,260,96,194.5035
16,4096,260,98,197.8894
16,4096,260,100,162.3053
16,4096,260,102,181.208
16,4096,260,104,182.8465
16,4096,260,106,164.4833
16,4096,260,108,176.5598
16,4096,260,110,162.3561
16,4096,260,112,158.6063
16,4096,260,114,187.2809
16,4096,260,116,178.9972
16,4096,260,118,179.6128
16,4096,260,120,159.7453
16,4096,260,122,178.3354
16,4096,260,124,179.7327
16,4096,260,126,173.486
16,4096,260,128,153.3229
16,4096,260,130,182.4513
16,4096,260,132,181.5073
16,4096,260,134,178.9715
16,4096,260,136,183.8338
16,4096,260,138,159.7745
16,4096,260,140,179.5643
16,4096,260,142,185.7147
16,4096,260,144,190.3301
16,4096,260,146,185.9715
16,4096,260,148,180.4793
16,4096,260,150,166.6151
16,4096,260,152,184.0331
16,4096,260,154,165.691
16,4096,260,156,190.1749
16,4096,260,158,183.3248
16,4096,260,160,156.1767
16,4096,260,162,182.6159
16,4096,260,164,180.1412
16,4096,260,166,187.816
16,4096,260,168,183.0803
16,4096,260,170,172.6241
16,4096,260,172,177.8571
16,4096,260,174,162.9217
16,4096,260,176,173.3981
16,4096,260,178,180.0451
16,4096,260,180,173.0441
16,4096,260,182,145.9636
16,4096,260,184,170.1672
16,4096,260,186,177.5832
16,4096,260,188,146.9293
16,4096,260,190,173.8911
16,4096,260,192,181.939
16,4096,260,194,169.0687
16,4096,260,196,181.8116
16,4096,260,198,158.3097
16,4096,260,200,173.7649
16,4096,260,202,184.4118
16,4096,260,204,160.3166
16,4096,260,206,174.0888
16,4096,260,208,172.8513
16,4096,260,210,149.0546
16,4096,260,212,172.1997
16,4096,260,214,181.3809
16,4096,260,216,150.816
16,4096,260,218,176.2135
16,4096,260,220,170.9838
16,4096,260,222,155.7537
16,4096,260,224,150.1195
16,4096,260,226,163.8471
16,4096,260,228,162.6599
16,4096,260,230,157.3002
16,4096,260,232,150.8338
16,4096,260,234,163.6884
16,4096,260,236,168.0192
16,4096,260,238,139.7776
16,4096,260,240,161.8444
16,4096,260,242,130.1299
16,4096,260,244,147.4841
16,4096,260,246,137.3652
16,4096,260,248,158.3371
16,4096,260,250,143.1649
16,4096,260,252,152.3468
16,4096,260,254,139.8437
16,4096,260,256,139.6136
16,4096,260,258,178.8754
16,4096,262,2,62.4986
16,4096,262,4,114.206
16,4096,262,6,145.6172
16,4096,262,8,209.9724
16,4096,262,10,220.1802
16,4096,262,12,220.3177
16,4096,262,14,228.5936
16,4096,262,16,253.9673
16,4096,262,18,245.0054
16,4096,262,20,280.479
16,4096,262,22,257.04
16,4096,262,24,239.8081
16,4096,262,26,250.654
16,4096,262,28,249.6485
16,4096,262,30,264.9501
16,4096,262,32,275.0001
16,4096,262,34,265.226
16,4096,262,36,260.6412
16,4096,262,38,266.6379
16,4096,262,40,250.1712
16,4096,262,42,264.607
16,4096,262,44,248.9326
16,4096,262,46,273.3371
16,4096,262,48,223.3786
16,4096,262,50,240.2902
16,4096,262,52,222.7812
16,4096,262,54,226.4833
16,4096,262,56,225.7274
16,4096,262,58,223.0286
16,4096,262,60,193.751
16,4096,262,62,174.7569
16,4096,262,64,177.327
16,4096,262,66,185.2583
16,4096,262,68,183.0688
16,4096,262,70,173.3162
16,4096,262,72,178.9298
16,4096,262,74,162.289
16,4096,262,76,163.5
16,4096,262,78,176.0129
16,4096,262,80,169.535
16,4096,262,82,174.3072
16,4096,262,84,154.3076
16,4096,262,86,167.01
16,4096,262,88,164.6207
16,4096,262,90,177.8872
16,4096,262,92,145.8037
16,4096,262,94,172.245
16,4096,262,96,159.8537
16,4096,262,98,169.2959
16,4096,262,100,151.8217
16,4096,262,102,162.3079
16,4096,262,104,163.0895
16,4096,262,106,155.5264
16,4096,262,108,170.5955
16,4096,262,110,177.5104
16,4096,262,112,154.3042
16,4096,262,114,154.6558
16,4096,262,116,170.8486
16,4096,262,118,155.0137
16,4096,262,120,169.5859
16,4096,262,122,179.4156
16,4096,262,124,153.3737
16,4096,262,126,145.1666
16,4096,262,128,168.879
16,4096,262,130,183.9034
16,4096,262,132,169.4938
16,4096,262,134,149.9366
16,4096,262,136,178.8923
16,4096,262,138,163.4685
16,4096,262,140,157.3656
16,4096,262,142,190.0107
16,4096,262,144,190.4731
16,4096,262,146,190.2258
16,4096,262,148,176.9039
16,4096,262,150,181.7721
16,4096,262,152,184.0229
16,4096,262,154,187.6425
16,4096,262,156,157.5885
16,4096,262,158,185.9014
16,4096,262,160,175.4914
16,4096,262,162,151.5281
16,4096,262,164,173.1312
16,4096,262,166,175.0542
16,4096,262,168,180.1486
16,4096,262,170,183.0354
16,4096,262,172,179.7816
16,4096,262,174,165.0874
16,4096,262,176,171.3677
16,4096,262,178,181.9443
16,4096,262,180,174.1162
16,4096,262,182,175.8493
16,4096,262,184,157.7306
16,4096,262,186,185.7364
16,4096,262,188,157.3777
16,4096,262,190,181.425
16,4096,262,192,179.1042
16,4096,262,194,188.4647
16,4096,262,196,187.8933
16,4096,262,198,180.3175
16,4096,262,200,187.4067
16,4096,262,202,186.0527
16,4096,262,204,174.4964
16,4096,262,206,170.7094
16,4096,262,208,179.02
16,4096,262,210,161.7177
16,4096,262,212,175.8392
16,4096,262,214,176.4162
16,4096,262,216,155.2237
16,4096,262,218,171.5281
16,4096,262,220,169.2294
16,4096,262,222,167.6499
16,4096,262,224,178.2626
16,4096,262,226,167.1597
16,4096,262,228,151.4966
16,4096,262,230,169.8614
16,4096,262,232,169.14
16,4096,262,234,162.6662
16,4096,262,236,154.1178
16,4096,262,238,165.4505
16,4096,262,240,158.5027
16,4096,262,242,144.962
16,4096,262,244,151.461
16,4096,262,246,158.5035
16,4096,262,248,155.4732
16,4096,262,250,156.212
16,4096,262,252,146.8456
16,4096,262,254,144.8434
16,4096,262,256,144.5274
16,4096,262,258,177.3963
16,4096,262,260,143.8342
16,4096,264,2,65.4958
16,4096,264,4,111.2174
16,4096,264,6,166.0827
16,4096,264,8,206.8389
16,4096,264,10,225.4249
16,4096,264,12,230.9994
16,4096,264,14,239.1597
16,4096,264,16,259.1753
16,4096,264,18,242.0544
16,4096,264,20,255.51
16,4096,264,22,233.1659
16,4096,264,24,264.2034
16,4096,264,26,263.7559
16,4096,264,28,250.8438
16,4096,264,30,271.4902
16,4096,264,32,245.0558
16,4096,264,34,280.912
16,4096,264,36,250.9267
16,4096,264,38,265.3097
16,4096,264,40,244.8318
16,4096,264,42,262.2489
16,4096,264,44,244.1002
16,4096,264,46,267.8175
16,4096,264,48,230.9612
16,4096,264,50,243.3163
16,4096,264,52,239.7255
16,4096,264,54,187.5828
16,4096,264,56,223.4559
16,4096,264,58,210.6955
16,4096,264,60,209.0862
16,4096,264,62,216.5702
16,4096,264,64,208.6475
16,4096,264,66,204.7846
16,4096,264,68,198.8589
16,4096,264,70,195.6159
16,4096,264,72,207.6206
16,4096,264,74,207.0917
16,4096,264,76,177.1725
16,4096,264,78,205.5393
16,4096,264,80,210.3673
16,4096,264,82,203.0804
16,4096,264,84,203.0258
16,4096,264,86,177.7942
16,4096,264,88,182.3056
16,4096,264,90,206.8954
16,4096,264,92,197.5334
16,4096,264,94,165.1609
16,4096,264,96,171.2606
16,4096,264,98,192.8733
16,4096,264,100,190.9283
16,4096,264,102,193.8133
16,4096,264,104,191.4337
16,4096,264,106,173.996
16,4096,264,108,174.3953
16,4096,264,110,179.3968
16,4096,264,112,183.1599
16,4096,264,114,192.9465
16,4096,264,116,161.1196
16,4096,264,118,196.8328
16,4096,264,120,184.5212
16,4096,264,122,187.766
16,4096,264,124,168.2316
16,4096,264,126,173.8648
16,4096,264,128,165.8753
16,4096,264,130,177.9137
16,4096,264,132,182.8874
16,4096,264,134,163.6113
16,4096,264,136,186.2317
16,4096,264,138,187.7022
16,4096,264,140,182.7732
16,4096,264,142,199.4985
16,4096,264,144,190.1819
16,4096,264,146,177.588
16,4096,264,148,165.1922
16,4096,264,150,170.7588
16,4096,264,152,174.6793
16,4096,264,154,188.8872
16,4096,264,156,190.3341
16,4096,264,158,179.1905
16,4096,264,160,188.4084
16,4096,264,162,184.1969
16,4096,264,164,169.795
16,4096,264,166,152.8444
16,4096,264,168,175.8707
16,4096,264,170,162.1372
16,4096,264,172,178.3435
16,4096,264,174,182.374
16,4096,264,176,169.8195
16,4096,264,178,159.0321
16,4096,264,180,179.642
16,4096,264,182,173.1579
16,4096,264,184,166.8798
16,4096,264,186,188.8144
16,4096,264,188,174.8197
16,4096,264,190,177.438
16,4096,264,192,159.73
16,4096,264,194,170.2708
16,4096,264,196,186.4695
16,4096,264,198,163.8714
16,4096,264,200,159.4957
16,4096,264,202,171.0088
16,4096,264,204,177.9636
16,4096,264,206,159.4776
16,4096,264,208,173.522
16,4096,264,210,171.3921
16,4096,264,212,176.6631
16,4096,264,214,163.5369
16,4096,264,216,163.1561
16,4096,264,218,175.0929
16,4096,264,220,149.3312
16,4096,264,222,158.9931
16,4096,264,224,145.935
16,4096,264,226,169.8774
16,4096,264,228,158.8442
16,4096,264,230,169.5274
16,4096,264,232,164.4137
16,4096,264,234,164.6944
16,4096,264,236,152.9911
16,4096,264,238,154.6823
16,4096,264,240,157.0728
16,4096,264,242,137.4681
16,4096,264,244,144.4091
16,4096,264,246,145.2196
16,4096,264,248,157.7215
16,4096,264,250,146.9509
16,4096,264,252,155.8862
16,4096,264,254,148.6118
16,4096,264,256,130.8686
16,4096,264,258,166.4658
16,4096,264,260,184.5043
16,4096,264,262,146.8971
16,4096,266,2,66.9037
16,4096,266,4,115.5808
16,4096,266,6,157.2986
16,4096,266,8,197.3229
16,4096,266,10,202.0884
16,4096,266,12,238.0392
16,4096,266,14,237.8135
16,4096,266,16,234.5907
16,4096,266,18,250.5741
16,4096,266,20,253.4773
16,4096,266,22,269.5819
16,4096,266,24,250.8685
16,4096,266,26,243.1106
16,4096,266,28,268.6466
16,4096,266,30,244.4451
16,4096,266,32,272.5739
16,4096,266,34,238.3313
16,4096,266,36,272.8794
16,4096,266,38,238.8665
16,4096,266,40,268.7834
16,4096,266,42,224.2859
16,4096,266,44,256.5008
16,4096,266,46,263.0427
16,4096,266,48,221.2129
16,4096,266,50,212.2021
16,4096,266,52,215.4441
16,4096,266,54,246.3952
16,4096,266,56,213.6521
16,4096,266,58,184.2198
16,4096,266,60,219.974
16,4096,266,62,220.1295
16,4096,266,64,197.5999
16,4096,266,66,185.1624
16,4096,266,68,216.929
16,4096,266,70,216.4909
16,4096,266,72,212.3481
16,4096,266,74,196.9966
16,4096,266,76,221.0525
16,4096,266,78,192.8019
16,4096,266,80,201.0744
16,4096,266,82,195.8342
16,4096,266,84,198.5239
16,4096,266,86,194.1986
16,4096,266,88,169.8094
16,4096,266,90,195.9932
16,4096,266,92,203.4863
16,4096,266,94,168.1559
16,4096,266,96,192.8471
16,4096,266,98,202.8406
16,4096,266,100,166.416
16,4096,266,102,175.4176
16,4096,266,104,183.754
16,4096,266,106,187.1262
16,4096,266,108,186.627
16,4096,266,110,158.015
16,4096,266,112,191.5486
16,4096,266,114,162.6391
16,4096,266,116,170.439
16,4096,266,118,192.7334
16,4096,266,120,171.705
16,4096,266,122,191.8035
16,4096,266,124,150.0774
16,4096,266,126,170.0447
16,4096,266,128,159.2199
16,4096,266,130,177.96
16,4096,266,132,179.5657
16,4096,266,134,176.2275
16,4096,266,136,172.818
16,4096,266,138,178.353
16,4096,266,140,178.7748
16,4096,266,142,189.1877
16,4096,266,144,184.4985
16,4096,266,146,184.7081
16,4096,266,148,174.6411
16,4096,266,150,175.9723
16,4096,266,152,188.8005
16,4096,266,154,171.6004
16,4096,266,156,176.2879
16,4096,266,158,186.0614
16,4096,266,160,166.807
16,4096,266,162,178.1826
16,4096,266,164,177.9867
16,4096,266,166,176.6731
16,4096,266,168,174.6315
16,4096,266,170,171.184
16,4096,266,172,165.0094
16,4096,266,174,183.3688
16,4096,266,176,173.5184
16,4096,266,178,173.6706
16,4096,266,180,164.2203
16,4096,266,182,169.7933
16,4096,266,184,168.2318
16,4096,266,186,184.3873
16,4096,266,188,169.0329
16,4096,266,190,162.6736
16,4096,266,192,192.8592
16,4096,266,194,186.3043
16,4096,266,196,168.9339
16,4096,266,198,174.8729
16,4096,266,200,165.1485
16,4096,266,202,177.7401
16,4096,266,204,183.1525
16,4096,266,206,166.065
16,4096,266,208,176.79
16,4096,266,210,182.8952
16,4096,266,212,155.9012
16,4096,266,214,177.695
16,4096,266,216,160.6509
16,4096,266,218,151.1322
16,4096,266,220,171.6176
16,4096,266,222,161.1478
16,4096,266,224,171.5808
16,4096,266,226,172.9062
16,4096,266,228,158.4757
16,4096,266,230,165.6761
16,4096,266,232,165.2649
16,4096,266,234,161.614
16,4096,266,236,165.663
16,4096,266,238,162.366
16,4096,266,240,158.0648
16,4096,266,242,139.8224
16,4096,266,244,151.4246
16,4096,266,246,159.6997
16,4096,266,248,161.1837
16,4096,266,250,159.6061
16,4096,266,252,146.6789
16,4096,266,254,130.1747
16,4096,266,256,140.7315
16,4096,266,258,182.1001
16,4096,266,260,169.3777
16,4096,266,262,177.7683
16,4096,266,264,176.7268
16,4096,268,2,61.5104
16,4096,268,4,118.9052
16,4096,268,6,152.559
16,4096,268,8,200.9341
16,4096,268,10,215.2067
16,4096,268,12,226.6899
16,4096,268,14,222.5813
16,4096,268,16,268.3293
16,4096,268,18,228.7406
16,4096,268,20,250.8331
16,4096,268,22,249.9202
16,4096,268,24,277.2248
16,4096,268,26,246.8428
16,4096,268,28,289.888
16,4096,268,30,230.6949
16,4096,268,32,267.5589
16,4096,268,34,241.1577
16,4096,268,36,273.9681
16,4096,268,38,248.5804
16,4096,268,40,273.198
16,4096,268,42,231.589
16,4096,268,44,241.5362
16,4096,268,46,274.4757
16,4096,268,48,228.4417
16,4096,268,50,242.1201
16,4096,268,52,215.1757
16,4096,268,54,241.3317
16,4096,268,56,190.8788
16,4096,268,58,214.7691
16,4096,268,60,215.9494
16,4096,268,62,211.3398
16,4096,268,64,185.4004
16,4096,268,66,197.2857
16,4096,268,68,209.9417
16,4096,268,70,212.8137
16,4096,268,72,201.9322
16,4096,268,74,202.6912
16,4096,268,76,209.428
16,4096,268,78,174.1045
16,4096,268,80,194.4505
16,4096,268,82,188.5801
16,4096,268,84,173.431
16,4096,268,86,195.2069
16,4096,268,88,157.9049
16,4096,268,90,180.0619
16,4096,268,92,203.1904
16,4096,268,94,182.7328
16,4096,268,96,179.9171
16,4096,268,98,197.9817
16,4096,268,100,193.1223
16,4096,268,102,168.8429
16,4096,268,104,167.9684
16,4096,268,106,191.8827
16,4096,268,108,143.4107
16,4096,268,110,164.3872
16,4096,268,112,197.8143
16,4096,268,114,168.5206
16,4096,268,116,181.0782
16,4096,268,118,179.9768
16,4096,268,120,187.2723
16,4096,268,122,166.4887
16,4096,268,124,169.7035
16,4096,268,126,183.2892
16,4096,268,128,160.2414
16,4096,268,130,154.7621
16,4096,268,132,176.7963
16,4096,268,134,178.7784
16,4096,268,136,166.172
16,4096,268,138,157.9535
16,4096,268,140,187.7456
16,4096,268,142,193.6131
16,4096,268,144,185.7832
16,4096,268,146,161.6427
16,4096,268,148,190.5121
16,4096,268,150,189.2715
16,4096,268,152,185.0189
16,4096,268,154,173.1201
16,4096,268,156,182.0098
16,4096,268,158,158.2216
16,4096,268,160,168.9353
16,4096,268,162,185.393
16,4096,268,164,180.7336
16,4096,268,166,160.2694
16,4096,268,168,178.9097
16,4096,268,170,175.5965
16,4096,268,172,180.9274
16,4096,268,174,170.9351
16,4096,268,176,169.3659
16,4096,268,178,150.1114
16,4096,268,180,152.8467
16,4096,268,182,168.3114
16,4096,268,184,172.9544
16,4096,268,186,193.2737
16,4096,268,188,161.0053
16,4096,268,190,164.1437
16,4096,268,192,189.7896
16,4096,268,194,176.6939
16,4096,268,196,177.1041
16,4096,268,198,186.9922
16,4096,268,200,164.3898
16,4096,268,202,161.7895
16,4096,268,204,183.6687
16,4096,268,206,169.8711
16,4096,268,208,182.9748
16,4096,268,210,172.4138
16,4096,268,212,171.7077
16,4096,268,214,163.6992
16,4096,268,216,171.5697
16,4096,268,218,151.369
16,4096,268,220,154.3478
16,4096,268,222,173.6418
16,4096,268,224,169.8894
16,4096,268,226,136.5195
16,4096,268,228,174.6099
16,4096,268,230,146.0897
16,4096,268,232,164.2844
16,4096,268,234,142.5432
16,4096,268,236,161.1841
16,4096,268,238,146.3649
16,4096,268,240,147.4877
16,4096,268,242,162.6097
16,4096,268,244,162.6186
16,4096,268,246,147.8494
16,4096,268,248,155.8509
16,4096,268,250,141.0192
16,4096,268,252,148.7009
16,4096,268,254,140.3665
16,4096,268,256,134.4847
16,4096,268,258,178.584
16,4096,268,260,183.1754
16,4096,268,262,175.8407
16,4096,268,264,170.0033
16,4096,268,266,144.6225
16,4096,270,2,67.6364
16,4096,270,4,116.0554
16,4096,270,6,146.6238
16,4096,270,8,186.2732
16,4096,270,10,210.7891
16,4096,270,12,219.5928
16,4096,270,14,219.1468
16,4096,270,16,254.9338
16,4096,270,18,246.4938
16,4096,270,20,252.3254
16,4096,270,22,274.0418
16,4096,270,24,233.7889
16,4096,270,26,259.2583
16,4096,270,28,270.3099
16,4096,270,30,264.1703
16,4096,270,32,254.0542
16,4096,270,34,233.8916
16,4096,270,36,278.3632
16,4096,270,38,250.1194
16,4096,270,40,275.4219
16,4096,270,42,242.8736
16,4096,270,44,260.0947
16,4096,270,46,236.7133
16,4096,270,48,253.2302
16,4096,270,50,213.5297
16,4096,270,52,213.8034
16,4096,270,54,240.7202
16,4096,270,56,192.5592
16,4096,270,58,178.0174
16,4096,270,60,215.8274
16,4096,270,62,213.009
16,4096,270,64,203.6981
16,4096,270,66,211.4987
16,4096,270,68,205.9699
16,4096,270,70,208.8361
16,4096,270,72,205.4897
16,4096,270,74,200.1062
16,4096,270,76,203.0461
16,4096,270,78,181.8212
16,4096,270,80,170.676
16,4096,270,82,200.4634
16,4096,270,84,190.8355
16,4096,270,86,188.0816
16,4096,270,88,194.6142
16,4096,270,90,194.4082
16,4096,270,92,185.7878
16,4096,270,94,180.9683
16,4096,270,96,189.0023
16,4096,270,98,193.5843
16,4096,270,100,186.155
16,4096,270,102,190.7486
16,4096,270,104,188.5479
16,4096,270,106,186.0906
16,4096,270,108,187.7867
16,4096,270,110,162.4317
16,4096,270,112,158.6041
16,4096,270,114,162.3918
16,4096,270,116,166.5521
16,4096,270,118,158.7923
16,4096,270,120,157.8059
16,4096,270,122,161.9644
16,4096,270,124,171.1458
16,4096,270,126,157.1295
16,4096,270,128,162.5012
16,4096,270,130,142.6617
16,4096,270,132,156.6538
16,4096,270,134,136.6677
16,4096,270,136,170.3279
16,4096,270,138,157.2275
16,4096,270,140,165.0426
16,4096,270,142,170.275
16,4096,270,144,147.0837
16,4096,270,146,174.0531
16,4096,270,148,186.5677
16,4096,270,150,163.7614
16,4096,270,152,174.9666
16,4096,270,154,187.8545
16,4096,270,156,149.2764
16,4096,270,158,183.9281
16,4096,270,160,177.1698
16,4096,270,162,172.1996
16,4096,270,164,176.3966
16,4096,270,166,179.1955
16,4096,270,168,167.1408
16,4096,270,170,174.1442
16,4096,270,172,173.83
16,4096,270,174,174.148
16,4096,270,176,150.0265
16,4096,270,178,170.0528
16,4096,270,180,173.0959
16,4096,270,182,177.4281
16,4096,270,184,169.8988
16,4096,270,186,194.5271
16,4096,270,188,166.6475
16,4096,270,190,170.7187
16,4096,270,192,166.1736
16,4096,270,194,145.9289
16,4096,270,196,176.5083
16,4096,270,198,182.8567
16,4096,270,200,180.1641
16,4096,270,202,171.9782
16,4096,270,204,174.474
16,4096,270,206,172.0561
16,4096,270,208,172.5916
16,4096,270,210,172.7829
16,4096,270,212,172.4938
16,4096,270,214,153.1741
16,4096,270,216,170.7156
16,4096,270,218,172.933
16,4096,270,220,163.6218
16,4096,270,222,175.9071
16,4096,270,224,163.3499
16,4096,270,226,163.5766
16,4096,270,228,150.4649
16,4096,270,230,167.7013
16,4096,270,232,164.768
16,4096,270,234,160.643
16,4096,270,236,161.5345
16,4096,270,238,163.8088
16,4096,270,240,154.9354
16,4096,270,242,163.2893
16,4096,270,244,158.2275
16,4096,270,246,143.9461
16,4096,270,248,157.8375
16,4096,270,250,154.4557
16,4096,270,252,154.4595
16,4096,270,254,135.2278
16,4096,270,256,128.2824
16,4096,270,258,149.7963
16,4096,270,260,186.0105
16,4096,270,262,180.0264
16,4096,270,264,160.315
16,4096,270,266,159.6644
16,4096,270,268,156.6469
16,4096,272,2,63.0008
16,4096,272,4,106.2591
16,4096,272,6,149.5543
16,4096,272,8,190.3195
16,4096,272,10,205.4662
16,4096,272,12,220.9748
16,4096,272,14,236.4037
16,4096,272,16,247.9425
16,4096,272,18,230.37
16,4096,272,20,236.5254
16,4096,272,22,260.3156
16,4096,272,24,265.566
16,4096,272,26,255.134
16,4096,272,28,241.2941
16,4096,272,30,269.2915
16,4096,272,32,239.8984
16,4096,272,34,264.2512
16,4096,272,36,259.3054
16,4096,272,38,267.3134
16,4096,272,40,249.8371
16,4096,272,42,208.7047
16,4096,272,44,279.5576
16,4096,272,46,237.6079
16,4096,272,48,248.4251
16,4096,272,50,229.7245
16,4096,272,52,241.4769
16,4096,272,54,205.0377
16,4096,272,56,184.385
16,4096,272,58,212.0123
16,4096,272,60,213.8488
16,4096,272,62,213.3263
16,4096,272,64,179.3819
16,4096,272,66,190.5611
16,4096,272,68,207.1167
16,4096,272,70,198.3211
16,4096,272,72,195.9788
16,4096,272,74,198.0176
16,4096,272,76,179.9767
16,4096,272,78,186.9321
16,4096,272,80,196.0326
16,4096,272,82,199.1415
16,4096,272,84,193.1455
16,4096,272,86,167.4638
16,4096,272,88,171.8353
16,4096,272,90,185.6326
16,4096,272,92,193.2608
16,4096,272,94,197.6752
16,4096,272,96,190.7353
16,4096,272,98,184.4783
16,4096,272,100,180.5806
16,4096,272,102,183.8927
16,4096,272,104,185.9479
16,4096,272,106,176.2645
16,4096,272,108,172.8729
16,4096,272,110,190.9901
16,4096,272,112,180.8544
16,4096,272,114,182.819
16,4096,272,116,161.7357
16,4096,272,118,171.7434
16,4096,272,120,175.4054
16,4096,272,122,186.6654
16,4096,272,124,168.804
16,4096,272,126,163.9251
16,4096,272,128,156.123
16,4096,272,130,154.259
16,4096,272,132,172.3168
16,4096,272,134,167.5599
16,4096,272,136,160.899
16,4096,272,138,165.6355
16,4096,272,140,165.9835
16,4096,272,142,174.5841
16,4096,272,144,190.6296
16,4096,272,146,171.9869
16,4096,272,148,178.1732
16,4096,272,150,180.7159
16,4096,272,152,189.7529
16,4096,272,154,166.683
16,4096,272,156,162.147
16,4096,272,158,165.9948
16,4096,272,160,167.6346
16,4096,272,162,177.1303
16,4096,272,164,179.9226
16,4096,272,166,143.2725
16,4096,272,168,181.3562
16,4096,272,170,170.9288
16,4096,272,172,176.8404
16,4096,272,174,153.7224
16,4096,272,176,162.6542
16,4096,272,178,176.864
16,4096,272,180,174.6668
16,4096,272,182,175.9108
16,4096,272,184,155.3313
16,4096,272,186,174.8777
16,4096,272,188,151.6654
16,4096,272,190,183.2108
16,4096,272,192,176.7316
16,4096,272,194,176.6234
16,4096,272,196,177.2859
16,4096,272,198,158.689
16,4096,272,200,180.0272
16,4096,272,202,176.8663
16,4096,272,204,165.6029
16,4096,272,206,166.1691
16,4096,272,208,176.1316
16,4096,272,210,169.4958
16,4096,272,212,173.6329
16,4096,272,214,148.1454
16,4096,272,216,166.5097
16,4096,272,218,165.1848
16,4096,272,220,170.73
16,4096,272,222,167.4521
16,4096,272,224,146.8255
16,4096,272,226,161.3403
16,4096,272,228,158.1365
16,4096,272,230,151.1026
16,4096,272,232,163.2495
16,4096,272,234,142.3349
16,4096,272,236,159.6038
16,4096,272,238,160.6859
16,4096,272,240,153.5422
16,4096,272,242,135.9297
16,4096,272,244,151.5043
16,4096,272,246,135.6337
16,4096,272,248,155.0809
16,4096,272,250,141.4143
16,4096,272,252,151.511
16,4096,272,254,142.9319
16,4096,272,256,138.3539
16,4096,272,258,154.4003
16,4096,272,260,156.8687
16,4096,272,262,160.2507
16,4096,272,264,154.9446
16,4096,272,266,148.6702
16,4096,272,268,151.5913
16,4096,272,270,142.3149
16,4096,274,2,70.4071
16,4096,274,4,121.259
16,4096,274,6,144.5381
16,4096,274,8,189.4798
16,4096,274,10,208.1851
16,4096,274,12,223.1842
16,4096,274,14,228.4136
16,4096,274,16,261.6304
16,4096,274,18,229.8143
16,4096,274,20,260.1064
16,4096,274,22,234.1695
16,4096,274,24,214.5172
16,4096,274,26,257.6339
16,4096,274,28,236.8576
16,4096,274,30,269.5251
16,4096,274,32,238.2957
16,4096,274,34,251.0086
16,4096,274,36,247.2798
16,4096,274,38,257.9828
16,4096,274,40,240.8561
16,4096,274,42,249.0329
16,4096,274,44,274.0594
16,4096,274,46,241.3477
16,4096,274,48,230.7287
16,4096,274,50,220.0374
16,4096,274,52,232.7736
16,4096,274,54,208.1073
16,4096,274,56,212.6773
16,4096,274,58,207.5226
16,4096,274,60,201.3713
16,4096,274,62,177.8166
16,4096,274,64,192.3154
16,4096,274,66,200.2576
16,4096,274,68,195.1794
16,4096,274,70,171.1308
16,4096,274,72,197.4253
16,4096,274,74,189.9001
16,4096,274,76,183.5094
16,4096,274,78,199.3622
16,4096,274,80,193.1287
16,4096,274,82,176.341
16,4096,274,84,166.0748
16,4096,274,86,164.4585
16,4096,274,88,190.1591
16,4096,274,90,158.9329
16,4096,274,92,201.2703
16,4096,274,94,193.396
16,4096,274,96,166.5007
16,4096,274,98,171.6939
16,4096,274,100,184.4199
16,4096,274,102,160.0631
16,4096,274,104,165.6882
16,4096,274,106,188.1077
16,4096,274,108,182.9699
16,4096,274,110,161.9361
16,4096,274,112,185.4243
16,4096,274,114,183.0671
16,4096,274,116,181.2183
16,4096,274,118,178.9508
16,4096,274,120,182.7174
16,4096,274,122,175.3756
16,4096,274,124,154.9752
16,4096,274,126,176.2761
16,4096,274,128,173.5828
16,4096,274,130,177.9488
16,4096,274,132,153.9423
16,4096,274,134,164.4776
16,4096,274,136,154.7957
16,4096,274,138,174.8413
16,4096,274,140,161.7806
16,4096,274,142,179.8123
16,4096,274,144,155.5328
16,4096,274,146,185.6831
16,4096,274,148,185.8516
16,4096,274,150,172.5334
16,4096,274,152,163.3554
16,4096,274,154,177.1762
16,4096,274,156,185.1445
16,4096,274,158,169.553
16,4096,274,160,171.863
16,4096,274,162,177.2629
16,4096,274,164,164.6726
16,4096,274,166,176.1186
16,4096,274,168,185.1072
16,4096,274,170,165.6822
16,4096,274,172,161.9019
16,4096,274,174,148.1743
16,4096,274,176,168.0867
16,4096,274,178,174.0246
16,4096,274,180,169.2686
16,4096,274,182,169.7028
16,4096,274,184,172.568
16,4096,274,186,184.4327
16,4096,274,188,177.4316
16,4096,274,190,175.9872
16,4096,274,192,180.4909
16,4096,274,194,180.9638
16,4096,274,196,172.8696
16,4096,274,198,158.7457
16,4096,274,200,171.0763
16,4096,274,202,155.1742
16,4096,274,204,174.3822
16,4096,274,206,180.9977
16,4096,274,208,133.9047
16,4096,274,210,159.4939
16,4096,274,212,166.7884
16,4096,274,214,167.2324
16,4096,274,216,164.1052
16,4096,274,218,152.8366
16,4096,274,220,165.7998
16,4096,274,222,155.9905
16,4096,274,224,171.1583
16,4096,274,226,167.0425
16,4096,274,228,165.0232
16,4096,274,230,159.213
16,4096,274,232,162.7698
16,4096,274,234,146.436
16,4096,274,236,158.2619
16,4096,274,238,159.6868
16,4096,274,240,146.8811
16,4096,274,242,160.4015
16,4096,274,244,156.2585
16,4096,274,246,136.2862
16,4096,274,248,149.8571
16,4096,274,250,134.2893
16,4096,274,252,152.3718
16,4096,274,254,142.4178
16,4096,274,256,126.0591
16,4096,274,258,152.4417
16,4096,274,260,139.8541
16,4096,274,262,169.5811
16,4096,274,264,150.6676
16,4096,274,266,146.2796
16,4096,274,268,147.8406
16,4096,274,270,146.273
16,4096,274,272,151.2885
16,4096,276,2,69.4572
16,4096,276,4,120.3979
16,4096,276,6,157.2643
16,4096,276,8,190.9719
16,4096,276,10,202.5536
16,4096,276,12,217.207
16,4096,276,14,242.7458
16,4096,276,16,238.6259
16,4096,276,18,244.0674
16,4096,276,20,252.281
16,4096,276,22,238.1742
16,4096,276,24,261.2537
16,4096,276,26,236.41
16,4096,276,28,272.0265
16,4096,276,30,251.7472
16,4096,276,32,276.4107
16,4096,276,34,234.9724
16,4096,276,36,265.8295
16,4096,276,38,229.8613
16,4096,276,40,274.5303
16,4096,276,42,236.0479
16,4096,276,44,261.6185
16,4096,276,46,233.1502
16,4096,276,48,244.4802
16,4096,276,50,220.0023
16,4096,276,52,202.0417
16,4096,276,54,226.4788
16,4096,276,56,200.9265
16,4096,276,58,209.5464
16,4096,276,60,209.6957
16,4096,276,62,206.5639
16,4096,276,64,194.2508
16,4096,276,66,179.5732
16,4096,276,68,173.8588
16,4096,276,70,178.8413
16,4096,276,72,196.3519
16,4096,276,74,177.3296
16,4096,276,76,188.9844
16,4096,276,78,188.4075
16,4096,276,80,202.9225
16,4096,276,82,180.7248
16,4096,276,84,188.8165
16,4096,276,86,168.7902
16,4096,276,88,174.3367
16,4096,276,90,181.1123
16,4096,276,92,188.1997
16,4096,276,94,158.1995
16,4096,276,96,169.3808
16,4096,276,98,179.9424
16,4096,276,100,172.0877
16,4096,276,102,186.031
16,4096,276,104,168.8047
16,4096,276,106,167.2897
16,4096,276,108,167.7718
16,4096,276,110,155.9624
16,4096,276,112,179.8163
16,4096,276,114,145.1864
16,4096,276,116,176.5975
16,4096,276,118,185.7562
16,4096,276,120,165.4094
16,4096,276,122,161.871
16,4096,276,124,149.8566
16,4096,276,126,175.3187
16,4096,276,128,157.8024
16,4096,276,130,166.8853
16,4096,276,132,175.1346
16,4096,276,134,153.2171
16,4096,276,136,163.0864
16,4096,276,138,172.8428
16,4096,276,140,152.367
16,4096,276,142,173.0216
16,4096,276,144,156.6209
16,4096,276,146,175.0584
16,4096,276,148,177.9462
16,4096,276,150,180.4835
16,4096,276,152,171.9631
16,4096,276,154,174.9862
16,4096,276,156,171.2324
16,4096,276,158,175.5153
16,4096,276,160,156.5316
16,4096,276,162,176.1068
16,4096,276,164,172.6015
16,4096,276,166,163.1117
16,4096,276,168,154.8508
16,4096,276,170,175.5905
16,4096,276,172,157.2077
16,4096,276,174,166.6883
16,4096,276,176,150.7297
16,4096,276,178,165.0668
16,4096,276,180,171.8385
16,4096,276,182,169.0474
16,4096,276,184,172.9229
16,4096,276,186,183.2926
16,4096,276,188,167.4335
16,4096,276,190,158.5291
16,4096,276,192,157.2198
16,4096,276,194,175.2997
16,4096,276,196,165.3415
16,4096,276,198,173.9239
16,4096,276,200,157.9262
16,4096,276,202,153.6214
16,4096,276,204,164.6765
16,4096,276,206,175.3432
16,4096,276,208,175.2394
16,4096,276,210,157.5395
16,4096,276,212,166.8363
16,4096,276,214,167.7599
16,4096,276,216,153.2281
16,4096,276,218,156.5967
16,4096,276,220,168.3048
16,4096,276,222,170.2534
16,4096,276,224,169.0869
16,4096,276,226,148.0985
16,4096,276,228,162.0881
16,4096,276,230,158.6664
16,4096,276,232,147.2759
16,4096,276,234,158.69
16,4096,276,236,145.2971
16,4096,276,238,157.0122
16,4096,276,240,151.0531
16,4096,276,242,156.2933
16,4096,276,244,157.4401
16,4096,276,246,135.9096
16,4096,276,248,142.2935
16,4096,276,250,158.9786
16,4096,276,252,155.504
16,4096,276,254,138.8254
16,4096,276,256,139.8903
16,4096,276,258,156.9156
16,4096,276,260,159.9549
16,4096,276,262,161.6691
16,4096,276,264,152.4779
16,4096,276,266,139.1936
16,4096,276,268,141.3927
16,4096,276,270,149.2079
16,4096,276,272,127.8025
16,4096,276,274,152.4546
16,4096,278,2,66.9758
16,4096,278,4,118.4771
16,4096,278,6,143.6303
16,4096,278,8,186.2493
16,4096,278,10,208.7288
16,4096,278,12,217.7946
16,4096,278,14,235.3109
16,4096,278,16,270.1119
16,4096,278,18,229.4466
16,4096,278,20,253.5519
16,4096,278,22,258.8122
16,4096,278,24,275.5446
16,4096,278,26,250.1086
16,4096,278,28,220.9894
16,4096,278,30,258.4766
16,4096,278,32,245.0317
16,4096,278,34,250.8142
16,4096,278,36,237.7805
16,4096,278,38,261.3269
16,4096,278,40,238.2837
16,4096,278,42,259.084
16,4096,278,44,229.2853
16,4096,278,46,258.17
16,4096,278,48,248.6135
16,4096,278,50,237.2119
16,4096,278,52,182.2957
16,4096,278,54,216.7444
16,4096,278,56,206.3748
16,4096,278,58,216.7276
16,4096,278,60,201.8577
16,4096,278,62,180.1985
16,4096,278,64,205.2364
16,4096,278,66,189.8107
16,4096,278,68,198.4495
16,4096,278,70,204.4607
16,4096,278,72,199.4256
16,4096,278,74,166.8058
16,4096,278,76,155.5249
16,4096,278,78,190.4965
16,4096,278,80,206.4987
16,4096,278,82,184.5121
16,4096,278,84,194.084
16,4096,278,86,166.5381
16,4096,278,88,174.5873
16,4096,278,90,187.2613
16,4096,278,92,185.0292
16,4096,278,94,180.5108
16,4096,278,96,197.2588
16,4096,278,98,183.9276
16,4096,278,100,186.1018
16,4096,278,102,187.9862
16,4096,278,104,181.2478
16,4096,278,106,162.418
16,4096,278,108,181.6947
16,4096,278,110,181.8462
16,4096,278,112,188.1664
16,4096,278,114,155.4007
16,4096,278,116,177.5684
16,4096,278,118,182.735
16,4096,278,120,174.2487
16,4096,278,122,176.4056
16,4096,278,124,176.1266
16,4096,278,126,151.7679
16,4096,278,128,170.3678
16,4096,278,130,172.5583
16,4096,278,132,173.2802
16,4096,278,134,152.262
16,4096,278,136,153.3879
16,4096,278,138,169.2076
16,4096,278,140,154.1863
16,4096,278,142,161.7391
16,4096,278,144,177.92
16,4096,278,146,166.1282
16,4096,278,148,169.8342
16,4096,278,150,176.0883
16,4096,278,152,182.0079
16,4096,278,154,167.406
16,4096,278,156,172.7883
16,4096,278,158,159.1492
16,4096,278,160,161.873
16,4096,278,162,186.7492
16,4096,278,164,177.6064
16,4096,278,166,172.6901
16,4096,278,168,171.2134
16,4096,278,170,163.1774
16,4096,278,172,171.277
16,4096,278,174,180.0234
16,4096,278,176,176.3172
16,4096,278,178,172.1262
16,4096,278,180,171.7043
16,4096,278,182,171.7785
16,4096,278,184,171.7559
16,4096,278,186,177.4904
16,4096,278,188,169.4012
16,4096,278,190,186.4678
16,4096,278,192,178.7757
16,4096,278,194,163.4534
16,4096,278,196,175.2113
16,4096,278,198,157.0068
16,4096,278,200,159.8537
16,4096,278,202,154.1815
16,4096,278,204,175.3167
16,4096,278,206,165.1567
16,4096,278,208,174.0669
16,4096,278,210,155.8595
16,4096,278,212,154.2416
16,4096,278,214,169.9753
16,4096,278,216,152.3262
16,4096,278,218,162.0259
16,4096,278,220,170.0874
16,4096,278,222,172.3977
16,4096,278,224,150.4721
16,4096,278,226,156.9658
16,4096,278,228,158.0521
16,4096,278,230,160.5747
16,4096,278,232,142.508
16,4096,278,234,159.6966
16,4096,278,236,163.6834
16,4096,278,238,159.7682
16,4096,278,240,154.0571
16,4096,278,242,158.8539
16,4096,278,244,151.302
16,4096,278,246,158.7898
16,4096,278,248,150.6401
16,4096,278,250,158.466
16,4096,278,252,125.3767
16,4096,278,254,153.7331
16,4096,278,256,152.7081
16,4096,278,258,160.306
16,4096,278,260,141.216
16,4096,278,262,148.208
16,4096,278,264,162.1724
16,4096,278,266,148.237
16,4096,278,268,151.8427
16,4096,278,270,154.7932
16,4096,278,272,154.15
16,4096,278,274,150.6529
16,4096,278,276,148.1478
16,4096,280,2,66.0891
16,4096,280,4,111.0865
16,4096,280,6,166.9013
16,4096,280,8,182.7389
16,4096,280,10,212.4204
16,4096,280,12,214.9647
16,4096,280,14,230.5593
16,4096,280,16,260.8578
16,4096,280,18,230.6535
16,4096,280,20,260.8347
16,4096,280,22,239.4139
16,4096,280,24,258.2621
16,4096,280,26,246.5435
16,4096,280,28,255.1906
16,4096,280,30,269.2994
16,4096,280,32,250.5366
16,4096,280,34,260.4452
16,4096,280,36,240.0153
16,4096,280,38,263.6101
16,4096,280,40,248.7349
16,4096,280,42,262.1388
16,4096,280,44,241.3073
16,4096,280,46,261.0742
16,4096,280,48,248.5111
16,4096,280,50,231.7852
16,4096,280,52,194.7085
16,4096,280,54,224.028
16,4096,280,56,218.3502
16,4096,280,58,187.0652
16,4096,280,60,209.3899
16,4096,280,62,189.3625
16,4096,280,64,202.1107
16,4096,280,66,197.8349
16,4096,280,68,191.1036
16,4096,280,70,197.9763
16,4096,280,72,198.2401
16,4096,280,74,144.5201
16,4096,280,76,193.9694
16,4096,280,78,212.2613
16,4096,280,80,187.5138
16,4096,280,82,197.0777
16,4096,280,84,179.0449
16,4096,280,86,182.8247
16,4096,280,88,195.0347
16,4096,280,90,187.6457
16,4096,280,92,164.627
16,4096,280,94,190.6015
16,4096,280,96,188.6773
16,4096,280,98,183.5201
16,4096,280,100,166.7794
16,4096,280,102,176.8764
16,4096,280,104,164.2223
16,4096,280,106,184.8301
16,4096,280,108,164.5723
16,4096,280,110,180.9646
16,4096,280,112,178.1911
16,4096,280,114,178.0967
16,4096,280,116,135.3549
16,4096,280,118,177.4602
16,4096,280,120,178.3144
16,4096,280,122,141.7317
16,4096,280,124,185.3314
16,4096,280,126,173.8325
16,4096,280,128,168.1173
16,4096,280,130,175.4503
16,4096,280,132,177.2241
16,4096,280,134,151.9355
16,4096,280,136,175.2519
16,4096,280,138,170.4573
16,4096,280,140,174.5937
16,4096,280,142,182.1482
16,4096,280,144,159.215
16,4096,280,146,182.3746
16,4096,280,148,166.6912
16,4096,280,150,180.7423
16,4096,280,152,180.5928
16,4096,280,154,169.5591
16,4096,280,156,167.2362
16,4096,280,158,181.1104
16,4096,280,160,175.6186
16,4096,280,162,174.283
16,4096,280,164,175.9917
16,4096,280,166,180.5295
16,4096,280,168,175.9418
16,4096,280,170,174.5022
16,4096,280,172,157.9175
16,4096,280,174,160.4951
16,4096,280,176,150.0973
16,4096,280,178,159.0042
16,4096,280,180,173.3635
16,4096,280,182,173.3034
16,4096,280,184,173.6811
16,4096,280,186,170.075
16,4096,280,188,174.5027
16,4096,280,190,158.911
16,4096,280,192,164.6913
16,4096,280,194,175.7683
16,4096,280,196,180.2759
16,4096,280,198,181.8659
16,4096,280,200,174.2631
16,4096,280,202,167.9672
16,4096,280,204,183.1626
16,4096,280,206,174.0372
16,4096,280,208,179.2735
16,4096,280,210,172.7648
16,4096,280,212,145.1766
16,4096,280,214,149.7471
16,4096,280,216,172.1474
16,4096,280,218,172.8754
16,4096,280,220,173.9283
16,4096,280,222,172.8918
16,4096,280,224,158.3682
16,4096,280,226,166.2447
16,4096,280,228,157.8177
16,4096,280,230,142.7613
16,4096,280,232,166.5662
16,4096,280,234,168.9549
16,4096,280,236,166.3891
16,4096,280,238,161.0589
16,4096,280,240,166.6418
16,4096,280,242,158.0693
16,4096,280,244,157.6404
16,4096,280,246,154.2289
16,4096,280,248,142.8883
16,4096,280,250,154.2253
16,4096,280,252,149.0405
16,4096,280,254,157.597
16,4096,280,256,156.8387
16,4096,280,258,167.7619
16,4096,280,260,155.2574
16,4096,280,262,157.759
16,4096,280,264,156.6747
16,4096,280,266,147.6946
16,4096,280,268,149.6287
16,4096,280,270,154.2557
16,4096,280,272,149.7514
16,4096,280,274,156.0613
16,4096,280,276,161.3373
16,4096,280,278,159.1437
16,4096,282,2,66.3389
16,4096,282,4,117.4257
16,4096,282,6,156.0034
16,4096,282,8,213.7592
16,4096,282,10,207.2688
16,4096,282,12,224.8977
16,4096,282,14,230.2907
16,4096,282,16,244.1129
16,4096,282,18,226.0044
16,4096,282,20,248.6647
16,4096,282,22,261.0667
16,4096,282,24,233.4289
16,4096,282,26,249.2667
16,4096,282,28,242.9002
16,4096,282,30,265.5005
16,4096,282,32,260.8967
16,4096,282,34,269.2031
16,4096,282,36,252.1056
16,4096,282,38,262.5161
16,4096,282,40,246.5968
16,4096,282,42,271.661
16,4096,282,44,266.5954
16,4096,282,46,252.4599
16,4096,282,48,199.4119
16,4096,282,50,232.0045
16,4096,282,52,238.3176
16,4096,282,54,219.4972
16,4096,282,56,207.6408
16,4096,282,58,219.3604
16,4096,282,60,194.796
16,4096,282,62,186.6328
16,4096,282,64,178.866
16,4096,282,66,190.9219
16,4096,282,68,195.7484
16,4096,282,70,153.7258
16,4096,282,72,176.4533
16,4096,282,74,206.2177
16,4096,282,76,201.8439
16,4096,282,78,203.7071
16,4096,282,80,202.8513
16,4096,282,82,195.0967
16,4096,282,84,178.7244
16,4096,282,86,173.4051
16,4096,282,88,185.8261
16,4096,282,90,184.6281
16,4096,282,92,156.9771
16,4096,282,94,192.0935
16,4096,282,96,202.0675
16,4096,282,98,177.7251
16,4096,282,100,188.1606
16,4096,282,102,185.3813
16,4096,282,104,168.3505
16,4096,282,106,180.7147
16,4096,282,108,163.0937
16,4096,282,110,182.5332
16,4096,282,112,159.59
16,4096,282,114,181.4029
16,4096,282,116,184.7919
16,4096,282,118,167.659
16,4096,282,120,184.4163
16,4096,282,122,180.1651
16,4096,282,124,161.5415
16,4096,282,126,150.8112
16,4096,282,128,162.7518
16,4096,282,130,173.6196
16,4096,282,132,156.1368
16,4096,282,134,161.3114
16,4096,282,136,174.2707
16,4096,282,138,168.4354
16,4096,282,140,147.5854
16,4096,282,142,175.0209
16,4096,282,144,172.9884
16,4096,282,146,172.0116
16,4096,282,148,184.2481
16,4096,282,150,163.0462
16,4096,282,152,167.1498
16,4096,282,154,191.4103
16,4096,282,156,161.3398
16,4096,282,158,180.9412
16,4096,282,160,185.6692
16,4096,282,162,179.4354
16,4096,282,164,160.1365
16,4096,282,166,173.9001
16,4096,282,168,180.4403
16,4096,282,170,162.1354
16,4096,282,172,180.7765
16,4096,282,174,173.4799
16,4096,282,176,175.3493
16,4096,282,178,176.9235
16,4096,282,180,178.7211
16,4096,282,182,164.7577
16,4096,282,184,159.8481
16,4096,282,186,182.4765
16,4096,282,188,169.0134
16,4096,282,190,192.3295
16,4096,282,192,155.7909
16,4096,282,194,175.4152
16,4096,282,196,185.3072
16,4096,282,198,158.461
16,4096,282,200,164.4939
16,4096,282,202,168.8769
16,4096,282,204,168.7925
16,4096,282,206,178.6269
16,4096,282,208,151.7249
16,4096,282,210,174.006
16,4096,282,212,179.0646
16,4096,282,214,176.7807
16,4096,282,216,171.1818
16,4096,282,218,174.5556
16,4096,282,220,148.6934
16,4096,282,222,151.8289
16,4096,282,224,166.6344
16,4096,282,226,172.3764
16,4096,282,228,142.6362
16,4096,282,230,170.4805
16,4096,282,232,168.2787
16,4096,282,234,165.2016
16,4096,282,236,162.3367
16,4096,282,238,162.1283
16,4096,282,240,161.4962
16,4096,282,242,156.0307
16,4096,282,244,158.1529
16,4096,282,246,163.6581
16,4096,282,248,134.9296
16,4096,282,250,137.8127
16,4096,282,252,159.6427
16,4096,282,254,156.3506
16,4096,282,256,153.7449
16,4096,282,258,156.8608
16,4096,282,260,159.2416
16,4096,282,262,159.8674
16,4096,282,264,158.4435
16,4096,282,266,141.035
16,4096,282,268,151.7195
16,4096,282,270,150.9948
16,4096,282,272,144.2435
16,4096,282,274,155.5027
16,4096,282,276,132.3326
16,4096,282,278,142.5842
16,4096,282,280,142.9916
16,4096,284,2,63.5158
16,4096,284,4,116.9469
16,4096,284,6,145.9825
16,4096,284,8,190.913
16,4096,284,10,205.5002
16,4096,284,12,217.7329
16,4096,284,14,217.6459
16,4096,284,16,247.5258
16,4096,284,18,246.8306
16,4096,284,20,251.4132
16,4096,284,22,254.522
16,4096,284,24,257.4952
16,4096,284,26,258.0553
16,4096,284,28,235.5917
16,4096,284,30,255.5282
16,4096,284,32,247.8681
16,4096,284,34,263.3984
16,4096,284,36,234.4144
16,4096,284,38,268.9074
16,4096,284,40,229.563
16,4096,284,42,209.4673
16,4096,284,44,267.4408
16,4096,284,46,231.8975
16,4096,284,48,244.7839
16,4096,284,50,242.8836
16,4096,284,52,244.0608
16,4096,284,54,207.3613
16,4096,284,56,183.605
16,4096,284,58,212.4642
16,4096,284,60,197.739
16,4096,284,62,213.6379
16,4096,284,64,180.6731
16,4096,284,66,159.6189
16,4096,284,68,166.7362
16,4096,284,70,198.4073
16,4096,284,72,183.8462
16,4096,284,74,196.6801
16,4096,284,76,196.6638
16,4096,284,78,199.3409
16,4096,284,80,195.8963
16,4096,284,82,192.1528
16,4096,284,84,187.2414
16,4096,284,86,158.5652
16,4096,284,88,183.2277
16,4096,284,90,183.0459
16,4096,284,92,160.274
16,4096,284,94,182.4006
16,4096,284,96,191.8863
16,4096,284,98,176.2825
16,4096,284,100,182.9791
16,4096,284,102,158.9291
16,4096,284,104,180.6853
16,4096,284,106,168.2651
16,4096,284,108,189.8947
16,4096,284,110,185.465
16,4096,284,112,184.9781
16,4096,284,114,180.7382
16,4096,284,116,190.9672
16,4096,284,118,174.7915
16,4096,284,120,159.8365
16,4096,284,122,183.1238
16,4096,284,124,181.6954
16,4096,284,126,164.1459
16,4096,284,128,181.3691
16,4096,284,130,174.6241
16,4096,284,132,170.3001
16,4096,284,134,170.2324
16,4096,284,136,154.4022
16,4096,284,138,165.9827
16,4096,284,140,166.1192
16,4096,284,142,182.4622
16,4096,284,144,158.8619
16,4096,284,146,158.4101
16,4096,284,148,182.1932
16,4096,284,150,181.8577
16,4096,284,152,184.1503
16,4096,284,154,171.6269
16,4096,284,156,176.4615
16,4096,284,158,177.5475
16,4096,284,160,177.6646
16,4096,284,162,179.5065
16,4096,284,164,160.3521
16,4096,284,166,175.485
16,4096,284,168,178.7205
16,4096,284,170,188.6227
16,4096,284,172,155.4177
16,4096,284,174,153.6396
16,4096,284,176,153.8246
16,4096,284,178,152.5965
16,4096,284,180,171.9563
16,4096,284,182,167.5959
16,4096,284,184,179.4682
16,4096,284,186,166.6141
16,4096,284,188,147.0026
16,4096,284,190,176.2398
16,4096,284,192,183.4574
16,4096,284,194,162.9229
16,4096,284,196,180.2221
16,4096,284,198,177.3653
16,4096,284,200,185.0253
16,4096,284,202,168.4621
16,4096,284,204,169.3278
16,4096,284,206,178.6799
16,4096,284,208,174.9295
16,4096,284,210,169.7091
16,4096,284,212,150.6748
16,4096,284,214,173.0866
16,4096,284,216,151.6424
16,4096,284,218,164.2346
16,4096,284,220,177.8658
16,4096,284,222,144.1348
16,4096,284,224,156.1428
16,4096,284,226,149.4013
16,4096,284,228,164.3664
16,4096,284,230,147.7241
16,4096,284,232,161.2467
16,4096,284,234,164.4827
16,4096,284,236,160.3291
16,4096,284,238,158.7589
16,4096,284,240,168.3675
16,4096,284,242,158.2335
16,4096,284,244,161.6144
16,4096,284,246,142.332
16,4096,284,248,161.1202
16,4096,284,250,143.0643
16,4096,284,252,153.9682
16,4096,284,254,154.2271
16,4096,284,256,149.778
16,4096,284,258,161.5708
16,4096,284,260,165.608
16,4096,284,262,139.1295
16,4096,284,264,160.3891
16,4096,284,266,140.6889
16,4096,284,268,150.4214
16,4096,284,270,141.6926
16,4096,284,272,147.983
16,4096,284,274,160.3065
16,4096,284,276,153.7358
16,4096,284,278,131.3333
16,4096,284,280,147.5348
16,4096,284,282,165.6894
16,4096,286,2,66.0773
16,4096,286,4,113.7198
16,4096,286,6,146.8632
16,4096,286,8,181.6275
16,4096,286,10,209.2342
16,4096,286,12,220.0225
16,4096,286,14,237.1241
16,4096,286,16,260.0573
16,4096,286,18,240.0787
16,4096,286,20,269.6209
16,4096,286,22,247.2918
16,4096,286,24,260.1723
16,4096,286,26,223.8333
16,4096,286,28,275.5448
16,4096,286,30,237.7227
16,4096,286,32,228.0788
16,4096,286,34,263.3061
16,4096,286,36,247.9293
16,4096,286,38,264.5425
16,4096,286,40,244.7645
16,4096,286,42,257.6183
16,4096,286,44,246.2845
16,4096,286,46,264.1571
16,4096,286,48,216.7259
16,4096,286,50,213.5006
16,4096,286,52,230.9332
16,4096,286,54,210.1698
16,4096,286,56,181.2769
16,4096,286,58,204.1694
16,4096,286,60,216.5881
16,4096,286,62,205.3804
16,4096,286,64,190.229
16,4096,286,66,181.1956
16,4096,286,68,207.0127
16,4096,286,70,198.264
16,4096,286,72,186.9324
16,4096,286,74,195.4718
16,4096,286,76,192.16
16,4096,286,78,189.5369
16,4096,286,80,201.0226
16,4096,286,82,195.256
16,4096,286,84,199.1172
16,4096,286,86,195.4983
16,4096,286,88,189.8986
16,4096,286,90,156.8744
16,4096,286,92,177.2986
16,4096,286,94,184.8926
16,4096,286,96,192.6098
16,4096,286,98,176.2945
16,4096,286,100,174.9886
16,4096,286,102,191.0713
16,4096,286,104,189.6278
16,4096,286,106,184.1874
16,4096,286,108,186.3253
16,4096,286,110,163.2195
16,4096,286,112,159.6684
16,4096,286,114,183.5739
16,4096,286,116,160.4024
16,4096,286,118,170.6699
16,4096,286,120,177.9372
16,4096,286,122,181.5025
16,4096,286,124,185.7918
16,4096,286,126,164.9976
16,4096,286,128,155.297
16,4096,286,130,176.5413
16,4096,286,132,155.6579
16,4096,286,134,164.8105
16,4096,286,136,173.9064
16,4096,286,138,148.4892
16,4096,286,140,169.4729
16,4096,286,142,167.1463
16,4096,286,144,182.4921
16,4096,286,146,165.8104
16,4096,286,148,176.5464
16,4096,286,150,181.0008
16,4096,286,152,181.7503
16,4096,286,154,181.1354
16,4096,286,156,180.1011
16,4096,286,158,181.7648
16,4096,286,160,178.2502
16,4096,286,162,177.5252
16,4096,286,164,182.6581
16,4096,286,166,169.8504
16,4096,286,168,171.0234
16,4096,286,170,166.767
16,4096,286,172,166.7241
16,4096,286,174,166.8503
16,4096,286,176,167.6666
16,4096,286,178,153.2668
16,4096,286,180,173.8089
16,4096,286,182,162.6749
16,4096,286,184,157.1942
16,4096,286,186,175.9962
16,4096,286,188,167.5058
16,4096,286,190,163.5772
16,4096,286,192,191.0688
16,4096,286,194,184.2217
16,4096,286,196,182.6353
16,4096,286,198,176.5772
16,4096,286,200,176.6185
16,4096,286,202,156.5272
16,4096,286,204,172.9026
16,4096,286,206,175.0488
16,4096,286,208,146.1263
16,4096,286,210,167.2154
16,4096,286,212,183.9301
16,4096,286,214,173.3078
16,4096,286,216,152.9576
16,4096,286,218,174.6693
16,4096,286,220,175.2008
16,4096,286,222,174.9295
16,4096,286,224,167.2063
16,4096,286,226,151.681
16,4096,286,228,147.0671
16,4096,286,230,161.7163
16,4096,286,232,174.6369
16,4096,286,234,166.3529
16,4096,286,236,163.2205
16,4096,286,238,166.4549
16,4096,286,240,164.78
16,4096,286,242,161.988
16,4096,286,244,145.4917
16,4096,286,246,141.2564
16,4096,286,248,152.671
16,4096,286,250,155.8083
16,4096,286,252,157.315
16,4096,286,254,158.0493
16,4096,286,256,141.2275
16,4096,286,258,167.3572
16,4096,286,260,155.9705
16,4096,286,262,163.3495
16,4096,286,264,143.3387
16,4096,286,266,157.7292
16,4096,286,268,149.3772
16,4096,286,270,150.7686
16,4096,286,272,140.6405
16,4096,286,274,156.7709
16,4096,286,276,154.8097
16,4096,286,278,146.1164
16,4096,286,280,144.1217
16,4096,286,282,150.642
16,4096,286,284,156.4592
16,4096,288,2,63.9924
16,4096,288,4,108.5249
16,4096,288,6,146.3883
16,4096,288,8,204.6937
16,4096,288,10,192.5571
16,4096,288,12,220.5035
16,4096,288,14,226.3311
16,4096,288,16,243.9128
16,4096,288,18,242.1286
16,4096,288,20,247.662
16,4096,288,22,250.6742
16,4096,288,24,278.4036
16,4096,288,26,262.4469
16,4096,288,28,250.7543
16,4096,288,30,268.3319
16,4096,288,32,241.6873
16,4096,288,34,252.8453
16,4096,288,36,229.0006
16,4096,288,38,266.376
16,4096,288,40,271.6211
16,4096,288,42,266.1468
16,4096,288,44,237.9994
16,4096,288,46,256.2584
16,4096,288,48,229.4073
16,4096,288,50,238.8826
16,4096,288,52,238.1457
16,4096,288,54,204.6406
16,4096,288,56,205.4792
16,4096,288,58,209.3637
16,4096,288,60,204.5073
16,4096,288,62,173.7783
16,4096,288,64,182.5584
16,4096,288,66,200.131
16,4096,288,68,155.6066
16,4096,288,70,182.1137
16,4096,288,72,204.5841
16,4096,288,74,172.0528
16,4096,288,76,199.7159
16,4096,288,78,190.8287
16,4096,288,80,190.4046
16,4096,288,82,195.5109
16,4096,288,84,192.2649
16,4096,288,86,189.0148
16,4096,288,88,156.9809
16,4096,288,90,184.7898
16,4096,288,92,187.8072
16,4096,288,94,182.2916
16,4096,288,96,180.38
16,4096,288,98,188.8441
16,4096,288,100,169.5286
16,4096,288,102,173.878
16,4096,288,104,175.2422
16,4096,288,106,181.1204
16,4096,288,108,160.4336
16,4096,288,110,165.7552
16,4096,288,112,180.0073
16,4096,288,114,169.8437
16,4096,288,116,157.5781
16,4096,288,118,168.3708
16,4096,288,120,167.3518
16,4096,288,122,162.1526
16,4096,288,124,187.3685
16,4096,288,126,168.1128
16,4096,288,128,158.593
16,4096,288,130,177.2256
16,4096,288,132,175.0169
16,4096,288,134,180.1069
16,4096,288,136,143.4165
16,4096,288,138,167.7601
16,4096,288,140,147.2531
16,4096,288,142,164.3206
16,4096,288,144,174.0301
16,4096,288,146,169.3943
16,4096,288,148,169.8165
16,4096,288,150,187.4812
16,4096,288,152,183.6179
16,4096,288,154,186.6636
16,4096,288,156,179.2925
16,4096,288,158,177.8303
16,4096,288,160,167.358
16,4096,288,162,171.0685
16,4096,288,164,181.0292
16,4096,288,166,158.9233
16,4096,288,168,175.064
16,4096,288,170,170.363
16,4096,288,172,174.144
16,4096,288,174,170.3178
16,4096,288,176,174.6816
16,4096,288,178,165.8922
16,4096,288,180,167.1195
16,4096,288,182,170.9772
16,4096,288,184,151.2678
16,4096,288,186,161.179
16,4096,288,188,171.3109
16,4096,288,190,182.358
16,4096,288,192,180.4522
16,4096,288,194,177.8504
16,4096,288,196,165.015
16,4096,288,198,158.0832
16,4096,288,200,172.2803
16,4096,288,202,157.9245
16,4096,288,204,177.8317
16,4096,288,206,171.9362
16,4096,288,208,159.712
16,4096,288,210,162.0955
16,4096,288,212,173.5869
16,4096,288,214,163.6799
16,4096,288,216,164.3089
16,4096,288,218,168.4469
16,4096,288,220,170.2892
16,4096,288,222,146.1517
16,4096,288,224,154.5506
16,4096,288,226,156.6755
16,4096,288,228,167.8753
16,4096,288,230,143.2903
16,4096,288,232,163.7833
16,4096,288,234,159.0865
16,4096,288,236,167.1276
16,4096,288,238,160.4641
16,4096,288,240,158.5185
16,4096,288,242,140.6066
16,4096,288,244,158.2341
16,4096,288,246,155.112
16,4096,288,248,157.7699
16,4096,288,250,158.7437
16,4096,288,252,149.1923
16,4096,288,254,153.7936
16,4096,288,256,155.8648
16,4096,288,258,151.8201
16,4096,288,260,165.1704
16,4096,288,262,162.3368
16,4096,288,264,164.0026
16,4096,288,266,164.2333
16,4096,288,268,152.4296
16,4096,288,270,156.4396
16,4096,288,272,149.4748
16,4096,288,274,152.1583
16,4096,288,276,155.6378
16,4096,288,278,151.995
16,4096,288,280,151.3216
16,4096,288,282,160.2065
16,4096,288,284,162.62
16,4096,288,286,154.3548
16,4096,290,2,62.325
16,4096,290,4,114.9478
16,4096,290,6,143.1474
16,4096,290,8,203.7159
16,4096,290,10,191.7618
16,4096,290,12,207.6186
16,4096,290,14,231.8847
16,4096,290,16,264.4214
16,4096,290,18,215.7868
16,4096,290,20,252.6118
16,4096,290,22,243.5601
16,4096,290,24,275.0174
16,4096,290,26,233.877
16,4096,290,28,235.699
16,4096,290,30,262.5068
16,4096,290,32,246.2122
16,4096,290,34,263.7142
16,4096,290,36,242.3788
16,4096,290,38,268.3032
16,4096,290,40,241.7284
16,4096,290,42,249.2832
16,4096,290,44,221.1143
16,4096,290,46,242.8202
16,4096,290,48,233.3724
16,4096,290,50,201.023
16,4096,290,52,190.0829
16,4096,290,54,231.0082
16,4096,290,56,185.9402
16,4096,290,58,210.3345
16,4096,290,60,210.8075
16,4096,290,62,208.0042
16,4096,290,64,194.893
16,4096,290,66,178.2018
16,4096,290,68,188.3446
16,4096,290,70,192.6286
16,4096,290,72,168.0423
16,4096,290,74,178.7597
16,4096,290,76,197.086
16,4096,290,78,168.4491
16,4096,290,80,172.6812
16,4096,290,82,172.9295
16,4096,290,84,185.1394
16,4096,290,86,170.5559
16,4096,290,88,170.9344
16,4096,290,90,185.7137
16,4096,290,92,186.0629
16,4096,290,94,183.9974
16,4096,290,96,179.8491
16,4096,290,98,191.2218
16,4096,290,100,184.7183
16,4096,290,102,176.8769
16,4096,290,104,177.2697
16,4096,290,106,152.8435
16,4096,290,108,162.7756
16,4096,290,110,182.5616
16,4096,290,112,181.8897
16,4096,290,114,176.7538
16,4096,290,116,181.9038
16,4096,290,118,181.9796
16,4096,290,120,169.3616
16,4096,290,122,170.3054
16,4096,290,124,174.2237
16,4096,290,126,158.9427
16,4096,290,128,170.6116
16,4096,290,130,185.0715
16,4096,290,132,169.4981
16,4096,290,134,158.1481
16,4096,290,136,166.973
16,4096,290,138,170.9756
16,4096,290,140,148.7822
16,4096,290,142,143.3273
16,4096,290,144,156.4894
16,4096,290,146,178.2097
16,4096,290,148,168.6053
16,4096,290,150,178.3733
16,4096,290,152,173.3249
16,4096,290,154,151.319
16,4096,290,156,180.2356
16,4096,290,158,165.1079
16,4096,290,160,155.5704
16,4096,290,162,168.0169
16,4096,290,164,154.6802
16,4096,290,166,181.557
16,4096,290,168,179.1623
16,4096,290,170,164.8877
16,4096,290,172,155.2382
16,4096,290,174,175.3469
16,4096,290,176,173.3831
16,4096,290,178,167.4939
16,4096,290,180,160.6225
16,4096,290,182,156.1312
16,4096,290,184,166.6927
16,4096,290,186,185.4722
16,4096,290,188,138.4895
16,4096,290,190,188.0565
16,4096,290,192,163.0714
16,4096,290,194,174.7714
16,4096,290,196,176.2349
16,4096,290,198,176.0097
16,4096,290,200,161.6058
16,4096,290,202,168.5152
16,4096,290,204,172.4383
16,4096,290,206,164.4903
16,4096,290,208,162.6476
16,4096,290,210,153.1559
16,4096,290,212,170.2294
16,4096,290,214,173.3162
16,4096,290,216,149.813
16,4096,290,218,152.8908
16,4096,290,220,164.8107
16,4096,290,222,157.7271
16,4096,290,224,166.3645
16,4096,290,226,167.8292
16,4096,290,228,150.9927
16,4096,290,230,162.4866
16,4096,290,232,161.253
16,4096,290,234,159.4033
16,4096,290,236,144.9514
16,4096,290,238,160.5572
16,4096,290,240,144.9494
16,4096,290,242,145.6265
16,4096,290,244,157.4788
16,4096,290,246,146.0078
16,4096,290,248,156.1018
16,4096,290,250,158.792
16,4096,290,252,135.3564
16,4096,290,254,150.7807
16,4096,290,256,147.688
16,4096,290,258,149.4348
16,4096,290,260,157.9471
16,4096,290,262,162.3773
16,4096,290,264,164.12
16,4096,290,266,160.1257
16,4096,290,268,149.405
16,4096,290,270,160.9505
16,4096,290,272,154.4527
16,4096,290,274,160.3424
16,4096,290,276,150.1543
16,4096,290,278,150.1169
16,4096,290,280,157.2373
16,4096,290,282,147.1534
16,4096,290,284,158.398
16,4096,290,286,156.7694
16,4096,290,288,152.4648
16,4096,292,2,64.2438
16,4096,292,4,106.5697
16,4096,292,6,145.1627
16,4096,292,8,184.3079
16,4096,292,10,195.3566
16,4096,292,12,222.325
16,4096,292,14,237.4009
16,4096,292,16,253.155
16,4096,292,18,252.1387
16,4096,292,20,238.862
16,4096,292,22,243.3481
16,4096,292,24,247.2066
16,4096,292,26,244.7043
16,4096,292,28,261.4063
16,4096,292,30,241.577
16,4096,292,32,247.7904
16,4096,292,34,245.3807
16,4096,292,36,261.8445
16,4096,292,38,232.083
16,4096,292,40,259.2224
16,4096,292,42,250.8469
16,4096,292,44,260.2585
16,4096,292,46,229.8643
16,4096,292,48,215.9658
16,4096,292,50,228.6227
16,4096,292,52,234.8653
16,4096,292,54,180.9468
16,4096,292,56,196.5636
16,4096,292,58,197.2373
16,4096,292,60,203.5039
16,4096,292,62,200.4122
16,4096,292,64,199.3917
16,4096,292,66,181.5847
16,4096,292,68,177.696
16,4096,292,70,182.9241
16,4096,292,72,181.5006
16,4096,292,74,190.245
16,4096,292,76,174.6048
16,4096,292,78,162.9305
16,4096,292,80,187.0313
16,4096,292,82,199.6213
16,4096,292,84,181.2866
16,4096,292,86,181.314
16,4096,292,88,162.6319
16,4096,292,90,162.468
16,4096,292,92,162.7937
16,4096,292,94,176.5424
16,4096,292,96,157.2845
16,4096,292,98,184.3735
16,4096,292,100,180.9688
16,4096,292,102,183.6708
16,4096,292,104,164.453
16,4096,292,106,173.5137
16,4096,292,108,178.8336
16,4096,292,110,173.92
16,4096,292,112,174.3341
16,4096,292,114,144.2615
16,4096,292,116,157.5331
16,4096,292,118,175.2045
16,4096,292,120,181.0169
16,4096,292,122,152.4866
16,4096,292,124,167.3322
16,4096,292,126,160.6764
16,4096,292,128,166.3768
16,4096,292,130,172.9296
16,4096,292,132,170.2657
16,4096,292,134,161.8147
16,4096,292,136,153.967
16,4096,292,138,165.3368
16,4096,292,140,164.8851
16,4096,292,142,143.2646
16,4096,292,144,162.6671
16,4096,292,146,150.3531
16,4096,292,148,173.6313
16,4096,292,150,171.043
16,4096,292,152,154.8336
16,4096,292,154,174.5596
16,4096,292,156,183.8571
16,4096,292,158,178.8492
16,4096,292,160,170.2779
16,4096,292,162,172.6216
16,4096,292,164,168.0819
16,4096,292,166,156.6398
16,4096,292,168,178.8124
16,4096,292,170,174.2544
16,4096,292,172,166.8113
16,4096,292,174,163.0241
16,4096,292,176,149.5525
16,4096,292,178,171.0549
16,4096,292,180,170.0328
16,4096,292,182,142.4767
16,4096,292,184,172.5669
16,4096,292,186,182.4913
16,4096,292,188,162.8537
16,4096,292,190,160.6964
16,4096,292,192,150.9797
16,4096,292,194,171.3653
16,4096,292,196,175.1049
16,4096,292,198,154.9054
16,4096,292,200,166.8742
16,4096,292,202,168.3861
16,4096,292,204,162.5644
16,4096,292,206,174.158
16,4096,292,208,171.2612
16,4096,292,210,163.6858
16,4096,292,212,176.2559
16,4096,292,214,173.6613
16,4096,292,216,167.1039
16,4096,292,218,148.6072
16,4096,292,220,165.8817
16,4096,292,222,163.4246
16,4096,292,224,171.6013
16,4096,292,226,161.5566
16,4096,292,228,161.2335
16,4096,292,230,140.2172
16,4096,292,232,164.9744
16,4096,292,234,145.5818
16,4096,292,236,155.911
16,4096,292,238,144.8211
16,4096,292,240,143.6493
16,4096,292,242,154.3135
16,4096,292,244,156.0901
16,4096,292,246,159.3862
16,4096,292,248,157.402
16,4096,292,250,145.8436
16,4096,292,252,156.3997
16,4096,292,254,135.5664
16,4096,292,256,143.3786
16,4096,292,258,153.8046
16,4096,292,260,162.1718
16,4096,292,262,165.1408
16,4096,292,264,160.7937
16,4096,292,266,157.7778
16,4096,292,268,157.9134
16,4096,292,270,158.223
16,4096,292,272,155.784
16,4096,292,274,144.1283
16,4096,292,276,160.8107
16,4096,292,278,155.699
16,4096,292,280,151.1992
16,4096,292,282,163.8454
16,4096,292,284,160.575
16,4096,292,286,163.3422
16,4096,292,288,162.7262
16,4096,292,290,140.3116
16,4096,294,2,65.5492
16,4096,294,4,110.8757
16,4096,294,6,148.1901
16,4096,294,8,184.4112
16,4096,294,10,189.0463
16,4096,294,12,210.0541
16,4096,294,14,239.4397
16,4096,294,16,241.849
16,4096,294,18,228.2555
16,4096,294,20,248.2625
16,4096,294,22,228.9547
16,4096,294,24,244.1802
16,4096,294,26,252.5921
16,4096,294,28,254.5479
16,4096,294,30,226.8686
16,4096,294,32,276.5465
16,4096,294,34,242.9911
16,4096,294,36,280.1059
16,4096,294,38,238.932
16,4096,294,40,261.6186
16,4096,294,42,231.338
16,4096,294,44,228.3046
16,4096,294,46,241.4062
16,4096,294,48,217.7461
16,4096,294,50,237.1871
16,4096,294,52,201.8982
16,4096,294,54,180.779
16,4096,294,56,191.9093
16,4096,294,58,191.1336
16,4096,294,60,199.3854
16,4096,294,62,197.5516
16,4096,294,64,193.7742
16,4096,294,66,189.8035
16,4096,294,68,189.6424
16,4096,294,70,171.9625
16,4096,294,72,178.9418
16,4096,294,74,186.4019
16,4096,294,76,149.3217
16,4096,294,78,172.7847
16,4096,294,80,192.0424
16,4096,294,82,191.6192
16,4096,294,84,182.5602
16,4096,294,86,182.0212
16,4096,294,88,177.4169
16,4096,294,90,173.0466
16,4096,294,92,184.6284
16,4096,294,94,185.9152
16,4096,294,96,175.5474
16,4096,294,98,165.8305
16,4096,294,100,184.245
16,4096,294,102,182.3706
16,4096,294,104,185.8358
16,4096,294,106,169.5911
16,4096,294,108,170.0831
16,4096,294,110,160.0716
16,4096,294,112,154.5458
16,4096,294,114,172.396
16,4096,294,116,143.3902
16,4096,294,118,173.462
16,4096,294,120,174.5097
16,4096,294,122,150.7322
16,4096,294,124,168.4907
16,4096,294,126,166.728
16,4096,294,128,159.6289
16,4096,294,130,181.7104
16,4096,294,132,173.4235
16,4096,294,134,168.9573
16,4096,294,136,169.5334
16,4096,294,138,171.0694
16,4096,294,140,147.3864
16,4096,294,142,149.3802
16,4096,294,144,162.7894
16,4096,294,146,146.7327
16,4096,294,148,164.6461
16,4096,294,150,173.9333
16,4096,294,152,171.6564
16,4096,294,154,174.664
16,4096,294,156,159.5024
16,4096,294,158,180.1812
16,4096,294,160,174.0825
16,4096,294,162,151.4156
16,4096,294,164,171.724
16,4096,294,166,169.7754
16,4096,294,168,172.9372
16,4096,294,170,175.0569
16,4096,294,172,165.6066
16,4096,294,174,159.8886
16,4096,294,176,177.7209
16,4096,294,178,156.5916
16,4096,294,180,170.9186
16,4096,294,182,170.2206
16,4096,294,184,165.4661
16,4096,294,186,159.7927
16,4096,294,188,173.7356
16,4096,294,190,174.5702
16,4096,294,192,161.7674
16,4096,294,194,184.3843
16,4096,294,196,181.4257
16,4096,294,198,156.3502
16,4096,294,200,169.1342
16,4096,294,202,164.2103
16,4096,294,204,146.2459
16,4096,294,206,155.9658
16,4096,294,208,176.0937
16,4096,294,210,171.6888
16,4096,294,212,152.9984
16,4096,294,214,174.313
16,4096,294,216,169.489
16,4096,294,218,172.8552
16,4096,294,220,162.2447
16,4096,294,222,160.476
16,4096,294,224,161.3052
16,4096,294,226,161.3848
16,4096,294,228,152.5008
16,4096,294,230,166.9662
16,4096,294,232,162.354
16,4096,294,234,147.4776
16,4096,294,236,145.2504
16,4096,294,238,163.0774
16,4096,294,240,152.4887
16,4096,294,242,142.6348
16,4096,294,244,144.1183
16,4096,294,246,154.0459
16,4096,294,248,160.3005
16,4096,294,250,144.5695
16,4096,294,252,157.781
16,4096,294,254,147.6665
16,4096,294,256,146.545
16,4096,294,258,166.9811
16,4096,294,260,150.5507
16,4096,294,262,153.8821
16,4096,294,264,161.4097
16,4096,294,266,158.894
16,4096,294,268,163.4957
16,4096,294,270,151.5648
16,4096,294,272,153.9936
16,4096,294,274,158.3714
16,4096,294,276,138.2646
16,4096,294,278,139.0624
16,4096,294,280,140.6896
16,4096,294,282,167.1916
16,4096,294,284,161.8023
16,4096,294,286,165.1539
16,4096,294,288,124.8539
16,4096,294,290,144.4232
16,4096,294,292,126.0253
16,4096,296,2,66.3799
16,4096,296,4,113.6258
16,4096,296,6,146.6015
16,4096,296,8,195.4556
16,4096,296,10,196.1704
16,4096,296,12,223.0548
16,4096,296,14,240.4542
16,4096,296,16,227.147
16,4096,296,18,226.8373
16,4096,296,20,240.4322
16,4096,296,22,246.5894
16,4096,296,24,236.3629
16,4096,296,26,251.4963
16,4096,296,28,274.7985
16,4096,296,30,240.8673
16,4096,296,32,231.9672
16,4096,296,34,236.9688
16,4096,296,36,269.5699
16,4096,296,38,243.4009
16,4096,296,40,259.5477
16,4096,296,42,241.9472
16,4096,296,44,264.2647
16,4096,296,46,242.0917
16,4096,296,48,205.1728
16,4096,296,50,224.7128
16,4096,296,52,228.4988
16,4096,296,54,185.9216
16,4096,296,56,180.6024
16,4096,296,58,193.0225
16,4096,296,60,192.3271
16,4096,296,62,199.3681
16,4096,296,64,186.2524
16,4096,296,66,168.559
16,4096,296,68,195.118
16,4096,296,70,169.5425
16,4096,296,72,181.8403
16,4096,296,74,189.8596
16,4096,296,76,149.1184
16,4096,296,78,182.8475
16,4096,296,80,189.4373
16,4096,296,82,174.358
16,4096,296,84,189.8025
16,4096,296,86,170.5598
16,4096,296,88,170.7956
16,4096,296,90,143.7449
16,4096,296,92,165.6895
16,4096,296,94,183.0968
16,4096,296,96,172.1444
16,4096,296,98,159.9361
16,4096,296,100,180.5483
16,4096,296,102,172.6573
16,4096,296,104,172.2181
16,4096,296,106,170.3467
16,4096,296,108,173.2676
16,4096,296,110,167.163
16,4096,296,112,175.0286
16,4096,296,114,172.4357
16,4096,296,116,158.3027
16,4096,296,118,160.9083
16,4096,296,120,156.1184
16,4096,296,122,168.3738
16,4096,296,124,164.912
16,4096,296,126,159.2966
16,4096,296,128,159.0075
16,4096,296,130,179.1833
16,4096,296,132,167.5373
16,4096,296,134,171.9381
16,4096,296,136,167.3804
16,4096,296,138,154.2143
16,4096,296,140,146.4583
16,4096,296,142,170.8907
16,4096,296,144,166.4488
16,4096,296,146,158.5596
16,4096,296,148,158.2126
16,4096,296,150,161.2393
16,4096,296,152,161.1734
16,4096,296,154,165.1289
16,4096,296,156,180.2171
16,4096,296,158,177.3398
16,4096,296,160,172.6512
16,4096,296,162,155.5968
16,4096,296,164,156.1898
16,4096,296,166,175.475
16,4096,296,168,171.4018
16,4096,296,170,169.0369
16,4096,296,172,178.6095
16,4096,296,174,168.6549
16,4096,296,176,171.0962
16,4096,296,178,169.9533
16,4096,296,180,149.5461
16,4096,296,182,164.254
16,4096,296,184,164.4226
16,4096,296,186,162.2775
16,4096,296,188,142.1508
16,4096,296,190,174.6428
16,4096,296,192,164.3892
16,4096,296,194,150.4968
16,4096,296,196,168.3942
16,4096,296,198,178.8373
16,4096,296,200,153.0875
16,4096,296,202,175.352
16,4096,296,204,166.0871
16,4096,296,206,164.9319
16,4096,296,208,153.5553
16,4096,296,210,170.5465
16,4096,296,212,161.3296
16,4096,296,214,156.4996
16,4096,296,216,159.7824
16,4096,296,218,149.6861
16,4096,296,220,146.1312
16,4096,296,222,163.4339
16,4096,296,224,150.444
16,4096,296,226,156.5462
16,4096,296,228,160.5932
16,4096,296,230,152.6835
16,4096,296,232,163.7992
16,4096,296,234,163.5338
16,4096,296,236,153.1921
16,4096,296,238,163.0033
16,4096,296,240,159.4765
16,4096,296,242,147.8558
16,4096,296,244,132.0884
16,4096,296,246,151.7372
16,4096,296,248,147.9879
16,4096,296,250,154.5547
16,4096,296,252,154.5817
16,4096,296,254,149.1641
16,4096,296,256,150.9234
16,4096,296,258,144.4059
16,4096,296,260,147.908
16,4096,296,262,159.9095
16,4096,296,264,154.2792
16,4096,296,266,143.5544
16,4096,296,268,154.5455
16,4096,296,270,149.2661
16,4096,296,272,152.0136
16,4096,296,274,144.3581
16,4096,296,276,156.0907
16,4096,296,278,141.3072
16,4096,296,280,153.6806
16,4096,296,282,144.0724
16,4096,296,284,148.1956
16,4096,296,286,147.9893
16,4096,296,288,150.8754
16,4096,296,290,142.4776
16,4096,296,292,139.9852
16,4096,296,294,141.5884
16,4096,298,2,62.3168
16,4096,298,4,123.4459
16,4096,298,6,148.3972
16,4096,298,8,203.7926
16,4096,298,10,201.8195
16,4096,298,12,216.3361
16,4096,298,14,229.82
16,4096,298,16,248.9001
16,4096,298,18,233.0108
16,4096,298,20,235.6022
16,4096,298,22,251.8181
16,4096,298,24,248.6339
16,4096,298,26,240.1064
16,4096,298,28,245.1296
16,4096,298,30,269.28
16,4096,298,32,241.4012
16,4096,298,34,264.7372
16,4096,298,36,251.444
16,4096,298,38,260.2936
16,4096,298,40,234.737
16,4096,298,42,220.2703
16,4096,298,44,249.8471
16,4096,298,46,222.5098
16,4096,298,48,205.2916
16,4096,298,50,224.1873
16,4096,298,52,204.2923
16,4096,298,54,225.2659
16,4096,298,56,189.9637
16,4096,298,58,176.2842
16,4096,298,60,193.2773
16,4096,298,62,197.8206
16,4096,298,64,201.1616
16,4096,298,66,187.0042
16,4096,298,68,187.762
16,4096,298,70,173.8956
16,4096,298,72,171.3027
16,4096,298,74,180.3667
16,4096,298,76,175.9674
16,4096,298,78,166.6945
16,4096,298,80,166.3477
16,4096,298,82,185.3054
16,4096,298,84,181.5432
16,4096,298,86,192.4964
16,4096,298,88,178.7067
16,4096,298,90,147.5829
16,4096,298,92,176.2772
16,4096,298,94,175.4082
16,4096,298,96,165.6201
16,4096,298,98,154.4474
16,4096,298,100,175.4222
16,4096,298,102,171.7411
16,4096,298,104,165.5053
16,4096,298,106,180.5401
16,4096,298,108,162.5295
16,4096,298,110,177.2577
16,4096,298,112,180.8566
16,4096,298,114,172.0355
16,4096,298,116,171.9164
16,4096,298,118,170.77
16,4096,298,120,160.2189
16,4096,298,122,174.7798
16,4096,298,124,165.1757
16,4096,298,126,151.561
16,4096,298,128,176.0018
16,4096,298,130,176.1853
16,4096,298,132,153.6278
16,4096,298,134,169.992
16,4096,298,136,171.41
16,4096,298,138,149.2446
16,4096,298,140,163.0303
16,4096,298,142,150.8447
16,4096,298,144,162.5735
16,4096,298,146,152.0425
16,4096,298,148,147.5445
16,4096,298,150,163.7832
16,4096,298,152,166.9958
16,4096,298,154,175.7908
16,4096,298,156,155.3303
16,4096,298,158,171.8643
16,4096,298,160,168.514
16,4096,298,162,179.5992
16,4096,298,164,177.0896
16,4096,298,166,168.9491
16,4096,298,168,173.8438
16,4096,298,170,166.2978
16,4096,298,172,155.2035
16,4096,298,174,169.3306
16,4096,298,176,172.9609
16,4096,298,178,173.9716
16,4096,298,180,161.9815
16,4096,298,182,173.5311
16,4096,298,184,151.0092
16,4096,298,186,158.2804
16,4096,298,188,167.3683
16,4096,298,190,177.3546
16,4096,298,192,153.1534
16,4096,298,194,163.5818
16,4096,298,196,169.7749
16,4096,298,198,180.6931
16,4096,298,200,160.9124
16,4096,298,202,175.0547
16,4096,298,204,169.637
16,4096,298,206,156.8297
16,4096,298,208,176.1094
16,4096,298,210,170.4072
16,4096,298,212,177.9612
16,4096,298,214,153.2381
16,4096,298,216,159.9496
16,4096,298,218,159.2378
16,4096,298,220,163.4089
16,4096,298,222,163.2629
16,4096,298,224,169.9873
16,4096,298,226,123.7259
16,4096,298,228,162.6864
16,4096,298,230,169.9889
16,4096,298,232,162.569
16,4096,298,234,161.1668
16,4096,298,236,144.1363
16,4096,298,238,161.9666
16,4096,298,240,160.4913
16,4096,298,242,142.0156
16,4096,298,244,155.1354
16,4096,298,246,163.2635
16,4096,298,248,166.306
16,4096,298,250,160.7191
16,4096,298,252,158.7585
16,4096,298,254,147.1835
16,4096,298,256,155.1531
16,4096,298,258,161.1965
16,4096,298,260,163.6431
16,4096,298,262,144.7892
16,4096,298,264,154.2693
16,4096,298,266,156.0037
16,4096,298,268,158.5733
16,4096,298,270,144.0253
16,4096,298,272,159.66
16,4096,298,274,151.6431
16,4096,298,276,145.4131
16,4096,298,278,151.4423
16,4096,298,280,151.0338
16,4096,298,282,154.2674
16,4096,298,284,152.5905
16,4096,298,286,147.4505
16,4096,298,288,150.0502
16,4096,298,290,128.4335
16,4096,298,292,141.5022
16,4096,298,294,135.3225
16,4096,298,296,131.894
16,4096,300,2,66.423
16,4096,300,4,113.8083
16,4096,300,6,145.1826
16,4096,300,8,206.9221
16,4096,300,10,192.0512
16,4096,300,12,249.7211
16,4096,300,14,218.3784
16,4096,300,16,230.4003
16,4096,300,18,219.4549
16,4096,300,20,249.8713
16,4096,300,22,239.736
16,4096,300,24,257.9357
16,4096,300,26,252.8059
16,4096,300,28,237.0102
16,4096,300,30,257.6461
16,4096,300,32,249.546
16,4096,300,34,233.1919
16,4096,300,36,244.0111
16,4096,300,38,231.1483
16,4096,300,40,252.1231
16,4096,300,42,260.7523
16,4096,300,44,247.4449
16,4096,300,46,258.4795
16,4096,300,48,226.8132
16,4096,300,50,201.2989
16,4096,300,52,230.1
16,4096,300,54,201.1379
16,4096,300,56,177.5244
16,4096,300,58,197.8889
16,4096,300,60,186.6705
16,4096,300,62,188.4261
16,4096,300,64,172.8901
16,4096,300,66,197.6867
16,4096,300,68,197.0985
16,4096,300,70,186.197
16,4096,300,72,186.0323
16,4096,300,74,177.9673
16,4096,300,76,176.6702
16,4096,300,78,190.5885
16,4096,300,80,160.1347
16,4096,300,82,179.0792
16,4096,300,84,194.0876
16,4096,300,86,185.5181
16,4096,300,88,185.9482
16,4096,300,90,188.5015
16,4096,300,92,183.1454
16,4096,300,94,170.0811
16,4096,300,96,172.6039
16,4096,300,98,168.0938
16,4096,300,100,181.6013
16,4096,300,102,170.7318
16,4096,300,104,148.1149
16,4096,300,106,183.8183
16,4096,300,108,174.7445
16,4096,300,110,168.1516
16,4096,300,112,183.2905
16,4096,300,114,153.3372
16,4096,300,116,164.3038
16,4096,300,118,160.5441
16,4096,300,120,166.3845
16,4096,300,122,151.6582
16,4096,300,124,171.9307
16,4096,300,126,175.8892
16,4096,300,128,172.9013
16,4096,300,130,173.9057
16,4096,300,132,152.1944
16,4096,300,134,160.5065
16,4096,300,136,172.9006
16,4096,300,138,163.9766
16,4096,300,140,145.5981
16,4096,300,142,172.8278
16,4096,300,144,155.4677
16,4096,300,146,170.4911
16,4096,300,148,161.4343
16,4096,300,150,172.581
16,4096,300,152,154.283
16,4096,300,154,153.3342
16,4096,300,156,174.2074
16,4096,300,158,152.0168
16,4096,300,160,160.841
16,4096,300,162,181.9043
16,4096,300,164,174.6776
16,4096,300,166,176.9228
16,4096,300,168,160.8668
16,4096,300,170,155.1889
16,4096,300,172,146.3568
16,4096,300,174,170.4868
16,4096,300,176,168.8548
16,4096,300,178,180.9796
16,4096,300,180,168.8492
16,4096,300,182,157.4183
16,4096,300,184,172.7358
16,4096,300,186,183.2227
16,4096,300,188,149.2231
16,4096,300,190,172.0139
16,4096,300,192,163.4565
16,4096,300,194,149.4646
16,4096,300,196,175.0039
16,4096,300,198,181.0187
16,4096,300,200,141.3166
16,4096,300,202,168.5508
16,4096,300,204,175.5794
16,4096,300,206,175.3175
16,4096,300,208,172.2459
16,4096,300,210,168.3197
16,4096,300,212,161.2382
16,4096,300,214,172.4133
16,4096,300,216,167.8269
16,4096,300,218,171.2366
16,4096,300,220,167.6406
16,4096,300,222,169.7213
16,4096,300,224,164.6499
16,4096,300,226,162.4576
16,4096,300,228,165.1428
16,4096,300,230,156.5497
16,4096,300,232,158.3852
16,4096,300,234,166.9231
16,4096,300,236,159.7589
16,4096,300,238,159.8362
16,4096,300,240,158.1566
16,4096,300,242,156.0519
16,4096,300,244,142.4015
16,4096,300,246,159.4954
16,4096,300,248,140.3914
16,4096,300,250,148.7535
16,4096,300,252,153.8148
16,4096,300,254,157.074
16,4096,300,256,140.3478
16,4096,300,258,169.9862
16,4096,300,260,153.1284
16,4096,300,262,158.5645
16,4096,300,264,159.8228
16,4096,300,266,163.4715
16,4096,300,268,155.7294
16,4096,300,270,155.1567
16,4096,300,272,136.5798
16,4096,300,274,150.3925
16,4096,300,276,157.3422
16,4096,300,278,156.7587
16,4096,300,280,154.7905
16,4096,300,282,149.2979
16,4096,300,284,141.5004
16,4096,300,286,138.4447
16,4096,300,288,146.6382
16,4096,300,290,139.3064
16,4096,300,292,126.1482
16,4096,300,294,133.6259
16,4096,300,296,137.4247
16,4096,300,298,141.5408
16,4096,302,2,66.6717
16,4096,302,4,114.7537
16,4096,302,6,152.5215
16,4096,302,8,185.8052
16,4096,302,10,199.8885
16,4096,302,12,220.0475
16,4096,302,14,239.4305
16,4096,302,16,252.4628
16,4096,302,18,233.1946
16,4096,302,20,257.6325
16,4096,302,22,241.4339
16,4096,302,24,251.7746
16,4096,302,26,260.0411
16,4096,302,28,254.1081
16,4096,302,30,240.9618
16,4096,302,32,233.9282
16,4096,302,34,258.053
16,4096,302,36,240.6512
16,4096,302,38,269.1079
16,4096,302,40,237.8209
16,4096,302,42,270.3321
16,4096,302,44,237.4034
16,4096,302,46,249.899
16,4096,302,48,234.642
16,4096,302,50,226.2815
16,4096,302,52,184.5998
16,4096,302,54,218.8158
16,4096,302,56,201.0854
16,4096,302,58,193.5718
16,4096,302,60,194.1353
16,4096,302,62,201.6905
16,4096,302,64,195.6852
16,4096,302,66,196.0512
16,4096,302,68,168.9744
16,4096,302,70,185.5296
16,4096,302,72,185.9959
16,4096,302,74,149.1662
16,4096,302,76,174.8278
16,4096,302,78,195.3192
16,4096,302,80,183.0139
16,4096,302,82,188.3503
16,4096,302,84,192.4621
16,4096,302,86,164.8261
16,4096,302,88,183.6128
16,4096,302,90,177.7608
16,4096,302,92,179.5491
16,4096,302,94,152.0086
16,4096,302,96,179.2744
16,4096,302,98,180.01
16,4096,302,100,175.1074
16,4096,302,102,167.7842
16,4096,302,104,185.752
16,4096,302,106,167.1621
16,4096,302,108,165.8471
16,4096,302,110,180.0498
16,4096,302,112,175.4544
16,4096,302,114,170.5256
16,4096,302,116,158.1689
16,4096,302,118,183.7486
16,4096,302,120,150.7789
16,4096,302,122,173.0219
16,4096,302,124,173.2488
16,4096,302,126,173.9431
16,4096,302,128,162.5016
16,4096,302,130,173.3048
16,4096,302,132,148.7768
16,4096,302,134,144.9012
16,4096,302,136,176.7798
16,4096,302,138,173.8974
16,4096,302,140,170.3217
16,4096,302,142,172.0106
16,4096,302,144,165.2206
16,4096,302,146,142.7028
16,4096,302,148,155.4798
16,4096,302,150,167.4709
16,4096,302,152,175.9788
16,4096,302,154,146.3048
16,4096,302,156,170.5023
16,4096,302,158,164.0847
16,4096,302,160,162.1572
16,4096,302,162,172.5472
16,4096,302,164,159.7929
16,4096,302,166,162.6957
16,4096,302,168,174.4308
16,4096,302,170,170.2659
16,4096,302,172,160.8241
16,4096,302,174,172.8786
16,4096,302,176,179.2844
16,4096,302,178,155.2726
16,4096,302,180,173.5885
16,4096,302,182,171.9104
16,4096,302,184,166.7712
16,4096,302,186,166.272
16,4096,302,188,173.399
16,4096,302,190,179.3784
16,4096,302,192,180.4378
16,4096,302,194,165.7415
16,4096,302,196,176.3136
16,4096,302,198,174.0955
16,4096,302,200,176.5736
16,4096,302,202,176.6239
16,4096,302,204,165.3825
16,4096,302,206,167.4229
16,4096,302,208,161.42
16,4096,302,210,172.1336
16,4096,302,212,173.4997
16,4096,302,214,147.1318
16,4096,302,216,165.9203
16,4096,302,218,172.9106
16,4096,302,220,158.8276
16,4096,302,222,164.8026
16,4096,302,224,155.9206
16,4096,302,226,158.9057
16,4096,302,228,169.8091
16,4096,302,230,138.4077
16,4096,302,232,164.5924
16,4096,302,234,165.7906
16,4096,302,236,164.0108
16,4096,302,238,170.7486
16,4096,302,240,151.4261
16,4096,302,242,138.2193
16,4096,302,244,161.3112
16,4096,302,246,156.5589
16,4096,302,248,159.6396
16,4096,302,250,145.4082
16,4096,302,252,153.2806
16,4096,302,254,136.3733
16,4096,302,256,158.8171
16,4096,302,258,143.6536
16,4096,302,260,141.8849
16,4096,302,262,164.3523
16,4096,302,264,143.3742
16,4096,302,266,155.3581
16,4096,302,268,149.1303
16,4096,302,270,153.6454
16,4096,302,272,155.9683
16,4096,302,274,136.6727
16,4096,302,276,154.783
16,4096,302,278,142.2406
16,4096,302,280,149.2522
16,4096,302,282,164.9178
16,4096,302,284,160.2414
16,4096,302,286,158.1615
16,4096,302,288,144.1192
16,4096,302,290,141.0401
16,4096,302,292,146.0119
16,4096,302,294,123.2664
16,4096,302,296,131.1903
16,4096,302,298,142.0506
16,4096,302,300,148.0696
16,4096,304,2,64.0442
16,4096,304,4,115.896
16,4096,304,6,150.2946
16,4096,304,8,187.1243
16,4096,304,10,197.1395
16,4096,304,12,206.5137
16,4096,304,14,231.2638
16,4096,304,16,236.0128
16,4096,304,18,227.81
16,4096,304,20,242.2973
16,4096,304,22,255.6524
16,4096,304,24,252.2219
16,4096,304,26,254.4827
16,4096,304,28,246.3301
16,4096,304,30,255.9513
16,4096,304,32,246.254
16,4096,304,34,228.0494
16,4096,304,36,261.0155
16,4096,304,38,247.918
16,4096,304,40,249.252
16,4096,304,42,199.2646
16,4096,304,44,256.6199
16,4096,304,46,231.9716
16,4096,304,48,238.5349
16,4096,304,50,225.5512
16,4096,304,52,238.1416
16,4096,304,54,234.6965
16,4096,304,56,185.0721
16,4096,304,58,180.1412
16,4096,304,60,171.9417
16,4096,304,62,192.0592
16,4096,304,64,185.1984
16,4096,304,66,195.7747
16,4096,304,68,187.0186
16,4096,304,70,193.8934
16,4096,304,72,191.1469
16,4096,304,74,188.0596
16,4096,304,76,182.8572
16,4096,304,78,172.2725
16,4096,304,80,197.2181
16,4096,304,82,182.7617
16,4096,304,84,154.7149
16,4096,304,86,174.6884
16,4096,304,88,187.2475
16,4096,304,90,186.6951
16,4096,304,92,186.4101
16,4096,304,94,182.7001
16,4096,304,96,170.8467
16,4096,304,98,165.85
16,4096,304,100,172.0136
16,4096,304,102,155.5846
16,4096,304,104,182.5865
16,4096,304,106,167.0508
16,4096,304,108,178.8249
16,4096,304,110,181.1926
16,4096,304,112,171.5922
16,4096,304,114,177.436
16,4096,304,116,168.5362
16,4096,304,118,163.0999
16,4096,304,120,173.3182
16,4096,304,122,180.5101
16,4096,304,124,147.48
16,4096,304,126,179.708
16,4096,304,128,180.5871
16,4096,304,130,167.3661
16,4096,304,132,176.9729
16,4096,304,134,165.3004
16,4096,304,136,168.283
16,4096,304,138,159.9993
16,4096,304,140,172.1648
16,4096,304,142,152.0826
16,4096,304,144,166.8265
16,4096,304,146,164.3763
16,4096,304,148,166.7255
16,4096,304,150,164.726
16,4096,304,152,175.0942
16,4096,304,154,151.1951
16,4096,304,156,147.8638
16,4096,304,158,186.1041
16,4096,304,160,174.7711
16,4096,304,162,182.2554
16,4096,304,164,175.0356
16,4096,304,166,175.1312
16,4096,304,168,177.8465
16,4096,304,170,162.0851
16,4096,304,172,179.3451
16,4096,304,174,170.5216
16,4096,304,176,155.486
16,4096,304,178,168.0966
16,4096,304,180,175.8123
16,4096,304,182,159.1516
16,4096,304,184,149.5878
16,4096,304,186,181.0758
16,4096,304,188,173.7556
16,4096,304,190,177.1253
16,4096,304,192,176.6698
16,4096,304,194,173.2286
16,4096,304,196,171.8405
16,4096,304,198,183.0489
16,4096,304,200,155.1065
16,4096,304,202,171.8266
16,4096,304,204,165.4154
16,4096,304,206,160.5729
16,4096,304,208,145.254
16,4096,304,210,178.0829
16,4096,304,212,171.4071
16,4096,304,214,166.3061
16,4096,304,216,170.2405
16,4096,304,218,147.3743
16,4096,304,220,158.3038
16,4096,304,222,175.4094
16,4096,304,224,162.7706
16,4096,304,226,161.779
16,4096,304,228,166.17
16,4096,304,230,173.01
16,4096,304,232,149.8239
16,4096,304,234,164.5943
16,4096,304,236,137.5896
16,4096,304,238,172.64
16,4096,304,240,123.3259
16,4096,304,242,160.2199
16,4096,304,244,147.3268
16,4096,304,246,159.9983
16,4096,304,248,139.2262
16,4096,304,250,153.5638
16,4096,304,252,150.8017
16,4096,304,254,162.6542
16,4096,304,256,137.9075
16,4096,304,258,173.1116
16,4096,304,260,166.4761
16,4096,304,262,164.0375
16,4096,304,264,136.3453
16,4096,304,266,156.8914
16,4096,304,268,149.9307
16,4096,304,270,160.0898
16,4096,304,272,148.4495
16,4096,304,274,160.6579
16,4096,304,276,156.2346
16,4096,304,278,144.9375
16,4096,304,280,138.7781
16,4096,304,282,153.7503
16,4096,304,284,154.3323
16,4096,304,286,151.4081
16,4096,304,288,152.6596
16,4096,304,290,138.2848
16,4096,304,292,146.3255
16,4096,304,294,147.1352
16,4096,304,296,139.671
16,4096,304,298,151.4347
16,4096,304,300,142.0512
16,4096,304,302,140.4143
16,4096,306,2,67.2323
16,4096,306,4,114.0639
16,4096,306,6,144.535
16,4096,306,8,201.3352
16,4096,306,10,200.7756
16,4096,306,12,236.731
16,4096,306,14,230.4175
16,4096,306,16,240.5833
16,4096,306,18,222.5034
16,4096,306,20,257.1673
16,4096,306,22,250.0798
16,4096,306,24,236.2789
16,4096,306,26,226.505
16,4096,306,28,252.741
16,4096,306,30,265.0224
16,4096,306,32,259.0942
16,4096,306,34,269.2912
16,4096,306,36,258.7431
16,4096,306,38,235.8053
16,4096,306,40,241.1626
16,4096,306,42,225.8145
16,4096,306,44,242.3923
16,4096,306,46,266.4995
16,4096,306,48,234.7119
16,4096,306,50,207.0556
16,4096,306,52,231.9843
16,4096,306,54,226.6714
16,4096,306,56,186.6824
16,4096,306,58,184.2677
16,4096,306,60,194.105
16,4096,306,62,195.7595
16,4096,306,64,192.5114
16,4096,306,66,174.7169
16,4096,306,68,178.4327
16,4096,306,70,187.7645
16,4096,306,72,177.3551
16,4096,306,74,169.6226
16,4096,306,76,186.9215
16,4096,306,78,178.3206
16,4096,306,80,165.6274
16,4096,306,82,178.8183
16,4096,306,84,160.6708
16,4096,306,86,166.5667
16,4096,306,88,182.4175
16,4096,306,90,189.1709
16,4096,306,92,177.7952
16,4096,306,94,165.9425
16,4096,306,96,184.143
16,4096,306,98,164.5741
16,4096,306,100,152.1441
16,4096,306,102,176.0249
16,4096,306,104,172.9777
16,4096,306,106,176.8921
16,4096,306,108,168.623
16,4096,306,110,170.5318
16,4096,306,112,156.8772
16,4096,306,114,157.6678
16,4096,306,116,157.299
16,4096,306,118,174.7966
16,4096,306,120,176.6521
16,4096,306,122,165.1691
16,4096,306,124,169.1622
16,4096,306,126,186.9227
16,4096,306,128,175.6468
16,4096,306,130,163.0789
16,4096,306,132,140.1658
16,4096,306,134,163.9179
16,4096,306,136,169.8814
16,4096,306,138,152.922
16,4096,306,140,172.2363
16,4096,306,142,169.0363
16,4096,306,144,148.0755
16,4096,306,146,143.8586
16,4096,306,148,162.3605
16,4096,306,150,144.3585
16,4096,306,152,152.4772
16,4096,306,154,173.8794
16,4096,306,156,180.5436
16,4096,306,158,186.2201
16,4096,306,160,173.2166
16,4096,306,162,174.9508
16,4096,306,164,176.3755
16,4096,306,166,158.8429
16,4096,306,168,179.2283
16,4096,306,170,170.5749
16,4096,306,172,178.0132
16,4096,306,174,170.1254
16,4096,306,176,174.398
16,4096,306,178,168.3266
16,4096,306,180,167.854
16,4096,306,182,151.0448
16,4096,306,184,169.0796
16,4096,306,186,177.444
16,4096,306,188,174.2469
16,4096,306,190,181.2056
16,4096,306,192,176.9986
16,4096,306,194,175.0361
16,4096,306,196,184.2031
16,4096,306,198,149.9425
16,4096,306,200,163.5364
16,4096,306,202,161.6536
16,4096,306,204,157.4851
16,4096,306,206,174.8067
16,4096,306,208,174.0655
16,4096,306,210,177.7234
16,4096,306,212,170.759
16,4096,306,214,157.1006
16,4096,306,216,166.4778
16,4096,306,218,166.7578
16,4096,306,220,151.3365
16,4096,306,222,167.9948
16,4096,306,224,178.8793
16,4096,306,226,142.2338
16,4096,306,228,162.8503
16,4096,306,230,168.6272
16,4096,306,232,164.4399
16,4096,306,234,162.2463
16,4096,306,236,160.5106
16,4096,306,238,158.1954
16,4096,306,240,159.9794
16,4096,306,242,162.7901
16,4096,306,244,172.2904
16,4096,306,246,151.7925
16,4096,306,248,160.3137
16,4096,306,250,157.7378
16,4096,306,252,151.8444
16,4096,306,254,159.2689
16,4096,306,256,129.7663
16,4096,306,258,158.653
16,4096,306,260,162.9371
16,4096,306,262,157.5762
16,4096,306,264,151.496
16,4096,306,266,165.5863
16,4096,306,268,162.4765
16,4096,306,270,160.6682
16,4096,306,272,138.1801
16,4096,306,274,156.165
16,4096,306,276,157.6225
16,4096,306,278,158.8021
16,4096,306,280,156.4641
16,4096,306,282,154.0846
16,4096,306,284,144.705
16,4096,306,286,159.8467
16,4096,306,288,144.0612
16,4096,306,290,141.8912
16,4096,306,292,132.3719
16,4096,306,294,143.531
16,4096,306,296,141.5699
16,4096,306,298,144.8202
16,4096,306,300,142.9259
16,4096,306,302,134.7948
16,4096,306,304,140.7518
16,4096,308,2,65.2819
16,4096,308,4,105.5225
16,4096,308,6,143.5188
16,4096,308,8,177.414
16,4096,308,10,194.8925
16,4096,308,12,217.0638
16,4096,308,14,226.81
16,4096,308,16,246.0606
16,4096,308,18,239.1775
16,4096,308,20,237.0885
16,4096,308,22,251.2332
16,4096,308,24,248.0644
16,4096,308,26,247.5458
16,4096,308,28,261.9371
16,4096,308,30,236.1855
16,4096,308,32,243.2113
16,4096,308,34,238.6994
16,4096,308,36,263.0546
16,4096,308,38,252.0597
16,4096,308,40,265.5215
16,4096,308,42,240.0084
16,4096,308,44,230.6724
16,4096,308,46,248.1812
16,4096,308,48,199.8255
16,4096,308,50,225.4257
16,4096,308,52,233.534
16,4096,308,54,209.5677
16,4096,308,56,187.9722
16,4096,308,58,198.2168
16,4096,308,60,189.0687
16,4096,308,62,189.3702
16,4096,308,64,198.9777
16,4096,308,66,196.7573
16,4096,308,68,175.9384
16,4096,308,70,170.2584
16,4096,308,72,164.4272
16,4096,308,74,186.5398
16,4096,308,76,170.9404
16,4096,308,78,166.7858
16,4096,308,80,186.8952
16,4096,308,82,181.7522
16,4096,308,84,162.9309
16,4096,308,86,182.1134
16,4096,308,88,170.5175
16,4096,308,90,167.1543
16,4096,308,92,190.3352
16,4096,308,94,184.7788
16,4096,308,96,152.2912
16,4096,308,98,175.5478
16,4096,308,100,170.0688
16,4096,308,102,160.574
16,4096,308,104,157.144
16,4096,308,106,168.8152
16,4096,308,108,170.9614
16,4096,308,110,177.5844
16,4096,308,112,158.6895
16,4096,308,114,166.2573
16,4096,308,116,183.236
16,4096,308,118,159.7607
16,4096,308,120,175.1223
16,4096,308,122,177.5494
16,4096,308,124,157.5131
16,4096,308,126,169.8216
16,4096,308,128,155.0056
16,4096,308,130,175.0101
16,4096,308,132,175.0383
16,4096,308,134,180.7772
16,4096,308,136,177.1028
16,4096,308,138,175.1497
16,4096,308,140,169.1523
16,4096,308,142,168.6422
16,4096,308,144,169.725
16,4096,308,146,161.005
16,4096,308,148,152.9708
16,4096,308,150,162.3187
16,4096,308,152,162.1404
16,4096,308,154,180.4512
16,4096,308,156,129.8344
16,4096,308,158,155.2249
16,4096,308,160,167.5848
16,4096,308,162,173.9595
16,4096,308,164,152.2824
16,4096,308,166,166.047
16,4096,308,168,173.8221
16,4096,308,170,164.1605
16,4096,308,172,164.0311
16,4096,308,174,177.9793
16,4096,308,176,174.0742
16,4096,308,178,176.2097
16,4096,308,180,158.7541
16,4096,308,182,172.804
16,4096,308,184,168.212
16,4096,308,186,164.7595
16,4096,308,188,170.5003
16,4096,308,190,165.9399
16,4096,308,192,171.0775
16,4096,308,194,151.3257
16,4096,308,196,176.5102
16,4096,308,198,174.4647
16,4096,308,200,176.6218
16,4096,308,202,169.1149
16,4096,308,204,147.8972
16,4096,308,206,173.5696
16,4096,308,208,152.9028
16,4096,308,210,150.8076
16,4096,308,212,163.301
16,4096,308,214,151.7803
16,4096,308,216,171.0809
16,4096,308,218,167.2399
16,4096,308,220,142.5839
16,4096,308,222,161.3906
16,4096,308,224,153.8708
16,4096,308,226,172.1449
16,4096,308,228,167.7287
16,4096,308,230,147.4944
16,4096,308,232,169.4689
16,4096,308,234,169.0934
16,4096,308,236,164.7495
16,4096,308,238,155.9031
16,4096,308,240,156.6313
16,4096,308,242,150.0145
16,4096,308,244,160.3617
16,4096,308,246,164.614
16,4096,308,248,141.3309
16,4096,308,250,134.94
16,4096,308,252,159.307
16,4096,308,254,150.9497
16,4096,308,256,156.2687
16,4096,308,258,156.9221
16,4096,308,260,141.9582
16,4096,308,262,156.3603
16,4096,308,264,140.534
16,4096,308,266,145.3914
16,4096,308,268,162.1155
16,4096,308,270,159.0344
16,4096,308,272,149.11
16,4096,308,274,156.2078
16,4096,308,276,153.2305
16,4096,308,278,150.3054
16,4096,308,280,158.8359
16,4096,308,282,152.8489
16,4096,308,284,154.6595
16,4096,308,286,155.0122
16,4096,308,288,137.18
16,4096,308,290,144.3483
16,4096,308,292,139.8177
16,4096,308,294,136.1523
16,4096,308,296,118.3034
16,4096,308,298,147.1829
16,4096,308,300,142.943
16,4096,308,302,138.2744
16,4096,308,304,136.4165
16,4096,308,306,144.5702
16,4096,310,2,65.2788
16,4096,310,4,115.0477
16,4096,310,6,141.646
16,4096,310,8,197.876
16,4096,310,10,213.2584
16,4096,310,12,223.2541
16,4096,310,14,223.9913
16,4096,310,16,254.0992
16,4096,310,18,236.7515
16,4096,310,20,260.0316
16,4096,310,22,230.9571
16,4096,310,24,266.9955
16,4096,310,26,230.45
16,4096,310,28,209.88
16,4096,310,30,248.4275
16,4096,310,32,229.6078
16,4096,310,34,235.7489
16,4096,310,36,238.9144
16,4096,310,38,258.6799
16,4096,310,40,250.9415
16,4096,310,42,259.0915
16,4096,310,44,233.5293
16,4096,310,46,248.2237
16,4096,310,48,205.2953
16,4096,310,50,198.5455
16,4096,310,52,222.2993
16,4096,310,54,231.3516
16,4096,310,56,176.1305
16,4096,310,58,177.1211
16,4096,310,60,187.1179
16,4096,310,62,186.2636
16,4096,310,64,192.0528
16,4096,310,66,196.308
16,4096,310,68,183.9058
16,4096,310,70,181.99
16,4096,310,72,170.7467
16,4096,310,74,181.5126
16,4096,310,76,193.3473
16,4096,310,78,165.4448
16,4096,310,80,185.1156
16,4096,310,82,183.6093
16,4096,310,84,175.8238
16,4096,310,86,171.1298
16,4096,310,88,178.5787
16,4096,310,90,158.9542
16,4096,310,92,169.3528
16,4096,310,94,178.8174
16,4096,310,96,182.7845
16,4096,310,98,159.2239
16,4096,310,100,169.4214
16,4096,310,102,171.3039
16,4096,310,104,157.7753
16,4096,310,106,174.7783
16,4096,310,108,170.0084
16,4096,310,110,171.4479
16,4096,310,112,181.1551
16,4096,310,114,166.1099
16,4096,310,116,158.5455
16,4096,310,118,183.5567
16,4096,310,120,158.2484
16,4096,310,122,175.9445
16,4096,310,124,177.2584
16,4096,310,126,167.9008
16,4096,310,128,157.9657
16,4096,310,130,158.66
16,4096,310,132,171.8942
16,4096,310,134,164.0855
16,4096,310,136,176.451
16,4096,310,138,167.5328
16,4096,310,140,161.4947
16,4096,310,142,164.4198
16,4096,310,144,147.6097
16,4096,310,146,161.6229
16,4096,310,148,149.2231
16,4096,310,150,160.4397
16,4096,310,152,166.5746
16,4096,310,154,165.8875
16,4096,310,156,175.1934
16,4096,310,158,159.9915
16,4096,310,160,172.7372
16,4096,310,162,157.9839
16,4096,310,164,144.8705
16,4096,310,166,163.4943
16,4096,310,168,158.3454
16,4096,310,170,170.7426
16,4096,310,172,175.1513
16,4096,310,174,173.221
16,4096,310,176,174.6759
16,4096,310,178,168.6231
16,4096,310,180,176.4108
16,4096,310,182,155.8175
16,4096,310,184,180.2324
16,4096,310,186,153.546
16,4096,310,188,173.7531
16,4096,310,190,185.3903
16,4096,310,192,165.6025
16,4096,310,194,176.6937
16,4096,310,196,168.904
16,4096,310,198,177.4189
16,4096,310,200,173.9314
16,4096,310,202,159.2504
16,4096,310,204,162.2978
16,4096,310,206,164.0913
16,4096,310,208,170.7889
16,4096,310,210,177.3087
16,4096,310,212,168.9901
16,4096,310,214,167.7958
16,4096,310,216,179.9409
16,4096,310,218,147.1781
16,4096,310,220,171.7988
16,4096,310,222,161.5627
16,4096,310,224,160.0841
16,4096,310,226,158.6376
16,4096,310,228,162.9085
16,4096,310,230,160.5238
16,4096,310,232,166.0431
16,4096,310,234,134.4229
16,4096,310,236,159.7941
16,4096,310,238,154.5694
16,4096,310,240,151.5065
16,4096,310,242,157.0678
16,4096,310,244,142.6062
16,4096,310,246,162.5949
16,4096,310,248,160.9411
16,4096,310,250,155.8179
16,4096,310,252,152.6028
16,4096,310,254,158.098
16,4096,310,256,152.1437
16,4096,310,258,161.3735
16,4096,310,260,143.4932
16,4096,310,262,142.1152
16,4096,310,264,160.9578
16,4096,310,266,153.1989
16,4096,310,268,158.6571
16,4096,310,270,162.1071
16,4096,310,272,130.5187
16,4096,310,274,154.036
16,4096,310,276,155.7603
16,4096,310,278,154.1597
16,4096,310,280,151.5366
16,4096,310,282,157.5991
16,4096,310,284,149.821
16,4096,310,286,153.1238
16,4096,310,288,135.9377
16,4096,310,290,140.2231
16,4096,310,292,124.6235
16,4096,310,294,151.2165
16,4096,310,296,131.2368
16,4096,310,298,138.3447
16,4096,310,300,142.8153
16,4096,310,302,139.0344
16,4096,310,304,143.0896
16,4096,310,306,131.1778
16,4096,310,308,147.4847
16,4096,312,2,64.1373
16,4096,312,4,112.3261
16,4096,312,6,132.813
16,4096,312,8,203.2949
16,4096,312,10,200.3299
16,4096,312,12,205.9558
16,4096,312,14,237.452
16,4096,312,16,251.1968
16,4096,312,18,238.2748
16,4096,312,20,247.454
16,4096,312,22,237.7181
16,4096,312,24,256.0914
16,4096,312,26,223.808
16,4096,312,28,256.7599
16,4096,312,30,268.21
16,4096,312,32,235.4611
16,4096,312,34,231.5179
16,4096,312,36,242.2101
16,4096,312,38,258.807
16,4096,312,40,238.1672
16,4096,312,42,250.0045
16,4096,312,44,229.7214
16,4096,312,46,249.081
16,4096,312,48,205.8732
16,4096,312,50,200.3231
16,4096,312,52,228.9251
16,4096,312,54,226.1899
16,4096,312,56,166.8656
16,4096,312,58,152.5211
16,4096,312,60,190.3336
16,4096,312,62,185.0435
16,4096,312,64,182.5701
16,4096,312,66,181.0764
16,4096,312,68,163.1731
16,4096,312,70,172.6261
16,4096,312,72,188.5349
16,4096,312,74,182.5569
16,4096,312,76,157.9247
16,4096,312,78,179.0202
16,4096,312,80,188.6785
16,4096,312,82,183.8312
16,4096,312,84,179.8597
16,4096,312,86,173.4956
16,4096,312,88,167.6124
16,4096,312,90,166.842
16,4096,312,92,173.5377
16,4096,312,94,183.7002
16,4096,312,96,171.8464
16,4096,312,98,172.8893
16,4096,312,100,170.2462
16,4096,312,102,164.3578
16,4096,312,104,159.6521
16,4096,312,106,171.2949
16,4096,312,108,166.2443
16,4096,312,110,154.1937
16,4096,312,112,171.6888
16,4096,312,114,151.225
16,4096,312,116,161.2411
16,4096,312,118,176.1138
16,4096,312,120,175.3478
16,4096,312,122,166.3183
16,4096,312,124,154.7911
16,4096,312,126,169.1525
16,4096,312,128,149.2888
16,4096,312,130,164.0978
16,4096,312,132,174.3535
16,4096,312,134,176.8562
16,4096,312,136,169.3713
16,4096,312,138,167.9043
16,4096,312,140,151.4001
16,4096,312,142,168.2919
16,4096,312,144,149.5693
16,4096,312,146,163.516
16,4096,312,148,163.8827
16,4096,312,150,161.9631
16,4096,312,152,163.7604
16,4096,312,154,166.3338
16,4096,312,156,166.6805
16,4096,312,158,158.5988
16,4096,312,160,164.8488
16,4096,312,162,171.6261
16,4096,312,164,147.4953
16,4096,312,166,161.7951
16,4096,312,168,158.5075
16,4096,312,170,171.5463
16,4096,312,172,179.6148
16,4096,312,174,168.6616
16,4096,312,176,173.5421
16,4096,312,178,164.3427
16,4096,312,180,174.0717
16,4096,312,182,161.5493
16,4096,312,184,164.4574
16,4096,312,186,150.459
16,4096,312,188,150.4704
16,4096,312,190,179.6872
16,4096,312,192,161.7578
16,4096,312,194,173.9844
16,4096,312,196,174.1682
16,4096,312,198,168.7318
16,4096,312,200,166.7121
16,4096,312,202,156.9663
16,4096,312,204,167.1087
16,4096,312,206,162.9224
16,4096,312,208,170.5478
16,4096,312,210,177.0704
16,4096,312,212,153.7437
16,4096,312,214,174.1278
16,4096,312,216,169.3259
16,4096,312,218,144.2575
16,4096,312,220,165.296
16,4096,312,222,156.6606
16,4096,312,224,158.0862
16,4096,312,226,163.5605
16,4096,312,228,166.5897
16,4096,312,230,165.2324
16,4096,312,232,161.5719
16,4096,312,234,160.7997
16,4096,312,236,154.434
16,4096,312,238,160.208
16,4096,312,240,160.7325
16,4096,312,242,141.0058
16,4096,312,244,156.9519
16,4096,312,246,156.7418
16,4096,312,248,157.9039
16,4096,312,250,144.2347
16,4096,312,252,154.6555
16,4096,312,254,136.5647
16,4096,312,256,156.4656
16,4096,312,258,150.9265
16,4096,312,260,144.6931
16,4096,312,262,163.2996
16,4096,312,264,141.5576
16,4096,312,266,167.9399
16,4096,312,268,157.8099
16,4096,312,270,150.6943
16,4096,312,272,156.8633
16,4096,312,274,133.5155
16,4096,312,276,156.8092
16,4096,312,278,134.7325
16,4096,312,280,156.5257
16,4096,312,282,158.2352
16,4096,312,284,156.9946
16,4096,312,286,141.7409
16,4096,312,288,146.1127
16,4096,312,290,144.5789
16,4096,312,292,142.6645
16,4096,312,294,150.0417
16,4096,312,296,138.2527
16,4096,312,298,147.3545
16,4096,312,300,149.7853
16,4096,312,302,143.1483
16,4096,312,304,145.9162
16,4096,312,306,132.4903
16,4096,312,308,142.7269
16,4096,312,310,146.3834
16,4096,314,2,65.6104
16,4096,314,4,114.7403
16,4096,314,6,140.8508
16,4096,314,8,196.0906
16,4096,314,10,178.5833
16,4096,314,12,202.1411
16,4096,314,14,221.3966
16,4096,314,16,238.6788
16,4096,314,18,223.0437
16,4096,314,20,253.1006
16,4096,314,22,252.0223
16,4096,314,24,276.7992
16,4096,314,26,233.1734
16,4096,314,28,233.8092
16,4096,314,30,251.7364
16,4096,314,32,233.466
16,4096,314,34,250.843
16,4096,314,36,236.5696
16,4096,314,38,241.8478
16,4096,314,40,226.107
16,4096,314,42,251.8645
16,4096,314,44,249.4533
16,4096,314,46,246.6112
16,4096,314,48,236.7937
16,4096,314,50,198.95
16,4096,314,52,205.5388
16,4096,314,54,216.1344
16,4096,314,56,179.15
16,4096,314,58,183.299
16,4096,314,60,179.1763
16,4096,314,62,168.5156
16,4096,314,64,176.7158
16,4096,314,66,172.3485
16,4096,314,68,174.3499
16,4096,314,70,188.7644
16,4096,314,72,155.9808
16,4096,314,74,174.9894
16,4096,314,76,181.6018
16,4096,314,78,149.2074
16,4096,314,80,175.3698
16,4096,314,82,172.3899
16,4096,314,84,171.6412
16,4096,314,86,163.8632
16,4096,314,88,175.7668
16,4096,314,90,154.8885
16,4096,314,92,180.8646
16,4096,314,94,174.6753
16,4096,314,96,172.4958
16,4096,314,98,164.2
16,4096,314,100,166.3154
16,4096,314,102,150.0635
16,4096,314,104,154.4123
16,4096,314,106,181.1109
16,4096,314,108,179.7618
16,4096,314,110,172.0994
16,4096,314,112,159.4089
16,4096,314,114,166.7075
16,4096,314,116,169.7349
16,4096,314,118,171.8811
16,4096,314,120,161.6618
16,4096,314,122,172.4114
16,4096,314,124,155.8874
16,4096,314,126,166.3022
16,4096,314,128,172.5495
16,4096,314,130,158.9792
16,4096,314,132,156.787
16,4096,314,134,163.6002
16,4096,314,136,168.2365
16,4096,314,138,144.4959
16,4096,314,140,161.232
16,4096,314,142,163.5417
16,4096,314,144,165.2202
16,4096,314,146,166.0641
16,4096,314,148,162.1623
16,4096,314,150,144.009
16,4096,314,152,160.6763
16,4096,314,154,147.7439
16,4096,314,156,157.3927
16,4096,314,158,156.7354
16,4096,314,160,168.9407
16,4096,314,162,160.6992
16,4096,314,164,151.8818
16,4096,314,166,171.5036
16,4096,314,168,169.8881
16,4096,314,170,164.2958
16,4096,314,172,163.6139
16,4096,314,174,163.7841
16,4096,314,176,170.9092
16,4096,314,178,164.5654
16,4096,314,180,157.1649
16,4096,314,182,147.276
16,4096,314,184,173.2809
16,4096,314,186,162.1444
16,4096,314,188,147.8419
16,4096,314,190,172.8649
16,4096,314,192,148.7748
16,4096,314,194,178.236
16,4096,314,196,167.2332
16,4096,314,198,166.7632
16,4096,314,200,174.4172
16,4096,314,202,162.242
16,4096,314,204,162.0319
16,4096,314,206,174.1557
16,4096,314,208,168.8911
16,4096,314,210,160.2975
16,4096,314,212,151.9205
16,4096,314,214,149.3448
16,4096,314,216,168.1995
16,4096,314,218,156.6879
16,4096,314,220,166.263
16,4096,314,222,173.018
16,4096,314,224,149.4608
16,4096,314,226,149.8981
16,4096,314,228,156.3925
16,4096,314,230,156.7991
16,4096,314,232,148.7218
16,4096,314,234,164.7459
16,4096,314,236,160.8716
16,4096,314,238,161.8628
16,4096,314,240,157.7705
16,4096,314,242,154.5013
16,4096,314,244,159.8395
16,4096,314,246,154.965
16,4096,314,248,152.5157
16,4096,314,250,153.1678
16,4096,314,252,141.0092
16,4096,314,254,153.4128
16,4096,314,256,153.6165
16,4096,314,258,157.712
16,4096,314,260,160.8366
16,4096,314,262,159.9625
16,4096,314,264,155.4913
16,4096,314,266,153.0642
16,4096,314,268,156.087
16,4096,314,270,158.3648
16,4096,314,272,154.5355
16,4096,314,274,156.4344
16,4096,314,276,154.0185
16,4096,314,278,155.7371
16,4096,314,280,142.2508
16,4096,314,282,149.7906
16,4096,314,284,152.024
16,4096,314,286,150.1624
16,4096,314,288,147.3409
16,4096,314,290,150.6899
16,4096,314,292,144.9021
16,4096,314,294,146.5691
16,4096,314,296,146.786
16,4096,314,298,147.9082
16,4096,314,300,125.1317
16,4096,314,302,143.0066
16,4096,314,304,143.4418
16,4096,314,306,128.2281
16,4096,314,308,132.5829
16,4096,314,310,141.5736
16,4096,314,312,140.5628
16,4096,316,2,64.3891
16,4096,316,4,111.9477
16,4096,316,6,152.6834
16,4096,316,8,178.7147
16,4096,316,10,193.4387
16,4096,316,12,194.3739
16,4096,316,14,233.0208
16,4096,316,16,234.9644
16,4096,316,18,196.5247
16,4096,316,20,247.9604
16,4096,316,22,230.8454
16,4096,316,24,254.9236
16,4096,316,26,240.9547
16,4096,316,28,251.8258
16,4096,316,30,236.1456
16,4096,316,32,227.9547
16,4096,316,34,247.9083
16,4096,316,36,254.9379
16,4096,316,38,245.3113
16,4096,316,40,235.2049
16,4096,316,42,232.5517
16,4096,316,44,253.7482
16,4096,316,46,220.8116
16,4096,316,48,218.7836
16,4096,316,50,217.5739
16,4096,316,52,220.4811
16,4096,316,54,219.8187
16,4096,316,56,170.2095
16,4096,316,58,168.4539
16,4096,316,60,183.0072
16,4096,316,62,154.6361
16,4096,316,64,184.6553
16,4096,316,66,181.0022
16,4096,316,68,184.5129
16,4096,316,70,175.1635
16,4096,316,72,180.0719
16,4096,316,74,167.9304
16,4096,316,76,168.6398
16,4096,316,78,154.8689
16,4096,316,80,167.1737
16,4096,316,82,174.6441
16,4096,316,84,157.0845
16,4096,316,86,188.1016
16,4096,316,88,163.7676
16,4096,316,90,174.1424
16,4096,316,92,180.907
16,4096,316,94,142.6707
16,4096,316,96,167.6483
16,4096,316,98,175.4045
16,4096,316,100,164.8558
16,4096,316,102,134.281
16,4096,316,104,150.6912
16,4096,316,106,173.3795
16,4096,316,108,175.9577
16,4096,316,110,164.3806
16,4096,316,112,168.037
16,4096,316,114,167.7898
16,4096,316,116,160.7827
16,4096,316,118,166.8519
16,4096,316,120,149.8983
16,4096,316,122,168.2328
16,4096,316,124,168.4235
16,4096,316,126,146.3028
16,4096,316,128,157.6117
16,4096,316,130,151.5446
16,4096,316,132,170.42
16,4096,316,134,169.0857
16,4096,316,136,166.9297
16,4096,316,138,169.7526
16,4096,316,140,164.8504
16,4096,316,142,165.5748
16,4096,316,144,167.6904
16,4096,316,146,154.9051
16,4096,316,148,159.416
16,4096,316,150,152.4092
16,4096,316,152,160.9789
16,4096,316,154,150.2847
16,4096,316,156,138.9451
16,4096,316,158,171.0433
16,4096,316,160,156.5484
16,4096,316,162,156.155
16,4096,316,164,150.0593
16,4096,316,166,171.2543
16,4096,316,168,170.0462
16,4096,316,170,154.3934
16,4096,316,172,166.7853
16,4096,316,174,169.7756
16,4096,316,176,152.4047
16,4096,316,178,168.7466
16,4096,316,180,152.1589
16,4096,316,182,143.7135
16,4096,316,184,165.9052
16,4096,316,186,157.9498
16,4096,316,188,162.6466
16,4096,316,190,169.9547
16,4096,316,192,166.7405
16,4096,316,194,174.0268
16,4096,316,196,147.8958
16,4096,316,198,173.7049
16,4096,316,200,149.3716
16,4096,316,202,146.3336
16,4096,316,204,166.8564
16,4096,316,206,150.1604
16,4096,316,208,173.0619
16,4096,316,210,149.2396
16,4096,316,212,176.8848
16,4096,316,214,162.811
16,4096,316,216,162.8915
16,4096,316,218,167.2834
16,4096,316,220,166.2732
16,4096,316,222,158.3076
16,4096,316,224,162.889
16,4096,316,226,143.3139
16,4096,316,228,148.3165
16,4096,316,230,150.29
16,4096,316,232,154.1527
16,4096,316,234,164.095
16,4096,316,236,151.6437
16,4096,316,238,164.3361
16,4096,316,240,162.846
16,4096,316,242,147.3916
16,4096,316,244,149.8321
16,4096,316,246,152.3326
16,4096,316,248,143.9216
16,4096,316,250,152.7029
16,4096,316,252,161.0645
16,4096,316,254,136.7471
16,4096,316,256,145.4694
16,4096,316,258,153.4451
16,4096,316,260,160.6568
16,4096,316,262,138.5473
16,4096,316,264,157.6148
16,4096,316,266,147.9149
16,4096,316,268,154.2098
16,4096,316,270,156.8808
16,4096,316,272,159.7768
16,4096,316,274,160.57
16,4096,316,276,151.2006
16,4096,316,278,151.8049
16,4096,316,280,153.1083
16,4096,316,282,153.8959
16,4096,316,284,150.1191
16,4096,316,286,148.3415
16,4096,316,288,152.2706
16,4096,316,290,141.545
16,4096,316,292,144.273
16,4096,316,294,142.0247
16,4096,316,296,146.4796
16,4096,316,298,152.1271
16,4096,316,300,147.9819
16,4096,316,302,142.2258
16,4096,316,304,140.0807
16,4096,316,306,146.9409
16,4096,316,308,145.0622
16,4096,316,310,123.1319
16,4096,316,312,146.2033
16,4096,316,314,121.5618
16,4096,318,2,67.7813
16,4096,318,4,112.4706
16,4096,318,6,139.1411
16,4096,318,8,171.6947
16,4096,318,10,208.4478
16,4096,318,12,205.3426
16,4096,318,14,203.9883
16,4096,318,16,245.3976
16,4096,318,18,226.1286
16,4096,318,20,233.2202
16,4096,318,22,225.4035
16,4096,318,24,249.0015
16,4096,318,26,250.4838
16,4096,318,28,260.9656
16,4096,318,30,248.3338
16,4096,318,32,236.776
16,4096,318,34,241.489
16,4096,318,36,237.1417
16,4096,318,38,246.8332
16,4096,318,40,242.6428
16,4096,318,42,243.8983
16,4096,318,44,238.9998
16,4096,318,46,217.7959
16,4096,318,48,218.793
16,4096,318,50,198.2006
16,4096,318,52,226.324
16,4096,318,54,217.2058
16,4096,318,56,159.8037
16,4096,318,58,177.8044
16,4096,318,60,174.2943
16,4096,318,62,179.3338
16,4096,318,64,174.7412
16,4096,318,66,168.6961
16,4096,318,68,176.7319
16,4096,318,70,173.0013
16,4096,318,72,167.6315
16,4096,318,74,159.0567
16,4096,318,76,186.696
16,4096,318,78,157.3906
16,4096,318,80,162.2299
16,4096,318,82,181.1165
16,4096,318,84,172.6299
16,4096,318,86,174.452
16,4096,318,88,169.9388
16,4096,318,90,178.0234
16,4096,318,92,161.9037
16,4096,318,94,161.9871
16,4096,318,96,172.3576
16,4096,318,98,168.8773
16,4096,318,100,167.4895
16,4096,318,102,143.0839
16,4096,318,104,151.7394
16,4096,318,106,158.691
16,4096,318,108,165.6569
16,4096,318,110,166.7771
16,4096,318,112,164.5356
16,4096,318,114,154.9227
16,4096,318,116,154.4136
16,4096,318,118,180.053
16,4096,318,120,167.7981
16,4096,318,122,161.6727
16,4096,318,124,162.3605
16,4096,318,126,168.7602
16,4096,318,128,155.4912
16,4096,318,130,165.1819
16,4096,318,132,169.5834
16,4096,318,134,160.977
16,4096,318,136,169.2503
16,4096,318,138,176.6996
16,4096,318,140,163.5534
16,4096,318,142,161.6425
16,4096,318,144,160.3415
16,4096,318,146,158.3397
16,4096,318,148,162.2504
16,4096,318,150,167.3508
16,4096,318,152,159.2401
16,4096,318,154,151.0172
16,4096,318,156,163.5536
16,4096,318,158,136.9391
16,4096,318,160,157.2332
16,4096,318,162,167.1614
16,4096,318,164,178.8452
16,4096,318,166,165.8812
16,4096,318,168,169.7193
16,4096,318,170,177.2177
16,4096,318,172,159.7029
16,4096,318,174,167.7172
16,4096,318,176,142.6669
16,4096,318,178,163.0564
16,4096,318,180,164.3426
16,4096,318,182,167.6037
16,4096,318,184,162.3643
16,4096,318,186,174.1863
16,4096,318,188,144.6959
16,4096,318,190,138.5194
16,4096,318,192,167.6111
16,4096,318,194,166.5233
16,4096,318,196,156.8054
16,4096,318,198,174.6633
16,4096,318,200,148.9244
16,4096,318,202,149.0064
16,4096,318,204,159.3413
16,4096,318,206,183.8958
16,4096,318,208,169.703
16,4096,318,210,142.8035
16,4096,318,212,142.7934
16,4096,318,214,167.1762
16,4096,318,216,169.5791
16,4096,318,218,165.7988
16,4096,318,220,173.2803
16,4096,318,222,169.6052
16,4096,318,224,170.8469
16,4096,318,226,149.622
16,4096,318,228,159.7857
16,4096,318,230,162.8861
16,4096,318,232,157.7797
16,4096,318,234,161.469
16,4096,318,236,156.2711
16,4096,318,238,163.558
16,4096,318,240,160.1258
16,4096,318,242,154.6707
16,4096,318,244,158.4981
16,4096,318,246,152.2906
16,4096,318,248,154.9942
16,4096,318,250,148.1058
16,4096,318,252,155.4392
16,4096,318,254,156.8548
16,4096,318,256,141.2795
16,4096,318,258,167.5875
16,4096,318,260,148.2469
16,4096,318,262,151.2327
16,4096,318,264,157.0138
16,4096,318,266,148.4585
16,4096,318,268,138.9183
16,4096,318,270,157.5829
16,4096,318,272,155.4806
16,4096,318,274,157.266
16,4096,318,276,151.3701
16,4096,318,278,148.6132
16,4096,318,280,154.7182
16,4096,318,282,153.3366
16,4096,318,284,145.2751
16,4096,318,286,153.6936
16,4096,318,288,146.9672
16,4096,318,290,152.3391
16,4096,318,292,130.8234
16,4096,318,294,145.6548
16,4096,318,296,134.5311
16,4096,318,298,158.9965
16,4096,318,300,133.6356
16,4096,318,302,141.5665
16,4096,318,304,141.2879
16,4096,318,306,143.5564
16,4096,318,308,141.4946
16,4096,318,310,149.3548
16,4096,318,312,143.413
16,4096,318,314,129.6359
16,4096,318,316,135.9418
16,4096,320,2,61.3687
16,4096,320,4,108.8911
16,4096,320,6,145.2338
16,4096,320,8,189.4211
16,4096,320,10,195.2215
16,4096,320,12,212.3033
16,4096,320,14,228.4332
16,4096,320,16,241.2366
16,4096,320,18,244.154
16,4096,320,20,233.286
16,4096,320,22,238.4226
16,4096,320,24,249.8467
16,4096,320,26,233.0199
16,4096,320,28,231.8148
16,4096,320,30,249.8471
16,4096,320,32,218.964
16,4096,320,34,251.232
16,4096,320,36,229.3499
16,4096,320,38,239.7711
16,4096,320,40,252.3505
16,4096,320,42,227.5063
16,4096,320,44,216.5795
16,4096,320,46,219.8089
16,4096,320,48,224.5221
16,4096,320,50,212.5332
16,4096,320,52,206.4912
16,4096,320,54,200.4077
16,4096,320,56,175.5934
16,4096,320,58,176.8853
16,4096,320,60,169.0049
16,4096,320,62,176.3365
16,4096,320,64,170.905
16,4096,320,66,176.0281
16,4096,320,68,171.3303
16,4096,320,70,176.5154
16,4096,320,72,161.3876
16,4096,320,74,151.5359
16,4096,320,76,164.011
16,4096,320,78,164.7519
16,4096,320,80,167.3459
16,4096,320,82,164.3057
16,4096,320,84,178.8561
16,4096,320,86,152.56
16,4096,320,88,166.082
16,4096,320,90,169.9485
16,4096,320,92,176.5482
16,4096,320,94,181.6985
16,4096,320,96,163.5408
16,4096,320,98,164.73
16,4096,320,100,163.5276
16,4096,320,102,154.3357
16,4096,320,104,168.8677
16,4096,320,106,146.4435
16,4096,320,108,152.337
16,4096,320,110,175.3925
16,4096,320,112,160.4892
16,4096,320,114,149.1522
16,4096,320,116,157.7024
16,4096,320,118,166.7749
16,4096,320,120,168.7385
16,4096,320,122,160.8219
16,4096,320,124,146.2661
16,4096,320,126,151.8972
16,4096,320,128,166.0639
16,4096,320,130,163.1559
16,4096,320,132,162.3876
16,4096,320,134,173.3578
16,4096,320,136,166.2596
16,4096,320,138,163.0415
16,4096,320,140,147.5774
16,4096,320,142,167.8277
16,4096,320,144,163.622
16,4096,320,146,147.6989
16,4096,320,148,161.643
16,4096,320,150,144.6534
16,4096,320,152,159.3165
16,4096,320,154,166.2843
16,4096,320,156,150.692
16,4096,320,158,150.3386
16,4096,320,160,164.3115
16,4096,320,162,162.7879
16,4096,320,164,148.9722
16,4096,320,166,147.4211
16,4096,320,168,158.6832
16,4096,320,170,167.2945
16,4096,320,172,166.2396
16,4096,320,174,152.0438
16,4096,320,176,144.0704
16,4096,320,178,159.7651
16,4096,320,180,165.2773
16,4096,320,182,145.7261
16,4096,320,184,146.978
16,4096,320,186,169.6918
16,4096,320,188,159.9
16,4096,320,190,169.8383
16,4096,320,192,160.7872
16,4096,320,194,178.3376
16,4096,320,196,177.5624
16,4096,320,198,173.1287
16,4096,320,200,158.7385
16,4096,320,202,174.1862
16,4096,320,204,153.5425
16,4096,320,206,161.8577
16,4096,320,208,167.4565
16,4096,320,210,154.9505
16,4096,320,212,160.6434
16,4096,320,214,143.5101
16,4096,320,216,172.3171
16,4096,320,218,169.2171
16,4096,320,220,144.7077
16,4096,320,222,162.4817
16,4096,320,224,161.4695
16,4096,320,226,172.0665
16,4096,320,228,140.5763
16,4096,320,230,157.7471
16,4096,320,232,160.2541
16,4096,320,234,160.096
16,4096,320,236,144.8998
16,4096,320,238,140.2047
16,4096,320,240,158.2385
16,4096,320,242,158.854
16,4096,320,244,145.0187
16,4096,320,246,159.7621
16,4096,320,248,159.8196
16,4096,320,250,161.8461
16,4096,320,252,152.4238
16,4096,320,254,150.0907
16,4096,320,256,142.3843
16,4096,320,258,159.2052
16,4096,320,260,157.3873
16,4096,320,262,161.3889
16,4096,320,264,148.1531
16,4096,320,266,159.462
16,4096,320,268,159.102
16,4096,320,270,156.1612
16,4096,320,272,158.9637
16,4096,320,274,117.7912
16,4096,320,276,150.4227
16,4096,320,278,148.9378
16,4096,320,280,147.2009
16,4096,320,282,142.1898
16,4096,320,284,152.6519
16,4096,320,286,154.7219
16,4096,320,288,142.114
16,4096,320,290,122.403
16,4096,320,292,144.8979
16,4096,320,294,130.1658
16,4096,320,296,145.6931
16,4096,320,298,142.483
16,4096,320,300,143.7123
16,4096,320,302,136.1131
16,4096,320,304,145.1979
16,4096,320,306,135.615
16,4096,320,308,140.2075
16,4096,320,310,149.8803
16,4096,320,312,138.4861
16,4096,320,314,133.8836
16,4096,320,316,132.2672
16,4096,320,318,138.4275
16,4096,322,2,64.8716
16,4096,322,4,112.5458
16,4096,322,6,140.0946
16,4096,322,8,191.8048
16,4096,322,10,198.5789
16,4096,322,12,205.2015
16,4096,322,14,223.0012
16,4096,322,16,255.5144
16,4096,322,18,220.537
16,4096,322,20,216.7526
16,4096,322,22,251.0707
16,4096,322,24,235.8008
16,4096,322,26,213.1552
16,4096,322,28,258.0203
16,4096,322,30,224.5827
16,4096,322,32,254.4142
16,4096,322,34,226.1001
16,4096,322,36,255.1459
16,4096,322,38,214.7798
16,4096,322,40,248.7285
16,4096,322,42,232.9157
16,4096,322,44,258.9183
16,4096,322,46,253.4678
16,4096,322,48,173.1874
16,4096,322,50,214.8541
16,4096,322,52,227.4447
16,4096,322,54,201.9472
16,4096,322,56,182.3839
16,4096,322,58,182.1559
16,4096,322,60,174.8088
16,4096,322,62,157.0772
16,4096,322,64,165.5725
16,4096,322,66,182.9503
16,4096,322,68,187.2147
16,4096,322,70,147.5516
16,4096,322,72,174.0412
16,4096,322,74,183.1285
16,4096,322,76,173.6244
16,4096,322,78,171.4624
16,4096,322,80,176.5364
16,4096,322,82,172.3356
16,4096,322,84,161.0044
16,4096,322,86,175.797
16,4096,322,88,179.2961
16,4096,322,90,175.6734
16,4096,322,92,155.6489
16,4096,322,94,147.4281
16,4096,322,96,164.0453
16,4096,322,98,173.3852
16,4096,322,100,148.7343
16,4096,322,102,154.3604
16,4096,322,104,160.4869
16,4096,322,106,161.1053
16,4096,322,108,144.8963
16,4096,322,110,167.6597
16,4096,322,112,172.483
16,4096,322,114,173.5671
16,4096,322,116,169.7421
16,4096,322,118,171.0729
16,4096,322,120,156.1576
16,4096,322,122,162.2634
16,4096,322,124,162.5505
16,4096,322,126,173.2774
16,4096,322,128,164.0787
16,4096,322,130,151.3549
16,4096,322,132,164.747
16,4096,322,134,165.9299
16,4096,322,136,169.4234
16,4096,322,138,168.0575
16,4096,322,140,161.7241
16,4096,322,142,161.8333
16,4096,322,144,146.37
16,4096,322,146,165.6105
16,4096,322,148,151.2526
16,4096,322,150,161.5627
16,4096,322,152,144.0439
16,4096,322,154,162.4835
16,4096,322,156,156.5371
16,4096,322,158,142.6234
16,4096,322,160,144.4997
16,4096,322,162,162.9176
16,4096,322,164,158.7752
16,4096,322,166,170.8881
16,4096,322,168,168.5385
16,4096,322,170,173.5031
16,4096,322,172,158.8221
16,4096,322,174,174.975
16,4096,322,176,173.2364
16,4096,322,178,173.0831
16,4096,322,180,171.0811
16,4096,322,182,168.5555
16,4096,322,184,143.1368
16,4096,322,186,171.6906
16,4096,322,188,164.703
16,4096,322,190,163.0307
16,4096,322,192,176.2168
16,4096,322,194,164.1096
16,4096,322,196,172.3979
16,4096,322,198,154.2241
16,4096,322,200,169.4692
16,4096,322,202,176.2037
16,4096,322,204,169.5959
16,4096,322,206,183.7405
16,4096,322,208,164.5914
16,4096,322,210,161.823
16,4096,322,212,172.9881
16,4096,322,214,163.8765
16,4096,322,216,156.8869
16,4096,322,218,154.6259
16,4096,322,220,165.0281
16,4096,322,222,177.608
16,4096,322,224,161.5145
16,4096,322,226,172.449
16,4096,322,228,166.8281
16,4096,322,230,160.2885
16,4096,322,232,164.7479
16,4096,322,234,158.5665
16,4096,322,236,152.7394
16,4096,322,238,141.5299
16,4096,322,240,158.9573
16,4096,322,242,162.2466
16,4096,322,244,159.2072
16,4096,322,246,154.0961
16,4096,322,248,160.9065
16,4096,322,250,152.7339
16,4096,322,252,149.1105
16,4096,322,254,148.0611
16,4096,322,256,158.0813
16,4096,322,258,155.7167
16,4096,322,260,155.2158
16,4096,322,262,162.1768
16,4096,322,264,152.3498
16,4096,322,266,152.3347
16,4096,322,268,137.6805
16,4096,322,270,153.014
16,4096,322,272,153.5117
16,4096,322,274,154.6827
16,4096,322,276,151.0635
16,4096,322,278,151.0286
16,4096,322,280,126.5319
16,4096,322,282,156.0311
16,4096,322,284,145.4574
16,4096,322,286,150.3281
16,4096,322,288,150.5818
16,4096,322,290,144.734
16,4096,322,292,147.6543
16,4096,322,294,145.6758
16,4096,322,296,152.1673
16,4096,322,298,143.606
16,4096,322,300,144.8236
16,4096,322,302,151.3806
16,4096,322,304,135.3919
16,4096,322,306,142.283
16,4096,322,308,127.7754
16,4096,322,310,131.9902
16,4096,322,312,131.501
16,4096,322,314,132.6676
16,4096,322,316,133.1464
16,4096,322,318,137.1495
16,4096,322,320,130.1401
16,4096,324,2,62.8091
16,4096,324,4,119.15
16,4096,324,6,148.5944
16,4096,324,8,175.6883
16,4096,324,10,202.6092
16,4096,324,12,209.112
16,4096,324,14,221.5676
16,4096,324,16,234.0436
16,4096,324,18,228.9783
16,4096,324,20,251.4895
16,4096,324,22,231.1388
16,4096,324,24,259.0597
16,4096,324,26,245.0486
16,4096,324,28,235.5125
16,4096,324,30,238.3787
16,4096,324,32,237.4325
16,4096,324,34,257.3446
16,4096,324,36,252.5185
16,4096,324,38,270.3106
16,4096,324,40,268.8265
16,4096,324,42,230.4387
16,4096,324,44,258.3488
16,4096,324,46,234.4955
16,4096,324,48,254.1014
16,4096,324,50,249.7264
16,4096,324,52,189.2519
16,4096,324,54,212.7503
16,4096,324,56,190.2853
16,4096,324,58,184.5523
16,4096,324,60,180.619
16,4096,324,62,167.7913
16,4096,324,64,169.968
16,4096,324,66,171.934
16,4096,324,68,154.6124
16,4096,324,70,168.6257
16,4096,324,72,189.3988
16,4096,324,74,157.2047
16,4096,324,76,145.9594
16,4096,324,78,204.6403
16,4096,324,80,196.8393
16,4096,324,82,199.4726
16,4096,324,84,193.834
16,4096,324,86,167.8353
16,4096,324,88,171.4875
16,4096,324,90,165.8512
16,4096,324,92,182.368
16,4096,324,94,198.0696
16,4096,324,96,182.9255
16,4096,324,98,194.3532
16,4096,324,100,176.5811
16,4096,324,102,169.2659
16,4096,324,104,183.0304
16,4096,324,106,164.496
16,4096,324,108,198.7364
16,4096,324,110,181.0362
16,4096,324,112,169.2058
16,4096,324,114,193.8822
16,4096,324,116,180.4179
16,4096,324,118,187.0302
16,4096,324,120,177.8443
16,4096,324,122,176.2362
16,4096,324,124,177.1728
16,4096,324,126,152.3864
16,4096,324,128,191.5084
16,4096,324,130,188.3207
16,4096,324,132,174.8004
16,4096,324,134,185.4957
16,4096,324,136,176.2639
16,4096,324,138,174.5629
16,4096,324,140,169.7267
16,4096,324,142,168.4799
16,4096,324,144,184.6353
16,4096,324,146,177.1344
16,4096,324,148,155.892
16,4096,324,150,160.1343
16,4096,324,152,159.5185
16,4096,324,154,179.5055
16,4096,324,156,173.9892
16,4096,324,158,168.4006
16,4096,324,160,165.6962
16,4096,324,162,176.486
16,4096,324,164,176.1193
16,4096,324,166,182.3096
16,4096,324,168,191.3942
16,4096,324,170,174.7736
16,4096,324,172,161.8638
16,4096,324,174,170.975
16,4096,324,176,184.4278
16,4096,324,178,175.7491
16,4096,324,180,179.8147
16,4096,324,182,166.4996
16,4096,324,184,148.6157
16,4096,324,186,190.5151
16,4096,324,188,151.2965
16,4096,324,190,183.0593
16,4096,324,192,180.2944
16,4096,324,194,170.8022
16,4096,324,196,171.3091
16,4096,324,198,190.9356
16,4096,324,200,169.1131
16,4096,324,202,180.6223
16,4096,324,204,185.8414
16,4096,324,206,184.4094
16,4096,324,208,168.7536
16,4096,324,210,176.6271
16,4096,324,212,181.5749
16,4096,324,214,180.8756
16,4096,324,216,160.7007
16,4096,324,218,175.2149
16,4096,324,220,165.6214
16,4096,324,222,177.8333
16,4096,324,224,181.8108
16,4096,324,226,182.8785
16,4096,324,228,171.895
16,4096,324,230,171.3013
16,4096,324,232,173.8615
16,4096,324,234,151.4623
16,4096,324,236,148.4988
16,4096,324,238,171.4039
16,4096,324,240,160.1473
16,4096,324,242,170.488
16,4096,324,244,165.6644
16,4096,324,246,161.1958
16,4096,324,248,155.6222
16,4096,324,250,167.9685
16,4096,324,252,165.0204
16,4096,324,254,164.4543
16,4096,324,256,154.5447
16,4096,324,258,153.3775
16,4096,324,260,169.145
16,4096,324,262,173.4287
16,4096,324,264,164.3287
16,4096,324,266,168.1604
16,4096,324,268,167.7058
16,4096,324,270,165.9684
16,4096,324,272,158.3257
16,4096,324,274,166.6949
16,4096,324,276,167.1662
16,4096,324,278,158.911
16,4096,324,280,150.6662
16,4096,324,282,155.0038
16,4096,324,284,170.9639
16,4096,324,286,162.9906
16,4096,324,288,162.3168
16,4096,324,290,164.3514
16,4096,324,292,164.2064
16,4096,324,294,159.6758
16,4096,324,296,157.8368
16,4096,324,298,159.9966
16,4096,324,300,153.2064
16,4096,324,302,157.9436
16,4096,324,304,132.4234
16,4096,324,306,151.6147
16,4096,324,308,150.8955
16,4096,324,310,131.3953
16,4096,324,312,151.9348
16,4096,324,314,133.5477
16,4096,324,316,146.4162
16,4096,324,318,123.2093
16,4096,324,320,142.3077
16,4096,324,322,142.0427
16,4096,326,2,69.8209
16,4096,326,4,122.0072
16,4096,326,6,150.7197
16,4096,326,8,191.2659
16,4096,326,10,207.6179
16,4096,326,12,233.9797
16,4096,326,14,249.6926
16,4096,326,16,256.7553
16,4096,326,18,241.506
16,4096,326,20,266.4685
16,4096,326,22,250.547
16,4096,326,24,273.0948
16,4096,326,26,281.2931
16,4096,326,28,272.1022
16,4096,326,30,234.6478
16,4096,326,32,270.6142
16,4096,326,34,255.9709
16,4096,326,36,249.8428
16,4096,326,38,259.6072
16,4096,326,40,247.8468
16,4096,326,42,251.466
16,4096,326,44,241.4221
16,4096,326,46,253.9791
16,4096,326,48,233.1266
16,4096,326,50,241.7912
16,4096,326,52,233.3413
16,4096,326,54,198.6449
16,4096,326,56,190.9028
16,4096,326,58,194.0643
16,4096,326,60,183.8132
16,4096,326,62,157.948
16,4096,326,64,188.6521
16,4096,326,66,192.5023
16,4096,326,68,176.3272
16,4096,326,70,201.8489
16,4096,326,72,176.3838
16,4096,326,74,168.9373
16,4096,326,76,183.4796
16,4096,326,78,189.1453
16,4096,326,80,178.7168
16,4096,326,82,174.8267
16,4096,326,84,189.897
16,4096,326,86,186.2283
16,4096,326,88,177.634
16,4096,326,90,164.4734
16,4096,326,92,193.8694
16,4096,326,94,192.6118
16,4096,326,96,171.9172
16,4096,326,98,164.221
16,4096,326,100,185.5589
16,4096,326,102,162.5266
16,4096,326,104,158.2748
16,4096,326,106,177.3632
16,4096,326,108,164.0509
16,4096,326,110,184.7969
16,4096,326,112,185.9306
16,4096,326,114,182.9759
16,4096,326,116,181.0841
16,4096,326,118,187.9432
16,4096,326,120,164.4793
16,4096,326,122,183.6741
16,4096,326,124,179.1816
16,4096,326,126,170.16
16,4096,326,128,181.7588
16,4096,326,130,182.9677
16,4096,326,132,181.9318
16,4096,326,134,170.2849
16,4096,326,136,169.8462
16,4096,326,138,182.1012
16,4096,326,140,181.8509
16,4096,326,142,171.5817
16,4096,326,144,176.1565
16,4096,326,146,170.9964
16,4096,326,148,174.5055
16,4096,326,150,178.3756
16,4096,326,152,168.9614
16,4096,326,154,144.4995
16,4096,326,156,164.3135
16,4096,326,158,159.2546
16,4096,326,160,165.5545
16,4096,326,162,164.2275
16,4096,326,164,164.0127
16,4096,326,166,180.9915
16,4096,326,168,190.5741
16,4096,326,170,163.8876
16,4096,326,172,159.2384
16,4096,326,174,187.3522
16,4096,326,176,157.4975
16,4096,326,178,165.7061
16,4096,326,180,184.9431
16,4096,326,182,177.3706
16,4096,326,184,168.3938
16,4096,326,186,186.5918
16,4096,326,188,183.2499
16,4096,326,190,183.3653
16,4096,326,192,178.4054
16,4096,326,194,182.7257
16,4096,326,196,181.9401
16,4096,326,198,165.3191
16,4096,326,200,163.0175
16,4096,326,202,189.628
16,4096,326,204,183.9539
16,4096,326,206,184.1761
16,4096,326,208,178.524
16,4096,326,210,181.0761
16,4096,326,212,174.9412
16,4096,326,214,146.5841
16,4096,326,216,175.771
16,4096,326,218,168.4214
16,4096,326,220,173.7237
16,4096,326,222,171.3124
16,4096,326,224,183.5985
16,4096,326,226,181.2318
16,4096,326,228,169.139
16,4096,326,230,162.7324
16,4096,326,232,172.3544
16,4096,326,234,180.7854
16,4096,326,236,166.6115
16,4096,326,238,163.4815
16,4096,326,240,171.0527
16,4096,326,242,166.6702
16,4096,326,244,150.5464
16,4096,326,246,174.0032
16,4096,326,248,165.9688
16,4096,326,250,171.0706
16,4096,326,252,168.0222
16,4096,326,254,160.7337
16,4096,326,256,165.452
16,4096,326,258,160.8925
16,4096,326,260,163.8231
16,4096,326,262,143.5891
16,4096,326,264,168.5486
16,4096,326,266,168.7566
16,4096,326,268,173.0076
16,4096,326,270,145.3488
16,4096,326,272,166.1482
16,4096,326,274,150.7508
16,4096,326,276,167.5856
16,4096,326,278,166.9133
16,4096,326,280,171.7606
16,4096,326,282,167.0738
16,4096,326,284,154.3842
16,4096,326,286,168.1462
16,4096,326,288,161.1895
16,4096,326,290,157.233
16,4096,326,292,159.9199
16,4096,326,294,157.1506
16,4096,326,296,163.352
16,4096,326,298,143.5561
16,4096,326,300,164.9208
16,4096,326,302,156.8296
16,4096,326,304,159.1163
16,4096,326,306,149.0729
16,4096,326,308,158.8413
16,4096,326,310,150.0617
16,4096,326,312,148.7712
16,4096,326,314,152.573
16,4096,326,316,151.0041
16,4096,326,318,143.4924
16,4096,326,320,147.588
16,4096,326,322,145.218
16,4096,326,324,141.6315
16,4096,328,2,71.3052
16,4096,328,4,123.8696
16,4096,328,6,159.7803
16,4096,328,8,195.8334
16,4096,328,10,211.7284
16,4096,328,12,234.2811
16,4096,328,14,245.6108
16,4096,328,16,248.9544
16,4096,328,18,254.2074
16,4096,328,20,252.2021
16,4096,328,22,265.7319
16,4096,328,24,257.5544
16,4096,328,26,245.8718
16,4096,328,28,276.0924
16,4096,328,30,251.2881
16,4096,328,32,264.5485
16,4096,328,34,255.8251
16,4096,328,36,249.9384
16,4096,328,38,270.8227
16,4096,328,40,244.4383
16,4096,328,42,257.207
16,4096,328,44,229.0863
16,4096,328,46,268.566
16,4096,328,48,215.092
16,4096,328,50,224.2146
16,4096,328,52,239.677
16,4096,328,54,230.1092
16,4096,328,56,160.5653
16,4096,328,58,189.7981
16,4096,328,60,194.147
16,4096,328,62,187.3435
16,4096,328,64,189.3684
16,4096,328,66,167.3737
16,4096,328,68,177.3349
16,4096,328,70,162.9239
16,4096,328,72,196.8004
16,4096,328,74,183.1157
16,4096,328,76,173.3305
16,4096,328,78,186.91
16,4096,328,80,181.8084
16,4096,328,82,167.6778
16,4096,328,84,177.2235
16,4096,328,86,192.7002
16,4096,328,88,164.9832
16,4096,328,90,179.487
16,4096,328,92,191.6251
16,4096,328,94,171.6145
16,4096,328,96,186.3338
16,4096,328,98,186.7591
16,4096,328,100,182.5282
16,4096,328,102,188.8099
16,4096,328,104,181.3821
16,4096,328,106,182.4965
16,4096,328,108,169.2454
16,4096,328,110,175.4532
16,4096,328,112,182.9928
16,4096,328,114,160.8264
16,4096,328,116,159.7979
16,4096,328,118,183.1307
16,4096,328,120,157.7538
16,4096,328,122,156.5728
16,4096,328,124,178.6279
16,4096,328,126,164.5558
16,4096,328,128,179.7946
16,4096,328,130,184.4444
16,4096,328,132,179.6681
16,4096,328,134,172.7312
16,4096,328,136,176.1645
16,4096,328,138,181.4109
16,4096,328,140,175.9736
16,4096,328,142,182.7487
16,4096,328,144,164.4209
16,4096,328,146,168.0594
16,4096,328,148,177.8395
16,4096,328,150,174.258
16,4096,328,152,159.7834
16,4096,328,154,142.8684
16,4096,328,156,176.7487
16,4096,328,158,156.4177
16,4096,328,160,170.3294
16,4096,328,162,162.4771
16,4096,328,164,166.4878
16,4096,328,166,165.4795
16,4096,328,168,186.0305
16,4096,328,170,166.1308
16,4096,328,172,173.5368
16,4096,328,174,190.2802
16,4096,328,176,173.5846
16,4096,328,178,181.2103
16,4096,328,180,178.8958
16,4096,328,182,173.0079
16,4096,328,184,167.6626
16,4096,328,186,165.1509
16,4096,328,188,182.6336
16,4096,328,190,164.1713
16,4096,328,192,184.4973
16,4096,328,194,185.7239
16,4096,328,196,170.897
16,4096,328,198,179.6619
16,4096,328,200,187.5193
16,4096,328,202,159.1827
16,4096,328,204,180.3321
16,4096,328,206,185.257
16,4096,328,208,169.0086
16,4096,328,210,170.9773
16,4096,328,212,180.4258
16,4096,328,214,185.0355
16,4096,328,216,171.6125
16,4096,328,218,181.7733
16,4096,328,220,162.1955
16,4096,328,222,178.4238
16,4096,328,224,183.6607
16,4096,328,226,181.2661
16,4096,328,228,153.6179
16,4096,328,230,171.1828
16,4096,328,232,176.7909
16,4096,328,234,159.8113
16,4096,328,236,176.8431
16,4096,328,238,170.9433
16,4096,328,240,162.218
16,4096,328,242,148.6804
16,4096,328,244,175.3974
16,4096,328,246,169.0003
16,4096,328,248,153.9447
16,4096,328,250,171.0806
16,4096,328,252,173.073
16,4096,328,254,167.9978
16,4096,328,256,161.9881
16,4096,328,258,161.1051
16,4096,328,260,163.1355
16,4096,328,262,172.1986
16,4096,328,264,151.2013
16,4096,328,266,170.4525
16,4096,328,268,174.8611
16,4096,328,270,173.5035
16,4096,328,272,163.0078
16,4096,328,274,167.1199
16,4096,328,276,158.0668
16,4096,328,278,169.1134
16,4096,328,280,157.4321
16,4096,328,282,154.7049
16,4096,328,284,162.2038
16,4096,328,286,146.1308
16,4096,328,288,161.8062
16,4096,328,290,157.6245
16,4096,328,292,157.5216
16,4096,328,294,146.2568
16,4096,328,296,156.6661
16,4096,328,298,162.775
16,4096,328,300,158.8543
16,4096,328,302,160.7592
16,4096,328,304,134.8782
16,4096,328,306,155.6667
16,4096,328,308,151.118
16,4096,328,310,156.2198
16,4096,328,312,147.9562
16,4096,328,314,147.9887
16,4096,328,316,144.9719
16,4096,328,318,139.1208
16,4096,328,320,134.3192
16,4096,328,322,145.8749
16,4096,328,324,145.9716
16,4096,328,326,144.3973
16,4096,330,2,71.8425
16,4096,330,4,124.8649
16,4096,330,6,154.4996
16,4096,330,8,215.4016
16,4096,330,10,199.8047
16,4096,330,12,239.6139
16,4096,330,14,240.7297
16,4096,330,16,249.5927
16,4096,330,18,248.4186
16,4096,330,20,257.1727
16,4096,330,22,270.8136
16,4096,330,24,262.5183
16,4096,330,26,253.722
16,4096,330,28,277.0535
16,4096,330,30,249.7159
16,4096,330,32,247.9585
16,4096,330,34,264.7946
16,4096,330,36,250.5529
16,4096,330,38,251.1697
16,4096,330,40,250.8809
16,4096,330,42,263.4208
16,4096,330,44,261.1026
16,4096,330,46,269.7238
16,4096,330,48,224.2939
16,4096,330,50,194.5952
16,4096,330,52,242.0421
16,4096,330,54,234.1076
16,4096,330,56,203.9827
16,4096,330,58,187.3191
16,4096,330,60,190.4626
16,4096,330,62,177.7802
16,4096,330,64,169.4092
16,4096,330,66,192.5598
16,4096,330,68,186.8292
16,4096,330,70,188.3615
16,4096,330,72,169.5657
16,4096,330,74,193.9228
16,4096,330,76,193.6757
16,4096,330,78,192.5796
16,4096,330,80,185.5144
16,4096,330,82,185.4831
16,4096,330,84,191.2091
16,4096,330,86,182.4001
16,4096,330,88,191.7924
16,4096,330,90,164.1852
16,4096,330,92,184.8662
16,4096,330,94,193.1221
16,4096,330,96,192.9592
16,4096,330,98,185.6147
16,4096,330,100,187.1443
16,4096,330,102,187.8891
16,4096,330,104,169.2666
16,4096,330,106,164.3621
16,4096,330,108,179.6928
16,4096,330,110,174.8357
16,4096,330,112,185.1486
16,4096,330,114,185.9565
16,4096,330,116,187.4636
16,4096,330,118,168.8249
16,4096,330,120,183.3735
16,4096,330,122,158.8971
16,4096,330,124,187.6946
16,4096,330,126,188.9496
16,4096,330,128,178.3699
16,4096,330,130,174.0952
16,4096,330,132,168.6438
16,4096,330,134,181.4762
16,4096,330,136,166.7854
16,4096,330,138,148.922
16,4096,330,140,180.5753
16,4096,330,142,168.833
16,4096,330,144,180.2483
16,4096,330,146,175.8215
16,4096,330,148,184.8094
16,4096,330,150,176.7045
16,4096,330,152,156.2669
16,4096,330,154,173.0933
16,4096,330,156,166.8664
16,4096,330,158,173.4915
16,4096,330,160,158.0048
16,4096,330,162,172.0545
16,4096,330,164,150.0797
16,4096,330,166,180.36
16,4096,330,168,166.9545
16,4096,330,170,171.4924
16,4096,330,172,186.0264
16,4096,330,174,180.061
16,4096,330,176,169.1415
16,4096,330,178,180.4908
16,4096,330,180,168.1741
16,4096,330,182,177.3832
16,4096,330,184,176.9765
16,4096,330,186,137.3762
16,4096,330,188,178.9622
16,4096,330,190,188.0583
16,4096,330,192,171.1864
16,4096,330,194,184.1206
16,4096,330,196,171.0075
16,4096,330,198,175.9798
16,4096,330,200,180.9873
16,4096,330,202,187.5491
16,4096,330,204,160.434
16,4096,330,206,151.0365
16,4096,330,208,185.8276
16,4096,330,210,156.1044
16,4096,330,212,144.2222
16,4096,330,214,183.2814
16,4096,330,216,163.769
16,4096,330,218,169.8682
16,4096,330,220,176.4127
16,4096,330,222,187.5526
16,4096,330,224,167.1113
16,4096,330,226,155.8684
16,4096,330,228,173.9205
16,4096,330,230,177.9671
16,4096,330,232,150.1664
16,4096,330,234,176.8212
16,4096,330,236,158.2521
16,4096,330,238,177.9535
16,4096,330,240,167.2232
16,4096,330,242,164.7467
16,4096,330,244,173.6691
16,4096,330,246,170.1112
16,4096,330,248,166.0171
16,4096,330,250,171.8781
16,4096,330,252,170.4165
16,4096,330,254,161.7026
16,4096,330,256,166.1122
16,4096,330,258,146.3959
16,4096,330,260,172.0786
16,4096,330,262,145.8377
16,4096,330,264,154.7189
16,4096,330,266,165.7478
16,4096,330,268,145.3371
16,4096,330,270,144.0008
16,4096,330,272,169.8133
16,4096,330,274,166.2154
16,4096,330,276,168.9915
16,4096,330,278,157.3222
16,4096,330,280,150.3864
16,4096,330,282,161.2887
16,4096,330,284,165.5379
16,4096,330,286,141.4961
16,4096,330,288,168.9722
16,4096,330,290,161.3745
16,4096,330,292,161.7698
16,4096,330,294,160.6913
16,4096,330,296,160.2217
16,4096,330,298,159.4877
16,4096,330,300,155.8805
16,4096,330,302,158.2923
16,4096,330,304,140.5347
16,4096,330,306,153.7451
16,4096,330,308,134.7821
16,4096,330,310,152.8656
16,4096,330,312,155.2819
16,4096,330,314,147.8538
16,4096,330,316,150.0992
16,4096,330,318,144.9087
16,4096,330,320,136.593
16,4096,330,322,145.3392
16,4096,330,324,147.4294
16,4096,330,326,136.9559
16,4096,330,328,145.6654
16,4096,332,2,68.696
16,4096,332,4,122.9824
16,4096,332,6,155.3765
16,4096,332,8,189.5571
16,4096,332,10,207.9977
16,4096,332,12,232.6606
16,4096,332,14,231.0214
16,4096,332,16,270.0278
16,4096,332,18,230.905
16,4096,332,20,264.4676
16,4096,332,22,247.1615
16,4096,332,24,251.4411
16,4096,332,26,261.3228
16,4096,332,28,260.6976
16,4096,332,30,268.8194
16,4096,332,32,249.1638
16,4096,332,34,242.9026
16,4096,332,36,273.2478
16,4096,332,38,266.6135
16,4096,332,40,246.6525
16,4096,332,42,231.1339
16,4096,332,44,237.9311
16,4096,332,46,264.3034
16,4096,332,48,218.7654
16,4096,332,50,226.7316
16,4096,332,52,226.0042
16,4096,332,54,195.9435
16,4096,332,56,171.0421
16,4096,332,58,178.1628
16,4096,332,60,194.0225
16,4096,332,62,186.4841
16,4096,332,64,176.7491
16,4096,332,66,181.3612
16,4096,332,68,190.8561
16,4096,332,70,167.8643
16,4096,332,72,185.4131
16,4096,332,74,185.8484
16,4096,332,76,192.9286
16,4096,332,78,174.6787
16,4096,332,80,187.8037
16,4096,332,82,187.9831
16,4096,332,84,154.7058
16,4096,332,86,177.0569
16,4096,332,88,189.3194
16,4096,332,90,162.9108
16,4096,332,92,182.7389
16,4096,332,94,186.1819
16,4096,332,96,165.0793
16,4096,332,98,171.685
16,4096,332,100,185.6565
16,4096,332,102,183.7367
16,4096,332,104,159.4029
16,4096,332,106,177.9162
16,4096,332,108,182.3686
16,4096,332,110,146.9899
16,4096,332,112,174.1585
16,4096,332,114,188.1729
16,4096,332,116,175.8851
16,4096,332,118,186.2709
16,4096,332,120,187.9808
16,4096,332,122,187.2041
16,4096,332,124,172.754
16,4096,332,126,157.5124
16,4096,332,128,177.8778
16,4096,332,130,164.2356
16,4096,332,132,170.4006
16,4096,332,134,175.1261
16,4096,332,136,166.7903
16,4096,332,138,179.7327
16,4096,332,140,178.9668
16,4096,332,142,169.7447
16,4096,332,144,185.3438
16,4096,332,146,184.1133
16,4096,332,148,163.884
16,4096,332,150,175.6828
16,4096,332,152,173.9353
16,4096,332,154,170.6727
16,4096,332,156,167.9427
16,4096,332,158,174.9522
16,4096,332,160,154.6285
16,4096,332,162,150.846
16,4096,332,164,166.2451
16,4096,332,166,165.0046
16,4096,332,168,175.7756
16,4096,332,170,173.1409
16,4096,332,172,185.5464
16,4096,332,174,184.7234
16,4096,332,176,185.3561
16,4096,332,178,181.3358
16,4096,332,180,161.5164
16,4096,332,182,171.6602
16,4096,332,184,168.4733
16,4096,332,186,188.9443
16,4096,332,188,180.4119
16,4096,332,190,173.8234
16,4096,332,192,180.5699
16,4096,332,194,178.417
16,4096,332,196,188.8392
16,4096,332,198,171.6513
16,4096,332,200,151.2431
16,4096,332,202,184.9472
16,4096,332,204,182.9669
16,4096,332,206,179.8095
16,4096,332,208,181.8212
16,4096,332,210,177.706
16,4096,332,212,165.7709
16,4096,332,214,168.456
16,4096,332,216,170.0108
16,4096,332,218,184.5168
16,4096,332,220,182.2004
16,4096,332,222,184.332
16,4096,332,224,183.575
16,4096,332,226,150.5326
16,4096,332,228,179.0937
16,4096,332,230,147.8941
16,4096,332,232,176.2406
16,4096,332,234,166.9303
16,4096,332,236,169.0318
16,4096,332,238,158.8296
16,4096,332,240,177.8644
16,4096,332,242,167.2168
16,4096,332,244,170.3602
16,4096,332,246,162.4556
16,4096,332,248,154.1761
16,4096,332,250,149.2854
16,4096,332,252,168.1383
16,4096,332,254,170.065
16,4096,332,256,168.3049
16,4096,332,258,143.5679
16,4096,332,260,166.0337
16,4096,332,262,150.4975
16,4096,332,264,168.3751
16,4096,332,266,159.9159
16,4096,332,268,171.956
16,4096,332,270,165.2125
16,4096,332,272,165.4788
16,4096,332,274,152.1804
16,4096,332,276,168.4258
16,4096,332,278,167.4959
16,4096,332,280,169.6841
16,4096,332,282,162.312
16,4096,332,284,165.001
16,4096,332,286,163.5147
16,4096,332,288,148.8559
16,4096,332,290,152.0005
16,4096,332,292,166.6989
16,4096,332,294,159.3128
16,4096,332,296,162.5979
16,4096,332,298,160.191
16,4096,332,300,160.0714
16,4096,332,302,150.1934
16,4096,332,304,156.6433
16,4096,332,306,153.5651
16,4096,332,308,154.2696
16,4096,332,310,151.7016
16,4096,332,312,142.9676
16,4096,332,314,126.3187
16,4096,332,316,144.574
16,4096,332,318,143.0868
16,4096,332,320,137.6268
16,4096,332,322,147.1115
16,4096,332,324,138.5556
16,4096,332,326,146.7381
16,4096,332,328,141.2812
16,4096,332,330,148.5376
16,4096,334,2,71.4745
16,4096,334,4,123.8014
16,4096,334,6,155.5862
16,4096,334,8,198.5283
16,4096,334,10,211.3021
16,4096,334,12,231.1009
16,4096,334,14,227.9219
16,4096,334,16,266.3625
16,4096,334,18,245.2275
16,4096,334,20,268.5492
16,4096,334,22,269.0604
16,4096,334,24,249.6252
16,4096,334,26,263.8108
16,4096,334,28,264.3237
16,4096,334,30,257.6909
16,4096,334,32,265.1467
16,4096,334,34,215.7399
16,4096,334,36,277.9802
16,4096,334,38,249.0522
16,4096,334,40,273.6038
16,4096,334,42,261.7077
16,4096,334,44,239.647
16,4096,334,46,249.5683
16,4096,334,48,202.994
16,4096,334,50,228.3097
16,4096,334,52,215.4919
16,4096,334,54,223.1847
16,4096,334,56,172.7707
16,4096,334,58,164.8837
16,4096,334,60,184.3291
16,4096,334,62,183.6722
16,4096,334,64,166.1761
16,4096,334,66,176.6141
16,4096,334,68,188.1419
16,4096,334,70,164.8244
16,4096,334,72,171.3633
16,4096,334,74,167.9683
16,4096,334,76,187.5334
16,4096,334,78,164.6981
16,4096,334,80,179.7031
16,4096,334,82,178.5269
16,4096,334,84,185.6191
16,4096,334,86,185.2427
16,4096,334,88,160.2479
16,4096,334,90,167.7179
16,4096,334,92,181.7867
16,4096,334,94,186.9913
16,4096,334,96,185.4373
16,4096,334,98,173.8046
16,4096,334,100,150.26
16,4096,334,102,186.7432
16,4096,334,104,181.3032
16,4096,334,106,180.8116
16,4096,334,108,157.5915
16,4096,334,110,169.5474
16,4096,334,112,191.8862
16,4096,334,114,187.2826
16,4096,334,116,178.5787
16,4096,334,118,188.4027
16,4096,334,120,182.875
16,4096,334,122,163.9117
16,4096,334,124,151.2273
16,4096,334,126,183.2062
16,4096,334,128,164.0901
16,4096,334,130,185.8994
16,4096,334,132,183.1446
16,4096,334,134,162.384
16,4096,334,136,143.9668
16,4096,334,138,174.9386
16,4096,334,140,145.5074
16,4096,334,142,185.929
16,4096,334,144,181.2082
16,4096,334,146,153.3343
16,4096,334,148,168.6147
16,4096,334,150,162.2482
16,4096,334,152,176.8434
16,4096,334,154,166.2657
16,4096,334,156,176.6614
16,4096,334,158,167.2707
16,4096,334,160,158.0376
16,4096,334,162,163.1814
16,4096,334,164,159.1943
16,4096,334,166,167.9738
16,4096,334,168,177.6702
16,4096,334,170,184.5148
16,4096,334,172,165.5541
16,4096,334,174,178.8728
16,4096,334,176,186.3247
16,4096,334,178,169.5492
16,4096,334,180,164.4903
16,4096,334,182,175.1849
16,4096,334,184,175.6085
16,4096,334,186,173.8317
16,4096,334,188,178.508
16,4096,334,190,191.3123
16,4096,334,192,183.3931
16,4096,334,194,177.3833
16,4096,334,196,185.3488
16,4096,334,198,187.7608
16,4096,334,200,184.5989
16,4096,334,202,177.8194
16,4096,334,204,172.4747
16,4096,334,206,181.4911
16,4096,334,208,186.8254
16,4096,334,210,158.8606
16,4096,334,212,179.9999
16,4096,334,214,164.9795
16,4096,334,216,155.3286
16,4096,334,218,178.6412
16,4096,334,220,181.0033
16,4096,334,222,155.485
16,4096,334,224,168.5448
16,4096,334,226,165.6978
16,4096,334,228,182.76
16,4096,334,230,168.9232
16,4096,334,232,172.8634
16,4096,334,234,166.6722
16,4096,334,236,169.076
16,4096,334,238,161.9161
16,4096,334,240,177.7605
16,4096,334,242,153.9685
16,4096,334,244,173.9843
16,4096,334,246,148.5269
16,4096,334,248,171.2232
16,4096,334,250,141.2664
16,4096,334,252,171.1004
16,4096,334,254,168.2282
16,4096,334,256,158.5916
16,4096,334,258,176.9886
16,4096,334,260,163.233
16,4096,334,262,173.3249
16,4096,334,264,147.5132
16,4096,334,266,167.5969
16,4096,334,268,135.792
16,4096,334,270,139.8172
16,4096,334,272,169.7656
16,4096,334,274,166.5394
16,4096,334,276,166.7389
16,4096,334,278,158.6936
16,4096,334,280,162.3139
16,4096,334,282,144.3851
16,4096,334,284,167.9006
16,4096,334,286,162.1496
16,4096,334,288,165.8133
16,4096,334,290,143.19
16,4096,334,292,161.6666
16,4096,334,294,151.3505
16,4096,334,296,150.7368
16,4096,334,298,152.1852
16,4096,334,300,162.288
16,4096,334,302,156.0909
16,4096,334,304,157.269
16,4096,334,306,158.8711
16,4096,334,308,156.4389
16,4096,334,310,148.135
16,4096,334,312,154.779
16,4096,334,314,136.2449
16,4096,334,316,144.3521
16,4096,334,318,144.0157
16,4096,334,320,135.886
16,4096,334,322,142.2062
16,4096,334,324,142.2737
16,4096,334,326,146.4041
16,4096,334,328,139.3619
16,4096,334,330,129.0393
16,4096,334,332,144.9202
16,4096,336,2,69.103
16,4096,336,4,116.9695
16,4096,336,6,148.6763
16,4096,336,8,190.7971
16,4096,336,10,202.256
16,4096,336,12,225.2417
16,4096,336,14,237.0916
16,4096,336,16,244.938
16,4096,336,18,234.1056
16,4096,336,20,242.0891
16,4096,336,22,267.9875
16,4096,336,24,252.1833
16,4096,336,26,262.8778
16,4096,336,28,260.5607
16,4096,336,30,235.7978
16,4096,336,32,269.2123
16,4096,336,34,240.8901
16,4096,336,36,275.083
16,4096,336,38,257.3748
16,4096,336,40,269.1853
16,4096,336,42,258.2224
16,4096,336,44,215.6169
16,4096,336,46,267.4501
16,4096,336,48,233.8293
16,4096,336,50,234.1455
16,4096,336,52,229.1722
16,4096,336,54,221.1435
16,4096,336,56,175.4048
16,4096,336,58,189.6303
16,4096,336,60,168.2264
16,4096,336,62,192.5122
16,4096,336,64,187.2933
16,4096,336,66,180.7089
16,4096,336,68,185.8782
16,4096,336,70,186.5846
16,4096,336,72,185.0882
16,4096,336,74,159.5175
16,4096,336,76,179.605
16,4096,336,78,166.3726
16,4096,336,80,157.3279
16,4096,336,82,182.5175
16,4096,336,84,187.5126
16,4096,336,86,185.7415
16,4096,336,88,184.2595
16,4096,336,90,185.7023
16,4096,336,92,174.6952
16,4096,336,94,177.0488
16,4096,336,96,185.2681
16,4096,336,98,154.8885
16,4096,336,100,177.5602
16,4096,336,102,186.5896
16,4096,336,104,179.6474
16,4096,336,106,171.6912
16,4096,336,108,157.9284
16,4096,336,110,176.742
16,4096,336,112,183.5276
16,4096,336,114,171.1901
16,4096,336,116,177.742
16,4096,336,118,166.0866
16,4096,336,120,163.0252
16,4096,336,122,177.526
16,4096,336,124,170.2514
16,4096,336,126,182.4087
16,4096,336,128,182.2546
16,4096,336,130,183.2238
16,4096,336,132,165.8452
16,4096,336,134,177.0072
16,4096,336,136,161.0677
16,4096,336,138,169.2505
16,4096,336,140,154.5935
16,4096,336,142,186.6257
16,4096,336,144,139.3946
16,4096,336,146,168.594
16,4096,336,148,179.5127
16,4096,336,150,173.047
16,4096,336,152,165.7803
16,4096,336,154,165.4786
16,4096,336,156,167.4925
16,4096,336,158,172.4863
16,4096,336,160,164.4815
16,4096,336,162,160.7284
16,4096,336,164,157.1821
16,4096,336,166,169.4569
16,4096,336,168,161.6271
16,4096,336,170,173.5006
16,4096,336,172,174.7909
16,4096,336,174,171.2791
16,4096,336,176,177.1394
16,4096,336,178,181.7615
16,4096,336,180,154.8214
16,4096,336,182,177.9634
16,4096,336,184,176.2404
16,4096,336,186,174.6827
16,4096,336,188,164.4474
16,4096,336,190,182.7228
16,4096,336,192,161.7727
16,4096,336,194,186.7831
16,4096,336,196,187.0744
16,4096,336,198,178.9344
16,4096,336,200,164.5218
16,4096,336,202,168.5269
16,4096,336,204,173.5498
16,4096,336,206,154.2781
16,4096,336,208,187.7678
16,4096,336,210,165.9516
16,4096,336,212,166.3008
16,4096,336,214,158.3504
16,4096,336,216,180.5301
16,4096,336,218,176.6444
16,4096,336,220,169.5095
16,4096,336,222,177.6621
16,4096,336,224,170.9232
16,4096,336,226,177.2056
16,4096,336,228,175.6205
16,4096,336,230,168.5929
16,4096,336,232,176.6664
16,4096,336,234,176.0347
16,4096,336,236,166.7456
16,4096,336,238,171.4202
16,4096,336,240,175.5232
16,4096,336,242,169.8374
16,4096,336,244,169.4384
16,4096,336,246,143.2572
16,4096,336,248,167.6778
16,4096,336,250,154.1568
16,4096,336,252,165.1383
16,4096,336,254,158.635
16,4096,336,256,167.8932
16,4096,336,258,175.4686
16,4096,336,260,172.2508
16,4096,336,262,148.9642
16,4096,336,264,167.3124
16,4096,336,266,162.5951
16,4096,336,268,165.3614
16,4096,336,270,156.1794
16,4096,336,272,167.392
16,4096,336,274,170.7227
16,4096,336,276,161.1178
16,4096,336,278,154.9645
16,4096,336,280,159.7378
16,4096,336,282,152.6152
16,4096,336,284,157.4688
16,4096,336,286,164.5881
16,4096,336,288,162.9707
16,4096,336,290,158.5879
16,4096,336,292,149.8949
16,4096,336,294,160.5558
16,4096,336,296,153.4628
16,4096,336,298,155.6886
16,4096,336,300,154.0428
16,4096,336,302,150.1289
16,4096,336,304,157.1577
16,4096,336,306,156.6729
16,4096,336,308,153.2597
16,4096,336,310,152.3769
16,4096,336,312,149.8394
16,4096,336,314,145.314
16,4096,336,316,131.7448
16,4096,336,318,148.8505
16,4096,336,320,127.501
16,4096,336,322,143.362
16,4096,336,324,140.9027
16,4096,336,326,146.2448
16,4096,336,328,140.7599
16,4096,336,330,128.8506
16,4096,336,332,147.9106
16,4096,336,334,140.4571
16,4096,338,2,67.9771
16,4096,338,4,120.6635
16,4096,338,6,153.798
16,4096,338,8,172.6154
16,4096,338,10,200.6926
16,4096,338,12,220.3694
16,4096,338,14,236.7462
16,4096,338,16,260.743
16,4096,338,18,240.8903
16,4096,338,20,264.447
16,4096,338,22,243.0547
16,4096,338,24,267.3152
16,4096,338,26,261.2672
16,4096,338,28,226.7632
16,4096,338,30,261.1525
16,4096,338,32,266.0658
16,4096,338,34,235.401
16,4096,338,36,268.0106
16,4096,338,38,234.878
16,4096,338,40,262.077
16,4096,338,42,231.5952
16,4096,338,44,233.1004
16,4096,338,46,251.9101
16,4096,338,48,218.1744
16,4096,338,50,233.2749
16,4096,338,52,204.0591
16,4096,338,54,222.5795
16,4096,338,56,178.9329
16,4096,338,58,189.9412
16,4096,338,60,192.5005
16,4096,338,62,184.666
16,4096,338,64,163.1962
16,4096,338,66,173.9282
16,4096,338,68,170.9589
16,4096,338,70,181.9459
16,4096,338,72,180.6616
16,4096,338,74,185.7112
16,4096,338,76,184.2797
16,4096,338,78,164.4228
16,4096,338,80,176.1473
16,4096,338,82,176.1258
16,4096,338,84,163.1131
16,4096,338,86,165.3646
16,4096,338,88,185.9929
16,4096,338,90,161.0003
16,4096,338,92,173.1209
16,4096,338,94,183.3049
16,4096,338,96,174.2808
16,4096,338,98,173.4228
16,4096,338,100,188.0679
16,4096,338,102,161.1478
16,4096,338,104,165.8882
16,4096,338,106,173.8493
16,4096,338,108,169.4974
16,4096,338,110,178.8031
16,4096,338,112,155.9523
16,4096,338,114,171.7633
16,4096,338,116,161.4901
16,4096,338,118,170.5056
16,4096,338,120,172.2423
16,4096,338,122,169.2807
16,4096,338,124,181.4338
16,4096,338,126,174.004
16,4096,338,128,164.6801
16,4096,338,130,167.9728
16,4096,338,132,175.9281
16,4096,338,134,176.3749
16,4096,338,136,153.762
16,4096,338,138,160.8047
16,4096,338,140,167.3079
16,4096,338,142,174.4979
16,4096,338,144,177.9397
16,4096,338,146,163.0501
16,4096,338,148,151.4421
16,4096,338,150,182.7476
16,4096,338,152,174.8057
16,4096,338,154,152.5549
16,4096,338,156,171.8953
16,4096,338,158,167.297
16,4096,338,160,170.4343
16,4096,338,162,159.1999
16,4096,338,164,172.4259
16,4096,338,166,159.7667
16,4096,338,168,171.1093
16,4096,338,170,172.5355
16,4096,338,172,156.7064
16,4096,338,174,151.8585
16,4096,338,176,177.5798
16,4096,338,178,164.39
16,4096,338,180,174.788
16,4096,338,182,158.525
16,4096,338,184,178.7775
16,4096,338,186,184.721
16,4096,338,188,179.736
16,4096,338,190,165.5515
16,4096,338,192,181.5273
16,4096,338,194,182.4791
16,4096,338,196,182.6429
16,4096,338,198,176.8188
16,4096,338,200,186.1697
16,4096,338,202,178.2162
16,4096,338,204,179.3248
16,4096,338,206,173.407
16,4096,338,208,178.095
16,4096,338,210,159.4031
16,4096,338,212,156.6396
16,4096,338,214,176.2121
16,4096,338,216,166.1597
16,4096,338,218,182.225
16,4096,338,220,169.7775
16,4096,338,222,173.7337
16,4096,338,224,176.7923
16,4096,338,226,179.3341
16,4096,338,228,166.2772
16,4096,338,230,161.421
16,4096,338,232,169.7364
16,4096,338,234,160.7714
16,4096,338,236,176.3844
16,4096,338,238,169.3512
16,4096,338,240,168.1194
16,4096,338,242,173.16
16,4096,338,244,173.4409
16,4096,338,246,175.0703
16,4096,338,248,149.1272
16,4096,338,250,159.6293
16,4096,338,252,158.8172
16,4096,338,254,162.3128
16,4096,338,256,170.7343
16,4096,338,258,142.2416
16,4096,338,260,167.4535
16,4096,338,262,159.7955
16,4096,338,264,164.8788
16,4096,338,266,164.3217
16,4096,338,268,164.0405
16,4096,338,270,154.8749
16,4096,338,272,161.0508
16,4096,338,274,148.0673
16,4096,338,276,164.6001
16,4096,338,278,162.4856
16,4096,338,280,161.0358
16,4096,338,282,147.5576
16,4096,338,284,161.096
16,4096,338,286,150.656
16,4096,338,288,149.401
16,4096,338,290,147.164
16,4096,338,292,162.377
16,4096,338,294,157.3413
16,4096,338,296,161.8306
16,4096,338,298,155.8304
16,4096,338,300,154.6074
16,4096,338,302,158.7659
16,4096,338,304,138.6913
16,4096,338,306,153.4161
16,4096,338,308,156.7116
16,4096,338,310,134.1331
16,4096,338,312,151.931
16,4096,338,314,151.8144
16,4096,338,316,146.9418
16,4096,338,318,146.7581
16,4096,338,320,147.6046
16,4096,338,322,135.047
16,4096,338,324,147.1498
16,4096,338,326,128.7234
16,4096,338,328,144.6167
16,4096,338,330,133.4872
16,4096,338,332,145.2953
16,4096,338,334,144.1019
16,4096,338,336,139.1757
16,4096,340,2,65.9325
16,4096,340,4,116.2353
16,4096,340,6,152.0439
16,4096,340,8,185.6495
16,4096,340,10,196.781
16,4096,340,12,207.8757
16,4096,340,14,232.1211
16,4096,340,16,250.6203
16,4096,340,18,225.9146
16,4096,340,20,244.724
16,4096,340,22,241.3842
16,4096,340,24,259.289
16,4096,340,26,228.2265
16,4096,340,28,270.1304
16,4096,340,30,228.7111
16,4096,340,32,264.9446
16,4096,340,34,252.0846
16,4096,340,36,243.2956
16,4096,340,38,258.8277
16,4096,340,40,235.6309
16,4096,340,42,217.6533
16,4096,340,44,259.2503
16,4096,340,46,254.0342
16,4096,340,48,208.3571
16,4096,340,50,193.9683
16,4096,340,52,216.0951
16,4096,340,54,223.343
16,4096,340,56,178.6758
16,4096,340,58,183.7797
16,4096,340,60,179.0171
16,4096,340,62,182.6971
16,4096,340,64,160.4276
16,4096,340,66,153.1446
16,4096,340,68,159.9154
16,4096,340,70,181.2558
16,4096,340,72,175.4392
16,4096,340,74,173.3425
16,4096,340,76,160.2048
16,4096,340,78,167.8612
16,4096,340,80,153.6326
16,4096,340,82,163.9789
16,4096,340,84,168.2464
16,4096,340,86,180.6747
16,4096,340,88,182.3686
16,4096,340,90,154.5142
16,4096,340,92,153.5572
16,4096,340,94,180.3093
16,4096,340,96,158.6466
16,4096,340,98,155.4059
16,4096,340,100,186.2457
16,4096,340,102,176.0711
16,4096,340,104,174.6074
16,4096,340,106,178.6489
16,4096,340,108,160.0424
16,4096,340,110,161.244
16,4096,340,112,145.8922
16,4096,340,114,165.1823
16,4096,340,116,183.5203
16,4096,340,118,173.8455
16,4096,340,120,164.6181
16,4096,340,122,168.6468
16,4096,340,124,174.5484
16,4096,340,126,182.5537
16,4096,340,128,178.4838
16,4096,340,130,178.9322
16,4096,340,132,174.4902
16,4096,340,134,177.0197
16,4096,340,136,169.5926
16,4096,340,138,167.3061
16,4096,340,140,155.84
16,4096,340,142,176.6912
16,4096,340,144,173.8469
16,4096,340,146,182.8662
16,4096,340,148,177.6036
16,4096,340,150,159.7286
16,4096,340,152,177.2841
16,4096,340,154,154.7594
16,4096,340,156,152.4325
16,4096,340,158,172.9745
16,4096,340,160,170.0953
16,4096,340,162,164.515
16,4096,340,164,136.6043
16,4096,340,166,162.0221
16,4096,340,168,140.1854
16,4096,340,170,170.5706
16,4096,340,172,172.2926
16,4096,340,174,177.5828
16,4096,340,176,164.5665
16,4096,340,178,173.8047
16,4096,340,180,176.6866
16,4096,340,182,177.7398
16,4096,340,184,170.5676
16,4096,340,186,164.5063
16,4096,340,188,173.1787
16,4096,340,190,157.0766
16,4096,340,192,161.394
16,4096,340,194,177.9384
16,4096,340,196,168.2612
16,4096,340,198,178.7869
16,4096,340,200,179.726
16,4096,340,202,174.6012
16,4096,340,204,163.8149
16,4096,340,206,175.6994
16,4096,340,208,176.9657
16,4096,340,210,167.2673
16,4096,340,212,169.2478
16,4096,340,214,153.1818
16,4096,340,216,166.3789
16,4096,340,218,174.2382
16,4096,340,220,159.3396
16,4096,340,222,170.0637
16,4096,340,224,174.6625
16,4096,340,226,173.2703
16,4096,340,228,177.9968
16,4096,340,230,162.6376
16,4096,340,232,170.0299
16,4096,340,234,171.2533
16,4096,340,236,174.7724
16,4096,340,238,173.423
16,4096,340,240,171.377
16,4096,340,242,142.2985
16,4096,340,244,163.7418
16,4096,340,246,161.829
16,4096,340,248,167.0348
16,4096,340,250,162.5994
16,4096,340,252,165.9484
16,4096,340,254,149.9583
16,4096,340,256,164.6094
16,4096,340,258,166.0553
16,4096,340,260,169.4624
16,4096,340,262,154.5515
16,4096,340,264,167.441
16,4096,340,266,153.9096
16,4096,340,268,166.8517
16,4096,340,270,160.4773
16,4096,340,272,163.8305
16,4096,340,274,145.2921
16,4096,340,276,164.1365
16,4096,340,278,148.3464
16,4096,340,280,164.2487
16,4096,340,282,147.1274
16,4096,340,284,158.7636
16,4096,340,286,151.7886
16,4096,340,288,157.1778
16,4096,340,290,158.5941
16,4096,340,292,157.2605
16,4096,340,294,148.0469
16,4096,340,296,151.1109
16,4096,340,298,156.9349
16,4096,340,300,153.5324
16,4096,340,302,148.5933
16,4096,340,304,139.7855
16,4096,340,306,150.7752
16,4096,340,308,154.3358
16,4096,340,310,151.3977
16,4096,340,312,145.0676
16,4096,340,314,140.8178
16,4096,340,316,148.2005
16,4096,340,318,147.7105
16,4096,340,320,140.9585
16,4096,340,322,142.5785
16,4096,340,324,146.1604
16,4096,340,326,145.3072
16,4096,340,328,133.8855
16,4096,340,330,136.2047
16,4096,340,332,141.8082
16,4096,340,334,142.608
16,4096,340,336,136.0878
16,4096,340,338,126.676
16,4096,342,2,71.222
16,4096,342,4,122.2538
16,4096,342,6,152.5227
16,4096,342,8,190.507
16,4096,342,10,190.496
16,4096,342,12,220.4133
16,4096,342,14,218.8703
16,4096,342,16,231.3003
16,4096,342,18,231.6193
16,4096,342,20,246.11
16,4096,342,22,225.1806
16,4096,342,24,247.6417
16,4096,342,26,232.6633
16,4096,342,28,238.791
16,4096,342,30,234.2957
16,4096,342,32,245.6787
16,4096,342,34,245.9129
16,4096,342,36,236.2652
16,4096,342,38,233.2323
16,4096,342,40,242.2127
16,4096,342,42,258.3969
16,4096,342,44,236.3547
16,4096,342,46,215.7189
16,4096,342,48,219.7667
16,4096,342,50,207.1955
16,4096,342,52,222.9652
16,4096,342,54,207.3831
16,4096,342,56,175.9795
16,4096,342,58,176.8304
16,4096,342,60,168.5859
16,4096,342,62,181.5164
16,4096,342,64,181.3973
16,4096,342,66,167.8712
16,4096,342,68,155.9183
16,4096,342,70,175.9748
16,4096,342,72,177.2133
16,4096,342,74,168.6737
16,4096,342,76,176.1267
16,4096,342,78,175.024
16,4096,342,80,166.7247
16,4096,342,82,173.1047
16,4096,342,84,171.1213
16,4096,342,86,180.0187
16,4096,342,88,159.3
16,4096,342,90,173.3782
16,4096,342,92,181.3899
16,4096,342,94,162.5837
16,4096,342,96,176.4419
16,4096,342,98,161.3711
16,4096,342,100,171.8354
16,4096,342,102,175.2772
16,4096,342,104,176.9912
16,4096,342,106,152.0735
16,4096,342,108,163.5498
16,4096,342,110,149.2927
16,4096,342,112,172.8387
16,4096,342,114,154.7812
16,4096,342,116,170.5565
16,4096,342,118,171.2632
16,4096,342,120,182.9438
16,4096,342,122,171.4543
16,4096,342,124,170.086
16,4096,342,126,178.0595
16,4096,342,128,161.976
16,4096,342,130,143.9103
16,4096,342,132,166.7015
16,4096,342,134,169.7953
16,4096,342,136,176.6749
16,4096,342,138,153.8971
16,4096,342,140,172.2178
16,4096,342,142,156.1127
16,4096,342,144,161.0414
16,4096,342,146,177.5161
16,4096,342,148,170.7366
16,4096,342,150,169.8695
16,4096,342,152,168.8958
16,4096,342,154,155.8514
16,4096,342,156,161.4495
16,4096,342,158,174.5727
16,4096,342,160,157.6788
16,4096,342,162,161.2073
16,4096,342,164,163.3077
16,4096,342,166,170.2004
16,4096,342,168,145.6501
16,4096,342,170,157.1181
16,4096,342,172,161.0577
16,4096,342,174,166.7625
16,4096,342,176,182.3724
16,4096,342,178,177.924
16,4096,342,180,171.0687
16,4096,342,182,172.9141
16,4096,342,184,178.6736
16,4096,342,186,179.9299
16,4096,342,188,162.1902
16,4096,342,190,181.8458
16,4096,342,192,158.0226
16,4096,342,194,164.9258
16,4096,342,196,184.866
16,4096,342,198,180.1178
16,4096,342,200,184.162
16,4096,342,202,173.7143
16,4096,342,204,190.2743
16,4096,342,206,177.6437
16,4096,342,208,148.1236
16,4096,342,210,169.5153
16,4096,342,212,164.893
16,4096,342,214,179.1195
16,4096,342,216,178.9705
16,4096,342,218,169.7434
16,4096,342,220,167.3078
16,4096,342,222,172.9492
16,4096,342,224,162.8981
16,4096,342,226,144.3331
16,4096,342,228,169.8151
16,4096,342,230,167.1436
16,4096,342,232,181.5399
16,4096,342,234,172.4482
16,4096,342,236,169.0892
16,4096,342,238,161.616
16,4096,342,240,161.5403
16,4096,342,242,147.15
16,4096,342,244,172.4997
16,4096,342,246,144.5727
16,4096,342,248,154.9779
16,4096,342,250,154.0224
16,4096,342,252,147.1895
16,4096,342,254,160.2159
16,4096,342,256,164.1413
16,4096,342,258,164.9311
16,4096,342,260,145.073
16,4096,342,262,163.9202
16,4096,342,264,155.1001
16,4096,342,266,152.5579
16,4096,342,268,158.366
16,4096,342,270,164.7413
16,4096,342,272,135.4493
16,4096,342,274,170.6872
16,4096,342,276,147.7565
16,4096,342,278,154.132
16,4096,342,280,155.7693
16,4096,342,282,156.4718
16,4096,342,284,144.146
16,4096,342,286,139.2512
16,4096,342,288,149.3316
16,4096,342,290,167.3616
16,4096,342,292,162.3666
16,4096,342,294,164.205
16,4096,342,296,144.8529
16,4096,342,298,162.6227
16,4096,342,300,139.0107
16,4096,342,302,158.9842
16,4096,342,304,140.3036
16,4096,342,306,157.0052
16,4096,342,308,126.0612
16,4096,342,310,151.6598
16,4096,342,312,137.8163
16,4096,342,314,152.4759
16,4096,342,316,134.5841
16,4096,342,318,152.2201
16,4096,342,320,144.35
16,4096,342,322,148.0542
16,4096,342,324,129.3818
16,4096,342,326,151.6406
16,4096,342,328,129.5058
16,4096,342,330,144.7732
16,4096,342,332,142.7379
16,4096,342,334,135.1553
16,4096,342,336,147.3539
16,4096,342,338,131.6474
16,4096,342,340,122.5141
16,4096,344,2,70.8971
16,4096,344,4,117.0319
16,4096,344,6,153.4881
16,4096,344,8,181.7858
16,4096,344,10,197.7066
16,4096,344,12,211.0303
16,4096,344,14,212.727
16,4096,344,16,238.1976
16,4096,344,18,217.1731
16,4096,344,20,228.6223
16,4096,344,22,240.2587
16,4096,344,24,246.5567
16,4096,344,26,224.6402
16,4096,344,28,258.9407
16,4096,344,30,232.4223
16,4096,344,32,241.2043
16,4096,344,34,227.4675
16,4096,344,36,227.349
16,4096,344,38,237.8479
16,4096,344,40,248.0921
16,4096,344,42,216.0294
16,4096,344,44,231.4071
16,4096,344,46,249.8152
16,4096,344,48,198.5511
16,4096,344,50,227.8724
16,4096,344,52,228.5306
16,4096,344,54,222.79
16,4096,344,56,158.8492
16,4096,344,58,170.7776
16,4096,344,60,182.7657
16,4096,344,62,179.6137
16,4096,344,64,154.6732
16,4096,344,66,147.1156
16,4096,344,68,175.0028
16,4096,344,70,158.3021
16,4096,344,72,170.8398
16,4096,344,74,177.7659
16,4096,344,76,161.9921
16,4096,344,78,165.979
16,4096,344,80,176.5783
16,4096,344,82,168.1401
16,4096,344,84,149.9946
16,4096,344,86,175.423
16,4096,344,88,179.1529
16,4096,344,90,179.5026
16,4096,344,92,172.1827
16,4096,344,94,163.9444
16,4096,344,96,165.2841
16,4096,344,98,173.7854
16,4096,344,100,183.0839
16,4096,344,102,182.3819
16,4096,344,104,173.5936
16,4096,344,106,171.4274
16,4096,344,108,173.9631
16,4096,344,110,166.5794
16,4096,344,112,159.4788
16,4096,344,114,169.9422
16,4096,344,116,171.1404
16,4096,344,118,160.0581
16,4096,344,120,177.078
16,4096,344,122,172.7097
16,4096,344,124,165.8505
16,4096,344,126,175.1394
16,4096,344,128,175.4369
16,4096,344,130,165.8279
16,4096,344,132,174.1021
16,4096,344,134,169.7698
16,4096,344,136,175.9327
16,4096,344,138,169.3154
16,4096,344,140,171.3935
16,4096,344,142,150.5638
16,4096,344,144,177.4277
16,4096,344,146,177.4646
16,4096,344,148,149.3007
16,4096,344,150,175.8218
16,4096,344,152,162.7723
16,4096,344,154,164.4079
16,4096,344,156,140.4891
16,4096,344,158,174.6201
16,4096,344,160,167.809
16,4096,344,162,155.1336
16,4096,344,164,169.8325
16,4096,344,166,167.7854
16,4096,344,168,169.2425
16,4096,344,170,154.1635
16,4096,344,172,163.7566
16,4096,344,174,170.3689
16,4096,344,176,183.8096
16,4096,344,178,166.4485
16,4096,344,180,176.0682
16,4096,344,182,177.7405
16,4096,344,184,150.2534
16,4096,344,186,164.5885
16,4096,344,188,180.205
16,4096,344,190,139.7318
16,4096,344,192,178.3429
16,4096,344,194,177.6459
16,4096,344,196,180.0344
16,4096,344,198,173.5005
16,4096,344,200,158.5733
16,4096,344,202,159.7131
16,4096,344,204,143.4647
16,4096,344,206,174.2122
16,4096,344,208,158.3588
16,4096,344,210,162.325
16,4096,344,212,174.1833
16,4096,344,214,182.301
16,4096,344,216,168.4834
16,4096,344,218,153.7286
16,4096,344,220,175.8349
16,4096,344,222,179.1552
16,4096,344,224,163.4906
16,4096,344,226,173.3288
16,4096,344,228,161.8807
16,4096,344,230,171.0832
16,4096,344,232,167.4581
16,4096,344,234,165.7525
16,4096,344,236,162.9624
16,4096,344,238,164.8472
16,4096,344,240,172.9577
16,4096,344,242,138.7974
16,4096,344,244,171.6941
16,4096,344,246,145.1694
16,4096,344,248,158.2797
16,4096,344,250,148.0489
16,4096,344,252,168.0863
16,4096,344,254,143.9155
16,4096,344,256,170.0038
16,4096,344,258,171.2751
16,4096,344,260,159.7906
16,4096,344,262,167.1608
16,4096,344,264,164.8705
16,4096,344,266,157.0173
16,4096,344,268,157.1665
16,4096,344,270,152.5905
16,4096,344,272,160.3448
16,4096,344,274,158.9894
16,4096,344,276,158.4871
16,4096,344,278,159.2218
16,4096,344,280,157.2292
16,4096,344,282,152.5852
16,4096,344,284,149.233
16,4096,344,286,163.853
16,4096,344,288,163.5202
16,4096,344,290,137.4151
16,4096,344,292,163.1701
16,4096,344,294,154.0966
16,4096,344,296,151.7884
16,4096,344,298,152.6715
16,4096,344,300,153.1826
16,4096,344,302,144.7531
16,4096,344,304,157.4297
16,4096,344,306,150.6823
16,4096,344,308,148.5276
16,4096,344,310,158.5955
16,4096,344,312,155.0082
16,4096,344,314,153.5978
16,4096,344,316,147.6207
16,4096,344,318,144.9829
16,4096,344,320,116.1409
16,4096,344,322,133.5475
16,4096,344,324,144.8808
16,4096,344,326,149.8942
16,4096,344,328,147.6324
16,4096,344,330,129.1657
16,4096,344,332,145.1772
16,4096,344,334,143.18
16,4096,344,336,134.6482
16,4096,344,338,143.3584
16,4096,344,340,139.0994
16,4096,344,342,125.7001
16,4096,346,2,74.5295
16,4096,346,4,117.2937
16,4096,346,6,145.1051
16,4096,346,8,187.9364
16,4096,346,10,212.1221
16,4096,346,12,215.9066
16,4096,346,14,223.7284
16,4096,346,16,254.3359
16,4096,346,18,210.375
16,4096,346,20,248.677
16,4096,346,22,253.5273
16,4096,346,24,232.228
16,4096,346,26,248.7383
16,4096,346,28,246.4759
16,4096,346,30,228.7566
16,4096,346,32,274.3137
16,4096,346,34,240.5317
16,4096,346,36,261.185
16,4096,346,38,235.0396
16,4096,346,40,216.877
16,4096,346,42,236.1179
16,4096,346,44,261.1174
16,4096,346,46,220.2101
16,4096,346,48,220.3376
16,4096,346,50,224.4246
16,4096,346,52,200.9975
16,4096,346,54,207.9076
16,4096,346,56,163.8063
16,4096,346,58,162.6411
16,4096,346,60,191.1928
16,4096,346,62,183.7907
16,4096,346,64,178.5892
16,4096,346,66,176.4184
16,4096,346,68,172.8125
16,4096,346,70,160.9038
16,4096,346,72,155.0818
16,4096,346,74,167.7418
16,4096,346,76,183.6244
16,4096,346,78,179.2929
16,4096,346,80,176.6558
16,4096,346,82,172.3813
16,4096,346,84,175.8459
16,4096,346,86,169.2352
16,4096,346,88,175.0762
16,4096,346,90,177.357
16,4096,346,92,162.8733
16,4096,346,94,159.3174
16,4096,346,96,174.4865
16,4096,346,98,177.616
16,4096,346,100,167.0604
16,4096,346,102,161.8261
16,4096,346,104,182.7567
16,4096,346,106,173.1387
16,4096,346,108,171.251
16,4096,346,110,176.8311
16,4096,346,112,165.1251
16,4096,346,114,171.6024
16,4096,346,116,179.6849
16,4096,346,118,179.0479
16,4096,346,120,177.7432
16,4096,346,122,174.623
16,4096,346,124,177.311
16,4096,346,126,165.323
16,4096,346,128,166.1439
16,4096,346,130,153.5127
16,4096,346,132,167.5509
16,4096,346,134,174.7014
16,4096,346,136,177.7725
16,4096,346,138,182.1438
16,4096,346,140,170.4278
16,4096,346,142,156.6304
16,4096,346,144,161.0018
16,4096,346,146,172.6505
16,4096,346,148,152.2843
16,4096,346,150,176.2335
16,4096,346,152,162.6194
16,4096,346,154,180.2839
16,4096,346,156,156.3254
16,4096,346,158,161.8993
16,4096,346,160,168.467
16,4096,346,162,169.7293
16,4096,346,164,169.2883
16,4096,346,166,164.3142
16,4096,346,168,167.1301
16,4096,346,170,165.6387
16,4096,346,172,146.0629
16,4096,346,174,166.8738
16,4096,346,176,184.6824
16,4096,346,178,183.4349
16,4096,346,180,184.548
16,4096,346,182,157.9752
16,4096,346,184,150.9801
16,4096,346,186,179.6602
16,4096,346,188,168.2832
16,4096,346,190,185.0472
16,4096,346,192,182.2146
16,4096,346,194,173.2936
16,4096,346,196,177.2063
16,4096,346,198,189.5884
16,4096,346,200,169.2299
16,4096,346,202,162.2942
16,4096,346,204,178.9119
16,4096,346,206,172.8776
16,4096,346,208,184.7566
16,4096,346,210,180.3139
16,4096,346,212,176.2952
16,4096,346,214,176.5918
16,4096,346,216,176.9543
16,4096,346,218,177.7662
16,4096,346,220,169.2131
16,4096,346,222,172.297
16,4096,346,224,155.8369
16,4096,346,226,166.6138
16,4096,346,228,167.3584
16,4096,346,230,174.2326
16,4096,346,232,146.8015
16,4096,346,234,168.075
16,4096,346,236,178.924
16,4096,346,238,153.4581
16,4096,346,240,159.7448
16,4096,346,242,167.9553
16,4096,346,244,153.3974
16,4096,346,246,152.9787
16,4096,346,248,152.0386
16,4096,346,250,165.1717
16,4096,346,252,153.5668
16,4096,346,254,167.3163
16,4096,346,256,169.9917
16,4096,346,258,165.4408
16,4096,346,260,160.1852
16,4096,346,262,153.9852
16,4096,346,264,145.0754
16,4096,346,266,169.3389
16,4096,346,268,161.4665
16,4096,346,270,169.9807
16,4096,346,272,168.5575
16,4096,346,274,168.6024
16,4096,346,276,165.7487
16,4096,346,278,167.6454
16,4096,346,280,155.8176
16,4096,346,282,168.9792
16,4096,346,284,159.4626
16,4096,346,286,153.0803
16,4096,346,288,139.7138
16,4096,346,290,160.611
16,4096,346,292,149.0648
16,4096,346,294,164.9708
16,4096,346,296,158.4498
16,4096,346,298,145.7743
16,4096,346,300,145.1206
16,4096,346,302,159.1908
16,4096,346,304,142.6851
16,4096,346,306,162.5253
16,4096,346,308,136.8599
16,4096,346,310,150.2175
16,4096,346,312,151.8244
16,4096,346,314,139.9709
16,4096,346,316,141.3575
16,4096,346,318,154.8211
16,4096,346,320,143.9216
16,4096,346,322,151.9219
16,4096,346,324,140.2902
16,4096,346,326,147.0156
16,4096,346,328,144.5957
16,4096,346,330,145.7724
16,4096,346,332,144.1587
16,4096,346,334,138.3211
16,4096,346,336,143.0667
16,4096,346,338,137.1595
16,4096,346,340,135.4342
16,4096,346,342,121.1793
16,4096,346,344,136.8171
16,4096,348,2,70.3151
16,4096,348,4,118.3725
16,4096,348,6,151.3973
16,4096,348,8,186.2984
16,4096,348,10,214.1886
16,4096,348,12,208.6143
16,4096,348,14,232.8532
16,4096,348,16,243.9437
16,4096,348,18,246.0875
16,4096,348,20,238.3034
16,4096,348,22,252.8895
16,4096,348,24,243.4911
16,4096,348,26,261.0424
16,4096,348,28,255.6154
16,4096,348,30,221.7038
16,4096,348,32,230.6095
16,4096,348,34,255.3055
16,4096,348,36,238.4767
16,4096,348,38,246.5592
16,4096,348,40,256.5134
16,4096,348,42,219.4823
16,4096,348,44,262.9153
16,4096,348,46,214.2748
16,4096,348,48,209.5336
16,4096,348,50,217.0253
16,4096,348,52,222.4389
16,4096,348,54,184.9727
16,4096,348,56,174.1181
16,4096,348,58,180.8439
16,4096,348,60,175.2926
16,4096,348,62,180.6482
16,4096,348,64,173.4006
16,4096,348,66,164.9433
16,4096,348,68,159.4861
16,4096,348,70,182.8199
16,4096,348,72,173.2407
16,4096,348,74,154.2623
16,4096,348,76,185.4509
16,4096,348,78,175.3631
16,4096,348,80,171.205
16,4096,348,82,167.2592
16,4096,348,84,162.4814
16,4096,348,86,161.9963
16,4096,348,88,174.6233
16,4096,348,90,171.3502
16,4096,348,92,153.7485
16,4096,348,94,178.4494
16,4096,348,96,181.7327
16,4096,348,98,179.2419
16,4096,348,100,159.5736
16,4096,348,102,143.8287
16,4096,348,104,163.7094
16,4096,348,106,173.1519
16,4096,348,108,178.1519
16,4096,348,110,171.7794
16,4096,348,112,166.126
16,4096,348,114,174.5817
16,4096,348,116,160.2785
16,4096,348,118,160.0791
16,4096,348,120,165.2244
16,4096,348,122,174.2917
16,4096,348,124,176.9539
16,4096,348,126,180.3995
16,4096,348,128,170.7513
16,4096,348,130,183.6101
16,4096,348,132,176.1511
16,4096,348,134,151.0685
16,4096,348,136,181.5841
16,4096,348,138,168.0856
16,4096,348,140,166.3445
16,4096,348,142,165.5018
16,4096,348,144,178.0942
16,4096,348,146,171.6691
16,4096,348,148,177.1406
16,4096,348,150,171.2242
16,4096,348,152,174.8851
16,4096,348,154,151.1237
16,4096,348,156,167.9783
16,4096,348,158,160.3703
16,4096,348,160,158.7451
16,4096,348,162,160.8794
16,4096,348,164,174.4723
16,4096,348,166,151.8219
16,4096,348,168,156.5198
16,4096,348,170,162.6328
16,4096,348,172,166.215
16,4096,348,174,173.9469
16,4096,348,176,161.1599
16,4096,348,178,181.4963
16,4096,348,180,176.7123
16,4096,348,182,178.4456
16,4096,348,184,175.1147
16,4096,348,186,160.6251
16,4096,348,188,171.2698
16,4096,348,190,179.2678
16,4096,348,192,155.0416
16,4096,348,194,161.8831
16,4096,348,196,175.4069
16,4096,348,198,169.8871
16,4096,348,200,169.0788
16,4096,348,202,187.4003
16,4096,348,204,160.6217
16,4096,348,206,171.6924
16,4096,348,208,176.8523
16,4096,348,210,169.6085
16,4096,348,212,158.6972
16,4096,348,214,184.5563
16,4096,348,216,156.8277
16,4096,348,218,176.7668
16,4096,348,220,177.1357
16,4096,348,222,181.6988
16,4096,348,224,155.126
16,4096,348,226,157.9362
16,4096,348,228,174.5181
16,4096,348,230,179.6034
16,4096,348,232,173.1022
16,4096,348,234,166.6445
16,4096,348,236,168.9622
16,4096,348,238,154.689
16,4096,348,240,170.6668
16,4096,348,242,146.6753
16,4096,348,244,169.4704
16,4096,348,246,164.9832
16,4096,348,248,145.4261
16,4096,348,250,166.3805
16,4096,348,252,157.9287
16,4096,348,254,157.5244
16,4096,348,256,147.3989
16,4096,348,258,175.8715
16,4096,348,260,141.8527
16,4096,348,262,180.2384
16,4096,348,264,168.5115
16,4096,348,266,148.5016
16,4096,348,268,164.486
16,4096,348,270,166.3936
16,4096,348,272,155.8688
16,4096,348,274,157.8069
16,4096,348,276,162.7094
16,4096,348,278,158.7397
16,4096,348,280,164.8241
16,4096,348,282,152.538
16,4096,348,284,144.5626
16,4096,348,286,162.2967
16,4096,348,288,152.0484
16,4096,348,290,151.2393
16,4096,348,292,140.7762
16,4096,348,294,159.1631
16,4096,348,296,158.0635
16,4096,348,298,160.0595
16,4096,348,300,160.0069
16,4096,348,302,155.5429
16,4096,348,304,152.0456
16,4096,348,306,153.4244
16,4096,348,308,143.4599
16,4096,348,310,153.7299
16,4096,348,312,151.0278
16,4096,348,314,156.9604
16,4096,348,316,149.6544
16,4096,348,318,150.8905
16,4096,348,320,149.7317
16,4096,348,322,153.6436
16,4096,348,324,140.4005
16,4096,348,326,146.7335
16,4096,348,328,146.2368
16,4096,348,330,144.6727
16,4096,348,332,139.0587
16,4096,348,334,148.4907
16,4096,348,336,141.742
16,4096,348,338,135.2311
16,4096,348,340,139.5828
16,4096,348,342,129.9239
16,4096,348,344,137.7081
16,4096,348,346,135.3736
16,4096,350,2,70.2587
16,4096,350,4,124.032
16,4096,350,6,150.3271
16,4096,350,8,187.6128
16,4096,350,10,205.0788
16,4096,350,12,217.3666
16,4096,350,14,233.6379
16,4096,350,16,232.26
16,4096,350,18,235.3661
16,4096,350,20,238.6106
16,4096,350,22,247.5596
16,4096,350,24,268.2383
16,4096,350,26,235.7375
16,4096,350,28,254.0901
16,4096,350,30,241.9242
16,4096,350,32,252.7878
16,4096,350,34,256.6976
16,4096,350,36,275.9837
16,4096,350,38,231.5649
16,4096,350,40,256.6723
16,4096,350,42,212.8005
16,4096,350,44,249.9373
16,4096,350,46,242.0744
16,4096,350,48,195.702
16,4096,350,50,211.1051
16,4096,350,52,226.8968
16,4096,350,54,214.1249
16,4096,350,56,168.6636
16,4096,350,58,176.5511
16,4096,350,60,184.4476
16,4096,350,62,148.4325
16,4096,350,64,150.483
16,4096,350,66,169.2904
16,4096,350,68,168.3805
16,4096,350,70,157.6353
16,4096,350,72,153.2164
16,4096,350,74,169.1804
16,4096,350,76,174.4533
16,4096,350,78,181.471
16,4096,350,80,158.363
16,4096,350,82,161.7449
16,4096,350,84,169.1444
16,4096,350,86,150.2228
16,4096,350,88,171.9115
16,4096,350,90,160.723
16,4096,350,92,160.262
16,4096,350,94,168.2893
16,4096,350,96,170.1958
16,4096,350,98,179.8722
16,4096,350,100,154.104
16,4096,350,102,185.3472
16,4096,350,104,162.0731
16,4096,350,106,152.4353
16,4096,350,108,171.8827
16,4096,350,110,168.3086
16,4096,350,112,156.5657
16,4096,350,114,153.5214
16,4096,350,116,165.9137
16,4096,350,118,166.1627
16,4096,350,120,173.5921
16,4096,350,122,160.3518
16,4096,350,124,170.3333
16,4096,350,126,155.7144
16,4096,350,128,150.9829
16,4096,350,130,165.1174
16,4096,350,132,171.0366
16,4096,350,134,182.2092
16,4096,350,136,173.6837
16,4096,350,138,170.6433
16,4096,350,140,173.1987
16,4096,350,142,173.493
16,4096,350,144,153.842
16,4096,350,146,167.7729
16,4096,350,148,163.83
16,4096,350,150,170.3432
16,4096,350,152,172.1863
16,4096,350,154,160.8574
16,4096,350,156,177.1687
16,4096,350,158,174.5727
16,4096,350,160,174.0554
16,4096,350,162,172.6117
16,4096,350,164,150.5207
16,4096,350,166,164.8597
16,4096,350,168,155.1966
16,4096,350,170,137.8122
16,4096,350,172,163.2219
16,4096,350,174,163.221
16,4096,350,176,168.6903
16,4096,350,178,164.7779
16,4096,350,180,177.4735
16,4096,350,182,153.6956
16,4096,350,184,170.1679
16,4096,350,186,168.1373
16,4096,350,188,177.2269
16,4096,350,190,181.0096
16,4096,350,192,189.4808
16,4096,350,194,181.1284
16,4096,350,196,174.5765
16,4096,350,198,174.0207
16,4096,350,200,175.597
16,4096,350,202,168.9472
16,4096,350,204,175.0609
16,4096,350,206,164.9001
16,4096,350,208,182.0836
16,4096,350,210,172.7314
16,4096,350,212,181.0738
16,4096,350,214,171.0697
16,4096,350,216,176.932
16,4096,350,218,159.7467
16,4096,350,220,166.7512
16,4096,350,222,157.6559
16,4096,350,224,172.9352
16,4096,350,226,171.0474
16,4096,350,228,174.0355
16,4096,350,230,151.2564
16,4096,350,232,151.2629
16,4096,350,234,172.2427
16,4096,350,236,173.772
16,4096,350,238,173.3394
16,4096,350,240,154.2144
16,4096,350,242,174.2076
16,4096,350,244,162.5392
16,4096,350,246,169.8423
16,4096,350,248,167.1016
16,4096,350,250,169.1974
16,4096,350,252,147.8026
16,4096,350,254,156.7164
16,4096,350,256,169.0249
16,4096,350,258,166.7732
16,4096,350,260,165.4558
16,4096,350,262,159.3245
16,4096,350,264,162.5722
16,4096,350,266,147.4784
16,4096,350,268,150.8243
16,4096,350,270,136.2755
16,4096,350,272,168.5907
16,4096,350,274,162.9709
16,4096,350,276,150.6844
16,4096,350,278,160.0959
16,4096,350,280,161.7953
16,4096,350,282,145.3278
16,4096,350,284,160.602
16,4096,350,286,147.6854
16,4096,350,288,166.2771
16,4096,350,290,152.7716
16,4096,350,292,160.8659
16,4096,350,294,154.3578
16,4096,350,296,158.194
16,4096,350,298,158.4365
16,4096,350,300,158.5495
16,4096,350,302,163.0518
16,4096,350,304,145.271
16,4096,350,306,154.7464
16,4096,350,308,154.3844
16,4096,350,310,149.8429
16,4096,350,312,150.0242
16,4096,350,314,152.9914
16,4096,350,316,144.5645
16,4096,350,318,150.8176
16,4096,350,320,144.2813
16,4096,350,322,147.0611
16,4096,350,324,130.0484
16,4096,350,326,138.5692
16,4096,350,328,143.8235
16,4096,350,330,128.7928
16,4096,350,332,138.8656
16,4096,350,334,145.4179
16,4096,350,336,131.9689
16,4096,350,338,138.6704
16,4096,350,340,138.6276
16,4096,350,342,140.1431
16,4096,350,344,138.0067
16,4096,350,346,132.5121
16,4096,350,348,128.4849
16,4096,352,2,71.5411
16,4096,352,4,122.7532
16,4096,352,6,155.479
16,4096,352,8,189.965
16,4096,352,10,174.9148
16,4096,352,12,218.7808
16,4096,352,14,221.4394
16,4096,352,16,235.3006
16,4096,352,18,235.0635
16,4096,352,20,258.8926
16,4096,352,22,238.3848
16,4096,352,24,252.6026
16,4096,352,26,228.6524
16,4096,352,28,246.9281
16,4096,352,30,251.3668
16,4096,352,32,246.8558
16,4096,352,34,243.0641
16,4096,352,36,227.2006
16,4096,352,38,226.7536
16,4096,352,40,247.9395
16,4096,352,42,244.7052
16,4096,352,44,224.7656
16,4096,352,46,263.6557
16,4096,352,48,199.8806
16,4096,352,50,207.1049
16,4096,352,52,201.494
16,4096,352,54,210.4965
16,4096,352,56,170.0104
16,4096,352,58,174.8716
16,4096,352,60,175.3532
16,4096,352,62,164.0204
16,4096,352,64,180.0235
16,4096,352,66,176.1244
16,4096,352,68,150.506
16,4096,352,70,142.3557
16,4096,352,72,172.4381
16,4096,352,74,155.8174
16,4096,352,76,164.5341
16,4096,352,78,178.8498
16,4096,352,80,161.0272
16,4096,352,82,169.8953
16,4096,352,84,139.2736
16,4096,352,86,159.9767
16,4096,352,88,164.4792
16,4096,352,90,176.7275
16,4096,352,92,159.4144
16,4096,352,94,175.6014
16,4096,352,96,136.1243
16,4096,352,98,164.4439
16,4096,352,100,173.0395
16,4096,352,102,180.8552
16,4096,352,104,174.7313
16,4096,352,106,160.398
16,4096,352,108,177.2016
16,4096,352,110,162.832
16,4096,352,112,172.4206
16,4096,352,114,148.0937
16,4096,352,116,168.3233
16,4096,352,118,183.9282
16,4096,352,120,158.6805
16,4096,352,122,171.7572
16,4096,352,124,174.7037
16,4096,352,126,173.1195
16,4096,352,128,179.5787
16,4096,352,130,174.8144
16,4096,352,132,164.6655
16,4096,352,134,161.0539
16,4096,352,136,161.4411
16,4096,352,138,179.7704
16,4096,352,140,168.8093
16,4096,352,142,171.7217
16,4096,352,144,170.7587
16,4096,352,146,166.8142
16,4096,352,148,169.5412
16,4096,352,150,166.2415
16,4096,352,152,169.6932
16,4096,352,154,163.0228
16,4096,352,156,170.9631
16,4096,352,158,156.0142
16,4096,352,160,174.9686
16,4096,352,162,177.5892
16,4096,352,164,165.2802
16,4096,352,166,149.5336
16,4096,352,168,150.781
16,4096,352,170,161.9547
16,4096,352,172,152.6191
16,4096,352,174,163.5866
16,4096,352,176,169.861
16,4096,352,178,155.8281
16,4096,352,180,178.4724
16,4096,352,182,170.5188
16,4096,352,184,154.0681
16,4096,352,186,152.9143
16,4096,352,188,179.1323
16,4096,352,190,162.0483
16,4096,352,192,169.1792
16,4096,352,194,148.6497
16,4096,352,196,177.9318
16,4096,352,198,149.1996
16,4096,352,200,175.8579
16,4096,352,202,177.1798
16,4096,352,204,162.1558
16,4096,352,206,149.8453
16,4096,352,208,178.0704
16,4096,352,210,153.5469
16,4096,352,212,166.167
16,4096,352,214,182.3832
16,4096,352,216,177.1193
16,4096,352,218,171.6257
16,4096,352,220,174.7962
16,4096,352,222,177.0365
16,4096,352,224,148.1775
16,4096,352,226,171.4078
16,4096,352,228,158.6531
16,4096,352,230,166.6861
16,4096,352,232,172.8949
16,4096,352,234,172.8794
16,4096,352,236,138.159
16,4096,352,238,154.0329
16,4096,352,240,166.7583
16,4096,352,242,168.6004
16,4096,352,244,172.9302
16,4096,352,246,160.9482
16,4096,352,248,154.2255
16,4096,352,250,146.7646
16,4096,352,252,168.9515
16,4096,352,254,161.5047
16,4096,352,256,163.6606
16,4096,352,258,152.7737
16,4096,352,260,165.0533
16,4096,352,262,145.1726
16,4096,352,264,164.932
16,4096,352,266,150.8313
16,4096,352,268,169.2877
16,4096,352,270,159.5864
16,4096,352,272,153.9345
16,4096,352,274,148.5752
16,4096,352,276,159.0233
16,4096,352,278,145.1997
16,4096,352,280,163.6713
16,4096,352,282,155.6701
16,4096,352,284,162.9491
16,4096,352,286,155.5258
16,4096,352,288,163.5274
16,4096,352,290,149.6128
16,4096,352,292,149.502
16,4096,352,294,153.1195
16,4096,352,296,156.7482
16,4096,352,298,149.5945
16,4096,352,300,156.2102
16,4096,352,302,155.2681
16,4096,352,304,150.0621
16,4096,352,306,152.7802
16,4096,352,308,144.0618
16,4096,352,310,147.9483
16,4096,352,312,147.6379
16,4096,352,314,149.5664
16,4096,352,316,145.247
16,4096,352,318,135.2482
16,4096,352,320,145.7957
16,4096,352,322,146.8688
16,4096,352,324,135.4959
16,4096,352,326,132.4071
16,4096,352,328,144.569
16,4096,352,330,123.5232
16,4096,352,332,140.2856
16,4096,352,334,146.5775
16,4096,352,336,147.3977
16,4096,352,338,137.2951
16,4096,352,340,135.3402
16,4096,352,342,131.8691
16,4096,352,344,136.9184
16,4096,352,346,130.7281
16,4096,352,348,129.0852
16,4096,352,350,134.676
16,4096,354,2,71.0215
16,4096,354,4,122.1059
16,4096,354,6,149.3395
16,4096,354,8,182.4888
16,4096,354,10,202.6239
16,4096,354,12,215.6226
16,4096,354,14,212.3146
16,4096,354,16,231.9509
16,4096,354,18,241.6694
16,4096,354,20,250.7784
16,4096,354,22,225.8205
16,4096,354,24,242.1927
16,4096,354,26,262.4297
16,4096,354,28,240.8522
16,4096,354,30,254.2305
16,4096,354,32,237.4605
16,4096,354,34,250.7021
16,4096,354,36,222.1732
16,4096,354,38,230.1695
16,4096,354,40,255.3615
16,4096,354,42,230.4037
16,4096,354,44,244.0372
16,4096,354,46,250.0372
16,4096,354,48,188.1395
16,4096,354,50,216.0763
16,4096,354,52,226.4947
16,4096,354,54,217.8948
16,4096,354,56,177.2909
16,4096,354,58,171.1058
16,4096,354,60,179.2258
16,4096,354,62,167.7506
16,4096,354,64,178.9257
16,4096,354,66,175.8448
16,4096,354,68,154.0375
16,4096,354,70,160.3078
16,4096,354,72,174.5571
16,4096,354,74,163.9932
16,4096,354,76,164.8722
16,4096,354,78,176.6084
16,4096,354,80,170.6734
16,4096,354,82,164.1597
16,4096,354,84,171.3581
16,4096,354,86,166.0746
16,4096,354,88,161.4571
16,4096,354,90,166.5983
16,4096,354,92,159.514
16,4096,354,94,172.9784
16,4096,354,96,171.659
16,4096,354,98,172.3982
16,4096,354,100,165.7694
16,4096,354,102,150.7543
16,4096,354,104,182.8405
16,4096,354,106,158.2181
16,4096,354,108,174.339
16,4096,354,110,180.843
16,4096,354,112,175.4817
16,4096,354,114,155.0184
16,4096,354,116,171.6971
16,4096,354,118,165.6781
16,4096,354,120,176.605
16,4096,354,122,181.1536
16,4096,354,124,187.8654
16,4096,354,126,170.2269
16,4096,354,128,174.9888
16,4096,354,130,176.6967
16,4096,354,132,173.6287
16,4096,354,134,174.4736
16,4096,354,136,176.2171
16,4096,354,138,164.0841
16,4096,354,140,178.3421
16,4096,354,142,178.1465
16,4096,354,144,160.4446
16,4096,354,146,177.1176
16,4096,354,148,161.2595
16,4096,354,150,173.8929
16,4096,354,152,178.0309
16,4096,354,154,158.3105
16,4096,354,156,172.214
16,4096,354,158,177.8345
16,4096,354,160,175.0179
16,4096,354,162,145.5022
16,4096,354,164,169.8583
16,4096,354,166,169.4598
16,4096,354,168,161.2985
16,4096,354,170,165.707
16,4096,354,172,163.662
16,4096,354,174,139.3177
16,4096,354,176,151.3381
16,4096,354,178,175.57
16,4096,354,180,166.0577
16,4096,354,182,172.7806
16,4096,354,184,178.226
16,4096,354,186,166.4949
16,4096,354,188,172.1298
16,4096,354,190,159.8585
16,4096,354,192,173.1242
16,4096,354,194,150.8033
16,4096,354,196,179.1421
16,4096,354,198,181.713
16,4096,354,200,166.167
16,4096,354,202,177.9018
16,4096,354,204,189.4305
16,4096,354,206,181.597
16,4096,354,208,156.1424
16,4096,354,210,173.4863
16,4096,354,212,167.0413
16,4096,354,214,179.6597
16,4096,354,216,175.0196
16,4096,354,218,154.4598
16,4096,354,220,182.1591
16,4096,354,222,147.2647
16,4096,354,224,174.7511
16,4096,354,226,159.7867
16,4096,354,228,156.5922
16,4096,354,230,168.0534
16,4096,354,232,159.8565
16,4096,354,234,145.052
16,4096,354,236,176.9773
16,4096,354,238,140.6788
16,4096,354,240,152.8284
16,4096,354,242,165.0017
16,4096,354,244,167.643
16,4096,354,246,156.7519
16,4096,354,248,158.1366
16,4096,354,250,163.4531
16,4096,354,252,145.4109
16,4096,354,254,168.8228
16,4096,354,256,167.9619
16,4096,354,258,168.1599
16,4096,354,260,171.2793
16,4096,354,262,165.7858
16,4096,354,264,159.9243
16,4096,354,266,169.3981
16,4096,354,268,155.9183
16,4096,354,270,172.8949
16,4096,354,272,133.1493
16,4096,354,274,148.231
16,4096,354,276,151.3575
16,4096,354,278,158.8387
16,4096,354,280,149.3462
16,4096,354,282,163.2643
16,4096,354,284,152.2812
16,4096,354,286,160.7645
16,4096,354,288,150.2132
16,4096,354,290,158.347
16,4096,354,292,160.0884
16,4096,354,294,160.1362
16,4096,354,296,159.914
16,4096,354,298,141.1588
16,4096,354,300,156.6351
16,4096,354,302,154.895
16,4096,354,304,151.7593
16,4096,354,306,149.1408
16,4096,354,308,158.1877
16,4096,354,310,157.2093
16,4096,354,312,153.2645
16,4096,354,314,148.3179
16,4096,354,316,150.5157
16,4096,354,318,144.4842
16,4096,354,320,147.9001
16,4096,354,322,145.5771
16,4096,354,324,146.183
16,4096,354,326,152.5613
16,4096,354,328,146.7596
16,4096,354,330,133.3527
16,4096,354,332,144.6846
16,4096,354,334,141.6498
16,4096,354,336,136.7285
16,4096,354,338,135.7428
16,4096,354,340,140.4885
16,4096,354,342,135.7533
16,4096,354,344,139.5846
16,4096,354,346,113.044
16,4096,354,348,133.5551
16,4096,354,350,133.3809
16,4096,354,352,130.0584
16,4096,356,2,70.5888
16,4096,356,4,119.3616
16,4096,356,6,151.0011
16,4096,356,8,197.4375
16,4096,356,10,185.1507
16,4096,356,12,214.7404
16,4096,356,14,227.0667
16,4096,356,16,234.0571
16,4096,356,18,229.0628
16,4096,356,20,256.1791
16,4096,356,22,239.5777
16,4096,356,24,263.0193
16,4096,356,26,253.6317
16,4096,356,28,244.0491
16,4096,356,30,231.2166
16,4096,356,32,255.7873
16,4096,356,34,237.9094
16,4096,356,36,261.1447
16,4096,356,38,248.5565
16,4096,356,40,233.6162
16,4096,356,42,242.7179
16,4096,356,44,225.9624
16,4096,356,46,241.1131
16,4096,356,48,195.2507
16,4096,356,50,199.1447
16,4096,356,52,218.4702
16,4096,356,54,222.7409
16,4096,356,56,169.4087
16,4096,356,58,173.5661
16,4096,356,60,175.3566
16,4096,356,62,173.674
16,4096,356,64,174.5759
16,4096,356,66,173.5957
16,4096,356,68,178.7768
16,4096,356,70,168.0196
16,4096,356,72,163.1647
16,4096,356,74,161.6971
16,4096,356,76,176.493
16,4096,356,78,157.7176
16,4096,356,80,174.9003
16,4096,356,82,176.1594
16,4096,356,84,162.018
16,4096,356,86,155.171
16,4096,356,88,175.5163
16,4096,356,90,164.8293
16,4096,356,92,176.9941
16,4096,356,94,177.4464
16,4096,356,96,161.3768
16,4096,356,98,178.0187
16,4096,356,100,167.9484
16,4096,356,102,179.0132
16,4096,356,104,184.2564
16,4096,356,106,184.2029
16,4096,356,108,181.7213
16,4096,356,110,171.8223
16,4096,356,112,183.83
16,4096,356,114,168.277
16,4096,356,116,159.4468
16,4096,356,118,169.4068
16,4096,356,120,151.1606
16,4096,356,122,173.2924
16,4096,356,124,178.3357
16,4096,356,126,180.5058
16,4096,356,128,174.0138
16,4096,356,130,152.8714
16,4096,356,132,180.0121
16,4096,356,134,176.2976
16,4096,356,136,159.4828
16,4096,356,138,174.1518
16,4096,356,140,152.144
16,4096,356,142,175.4167
16,4096,356,144,161.9619
16,4096,356,146,178.1594
16,4096,356,148,156.451
16,4096,356,150,150.1041
16,4096,356,152,158.7284
16,4096,356,154,172.5879
16,4096,356,156,178.8121
16,4096,356,158,161.8397
16,4096,356,160,165.1582
16,4096,356,162,167.5267
16,4096,356,164,174.723
16,4096,356,166,150.1279
16,4096,356,168,157.1703
16,4096,356,170,172.5257
16,4096,356,172,154.1415
16,4096,356,174,148.5552
16,4096,356,176,157.4509
16,4096,356,178,165.7833
16,4096,356,180,168.7211
16,4096,356,182,181.9151
16,4096,356,184,156.4882
16,4096,356,186,169.9429
16,4096,356,188,174.0955
16,4096,356,190,172.8407
16,4096,356,192,169.2575
16,4096,356,194,179.0705
16,4096,356,196,166.772
16,4096,356,198,154.3357
16,4096,356,200,179.5078
16,4096,356,202,155.875
16,4096,356,204,160.7157
16,4096,356,206,178.4256
16,4096,356,208,183.6436
16,4096,356,210,179.8209
16,4096,356,212,180.5257
16,4096,356,214,169.1625
16,4096,356,216,168.6606
16,4096,356,218,143.2006
16,4096,356,220,168.5098
16,4096,356,222,169.2237
16,4096,356,224,176.2982
16,4096,356,226,178.1388
16,4096,356,228,157.8286
16,4096,356,230,170.4327
16,4096,356,232,159.0935
16,4096,356,234,159.1748
16,4096,356,236,155.5508
16,4096,356,238,175.3133
16,4096,356,240,153.517
16,4096,356,242,168.8509
16,4096,356,244,167.1965
16,4096,356,246,147.9691
16,4096,356,248,155.5705
16,4096,356,250,170.7862
16,4096,356,252,157.1155
16,4096,356,254,168.985
16,4096,356,256,163.3912
16,4096,356,258,170.8171
16,4096,356,260,151.745
16,4096,356,262,164.9122
16,4096,356,264,168.0042
16,4096,356,266,157.2796
16,4096,356,268,166.3484
16,4096,356,270,164.362
16,4096,356,272,166.4355
16,4096,356,274,149.9701
16,4096,356,276,165.9728
16,4096,356,278,151.9747
16,4096,356,280,146.8805
16,4096,356,282,151.7543
16,4096,356,284,159.6186
16,4096,356,286,155.0297
16,4096,356,288,155.1967
16,4096,356,290,157.6776
16,4096,356,292,149.2441
16,4096,356,294,128.3591
16,4096,356,296,154.6969
16,4096,356,298,141.4563
16,4096,356,300,156.0865
16,4096,356,302,148.6855
16,4096,356,304,155.2458
16,4096,356,306,160.4657
16,4096,356,308,151.7216
16,4096,356,310,150.3694
16,4096,356,312,156.6314
16,4096,356,314,147.2683
16,4096,356,316,150.1692
16,4096,356,318,141.3198
16,4096,356,320,150.2056
16,4096,356,322,156.9396
16,4096,356,324,140.0884
16,4096,356,326,135.2462
16,4096,356,328,149.2724
16,4096,356,330,132.1465
16,4096,356,332,149.1366
16,4096,356,334,141.5715
16,4096,356,336,141.8944
16,4096,356,338,141.3479
16,4096,356,340,128.1808
16,4096,356,342,139.8243
16,4096,356,344,139.5585
16,4096,356,346,136.6121
16,4096,356,348,134.9761
16,4096,356,350,137.4486
16,4096,356,352,136.85
16,4096,356,354,134.2851
16,4096,358,2,71.4322
16,4096,358,4,122.9307
16,4096,358,6,155.7739
16,4096,358,8,187.6771
16,4096,358,10,198.7194
16,4096,358,12,219.5853
16,4096,358,14,212.5842
16,4096,358,16,259.6085
16,4096,358,18,227.0573
16,4096,358,20,248.1156
16,4096,358,22,238.2895
16,4096,358,24,268.7862
16,4096,358,26,224.3772
16,4096,358,28,277.3462
16,4096,358,30,219.3256
16,4096,358,32,259.2229
16,4096,358,34,248.368
16,4096,358,36,240.2625
16,4096,358,38,247.966
16,4096,358,40,231.5111
16,4096,358,42,221.3889
16,4096,358,44,243.7951
16,4096,358,46,256.3466
16,4096,358,48,204.9669
16,4096,358,50,182.3343
16,4096,358,52,218.0877
16,4096,358,54,212.7564
16,4096,358,56,175.7769
16,4096,358,58,171.6325
16,4096,358,60,163.934
16,4096,358,62,172.6475
16,4096,358,64,174.1903
16,4096,358,66,177.1255
16,4096,358,68,174.8928
16,4096,358,70,171.1004
16,4096,358,72,168.5168
16,4096,358,74,181.0371
16,4096,358,76,179.3596
16,4096,358,78,181.9281
16,4096,358,80,160.9887
16,4096,358,82,168.3407
16,4096,358,84,150.3153
16,4096,358,86,167.4559
16,4096,358,88,165.9499
16,4096,358,90,172.3589
16,4096,358,92,181.892
16,4096,358,94,185.9533
16,4096,358,96,151.9657
16,4096,358,98,155.0516
16,4096,358,100,173.4177
16,4096,358,102,174.3124
16,4096,358,104,190.7295
16,4096,358,106,181.6561
16,4096,358,108,180.947
16,4096,358,110,156.7698
16,4096,358,112,156.1223
16,4096,358,114,162.4275
16,4096,358,116,161.4027
16,4096,358,118,175.0996
16,4096,358,120,175.935
16,4096,358,122,176.4652
16,4096,358,124,176.0747
16,4096,358,126,182.1311
16,4096,358,128,167.1909
16,4096,358,130,174.7607
16,4096,358,132,180.6607
16,4096,358,134,176.3537
16,4096,358,136,184.5159
16,4096,358,138,155.0777
16,4096,358,140,169.1638
16,4096,358,142,177.2477
16,4096,358,144,173.986
16,4096,358,146,150.9211
16,4096,358,148,175.4256
16,4096,358,150,176.4453
16,4096,358,152,171.696
16,4096,358,154,158.9402
16,4096,358,156,176.6552
16,4096,358,158,171.3162
16,4096,358,160,165.1145
16,4096,358,162,154.6262
16,4096,358,164,173.6675
16,4096,358,166,172.7454
16,4096,358,168,174.8373
16,4096,358,170,169.7315
16,4096,358,172,167.9106
16,4096,358,174,168.8528
16,4096,358,176,167.5742
16,4096,358,178,155.4009
16,4096,358,180,182.5287
16,4096,358,182,175.7012
16,4096,358,184,176.2731
16,4096,358,186,186.102
16,4096,358,188,185.007
16,4096,358,190,184.5487
16,4096,358,192,181.5045
16,4096,358,194,189.443
16,4096,358,196,160.2317
16,4096,358,198,166.561
16,4096,358,200,184.8998
16,4096,358,202,172.7819
16,4096,358,204,181.9041
16,4096,358,206,178.1137
16,4096,358,208,177.1441
16,4096,358,210,164.3446
16,4096,358,212,163.2011
16,4096,358,214,171.6902
16,4096,358,216,172.1824
16,4096,358,218,173.6388
16,4096,358,220,176.6451
16,4096,358,222,173.8932
16,4096,358,224,186.0664
16,4096,358,226,175.5158
16,4096,358,228,143.4302
16,4096,358,230,176.881
16,4096,358,232,163.6957
16,4096,358,234,179.9494
16,4096,358,236,175.1302
16,4096,358,238,166.7482
16,4096,358,240,127.7068
16,4096,358,242,168.2208
16,4096,358,244,167.821
16,4096,358,246,172.5421
16,4096,358,248,156.9562
16,4096,358,250,151.6274
16,4096,358,252,173.2247
16,4096,358,254,154.6696
16,4096,358,256,168.1346
16,4096,358,258,155.5786
16,4096,358,260,164.363
16,4096,358,262,148.0376
16,4096,358,264,153.9935
16,4096,358,266,167.8861
16,4096,358,268,167.7248
16,4096,358,270,162.6569
16,4096,358,272,164.1693
16,4096,358,274,143.1141
16,4096,358,276,170.3137
16,4096,358,278,156.2999
16,4096,358,280,161.1148
16,4096,358,282,167.0139
16,4096,358,284,166.2238
16,4096,358,286,154.2232
16,4096,358,288,162.391
16,4096,358,290,164.053
16,4096,358,292,162.8496
16,4096,358,294,143.2125
16,4096,358,296,161.5422
16,4096,358,298,152.074
16,4096,358,300,153.4128
16,4096,358,302,151.656
16,4096,358,304,160.1676
16,4096,358,306,156.284
16,4096,358,308,159.2021
16,4096,358,310,140.7225
16,4096,358,312,154.5665
16,4096,358,314,136.5964
16,4096,358,316,151.289
16,4096,358,318,141.8742
16,4096,358,320,147.1885
16,4096,358,322,145.0612
16,4096,358,324,141.2143
16,4096,358,326,131.6245
16,4096,358,328,147.9082
16,4096,358,330,149.3605
16,4096,358,332,139.106
16,4096,358,334,145.5892
16,4096,358,336,140.514
16,4096,358,338,140.7662
16,4096,358,340,138.6812
16,4096,358,342,139.6955
16,4096,358,344,141.6942
16,4096,358,346,137.3504
16,4096,358,348,137.8187
16,4096,358,350,132.9158
16,4096,358,352,123.7984
16,4096,358,354,126.6977
16,4096,358,356,137.7039
16,4096,360,2,68.8479
16,4096,360,4,121.5756
16,4096,360,6,136.7276
16,4096,360,8,192.8484
16,4096,360,10,188.2574
16,4096,360,12,210.4797
16,4096,360,14,223.3179
16,4096,360,16,242.8058
16,4096,360,18,224.4482
16,4096,360,20,249.3511
16,4096,360,22,251.0492
16,4096,360,24,237.3708
16,4096,360,26,221.8542
16,4096,360,28,254.2632
16,4096,360,30,241.5
16,4096,360,32,255.8457
16,4096,360,34,254.2871
16,4096,360,36,232.1944
16,4096,360,38,257.2485
16,4096,360,40,225.5268
16,4096,360,42,232.5752
16,4096,360,44,254.3501
16,4096,360,46,230.9858
16,4096,360,48,169.4472
16,4096,360,50,198.29
16,4096,360,52,223.7214
16,4096,360,54,215.037
16,4096,360,56,174.9902
16,4096,360,58,173.9187
16,4096,360,60,164.3362
16,4096,360,62,176.053
16,4096,360,64,166.2597
16,4096,360,66,181.4822
16,4096,360,68,152.5433
16,4096,360,70,162.9718
16,4096,360,72,168.4475
16,4096,360,74,175.8597
16,4096,360,76,173.9419
16,4096,360,78,174.3558
16,4096,360,80,156.4111
16,4096,360,82,170.0116
16,4096,360,84,175.6632
16,4096,360,86,176.4682
16,4096,360,88,153.3183
16,4096,360,90,164.127
16,4096,360,92,181.6862
16,4096,360,94,177.1107
16,4096,360,96,159.0947
16,4096,360,98,173.9868
16,4096,360,100,166.6843
16,4096,360,102,176.5771
16,4096,360,104,186.1744
16,4096,360,106,178.3116
16,4096,360,108,155.5378
16,4096,360,110,146.4008
16,4096,360,112,175.2936
16,4096,360,114,165.4154
16,4096,360,116,170.625
16,4096,360,118,158.8159
16,4096,360,120,161.3054
16,4096,360,122,182.7972
16,4096,360,124,183.8645
16,4096,360,126,166.7668
16,4096,360,128,162.8982
16,4096,360,130,178.4338
16,4096,360,132,156.9666
16,4096,360,134,176.2918
16,4096,360,136,162.3706
16,4096,360,138,163.6109
16,4096,360,140,170.7367
16,4096,360,142,181.7021
16,4096,360,144,161.6077
16,4096,360,146,172.9659
16,4096,360,148,177.4929
16,4096,360,150,151.4156
16,4096,360,152,148.2718
16,4096,360,154,177.554
16,4096,360,156,167.5239
16,4096,360,158,174.5564
16,4096,360,160,175.5654
16,4096,360,162,176.9857
16,4096,360,164,174.8066
16,4096,360,166,166.7331
16,4096,360,168,163.4145
16,4096,360,170,148.9296
16,4096,360,172,171.1665
16,4096,360,174,156.9963
16,4096,360,176,158.7276
16,4096,360,178,146.9246
16,4096,360,180,173.0156
16,4096,360,182,177.7163
16,4096,360,184,181.0642
16,4096,360,186,164.0805
16,4096,360,188,183.0839
16,4096,360,190,164.0614
16,4096,360,192,177.6975
16,4096,360,194,172.7352
16,4096,360,196,182.0761
16,4096,360,198,175.1146
16,4096,360,200,181.7428
16,4096,360,202,170.1214
16,4096,360,204,164.7006
16,4096,360,206,186.6293
16,4096,360,208,179.6232
16,4096,360,210,176.2227
16,4096,360,212,175.5835
16,4096,360,214,167.1146
16,4096,360,216,181.3107
16,4096,360,218,177.173
16,4096,360,220,157.9032
16,4096,360,222,172.4754
16,4096,360,224,175.2606
16,4096,360,226,175.58
16,4096,360,228,150.9826
16,4096,360,230,165.241
16,4096,360,232,166.8023
16,4096,360,234,172.966
16,4096,360,236,171.6653
16,4096,360,238,152.9853
16,4096,360,240,158.6426
16,4096,360,242,159.6272
16,4096,360,244,168.7515
16,4096,360,246,157.4613
16,4096,360,248,167.2673
16,4096,360,250,159.4482
16,4096,360,252,169.2581
16,4096,360,254,147.9351
16,4096,360,256,164.1024
16,4096,360,258,163.9774
16,4096,360,260,170.656
16,4096,360,262,174.8216
16,4096,360,264,168.4911
16,4096,360,266,158.7359
16,4096,360,268,165.6169
16,4096,360,270,139.3043
16,4096,360,272,162.7002
16,4096,360,274,148.6135
16,4096,360,276,160.7012
16,4096,360,278,154.2935
16,4096,360,280,163.2392
16,4096,360,282,142.896
16,4096,360,284,155.848
16,4096,360,286,153.2554
16,4096,360,288,165.1395
16,4096,360,290,152.6003
16,4096,360,292,139.6246
16,4096,360,294,163.4905
16,4096,360,296,157.0144
16,4096,360,298,158.7018
16,4096,360,300,156.5656
16,4096,360,302,156.4128
16,4096,360,304,135.7971
16,4096,360,306,156.0918
16,4096,360,308,152.3992
16,4096,360,310,132.4216
16,4096,360,312,156.75
16,4096,360,314,132.9846
16,4096,360,316,149.6114
16,4096,360,318,147.9215
16,4096,360,320,136.6066
16,4096,360,322,140.8834
16,4096,360,324,143.3191
16,4096,360,326,147.4474
16,4096,360,328,144.5711
16,4096,360,330,144.7358
16,4096,360,332,144.8084
16,4096,360,334,146.152
16,4096,360,336,143.641
16,4096,360,338,138.83
16,4096,360,340,135.1243
16,4096,360,342,122.5327
16,4096,360,344,139.055
16,4096,360,346,138.0987
16,4096,360,348,135.4666
16,4096,360,350,135.243
16,4096,360,352,134.2658
16,4096,360,354,139.3027
16,4096,360,356,137.4493
16,4096,360,358,139.399
16,4096,362,2,70.5996
16,4096,362,4,123.8299
16,4096,362,6,147.1712
16,4096,362,8,194.6178
16,4096,362,10,198.6613
16,4096,362,12,209.3824
16,4096,362,14,210.8122
16,4096,362,16,252.3478
16,4096,362,18,221.6449
16,4096,362,20,212.2037
16,4096,362,22,237.4014
16,4096,362,24,259.3551
16,4096,362,26,239.9925
16,4096,362,28,261.9089
16,4096,362,30,246.7688
16,4096,362,32,230.3102
16,4096,362,34,243.6898
16,4096,362,36,241.0759
16,4096,362,38,247.3452
16,4096,362,40,215.2336
16,4096,362,42,204.246
16,4096,362,44,238.0599
16,4096,362,46,215.6344
16,4096,362,48,216.7402
16,4096,362,50,213.0747
16,4096,362,52,211.3353
16,4096,362,54,187.6874
16,4096,362,56,157.8085
16,4096,362,58,167.9242
16,4096,362,60,168.7459
16,4096,362,62,167.2759
16,4096,362,64,184.4395
16,4096,362,66,173.5803
16,4096,362,68,173.5181
16,4096,362,70,177.6784
16,4096,362,72,155.4405
16,4096,362,74,175.2731
16,4096,362,76,166.8273
16,4096,362,78,170.356
16,4096,362,80,182.0831
16,4096,362,82,183.4799
16,4096,362,84,171.4662
16,4096,362,86,154.8563
16,4096,362,88,178.3072
16,4096,362,90,147.7836
16,4096,362,92,178.1991
16,4096,362,94,173.2572
16,4096,362,96,178.1986
16,4096,362,98,166.1783
16,4096,362,100,159.2592
16,4096,362,102,166.0146
16,4096,362,104,167.7824
16,4096,362,106,157.3048
16,4096,362,108,175.2598
16,4096,362,110,162.2423
16,4096,362,112,171.1149
16,4096,362,114,162.0561
16,4096,362,116,176.7532
16,4096,362,118,172.3877
16,4096,362,120,171.4805
16,4096,362,122,169.6723
16,4096,362,124,152.4594
16,4096,362,126,181.3418
16,4096,362,128,171.1557
16,4096,362,130,175.9387
16,4096,362,132,167.3886
16,4096,362,134,177.535
16,4096,362,136,176.2156
16,4096,362,138,182.1112
16,4096,362,140,172.3661
16,4096,362,142,164.8004
16,4096,362,144,158.4942
16,4096,362,146,178.3903
16,4096,362,148,175.7402
16,4096,362,150,165.0606
16,4096,362,152,161.7356
16,4096,362,154,169.5915
16,4096,362,156,177.1356
16,4096,362,158,174.639
16,4096,362,160,171.7294
16,4096,362,162,172.9429
16,4096,362,164,170.3134
16,4096,362,166,157.9949
16,4096,362,168,167.2474
16,4096,362,170,163.5984
16,4096,362,172,169.0591
16,4096,362,174,161.1675
16,4096,362,176,177.6354
16,4096,362,178,154.1936
16,4096,362,180,166.9413
16,4096,362,182,174.3967
16,4096,362,184,172.8742
16,4096,362,186,166.6875
16,4096,362,188,177.2089
16,4096,362,190,168.0259
16,4096,362,192,179.6643
16,4096,362,194,181.446
16,4096,362,196,163.5721
16,4096,362,198,163.1212
16,4096,362,200,166.405
16,4096,362,202,171.7311
16,4096,362,204,167.5275
16,4096,362,206,164.511
16,4096,362,208,175.7089
16,4096,362,210,172.9615
16,4096,362,212,174.3448
16,4096,362,214,179.2395
16,4096,362,216,179.6615
16,4096,362,218,168.2179
16,4096,362,220,181.5501
16,4096,362,222,177.1395
16,4096,362,224,172.7224
16,4096,362,226,149.0062
16,4096,362,228,163.0167
16,4096,362,230,165.5441
16,4096,362,232,171.3055
16,4096,362,234,157.3527
16,4096,362,236,161.446
16,4096,362,238,172.4465
16,4096,362,240,151.4905
16,4096,362,242,174.7742
16,4096,362,244,163.4166
16,4096,362,246,156.9025
16,4096,362,248,158.7718
16,4096,362,250,166.5035
16,4096,362,252,169.1325
16,4096,362,254,175.1239
16,4096,362,256,170.7418
16,4096,362,258,155.5852
16,4096,362,260,164.48
16,4096,362,262,153.1377
16,4096,362,264,152.5377
16,4096,362,266,147.3574
16,4096,362,268,171.9058
16,4096,362,270,156.908
16,4096,362,272,168.1451
16,4096,362,274,164.7693
16,4096,362,276,164.7233
16,4096,362,278,147.6555
16,4096,362,280,167.0847
16,4096,362,282,152.587
16,4096,362,284,160.2428
16,4096,362,286,142.2691
16,4096,362,288,163.4953
16,4096,362,290,157.037
16,4096,362,292,148.8681
16,4096,362,294,146.0068
16,4096,362,296,156.5643
16,4096,362,298,152.451
16,4096,362,300,157.4861
16,4096,362,302,156.2397
16,4096,362,304,155.8762
16,4096,362,306,139.6995
16,4096,362,308,154.9821
16,4096,362,310,149.405
16,4096,362,312,152.4531
16,4096,362,314,145.2405
16,4096,362,316,149.392
16,4096,362,318,144.6247
16,4096,362,320,151.8842
16,4096,362,322,140.705
16,4096,362,324,155.9082
16,4096,362,326,137.9877
16,4096,362,328,148.3311
16,4096,362,330,134.9344
16,4096,362,332,147.8596
16,4096,362,334,130.6212
16,4096,362,336,134.8875
16,4096,362,338,141.6983
16,4096,362,340,141.9276
16,4096,362,342,139.5146
16,4096,362,344,140.7321
16,4096,362,346,147.4189
16,4096,362,348,123.0205
16,4096,362,350,138.7221
16,4096,362,352,132.927
16,4096,362,354,145.0108
16,4096,362,356,140.3374
16,4096,362,358,139.9526
16,4096,362,360,135.9877
16,4096,364,2,67.1446
16,4096,364,4,120.6709
16,4096,364,6,153.9964
16,4096,364,8,178.4081
16,4096,364,10,192.229
16,4096,364,12,213.7227
16,4096,364,14,213.8275
16,4096,364,16,233.5105
16,4096,364,18,236.2304
16,4096,364,20,221.9132
16,4096,364,22,236.7113
16,4096,364,24,254.9292
16,4096,364,26,224.0876
16,4096,364,28,231.257
16,4096,364,30,237.6084
16,4096,364,32,256.6807
16,4096,364,34,215.746
16,4096,364,36,223.451
16,4096,364,38,232.7763
16,4096,364,40,230.0072
16,4096,364,42,250.3061
16,4096,364,44,243.6446
16,4096,364,46,215.9009
16,4096,364,48,188.9546
16,4096,364,50,204.173
16,4096,364,52,196.7478
16,4096,364,54,207.9334
16,4096,364,56,174.4855
16,4096,364,58,148.0008
16,4096,364,60,135.2023
16,4096,364,62,178.845
16,4096,364,64,165.9911
16,4096,364,66,150.0528
16,4096,364,68,164.8989
16,4096,364,70,160.7379
16,4096,364,72,169.5317
16,4096,364,74,179.1026
16,4096,364,76,159.3671
16,4096,364,78,176.5854
16,4096,364,80,179.0626
16,4096,364,82,175.0277
16,4096,364,84,151.766
16,4096,364,86,154.4168
16,4096,364,88,168.7019
16,4096,364,90,168.1994
16,4096,364,92,176.1511
16,4096,364,94,175.6876
16,4096,364,96,163.1569
16,4096,364,98,172.5668
16,4096,364,100,168.8839
16,4096,364,102,150.536
16,4096,364,104,176.8648
16,4096,364,106,170.3545
16,4096,364,108,168.3277
16,4096,364,110,173.5403
16,4096,364,112,179.6967
16,4096,364,114,160.2876
16,4096,364,116,133.9941
16,4096,364,118,170.0324
16,4096,364,120,166.7959
16,4096,364,122,178.0273
16,4096,364,124,165.0566
16,4096,364,126,173.8771
16,4096,364,128,169.4812
16,4096,364,130,181.8124
16,4096,364,132,168.2912
16,4096,364,134,159.4034
16,4096,364,136,145.0503
16,4096,364,138,177.9383
16,4096,364,140,176.2619
16,4096,364,142,177.8633
16,4096,364,144,174.6119
16,4096,364,146,159.4118
16,4096,364,148,180.3193
16,4096,364,150,177.4435
16,4096,364,152,155.2026
16,4096,364,154,159.4057
16,4096,364,156,156.6619
16,4096,364,158,172.7869
16,4096,364,160,173.66
16,4096,364,162,159.811
16,4096,364,164,164.0672
16,4096,364,166,171.7433
16,4096,364,168,145.8556
16,4096,364,170,151.7756
16,4096,364,172,162.6478
16,4096,364,174,151.6957
16,4096,364,176,162.612
16,4096,364,178,142.3635
16,4096,364,180,163.0638
16,4096,364,182,162.513
16,4096,364,184,175.6345
16,4096,364,186,179.8128
16,4096,364,188,172.3877
16,4096,364,190,165.9015
16,4096,364,192,168.562
16,4096,364,194,157.478
16,4096,364,196,175.7432
16,4096,364,198,156.8379
16,4096,364,200,160.0037
16,4096,364,202,166.1745
16,4096,364,204,169.5156
16,4096,364,206,181.0951
16,4096,364,208,166.5903
16,4096,364,210,159.8942
16,4096,364,212,176.2445
16,4096,364,214,176.1478
16,4096,364,216,160.2655
16,4096,364,218,176.8383
16,4096,364,220,142.603
16,4096,364,222,177.2486
16,4096,364,224,160.06
16,4096,364,226,168.7447
16,4096,364,228,164.7688
16,4096,364,230,159.9597
16,4096,364,232,174.5885
16,4096,364,234,163.1263
16,4096,364,236,158.5194
16,4096,364,238,162.373
16,4096,364,240,159.0474
16,4096,364,242,171.1431
16,4096,364,244,165.5261
16,4096,364,246,173.7198
16,4096,364,248,169.8848
16,4096,364,250,164.4994
16,4096,364,252,169.9306
16,4096,364,254,151.1767
16,4096,364,256,162.9347
16,4096,364,258,171.1602
16,4096,364,260,176.3899
16,4096,364,262,168.6919
16,4096,364,264,153.1222
16,4096,364,266,172.5333
16,4096,364,268,168.8699
16,4096,364,270,166.3381
16,4096,364,272,145.1966
16,4096,364,274,165.2002
16,4096,364,276,163.5744
16,4096,364,278,162.4489
16,4096,364,280,164.4158
16,4096,364,282,156.3543
16,4096,364,284,144.685
16,4096,364,286,161.2797
16,4096,364,288,136.785
16,4096,364,290,160.8937
16,4096,364,292,143.6568
16,4096,364,294,155.4667
16,4096,364,296,141.4776
16,4096,364,298,154.4562
16,4096,364,300,140.8648
16,4096,364,302,155.0927
16,4096,364,304,147.9384
16,4096,364,306,148.7434
16,4096,364,308,144.0196
16,4096,364,310,150.8214
16,4096,364,312,152.0333
16,4096,364,314,152.2122
16,4096,364,316,139.8827
16,4096,364,318,150.0681
16,4096,364,320,137.3234
16,4096,364,322,149.161
16,4096,364,324,149.761
16,4096,364,326,152.6888
16,4096,364,328,139.2838
16,4096,364,330,147.3891
16,4096,364,332,124.9172
16,4096,364,334,146.3006
16,4096,364,336,141.2576
16,4096,364,338,138.3202
16,4096,364,340,143.0279
16,4096,364,342,135.0322
16,4096,364,344,139.1168
16,4096,364,346,140.6451
16,4096,364,348,141.7194
16,4096,364,350,134.7772
16,4096,364,352,141.1767
16,4096,364,354,117.7757
16,4096,364,356,139.6357
16,4096,364,358,135.9668
16,4096,364,360,130.2284
16,4096,364,362,131.1226
16,4096,366,2,73.2417
16,4096,366,4,122.7495
16,4096,366,6,150.0705
16,4096,366,8,186.5477
16,4096,366,10,196.7686
16,4096,366,12,220.8079
16,4096,366,14,215.1142
16,4096,366,16,221.8476
16,4096,366,18,226.5848
16,4096,366,20,243.2591
16,4096,366,22,232.7889
16,4096,366,24,249.4552
16,4096,366,26,237.5682
16,4096,366,28,240.218
16,4096,366,30,218.9049
16,4096,366,32,238.0081
16,4096,366,34,251.9002
16,4096,366,36,220.6273
16,4096,366,38,221.4237
16,4096,366,40,238.7223
16,4096,366,42,236.105
16,4096,366,44,219.2748
16,4096,366,46,237.7944
16,4096,366,48,210.1266
16,4096,366,50,197.3235
16,4096,366,52,209.2581
16,4096,366,54,200.7575
16,4096,366,56,159.5876
16,4096,366,58,163.9738
16,4096,366,60,166.4826
16,4096,366,62,160.4834
16,4096,366,64,180.1771
16,4096,366,66,159.2238
16,4096,366,68,156.0112
16,4096,366,70,150.435
16,4096,366,72,168.7606
16,4096,366,74,179.2017
16,4096,366,76,167.2876
16,4096,366,78,165.0852
16,4096,366,80,152.6148
16,4096,366,82,176.0015
16,4096,366,84,139.1005
16,4096,366,86,171.0024
16,4096,366,88,167.567
16,4096,366,90,145.5665
16,4096,366,92,173.4995
16,4096,366,94,165.4452
16,4096,366,96,167.3526
16,4096,366,98,164.0132
16,4096,366,100,177.96
16,4096,366,102,138.9818
16,4096,366,104,172.2273
16,4096,366,106,172.2771
16,4096,366,108,172.4201
16,4096,366,110,168.8607
16,4096,366,112,176.0836
16,4096,366,114,159.4054
16,4096,366,116,173.4454
16,4096,366,118,172.2181
16,4096,366,120,164.6884
16,4096,366,122,163.8385
16,4096,366,124,182.0644
16,4096,366,126,154.8668
16,4096,366,128,175.7546
16,4096,366,130,156.9302
16,4096,366,132,156.5411
16,4096,366,134,165.2674
16,4096,366,136,176.1941
16,4096,366,138,168.432
16,4096,366,140,180.2172
16,4096,366,142,167.1877
16,4096,366,144,174.8056
16,4096,366,146,174.7973
16,4096,366,148,155.3694
16,4096,366,150,145.7307
16,4096,366,152,159.7282
16,4096,366,154,153.6038
16,4096,366,156,177.8077
16,4096,366,158,163.2435
16,4096,366,160,176.6176
16,4096,366,162,175.4463
16,4096,366,164,146.1713
16,4096,366,166,158.6539
16,4096,366,168,147.5129
16,4096,366,170,162.175
16,4096,366,172,154.9018
16,4096,366,174,167.9575
16,4096,366,176,144.758
16,4096,366,178,162.9112
16,4096,366,180,161.8413
16,4096,366,182,147.0596
16,4096,366,184,166.5334
16,4096,366,186,173.2218
16,4096,366,188,164.9848
16,4096,366,190,165.4393
16,4096,366,192,177.2602
16,4096,366,194,183.7519
16,4096,366,196,150.1493
16,4096,366,198,179.3762
16,4096,366,200,173.8676
16,4096,366,202,181.2132
16,4096,366,204,154.6155
16,4096,366,206,177.442
16,4096,366,208,170.0685
16,4096,366,210,181.6132
16,4096,366,212,178.8335
16,4096,366,214,160.6924
16,4096,366,216,173.9426
16,4096,366,218,151.0574
16,4096,366,220,174.2742
16,4096,366,222,154.3002
16,4096,366,224,174.7051
16,4096,366,226,166.0838
16,4096,366,228,169.1478
16,4096,366,230,169.2813
16,4096,366,232,167.2392
16,4096,366,234,161.5404
16,4096,366,236,169.4857
16,4096,366,238,166.5169
16,4096,366,240,151.326
16,4096,366,242,169.7896
16,4096,366,244,162.0415
16,4096,366,246,157.7274
16,4096,366,248,167.4869
16,4096,366,250,145.189
16,4096,366,252,167.0644
16,4096,366,254,156.28
16,4096,366,256,164.3389
16,4096,366,258,169.8703
16,4096,366,260,169.8818
16,4096,366,262,162.7488
16,4096,366,264,147.1354
16,4096,366,266,158.069
16,4096,366,268,163.6282
16,4096,366,270,149.6408
16,4096,366,272,170.1851
16,4096,366,274,138.2751
16,4096,366,276,162.6975
16,4096,366,278,147.7102
16,4096,366,280,163.9852
16,4096,366,282,151.7692
16,4096,366,284,165.1621
16,4096,366,286,162.3217
16,4096,366,288,159.5668
16,4096,366,290,142.0588
16,4096,366,292,159.1801
16,4096,366,294,150.8864
16,4096,366,296,152.4964
16,4096,366,298,152.9137
16,4096,366,300,154.2848
16,4096,366,302,155.4721
16,4096,366,304,156.623
16,4096,366,306,155.4875
16,4096,366,308,156.1411
16,4096,366,310,150.9785
16,4096,366,312,151.4259
16,4096,366,314,150.3461
16,4096,366,316,145.9154
16,4096,366,318,145.1391
16,4096,366,320,149.8189
16,4096,366,322,147.8892
16,4096,366,324,149.2171
16,4096,366,326,145.1073
16,4096,366,328,145.6083
16,4096,366,330,146.3124
16,4096,366,332,135.2208
16,4096,366,334,133.7156
16,4096,366,336,132.9113
16,4096,366,338,148.4036
16,4096,366,340,138.6305
16,4096,366,342,144.3231
16,4096,366,344,115.6412
16,4096,366,346,129.0095
16,4096,366,348,134.8859
16,4096,366,350,138.321
16,4096,366,352,121.4853
16,4096,366,354,139.1707
16,4096,366,356,140.7545
16,4096,366,358,139.1036
16,4096,366,360,127.7271
16,4096,366,362,133.8098
16,4096,366,364,136.2493
16,4096,368,2,69.1701
16,4096,368,4,114.685
16,4096,368,6,149.8175
16,4096,368,8,176.4202
16,4096,368,10,188.1941
16,4096,368,12,197.7854
16,4096,368,14,211.8377
16,4096,368,16,232.3568
16,4096,368,18,221.9436
16,4096,368,20,238.1766
16,4096,368,22,222.8581
16,4096,368,24,245.3236
16,4096,368,26,232.7842
16,4096,368,28,224.3286
16,4096,368,30,233.3206
16,4096,368,32,238.9104
16,4096,368,34,240.3472
16,4096,368,36,227.5696
16,4096,368,38,217.5417
16,4096,368,40,240.1047
16,4096,368,42,212.1337
16,4096,368,44,215.8095
16,4096,368,46,234.0771
16,4096,368,48,215.532
16,4096,368,50,174.0796
16,4096,368,52,200.9352
16,4096,368,54,206.3688
16,4096,368,56,169.2696
16,4096,368,58,166.7965
16,4096,368,60,168.7596
16,4096,368,62,173.8609
16,4096,368,64,150.5366
16,4096,368,66,156.4325
16,4096,368,68,175.6769
16,4096,368,70,170.5934
16,4096,368,72,162.02
16,4096,368,74,150.7966
16,4096,368,76,152.9233
16,4096,368,78,170.4017
16,4096,368,80,165.7385
16,4096,368,82,162.9812
16,4096,368,84,157.8115
16,4096,368,86,169.812
16,4096,368,88,171.3498
16,4096,368,90,168.9852
16,4096,368,92,143.268
16,4096,368,94,163.9975
16,4096,368,96,160.2765
16,4096,368,98,168.4521
16,4096,368,100,155.2416
16,4096,368,102,172.4738
16,4096,368,104,169.98
16,4096,368,106,149.7074
16,4096,368,108,164.2027
16,4096,368,110,171.0026
16,4096,368,112,171.4354
16,4096,368,114,152.209
16,4096,368,116,170.3603
16,4096,368,118,156.4959
16,4096,368,120,170.4362
16,4096,368,122,152.6936
16,4096,368,124,178.6914
16,4096,368,126,158.6804
16,4096,368,128,179.2225
16,4096,368,130,162.8288
16,4096,368,132,174.1794
16,4096,368,134,172.7188
16,4096,368,136,167.496
16,4096,368,138,158.5294
16,4096,368,140,143.9557
16,4096,368,142,175.8838
16,4096,368,144,167.9151
16,4096,368,146,161.7055
16,4096,368,148,151.3881
16,4096,368,150,168.0163
16,4096,368,152,167.2048
16,4096,368,154,158.2419
16,4096,368,156,156.1517
16,4096,368,158,160.0371
16,4096,368,160,174.7445
16,4096,368,162,148.0399
16,4096,368,164,170.1804
16,4096,368,166,136.0066
16,4096,368,168,167.3453
16,4096,368,170,152.9013
16,4096,368,172,151.4666
16,4096,368,174,155.8332
16,4096,368,176,161.7543
16,4096,368,178,150.4719
16,4096,368,180,166.0058
16,4096,368,182,133.1072
16,4096,368,184,171.7444
16,4096,368,186,172.8956
16,4096,368,188,176.4546
16,4096,368,190,169.889
16,4096,368,192,166.9075
16,4096,368,194,161.2922
16,4096,368,196,160.6263
16,4096,368,198,174.9409
16,4096,368,200,171.9687
16,4096,368,202,177.0694
16,4096,368,204,177.8952
16,4096,368,206,177.3201
16,4096,368,208,169.037
16,4096,368,210,173.0595
16,4096,368,212,154.5085
16,4096,368,214,161.7846
16,4096,368,216,175.0955
16,4096,368,218,150.9437
16,4096,368,220,164.0499
16,4096,368,222,169.7405
16,4096,368,224,161.4435
16,4096,368,226,166.778
16,4096,368,228,156.1571
16,4096,368,230,162.056
16,4096,368,232,164.6499
16,4096,368,234,173.529
16,4096,368,236,140.9126
16,4096,368,238,159.7338
16,4096,368,240,146.4312
16,4096,368,242,160.0595
16,4096,368,244,157.3978
16,4096,368,246,164.1781
16,4096,368,248,146.5076
16,4096,368,250,167.235
16,4096,368,252,142.1218
16,4096,368,254,162.796
16,4096,368,256,149.9309
16,4096,368,258,163.8152
16,4096,368,260,163.6218
16,4096,368,262,165.4849
16,4096,368,264,160.1618
16,4096,368,266,163.108
16,4096,368,268,163.528
16,4096,368,270,163.0463
16,4096,368,272,155.1209
16,4096,368,274,162.9533
16,4096,368,276,160.0367
16,4096,368,278,156.4488
16,4096,368,280,145.7923
16,4096,368,282,163.9673
16,4096,368,284,151.1065
16,4096,368,286,159.6237
16,4096,368,288,153.3809
16,4096,368,290,156.8778
16,4096,368,292,155.8457
16,4096,368,294,157.2056
16,4096,368,296,156.9465
16,4096,368,298,151.1927
16,4096,368,300,153.819
16,4096,368,302,146.2763
16,4096,368,304,149.9646
16,4096,368,306,153.243
16,4096,368,308,153.1012
16,4096,368,310,155.83
16,4096,368,312,149.3474
16,4096,368,314,149.5831
16,4096,368,316,142.7176
16,4096,368,318,150.9325
16,4096,368,320,135.2775
16,4096,368,322,142.5766
16,4096,368,324,145.8855
16,4096,368,326,147.0521
16,4096,368,328,137.148
16,4096,368,330,144.1693
16,4096,368,332,125.3892
16,4096,368,334,141.9561
16,4096,368,336,143.3402
16,4096,368,338,144.8255
16,4096,368,340,140.3265
16,4096,368,342,144.0209
16,4096,368,344,139.7672
16,4096,368,346,138.9481
16,4096,368,348,136.4231
16,4096,368,350,136.5972
16,4096,368,352,134.1138
16,4096,368,354,128.4337
16,4096,368,356,133.9466
16,4096,368,358,135.6042
16,4096,368,360,139.7102
16,4096,368,362,111.4833
16,4096,368,364,130.9756
16,4096,368,366,131.2998
16,4096,370,2,70.9976
16,4096,370,4,119.7004
16,4096,370,6,148.5771
16,4096,370,8,180.3997
16,4096,370,10,199.4925
16,4096,370,12,201.8187
16,4096,370,14,210.1694
16,4096,370,16,217.1184
16,4096,370,18,220.2153
16,4096,370,20,245.9237
16,4096,370,22,225.3308
16,4096,370,24,246.4492
16,4096,370,26,226.9055
16,4096,370,28,249.8229
16,4096,370,30,211.7802
16,4096,370,32,242.5768
16,4096,370,34,238.1796
16,4096,370,36,246.3259
16,4096,370,38,219.0083
16,4096,370,40,240.1532
16,4096,370,42,225.3894
16,4096,370,44,223.4685
16,4096,370,46,240.6959
16,4096,370,48,178.5149
16,4096,370,50,177.4363
16,4096,370,52,198.8471
16,4096,370,54,195.2147
16,4096,370,56,170.4052
16,4096,370,58,149.7063
16,4096,370,60,151.6104
16,4096,370,62,161.5348
16,4096,370,64,159.994
16,4096,370,66,154.7411
16,4096,370,68,175.3199
16,4096,370,70,150.5863
16,4096,370,72,151.3767
16,4096,370,74,171.106
16,4096,370,76,148.7229
16,4096,370,78,169.5264
16,4096,370,80,159.0912
16,4096,370,82,160.7303
16,4096,370,84,169.3636
16,4096,370,86,168.45
16,4096,370,88,166.5357
16,4096,370,90,164.8616
16,4096,370,92,164.7978
16,4096,370,94,157.7242
16,4096,370,96,171.4282
16,4096,370,98,164.0908
16,4096,370,100,157.8486
16,4096,370,102,164.0387
16,4096,370,104,168.6152
16,4096,370,106,159.969
16,4096,370,108,147.9784
16,4096,370,110,173.9021
16,4096,370,112,152.3547
16,4096,370,114,154.7153
16,4096,370,116,150.5754
16,4096,370,118,160.5463
16,4096,370,120,171.7312
16,4096,370,122,169.5109
16,4096,370,124,180.5954
16,4096,370,126,151.8525
16,4096,370,128,174.9109
16,4096,370,130,172.3541
16,4096,370,132,173.7966
16,4096,370,134,164.151
16,4096,370,136,149.2683
16,4096,370,138,168.7139
16,4096,370,140,166.0151
16,4096,370,142,160.3301
16,4096,370,144,159.8142
16,4096,370,146,174.9242
16,4096,370,148,177.345
16,4096,370,150,161.774
16,4096,370,152,168.7324
16,4096,370,154,162.4131
16,4096,370,156,154.2828
16,4096,370,158,169.6009
16,4096,370,160,170.4298
16,4096,370,162,164.3484
16,4096,370,164,146.3785
16,4096,370,166,171.6935
16,4096,370,168,167.231
16,4096,370,170,147.848
16,4096,370,172,169.0386
16,4096,370,174,158.3037
16,4096,370,176,168.1252
16,4096,370,178,147.2256
16,4096,370,180,163.9177
16,4096,370,182,157.7872
16,4096,370,184,160.1687
16,4096,370,186,156.2182
16,4096,370,188,176.6732
16,4096,370,190,171.1778
16,4096,370,192,178.2561
16,4096,370,194,165.0992
16,4096,370,196,180.8842
16,4096,370,198,165.0419
16,4096,370,200,176.6982
16,4096,370,202,179.2311
16,4096,370,204,170.0491
16,4096,370,206,161.8589
16,4096,370,208,172.3745
16,4096,370,210,155.769
16,4096,370,212,165.8693
16,4096,370,214,161.4
16,4096,370,216,171.1895
16,4096,370,218,158.3018
16,4096,370,220,175.6102
16,4096,370,222,166.5195
16,4096,370,224,168.5828
16,4096,370,226,157.3127
16,4096,370,228,174.0397
16,4096,370,230,161.3355
16,4096,370,232,177.9607
16,4096,370,234,173.602
16,4096,370,236,155.5667
16,4096,370,238,167.9169
16,4096,370,240,148.0517
16,4096,370,242,170.4385
16,4096,370,244,162.0392
16,4096,370,246,150.3239
16,4096,370,248,142.764
16,4096,370,250,164.1736
16,4096,370,252,158.4174
16,4096,370,254,164.1881
16,4096,370,256,150.4723
16,4096,370,258,170.3498
16,4096,370,260,164.2252
16,4096,370,262,164.9455
16,4096,370,264,154.961
16,4096,370,266,158.5076
16,4096,370,268,163.7791
16,4096,370,270,143.186
16,4096,370,272,150.6562
16,4096,370,274,159.4227
16,4096,370,276,153.0792
16,4096,370,278,143.5696
16,4096,370,280,154.5616
16,4096,370,282,159.9651
16,4096,370,284,156.6716
16,4096,370,286,161.9132
16,4096,370,288,153.5517
16,4096,370,290,138.3582
16,4096,370,292,140.9503
16,4096,370,294,151.4063
16,4096,370,296,138.593
16,4096,370,298,155.5709
16,4096,370,300,149.6168
16,4096,370,302,150.0185
16,4096,370,304,134.0324
16,4096,370,306,150.1285
16,4096,370,308,137.1999
16,4096,370,310,152.0274
16,4096,370,312,138.9098
16,4096,370,314,146.4156
16,4096,370,316,147.6902
16,4096,370,318,145.2934
16,4096,370,320,137.6761
16,4096,370,322,148.8868
16,4096,370,324,146.0765
16,4096,370,326,145.713
16,4096,370,328,144.1847
16,4096,370,330,138.1595
16,4096,370,332,142.1711
16,4096,370,334,132.5683
16,4096,370,336,136.8414
16,4096,370,338,143.8893
16,4096,370,340,144.6484
16,4096,370,342,139.444
16,4096,370,344,142.9062
16,4096,370,346,136.7793
16,4096,370,348,141.3229
16,4096,370,350,133.3463
16,4096,370,352,134.4323
16,4096,370,354,126.2979
16,4096,370,356,136.1261
16,4096,370,358,131.7246
16,4096,370,360,133.8121
16,4096,370,362,126.1207
16,4096,370,364,130.5504
16,4096,370,366,126.1765
16,4096,370,368,128.7661
16,4096,372,2,65.776
16,4096,372,4,116.4908
16,4096,372,6,141.7935
16,4096,372,8,168.8104
16,4096,372,10,173.5649
16,4096,372,12,197.1544
16,4096,372,14,204.6635
16,4096,372,16,229.7568
16,4096,372,18,219.4573
16,4096,372,20,223.5181
16,4096,372,22,235.0549
16,4096,372,24,222.2514
16,4096,372,26,191.816
16,4096,372,28,233.9509
16,4096,372,30,233.7471
16,4096,372,32,237.7155
16,4096,372,34,212.4186
16,4096,372,36,230.4574
16,4096,372,38,234.8521
16,4096,372,40,214.8071
16,4096,372,42,227.6964
16,4096,372,44,209.7551
16,4096,372,46,191.5877
16,4096,372,48,199.5974
16,4096,372,50,194.4762
16,4096,372,52,200.0439
16,4096,372,54,194.4126
16,4096,372,56,160.0407
16,4096,372,58,160.0689
16,4096,372,60,142.3718
16,4096,372,62,147.5995
16,4096,372,64,163.1592
16,4096,372,66,170.9598
16,4096,372,68,168.5472
16,4096,372,70,147.1648
16,4096,372,72,159.4356
16,4096,372,74,143.0603
16,4096,372,76,160.0053
16,4096,372,78,152.9234
16,4096,372,80,168.7885
16,4096,372,82,157.6241
16,4096,372,84,168.9694
16,4096,372,86,150.352
16,4096,372,88,158.788
16,4096,372,90,152.0779
16,4096,372,92,164.7779
16,4096,372,94,162.9262
16,4096,372,96,158.8463
16,4096,372,98,151.3375
16,4096,372,100,162.629
16,4096,372,102,151.3835
16,4096,372,104,161.1939
16,4096,372,106,162.0548
16,4096,372,108,167.2344
16,4096,372,110,168.2691
16,4096,372,112,148.4374
16,4096,372,114,158.434
16,4096,372,116,167.7759
16,4096,372,118,166.8963
16,4096,372,120,158.6677
16,4096,372,122,167.7045
16,4096,372,124,175.079
16,4096,372,126,153.5155
16,4096,372,128,168.0923
16,4096,372,130,158.4654
16,4096,372,132,169.932
16,4096,372,134,173.2937
16,4096,372,136,172.7365
16,4096,372,138,159.3386
16,4096,372,140,172.4842
16,4096,372,142,164.6836
16,4096,372,144,164.3817
16,4096,372,146,148.095
16,4096,372,148,161.781
16,4096,372,150,171.4226
16,4096,372,152,148.4044
16,4096,372,154,172.4525
16,4096,372,156,167.01
16,4096,372,158,165.3677
16,4096,372,160,151.705
16,4096,372,162,171.6248
16,4096,372,164,156.8114
16,4096,372,166,170.1397
16,4096,372,168,162.0353
16,4096,372,170,155.8386
16,4096,372,172,166.1297
16,4096,372,174,164.0299
16,4096,372,176,154.824
16,4096,372,178,147.597
16,4096,372,180,163.4002
16,4096,372,182,148.9231
16,4096,372,184,157.428
16,4096,372,186,161.8736
16,4096,372,188,154.9617
16,4096,372,190,161.929
16,4096,372,192,176.5405
16,4096,372,194,160.8917
16,4096,372,196,173.0397
16,4096,372,198,148.4739
16,4096,372,200,171.8005
16,4096,372,202,152.6513
16,4096,372,204,177.1313
16,4096,372,206,164.0301
16,4096,372,208,176.9616
16,4096,372,210,156.4692
16,4096,372,212,165.0179
16,4096,372,214,173.6305
16,4096,372,216,162.7807
16,4096,372,218,168.1856
16,4096,372,220,162.7106
16,4096,372,222,160.66
16,4096,372,224,139.8862
16,4096,372,226,167.0853
16,4096,372,228,158.2931
16,4096,372,230,168.4129
16,4096,372,232,154.5654
16,4096,372,234,146.8156
16,4096,372,236,163.0304
16,4096,372,238,164.4968
16,4096,372,240,163.1666
16,4096,372,242,156.9005
16,4096,372,244,161.0475
16,4096,372,246,161.8247
16,4096,372,248,157.5627
16,4096,372,250,170.2131
16,4096,372,252,162.9131
16,4096,372,254,154.7855
16,4096,372,256,161.5994
16,4096,372,258,167.7901
16,4096,372,260,146.2805
16,4096,372,262,160.8879
16,4096,372,264,152.9325
16,4096,372,266,139.0629
16,4096,372,268,160.2738
16,4096,372,270,140.3495
16,4096,372,272,154.4786
16,4096,372,274,151.3413
16,4096,372,276,157.3089
16,4096,372,278,147.4453
16,4096,372,280,159.2744
16,4096,372,282,158.2428
16,4096,372,284,156.6981
16,4096,372,286,162.6108
16,4096,372,288,160.6243
16,4096,372,290,137.7734
16,4096,372,292,155.1713
16,4096,372,294,151.7742
16,4096,372,296,153.4388
16,4096,372,298,151.7519
16,4096,372,300,153.0989
16,4096,372,302,146.9485
16,4096,372,304,155.2415
16,4096,372,306,138.9738
16,4096,372,308,154.7917
16,4096,372,310,142.609
16,4096,372,312,146.18
16,4096,372,314,150.8841
16,4096,372,316,147.8972
16,4096,372,318,137.9145
16,4096,372,320,149.8716
16,4096,372,322,145.4509
16,4096,372,324,140.2933
16,4096,372,326,143.724
16,4096,372,328,143.9797
16,4096,372,330,144.8267
16,4096,372,332,135.5624
16,4096,372,334,146.1619
16,4096,372,336,140.9614
16,4096,372,338,140.9557
16,4096,372,340,124.8708
16,4096,372,342,141.2344
16,4096,372,344,137.296
16,4096,372,346,138.4492
16,4096,372,348,122.7813
16,4096,372,350,137.1281
16,4096,372,352,135.479
16,4096,372,354,134.925
16,4096,372,356,132.4718
16,4096,372,358,135.2235
16,4096,372,360,134.9284
16,4096,372,362,127.2395
16,4096,372,364,124.5813
16,4096,372,366,130.5386
16,4096,372,368,128.3223
16,4096,372,370,123.6738
16,4096,374,2,71.5974
16,4096,374,4,120.0705
16,4096,374,6,143.6832
16,4096,374,8,173.5473
16,4096,374,10,171.7803
16,4096,374,12,209.4941
16,4096,374,14,199.1718
16,4096,374,16,217.7084
16,4096,374,18,216.3847
16,4096,374,20,233.7447
16,4096,374,22,219.8745
16,4096,374,24,218.2725
16,4096,374,26,231.673
16,4096,374,28,223.7262
16,4096,374,30,214.1668
16,4096,374,32,223.8556
16,4096,374,34,241.8414
16,4096,374,36,227.6888
16,4096,374,38,195.2181
16,4096,374,40,226.6226
16,4096,374,42,236.2669
16,4096,374,44,210.1593
16,4096,374,46,202.7412
16,4096,374,48,203.5252
16,4096,374,50,196.5573
16,4096,374,52,196.4853
16,4096,374,54,198.4642
16,4096,374,56,172.6451
16,4096,374,58,165.3535
16,4096,374,60,149.5026
16,4096,374,62,157.6842
16,4096,374,64,164.1609
16,4096,374,66,167.7335
16,4096,374,68,159.459
16,4096,374,70,164.9897
16,4096,374,72,165.3884
16,4096,374,74,151.8373
16,4096,374,76,154.0797
16,4096,374,78,152.2153
16,4096,374,80,158.1203
16,4096,374,82,169.976
16,4096,374,84,148.6015
16,4096,374,86,170.2593
16,4096,374,88,162.9495
16,4096,374,90,155.0083
16,4096,374,92,153.5384
16,4096,374,94,174.7418
16,4096,374,96,139.9031
16,4096,374,98,170.5674
16,4096,374,100,165.8034
16,4096,374,102,151.2155
16,4096,374,104,164.1731
16,4096,374,106,173.3328
16,4096,374,108,160.2531
16,4096,374,110,161.0367
16,4096,374,112,163.5221
16,4096,374,114,155.5766
16,4096,374,116,168.7018
16,4096,374,118,174.3114
16,4096,374,120,161.8849
16,4096,374,122,162.9287
16,4096,374,124,168.819
16,4096,374,126,165.8218
16,4096,374,128,164.2182
16,4096,374,130,173.3212
16,4096,374,132,148.6282
16,4096,374,134,162.2964
16,4096,374,136,170.9197
16,4096,374,138,173.7421
16,4096,374,140,156.0253
16,4096,374,142,182.7221
16,4096,374,144,149.0676
16,4096,374,146,168.5224
16,4096,374,148,179.3129
16,4096,374,150,167.9855
16,4096,374,152,160.5657
16,4096,374,154,170.5707
16,4096,374,156,172.7116
16,4096,374,158,163.9057
16,4096,374,160,156.7721
16,4096,374,162,167.2869
16,4096,374,164,162.8546
16,4096,374,166,170.441
16,4096,374,168,150.8937
16,4096,374,170,166.8493
16,4096,374,172,169.5065
16,4096,374,174,164.081
16,4096,374,176,145.7247
16,4096,374,178,159.7151
16,4096,374,180,155.6478
16,4096,374,182,149.9997
16,4096,374,184,149.2029
16,4096,374,186,167.3142
16,4096,374,188,172.938
16,4096,374,190,179.097
16,4096,374,192,164.2253
16,4096,374,194,142.6027
16,4096,374,196,179.4955
16,4096,374,198,156.9033
16,4096,374,200,179.7145
16,4096,374,202,154.9421
16,4096,374,204,174.2875
16,4096,374,206,176.5867
16,4096,374,208,173.3408
16,4096,374,210,179.8293
16,4096,374,212,174.5935
16,4096,374,214,165.1724
16,4096,374,216,169.8796
16,4096,374,218,150.2951
16,4096,374,220,162.8694
16,4096,374,222,166.0724
16,4096,374,224,154.786
16,4096,374,226,175.978
16,4096,374,228,175.0299
16,4096,374,230,140.3977
16,4096,374,232,171.1713
16,4096,374,234,151.2287
16,4096,374,236,159.6859
16,4096,374,238,152.6604
16,4096,374,240,169.5852
16,4096,374,242,166.1417
16,4096,374,244,163.1295
16,4096,374,246,162.1049
16,4096,374,248,172.1751
16,4096,374,250,169.4702
16,4096,374,252,139.4106
16,4096,374,254,158.8241
16,4096,374,256,143.4739
16,4096,374,258,165.7974
16,4096,374,260,168.8566
16,4096,374,262,153.1568
16,4096,374,264,155.4509
16,4096,374,266,162.6218
16,4096,374,268,150.2661
16,4096,374,270,164.3367
16,4096,374,272,155.5215
16,4096,374,274,168.9593
16,4096,374,276,161.2015
16,4096,374,278,145.9086
16,4096,374,280,148.8502
16,4096,374,282,163.1152
16,4096,374,284,150.8952
16,4096,374,286,156.5849
16,4096,374,288,140.2365
16,4096,374,290,162.1154
16,4096,374,292,148.5739
16,4096,374,294,157.0173
16,4096,374,296,136.6128
16,4096,374,298,156.5214
16,4096,374,300,159.2485
16,4096,374,302,155.1667
16,4096,374,304,153.7977
16,4096,374,306,150.7606
16,4096,374,308,154.4157
16,4096,374,310,152.5837
16,4096,374,312,153.1089
16,4096,374,314,149.5759
16,4096,374,316,131.4978
16,4096,374,318,145.3759
16,4096,374,320,132.687
16,4096,374,322,149.891
16,4096,374,324,151.5507
16,4096,374,326,132.7248
16,4096,374,328,147.039
16,4096,374,330,148.8697
16,4096,374,332,146.272
16,4096,374,334,149.4001
16,4096,374,336,149.3534
16,4096,374,338,133.7093
16,4096,374,340,128.9568
16,4096,374,342,141.4223
16,4096,374,344,137.2446
16,4096,374,346,137.3307
16,4096,374,348,133.184
16,4096,374,350,146.6722
16,4096,374,352,141.0453
16,4096,374,354,135.8384
16,4096,374,356,121.8441
16,4096,374,358,138.4684
16,4096,374,360,135.5869
16,4096,374,362,134.1134
16,4096,374,364,133.2614
16,4096,374,366,136.2005
16,4096,374,368,133.8416
16,4096,374,370,132.9194
16,4096,374,372,136.244
16,4096,376,2,71.4565
16,4096,376,4,111.9324
16,4096,376,6,142.8235
16,4096,376,8,169.6752
16,4096,376,10,184.3477
16,4096,376,12,181.773
16,4096,376,14,206.868
16,4096,376,16,214.6741
16,4096,376,18,225.113
16,4096,376,20,225.7382
16,4096,376,22,222.9806
16,4096,376,24,224.9067
16,4096,376,26,204.6273
16,4096,376,28,230.1911
16,4096,376,30,231.96
16,4096,376,32,216.6073
16,4096,376,34,208.5786
16,4096,376,36,229.665
16,4096,376,38,222.5369
16,4096,376,40,231.4284
16,4096,376,42,201.0789
16,4096,376,44,207.9715
16,4096,376,46,219.7095
16,4096,376,48,200.7633
16,4096,376,50,203.7744
16,4096,376,52,197.3294
16,4096,376,54,196.4794
16,4096,376,56,157.2817
16,4096,376,58,169.4781
16,4096,376,60,159.8207
16,4096,376,62,163.2681
16,4096,376,64,165.7628
16,4096,376,66,164.9815
16,4096,376,68,154.461
16,4096,376,70,168.2003
16,4096,376,72,130.6399
16,4096,376,74,145.9759
16,4096,376,76,137.8666
16,4096,376,78,171.8862
16,4096,376,80,167.3742
16,4096,376,82,154.0166
16,4096,376,84,149.6657
16,4096,376,86,166.8192
16,4096,376,88,142.8702
16,4096,376,90,164.8692
16,4096,376,92,148.4969
16,4096,376,94,151.9698
16,4096,376,96,167.8421
16,4096,376,98,169.981
16,4096,376,100,144.488
16,4096,376,102,165.5344
16,4096,376,104,166.7874
16,4096,376,106,162.4121
16,4096,376,108,177.6386
16,4096,376,110,175.5127
16,4096,376,112,153.9806
16,4096,376,114,167.5058
16,4096,376,116,168.203
16,4096,376,118,169.7249
16,4096,376,120,148.4946
16,4096,376,122,155.844
16,4096,376,124,158.0532
16,4096,376,126,177.8244
16,4096,376,128,165.9187
16,4096,376,130,137.6738
16,4096,376,132,172.1479
16,4096,376,134,174.4752
16,4096,376,136,155.6608
16,4096,376,138,173.0794
16,4096,376,140,163.6113
16,4096,376,142,174.1964
16,4096,376,144,152.5906
16,4096,376,146,174.1799
16,4096,376,148,153.7797
16,4096,376,150,163.2166
16,4096,376,152,150.7022
16,4096,376,154,150.4829
16,4096,376,156,167.8003
16,4096,376,158,156.2937
16,4096,376,160,161.0213
16,4096,376,162,151.1625
16,4096,376,164,176.3825
16,4096,376,166,162.2264
16,4096,376,168,168.8147
16,4096,376,170,176.6819
16,4096,376,172,168.2962
16,4096,376,174,142.2788
16,4096,376,176,171.6292
16,4096,376,178,156.57
16,4096,376,180,161.243
16,4096,376,182,156.0472
16,4096,376,184,169.1994
16,4096,376,186,155.2938
16,4096,376,188,164.394
16,4096,376,190,163.3993
16,4096,376,192,167.8819
16,4096,376,194,162.0199
16,4096,376,196,176.5706
16,4096,376,198,158.1457
16,4096,376,200,173.055
16,4096,376,202,167.9458
16,4096,376,204,158.1397
16,4096,376,206,167.1306
16,4096,376,208,174.5741
16,4096,376,210,164.7293
16,4096,376,212,173.7277
16,4096,376,214,152.1251
16,4096,376,216,160.0257
16,4096,376,218,165.7087
16,4096,376,220,167.5129
16,4096,376,222,149.6523
16,4096,376,224,164.906
16,4096,376,226,166.5666
16,4096,376,228,166.6377
16,4096,376,230,160.8649
16,4096,376,232,168.5883
16,4096,376,234,155.8017
16,4096,376,236,162.1294
16,4096,376,238,167.3576
16,4096,376,240,177.6672
16,4096,376,242,134.3956
16,4096,376,244,141.0732
16,4096,376,246,158.681
16,4096,376,248,168.7072
16,4096,376,250,155.5583
16,4096,376,252,151.8715
16,4096,376,254,152.6978
16,4096,376,256,169.1194
16,4096,376,258,138.3254
16,4096,376,260,160.3022
16,4096,376,262,156.708
16,4096,376,264,169.3859
16,4096,376,266,161.6233
16,4096,376,268,155.4433
16,4096,376,270,161.979
16,4096,376,272,150.8794
16,4096,376,274,169.0201
16,4096,376,276,141.5744
16,4096,376,278,162.7388
16,4096,376,280,139.0634
16,4096,376,282,144.2032
16,4096,376,284,157.477
16,4096,376,286,160.4054
16,4096,376,288,151.242
16,4096,376,290,142.9877
16,4096,376,292,153.6263
16,4096,376,294,162.6618
16,4096,376,296,144.1239
16,4096,376,298,143.0839
16,4096,376,300,137.1956
16,4096,376,302,151.8089
16,4096,376,304,135.9788
16,4096,376,306,151.9623
16,4096,376,308,146.539
16,4096,376,310,155.8965
16,4096,376,312,149.7991
16,4096,376,314,143.1612
16,4096,376,316,151.8224
16,4096,376,318,138.7392
16,4096,376,320,155.4639
16,4096,376,322,134.8729
16,4096,376,324,146.6454
16,4096,376,326,151.3125
16,4096,376,328,147.9325
16,4096,376,330,132.327
16,4096,376,332,148.5573
16,4096,376,334,148.3058
16,4096,376,336,149.289
16,4096,376,338,137.3574
16,4096,376,340,145.7897
16,4096,376,342,134.3201
16,4096,376,344,147.0077
16,4096,376,346,141.6353
16,4096,376,348,136.8012
16,4096,376,350,125.067
16,4096,376,352,141.173
16,4096,376,354,134.5648
16,4096,376,356,129.7826
16,4096,376,358,137.9659
16,4096,376,360,136.6895
16,4096,376,362,117.447
16,4096,376,364,134.083
16,4096,376,366,131.9191
16,4096,376,368,122.2456
16,4096,376,370,129.8126
16,4096,376,372,129.4874
16,4096,376,374,129.8204
16,4096,378,2,69.7522
16,4096,378,4,119.4695
16,4096,378,6,146.3842
16,4096,378,8,171.365
16,4096,378,10,175.8061
16,4096,378,12,195.9177
16,4096,378,14,203.9044
16,4096,378,16,213.3423
16,4096,378,18,213.7577
16,4096,378,20,219.3937
16,4096,378,22,226.969
16,4096,378,24,212.9613
16,4096,378,26,218.2049
16,4096,378,28,228.8712
16,4096,378,30,214.0023
16,4096,378,32,239.1793
16,4096,378,34,225.6505
16,4096,378,36,224.8452
16,4096,378,38,212.6273
16,4096,378,40,229.7026
16,4096,378,42,233.0611
16,4096,378,44,224.8044
16,4096,378,46,205.1448
16,4096,378,48,177.4876
16,4096,378,50,197.4185
16,4096,378,52,198.5335
16,4096,378,54,197.3478
16,4096,378,56,164.3216
16,4096,378,58,156.9363
16,4096,378,60,158.3734
16,4096,378,62,156.2303
16,4096,378,64,168.356
16,4096,378,66,162.4385
16,4096,378,68,145.8902
16,4096,378,70,163.3984
16,4096,378,72,162.359
16,4096,378,74,162.1372
16,4096,378,76,150.7577
16,4096,378,78,160.5697
16,4096,378,80,164.4102
16,4096,378,82,172.1264
16,4096,378,84,171.3006
16,4096,378,86,135.8948
16,4096,378,88,137.6758
16,4096,378,90,167.1586
16,4096,378,92,165.7343
16,4096,378,94,170.0432
16,4096,378,96,171.7459
16,4096,378,98,165.5568
16,4096,378,100,142.306
16,4096,378,102,173.4245
16,4096,378,104,172.8044
16,4096,378,106,159.4229
16,4096,378,108,168.043
16,4096,378,110,171.0517
16,4096,378,112,158.3528
16,4096,378,114,167.2343
16,4096,378,116,164.0422
16,4096,378,118,161.5416
16,4096,378,120,142.6556
16,4096,378,122,167.5429
16,4096,378,124,148.31
16,4096,378,126,170.0111
16,4096,378,128,163.1193
16,4096,378,130,166.2355
16,4096,378,132,169.7347
16,4096,378,134,157.5655
16,4096,378,136,167.3838
16,4096,378,138,175.3021
16,4096,378,140,156.7035
16,4096,378,142,168.0329
16,4096,378,144,181.3666
16,4096,378,146,167.8556
16,4096,378,148,172.2941
16,4096,378,150,167.1976
16,4096,378,152,144.1106
16,4096,378,154,179.3776
16,4096,378,156,173.524
16,4096,378,158,153.7376
16,4096,378,160,155.2885
16,4096,378,162,175.4492
16,4096,378,164,176.7679
16,4096,378,166,160.8968
16,4096,378,168,167.2108
16,4096,378,170,159.1469
16,4096,378,172,159.9488
16,4096,378,174,149.2655
16,4096,378,176,163.5705
16,4096,378,178,166.3951
16,4096,378,180,164.5195
16,4096,378,182,145.3283
16,4096,378,184,157.0053
16,4096,378,186,166.9736
16,4096,378,188,141.6818
16,4096,378,190,164.8729
16,4096,378,192,186.2541
16,4096,378,194,173.0951
16,4096,378,196,180.58
16,4096,378,198,185.2779
16,4096,378,200,174.8207
16,4096,378,202,154.3398
16,4096,378,204,182.0399
16,4096,378,206,163.9569
16,4096,378,208,179.4041
16,4096,378,210,159.5037
16,4096,378,212,179.2634
16,4096,378,214,145.4414
16,4096,378,216,159.9191
16,4096,378,218,175.3967
16,4096,378,220,176.7961
16,4096,378,222,174.2797
16,4096,378,224,176.7667
16,4096,378,226,161.1574
16,4096,378,228,158.4943
16,4096,378,230,168.5789
16,4096,378,232,173.7237
16,4096,378,234,142.2033
16,4096,378,236,149.6073
16,4096,378,238,168.4732
16,4096,378,240,144.6519
16,4096,378,242,155.1113
16,4096,378,244,173.5336
16,4096,378,246,155.8071
16,4096,378,248,155.363
16,4096,378,250,168.7837
16,4096,378,252,169.021
16,4096,378,254,163.7126
16,4096,378,256,173.7389
16,4096,378,258,149.9462
16,4096,378,260,165.233
16,4096,378,262,148.308
16,4096,378,264,149.6072
16,4096,378,266,157.0266
16,4096,378,268,163.9133
16,4096,378,270,141.9283
16,4096,378,272,165.684
16,4096,378,274,163.9686
16,4096,378,276,164.8761
16,4096,378,278,159.3093
16,4096,378,280,162.1981
16,4096,378,282,148.1265
16,4096,378,284,156.9772
16,4096,378,286,145.6935
16,4096,378,288,155.3219
16,4096,378,290,148.4765
16,4096,378,292,147.0374
16,4096,378,294,140.8244
16,4096,378,296,159.9829
16,4096,378,298,154.5766
16,4096,378,300,153.2002
16,4096,378,302,157.6221
16,4096,378,304,159.8909
16,4096,378,306,129.4651
16,4096,378,308,154.474
16,4096,378,310,140.854
16,4096,378,312,148.4949
16,4096,378,314,139.2702
16,4096,378,316,151.8827
16,4096,378,318,141.9166
16,4096,378,320,150.7359
16,4096,378,322,146.0359
16,4096,378,324,153.5921
16,4096,378,326,149.3902
16,4096,378,328,153.5758
16,4096,378,330,146.4661
16,4096,378,332,148.2656
16,4096,378,334,145.1928
16,4096,378,336,142.1301
16,4096,378,338,134.9958
16,4096,378,340,150.0054
16,4096,378,342,134.7605
16,4096,378,344,144.6712
16,4096,378,346,127.4676
16,4096,378,348,138.3558
16,4096,378,350,139.6825
16,4096,378,352,141.4147
16,4096,378,354,139.8247
16,4096,378,356,140.0558
16,4096,378,358,134.0005
16,4096,378,360,134.6758
16,4096,378,362,134.4005
16,4096,378,364,137.2483
16,4096,378,366,129.111
16,4096,378,368,127.3556
16,4096,378,370,136.0586
16,4096,378,372,132.9338
16,4096,378,374,118.6079
16,4096,378,376,129.4815
16,4096,380,2,69.5116
16,4096,380,4,113.7242
16,4096,380,6,137.2678
16,4096,380,8,171.8453
16,4096,380,10,180.9956
16,4096,380,12,196.866
16,4096,380,14,200.4748
16,4096,380,16,206.2926
16,4096,380,18,220.3889
16,4096,380,20,230.2914
16,4096,380,22,219.4271
16,4096,380,24,227.9641
16,4096,380,26,220.9251
16,4096,380,28,217.3771
16,4096,380,30,216.4522
16,4096,380,32,234.5636
16,4096,380,34,232.6258
16,4096,380,36,219.3114
16,4096,380,38,212.8877
16,4096,380,40,232.8459
16,4096,380,42,235.9148
16,4096,380,44,231.5563
16,4096,380,46,209.8936
16,4096,380,48,203.01
16,4096,380,50,190.6481
16,4096,380,52,181.2029
16,4096,380,54,181.4316
16,4096,380,56,172.6897
16,4096,380,58,162.5939
16,4096,380,60,160.9242
16,4096,380,62,161.4001
16,4096,380,64,158.331
16,4096,380,66,167.8429
16,4096,380,68,160.2168
16,4096,380,70,149.6879
16,4096,380,72,160.992
16,4096,380,74,172.1625
16,4096,380,76,149.933
16,4096,380,78,169.4251
16,4096,380,80,167.5607
16,4096,380,82,153.2138
16,4096,380,84,166.855
16,4096,380,86,160.382
16,4096,380,88,159.0766
16,4096,380,90,150.8152
16,4096,380,92,163.6821
16,4096,380,94,150.2789
16,4096,380,96,176.8452
16,4096,380,98,163.3989
16,4096,380,100,151.0707
16,4096,380,102,164.0953
16,4096,380,104,165.55
16,4096,380,106,159.9451
16,4096,380,108,165.7657
16,4096,380,110,167.2971
16,4096,380,112,175.5013
16,4096,380,114,151.0739
16,4096,380,116,169.4347
16,4096,380,118,167.2112
16,4096,380,120,153.6143
16,4096,380,122,151.7482
16,4096,380,124,167.5328
16,4096,380,126,162.8634
16,4096,380,128,182.2228
16,4096,380,130,181.9665
16,4096,380,132,178.2763
16,4096,380,134,153.8803
16,4096,380,136,169.8771
16,4096,380,138,170.4863
16,4096,380,140,170.1823
16,4096,380,142,178.1743
16,4096,380,144,156.2898
16,4096,380,146,146.866
16,4096,380,148,175.1382
16,4096,380,150,159.0248
16,4096,380,152,164.3769
16,4096,380,154,140.6103
16,4096,380,156,168.4635
16,4096,380,158,148.3549
16,4096,380,160,148.1299
16,4096,380,162,169.427
16,4096,380,164,175.9741
16,4096,380,166,175.8469
16,4096,380,168,147.7484
16,4096,380,170,164.5278
16,4096,380,172,168.7407
16,4096,380,174,150.3077
16,4096,380,176,158.6022
16,4096,380,178,159.4465
16,4096,380,180,156.8171
16,4096,380,182,167.9002
16,4096,380,184,130.5819
16,4096,380,186,169.6982
16,4096,380,188,147.4867
16,4096,380,190,173.0929
16,4096,380,192,156.1903
16,4096,380,194,177.4607
16,4096,380,196,147.6317
16,4096,380,198,176.9708
16,4096,380,200,177.37
16,4096,380,202,177.7647
16,4096,380,204,143.2292
16,4096,380,206,174.5672
16,4096,380,208,168.5354
16,4096,380,210,151.8674
16,4096,380,212,173.9977
16,4096,380,214,152.1158
16,4096,380,216,163.3565
16,4096,380,218,148.3445
16,4096,380,220,171.6935
16,4096,380,222,140.9041
16,4096,380,224,166.2575
16,4096,380,226,172.9693
16,4096,380,228,167.9696
16,4096,380,230,156.9967
16,4096,380,232,172.4534
16,4096,380,234,141.8114
16,4096,380,236,166.6067
16,4096,380,238,159.7989
16,4096,380,240,172.245
16,4096,380,242,145.5196
16,4096,380,244,169.1915
16,4096,380,246,149.7922
16,4096,380,248,169.2887
16,4096,380,250,144.991
16,4096,380,252,160.3011
16,4096,380,254,151.6574
16,4096,380,256,161.7813
16,4096,380,258,154.1834
16,4096,380,260,159.9005
16,4096,380,262,158.7763
16,4096,380,264,163.7032
16,4096,380,266,153.1415
16,4096,380,268,148.948
16,4096,380,270,160.4536
16,4096,380,272,160.2819
16,4096,380,274,154.4152
16,4096,380,276,147.098
16,4096,380,278,164.2869
16,4096,380,280,143.303
16,4096,380,282,160.1932
16,4096,380,284,144.7454
16,4096,380,286,160.9638
16,4096,380,288,150.1712
16,4096,380,290,157.8979
16,4096,380,292,147.4239
16,4096,380,294,162.2616
16,4096,380,296,164.1213
16,4096,380,298,158.4447
16,4096,380,300,144.0825
16,4096,380,302,159.7712
16,4096,380,304,159.1098
16,4096,380,306,154.6986
16,4096,380,308,155.6479
16,4096,380,310,140.2521
16,4096,380,312,160.3886
16,4096,380,314,150.8507
16,4096,380,316,155.8971
16,4096,380,318,147.5733
16,4096,380,320,150.3079
16,4096,380,322,144.0682
16,4096,380,324,146.5587
16,4096,380,326,147.3639
16,4096,380,328,140.6668
16,4096,380,330,150.1171
16,4096,380,332,130.6544
16,4096,380,334,149.4344
16,4096,380,336,126.4573
16,4096,380,338,151.1678
16,4096,380,340,146.282
16,4096,380,342,136.1553
16,4096,380,344,145.3584
16,4096,380,346,134.4221
16,4096,380,348,143.5524
16,4096,380,350,124.2756
16,4096,380,352,144.6094
16,4096,380,354,138.8311
16,4096,380,356,133.3933
16,4096,380,358,140.3665
16,4096,380,360,135.7782
16,4096,380,362,127.486
16,4096,380,364,134.4517
16,4096,380,366,122.8459
16,4096,380,368,131.5915
16,4096,380,370,136.7105
16,4096,380,372,126.8058
16,4096,380,374,133.6043
16,4096,380,376,130.2922
16,4096,380,378,124.2622
16,4096,382,2,72.1938
16,4096,382,4,114.8795
16,4096,382,6,135.9602
16,4096,382,8,157.6068
16,4096,382,10,178.4722
16,4096,382,12,201.1468
16,4096,382,14,213.77
16,4096,382,16,218.8851
16,4096,382,18,204.5785
16,4096,382,20,226.4046
16,4096,382,22,217.1153
16,4096,382,24,243.4221
16,4096,382,26,216.4068
16,4096,382,28,243.3664
16,4096,382,30,230.4807
16,4096,382,32,219.8069
16,4096,382,34,210.216
16,4096,382,36,229.6834
16,4096,382,38,222.6491
16,4096,382,40,243.0366
16,4096,382,42,200.1832
16,4096,382,44,240.1723
16,4096,382,46,228.7562
16,4096,382,48,202.2822
16,4096,382,50,198.2952
16,4096,382,52,191.1628
16,4096,382,54,187.8542
16,4096,382,56,169.0465
16,4096,382,58,156.0107
16,4096,382,60,143.7315
16,4096,382,62,164.2595
16,4096,382,64,154.4202
16,4096,382,66,170.9226
16,4096,382,68,165.8024
16,4096,382,70,165.6494
16,4096,382,72,151.7403
16,4096,382,74,154.0845
16,4096,382,76,152.8146
16,4096,382,78,134.9201
16,4096,382,80,173.3217
16,4096,382,82,167.8395
16,4096,382,84,170.0614
16,4096,382,86,171.4153
16,4096,382,88,145.5561
16,4096,382,90,161.73
16,4096,382,92,150.1498
16,4096,382,94,167.5094
16,4096,382,96,164.3204
16,4096,382,98,176.8603
16,4096,382,100,161.4308
16,4096,382,102,172.7384
16,4096,382,104,174.452
16,4096,382,106,161.6652
16,4096,382,108,166.6378
16,4096,382,110,172.0971
16,4096,382,112,158.8801
16,4096,382,114,171.5749
16,4096,382,116,174.816
16,4096,382,118,142.9182
16,4096,382,120,173.544
16,4096,382,122,148.1518
16,4096,382,124,171.0612
16,4096,382,126,155.7915
16,4096,382,128,172.353
16,4096,382,130,164.236
16,4096,382,132,177.1452
16,4096,382,134,172.808
16,4096,382,136,172.652
16,4096,382,138,168.2856
16,4096,382,140,168.7638
16,4096,382,142,178.5029
16,4096,382,144,166.1879
16,4096,382,146,142.4925
16,4096,382,148,172.8571
16,4096,382,150,157.8967
16,4096,382,152,175.9718
16,4096,382,154,173.8736
16,4096,382,156,157.958
16,4096,382,158,166.733
16,4096,382,160,172.0785
16,4096,382,162,165.9943
16,4096,382,164,169.4726
16,4096,382,166,146.5229
16,4096,382,168,173.1686
16,4096,382,170,154.9858
16,4096,382,172,170.2943
16,4096,382,174,163.573
16,4096,382,176,173.7887
16,4096,382,178,138.5526
16,4096,382,180,165.3187
16,4096,382,182,146.2875
16,4096,382,184,162.1415
16,4096,382,186,171.5513
16,4096,382,188,147.3934
16,4096,382,190,161.4665
16,4096,382,192,161.7606
16,4096,382,194,164.0276
16,4096,382,196,186.2629
16,4096,382,198,180.2502
16,4096,382,200,180.9563
16,4096,382,202,168.9906
16,4096,382,204,164.871
16,4096,382,206,167.5286
16,4096,382,208,179.4539
16,4096,382,210,177.2518
16,4096,382,212,159.9435
16,4096,382,214,156.818
16,4096,382,216,177.0149
16,4096,382,218,171.1055
16,4096,382,220,165.7117
16,4096,382,222,175.8711
16,4096,382,224,158.5042
16,4096,382,226,158.8163
16,4096,382,228,166.9567
16,4096,382,230,170.9356
16,4096,382,232,176.3801
16,4096,382,234,170.8236
16,4096,382,236,156.4761
16,4096,382,238,167.4675
16,4096,382,240,147.3106
16,4096,382,242,168.1375
16,4096,382,244,146.4823
16,4096,382,246,171.937
16,4096,382,248,151.9557
16,4096,382,250,172.9773
16,4096,382,252,128.9634
16,4096,382,254,149.0101
16,4096,382,256,162.1544
16,4096,382,258,167.1694
16,4096,382,260,146.5045
16,4096,382,262,165.1723
16,4096,382,264,166.2007
16,4096,382,266,167.0312
16,4096,382,268,139.3899
16,4096,382,270,170.8908
16,4096,382,272,163.9131
16,4096,382,274,162.3833
16,4096,382,276,152.2292
16,4096,382,278,163.0187
16,4096,382,280,144.5217
16,4096,382,282,154.9247
16,4096,382,284,148.118
16,4096,382,286,160.8777
16,4096,382,288,147.2577
16,4096,382,290,159.7504
16,4096,382,292,141.6243
16,4096,382,294,157.0804
16,4096,382,296,158.755
16,4096,382,298,157.5336
16,4096,382,300,145.3828
16,4096,382,302,154.4032
16,4096,382,304,157.4788
16,4096,382,306,153.1238
16,4096,382,308,141.6106
16,4096,382,310,156.6468
16,4096,382,312,143.8322
16,4096,382,314,157.741
16,4096,382,316,141.78
16,4096,382,318,150.6378
16,4096,382,320,146.8298
16,4096,382,322,151.2722
16,4096,382,324,151.856
16,4096,382,326,148.2846
16,4096,382,328,154.9682
16,4096,382,330,150.7253
16,4096,382,332,145.8784
16,4096,382,334,134.6067
16,4096,382,336,148.0883
16,4096,382,338,142.2973
16,4096,382,340,142.3542
16,4096,382,342,139.4737
16,4096,382,344,139.6993
16,4096,382,346,136.6782
16,4096,382,348,141.4703
16,4096,382,350,127.6227
16,4096,382,352,139.6126
16,4096,382,354,120.5653
16,4096,382,356,141.7705
16,4096,382,358,135.392
16,4096,382,360,136.6224
16,4096,382,362,133.8834
16,4096,382,364,134.5416
16,4096,382,366,127.7086
16,4096,382,368,126.5148
16,4096,382,370,138.0393
16,4096,382,372,136.3379
16,4096,382,374,131.3872
16,4096,382,376,132.7368
16,4096,382,378,128.2554
16,4096,382,380,120.4206
16,4096,384,2,66.4805
16,4096,384,4,114.801
16,4096,384,6,147.2767
16,4096,384,8,168.7256
16,4096,384,10,184.3134
16,4096,384,12,191.5283
16,4096,384,14,200.1364
16,4096,384,16,219.5384
16,4096,384,18,196.5808
16,4096,384,20,219.3264
16,4096,384,22,228.171
16,4096,384,24,228.3294
16,4096,384,26,209.7646
16,4096,384,28,217.1006
16,4096,384,30,238.1409
16,4096,384,32,237.8698
16,4096,384,34,220.7004
16,4096,384,36,215.4235
16,4096,384,38,236.868
16,4096,384,40,218.1341
16,4096,384,42,229.947
16,4096,384,44,227.6282
16,4096,384,46,202.0937
16,4096,384,48,200.9757
16,4096,384,50,202.7687
16,4096,384,52,192.3782
16,4096,384,54,192.1791
16,4096,384,56,164.6296
16,4096,384,58,161.4449
16,4096,384,60,155.3306
16,4096,384,62,155.2405
16,4096,384,64,163.0877
16,4096,384,66,155.4365
16,4096,384,68,151.5891
16,4096,384,70,151.4764
16,4096,384,72,159.1737
16,4096,384,74,139.3847
16,4096,384,76,157.6345
16,4096,384,78,156.5196
16,4096,384,80,152.3384
16,4096,384,82,136.1508
16,4096,384,84,163.145
16,4096,384,86,161.3489
16,4096,384,88,167.8173
16,4096,384,90,169.3591
16,4096,384,92,149.6422
16,4096,384,94,161.7625
16,4096,384,96,170.6636
16,4096,384,98,159.5073
16,4096,384,100,151.7324
16,4096,384,102,169.0876
16,4096,384,104,151.4726
16,4096,384,106,161.2829
16,4096,384,108,156.451
16,4096,384,110,163.979
16,4096,384,112,161.7532
16,4096,384,114,166.4691
16,4096,384,116,149.182
16,4096,384,118,164.6512
16,4096,384,120,147.3965
16,4096,384,122,166.7798
16,4096,384,124,148.0634
16,4096,384,126,170.0327
16,4096,384,128,153.7219
16,4096,384,130,169.352
16,4096,384,132,147.8116
16,4096,384,134,175.4485
16,4096,384,136,161.3569
16,4096,384,138,172.9198
16,4096,384,140,164.5001
16,4096,384,142,170.7422
16,4096,384,144,170.0485
16,4096,384,146,157.7462
16,4096,384,148,171.0331
16,4096,384,150,157.2634
16,4096,384,152,165.8222
16,4096,384,154,154.5465
16,4096,384,156,175.4282
16,4096,384,158,170.6058
16,4096,384,160,136.2391
16,4096,384,162,155.725
16,4096,384,164,156.23
16,4096,384,166,160.8321
16,4096,384,168,146.7314
16,4096,384,170,164.4629
16,4096,384,172,158.413
16,4096,384,174,166.826
16,4096,384,176,143.7719
16,4096,384,178,164.2119
16,4096,384,180,149.01
16,4096,384,182,164.3053
16,4096,384,184,154.1289
16,4096,384,186,167.667
16,4096,384,188,146.6848
16,4096,384,190,154.3507
16,4096,384,192,163.4198
16,4096,384,194,175.5816
16,4096,384,196,173.2371
16,4096,384,198,171.3962
16,4096,384,200,173.1052
16,4096,384,202,180.2256
16,4096,384,204,164.98
16,4096,384,206,172.0463
16,4096,384,208,150.9716
16,4096,384,210,169.0128
16,4096,384,212,155.196
16,4096,384,214,172.5904
16,4096,384,216,175.61
16,4096,384,218,174.0761
16,4096,384,220,158.6913
16,4096,384,222,169.4841
16,4096,384,224,156.5837
16,4096,384,226,168.698
16,4096,384,228,154.5876
16,4096,384,230,168.3494
16,4096,384,232,142.7636
16,4096,384,234,164.4382
16,4096,384,236,138.393
16,4096,384,238,161.9833
16,4096,384,240,158.885
16,4096,384,242,161.327
16,4096,384,244,160.744
16,4096,384,246,164.0593
16,4096,384,248,148.2482
16,4096,384,250,161.2366
16,4096,384,252,143.993
16,4096,384,254,168.8595
16,4096,384,256,162.919
16,4096,384,258,165.7091
16,4096,384,260,151.2005
16,4096,384,262,167.0705
16,4096,384,264,142.6321
16,4096,384,266,158.0648
16,4096,384,268,138.6657
16,4096,384,270,171.2477
16,4096,384,272,162.7432
16,4096,384,274,152.2809
16,4096,384,276,152.0781
16,4096,384,278,163.1982
16,4096,384,280,153.9295
16,4096,384,282,157.3522
16,4096,384,284,133.067
16,4096,384,286,154.4642
16,4096,384,288,143.7838
16,4096,384,290,160.3234
16,4096,384,292,157.3146
16,4096,384,294,156.6824
16,4096,384,296,152.1296
16,4096,384,298,154.6146
16,4096,384,300,144.0666
16,4096,384,302,154.6731
16,4096,384,304,130.7959
16,4096,384,306,151.9173
16,4096,384,308,132.1484
16,4096,384,310,148.9513
16,4096,384,312,133.9555
16,4096,384,314,148.8212
16,4096,384,316,150.8096
16,4096,384,318,135.8264
16,4096,384,320,150.3193
16,4096,384,322,147.3309
16,4096,384,324,133.2854
16,4096,384,326,138.9392
16,4096,384,328,149.944
16,4096,384,330,142.9205
16,4096,384,332,143.1096
16,4096,384,334,128.039
16,4096,384,336,135.7198
16,4096,384,338,139.2568
16,4096,384,340,142.0087
16,4096,384,342,143.9224
16,4096,384,344,138.2938
16,4096,384,346,142.2791
16,4096,384,348,139.5489
16,4096,384,350,138.3053
16,4096,384,352,133.3303
16,4096,384,354,135.955
16,4096,384,356,136.1439
16,4096,384,358,126.8595
16,4096,384,360,129.8745
16,4096,384,362,131.5009
16,4096,384,364,131.4423
16,4096,384,366,130.867
16,4096,384,368,131.4994
16,4096,384,370,132.1342
16,4096,384,372,131.301
16,4096,384,374,126.7451
16,4096,384,376,127.9737
16,4096,384,378,127.6938
16,4096,384,380,119.4054
16,4096,384,382,130.2627
16,4096,386,2,66.6186
16,4096,386,4,114.7802
16,4096,386,6,140.5374
16,4096,386,8,166.4997
16,4096,386,10,185.4172
16,4096,386,12,188.1147
16,4096,386,14,205.2552
16,4096,386,16,212.3699
16,4096,386,18,203.96
16,4096,386,20,229.9091
16,4096,386,22,227.3739
16,4096,386,24,221.0795
16,4096,386,26,216.0453
16,4096,386,28,237.5329
16,4096,386,30,243.0176
16,4096,386,32,216.8015
16,4096,386,34,240.7391
16,4096,386,36,231.5069
16,4096,386,38,211.4134
16,4096,386,40,206.8027
16,4096,386,42,219.2692
16,4096,386,44,235.9228
16,4096,386,46,230.3793
16,4096,386,48,179.6094
16,4096,386,50,202.8389
16,4096,386,52,200.9226
16,4096,386,54,188.7468
16,4096,386,56,165.9998
16,4096,386,58,168.2648
16,4096,386,60,147.1848
16,4096,386,62,160.2974
16,4096,386,64,163.3979
16,4096,386,66,142.3998
16,4096,386,68,159.2838
16,4096,386,70,144.1816
16,4096,386,72,150.1592
16,4096,386,74,155.7665
16,4096,386,76,163.8224
16,4096,386,78,156.43
16,4096,386,80,174.5535
16,4096,386,82,133.0608
16,4096,386,84,165.8409
16,4096,386,86,163.8791
16,4096,386,88,170.4339
16,4096,386,90,161.7101
16,4096,386,92,150.9019
16,4096,386,94,139.9478
16,4096,386,96,162.0396
16,4096,386,98,165.0658
16,4096,386,100,171.4958
16,4096,386,102,174.3787
16,4096,386,104,163.1609
16,4096,386,106,146.9179
16,4096,386,108,165.5447
16,4096,386,110,163.2553
16,4096,386,112,158.7991
16,4096,386,114,170.8435
16,4096,386,116,166.9463
16,4096,386,118,153.9639
16,4096,386,120,162.7551
16,4096,386,122,142.0832
16,4096,386,124,141.5247
16,4096,386,126,158.5781
16,4096,386,128,154.2137
16,4096,386,130,173.0068
16,4096,386,132,172.0096
16,4096,386,134,165.5334
16,4096,386,136,162.2714
16,4096,386,138,170.4541
16,4096,386,140,157.7014
16,4096,386,142,162.4729
16,4096,386,144,177.4394
16,4096,386,146,145.0378
16,4096,386,148,173.8481
16,4096,386,150,152.4935
16,4096,386,152,160.3147
16,4096,386,154,175.0819
16,4096,386,156,170.3354
16,4096,386,158,168.2688
16,4096,386,160,148.597
16,4096,386,162,171.2762
16,4096,386,164,154.0412
16,4096,386,166,166.4611
16,4096,386,168,145.2241
16,4096,386,170,155.8063
16,4096,386,172,154.8753
16,4096,386,174,171.4011
16,4096,386,176,142.7562
16,4096,386,178,162.1718
16,4096,386,180,152.2215
16,4096,386,182,161.5085
16,4096,386,184,153.4311
16,4096,386,186,161.3133
16,4096,386,188,151.8842
16,4096,386,190,168.67
16,4096,386,192,136.4242
16,4096,386,194,176.023
16,4096,386,196,164.6972
16,4096,386,198,175.1405
16,4096,386,200,157.5223
16,4096,386,202,176.6762
16,4096,386,204,155.5032
16,4096,386,206,170.2758
16,4096,386,208,161.9722
16,4096,386,210,165.6602
16,4096,386,212,165.358
16,4096,386,214,171.7871
16,4096,386,216,174.1322
16,4096,386,218,158.44
16,4096,386,220,165.3775
16,4096,386,222,148.2173
16,4096,386,224,167.6712
16,4096,386,226,160.6364
16,4096,386,228,163.2487
16,4096,386,230,156.655
16,4096,386,232,164.0441
16,4096,386,234,157.3145
16,4096,386,236,166.2273
16,4096,386,238,148.5928
16,4096,386,240,163.5427
16,4096,386,242,157.9622
16,4096,386,244,149.636
16,4096,386,246,149.4948
16,4096,386,248,165.3647
16,4096,386,250,145.523
16,4096,386,252,158.0831
16,4096,386,254,146.4419
16,4096,386,256,160.4246
16,4096,386,258,161.2376
16,4096,386,260,162.0464
16,4096,386,262,145.5293
16,4096,386,264,164.0479
16,4096,386,266,141.5304
16,4096,386,268,154.4005
16,4096,386,270,136.2349
16,4096,386,272,158.9982
16,4096,386,274,159.8233
16,4096,386,276,162.5248
16,4096,386,278,150.0952
16,4096,386,280,157.8275
16,4096,386,282,145.5418
16,4096,386,284,163.2086
16,4096,386,286,138.2377
16,4096,386,288,158.4405
16,4096,386,290,141.8667
16,4096,386,292,153.8829
16,4096,386,294,154.9716
16,4096,386,296,145.3543
16,4096,386,298,149.2289
16,4096,386,300,150.0477
16,4096,386,302,152.0572
16,4096,386,304,131.9359
16,4096,386,306,152.8365
16,4096,386,308,157.7846
16,4096,386,310,151.6912
16,4096,386,312,149.4821
16,4096,386,314,147.3679
16,4096,386,316,133.7979
16,4096,386,318,147.0274
16,4096,386,320,146.4098
16,4096,386,322,149.5084
16,4096,386,324,143.7101
16,4096,386,326,146.3074
16,4096,386,328,146.6249
16,4096,386,330,145.4134
16,4096,386,332,147.3217
16,4096,386,334,144.4656
16,4096,386,336,142.4264
16,4096,386,338,141.64
16,4096,386,340,141.9191
16,4096,386,342,144.9909
16,4096,386,344,137.4194
16,4096,386,346,135.8807
16,4096,386,348,143.8425
16,4096,386,350,130.7301
16,4096,386,352,142.9305
16,4096,386,354,134.0425
16,4096,386,356,134.7759
16,4096,386,358,135.1397
16,4096,386,360,133.1535
16,4096,386,362,131.0857
16,4096,386,364,134.0002
16,4096,386,366,124.8468
16,4096,386,368,120.1513
16,4096,386,370,127.2633
16,4096,386,372,127.1945
16,4096,386,374,126.8233
16,4096,386,376,127.7837
16,4096,386,378,124.961
16,4096,386,380,130.5174
16,4096,386,382,116.7196
16,4096,386,384,127.7186
16,4096,388,2,66.8708
16,4096,388,4,114.5934
16,4096,388,6,143.5408
16,4096,388,8,161.7409
16,4096,388,10,167.2068
16,4096,388,12,185.4568
16,4096,388,14,196.383
16,4096,388,16,216.6237
16,4096,388,18,211.3236
16,4096,388,20,216.2087
16,4096,388,22,223.0501
16,4096,388,24,230.1432
16,4096,388,26,231.7745
16,4096,388,28,218.438
16,4096,388,30,221.2771
16,4096,388,32,226.2551
16,4096,388,34,201.4784
16,4096,388,36,257.214
16,4096,388,38,226.7242
16,4096,388,40,221.396
16,4096,388,42,219.0403
16,4096,388,44,215.416
16,4096,388,46,221.1887
16,4096,388,48,197.1644
16,4096,388,50,193.6732
16,4096,388,52,186.9797
16,4096,388,54,180.2136
16,4096,388,56,154.0403
16,4096,388,58,166.5214
16,4096,388,60,159.7341
16,4096,388,62,160.0728
16,4096,388,64,134.3249
16,4096,388,66,169.9744
16,4096,388,68,162.0806
16,4096,388,70,169.3925
16,4096,388,72,168.4729
16,4096,388,74,153.0931
16,4096,388,76,150.4345
16,4096,388,78,167.1814
16,4096,388,80,140.8948
16,4096,388,82,164.8112
16,4096,388,84,169.9858
16,4096,388,86,168.7623
16,4096,388,88,163.8586
16,4096,388,90,166.4938
16,4096,388,92,150.5263
16,4096,388,94,164.3795
16,4096,388,96,144.7605
16,4096,388,98,169.1381
16,4096,388,100,146.5775
16,4096,388,102,172.0585
16,4096,388,104,143.3262
16,4096,388,106,171.4259
16,4096,388,108,145.7726
16,4096,388,110,159.2631
16,4096,388,112,158.2057
16,4096,388,114,171.9041
16,4096,388,116,136.5051
16,4096,388,118,169.2898
16,4096,388,120,160.3346
16,4096,388,122,163.887
16,4096,388,124,166.1707
16,4096,388,126,163.9599
16,4096,388,128,152.2105
16,4096,388,130,160.5652
16,4096,388,132,166.994
16,4096,388,134,171.5379
16,4096,388,136,173.1958
16,4096,388,138,166.3393
16,4096,388,140,169.8127
16,4096,388,142,149.8551
16,4096,388,144,168.1956
16,4096,388,146,161.2204
16,4096,388,148,166.6748
16,4096,388,150,157.5217
16,4096,388,152,174.5901
16,4096,388,154,163.6252
16,4096,388,156,168.0461
16,4096,388,158,144.3242
16,4096,388,160,137.8773
16,4096,388,162,166.16
16,4096,388,164,155.3856
16,4096,388,166,160.4602
16,4096,388,168,165.8902
16,4096,388,170,167.7573
16,4096,388,172,144.4571
16,4096,388,174,165.7599
16,4096,388,176,143.1364
16,4096,388,178,164.1822
16,4096,388,180,164.5146
16,4096,388,182,157.7004
16,4096,388,184,160.4447
16,4096,388,186,146.7275
16,4096,388,188,164.4449
16,4096,388,190,160.1269
16,4096,388,192,164.1307
16,4096,388,194,147.2445
16,4096,388,196,171.8989
16,4096,388,198,147.869
16,4096,388,200,159.0545
16,4096,388,202,154.2444
16,4096,388,204,173.2837
16,4096,388,206,160.6855
16,4096,388,208,156.4159
16,4096,388,210,169.509
16,4096,388,212,150.0334
16,4096,388,214,153.0558
16,4096,388,216,149.1046
16,4096,388,218,150.2521
16,4096,388,220,164.53
16,4096,388,222,169.492
16,4096,388,224,158.3545
16,4096,388,226,172.9783
16,4096,388,228,155.4848
16,4096,388,230,149.7336
16,4096,388,232,167.6765
16,4096,388,234,157.3197
16,4096,388,236,155.1561
16,4096,388,238,149.7038
16,4096,388,240,167.7068
16,4096,388,242,166.3712
16,4096,388,244,160.79
16,4096,388,246,153.2077
16,4096,388,248,161.1126
16,4096,388,250,148.1124
16,4096,388,252,162.4611
16,4096,388,254,142.1618
16,4096,388,256,167.7118
16,4096,388,258,137.7051
16,4096,388,260,169.5146
16,4096,388,262,143.2374
16,4096,388,264,161.959
16,4096,388,266,153.2243
16,4096,388,268,161.205
16,4096,388,270,144.9753
16,4096,388,272,154.0325
16,4096,388,274,139.2374
16,4096,388,276,163.3386
16,4096,388,278,142.8604
16,4096,388,280,162.6493
16,4096,388,282,160.0091
16,4096,388,284,164.8869
16,4096,388,286,144.5335
16,4096,388,288,155.8258
16,4096,388,290,146.0131
16,4096,388,292,156.3766
16,4096,388,294,128.6979
16,4096,388,296,159.2762
16,4096,388,298,154.0253
16,4096,388,300,152.3928
16,4096,388,302,151.9092
16,4096,388,304,149.6492
16,4096,388,306,148.0256
16,4096,388,308,145.6435
16,4096,388,310,152.1439
16,4096,388,312,130.7305
16,4096,388,314,147.8112
16,4096,388,316,132.0092
16,4096,388,318,148.2575
16,4096,388,320,129.8237
16,4096,388,322,141.6628
16,4096,388,324,145.1493
16,4096,388,326,136.0062
16,4096,388,328,146.5651
16,4096,388,330,141.3862
16,4096,388,332,138.5007
16,4096,388,334,140.6279
16,4096,388,336,143.8415
16,4096,388,338,139.1058
16,4096,388,340,138.3827
16,4096,388,342,139.1209
16,4096,388,344,132.0241
16,4096,388,346,144.7969
16,4096,388,348,136.2246
16,4096,388,350,141.0939
16,4096,388,352,134.5928
16,4096,388,354,140.5196
16,4096,388,356,138.5781
16,4096,388,358,130.2665
16,4096,388,360,131.9068
16,4096,388,362,130.8727
16,4096,388,364,137.1946
16,4096,388,366,124.4804
16,4096,388,368,130.1708
16,4096,388,370,131.974
16,4096,388,372,127.4863
16,4096,388,374,126.8206
16,4096,388,376,124.3638
16,4096,388,378,121.2318
16,4096,388,380,128.2469
16,4096,388,382,125.2123
16,4096,388,384,122.9437
16,4096,388,386,121.5
16,4096,390,2,68.1341
16,4096,390,4,118.0434
16,4096,390,6,139.77
16,4096,390,8,169.3522
16,4096,390,10,186.5806
16,4096,390,12,190.2822
16,4096,390,14,205.2854
16,4096,390,16,221.3356
16,4096,390,18,218.9901
16,4096,390,20,228.0983
16,4096,390,22,196.6435
16,4096,390,24,226.6882
16,4096,390,26,217.3261
16,4096,390,28,237.8031
16,4096,390,30,205.3571
16,4096,390,32,229.0067
16,4096,390,34,215.4402
16,4096,390,36,238.1875
16,4096,390,38,222.772
16,4096,390,40,217.127
16,4096,390,42,193.2343
16,4096,390,44,223.6801
16,4096,390,46,204.2064
16,4096,390,48,188.4357
16,4096,390,50,189.533
16,4096,390,52,168.2874
16,4096,390,54,191.602
16,4096,390,56,165.8118
16,4096,390,58,159.3908
16,4096,390,60,157.7295
16,4096,390,62,159.9544
16,4096,390,64,153.0058
16,4096,390,66,165.4714
16,4096,390,68,153.9252
16,4096,390,70,172.6912
16,4096,390,72,168.1138
16,4096,390,74,148.6947
16,4096,390,76,141.5466
16,4096,390,78,169.6113
16,4096,390,80,147.1914
16,4096,390,82,163.2054
16,4096,390,84,153.1567
16,4096,390,86,173.7141
16,4096,390,88,162.7036
16,4096,390,90,168.3009
16,4096,390,92,154.0764
16,4096,390,94,165.1736
16,4096,390,96,158.9714
16,4096,390,98,173.3744
16,4096,390,100,155.8361
16,4096,390,102,172.481
16,4096,390,104,159.3956
16,4096,390,106,174.2681
16,4096,390,108,171.242
16,4096,390,110,162.9731
16,4096,390,112,134.5186
16,4096,390,114,162.4167
16,4096,390,116,144.8587
16,4096,390,118,167.7486
16,4096,390,120,160.8884
16,4096,390,122,169.2747
16,4096,390,124,149.7888
16,4096,390,126,168.83
16,4096,390,128,150.6196
16,4096,390,130,173.339
16,4096,390,132,150.3504
16,4096,390,134,170.4072
16,4096,390,136,161.429
16,4096,390,138,165.91
16,4096,390,140,173.2655
16,4096,390,142,159.1398
16,4096,390,144,178.3949
16,4096,390,146,149.6606
16,4096,390,148,173.5471
16,4096,390,150,156.3024
16,4096,390,152,167.7767
16,4096,390,154,152.919
16,4096,390,156,159.6431
16,4096,390,158,137.4228
16,4096,390,160,171.1726
16,4096,390,162,167.2383
16,4096,390,164,165.6472
16,4096,390,166,133.7209
16,4096,390,168,170.9067
16,4096,390,170,143.4366
16,4096,390,172,160.8891
16,4096,390,174,148.8844
16,4096,390,176,165.0465
16,4096,390,178,152.5677
16,4096,390,180,160.8596
16,4096,390,182,137.5657
16,4096,390,184,161.6235
16,4096,390,186,146.2565
16,4096,390,188,157.438
16,4096,390,190,161.3193
16,4096,390,192,150.1397
16,4096,390,194,151.1899
16,4096,390,196,170.6057
16,4096,390,198,170.589
16,4096,390,200,179.8073
16,4096,390,202,175.4581
16,4096,390,204,145.6221
16,4096,390,206,168.3112
16,4096,390,208,158.2626
16,4096,390,210,165.2045
16,4096,390,212,168.1163
16,4096,390,214,173.637
16,4096,390,216,146.9722
16,4096,390,218,140.4977
16,4096,390,220,165.3855
16,4096,390,222,140.1463
16,4096,390,224,169.7778
16,4096,390,226,157.4968
16,4096,390,228,154.7191
16,4096,390,230,148.6164
16,4096,390,232,167.8856
16,4096,390,234,139.4969
16,4096,390,236,158.0637
16,4096,390,238,165.8499
16,4096,390,240,151.3933
16,4096,390,242,165.3575
16,4096,390,244,164.6026
16,4096,390,246,145.1353
16,4096,390,248,165.7783
16,4096,390,250,153.6223
16,4096,390,252,161.7162
16,4096,390,254,141.8389
16,4096,390,256,161.0615
16,4096,390,258,144.1485
16,4096,390,260,169.2691
16,4096,390,262,163.4243
16,4096,390,264,160.8148
16,4096,390,266,161.915
16,4096,390,268,159.986
16,4096,390,270,131.2112
16,4096,390,272,163.3597
16,4096,390,274,148.5755
16,4096,390,276,166.2802
16,4096,390,278,154.3229
16,4096,390,280,145.5719
16,4096,390,282,154.2236
16,4096,390,284,153.7348
16,4096,390,286,162.9116
16,4096,390,288,158.9293
16,4096,390,290,149.966
16,4096,390,292,155.3458
16,4096,390,294,156.1262
16,4096,390,296,157.8183
16,4096,390,298,150.7531
16,4096,390,300,150.6246
16,4096,390,302,153.6401
16,4096,390,304,158.5344
16,4096,390,306,146.8567
16,4096,390,308,153.3389
16,4096,390,310,135.7533
16,4096,390,312,149.4565
16,4096,390,314,140.106
16,4096,390,316,153.6248
16,4096,390,318,137.297
16,4096,390,320,149.0315
16,4096,390,322,146.8108
16,4096,390,324,138.4529
16,4096,390,326,145.3231
16,4096,390,328,135.045
16,4096,390,330,145.074
16,4096,390,332,136.2759
16,4096,390,334,144.0251
16,4096,390,336,132.9525
16,4096,390,338,140.0466
16,4096,390,340,143.174
16,4096,390,342,135.1574
16,4096,390,344,141.2315
16,4096,390,346,141.7627
16,4096,390,348,137.5725
16,4096,390,350,135.4781
16,4096,390,352,128.19
16,4096,390,354,135.243
16,4096,390,356,129.748
16,4096,390,358,131.4706
16,4096,390,360,129.7907
16,4096,390,362,131.2028
16,4096,390,364,131.025
16,4096,390,366,126.6142
16,4096,390,368,126.1524
16,4096,390,370,130.2681
16,4096,390,372,130.0264
16,4096,390,374,123.2362
16,4096,390,376,125.4996
16,4096,390,378,131.5719
16,4096,390,380,130.8447
16,4096,390,382,126.0628
16,4096,390,384,120.2822
16,4096,390,386,126.7886
16,4096,390,388,124.507
16,4096,392,2,67.3223
16,4096,392,4,113.0713
16,4096,392,6,139.1343
16,4096,392,8,174.6525
16,4096,392,10,162.7255
16,4096,392,12,190.0423
16,4096,392,14,219.4549
16,4096,392,16,225.4052
16,4096,392,18,198.7302
16,4096,392,20,213.192
16,4096,392,22,204.6978
16,4096,392,24,236.9971
16,4096,392,26,223.0883
16,4096,392,28,217.4591
16,4096,392,30,203.3304
16,4096,392,32,211.2645
16,4096,392,34,228.8109
16,4096,392,36,223.5646
16,4096,392,38,221.0043
16,4096,392,40,235.5664
16,4096,392,42,205.767
16,4096,392,44,228.7665
16,4096,392,46,231.405
16,4096,392,48,174.1628
16,4096,392,50,191.0714
16,4096,392,52,193.1346
16,4096,392,54,194.9444
16,4096,392,56,166.9176
16,4096,392,58,152.8737
16,4096,392,60,138.5695
16,4096,392,62,163.8619
16,4096,392,64,147.4269
16,4096,392,66,146.7432
16,4096,392,68,164.9415
16,4096,392,70,169.8995
16,4096,392,72,169.6733
16,4096,392,74,156.5913
16,4096,392,76,134.5432
16,4096,392,78,164.3565
16,4096,392,80,157.4185
16,4096,392,82,172.7648
16,4096,392,84,167.0057
16,4096,392,86,168.3616
16,4096,392,88,147.9797
16,4096,392,90,159.2567
16,4096,392,92,168.0599
16,4096,392,94,173.3541
16,4096,392,96,173.7318
16,4096,392,98,170.6978
16,4096,392,100,179.491
16,4096,392,102,155.9239
16,4096,392,104,168.3142
16,4096,392,106,167.244
16,4096,392,108,162.5827
16,4096,392,110,153.8822
16,4096,392,112,172.9437
16,4096,392,114,165.4753
16,4096,392,116,178.0009
16,4096,392,118,145.892
16,4096,392,120,173.1798
16,4096,392,122,146.8457
16,4096,392,124,169.6405
16,4096,392,126,154.1902
16,4096,392,128,170.4832
16,4096,392,130,152.7707
16,4096,392,132,162.928
16,4096,392,134,159.1996
16,4096,392,136,178.6818
16,4096,392,138,177.0544
16,4096,392,140,141.5587
16,4096,392,142,172.7055
16,4096,392,144,157.0368
16,4096,392,146,158.3817
16,4096,392,148,176.0238
16,4096,392,150,170.5655
16,4096,392,152,172.6849
16,4096,392,154,171.2818
16,4096,392,156,148.2419
16,4096,392,158,170.3984
16,4096,392,160,139.8814
16,4096,392,162,171.6181
16,4096,392,164,147.3627
16,4096,392,166,173.9329
16,4096,392,168,168.7008
16,4096,392,170,167.3894
16,4096,392,172,157.0474
16,4096,392,174,166.915
16,4096,392,176,152.4932
16,4096,392,178,167.0042
16,4096,392,180,153.8844
16,4096,392,182,164.1181
16,4096,392,184,161.0963
16,4096,392,186,172.1842
16,4096,392,188,138.5443
16,4096,392,190,162.1094
16,4096,392,192,139.7649
16,4096,392,194,151.2012
16,4096,392,196,169.3995
16,4096,392,198,169.8303
16,4096,392,200,155.7525
16,4096,392,202,175.8442
16,4096,392,204,177.4743
16,4096,392,206,153.1915
16,4096,392,208,177.273
16,4096,392,210,154.7164
16,4096,392,212,170.305
16,4096,392,214,175.3664
16,4096,392,216,174.6879
16,4096,392,218,151.5146
16,4096,392,220,160.1077
16,4096,392,222,162.3002
16,4096,392,224,174.9768
16,4096,392,226,150.2893
16,4096,392,228,160.5022
16,4096,392,230,170.6287
16,4096,392,232,163.9485
16,4096,392,234,167.486
16,4096,392,236,150.9143
16,4096,392,238,158.0156
16,4096,392,240,138.0772
16,4096,392,242,152.1971
16,4096,392,244,146.8028
16,4096,392,246,163.0444
16,4096,392,248,163.067
16,4096,392,250,162.8652
16,4096,392,252,143.6192
16,4096,392,254,164.1656
16,4096,392,256,141.0062
16,4096,392,258,168.0732
16,4096,392,260,160.4602
16,4096,392,262,164.6445
16,4096,392,264,142.142
16,4096,392,266,147.8009
16,4096,392,268,160.7972
16,4096,392,270,164.5138
16,4096,392,272,142.5331
16,4096,392,274,152.7342
16,4096,392,276,129.8318
16,4096,392,278,162.9521
16,4096,392,280,140.68
16,4096,392,282,161.8882
16,4096,392,284,164.4903
16,4096,392,286,159.5984
16,4096,392,288,149.0305
16,4096,392,290,161.5331
16,4096,392,292,147.9945
16,4096,392,294,165.4144
16,4096,392,296,141.0978
16,4096,392,298,155.275
16,4096,392,300,137.929
16,4096,392,302,152.0105
16,4096,392,304,147.0116
16,4096,392,306,151.6826
16,4096,392,308,155.7942
16,4096,392,310,139.2842
16,4096,392,312,155.4059
16,4096,392,314,148.0567
16,4096,392,316,141.884
16,4096,392,318,145.4275
16,4096,392,320,148.3134
16,4096,392,322,139.6886
16,4096,392,324,143.9764
16,4096,392,326,137.9489
16,4096,392,328,149.5297
16,4096,392,330,147.6797
16,4096,392,332,135.7198
16,4096,392,334,140.4142
16,4096,392,336,145.0965
16,4096,392,338,147.7049
16,4096,392,340,140.016
16,4096,392,342,142.1561
16,4096,392,344,131.7592
16,4096,392,346,142.6869
16,4096,392,348,136.7042
16,4096,392,350,137.9262
16,4096,392,352,132.6656
16,4096,392,354,143.978
16,4096,392,356,135.0197
16,4096,392,358,133.3616
16,4096,392,360,136.4588
16,4096,392,362,133.954
16,4096,392,364,134.4401
16,4096,392,366,123.3656
16,4096,392,368,133.4641
16,4096,392,370,125.7004
16,4096,392,372,130.3131
16,4096,392,374,123.4975
16,4096,392,376,125.5264
16,4096,392,378,128.4683
16,4096,392,380,127.6502
16,4096,392,382,124.4394
16,4096,392,384,116.2332
16,4096,392,386,124.9759
16,4096,392,388,125.9104
16,4096,392,390,125.3777
16,4096,394,2,66.933
16,4096,394,4,114.9056
16,4096,394,6,136.6865
16,4096,394,8,174.1532
16,4096,394,10,177.1816
16,4096,394,12,206.7879
16,4096,394,14,203.258
16,4096,394,16,211.7036
16,4096,394,18,219.7616
16,4096,394,20,227.8761
16,4096,394,22,221.3756
16,4096,394,24,220.2136
16,4096,394,26,188.7696
16,4096,394,28,233.2879
16,4096,394,30,221.0251
16,4096,394,32,234.4644
16,4096,394,34,200.7489
16,4096,394,36,210.7237
16,4096,394,38,229.1133
16,4096,394,40,228.0145
16,4096,394,42,231.1093
16,4096,394,44,223.0055
16,4096,394,46,176.0476
16,4096,394,48,189.3067
16,4096,394,50,193.8854
16,4096,394,52,195.0983
16,4096,394,54,192.5084
16,4096,394,56,143.7817
16,4096,394,58,169.4787
16,4096,394,60,160.3024
16,4096,394,62,165.0149
16,4096,394,64,168.2727
16,4096,394,66,158.6011
16,4096,394,68,172.6254
16,4096,394,70,165.2842
16,4096,394,72,172.2588
16,4096,394,74,169.3997
16,4096,394,76,164.6124
16,4096,394,78,154.6239
16,4096,394,80,167.9838
16,4096,394,82,147.4103
16,4096,394,84,174.679
16,4096,394,86,171.7092
16,4096,394,88,173.0917
16,4096,394,90,157.307
16,4096,394,92,168.6962
16,4096,394,94,149.4651
16,4096,394,96,160.4739
16,4096,394,98,144.9299
16,4096,394,100,174.7445
16,4096,394,102,172.5789
16,4096,394,104,172.3079
16,4096,394,106,155.28
16,4096,394,108,169.5744
16,4096,394,110,164.3814
16,4096,394,112,174.1119
16,4096,394,114,155.8748
16,4096,394,116,164.9527
16,4096,394,118,177.0311
16,4096,394,120,135.9659
16,4096,394,122,170.8813
16,4096,394,124,133.5226
16,4096,394,126,174.2522
16,4096,394,128,143.1826
16,4096,394,130,147.2669
16,4096,394,132,167.565
16,4096,394,134,166.5267
16,4096,394,136,153.9722
16,4096,394,138,178.5524
16,4096,394,140,157.1654
16,4096,394,142,160.6786
16,4096,394,144,179.8223
16,4096,394,146,162.9769
16,4096,394,148,166.7206
16,4096,394,150,145.5808
16,4096,394,152,152.4516
16,4096,394,154,153.2353
16,4096,394,156,177.2852
16,4096,394,158,166.8205
16,4096,394,160,173.0244
16,4096,394,162,171.6345
16,4096,394,164,163.6829
16,4096,394,166,168.6256
16,4096,394,168,158.9859
16,4096,394,170,164.9356
16,4096,394,172,147.9659
16,4096,394,174,173.9587
16,4096,394,176,149.8472
16,4096,394,178,165.3212
16,4096,394,180,134.8735
16,4096,394,182,165.0556
16,4096,394,184,153.8531
16,4096,394,186,167.3817
16,4096,394,188,146.9189
16,4096,394,190,168.3345
16,4096,394,192,148.6354
16,4096,394,194,162.7576
16,4096,394,196,153.3212
16,4096,394,198,171.2765
16,4096,394,200,169.4781
16,4096,394,202,176.8626
16,4096,394,204,162.8122
16,4096,394,206,172.0168
16,4096,394,208,145.9248
16,4096,394,210,169.0304
16,4096,394,212,148.4287
16,4096,394,214,175.8503
16,4096,394,216,171.2538
16,4096,394,218,145.4703
16,4096,394,220,166.4098
16,4096,394,222,147.8809
16,4096,394,224,171.3971
16,4096,394,226,144.8482
16,4096,394,228,168.6971
16,4096,394,230,162.2148
16,4096,394,232,152.4681
16,4096,394,234,149.0831
16,4096,394,236,169.2209
16,4096,394,238,154.7388
16,4096,394,240,170.7495
16,4096,394,242,159.8082
16,4096,394,244,159.6776
16,4096,394,246,155.8999
16,4096,394,248,164.6527
16,4096,394,250,132.6212
16,4096,394,252,168.0787
16,4096,394,254,164.4701
16,4096,394,256,140.6207
16,4096,394,258,167.026
16,4096,394,260,148.9053
16,4096,394,262,164.674
16,4096,394,264,153.1867
16,4096,394,266,166.882
16,4096,394,268,153.1666
16,4096,394,270,169.6753
16,4096,394,272,146.6917
16,4096,394,274,165.9793
16,4096,394,276,157.519
16,4096,394,278,160.3381
16,4096,394,280,158.1842
16,4096,394,282,162.5164
16,4096,394,284,147.4274
16,4096,394,286,166.1694
16,4096,394,288,158.7597
16,4096,394,290,160.5864
16,4096,394,292,160.0868
16,4096,394,294,158.0251
16,4096,394,296,159.5739
16,4096,394,298,156.8136
16,4096,394,300,154.9467
16,4096,394,302,156.0086
16,4096,394,304,153.4077
16,4096,394,306,156.5858
16,4096,394,308,146.221
16,4096,394,310,154.4112
16,4096,394,312,137.0362
16,4096,394,314,154.835
16,4096,394,316,139.0227
16,4096,394,318,149.2348
16,4096,394,320,135.4793
16,4096,394,322,147.014
16,4096,394,324,133.2357
16,4096,394,326,150.162
16,4096,394,328,147.6613
16,4096,394,330,147.0471
16,4096,394,332,143.6019
16,4096,394,334,136.0819
16,4096,394,336,147.4273
16,4096,394,338,140.4412
16,4096,394,340,145.6379
16,4096,394,342,136.8603
16,4096,394,344,138.6291
16,4096,394,346,138.7434
16,4096,394,348,136.8993
16,4096,394,350,125.2687
16,4096,394,352,142.1017
16,4096,394,354,128.4774
16,4096,394,356,140.37
16,4096,394,358,139.7972
16,4096,394,360,136.6145
16,4096,394,362,131.6647
16,4096,394,364,128.8572
16,4096,394,366,135.9761
16,4096,394,368,125.4322
16,4096,394,370,125.0058
16,4096,394,372,129.3055
16,4096,394,374,130.2394
16,4096,394,376,116.6495
16,4096,394,378,127.046
16,4096,394,380,127.6418
16,4096,394,382,129.3972
16,4096,394,384,125.6121
16,4096,394,386,129.4346
16,4096,394,388,113.7413
16,4096,394,390,127.4474
16,4096,394,392,123.6962
16,4096,396,2,65.0729
16,4096,396,4,113.5326
16,4096,396,6,139.1463
16,4096,396,8,175.6515
16,4096,396,10,182.8987
16,4096,396,12,182.6036
16,4096,396,14,197.038
16,4096,396,16,208.1367
16,4096,396,18,220.1805
16,4096,396,20,208.0096
16,4096,396,22,222.0969
16,4096,396,24,204.2255
16,4096,396,26,225.2827
16,4096,396,28,212.8715
16,4096,396,30,229.3454
16,4096,396,32,222.6626
16,4096,396,34,225.315
16,4096,396,36,223.5594
16,4096,396,38,213.7792
16,4096,396,40,222.346
16,4096,396,42,209.7905
16,4096,396,44,226.2277
16,4096,396,46,210.8505
16,4096,396,48,194.0943
16,4096,396,50,201.9214
16,4096,396,52,168.9614
16,4096,396,54,187.2245
16,4096,396,56,158.8547
16,4096,396,58,149.628
16,4096,396,60,158.1639
16,4096,396,62,160.8695
16,4096,396,64,159.6607
16,4096,396,66,170.6094
16,4096,396,68,143.7652
16,4096,396,70,172.2349
16,4096,396,72,166.2912
16,4096,396,74,151.2222
16,4096,396,76,147.5312
16,4096,396,78,165.9592
16,4096,396,80,157.8293
16,4096,396,82,158.4186
16,4096,396,84,167.3612
16,4096,396,86,162.7616
16,4096,396,88,154.7079
16,4096,396,90,161.8798
16,4096,396,92,164.4061
16,4096,396,94,150.3018
16,4096,396,96,169.338
16,4096,396,98,150.5379
16,4096,396,100,170.8598
16,4096,396,102,155.2495
16,4096,396,104,162.4551
16,4096,396,106,160.2337
16,4096,396,108,168.5529
16,4096,396,110,144.9201
16,4096,396,112,165.3931
16,4096,396,114,158.4737
16,4096,396,116,171.0015
16,4096,396,118,157.0115
16,4096,396,120,167.5207
16,4096,396,122,170.5115
16,4096,396,124,166.0759
16,4096,396,126,153.2827
16,4096,396,128,155.6192
16,4096,396,130,160.5405
16,4096,396,132,160.0306
16,4096,396,134,177.7308
16,4096,396,136,158.2615
16,4096,396,138,163.1774
16,4096,396,140,145.4852
16,4096,396,142,177.6572
16,4096,396,144,134.4513
16,4096,396,146,169.3625
16,4096,396,148,174.9807
16,4096,396,150,143.9715
16,4096,396,152,164.1971
16,4096,396,154,147.978
16,4096,396,156,165.6128
16,4096,396,158,167.1449
16,4096,396,160,173.2097
16,4096,396,162,168.0358
16,4096,396,164,152.7641
16,4096,396,166,169.0427
16,4096,396,168,161.6957
16,4096,396,170,167.7426
16,4096,396,172,159.8335
16,4096,396,174,174.349
16,4096,396,176,143.8463
16,4096,396,178,165.9
16,4096,396,180,165.7985
16,4096,396,182,146.2236
16,4096,396,184,161.135
16,4096,396,186,163.6633
16,4096,396,188,162.7374
16,4096,396,190,158.4303
16,4096,396,192,165.107
16,4096,396,194,156.7491
16,4096,396,196,159.3245
16,4096,396,198,175.0421
16,4096,396,200,160.4024
16,4096,396,202,161.8719
16,4096,396,204,171.0286
16,4096,396,206,150.0395
16,4096,396,208,168.4634
16,4096,396,210,153.2638
16,4096,396,212,159.7176
16,4096,396,214,166.6255
16,4096,396,216,172.0105
16,4096,396,218,146.8359
16,4096,396,220,144.9439
16,4096,396,222,147.5459
16,4096,396,224,158.875
16,4096,396,226,160.8557
16,4096,396,228,161.1628
16,4096,396,230,151.8566
16,4096,396,232,145.4462
16,4096,396,234,164.3346
16,4096,396,236,161.2454
16,4096,396,238,168.6642
16,4096,396,240,134.9443
16,4096,396,242,161.5983
16,4096,396,244,154.2881
16,4096,396,246,164.3003
16,4096,396,248,149.1823
16,4096,396,250,164.8213
16,4096,396,252,150.1117
16,4096,396,254,164.4135
16,4096,396,256,153.7144
16,4096,396,258,168.4898
16,4096,396,260,144.5853
16,4096,396,262,166.7286
16,4096,396,264,155.3483
16,4096,396,266,161.9428
16,4096,396,268,128.9008
16,4096,396,270,170.744
16,4096,396,272,147.6754
16,4096,396,274,143.6425
16,4096,396,276,145.8427
16,4096,396,278,162.1126
16,4096,396,280,157.9124
16,4096,396,282,162.9204
16,4096,396,284,140.2342
16,4096,396,286,157.7801
16,4096,396,288,149.1615
16,4096,396,290,160.917
16,4096,396,292,160.1048
16,4096,396,294,159.2044
16,4096,396,296,151.6562
16,4096,396,298,149.4788
16,4096,396,300,154.2685
16,4096,396,302,149.5286
16,4096,396,304,151.1772
16,4096,396,306,154.771
16,4096,396,308,145.9595
16,4096,396,310,149.3709
16,4096,396,312,144.7363
16,4096,396,314,150.5045
16,4096,396,316,142.0378
16,4096,396,318,142.3587
16,4096,396,320,138.5488
16,4096,396,322,153.0069
16,4096,396,324,138.5715
16,4096,396,326,150.257
16,4096,396,328,149.9085
16,4096,396,330,147.4535
16,4096,396,332,128.9407
16,4096,396,334,140.5248
16,4096,396,336,143.3746
16,4096,396,338,134.7631
16,4096,396,340,128.2636
16,4096,396,342,144.2856
16,4096,396,344,138.2319
16,4096,396,346,140.148
16,4096,396,348,140.1771
16,4096,396,350,133.8193
16,4096,396,352,135.2791
16,4096,396,354,134.7132
16,4096,396,356,138.7254
16,4096,396,358,140.0111
16,4096,396,360,129.0586
16,4096,396,362,131.456
16,4096,396,364,124.214
16,4096,396,366,136.1245
16,4096,396,368,128.8899
16,4096,396,370,117.2464
16,4096,396,372,136.8924
16,4096,396,374,129.1729
16,4096,396,376,127.6494
16,4096,396,378,123.7443
16,4096,396,380,126.8834
16,4096,396,382,127.9832
16,4096,396,384,117.2493
16,4096,396,386,126.0484
16,4096,396,388,125.8053
16,4096,396,390,126.2835
16,4096,396,392,123.8436
16,4096,396,394,122.4212
16,4096,398,2,64.8013
16,4096,398,4,108.4952
16,4096,398,6,131.8783
16,4096,398,8,166.9461
16,4096,398,10,178.6393
16,4096,398,12,180.2036
16,4096,398,14,196.4982
16,4096,398,16,205.3446
16,4096,398,18,203.7019
16,4096,398,20,214.1413
16,4096,398,22,221.4784
16,4096,398,24,224.7826
16,4096,398,26,213.3646
16,4096,398,28,218.7375
16,4096,398,30,203.1069
16,4096,398,32,220.6863
16,4096,398,34,220.4303
16,4096,398,36,217.1445
16,4096,398,38,221.7815
16,4096,398,40,226.2868
16,4096,398,42,193.8586
16,4096,398,44,201.2067
16,4096,398,46,195.5661
16,4096,398,48,186.9233
16,4096,398,50,187.2529
16,4096,398,52,186.1241
16,4096,398,54,175.1705
16,4096,398,56,161.6839
16,4096,398,58,167.0298
16,4096,398,60,163.1499
16,4096,398,62,158.0552
16,4096,398,64,155.1554
16,4096,398,66,149.2269
16,4096,398,68,165.7152
16,4096,398,70,146.9212
16,4096,398,72,168.0615
16,4096,398,74,143.5754
16,4096,398,76,145.0556
16,4096,398,78,158.1973
16,4096,398,80,166.7755
16,4096,398,82,150.63
16,4096,398,84,156.948
16,4096,398,86,165.6984
16,4096,398,88,173.2758
16,4096,398,90,158.4242
16,4096,398,92,144.2242
16,4096,398,94,165.5946
16,4096,398,96,166.711
16,4096,398,98,160.6047
16,4096,398,100,160.5912
16,4096,398,102,165.1829
16,4096,398,104,154.1204
16,4096,398,106,171.1928
16,4096,398,108,148.2891
16,4096,398,110,159.9037
16,4096,398,112,173.6881
16,4096,398,114,160.0191
16,4096,398,116,174.5543
16,4096,398,118,159.4906
16,4096,398,120,161.4891
16,4096,398,122,156.4467
16,4096,398,124,170.1463
16,4096,398,126,147.448
16,4096,398,128,167.8991
16,4096,398,130,162.2155
16,4096,398,132,170.2966
16,4096,398,134,171.1607
16,4096,398,136,170.8276
16,4096,398,138,149.26
16,4096,398,140,178.0859
16,4096,398,142,179.7316
16,4096,398,144,174.6402
16,4096,398,146,162.701
16,4096,398,148,177.963
16,4096,398,150,149.524
16,4096,398,152,165.3239
16,4096,398,154,158.2668
16,4096,398,156,159.3831
16,4096,398,158,158.8924
16,4096,398,160,157.2016
16,4096,398,162,169.4001
16,4096,398,164,163.6311
16,4096,398,166,169.4235
16,4096,398,168,168.5209
16,4096,398,170,145.7894
16,4096,398,172,164.844
16,4096,398,174,158.8708
16,4096,398,176,155.1743
16,4096,398,178,155.6256
16,4096,398,180,166.7939
16,4096,398,182,156.9479
16,4096,398,184,151.1272
16,4096,398,186,174.7065
16,4096,398,188,135.7111
16,4096,398,190,165.5202
16,4096,398,192,166.81
16,4096,398,194,149.4155
16,4096,398,196,144.114
16,4096,398,198,168.7277
16,4096,398,200,155.0929
16,4096,398,202,157.4924
16,4096,398,204,154.0938
16,4096,398,206,172.341
16,4096,398,208,150.2797
16,4096,398,210,161.3426
16,4096,398,212,145.4127
16,4096,398,214,173.2134
16,4096,398,216,170.3701
16,4096,398,218,160.3423
16,4096,398,220,170.4553
16,4096,398,222,166.9222
16,4096,398,224,167.1215
16,4096,398,226,162.3662
16,4096,398,228,167.0103
16,4096,398,230,155.7128
16,4096,398,232,162.8525
16,4096,398,234,157.3946
16,4096,398,236,165.2066
16,4096,398,238,154.6979
16,4096,398,240,167.55
16,4096,398,242,173.7148
16,4096,398,244,147.9613
16,4096,398,246,171.7641
16,4096,398,248,154.0444
16,4096,398,250,148.472
16,4096,398,252,154.5267
16,4096,398,254,165.2741
16,4096,398,256,145.1244
16,4096,398,258,145.4698
16,4096,398,260,164.1776
16,4096,398,262,162.6168
16,4096,398,264,148.9169
16,4096,398,266,162.8836
16,4096,398,268,153.9439
16,4096,398,270,165.2245
16,4096,398,272,159.4546
16,4096,398,274,164.4899
16,4096,398,276,152.5899
16,4096,398,278,158.9097
16,4096,398,280,139.0402
16,4096,398,282,161.5601
16,4096,398,284,150.0886
16,4096,398,286,163.3865
16,4096,398,288,147.0578
16,4096,398,290,161.388
16,4096,398,292,159.3999
16,4096,398,294,156.4617
16,4096,398,296,138.792
16,4096,398,298,155.5586
16,4096,398,300,145.7158
16,4096,398,302,152.0066
16,4096,398,304,145.6635
16,4096,398,306,158.0381
16,4096,398,308,153.9131
16,4096,398,310,157.8397
16,4096,398,312,144.5601
16,4096,398,314,148.7868
16,4096,398,316,151.1022
16,4096,398,318,133.178
16,4096,398,320,138.1341
16,4096,398,322,147.1003
16,4096,398,324,149.5902
16,4096,398,326,133.3157
16,4096,398,328,145.7384
16,4096,398,330,142.2393
16,4096,398,332,142.719
16,4096,398,334,138.4553
16,4096,398,336,149.2831
16,4096,398,338,145.5549
16,4096,398,340,141.1719
16,4096,398,342,144.1435
16,4096,398,344,141.2703
16,4096,398,346,127.3932
16,4096,398,348,135.9044
16,4096,398,350,142.9523
16,4096,398,352,134.4471
16,4096,398,354,130.0685
16,4096,398,356,139.9291
16,4096,398,358,137.726
16,4096,398,360,125.9108
16,4096,398,362,136.4333
16,4096,398,364,131.5947
16,4096,398,366,133.0627
16,4096,398,368,125.2226
16,4096,398,370,125.9491
16,4096,398,372,136.6206
16,4096,398,374,121.2116
16,4096,398,376,135.1215
16,4096,398,378,127.9007
16,4096,398,380,125.1387
16,4096,398,382,123.6167
16,4096,398,384,127.7251
16,4096,398,386,125.1297
16,4096,398,388,107.6962
16,4096,398,390,122.0756
16,4096,398,392,124.4602
16,4096,398,394,121.029
16,4096,398,396,123.4281
16,4096,400,2,62.0692
16,4096,400,4,105.4019
16,4096,400,6,127.9022
16,4096,400,8,159.6947
16,4096,400,10,167.1767
16,4096,400,12,184.6354
16,4096,400,14,194.5421
16,4096,400,16,201.3223
16,4096,400,18,203.9707
16,4096,400,20,202.2036
16,4096,400,22,194.068
16,4096,400,24,221.2826
16,4096,400,26,200.9812
16,4096,400,28,215.8832
16,4096,400,30,216.7468
16,4096,400,32,225.5972
16,4096,400,34,225.1355
16,4096,400,36,214.9514
16,4096,400,38,195.6753
16,4096,400,40,197.7608
16,4096,400,42,183.9651
16,4096,400,44,204.1797
16,4096,400,46,220.6295
16,4096,400,48,166.6281
16,4096,400,50,176.2467
16,4096,400,52,186.7503
16,4096,400,54,178.2341
16,4096,400,56,151.9043
16,4096,400,58,148.2077
16,4096,400,60,160.4784
16,4096,400,62,149.7359
16,4096,400,64,157.5432
16,4096,400,66,150.4937
16,4096,400,68,165.863
16,4096,400,70,146.7364
16,4096,400,72,167.3208
16,4096,400,74,143.3793
16,4096,400,76,159.4305
16,4096,400,78,153.4481
16,4096,400,80,161.62
16,4096,400,82,158.8948
16,4096,400,84,168.6914
16,4096,400,86,149.5541
16,4096,400,88,152.879
16,4096,400,90,136.0789
16,4096,400,92,163.6104
16,4096,400,94,158.4183
16,4096,400,96,167.8442
16,4096,400,98,153.8129
16,4096,400,100,172.6745
16,4096,400,102,155.5873
16,4096,400,104,168.9949
16,4096,400,106,167.0471
16,4096,400,108,167.0778
16,4096,400,110,151.9867
16,4096,400,112,164.5146
16,4096,400,114,155.3014
16,4096,400,116,166.5123
16,4096,400,118,149.3001
16,4096,400,120,169.9504
16,4096,400,122,130.4582
16,4096,400,124,180.0887
16,4096,400,126,142.3569
16,4096,400,128,161.918
16,4096,400,130,156.0763
16,4096,400,132,159.8144
16,4096,400,134,155.5916
16,4096,400,136,170.6628
16,4096,400,138,152.349
16,4096,400,140,175.3071
16,4096,400,142,177.4329
16,4096,400,144,168.967
16,4096,400,146,171.6496
16,4096,400,148,174.9772
16,4096,400,150,164.3407
16,4096,400,152,172.0711
16,4096,400,154,161.1297
16,4096,400,156,176.1124
16,4096,400,158,167.5578
16,4096,400,160,141.913
16,4096,400,162,156.2062
16,4096,400,164,169.7332
16,4096,400,166,157.4302
16,4096,400,168,166.4332
16,4096,400,170,155.3231
16,4096,400,172,152.1115
16,4096,400,174,150.5882
16,4096,400,176,172.3387
16,4096,400,178,132.0807
16,4096,400,180,154.3047
16,4096,400,182,143.162
16,4096,400,184,164.6761
16,4096,400,186,158.8734
16,4096,400,188,158.8233
16,4096,400,190,155.355
16,4096,400,192,164.4702
16,4096,400,194,135.2659
16,4096,400,196,154.6281
16,4096,400,198,149.8405
16,4096,400,200,167.1869
16,4096,400,202,156.9409
16,4096,400,204,166.473
16,4096,400,206,153.2252
16,4096,400,208,162.3161
16,4096,400,210,166.7469
16,4096,400,212,173.0589
16,4096,400,214,141.5403
16,4096,400,216,148.8839
16,4096,400,218,159.5456
16,4096,400,220,169.9458
16,4096,400,222,150.9856
16,4096,400,224,139.9535
16,4096,400,226,157.6154
16,4096,400,228,147.4546
16,4096,400,230,165.2995
16,4096,400,232,150.9769
16,4096,400,234,162.7633
16,4096,400,236,134.8508
16,4096,400,238,163.9853
16,4096,400,240,146.2823
16,4096,400,242,162.9704
16,4096,400,244,148.7553
16,4096,400,246,168.9835
16,4096,400,248,158.427
16,4096,400,250,156.3675
16,4096,400,252,137.7985
16,4096,400,254,160.8905
16,4096,400,256,142.514
16,4096,400,258,160.9459
16,4096,400,260,139.4346
16,4096,400,262,150.2872
16,4096,400,264,136.2355
16,4096,400,266,160.917
16,4096,400,268,147.3855
16,4096,400,270,167.1592
16,4096,400,272,139.7357
16,4096,400,274,158.2373
16,4096,400,276,146.8932
16,4096,400,278,156.4025
16,4096,400,280,151.2472
16,4096,400,282,157.9269
16,4096,400,284,146.9609
16,4096,400,286,159.4521
16,4096,400,288,157.3441
16,4096,400,290,156.1265
16,4096,400,292,139.0035
16,4096,400,294,159.7489
16,4096,400,296,131.192
16,4096,400,298,147.9648
16,4096,400,300,133.2628
16,4096,400,302,156.0395
16,4096,400,304,135.7026
16,4096,400,306,157.5657
16,4096,400,308,139.9255
16,4096,400,310,150.2109
16,4096,400,312,143.6234
16,4096,400,314,149.391
16,4096,400,316,147.3678
16,4096,400,318,146.7826
16,4096,400,320,146.9978
16,4096,400,322,141.1212
16,4096,400,324,143.0604
16,4096,400,326,145.8972
16,4096,400,328,143.5922
16,4096,400,330,143.9319
16,4096,400,332,133.5704
16,4096,400,334,145.3474
16,4096,400,336,143.7757
16,4096,400,338,147.5501
16,4096,400,340,134.8312
16,4096,400,342,141.6818
16,4096,400,344,138.0432
16,4096,400,346,139.4967
16,4096,400,348,125.0442
16,4096,400,350,139.0144
16,4096,400,352,137.4188
16,4096,400,354,137.7549
16,4096,400,356,122.7823
16,4096,400,358,129.9699
16,4096,400,360,131.5098
16,4096,400,362,136.9882
16,4096,400,364,133.3418
16,4096,400,366,131.1838
16,4096,400,368,133.9585
16,4096,400,370,133.2001
16,4096,400,372,127.6038
16,4096,400,374,126.6914
16,4096,400,376,127.3305
16,4096,400,378,117.9804
16,4096,400,380,132.0793
16,4096,400,382,124.9286
16,4096,400,384,126.8459
16,4096,400,386,123.8616
16,4096,400,388,124.0785
16,4096,400,390,126.2038
16,4096,400,392,119.0344
16,4096,400,394,118.7604
16,4096,400,396,119.4334
16,4096,400,398,119.3005
