threads,size,nb,ib,Time_sec,GFlops
1,2048,32,8,1.357e-05,9.658953574060426
1,2048,32,12,1.27319e-05,10.29477140096922
1,2048,32,16,1.14079e-05,11.48958178104647
1,2048,36,8,2.094e-05,8.912320916905445
1,2048,36,12,1.58891e-05,11.745410375666339
1,2048,36,16,1.57295e-05,11.864585651165008
1,2048,40,8,2.24339e-05,11.411301646169415
1,2048,40,12,2.10634e-05,12.153783339821683
1,2048,40,16,1.8557e-05,13.795333297407987
1,2048,40,20,1.63194e-05,15.686851232275695
1,2048,44,8,3.10049e-05,10.989746781960271
1,2048,44,12,2.56019e-05,13.309012221749166
1,2048,44,16,2.28044e-05,14.941677921804564
1,2048,44,20,2.52446e-05,13.497381618247072
1,2048,48,8,3.61943e-05,12.222034961306063
1,2048,48,12,3.05184e-05,14.495124252909719
1,2048,48,16,2.55129e-05,17.338993215197018
1,2048,48,20,2.64166e-05,16.745834058887215
1,2048,48,24,2.44409e-05,18.09949715436011
1,2048,52,8,4.63206e-05,12.142157053233335
1,2048,52,12,4.04601e-05,13.90090484205427
1,2048,52,16,3.40526e-05,16.51656554859247
1,2048,52,20,3.22206e-05,17.45566500934185
1,2048,52,24,3.33618e-05,16.858562787379576
1,2048,56,8,5.10892e-05,13.749755329893599
1,2048,56,12,4.33526e-05,16.203503365426755
1,2048,56,16,4.01763e-05,17.484536903597398
1,2048,56,20,3.63284e-05,19.33649706565662
1,2048,56,24,3.89492e-05,18.03538968707958
1,2048,56,28,3.44524e-05,20.389406833776455
1,2048,60,8,6.21908e-05,13.89273011442207
1,2048,60,12,5.24379e-05,16.476632359419426
1,2048,60,16,4.74853e-05,18.195104590262673
1,2048,60,20,4.53834e-05,19.037797961369133
1,2048,60,24,4.69451e-05,18.404476718549965
1,2048,60,28,4.78231e-05,18.066582885676585
1,2048,64,8,7.35783e-05,14.251158289876226
1,2048,64,12,6.43562e-05,16.293317504762555
1,2048,64,16,5.26103e-05,19.931002104150707
1,2048,64,20,5.28992e-05,19.822152319883855
1,2048,64,24,5.0591e-05,20.72653238718349
1,2048,64,28,5.11508e-05,20.49969892944001
1,2048,64,32,4.56027e-05,22.9937262486651
1,2048,68,8,8.46489e-05,14.858172994569331
1,2048,68,12,7.13011e-05,17.63967175821972
1,2048,68,16,6.81274e-05,18.461412001632237
1,2048,68,20,6.30069e-05,19.96175022100754
1,2048,68,24,6.06385e-05,20.741410160211746
1,2048,68,28,5.98277e-05,21.022502954317147
1,2048,68,32,6.27688e-05,20.037470845388157
1,2048,72,8,9.76356e-05,15.291471553408797
1,2048,72,12,7.97707e-05,18.716044863590266
1,2048,72,16,7.24629e-05,20.603536430366436
1,2048,72,20,6.88044e-05,21.69907738458587
1,2048,72,24,6.48651e-05,23.016876563822457
1,2048,72,28,6.57223e-05,22.716673031832425
1,2048,72,32,6.42939e-05,23.22136314642602
1,2048,72,36,6.21574e-05,24.019537496742142
1,2048,76,8,0.000114751,15.301862293139058
1,2048,76,12,0.000102462,17.13712400694892
1,2048,76,16,8.91199e-05,19.70271510627817
1,2048,76,20,8.33805e-05,21.058928646386146
1,2048,76,24,8.33714e-05,21.061227231400697
1,2048,76,28,8.26545e-05,21.24390081604752
1,2048,76,32,7.77754e-05,22.576598770305264
1,2048,76,36,7.92699e-05,22.150955154478563
1,2048,80,8,0.00013107,15.625238422217137
1,2048,80,12,0.000113029,18.119243733908995
1,2048,80,16,9.12984e-05,22.431937470974297
1,2048,80,20,9.35289e-05,21.896975159549616
1,2048,80,24,9.00344e-05,22.74686119971922
1,2048,80,28,8.65465e-05,23.663579694152855
1,2048,80,32,8.33408e-05,24.573798187682385
1,2048,80,36,8.58618e-05,23.85228355333804
1,2048,80,40,8.47659e-05,24.160658944221673
1,2048,84,8,0.000152916,15.504041434513065
1,2048,84,12,0.0001239,19.13491525423729
1,2048,84,16,0.000119634,19.81724258989919
1,2048,84,20,0.000110485,21.458261302439247
1,2048,84,24,0.000106349,22.292790717355125
1,2048,84,28,0.000100656,23.553648068669524
1,2048,84,32,9.89036e-05,23.970977800605844
1,2048,84,36,0.000103255,22.960786402595517
1,2048,84,40,0.000103301,22.950561950029527
1,2048,88,8,0.000166124,16.40875490597385
1,2048,88,12,0.000141528,19.260414900231755
1,2048,88,16,0.000123521,22.068215121315404
1,2048,88,20,0.000118551,22.993378377238486
1,2048,88,24,0.000112775,24.171030813566837
1,2048,88,28,0.00011813,23.075323795818168
1,2048,88,32,0.000107997,25.240404826059983
1,2048,88,36,0.00010771,25.307659455946524
1,2048,88,40,0.0001073,25.40436160298229
1,2048,88,44,0.000101675,26.809815588886153
1,2048,92,8,0.000196081,15.88502710614491
1,2048,92,12,0.000160772,19.3737217923519
1,2048,92,16,0.000141117,22.072124549132987
1,2048,92,20,0.000135195,23.038958541366174
1,2048,92,24,0.000132506,23.506497818966686
1,2048,92,28,0.00013522,23.034699009022336
1,2048,92,32,0.000124026,25.113701965716867
1,2048,92,36,0.000125151,24.887951354763448
1,2048,92,40,0.000126678,24.587947394180524
1,2048,92,44,0.000129161,24.11526699235837
1,2048,96,8,0.00020676,17.116192687173534
1,2048,96,12,0.000176236,20.080709957102975
1,2048,96,16,0.000149339,23.697386483102207
1,2048,96,20,0.000140402,25.205794789248017
1,2048,96,24,0.000138898,25.478725395614045
1,2048,96,28,0.000141575,24.99695567720289
1,2048,96,32,0.00013496,26.2221695317131
1,2048,96,36,0.000132556,26.697727752798816
1,2048,96,40,0.000132059,26.798203833135194
1,2048,96,44,0.00013602,26.0178209086899
1,2048,96,48,0.000124515,28.42182869533791
1,2048,100,8,0.000241695,16.549783818448873
1,2048,100,12,0.000208713,19.165073569926168
1,2048,100,16,0.000178383,22.423661447559464
1,2048,100,20,0.000166801,23.98067157870756
1,2048,100,24,0.000172891,23.135964278071157
1,2048,100,28,0.000160214,24.966607162919598
1,2048,100,32,0.000161877,24.71011941165206
1,2048,100,36,0.000153694,26.0257394563223
1,2048,100,40,0.000150627,26.555663991183522
1,2048,100,44,0.000154232,25.934955132527623
1,2048,100,48,0.000154213,25.938150480180013
1,2048,104,8,0.000268201,16.776432600922444
1,2048,104,12,0.000228027,19.732119441995902
1,2048,104,16,0.000197351,22.79925614767597
1,2048,104,20,0.000186811,24.085605237378957
1,2048,104,24,0.000187112,24.046859634871094
1,2048,104,28,0.000171073,26.30138011258352
1,2048,104,32,0.000173387,25.950365367645787
1,2048,104,36,0.000160561,28.02334315306955
1,2048,104,40,0.000164934,27.280342440006304
1,2048,104,44,0.000166717,26.988585447194946
1,2048,104,48,0.000165992,27.106462962070463
1,2048,104,52,0.000158827,28.32928910071965
1,2048,108,8,0.000307319,16.3961486273221
1,2048,108,12,0.000250987,20.076131433102116
1,2048,108,16,0.00021935,22.971725552769545
1,2048,108,20,0.000210358,23.953678966333584
1,2048,108,24,0.000210992,23.881701675892927
1,2048,108,28,0.000198213,25.421380030573168
1,2048,108,32,0.000197804,25.473943904066655
1,2048,108,36,0.000184848,27.259413139444302
1,2048,108,40,0.000187611,26.857956089994723
1,2048,108,44,0.000186925,26.95652266951986
1,2048,108,48,0.000186618,27.000868083464617
1,2048,108,52,0.000193805,25.999576894300972
1,2048,112,8,0.000326205,17.227547094618416
1,2048,112,12,0.000289016,19.444293741522962
1,2048,112,16,0.000236003,23.81203628767431
1,2048,112,20,0.000232042,24.218512165901
1,2048,112,24,0.000224112,25.075462268865568
1,2048,112,28,0.0002091,26.875714968914398
1,2048,112,32,0.000204969,27.417375310412798
1,2048,112,36,0.000212325,26.46750029436006
1,2048,112,40,0.000198826,28.264472453300872
1,2048,112,44,0.000200367,28.04709358327469
1,2048,112,48,0.000199179,28.214380030023243
1,2048,112,52,0.000204198,27.52089638488134
1,2048,112,56,0.000192947,29.12567699938325
1,2048,116,8,0.000368869,16.926290905443395
1,2048,116,12,0.000319827,19.52175394822826
1,2048,116,16,0.000281353,22.1912828368633
1,2048,116,20,0.000256346,24.35608123395723
1,2048,116,24,0.000251133,24.861662943539876
1,2048,116,28,0.000255781,24.409881891149066
1,2048,116,32,0.000344465,18.125452513317754
1,2048,116,36,0.000240444,25.966894578363362
1,2048,116,40,0.000227128,27.489274770173644
1,2048,116,44,0.000229008,27.263606511562916
1,2048,116,48,0.000224509,27.80994971248369
1,2048,116,52,0.000228355,27.341569048192508
1,2048,116,56,0.000228224,27.35726303982053
1,2048,120,8,0.000400407,17.262435471907338
1,2048,120,12,0.00032912,21.001458434613514
1,2048,120,16,0.000290347,23.80599765108646
1,2048,120,20,0.00026278,26.303371641677447
1,2048,120,24,0.000259532,26.632553981782596
1,2048,120,28,0.000259762,26.608972828974213
1,2048,120,32,0.000245936,28.104872812439012
1,2048,120,36,0.000248064,27.863777089783284
1,2048,120,40,0.000232959,29.670457033211854
1,2048,120,44,0.000239848,28.818251559320903
1,2048,120,48,0.000237629,29.08735886613166
1,2048,120,52,0.000232816,29.6886811902962
1,2048,120,56,0.000238989,28.92183322244957
1,2048,120,60,0.000224629,30.770737527211534
1,2048,124,8,0.000455629,16.738390225380737
1,2048,124,12,0.00037629,20.267602115389725
1,2048,124,16,0.000324629,23.492959655483645
1,2048,124,20,0.000318222,23.96596087008441
1,2048,124,24,0.000315792,24.150377463646958
1,2048,124,28,0.000295929,25.771370835572043
1,2048,124,32,0.000270965,28.145686712306016
1,2048,124,36,0.000272295,28.00821168218293
1,2048,124,40,0.000279156,27.319835504162544
1,2048,124,44,0.000262785,29.021808702932052
1,2048,124,48,0.000270057,28.24031963622495
1,2048,124,52,0.000267698,28.489178103683997
1,2048,124,56,0.000266793,28.585817468974074
1,2048,124,60,0.000275875,27.644752152242862
1,2048,128,8,0.000527946,15.889140177215095
1,2048,128,12,0.000434545,19.304348226305674
1,2048,128,16,0.00037545,22.342809961379675
1,2048,128,20,0.000347533,24.137586934190423
1,2048,128,24,0.000332165,25.254340463323953
1,2048,128,28,0.000323353,25.942570503443605
1,2048,128,32,0.000297632,28.184496290721427
1,2048,128,36,0.000295043,28.431815023572838
1,2048,128,40,0.000326147,25.72032856350051
1,2048,128,44,0.000281921,29.755172548338006
1,2048,128,48,0.000287097,29.218723985273268
1,2048,128,52,0.000288919,29.03446294636213
1,2048,128,56,0.000289625,28.963687526974535
1,2048,128,60,0.000298276,28.123643873459482
1,2048,128,64,0.000276993,30.284548707007033
1,2048,132,8,0.000543098,16.93961679107638
1,2048,132,12,0.000442896,20.77208193345616
1,2048,132,16,0.000386981,23.77344624154674
1,2048,132,20,0.000367806,25.012838289750576
1,2048,132,24,0.000354046,25.984962406015036
1,2048,132,28,0.000337048,27.2954356649498
1,2048,132,32,0.00034071,27.00206040327551
1,2048,132,36,0.000324472,28.353361769274386
1,2048,132,40,0.000326037,28.217263684796514
1,2048,132,44,0.000312501,29.43949619361218
1,2048,132,48,0.000481765,19.096181748362792
1,2048,132,52,0.000315534,29.156515621137498
1,2048,132,56,0.000315192,29.188151983552885
1,2048,132,60,0.000324756,28.328566677751912
1,2048,132,64,0.000326643,28.164913988666527
1,2048,136,8,0.000577226,17.43134231652767
1,2048,136,12,0.000502862,20.009115821040368
1,2048,136,16,0.000422687,23.804432121167675
1,2048,136,20,0.000387604,25.959030350563975
1,2048,136,24,0.000371339,27.096060473044847
1,2048,136,28,0.000362742,27.738238196845142
1,2048,136,32,0.000358617,28.05729789719952
1,2048,136,36,0.000346814,29.012162138783324
1,2048,136,40,0.000344235,29.229520531032577
1,2048,136,44,0.00035399,28.424034577247944
1,2048,136,48,0.000328152,30.66208342475438
1,2048,136,52,0.000330427,30.450974042678112
1,2048,136,56,0.000338841,29.694824416171596
1,2048,136,60,0.000344151,29.23665484046247
1,2048,136,64,0.00034209,29.412797801748077
1,2048,136,68,0.000316772,31.763615471064362
1,2048,140,8,0.000639726,17.15734548853728
1,2048,140,12,0.000523974,20.947604270440902
1,2048,140,16,0.000452989,24.230168944499756
1,2048,140,20,0.000419429,26.16891059035021
1,2048,140,24,0.000412229,26.625977308728885
1,2048,140,28,0.000395019,27.786005230128175
1,2048,140,32,0.000396875,27.656062992125985
1,2048,140,36,0.000373883,29.356777387578468
1,2048,140,40,0.000378554,28.994542390253436
1,2048,140,44,0.000383758,28.60135814758259
1,2048,140,48,0.000368276,29.80373415590481
1,2048,140,52,0.000364676,30.097949961061328
1,2048,140,56,0.000375237,29.2508467981569
1,2048,140,60,0.000370399,29.63290937610523
1,2048,140,64,0.000381982,28.734338267248194
1,2048,140,68,0.000377213,29.097618586846156
1,2048,144,8,0.000680847,17.54276070835298
1,2048,144,12,0.000565664,21.114895061379194
1,2048,144,16,0.000475352,25.12650835591309
1,2048,144,20,0.000454048,26.305447882162238
1,2048,144,24,0.000426299,28.01774341483325
1,2048,144,28,0.000433091,27.57835189371287
1,2048,144,32,0.000407899,29.2816015729384
1,2048,144,36,0.00039332,30.36696837180921
1,2048,144,40,0.000391573,30.502450373238197
1,2048,144,44,0.000393745,30.334190910360768
1,2048,144,48,0.000373036,32.018185912351626
1,2048,144,52,0.000370242,32.259808449608634
1,2048,144,56,0.000377685,31.624067675443822
1,2048,144,60,0.000385267,31.001710502067397
1,2048,144,64,0.000382582,31.219283709113338
1,2048,144,68,0.000390121,30.615978119609043
1,2048,144,72,0.000367895,32.46561111186616
1,2048,148,8,0.000764024,16.972199826183473
1,2048,148,12,0.000636805,20.362855191149567
1,2048,148,16,0.000544547,23.81276180017519
1,2048,148,20,0.00050563,25.645566916519986
1,2048,148,24,0.00049303,26.300971543313793
1,2048,148,28,0.000481807,26.913614787663942
1,2048,148,32,0.000446199,29.061400854775563
1,2048,148,36,0.000454121,28.554433730217276
1,2048,148,40,0.000436623,29.698774457598432
1,2048,148,44,0.000440891,29.411278524624002
1,2048,148,48,0.000430179,30.14365647788479
1,2048,148,52,0.000420236,30.85687090111271
1,2048,148,56,0.000428389,30.26961009736478
1,2048,148,60,0.000421033,30.798459978196483
1,2048,148,64,0.000417532,31.056704635812345
1,2048,148,68,0.000429829,30.16820177326332
1,2048,148,72,0.000434248,29.861203736113925
1,2048,152,8,0.000834997,16.823092777578843
1,2048,152,12,0.00067499,20.81102238551682
1,2048,152,16,0.00056935,24.672401861772194
1,2048,152,20,0.000539307,26.046819344084163
1,2048,152,24,0.000526774,26.666524923401685
1,2048,152,28,0.000498222,28.194724440109027
1,2048,152,32,0.000476273,29.494075876650577
1,2048,152,36,0.000487398,28.820865083566204
1,2048,152,40,0.000466049,30.141105334417624
1,2048,152,44,0.000457289,30.718499679633666
1,2048,152,48,0.000456296,30.78534986061679
1,2048,152,52,0.000432262,32.49703189269471
1,2048,152,56,0.000439999,31.925599830908705
1,2048,152,60,0.000440497,31.889506625470776
1,2048,152,64,0.000445145,31.556531017982905
1,2048,152,68,0.000458314,30.649799046068857
1,2048,152,72,0.000449619,31.242523114014308
1,2048,152,76,0.00043296,32.444641537324465
1,2048,156,8,0.000905443,16.771529516490823
1,2048,156,12,0.000722651,21.01382825181173
1,2048,156,16,0.000628337,24.168024483676753
1,2048,156,20,0.000577581,26.291834392059297
1,2048,156,24,0.000572926,26.50545445659649
1,2048,156,28,0.000546745,27.77467375101739
1,2048,156,32,0.000515402,29.463727342928433
1,2048,156,36,0.000521952,29.093985653853224
1,2048,156,40,0.000500893,30.317181513816326
1,2048,156,44,0.000506838,29.96157352053319
1,2048,156,48,0.000495485,30.648080163879833
1,2048,156,52,0.000479901,31.643326436077437
1,2048,156,56,0.000488033,31.116059774646384
1,2048,156,60,0.000487353,31.159475780389165
1,2048,156,64,0.000498497,30.46289947582433
1,2048,156,68,0.000492335,30.84416911249454
1,2048,156,72,0.000497133,30.546481525064724
1,2048,156,76,0.000511219,29.704811440889323
1,2048,160,8,0.000930957,17.59909426536349
1,2048,160,12,0.000781676,20.960090881644057
1,2048,160,16,0.000659708,24.83523013211906
1,2048,160,20,0.000607746,26.958630743764665
1,2048,160,24,0.000600444,27.286474675406865
1,2048,160,28,0.000565545,28.970285300020336
1,2048,160,32,0.000542175,30.219025222483516
1,2048,160,36,0.000544816,30.072538251446357
1,2048,160,40,0.000522765,31.34104234216139
1,2048,160,44,0.000523295,31.309299725776093
1,2048,160,48,0.000528328,31.01103859723505
1,2048,160,52,0.000524189,31.255901974287898
1,2048,160,56,0.000513362,31.91510084501775
1,2048,160,60,0.000510099,32.11925528181784
1,2048,160,64,0.000506491,32.34805751731028
1,2048,160,68,0.000510681,32.08265042169182
1,2048,160,72,0.0005234,31.30301872372946
1,2048,160,76,0.000524695,31.22575972707954
1,2048,160,80,0.000497564,32.928427297794855
1,2048,164,8,0.00103184,17.099333229958134
1,2048,164,12,0.000824521,21.398819435769372
1,2048,164,16,0.000721978,24.438107532362483
1,2048,164,20,0.00068719,25.675251386079545
1,2048,164,24,0.000647244,27.259852544017402
1,2048,164,28,0.000620749,28.423365965954034
1,2048,164,32,0.00060989,28.929439735034187
1,2048,164,36,0.000590035,29.90293118204852
1,2048,164,40,0.000592018,29.802769510386504
1,2048,164,44,0.000567763,31.075952466081798
1,2048,164,48,0.000583392,30.243431517744504
1,2048,164,52,0.000577103,30.57301036383453
1,2048,164,56,0.000553564,31.873055328742478
1,2048,164,60,0.000560702,31.46729635349972
1,2048,164,64,0.000551537,31.990194674156044
1,2048,164,68,0.000566285,31.15706049074229
1,2048,164,72,0.000566586,31.14050823705492
1,2048,164,76,0.000575256,30.67117248668419
1,2048,164,80,0.000588946,29.958223674156883
1,2048,168,8,0.00111181,17.059144997796388
1,2048,168,12,0.000880681,21.53620664008875
1,2048,168,16,0.00076853,24.678968940704983
1,2048,168,20,0.000711959,26.639916062582255
1,2048,168,24,0.0006811,27.846906474820145
1,2048,168,28,0.000648714,29.237118360325198
1,2048,168,32,0.000634485,29.89279179176813
1,2048,168,36,0.000608007,31.194588220201414
1,2048,168,40,0.000628421,30.18124473879772
1,2048,168,44,0.000585566,32.390077292738994
1,2048,168,48,0.000579748,32.71512450236999
1,2048,168,52,0.000612547,30.963384034204722
1,2048,168,56,0.000564094,33.6229919126954
1,2048,168,60,0.00056499,33.569670259650614
1,2048,168,64,0.000573812,33.053557611203665
1,2048,168,68,0.000570954,33.21901238978972
1,2048,168,72,0.000584945,32.42446383848054
1,2048,168,76,0.000580982,32.64563790272332
1,2048,168,80,0.000594575,31.899302863389817
1,2048,168,84,0.000556215,34.09927456109598
1,2048,172,8,0.0012617,16.132037726876437
1,2048,172,12,0.000999948,20.354850452223516
1,2048,172,16,0.000846192,24.053396865014086
1,2048,172,20,0.000786161,25.890106479461586
1,2048,172,24,0.000773803,26.30358372867513
1,2048,172,28,0.000749215,27.166823942393037
1,2048,172,32,0.000692427,29.39485606424937
1,2048,172,36,0.000668117,30.464412670235905
1,2048,172,40,0.000672637,30.259697281000005
1,2048,172,44,0.000645734,31.520396943633138
1,2048,172,48,0.000648564,31.382858129652583
1,2048,172,52,0.000644693,31.5712936234766
1,2048,172,56,0.00065829,30.919187592094673
1,2048,172,60,0.000626176,32.50490596892887
1,2048,172,64,0.000635743,32.01575479399695
1,2048,172,68,0.000631645,32.22346729571199
1,2048,172,72,0.00063229,32.190596087238454
1,2048,172,76,0.000637318,31.93663445877882
1,2048,172,80,0.000648943,31.364529704457862
1,2048,172,84,0.000643751,31.61749185632333
1,2048,176,8,0.00125909,17.319734093670824
1,2048,176,12,0.00102193,21.33913673147867
1,2048,176,16,0.000863943,25.241368932904138
1,2048,176,20,0.000797597,27.341005545407018
1,2048,176,24,0.000783639,27.827997330403413
1,2048,176,28,0.000761017,28.655212695642803
1,2048,176,32,0.000707889,30.805824076938617
1,2048,176,36,0.000677876,32.169753760274745
1,2048,176,40,0.000699887,31.15803551144685
1,2048,176,44,0.000668976,32.59773743751644
1,2048,176,48,0.000671645,32.46819971860135
1,2048,176,52,0.0006672,32.68450839328538
1,2048,176,56,0.000676263,32.24648398625978
1,2048,176,60,0.000645921,33.76125563342885
1,2048,176,64,0.000642181,33.95787791915363
1,2048,176,68,0.000658928,33.094820678435276
1,2048,176,72,0.000655108,33.28779987421922
1,2048,176,76,0.000658197,33.13157610867263
1,2048,176,80,0.000659386,33.071833493583426
1,2048,176,84,0.000663333,32.87504767590335
1,2048,176,88,0.000634962,34.343951291573354
1,2048,180,8,0.0013374,17.44279946164199
1,2048,180,12,0.00109021,21.39771236734207
1,2048,180,16,0.000958034,24.349866497431197
1,2048,180,20,0.000865307,26.95921794230256
1,2048,180,24,0.000848339,27.49844107131701
1,2048,180,28,0.000810969,28.765587833813623
1,2048,180,32,0.000758042,30.77402043686234
1,2048,180,36,0.000747127,31.22360723143455
1,2048,180,40,0.000748496,31.16649921976871
1,2048,180,44,0.000749538,31.123171873874306
1,2048,180,48,0.000710209,32.84666907910207
1,2048,180,52,0.000721042,32.353177762183066
1,2048,180,56,0.000724932,32.17956994587079
1,2048,180,60,0.000700651,33.29475016805799
1,2048,180,64,0.000699732,33.33847816020991
1,2048,180,68,0.000701049,33.27584805056422
1,2048,180,72,0.000703056,33.18085614801666
1,2048,180,76,0.000717434,32.51588299411514
1,2048,180,80,0.000709497,32.87963162634937
1,2048,180,84,0.000732024,31.867807612865153
1,2048,180,88,0.000728773,32.00996743842047
1,2048,184,8,0.00142049,17.54184541953833
1,2048,184,12,0.00116267,21.43171837236705
1,2048,184,16,0.000983623,25.332892785142274
1,2048,184,20,0.000923411,26.98475110216361
1,2048,184,24,0.000876102,28.441912014811063
1,2048,184,28,0.000845125,29.484414731548586
1,2048,184,32,0.000794474,31.364167990393646
1,2048,184,36,0.000803475,31.01280811475155
1,2048,184,40,0.000777334,32.055739231784536
1,2048,184,44,0.000793644,31.396968918053936
1,2048,184,48,0.000734924,33.90556846694352
1,2048,184,52,0.000752348,33.12033261203592
1,2048,184,56,0.000751083,33.176115023239774
1,2048,184,60,0.000925513,26.92346406803578
1,2048,184,64,0.00074585,33.408883823825164
1,2048,184,68,0.000732031,34.039563898250215
1,2048,184,72,0.0007287,34.19516399066831
1,2048,184,76,0.000739013,33.71796707229778
1,2048,184,80,0.000743603,33.50983791082069
1,2048,184,84,0.000741998,33.58232232431893
1,2048,184,88,0.000747905,33.31708706319653
1,2048,184,92,0.000717254,34.740853309985035
1,2048,188,8,0.00152595,17.417797437661786
1,2048,188,12,0.00121478,21.87942508108464
1,2048,188,16,0.00109174,24.345254364592304
1,2048,188,20,0.000996373,26.675439820227965
1,2048,188,24,0.000941093,28.242360744368515
1,2048,188,28,0.000916292,29.006788229079813
1,2048,188,32,0.000861557,30.849599039877805
1,2048,188,36,0.000859337,30.92929549175702
1,2048,188,40,0.000833215,31.898955251645734
1,2048,188,44,0.000842554,31.545382254431168
1,2048,188,48,0.000798179,33.2991572065915
1,2048,188,52,0.000809347,32.8396695113468
1,2048,188,56,0.000812986,32.69267613464438
1,2048,188,60,0.000828269,32.089439541984554
1,2048,188,64,0.00079642,33.37270284523242
1,2048,188,68,0.000797641,33.321617118478116
1,2048,188,72,0.000798578,33.282519678728946
1,2048,188,76,0.000798638,33.28001923274375
1,2048,188,80,0.000796778,33.35770816965328
1,2048,188,84,0.000797705,33.31894371979617
1,2048,188,88,0.000814157,32.64565433939645
1,2048,188,92,0.000826049,32.175679650965016
1,2048,192,8,0.00166896,16.963589301121658
1,2048,192,12,0.00131453,21.537395114603697
1,2048,192,16,0.00113506,24.942780117350623
1,2048,192,20,0.00106152,26.67076644811214
1,2048,192,24,0.000979128,28.915067284359147
1,2048,192,28,0.000951729,29.747493246501893
1,2048,192,32,0.000888529,31.863396692735975
1,2048,192,36,0.00090018,31.450989802039594
1,2048,192,40,0.000863216,32.797760931215365
1,2048,192,44,0.000875508,32.33728532463439
1,2048,192,48,0.000825209,34.30834128081492
1,2048,192,52,0.000839441,33.72667286920701
1,2048,192,56,0.000842628,33.59911135162847
1,2048,192,60,0.000844749,33.514750535366126
1,2048,192,64,0.000836052,33.8633864879218
1,2048,192,68,0.000813688,34.79411273116968
1,2048,192,72,0.000815832,34.70267407995764
1,2048,192,76,0.000818219,34.60143555698413
1,2048,192,80,0.000818528,34.58837327495211
1,2048,192,84,0.000835723,33.87671752482581
1,2048,192,88,0.000827066,34.23130923046045
1,2048,192,92,0.000840335,33.69079236256969
1,2048,192,96,0.000792246,35.73580933194992
1,2048,196,8,0.00173575,17.351660089298573
1,2048,196,12,0.00139977,21.516494852725803
1,2048,196,16,0.00121097,24.871090117839415
1,2048,196,20,0.00108591,27.735396119383743
1,2048,196,24,0.00109006,27.62980386400749
1,2048,196,28,0.00101218,29.755719338457588
1,2048,196,32,0.000986368,30.534388787957436
1,2048,196,36,0.000949334,31.725550754528964
1,2048,196,40,0.000917066,32.84184998680575
1,2048,196,44,0.000933821,32.252588022758104
1,2048,196,48,0.000922236,32.65774053496068
1,2048,196,52,0.00090773,33.17962830357044
1,2048,196,56,0.000897208,33.568742142290304
1,2048,196,60,0.00090565,33.25583172307183
1,2048,196,64,0.000912212,33.01660578900519
1,2048,196,68,0.00086414,34.853315434998954
1,2048,196,72,0.000884532,34.049807129645956
1,2048,196,76,0.00087054,34.59708227077446
1,2048,196,80,0.000872558,34.517068206354196
1,2048,196,84,0.000892723,33.73738998547142
1,2048,196,88,0.000901462,33.41033121751111
1,2048,196,92,0.000899763,33.47341911147713
1,2048,196,96,0.00090357,33.332385980056884
1,2048,200,8,0.00181333,17.647091263035414
1,2048,200,12,0.00145692,21.964143535678005
1,2048,200,16,0.00125379,25.522615430016188
1,2048,200,20,0.00114276,28.002380202317195
1,2048,200,24,0.0011266,28.404047576779693
1,2048,200,28,0.0010958,29.202409198758897
1,2048,200,32,0.00103258,30.9903348893064
1,2048,200,36,0.000998965,32.03315431471573
1,2048,200,40,0.00095428,33.533134928951675
1,2048,200,44,0.000977158,32.74803051297743
1,2048,200,48,0.000959907,33.33656281285583
1,2048,200,52,0.000917152,34.89061791284324
1,2048,200,56,0.000919935,34.78506633620854
1,2048,200,60,0.000926524,34.53769141436163
1,2048,200,64,0.000947064,33.78863519255299
1,2048,200,68,0.000899528,35.574212253537404
1,2048,200,72,0.000904038,35.396742172342314
1,2048,200,76,0.000907155,35.27511836455733
1,2048,200,80,0.000925105,34.59066808632534
1,2048,200,84,0.000939313,34.067451424605004
1,2048,200,88,0.000920314,34.7707412904726
1,2048,200,92,0.000931997,34.33487446848005
1,2048,200,96,0.000927462,34.50276129911522
1,2048,200,100,0.00089949,35.57571512746112
1,2048,204,8,0.00194649,17.446098361666387
1,2048,204,12,0.00153382,22.139922546322254
1,2048,204,16,0.00132949,25.54261859810905
1,2048,204,20,0.00127188,26.699575431644497
1,2048,204,24,0.00120545,28.170936994483387
1,2048,204,28,0.00116696,29.100102831288133
1,2048,204,32,0.00110663,30.686549253137905
1,2048,204,36,0.00106008,32.03405026035771
1,2048,204,40,0.00109992,30.873750818241326
1,2048,204,44,0.00103274,32.88209617135
1,2048,204,48,0.00102922,32.994555099978626
1,2048,204,52,0.00101077,33.59681826726159
1,2048,204,56,0.00100964,33.63442018937443
1,2048,204,60,0.00101563,33.436050530212775
1,2048,204,64,0.0010125,33.539413333333336
1,2048,204,68,0.000963585,35.24199318171205
1,2048,204,72,0.000967434,35.10178058658265
1,2048,204,76,0.000970823,34.979245444329194
1,2048,204,80,0.00097457,34.84475820105277
1,2048,204,84,0.000973669,34.877002348847505
1,2048,204,88,0.00100132,33.913889665641356
1,2048,204,92,0.00099564,34.107364107508744
1,2048,204,96,0.00102151,33.243586455345515
1,2048,204,100,0.00102598,33.09875046297199
1,2048,208,8,0.00203833,17.659381945023622
1,2048,208,12,0.00164949,21.822289313666648
1,2048,208,16,0.00136231,26.422508826918982
1,2048,208,20,0.00130237,27.63857275582208
1,2048,208,24,0.00123501,29.146037683905394
1,2048,208,28,0.00120578,29.85258339000481
1,2048,208,32,0.00113034,31.84497407859582
1,2048,208,36,0.00110577,32.552563372129825
1,2048,208,40,0.00110796,32.488219791328206
1,2048,208,44,0.00106412,33.82668120136827
1,2048,208,48,0.00106151,33.90985294533259
1,2048,208,52,0.00102753,35.03123801738148
1,2048,208,56,0.00103413,34.807662479572194
1,2048,208,60,0.00103533,34.76731863270648
1,2048,208,64,0.00104242,34.530849369735805
1,2048,208,68,0.0010523,34.206640691817924
1,2048,208,72,0.0010115,35.58640434997528
1,2048,208,76,0.00100506,35.81442699938312
1,2048,208,80,0.00101366,35.51057356510072
1,2048,208,84,0.00101459,35.47802363516298
1,2048,208,88,0.00102499,35.118047980955915
1,2048,208,92,0.00103022,34.93976820484945
1,2048,208,96,0.0010333,34.83562179425142
1,2048,208,100,0.0010394,34.631179526649994
1,2048,208,104,0.00100803,35.70890548892394
1,2048,212,8,0.00213781,17.82782941421361
1,2048,212,12,0.00170558,22.345777975820543
1,2048,212,16,0.00151954,25.081611540334574
1,2048,212,20,0.00138988,27.421440699916538
1,2048,212,24,0.00131016,29.08996763754045
1,2048,212,28,0.00128914,29.56429247405247
1,2048,212,32,0.00119889,31.789832261508565
1,2048,212,36,0.00116069,32.836081985715396
1,2048,212,40,0.00117255,32.50395462880048
1,2048,212,44,0.0011661,32.68374238916045
1,2048,212,48,0.00112873,33.765835939507234
1,2048,212,52,0.00113809,33.48813538472353
1,2048,212,56,0.00110022,34.64081001981422
1,2048,212,60,0.00111767,34.09996868485331
1,2048,212,64,0.00111352,34.22705654141821
1,2048,212,68,0.00113022,33.72132151262586
1,2048,212,72,0.00108092,35.259327239758726
1,2048,212,76,0.00108399,35.15946826077732
1,2048,212,80,0.00107481,35.4597668425117
1,2048,212,84,0.00110692,34.43113504137607
1,2048,212,88,0.0011029,34.556634327681564
1,2048,212,92,0.00111631,34.14151266225332
1,2048,212,96,0.00110506,34.48908837529184
1,2048,212,100,0.00111983,34.03419447594724
1,2048,212,104,0.00113488,33.58285633723389
1,2048,216,8,0.00225316,17.89077739707788
1,2048,216,12,0.00180801,22.295664293892177
1,2048,216,16,0.00155025,26.002763425253992
1,2048,216,20,0.00143175,28.1549041382923
1,2048,216,24,0.00136737,29.480523925492005
1,2048,216,28,0.00134431,29.986226391234165
1,2048,216,32,0.00124264,32.43963175175433
1,2048,216,36,0.0011921,33.81493498867545
1,2048,216,40,0.00119993,33.59427966631387
1,2048,216,44,0.00116637,34.560888911751846
1,2048,216,48,0.00116093,34.72283772492743
1,2048,216,52,0.00118157,34.11628934383913
1,2048,216,56,0.00113145,35.6275434177383
1,2048,216,60,0.00113916,35.38641103971348
1,2048,216,64,0.00113115,35.63699244132078
1,2048,216,68,0.00113812,35.41874670509261
1,2048,216,72,0.0010986,36.69286728563627
1,2048,216,76,0.00109943,36.66516649536578
1,2048,216,80,0.00111273,36.226922973228014
1,2048,216,84,0.00110217,36.574016712485374
1,2048,216,88,0.00111299,36.218460183829144
1,2048,216,92,0.00111599,36.12109785929981
1,2048,216,96,0.00113354,35.56185401485612
1,2048,216,100,0.00112832,35.7263754963131
1,2048,216,104,0.00114966,35.06322217003287
1,2048,216,108,0.00109952,36.66216530849825
1,2048,220,8,0.00239785,17.762578977000228
1,2048,220,12,0.00190965,22.303563480218887
1,2048,220,16,0.0016248,26.2136878385032
1,2048,220,20,0.00152635,27.904478003079237
1,2048,220,24,0.00149106,28.564913551433207
1,2048,220,28,0.00140965,30.21459227467811
1,2048,220,32,0.00131956,32.277425808602864
1,2048,220,36,0.0013332,31.94719471947195
1,2048,220,40,0.00127575,33.38585145992553
1,2048,220,44,0.00125486,33.94163492341775
1,2048,220,48,0.00123411,34.51232061971785
1,2048,220,52,0.00124973,34.08096148768134
1,2048,220,56,0.00120425,35.368071413742996
1,2048,220,60,0.0012191,34.93724879009105
1,2048,220,64,0.00121552,35.04014742661577
1,2048,220,68,0.00121352,35.097897026831035
1,2048,220,72,0.00122726,34.70495249580366
1,2048,220,76,0.00118593,35.91443002538093
1,2048,220,80,0.00118835,35.84129254849161
1,2048,220,84,0.00119535,35.63140502781612
1,2048,220,88,0.00119165,35.74203835018671
1,2048,220,92,0.0012024,35.42248835662009
1,2048,220,96,0.00120629,35.30825920798481
1,2048,220,100,0.00120801,35.25798627494805
1,2048,220,104,0.00121802,34.96822712270735
1,2048,220,108,0.00124649,34.16954809103964
1,2048,224,8,0.00252379,17.813564520027416
1,2048,224,12,0.00202723,22.176909378807533
1,2048,224,16,0.00169535,26.518238711770433
1,2048,224,20,0.00161453,27.84568636073656
1,2048,224,24,0.0015441,29.115793018586874
1,2048,224,28,0.00143904,31.241449855459198
1,2048,224,32,0.00137327,32.73769615589069
1,2048,224,36,0.00138074,32.56058055825137
1,2048,224,40,0.00135394,33.205087374625165
1,2048,224,44,0.00133977,33.55627906282422
1,2048,224,48,0.00127619,35.22805851793228
1,2048,224,52,0.00128467,34.99552102874668
1,2048,224,56,0.00123983,36.26117774210981
1,2048,224,60,0.00126783,35.4603503624303
1,2048,224,64,0.00124973,35.97392716826835
1,2048,224,68,0.00125864,35.71926523867031
1,2048,224,72,0.00127185,35.34826905688564
1,2048,224,76,0.0012395,36.27083178701089
1,2048,224,80,0.00123938,36.27434362342461
1,2048,224,84,0.0012374,36.332387263617264
1,2048,224,88,0.00124412,36.13614120824358
1,2048,224,92,0.00124191,36.200446087075555
1,2048,224,96,0.00123192,36.49400610429249
1,2048,224,100,0.00125427,35.84371467068494
1,2048,224,104,0.00126072,35.66033377752396
1,2048,224,108,0.00126026,35.673349943662416
1,2048,224,112,0.00122864,36.59143117593437
1,2048,228,8,0.00263034,18.024060767809484
1,2048,228,12,0.00211982,22.364827202309627
1,2048,228,16,0.00184726,25.66471855613178
1,2048,228,20,0.00170216,27.85249800253795
1,2048,228,24,0.00163269,29.037605424177276
1,2048,228,28,0.00158493,29.912619484772197
1,2048,228,32,0.00149672,31.67553583836656
1,2048,228,36,0.00145399,32.606419576475766
1,2048,228,40,0.00140888,33.650423031060136
1,2048,228,44,0.00142603,33.245729753231
1,2048,228,48,0.00135883,34.88987437722158
1,2048,228,52,0.00136624,34.70064410352501
1,2048,228,56,0.00140679,33.70041584031732
1,2048,228,60,0.00133172,35.6001321599135
1,2048,228,64,0.00133199,35.59291586273171
1,2048,228,68,0.00134852,35.15662207457064
1,2048,228,72,0.00137724,34.42349045917923
1,2048,228,76,0.00130371,36.364995282693236
1,2048,228,80,0.00129859,36.50837292755989
1,2048,228,84,0.00131051,36.17630388169491
1,2048,228,88,0.00131588,36.02867130741406
1,2048,228,92,0.00132162,35.872193217414996
1,2048,228,96,0.00131358,36.091755355593115
1,2048,228,100,0.00133581,35.491131223751886
1,2048,228,104,0.0013471,35.19368124118477
1,2048,228,108,0.00135488,34.991591875295235
1,2048,228,112,0.00136457,34.74311174948885
1,2048,232,8,0.00276123,18.08928339906491
1,2048,232,12,0.00225261,22.173688299350534
1,2048,232,16,0.00192907,25.892617686242595
1,2048,232,20,0.00177003,28.219110410558013
1,2048,232,24,0.00165979,30.093368438175915
1,2048,232,28,0.00163269,30.592869436329003
1,2048,232,32,0.0015948,31.319709054426887
1,2048,232,36,0.00150844,33.11279997878603
1,2048,232,40,0.00145456,34.33936860631394
1,2048,232,44,0.00146984,33.98238719860665
1,2048,232,48,0.00140087,35.6554655321336
1,2048,232,52,0.00141212,35.37140752910518
1,2048,232,56,0.00141911,35.19718133196159
1,2048,232,60,0.00139504,35.80447299002179
1,2048,232,64,0.00138007,36.1928539856674
1,2048,232,68,0.00139214,35.87905814070424
1,2048,232,72,0.00139314,35.85330404697302
1,2048,232,76,0.00141116,35.39547039315173
1,2048,232,80,0.00135592,36.837477137294236
1,2048,232,84,0.00135416,36.88535475866958
1,2048,232,88,0.00135769,36.78945267329066
1,2048,232,92,0.00135772,36.78863977845211
1,2048,232,96,0.00136504,36.59136142530621
1,2048,232,100,0.00138294,36.11774335835249
1,2048,232,104,0.0013852,36.05881605544325
1,2048,232,108,0.00138903,35.95939036593882
1,2048,232,112,0.001418,35.22473342736248
1,2048,232,116,0.00134189,37.22262778618217
1,2048,236,8,0.00289648,18.152041098160527
1,2048,236,12,0.0023086,22.774419128476133
1,2048,236,16,0.00198769,26.451319873823383
1,2048,236,20,0.00184269,28.532755916621895
1,2048,236,24,0.00177845,29.563397340380668
1,2048,236,28,0.00175742,29.91716493496148
1,2048,236,32,0.00163061,32.24377625551174
1,2048,236,36,0.00158392,33.19424213344109
1,2048,236,40,0.00155132,33.891797952711244
1,2048,236,44,0.00155176,33.88218796721143
1,2048,236,48,0.00148037,35.51613718192074
1,2048,236,52,0.00150447,34.947206657494
1,2048,236,56,0.00151301,34.74995142133892
1,2048,236,60,0.0014589,36.03881280416753
1,2048,236,64,0.00144971,36.26727000572528
1,2048,236,68,0.0014652,35.88385476385476
1,2048,236,72,0.00148831,35.32666178417131
1,2048,236,76,0.00153714,34.20444722016212
1,2048,236,80,0.00144978,36.26551890631683
1,2048,236,84,0.00143812,36.559552749422856
1,2048,236,88,0.00145371,36.16747769500107
1,2048,236,92,0.0014671,35.83738259150706
1,2048,236,96,0.00145349,36.17295199829376
1,2048,236,100,0.00145331,36.177432206480375
1,2048,236,104,0.00148028,35.51829653849271
1,2048,236,108,0.00148767,35.341859417747216
1,2048,236,112,0.00149454,35.17940235791615
1,2048,236,116,0.00150964,34.82752444291354
1,2048,240,8,0.00305435,18.104015584330543
1,2048,240,12,0.00245096,22.560955707151486
1,2048,240,16,0.00205702,26.88160542921313
1,2048,240,20,0.00189748,29.14180913632818
1,2048,240,24,0.00182401,30.31562326960927
1,2048,240,28,0.00177681,31.12094146250865
1,2048,240,32,0.00168628,32.79170718979054
1,2048,240,36,0.00164006,33.715839664402516
1,2048,240,40,0.00158355,34.91901108269395
1,2048,240,44,0.00158341,34.92209850891431
1,2048,240,48,0.00150798,36.668921338479294
1,2048,240,52,0.00152699,36.21241789402681
1,2048,240,56,0.00153583,36.00398481602782
1,2048,240,60,0.00151724,36.445124041021856
1,2048,240,64,0.00148508,37.23435774503731
1,2048,240,68,0.00151023,36.61429053852724
1,2048,240,72,0.0015049,36.74396969898332
1,2048,240,76,0.00152157,36.34141051676886
1,2048,240,80,0.00145557,37.989241328139485
1,2048,240,84,0.00147233,37.55679772877004
1,2048,240,88,0.00147236,37.556032492053575
1,2048,240,92,0.00148558,37.22182581887209
1,2048,240,96,0.00148155,37.32307380783639
1,2048,240,100,0.00148877,37.142070299643336
1,2048,240,104,0.00148512,37.23335488041371
1,2048,240,108,0.0015064,36.707381837493365
1,2048,240,112,0.00150479,36.746655679530036
1,2048,240,116,0.00155819,35.48732824623441
1,2048,240,120,0.00148031,37.35433794272821
1,2048,244,8,0.00322179,18.03566837068834
1,2048,244,12,0.00261001,22.263185198524145
1,2048,244,16,0.00229227,25.34916741919582
1,2048,244,20,0.00205712,28.246838298203315
1,2048,244,24,0.001984,29.287870967741934
1,2048,244,28,0.00189832,30.609768637532135
1,2048,244,32,0.00177702,32.69920203486736
1,2048,244,36,0.00172237,33.73673252553168
1,2048,244,40,0.00175661,33.07913310296537
1,2048,244,44,0.00168834,34.416726488740416
1,2048,244,48,0.00166473,34.90484102527137
1,2048,244,52,0.00162161,35.832990669766474
1,2048,244,56,0.00163294,35.584366847526546
1,2048,244,60,0.00165307,35.151043815446414
1,2048,244,64,0.00157488,36.89623082393579
1,2048,244,68,0.00159981,36.32127315118671
1,2048,244,72,0.00161074,36.074807852291485
1,2048,244,76,0.00161236,36.03856210771788
1,2048,244,80,0.00161089,36.071448702270175
1,2048,244,84,0.00156801,37.05788611042021
1,2048,244,88,0.0015626,37.186187124024066
1,2048,244,92,0.00156968,37.018459813465164
1,2048,244,96,0.00156066,37.23241192828675
1,2048,244,100,0.00157658,36.85644623171676
1,2048,244,104,0.00158951,36.55663443451127
1,2048,244,108,0.0016078,36.14077372807563
1,2048,244,112,0.00159731,36.37812071545286
1,2048,244,116,0.00162357,35.789732503064236
1,2048,244,120,0.00162961,35.65708114211375
1,2048,248,8,0.00335541,18.183163309401834
1,2048,248,12,0.00269731,22.619560970003448
1,2048,248,16,0.00234845,25.97967510485639
1,2048,248,20,0.00213248,28.61080432172869
1,2048,248,24,0.00208823,29.21707283201563
1,2048,248,28,0.00194004,31.448819611966762
1,2048,248,32,0.00186456,32.721911871969795
1,2048,248,36,0.00178301,34.21852261064156
1,2048,248,40,0.00177841,34.3070315619008
1,2048,248,44,0.00175277,34.80888422325804
1,2048,248,48,0.00173484,35.168642641396325
1,2048,248,52,0.00170976,35.68452180422984
1,2048,248,56,0.00168472,36.214900992449785
1,2048,248,60,0.00171928,35.486929412312136
1,2048,248,64,0.00163713,37.26763787848247
1,2048,248,68,0.00163472,37.322580013702655
1,2048,248,72,0.00164037,37.19402817656992
1,2048,248,76,0.00165912,36.77369207772795
1,2048,248,80,0.00165049,36.96597252937007
1,2048,248,84,0.00161389,37.80429149446368
1,2048,248,88,0.00160763,37.95149879014449
1,2048,248,92,0.00161488,37.781115624690386
1,2048,248,96,0.00162756,37.486770380201044
1,2048,248,100,0.00161488,37.781115624690386
1,2048,248,104,0.00163989,37.20491496380855
1,2048,248,108,0.00167182,36.49434029979304
1,2048,248,112,0.00165985,36.75751905292647
1,2048,248,116,0.00166104,36.731185281510385
1,2048,248,120,0.00166044,36.74445809544458
1,2048,248,124,0.0016105,37.88386712201179
1,2048,252,8,0.00352695,18.149401607621314
1,2048,252,12,0.00277965,23.02881010199126
1,2048,252,16,0.00243825,26.25326853275915
1,2048,252,20,0.00224332,28.53450778310718
1,2048,252,24,0.00215223,29.74218926415857
1,2048,252,28,0.00203718,31.421883191470563
1,2048,252,32,0.00194753,32.8683162775413
1,2048,252,36,0.00187782,34.08848132408857
1,2048,252,40,0.00194307,32.94376013216199
1,2048,252,44,0.00183076,34.96473158688195
1,2048,252,48,0.001821,35.15213179571664
1,2048,252,52,0.00176401,36.287794286880455
1,2048,252,56,0.00181068,35.35248194048644
1,2048,252,60,0.00180158,35.531051632455956
1,2048,252,64,0.00173462,36.90262535886823
1,2048,252,68,0.00173283,36.94074548570835
1,2048,252,72,0.00176353,36.29767114820843
1,2048,252,76,0.00175056,36.56660268714011
1,2048,252,80,0.00173891,36.81158426830601
1,2048,252,84,0.00172031,37.20959129459226
1,2048,252,88,0.0017011,37.62978778437482
1,2048,252,92,0.00171319,37.364233972880996
1,2048,252,96,0.00171662,37.28957602730948
1,2048,252,100,0.0017335,36.9264678396308
1,2048,252,104,0.00173543,36.885401312642976
1,2048,252,108,0.0017457,36.668403505757006
1,2048,252,112,0.00175655,36.44190714753351
1,2048,252,116,0.00176127,36.344247049004416
1,2048,252,120,0.00177483,36.06657088284511
1,2048,252,124,0.00178581,35.84481663782821
1,2048,256,8,0.0042581,15.760283694605576
1,2048,256,12,0.00326233,20.570838633737235
1,2048,256,16,0.00276265,24.29148245344144
1,2048,256,20,0.00252681,26.558729781819764
1,2048,256,24,0.00240108,27.949449414430177
1,2048,256,28,0.00229962,29.182588427653265
1,2048,256,32,0.00211394,31.745869797629073
1,2048,256,36,0.00210319,31.908131932920945
1,2048,256,40,0.00203427,32.98916269718376
1,2048,256,44,0.00196695,34.118235847377925
1,2048,256,48,0.00196841,34.092929826611325
1,2048,256,52,0.00189149,35.479364945096194
1,2048,256,56,0.00194398,34.521375734318255
1,2048,256,60,0.00194349,34.530079393256464
1,2048,256,64,0.00183418,36.5879379341177
1,2048,256,68,0.00182817,36.70821860111478
1,2048,256,72,0.00189058,35.496442361603314
1,2048,256,76,0.00186358,36.01072344627008
1,2048,256,80,0.00187729,35.7477342339223
1,2048,256,84,0.00187847,35.72527855116132
1,2048,256,88,0.00181006,37.07549142017391
1,2048,256,92,0.00180118,37.25827735151401
1,2048,256,96,0.00180031,37.27628241802801
1,2048,256,100,0.00187104,35.86714554472379
1,2048,256,104,0.00180802,37.11732392340793
1,2048,256,108,0.0018316,36.63947586809347
1,2048,256,112,0.00184561,36.36134611320918
1,2048,256,116,0.00186076,36.06529805025903
1,2048,256,120,0.00187636,35.7654522586284
1,2048,256,124,0.0018732,35.82578688874653
1,2048,256,128,0.00182254,36.82161379174119
1,2048,260,8,0.00371054,18.947107429107355
1,2048,260,12,0.00301642,23.307099144018405
1,2048,260,16,0.0025989,27.05144484204856
1,2048,260,20,0.00239083,29.405687564569625
1,2048,260,24,0.00232197,30.277738299805765
1,2048,260,28,0.00227031,30.966696178054978
1,2048,260,32,0.0021451,32.774229639643835
1,2048,260,36,0.00211322,33.26866109538997
1,2048,260,40,0.00204569,34.3668884337314
1,2048,260,44,0.0019994,35.162548764629385
1,2048,260,48,0.00196711,35.73974002470629
1,2048,260,52,0.00194939,36.06461508471881
1,2048,260,56,0.00196964,35.69383237545947
1,2048,260,60,0.00201701,34.85555351733507
1,2048,260,64,0.00197328,35.62798994567421
1,2048,260,68,0.00191821,36.650835935585775
1,2048,260,72,0.00191304,36.74988499979091
1,2048,260,76,0.0019474,36.10146862483312
1,2048,260,80,0.00190503,36.90440570489703
1,2048,260,84,0.0019173,36.66823136702655
1,2048,260,88,0.0019132,36.74681162450345
1,2048,260,92,0.00191471,36.71783194321855
1,2048,260,96,0.00187589,37.47767726252606
1,2048,260,100,0.00189764,37.04812293164141
1,2048,260,104,0.00190264,36.95076315014927
1,2048,260,108,0.00190814,36.844256710723535
1,2048,260,112,0.00193781,36.280130662964886
1,2048,260,116,0.00194984,36.0562917983014
1,2048,260,120,0.00196958,35.6949197290793
1,2048,260,124,0.00193675,36.29998709177746
1,2048,260,128,0.00197008,35.685860472671166
1,2048,264,8,0.00394433,18.659436710417232
1,2048,264,12,0.00314461,23.404802503331098
1,2048,264,16,0.00269027,27.35746820951057
1,2048,264,20,0.00250766,29.349663032468513
1,2048,264,24,0.00238258,30.890453206188248
1,2048,264,28,0.00230452,31.936792043462415
1,2048,264,32,0.00225082,32.69873912618512
1,2048,264,36,0.00214713,34.277838789453824
1,2048,264,40,0.00209354,35.15527575303076
1,2048,264,44,0.00205194,35.86799614023802
1,2048,264,48,0.00201222,36.57600858753019
1,2048,264,52,0.00203379,36.18809021580399
1,2048,264,56,0.00197538,37.25813564984965
1,2048,264,60,0.00198755,37.02999974843401
1,2048,264,64,0.00204438,36.000633933026144
1,2048,264,68,0.00193259,38.083078149012465
1,2048,264,72,0.00194705,37.80024960838191
1,2048,264,76,0.00195074,37.728747039584974
1,2048,264,80,0.00194364,37.86656788294128
1,2048,264,84,0.00197577,37.25078121441261
1,2048,264,88,0.00192198,38.29331002403771
1,2048,264,92,0.00194577,37.82511602090689
1,2048,264,96,0.00191245,38.48413082694972
1,2048,264,100,0.00191686,38.395592792379205
1,2048,264,104,0.00192147,38.30347390279317
1,2048,264,108,0.00192596,38.21417682610231
1,2048,264,112,0.00192955,38.14307791972222
1,2048,264,116,0.00195075,37.72855363321799
1,2048,264,120,0.00197842,37.20088555513996
1,2048,264,124,0.00197592,37.24795335843556
1,2048,264,128,0.00200283,36.74749030122376
1,2048,264,132,0.00192132,38.306464305789774
1,2048,268,8,0.00407943,18.874040736083224
1,2048,268,12,0.0034414,22.37325739524612
1,2048,268,16,0.00279173,27.579790309234774
1,2048,268,20,0.00264143,29.149107869600932
1,2048,268,24,0.00255554,30.128790001330444
1,2048,268,28,0.00247345,31.128718187147506
1,2048,268,32,0.00232145,33.166912059273294
1,2048,268,36,0.00226456,34.00012717702335
1,2048,268,40,0.00219969,35.002808577572296
1,2048,268,44,0.00220286,34.952438193984186
1,2048,268,48,0.0021192,36.332261230653074
1,2048,268,52,0.00216709,35.52936333977823
1,2048,268,56,0.00208036,37.010578938260686
1,2048,268,60,0.00214949,35.82027736811988
1,2048,268,64,0.00212184,36.28705651698526
1,2048,268,68,0.00208302,36.96331672283512
1,2048,268,72,0.0020354,37.828106514689985
1,2048,268,76,0.00204899,37.57721023528665
1,2048,268,80,0.00204644,37.62403393209671
1,2048,268,84,0.00206172,37.345191393593694
1,2048,268,88,0.00212542,36.22593557979129
1,2048,268,92,0.00202352,38.05019372183126
1,2048,268,96,0.00200663,38.37046590552318
1,2048,268,100,0.002035,37.83554201474202
1,2048,268,104,0.00203284,37.875744278939806
1,2048,268,108,0.00205282,37.507101450687344
1,2048,268,112,0.00203789,37.781886166574246
1,2048,268,116,0.00206521,37.28208172534512
1,2048,268,120,0.00223537,34.444109028930335
1,2048,268,124,0.0020764,37.081163552302066
1,2048,268,128,0.00210339,36.60535041052776
1,2048,268,132,0.00214117,35.95946515222986
1,2048,272,8,0.00425862,18.901567174342862
1,2048,272,12,0.00343822,23.411704893811333
1,2048,272,16,0.00291659,27.598871284616624
1,2048,272,20,0.00272285,29.562624455992797
1,2048,272,24,0.00261841,30.741782990440765
1,2048,272,28,0.00259216,31.053095487932843
1,2048,272,32,0.00238852,33.70061460653459
1,2048,272,36,0.00233527,34.4690729551615
1,2048,272,40,0.00226664,35.51273779691526
1,2048,272,44,0.00228599,35.21213653603034
1,2048,272,48,0.00218707,36.804762536178536
1,2048,272,52,0.00223652,35.99100030404378
1,2048,272,56,0.00215921,37.27964950143803
1,2048,272,60,0.0021697,37.099410978476286
1,2048,272,64,0.00214861,37.46356574715746
1,2048,272,68,0.00208363,38.631902977016075
1,2048,272,72,0.00209558,38.411605378940436
1,2048,272,76,0.00210797,38.185833764237636
1,2048,272,80,0.00215634,37.32926718421028
1,2048,272,84,0.00212401,37.89746375958682
1,2048,272,88,0.00215297,37.38769792426276
1,2048,272,92,0.00208492,38.60800030696621
1,2048,272,96,0.00210987,38.1514462976392
1,2048,272,100,0.00207853,38.72669242204828
1,2048,272,104,0.00206859,38.912782136624465
1,2048,272,108,0.00211335,38.08862327584168
1,2048,272,112,0.00210565,38.227906822121426
1,2048,272,116,0.00211308,38.093490071365025
1,2048,272,120,0.00214546,37.51857037651599
1,2048,272,124,0.00213618,37.68155867014952
1,2048,272,128,0.00218083,36.91007185337693
1,2048,272,132,0.0021475,37.482929918509896
1,2048,272,136,0.00209218,38.47402804729995
1,2048,276,8,0.00441823,19.034387978896525
1,2048,276,12,0.00351247,23.942782144758528
1,2048,276,16,0.00315951,26.617514741209874
1,2048,276,20,0.00285937,29.411480151222122
1,2048,276,24,0.00276794,30.382993851022782
1,2048,276,28,0.00262648,32.01939630227529
1,2048,276,32,0.00249021,33.771571072319205
1,2048,276,36,0.00243519,34.53459647912483
1,2048,276,40,0.00244297,34.42461593879581
1,2048,276,44,0.00240769,34.92904152943278
1,2048,276,48,0.00229956,36.57147628241924
1,2048,276,52,0.0023285,36.116943955336055
1,2048,276,56,0.00227991,36.886677105675226
1,2048,276,60,0.00228325,36.83271827438957
1,2048,276,64,0.00231113,36.38839182564373
1,2048,276,68,0.00232243,36.21134070779313
1,2048,276,72,0.00224732,37.42159728031611
1,2048,276,76,0.00222174,37.852450781819655
1,2048,276,80,0.00222649,37.77169625733779
1,2048,276,84,0.00222385,37.816536187242846
1,2048,276,88,0.00228105,36.86824225685539
1,2048,276,92,0.00219074,38.38808073984133
1,2048,276,96,0.00219773,38.265985357618995
1,2048,276,100,0.00219943,38.23640852402668
1,2048,276,104,0.00220178,38.19559810698617
1,2048,276,108,0.00220845,38.080239081708896
1,2048,276,112,0.0022089,38.07248132554665
1,2048,276,116,0.00224969,37.382174432921865
1,2048,276,120,0.00222899,37.72933211903149
1,2048,276,124,0.00225134,37.35477715493884
1,2048,276,128,0.00228126,36.864848373267414
1,2048,276,132,0.00227162,37.02129053274756
1,2048,276,136,0.00232121,36.23037295203794
1,2048,280,8,0.00466669,18.8159059204704
1,2048,280,12,0.00376507,23.321744350038642
1,2048,280,16,0.00319617,27.47288160517119
1,2048,280,20,0.002938,29.886997957794417
1,2048,280,24,0.00290112,30.26693139201412
1,2048,280,28,0.0027067,32.44097979088928
1,2048,280,32,0.00260803,33.66832436743442
1,2048,280,36,0.00251285,34.94358994766898
1,2048,280,40,0.00244212,35.95564509524512
1,2048,280,44,0.00245034,35.83502697584825
1,2048,280,48,0.00237399,36.9875189027755
1,2048,280,52,0.002383,36.84767100293747
1,2048,280,56,0.0023234,37.79288973056727
1,2048,280,60,0.00234414,37.45851357000861
1,2048,280,64,0.00234413,37.458673367091414
1,2048,280,68,0.00235519,37.282766995444106
1,2048,280,72,0.00228513,38.42582260090236
1,2048,280,76,0.0022805,38.50383687787765
1,2048,280,80,0.00228131,38.49016573810661
1,2048,280,84,0.00229714,38.22492316532732
1,2048,280,88,0.0022988,38.1973203410475
1,2048,280,92,0.00233373,37.62560364737995
1,2048,280,96,0.00226899,38.699156893595834
1,2048,280,100,0.00226817,38.71314760357469
1,2048,280,104,0.00226062,38.84244145411436
1,2048,280,108,0.00228703,38.393899511593645
1,2048,280,112,0.00230864,38.03451382632199
1,2048,280,116,0.00229319,38.29076526585237
1,2048,280,120,0.00237914,36.90745395394975
1,2048,280,124,0.0022981,38.2089552238806
1,2048,280,128,0.00233425,37.61722180571918
1,2048,280,132,0.00232131,37.82691669789903
1,2048,280,136,0.00234413,37.458673367091414
1,2048,280,140,0.00229599,38.2440690072692
1,2048,284,8,0.0048141,19.03267817452899
1,2048,284,12,0.00389702,23.51161041000559
1,2048,284,16,0.00330697,27.706697067103725
1,2048,284,20,0.00316096,28.986515488965377
1,2048,284,24,0.00298897,30.654444842203166
1,2048,284,28,0.002919,31.389248372730385
1,2048,284,32,0.00270202,33.90989555961836
1,2048,284,36,0.00263212,34.81042505660836
1,2048,284,40,0.00263939,34.71454237532157
1,2048,284,44,0.0025826,35.47789669325486
1,2048,284,48,0.0024912,36.7795504174695
1,2048,284,52,0.00249803,36.678989443681616
1,2048,284,56,0.00251857,36.37985682351493
1,2048,284,60,0.00245848,37.269050795613545
1,2048,284,64,0.00245546,37.31488845267282
1,2048,284,68,0.00248921,36.80895384479414
1,2048,284,72,0.00240277,38.13316130965511
1,2048,284,76,0.00241565,37.92983917372136
1,2048,284,80,0.00240782,38.053183377494996
1,2048,284,84,0.00242072,37.8503982286262
1,2048,284,88,0.00242947,37.71407590956052
1,2048,284,92,0.00245811,37.274660613235376
1,2048,284,96,0.00242883,37.72401361972637
1,2048,284,100,0.00236907,38.6756051952876
1,2048,284,104,0.0024164,37.918066545273966
1,2048,284,108,0.00239399,38.273015342587065
1,2048,284,112,0.00240212,38.14347992606531
1,2048,284,116,0.00245315,37.350025885086524
1,2048,284,120,0.00243161,37.68088468134282
1,2048,284,124,0.00243107,37.68925452578494
1,2048,284,128,0.00248193,36.91692191157688
1,2048,284,132,0.00245748,37.28421635170988
1,2048,284,136,0.00246502,37.170171438771284
1,2048,284,140,0.00252407,36.300584373650494
1,2048,288,8,0.00505426,18.90513903123306
1,2048,288,12,0.00401948,23.7721018639227
1,2048,288,16,0.00340136,28.092141966742712
1,2048,288,20,0.00324078,29.484101975450354
1,2048,288,24,0.00303985,31.432961494810595
1,2048,288,28,0.00297093,32.16214720643031
1,2048,288,32,0.00274391,34.8231130029775
1,2048,288,36,0.00267968,35.65779794602341
1,2048,288,40,0.00269083,35.51004262625287
1,2048,288,44,0.00262551,36.393496120753674
1,2048,288,48,0.00251732,37.957624775554955
1,2048,288,52,0.00254002,37.61839985511925
1,2048,288,56,0.00257353,37.128569707755496
1,2048,288,60,0.00248882,38.39228550075939
1,2048,288,64,0.00251392,38.00896130346233
1,2048,288,68,0.00253905,37.63277131210492
1,2048,288,72,0.00243694,39.20961862007272
1,2048,288,76,0.00244073,39.14873337075383
1,2048,288,80,0.00242688,39.372151898734174
1,2048,288,84,0.00249115,38.356376773779175
1,2048,288,88,0.00248865,38.394908082695444
1,2048,288,92,0.00251592,37.97874654202042
1,2048,288,96,0.00240248,39.77202224368153
1,2048,288,100,0.00242006,39.483107030404206
1,2048,288,104,0.00242391,39.420394321571344
1,2048,288,108,0.00244022,39.15691536009049
1,2048,288,112,0.00243124,39.30154489067307
1,2048,288,116,0.00244282,39.11523894515355
1,2048,288,120,0.00245154,38.9761080790034
1,2048,288,124,0.00245871,38.86244738094367
1,2048,288,128,0.00248791,38.40632820319063
1,2048,288,132,0.00246891,38.70189192801681
1,2048,288,136,0.00251046,38.06134652613465
1,2048,288,140,0.00250969,38.07302415836218
1,2048,288,144,0.0024419,39.12997583848643
1,2048,292,8,0.00525405,18.954587794177826
1,2048,292,12,0.00425446,23.407988792937292
1,2048,292,16,0.00367627,27.08950974765183
1,2048,292,20,0.00337029,29.5488969791917
1,2048,292,24,0.00324715,30.669464607424974
1,2048,292,28,0.00312441,31.87429050604754
1,2048,292,32,0.00300969,33.08923909106918
1,2048,292,36,0.00291689,34.14196352964973
1,2048,292,40,0.00281709,35.35149817719704
1,2048,292,44,0.00277442,35.89519683393285
1,2048,292,48,0.00277962,35.828045560184485
1,2048,292,52,0.00268648,37.07020041094666
1,2048,292,56,0.00269094,37.00875976424595
1,2048,292,60,0.00265841,37.46162254881677
1,2048,292,64,0.00263342,37.81711690501325
1,2048,292,68,0.00262219,37.979075505588845
1,2048,292,72,0.00271555,36.67336340704461
1,2048,292,76,0.00256255,38.86298881973035
1,2048,292,80,0.002571,38.73525943212758
1,2048,292,84,0.00258536,38.52011015873998
1,2048,292,88,0.00260748,38.19333302652369
1,2048,292,92,0.0026213,37.99197039636822
1,2048,292,96,0.00261235,38.12213217983808
1,2048,292,100,0.00255259,39.0146290630301
1,2048,292,104,0.00255598,38.96288390362992
1,2048,292,108,0.00256642,38.80438587604524
1,2048,292,112,0.00257099,38.73541009494397
1,2048,292,116,0.00258256,38.56187348987052
1,2048,292,120,0.00261101,38.14169689124132
1,2048,292,124,0.0025946,38.3829307022277
1,2048,292,128,0.00263009,37.864997775741514
1,2048,292,132,0.00264309,37.67875933093463
1,2048,292,136,0.00263766,37.756326440860455
1,2048,292,140,0.00264916,37.59242627851848
1,2048,292,144,0.00265253,37.54466565882384
1,2048,296,8,0.00547082,18.961936967401595
1,2048,296,12,0.00441435,23.500026957536218
1,2048,296,16,0.00377812,27.45739785925275
1,2048,296,20,0.00347593,29.844485936137954
1,2048,296,24,0.00343523,30.198078149061345
1,2048,296,28,0.00319728,32.4454986738728
1,2048,296,32,0.00308637,33.61144127243331
1,2048,296,36,0.00301427,34.41541202347501
1,2048,296,40,0.0029047,35.71361724102317
1,2048,296,44,0.00283418,36.60224262396884
1,2048,296,48,0.00282856,36.67496676754249
1,2048,296,52,0.00275186,37.69717354807294
1,2048,296,56,0.00277891,37.330228039051285
1,2048,296,60,0.00271865,38.15766796020084
1,2048,296,64,0.00269152,38.5422898585186
1,2048,296,68,0.00273765,37.89284386243676
1,2048,296,72,0.00271762,38.17213002553705
1,2048,296,76,0.00263615,39.35183657986079
1,2048,296,80,0.00262609,39.50258521223568
1,2048,296,84,0.00267663,38.75669928230648
1,2048,296,88,0.00265434,39.082161290565644
1,2048,296,92,0.00268197,38.6795318366723
1,2048,296,96,0.00268068,38.69814524672844
1,2048,296,100,0.00261846,39.61769284235772
1,2048,296,104,0.00262743,39.482438732906296
1,2048,296,108,0.00265259,39.10794506501193
1,2048,296,112,0.00261863,39.61512088382093
1,2048,296,116,0.00264026,39.29057895813291
1,2048,296,120,0.00285927,36.28105915146174
1,2048,296,124,0.00264562,39.210976633076555
1,2048,296,128,0.00269118,38.54715923869826
1,2048,296,132,0.00273497,37.92997510027532
1,2048,296,136,0.00268511,38.63429952590397
1,2048,296,140,0.00274346,37.81259577322067
1,2048,296,144,0.00271658,38.186743626177034
1,2048,296,148,0.00263377,39.387396773446426
1,2048,300,8,0.00562566,19.197747464297525
1,2048,300,12,0.00448315,24.090204432151502
1,2048,300,16,0.00389759,27.709430699483526
1,2048,300,20,0.00358641,30.113679138748775
1,2048,300,24,0.00347261,31.100526693178907
1,2048,300,28,0.00331779,32.55178899207002
1,2048,300,32,0.00318934,33.862805470724346
1,2048,300,36,0.00312331,34.578700161047095
1,2048,300,40,0.0030442,35.477301097168386
1,2048,300,44,0.00296498,36.425203542688315
1,2048,300,48,0.00293845,36.754071023839096
1,2048,300,52,0.00287993,37.500911480487375
1,2048,300,56,0.00289049,37.36390715760996
1,2048,300,60,0.00282778,38.192504367383606
1,2048,300,64,0.00281311,38.39167327264131
1,2048,300,68,0.00282964,38.167399386494395
1,2048,300,72,0.00287543,37.55959978159788
1,2048,300,76,0.00278444,38.78697332318168
1,2048,300,80,0.00276045,39.12405586045753
1,2048,300,84,0.00283911,38.040090028213065
1,2048,300,88,0.00280505,38.50198748685406
1,2048,300,92,0.00284407,37.97374888803721
1,2048,300,96,0.00281395,38.38021286803248
1,2048,300,100,0.00274953,39.279440486192186
1,2048,300,104,0.00275058,39.26444604410706
1,2048,300,108,0.00276145,39.10988792120082
1,2048,300,112,0.00275823,39.15554540411786
1,2048,300,116,0.00277893,38.86387926288175
1,2048,300,120,0.00279418,38.651769034206815
1,2048,300,124,0.00278263,38.812202844071976
1,2048,300,128,0.00281314,38.39126385462508
1,2048,300,132,0.0027981,38.59761981344484
1,2048,300,136,0.00282898,38.17630382682098
1,2048,300,140,0.00284932,37.90378055114905
1,2048,300,144,0.00285498,37.82863627766219
1,2048,300,148,0.00287483,37.567438770292505
1,2048,304,8,0.00589349,19.068133822234362
1,2048,304,12,0.00479666,23.428355564080007
1,2048,304,16,0.0039886,28.174762071904926
1,2048,304,20,0.0038152,29.455298804780877
1,2048,304,24,0.00362295,31.018329262065443
1,2048,304,28,0.00342157,32.84394473881873
1,2048,304,32,0.00326093,34.461903812716
1,2048,304,36,0.00324997,34.57812102880949
1,2048,304,40,0.00311305,36.09895632900211
1,2048,304,44,0.00306255,36.69421103328925
1,2048,304,48,0.00301584,37.26253912674412
1,2048,304,52,0.00294854,38.11305120500316
1,2048,304,56,0.00295766,37.99552889784492
1,2048,304,60,0.00299759,37.489401819461634
1,2048,304,64,0.00288516,38.95030292947359
1,2048,304,68,0.00290343,38.70520591162866
1,2048,304,72,0.00292278,38.44896160504725
1,2048,304,76,0.0028392,39.580817131586365
1,2048,304,80,0.0028514,39.4114666479624
1,2048,304,84,0.00283869,39.587928234502535
1,2048,304,88,0.00288456,38.95840474803783
1,2048,304,92,0.0028687,39.17379161292571
1,2048,304,96,0.00290511,38.68282302563414
1,2048,304,100,0.00290839,38.63919763167938
1,2048,304,104,0.0028358,39.62827279779957
1,2048,304,108,0.00285572,39.351846819716215
1,2048,304,112,0.00284817,39.45616167574267
1,2048,304,116,0.00283534,39.63470201104629
1,2048,304,120,0.00285938,39.30147654386616
1,2048,304,124,0.0028897,38.88910821192512
1,2048,304,128,0.00289957,38.75673151536262
1,2048,304,132,0.00286663,39.202079096360535
1,2048,304,136,0.00287907,39.03269319606679
1,2048,304,140,0.00289909,38.763148436233436
1,2048,304,144,0.0029354,38.283660148531716
1,2048,304,148,0.0029411,38.20946448607664
1,2048,304,152,0.00284201,39.54168211934512
1,2048,308,8,0.00606922,19.256584536398414
1,2048,308,12,0.00487203,23.988449989018953
1,2048,308,16,0.0042429,27.54541657828372
1,2048,308,20,0.00397461,29.40475870588561
1,2048,308,24,0.00373971,31.251740910391447
1,2048,308,28,0.00357077,32.73032091117602
1,2048,308,32,0.00340119,34.362222633842855
1,2048,308,36,0.00335295,34.85660328964047
1,2048,308,40,0.00326115,35.83780200236113
1,2048,308,44,0.00317239,36.840504477696626
1,2048,308,48,0.00316453,36.9320082287101
1,2048,308,52,0.0031197,37.46272013334615
1,2048,308,56,0.0031325,37.30964022346369
1,2048,308,60,0.00313101,37.3273953133334
1,2048,308,64,0.00304536,38.377219113668005
1,2048,308,68,0.003093,37.78611315874556
1,2048,308,72,0.00305451,38.26225744882158
1,2048,308,76,0.0031079,37.60495768847132
1,2048,308,80,0.00296848,39.37114213334771
1,2048,308,84,0.00298455,39.15915230101691
1,2048,308,88,0.00304049,38.43868850086664
1,2048,308,92,0.0030453,38.37797524053459
1,2048,308,96,0.00300673,38.87028366364788
1,2048,308,100,0.00306137,38.176518356160805
1,2048,308,104,0.00297349,39.30480613689637
1,2048,308,108,0.00297999,39.219073889509694
1,2048,308,112,0.00297741,39.25305819487407
1,2048,308,116,0.00297324,39.30811101693775
1,2048,308,120,0.0029881,39.11262943007262
1,2048,308,124,0.00302905,38.58386226704742
1,2048,308,128,0.00305715,38.229216099962386
1,2048,308,132,0.00302817,38.59507491323142
1,2048,308,136,0.00306186,38.17040883645888
1,2048,308,140,0.00304737,38.35190606982414
1,2048,308,144,0.0030512,38.30376507603566
1,2048,308,148,0.00307488,38.00878343219898
1,2048,308,152,0.00310307,37.66349067214082
1,2048,312,8,0.00643948,18.865702199556484
1,2048,312,12,0.00513555,23.655754885065864
1,2048,312,16,0.0043729,27.781406389352604
1,2048,312,20,0.004071,29.841638909358878
1,2048,312,24,0.00379286,32.03000163465037
1,2048,312,28,0.00376469,32.26967213767933
1,2048,312,32,0.00347973,34.91228112525972
1,2048,312,36,0.00343029,35.41546399867067
1,2048,312,40,0.00331248,36.675032603970436
1,2048,312,44,0.00333181,36.46225685138108
1,2048,312,48,0.0032374,37.52557978624822
1,2048,312,52,0.00314927,38.57570548095273
1,2048,312,56,0.0031469,38.604757698052055
1,2048,312,60,0.00323399,37.56514769680797
1,2048,312,64,0.00307866,39.46045097542437
1,2048,312,68,0.00314111,38.675917748821284
1,2048,312,72,0.00311972,38.941094713628154
1,2048,312,76,0.00313326,38.772815533980584
1,2048,312,80,0.00301244,40.32787773366441
1,2048,312,84,0.00302332,40.18275008930579
1,2048,312,88,0.00304892,39.84535901237159
1,2048,312,92,0.00308557,39.37208100934349
1,2048,312,96,0.00309014,39.31385374125444
1,2048,312,100,0.0031624,38.41554262585378
1,2048,312,104,0.00316514,38.38228703943585
1,2048,312,108,0.00302223,40.19724243356727
1,2048,312,112,0.00304047,39.95609626143327
1,2048,312,116,0.00303029,40.09032534839899
1,2048,312,120,0.00302726,40.13045195985809
1,2048,312,124,0.00307232,39.54188105405687
1,2048,312,128,0.00310758,39.09322109165331
1,2048,312,132,0.00305367,39.783379343544
1,2048,312,136,0.00306935,39.58014302702526
1,2048,312,140,0.00307298,39.533388437282376
1,2048,312,144,0.00317332,38.28334740902273
1,2048,312,148,0.00314296,38.653152442283705
1,2048,312,152,0.00316304,38.40776974050281
1,2048,312,156,0.00304561,39.88866335479592
1,2048,316,8,0.00661346,19.085015105557453
1,2048,316,12,0.00526386,23.978218265683356
1,2048,316,16,0.00451366,27.963555961237663
1,2048,316,20,0.00423362,29.813252960823128
1,2048,316,24,0.00405903,31.095602643981444
1,2048,316,28,0.00390447,32.32653445922238
1,2048,316,32,0.00363505,34.72248909918708
1,2048,316,36,0.0035531,35.523341307590556
1,2048,316,40,0.00350966,35.963023198828374
1,2048,316,44,0.00349378,36.126483064188356
1,2048,316,48,0.00335212,37.6531818669976
1,2048,316,52,0.00339036,37.22849018983235
1,2048,316,56,0.00327534,38.535841775205014
1,2048,316,60,0.00333549,37.840912129851986
1,2048,316,64,0.00324958,38.84132226318478
1,2048,316,68,0.00323044,39.07145280519063
1,2048,316,72,0.00326201,38.693316084254796
1,2048,316,76,0.00325989,38.71847945789582
1,2048,316,80,0.00319427,39.51387453158311
1,2048,316,84,0.00316627,39.86330414020283
1,2048,316,88,0.00319769,39.4716135710466
1,2048,316,92,0.00319422,39.514493053077125
1,2048,316,96,0.00321093,39.308855689784586
1,2048,316,100,0.00325409,38.78749020463478
1,2048,316,104,0.00325104,38.823879127909834
1,2048,316,108,0.00316392,39.892912589446
1,2048,316,112,0.00316412,39.89039100919055
1,2048,316,116,0.00316841,39.83637976145764
1,2048,316,120,0.00318056,39.68420152425988
1,2048,316,124,0.00317094,39.804595482727514
1,2048,316,128,0.00322537,39.13286971727275
1,2048,316,132,0.00320542,39.376426178160735
1,2048,316,136,0.00324749,38.86631952677299
1,2048,316,140,0.0032271,39.11189117164017
1,2048,316,144,0.00325723,38.7500987034996
1,2048,316,148,0.00325385,38.790351122516405
1,2048,316,152,0.00329299,38.32929465318753
1,2048,316,156,0.00332693,37.93827462555569
1,2048,320,8,0.00703582,18.629242931172204
1,2048,320,12,0.00562997,23.281118727098015
1,2048,320,16,0.00478243,27.406987661084425
1,2048,320,20,0.00450788,29.07619546216847
1,2048,320,24,0.00422324,31.035887138784442
1,2048,320,28,0.0040373,32.46526143709905
1,2048,320,32,0.00377266,34.742595410135024
1,2048,320,36,0.00367142,35.70062809485159
1,2048,320,40,0.00356506,36.76572063303282
1,2048,320,44,0.00360579,36.350425288217004
1,2048,320,48,0.003526,37.17300056721497
1,2048,320,52,0.00350362,37.41044976338758
1,2048,320,56,0.00340784,38.46189961970045
1,2048,320,60,0.00342499,38.26930881550019
1,2048,320,64,0.00337209,38.869662434869774
1,2048,320,68,0.00334498,39.18468869769027
1,2048,320,72,0.00335773,39.03589627516209
1,2048,320,76,0.00335753,39.03822154977022
1,2048,320,80,0.00326828,40.104275031515044
1,2048,320,84,0.00328787,39.865323142338355
1,2048,320,88,0.0033257,39.411853143699076
1,2048,320,92,0.0032989,39.732031889417684
1,2048,320,96,0.00329857,39.73600681507442
1,2048,320,100,0.00333791,39.26768546785264
1,2048,320,104,0.00337987,38.78018977061248
1,2048,320,108,0.00327014,40.08146440213569
1,2048,320,112,0.00324548,40.38601377916364
1,2048,320,116,0.00329348,39.79741792875621
1,2048,320,120,0.00325543,40.26257667957842
1,2048,320,124,0.00326807,40.1068520564125
1,2048,320,128,0.00331666,39.519275415628975
1,2048,320,132,0.00331223,39.572131162389084
1,2048,320,136,0.00329108,39.82643995284222
1,2048,320,140,0.00331463,39.54347845762574
1,2048,320,144,0.00331425,39.54801237082296
1,2048,320,148,0.00340888,38.45016545023586
1,2048,320,152,0.00336403,38.96279165167968
1,2048,320,156,0.00343525,38.15501055236155
1,2048,320,160,0.00332175,39.45871904869421
1,2048,324,8,0.00704794,19.303356157969564
1,2048,324,12,0.00563447,24.14581957131727
1,2048,324,16,0.00491545,27.677810983734958
1,2048,324,20,0.00457822,29.71654835285329
1,2048,324,24,0.00433054,31.416150410803272
1,2048,324,28,0.00425182,31.99780235287477
1,2048,324,32,0.00400167,33.998029822549086
1,2048,324,36,0.00380765,35.73041009546571
1,2048,324,40,0.0038263,35.55625434492852
1,2048,324,44,0.00372966,36.477559884815236
1,2048,324,48,0.00360202,37.7701667397738
1,2048,324,52,0.00363335,37.44447851156646
1,2048,324,56,0.0035469,38.357127632580564
1,2048,324,60,0.00361196,37.666224432164256
1,2048,324,64,0.00363528,37.42459893048129
1,2048,324,68,0.00349083,38.973222987083304
1,2048,324,72,0.00352807,38.5618471288835
1,2048,324,76,0.00352423,38.60386410648567
1,2048,324,80,0.00352576,38.587111998547826
1,2048,324,84,0.00342208,39.756199738170935
1,2048,324,88,0.00345079,39.42543475551975
1,2048,324,92,0.00343223,39.63863027827389
1,2048,324,96,0.00349073,38.97433946481109
1,2048,324,100,0.00348888,38.995005847148654
1,2048,324,104,0.00347196,39.18504130231915
1,2048,324,108,0.00339282,40.09906095814102
1,2048,324,112,0.00339719,40.04747924019557
1,2048,324,116,0.00341009,39.89598397696248
1,2048,324,120,0.00341141,39.88054675339522
1,2048,324,124,0.0034321,39.64013169779435
1,2048,324,128,0.00346662,39.24540214964432
1,2048,324,132,0.00345396,39.3892505993121
1,2048,324,136,0.00347326,39.17037480637787
1,2048,324,140,0.00346346,39.28120896444596
1,2048,324,144,0.00350107,38.859233320099285
1,2048,324,148,0.00348574,39.030133056395485
1,2048,324,152,0.00353718,38.46253116889726
1,2048,324,156,0.00351906,38.6605786772604
1,2048,324,160,0.0035456,38.37119133574007
1,2048,328,8,0.00742574,19.008234600187997
1,2048,328,12,0.00600219,23.51645116199254
1,2048,328,16,0.00506021,27.89414036176364
1,2048,328,20,0.00479892,29.412911238361964
1,2048,328,24,0.00446475,31.614358698695334
1,2048,328,28,0.00424833,33.224869066197776
1,2048,328,32,0.00409472,34.47127227258519
1,2048,328,36,0.00408083,34.58860280874234
1,2048,328,40,0.00390157,36.177797143201325
1,2048,328,44,0.00383185,36.836047340057675
1,2048,328,48,0.00370924,38.053673528809135
1,2048,328,52,0.00372322,37.91078904818947
1,2048,328,56,0.00364751,38.69768910846029
1,2048,328,60,0.00366909,38.470086043133314
1,2048,328,64,0.00365559,38.612155083037216
1,2048,328,68,0.00358672,39.353562028817414
1,2048,328,72,0.00357675,39.46325798560146
1,2048,328,76,0.00362041,38.98735447090247
1,2048,328,80,0.003623,38.95948330113166
1,2048,328,84,0.00350882,40.22725816656312
1,2048,328,88,0.00354483,39.81861132973936
1,2048,328,92,0.00350895,40.22576782228302
1,2048,328,96,0.00350278,40.296623824505104
1,2048,328,100,0.00353665,39.910708721530256
1,2048,328,104,0.00360194,39.18727352482273
1,2048,328,108,0.00359925,39.21656122803361
1,2048,328,112,0.00348997,40.44453333409743
1,2048,328,116,0.00350112,40.315729823599305
1,2048,328,120,0.00348515,40.50046855945943
1,2048,328,124,0.00350604,40.25915505812826
1,2048,328,128,0.00355383,39.71777153099614
1,2048,328,132,0.00352389,40.05522533336739
1,2048,328,136,0.00356694,39.5717920682714
1,2048,328,140,0.00352206,40.07603731906895
1,2048,328,144,0.00356575,39.58499838743603
1,2048,328,148,0.00357044,39.53300097466979
1,2048,328,152,0.003582,39.405418202121716
1,2048,328,156,0.00363012,38.88306943021167
1,2048,328,160,0.00364222,38.75389405362663
1,2048,328,164,0.0035243,40.05056550236926
1,2048,332,8,0.00760047,19.259002666940333
1,2048,332,12,0.00611167,23.950486855474853
1,2048,332,16,0.00523743,27.948339548213532
1,2048,332,20,0.00490821,29.822984754116067
1,2048,332,24,0.00463443,31.58478432083341
1,2048,332,28,0.00446153,32.808805947735415
1,2048,332,32,0.00423776,34.54123687986106
1,2048,332,36,0.00416905,35.11051006824097
1,2048,332,40,0.00407514,35.919617976314925
1,2048,332,44,0.00401931,36.41855741408351
1,2048,332,48,0.0038531,37.98953362227817
1,2048,332,52,0.00388214,37.70535632408929
1,2048,332,56,0.00379254,38.59615772015589
1,2048,332,60,0.00391613,37.37809316851075
1,2048,332,64,0.00383301,38.18864860775213
1,2048,332,68,0.00372476,39.29849762132325
1,2048,332,72,0.00374493,39.08683793822581
1,2048,332,76,0.00377293,38.796763258263475
1,2048,332,80,0.00374818,39.05294622990358
1,2048,332,84,0.00366728,39.914452128007675
1,2048,332,88,0.00393061,37.24039576554275
1,2048,332,92,0.00373213,39.22089316288554
1,2048,332,96,0.00371403,39.41203275148558
1,2048,332,100,0.00369895,39.57270901201692
1,2048,332,104,0.0037624,38.90534552413353
1,2048,332,108,0.00377014,38.82547385508231
1,2048,332,112,0.00367718,39.80699122697285
1,2048,332,116,0.0036458,40.14961654506556
1,2048,332,120,0.00366137,39.97888003670757
1,2048,332,124,0.00370648,39.49231400142453
1,2048,332,128,0.003709,39.46548180102454
1,2048,332,132,0.00366871,39.89889416170807
1,2048,332,136,0.00370853,39.470483453012385
1,2048,332,140,0.0037109,39.4452752701501
1,2048,332,144,0.00377912,38.73321619848007
1,2048,332,148,0.0038114,38.405171852862466
1,2048,332,152,0.00375343,38.99832206808173
1,2048,332,156,0.00378776,38.64486451095107
1,2048,332,160,0.00381087,38.41051308493861
1,2048,332,164,0.00382795,38.23912851526274
1,2048,336,8,0.00805999,18.825361321788243
1,2048,336,12,0.00632251,23.998732149099013
1,2048,336,16,0.00539202,28.140144880768247
1,2048,336,20,0.00500704,30.303777081868727
1,2048,336,24,0.00471466,32.183068132166476
1,2048,336,28,0.00451507,33.6057301437187
1,2048,336,32,0.004356,34.83292561983472
1,2048,336,36,0.00429716,35.30988466801329
1,2048,336,40,0.00413869,36.66189639716915
1,2048,336,44,0.0040874,37.12194157655234
1,2048,336,48,0.00390766,38.82943347169405
1,2048,336,52,0.00395885,38.32734859870922
1,2048,336,56,0.00386653,39.2424794324627
1,2048,336,60,0.00386308,39.277525704877974
1,2048,336,64,0.00394325,38.47897647879288
1,2048,336,68,0.00380334,39.89446749436022
1,2048,336,72,0.00382495,39.66907384410254
1,2048,336,76,0.00385086,39.40216574998832
1,2048,336,80,0.00379922,39.93773037623512
1,2048,336,84,0.00376832,40.265217391304354
1,2048,336,88,0.0037693,40.254748627066036
1,2048,336,92,0.00375811,40.37460957768666
1,2048,336,96,0.00377359,40.208985077870146
1,2048,336,100,0.00376933,40.254428240562646
1,2048,336,104,0.00382217,39.69792657050838
1,2048,336,108,0.00389892,38.916475331630295
1,2048,336,112,0.00392594,38.64863548602373
1,2048,336,116,0.00384419,39.47053189358486
1,2048,336,120,0.00379918,39.93815086413383
1,2048,336,124,0.0039861,38.06533303228719
1,2048,336,128,0.00389858,38.919869285739935
1,2048,336,132,0.00407494,37.23544984711431
1,2048,336,136,0.00386921,39.21529821333037
1,2048,336,140,0.00401593,37.78258684787833
1,2048,336,144,0.00390887,38.81741372826418
1,2048,336,148,0.00396313,38.285956806867304
1,2048,336,152,0.00388246,39.081464844454295
1,2048,336,156,0.0038489,39.42223076723219
1,2048,336,160,0.00383399,39.575539842305275
1,2048,336,164,0.00386776,39.22999979316194
1,2048,336,168,0.00384599,39.45205889770904
1,2048,340,8,0.00846071,18.58189206343203
1,2048,340,12,0.00674788,23.298576738175544
1,2048,340,16,0.00591848,26.56357713466971
1,2048,340,20,0.00536595,29.298819407560636
1,2048,340,24,0.0051256,30.6727017324801
1,2048,340,28,0.00492674,31.910756402814034
1,2048,340,32,0.00457551,34.36032267441225
1,2048,340,36,0.00449783,34.95374436116972
1,2048,340,40,0.00435781,36.07683675974859
1,2048,340,44,0.00432041,36.38913899375291
1,2048,340,48,0.00431368,36.445911611431534
1,2048,340,52,0.00414636,37.91663049035781
1,2048,340,56,0.00416322,37.76307761780545
1,2048,340,60,0.00406698,38.65669366458649
1,2048,340,64,0.00411127,38.24025179567384
1,2048,340,68,0.00395835,39.717559083961746
1,2048,340,72,0.00404782,38.83967172453321
1,2048,340,76,0.00400316,39.27297435026329
1,2048,340,80,0.00399165,39.38621873160222
1,2048,340,84,0.00403835,38.93075142075353
1,2048,340,88,0.00396312,39.66975514241305
1,2048,340,92,0.00395379,39.7633662890543
1,2048,340,96,0.00394017,39.90081646223386
1,2048,340,100,0.00395018,39.7997053298837
1,2048,340,104,0.00397105,39.59053650797648
1,2048,340,108,0.00399617,39.341669648688615
1,2048,340,112,0.00399258,39.377044417394266
1,2048,340,116,0.00389432,40.370591014605886
1,2048,340,120,0.00392395,40.06575007326801
1,2048,340,124,0.0039166,40.14093856916714
1,2048,340,128,0.00395068,39.794668259641384
1,2048,340,132,0.00390412,40.26925401883139
1,2048,340,136,0.00394693,39.83247739382254
1,2048,340,140,0.00396307,39.670255635151534
1,2048,340,144,0.00394657,39.836110850688065
1,2048,340,148,0.00393562,39.94694609743827
1,2048,340,152,0.00402847,39.02623080226488
1,2048,340,156,0.00400256,39.27886152862169
1,2048,340,160,0.0040548,38.772812469172344
1,2048,340,164,0.00404314,38.8846292732876
1,2048,340,168,0.00407739,38.55799911217716
1,2048,344,8,0.00865192,18.820138882467706
1,2048,344,12,0.00687015,23.701132580802454
1,2048,344,16,0.00596661,27.290259628164065
1,2048,344,20,0.00545521,29.848591713242936
1,2048,344,24,0.00512371,31.779772079216038
1,2048,344,28,0.00495979,32.830086757705466
1,2048,344,32,0.00463017,35.167247854830386
1,2048,344,36,0.00454154,35.85355099811958
1,2048,344,40,0.00442024,36.837442310824756
1,2048,344,44,0.00433087,37.597604176528044
1,2048,344,48,0.00429808,37.88443584111975
1,2048,344,52,0.00421866,38.59764380158629
1,2048,344,56,0.00428608,37.99050321039271
1,2048,344,60,0.00419051,38.85692576798528
1,2048,344,64,0.00413071,39.419454766856056
1,2048,344,68,0.00415421,39.19646238394303
1,2048,344,72,0.00408955,39.816198848284046
1,2048,344,76,0.00405373,40.16802697762308
1,2048,344,80,0.00407302,39.97778945352589
1,2048,344,84,0.00415216,39.215814419482875
1,2048,344,88,0.00400095,40.697918244416954
1,2048,344,92,0.00400464,40.660417915218346
1,2048,344,96,0.00398096,40.90227884731321
1,2048,344,100,0.00401022,40.60384118577036
1,2048,344,104,0.00401659,40.5394466450397
1,2048,344,108,0.00405627,40.142874118340245
1,2048,344,112,0.00407346,39.97347120138654
1,2048,344,116,0.00395766,41.1430835392631
1,2048,344,120,0.00395341,41.1873132308564
1,2048,344,124,0.00395248,41.19700441241954
1,2048,344,128,0.00399986,40.709008815308536
1,2048,344,132,0.00399706,40.737526081670026
1,2048,344,136,0.00408623,39.848548906938674
1,2048,344,140,0.00400139,40.693443028547584
1,2048,344,144,0.00400775,40.62886557295241
1,2048,344,148,0.00401826,40.52259833858436
1,2048,344,152,0.00405675,40.13812436063351
1,2048,344,156,0.00409054,39.80656245874628
1,2048,344,160,0.00405979,40.10806864394464
1,2048,344,164,0.00409109,39.80121092422801
1,2048,344,168,0.00414929,39.242939394450616
1,2048,344,172,0.00407368,39.97131242512913
1,2048,348,8,0.00880637,19.142594281185094
1,2048,348,12,0.00690549,24.41199219751241
1,2048,348,16,0.0059843,28.169839078923182
1,2048,348,20,0.00558274,30.19606286518806
1,2048,348,24,0.00529256,31.851649863204198
1,2048,348,28,0.00512414,32.89854843934787
1,2048,348,32,0.0047852,35.22878207807407
1,2048,348,36,0.00477013,35.340078362644206
1,2048,348,40,0.00459918,36.65365739110016
1,2048,348,44,0.00447093,37.70507880910684
1,2048,348,48,0.00451349,37.34953838382272
1,2048,348,52,0.00437827,38.50305440276639
1,2048,348,56,0.00438536,38.44080485980626
1,2048,348,60,0.00429088,39.28722499813558
1,2048,348,64,0.0042889,39.30536221408753
1,2048,348,68,0.00431593,39.05919882852595
1,2048,348,72,0.00423046,39.84833044160682
1,2048,348,76,0.00421381,40.0057828900686
1,2048,348,80,0.0042544,39.62409928544566
1,2048,348,84,0.00426412,39.53377672298153
1,2048,348,88,0.0041463,40.65715650097677
1,2048,348,92,0.00419037,40.22956636287488
1,2048,348,96,0.00415304,40.591173694450326
1,2048,348,100,0.0042241,39.90832792784262
1,2048,348,104,0.004202,40.118221799143264
1,2048,348,108,0.00426945,39.48442258370516
1,2048,348,112,0.00424566,39.705668376648156
1,2048,348,116,0.00415305,40.59107595622495
1,2048,348,120,0.00414991,40.621788906265444
1,2048,348,124,0.00417486,40.3790230091548
1,2048,348,128,0.0042202,39.94520828396758
1,2048,348,132,0.004153,40.59156465205876
1,2048,348,136,0.00416032,40.520144604261205
1,2048,348,140,0.00419234,40.210662303152894
1,2048,348,144,0.00418797,40.2526207207788
1,2048,348,148,0.00420262,40.112303277479285
1,2048,348,152,0.00420395,40.09961298302787
1,2048,348,156,0.00424589,39.703517519295126
1,2048,348,160,0.00426797,39.4981145603179
1,2048,348,164,0.00429794,39.22268993983164
1,2048,348,168,0.0043116,39.09842471472307
1,2048,348,172,0.00433542,38.883607124569245
1,2048,352,8,0.00911186,19.146127354897903
1,2048,352,12,0.00740123,23.571329630345225
1,2048,352,16,0.00622124,28.042131793661714
1,2048,352,20,0.00571255,30.539221888648672
1,2048,352,24,0.00546217,31.93910698495287
1,2048,352,28,0.0052368,33.31363275282616
1,2048,352,32,0.00489878,35.61230183841691
1,2048,352,36,0.00484124,36.03556774710611
1,2048,352,40,0.00467491,37.317687827145335
1,2048,352,44,0.00461229,37.82434148763412
1,2048,352,48,0.00463135,37.668678031243594
1,2048,352,52,0.00448127,38.930221120352044
1,2048,352,56,0.00446611,39.06236792197237
1,2048,352,60,0.00440387,39.614437301736885
1,2048,352,64,0.00440352,39.617585931255
1,2048,352,68,0.00444972,39.20624938198359
1,2048,352,72,0.0042967,40.60251634975679
1,2048,352,76,0.00431083,40.469429784983404
1,2048,352,80,0.0043055,40.519528974567415
1,2048,352,84,0.00447337,38.99897213957262
1,2048,352,88,0.00425937,40.95836520424382
1,2048,352,92,0.00428794,40.6854648152726
1,2048,352,96,0.00425979,40.95432685648823
1,2048,352,100,0.00425281,41.02154387334492
1,2048,352,104,0.0042745,40.81338916832378
1,2048,352,108,0.00429844,40.58608053154168
1,2048,352,112,0.00431479,40.432288014016905
1,2048,352,116,0.00436758,39.94359164571685
1,2048,352,120,0.00425943,40.95778824866238
1,2048,352,124,0.0042248,41.29351259231206
1,2048,352,128,0.00425678,40.98328595793064
1,2048,352,132,0.00424117,41.13412855414897
1,2048,352,136,0.00424015,41.144023678407606
1,2048,352,140,0.00424622,41.08520802030983
1,2048,352,144,0.00427457,40.81272081168398
1,2048,352,148,0.00431601,40.42085908049332
1,2048,352,152,0.00431069,40.470744126810324
1,2048,352,156,0.00435819,40.02965267691404
1,2048,352,160,0.00432635,40.3242530077317
1,2048,352,164,0.00434672,40.13528177568373
1,2048,352,168,0.00439762,39.67073826296952
1,2048,352,172,0.00448615,38.887873120604525
1,2048,352,176,0.00429978,40.57343212908568
1,2048,356,8,0.00940735,19.184155367877242
1,2048,356,12,0.00743734,24.26567348003453
1,2048,356,16,0.00650748,27.733018618574313
1,2048,356,20,0.00587865,30.699576263257722
1,2048,356,24,0.00562158,32.103441381248686
1,2048,356,28,0.0054169,33.316484336059375
1,2048,356,32,0.00518578,34.80133441835172
1,2048,356,36,0.00498257,36.220678083800124
1,2048,356,40,0.00484429,37.25459541026652
1,2048,356,44,0.00490392,36.80159219563125
1,2048,356,48,0.00480488,37.56016050348812
1,2048,356,52,0.00465147,38.798931090601464
1,2048,356,56,0.00469608,38.43036404831264
1,2048,356,60,0.0046054,39.187055196074176
1,2048,356,64,0.00459521,39.27395352987132
1,2048,356,68,0.00458083,39.39724111132699
1,2048,356,72,0.00450482,40.061992266061694
1,2048,356,76,0.00449142,40.18151586803282
1,2048,356,80,0.00450531,40.05763510169112
1,2048,356,84,0.00453255,39.81689424275518
1,2048,356,88,0.00456586,39.52641211075241
1,2048,356,92,0.00446911,40.382103819328684
1,2048,356,96,0.00442507,40.78400206098435
1,2048,356,100,0.00445716,40.490371447289306
1,2048,356,104,0.00452263,39.90422917638631
1,2048,356,108,0.00449242,40.17257157612156
1,2048,356,112,0.00449221,40.17444954710488
1,2048,356,116,0.00457226,39.47108519637991
1,2048,356,120,0.00454935,39.669857012540255
1,2048,356,124,0.00445368,40.52200966391838
1,2048,356,128,0.00445306,40.52765154747522
1,2048,356,132,0.00443059,40.733189936329026
1,2048,356,136,0.00447901,40.29284685678308
1,2048,356,140,0.00445708,40.49109820779523
1,2048,356,144,0.00445922,40.47166634523527
1,2048,356,148,0.00449603,40.140315789707806
1,2048,356,152,0.00451985,39.92877285750633
1,2048,356,156,0.00452197,39.910053361698544
1,2048,356,160,0.00453371,39.80670664863876
1,2048,356,164,0.00454429,39.71402881418219
1,2048,356,168,0.00464527,38.85071567422346
1,2048,356,172,0.004618,39.08013512343006
1,2048,356,176,0.00463967,38.8976078040033
1,2048,360,8,0.00981041,19.02305815964878
1,2048,360,12,0.00778426,23.974533224738124
1,2048,360,16,0.00665775,28.031091584994932
1,2048,360,20,0.00604783,30.858010228462113
1,2048,360,24,0.00578602,32.25429569894332
1,2048,360,28,0.00550353,33.90987239099269
1,2048,360,32,0.00532015,35.07871018674285
1,2048,360,36,0.00514166,36.296449006741014
1,2048,360,40,0.00496487,37.58889960865038
1,2048,360,44,0.00499587,37.355655771667394
1,2048,360,48,0.00484715,38.501800026819886
1,2048,360,52,0.00472079,39.53236640477547
1,2048,360,56,0.00472474,39.49931636449837
1,2048,360,60,0.00464329,40.19219131262532
1,2048,360,64,0.00465451,40.09530541345921
1,2048,360,68,0.00468654,39.82127539720135
1,2048,360,72,0.00454106,41.09701259177372
1,2048,360,76,0.00456254,40.90353180465267
1,2048,360,80,0.0046054,40.52286446345594
1,2048,360,84,0.00460132,40.55879617153339
1,2048,360,88,0.00460954,40.48646936570678
1,2048,360,92,0.00449002,41.56418011501063
1,2048,360,96,0.00450567,41.419811038092
1,2048,360,100,0.004492,41.545859305431875
1,2048,360,104,0.00451168,41.36463578977232
1,2048,360,108,0.00455271,40.991848810928005
1,2048,360,112,0.00458266,40.72394635430078
1,2048,360,116,0.00459743,40.59311397889691
1,2048,360,120,0.00449872,41.48379983639791
1,2048,360,124,0.00449402,41.527185014752945
1,2048,360,128,0.00455149,41.002836433783216
1,2048,360,132,0.00446639,41.78408065574211
1,2048,360,136,0.00452818,41.21390934105977
1,2048,360,140,0.00453378,41.163003057051725
1,2048,360,144,0.00448983,41.56593902219015
1,2048,360,148,0.00449076,41.55733105309569
1,2048,360,152,0.00460458,40.53008091943239
1,2048,360,156,0.00455891,40.9361009539561
1,2048,360,160,0.00455164,41.00148517896846
1,2048,360,164,0.00460437,40.53192944963155
1,2048,360,168,0.00464311,40.19374944810698
1,2048,360,172,0.0046648,40.00685988681187
1,2048,360,176,0.00464336,40.1915854036732
1,2048,360,180,0.00453765,41.12789659845956
1,2048,364,8,0.010014,19.264447373676852
1,2048,364,12,0.00800856,24.08849730788057
1,2048,364,16,0.00688021,28.038995321363736
1,2048,364,20,0.00643091,29.9979592312752
1,2048,364,24,0.0060588,31.84032745758236
1,2048,364,28,0.00571029,33.78360398508657
1,2048,364,32,0.00547381,35.243126085852445
1,2048,364,36,0.00544311,35.441902882726964
1,2048,364,40,0.00526936,36.61055156603459
1,2048,364,44,0.00515981,37.387844901265744
1,2048,364,48,0.00507053,38.04615612174664
1,2048,364,52,0.00489089,39.443572846659805
1,2048,364,56,0.00495114,38.963587375836674
1,2048,364,60,0.00496651,38.84300565185613
1,2048,364,64,0.00481653,40.052522459114755
1,2048,364,68,0.00484235,39.83895753095088
1,2048,364,72,0.00488301,39.50722525655282
1,2048,364,76,0.00475924,40.534660155823204
1,2048,364,80,0.00475014,40.6123137423318
1,2048,364,84,0.00477049,40.43906936184753
1,2048,364,88,0.00481055,40.102311793869724
1,2048,364,92,0.00468537,41.17373355786202
1,2048,364,96,0.00465947,41.40260072497516
1,2048,364,100,0.00470172,41.03055392494661
1,2048,364,104,0.00475966,40.5310833126736
1,2048,364,108,0.00475644,40.55852191975511
1,2048,364,112,0.004764,40.494159529806886
1,2048,364,116,0.00479601,40.223889441431524
1,2048,364,120,0.00477449,40.4051900831293
1,2048,364,124,0.00467163,41.294831996540815
1,2048,364,128,0.00472503,40.82813781076522
1,2048,364,132,0.0046915,41.11993520196099
1,2048,364,136,0.00469415,41.09672166419905
1,2048,364,140,0.00470213,41.026976285215426
1,2048,364,144,0.00469804,41.0626933785153
1,2048,364,148,0.00471619,40.904665842555104
1,2048,364,152,0.00476801,40.46010306186439
1,2048,364,156,0.00473338,40.756114235493456
1,2048,364,160,0.00475153,40.60043312364648
1,2048,364,164,0.00479711,40.21466591343538
1,2048,364,168,0.00484156,39.84545807549633
1,2048,364,172,0.00490171,39.356505382815385
1,2048,364,176,0.00486933,39.61821770140862
1,2048,364,180,0.00487814,39.54666655733537
1,2048,368,8,0.0104332,19.106710117701184
1,2048,368,12,0.00833566,23.914618398543126
1,2048,368,16,0.00705146,28.269908359403583
1,2048,368,20,0.00656351,30.37157374636437
1,2048,368,24,0.00620961,32.102519803981245
1,2048,368,28,0.00600379,33.203048074632854
1,2048,368,32,0.0055827,35.7074763107457
1,2048,368,36,0.00549592,36.27129361417197
1,2048,368,40,0.00538533,37.01613977230736
1,2048,368,44,0.00529509,37.6469763497882
1,2048,368,48,0.00511635,38.962175769835916
1,2048,368,52,0.00521416,38.23130245331943
1,2048,368,56,0.00503227,39.61316225083312
1,2048,368,60,0.00514988,38.70849961552502
1,2048,368,64,0.00494245,40.333059110360246
1,2048,368,68,0.00497738,40.050011853625804
1,2048,368,72,0.00495579,40.22449054540245
1,2048,368,76,0.00491775,40.53563682578415
1,2048,368,80,0.00490526,40.63885054003254
1,2048,368,84,0.00487743,40.8707306921883
1,2048,368,88,0.00489612,40.714714508631324
1,2048,368,92,0.00479089,41.60899707569992
1,2048,368,96,0.00477531,41.74475123081015
1,2048,368,100,0.00482083,41.350582368596285
1,2048,368,104,0.00482527,41.31253339191382
1,2048,368,108,0.00485948,41.02169944109246
1,2048,368,112,0.00488966,40.76850496762557
1,2048,368,116,0.00494415,40.31919096305736
1,2048,368,120,0.00493664,40.38052764633435
1,2048,368,124,0.00477642,41.73505010028432
1,2048,368,128,0.00482882,41.282161687534426
1,2048,368,132,0.00474854,41.980088195529575
1,2048,368,136,0.00478052,41.69925614786676
1,2048,368,140,0.0047917,41.601963395037245
1,2048,368,144,0.00487992,40.849876227479136
1,2048,368,148,0.00478367,41.67179759473375
1,2048,368,152,0.00478882,41.62698284754908
1,2048,368,156,0.00480214,41.51151944757962
1,2048,368,160,0.00484315,41.16001527931202
1,2048,368,164,0.00489241,40.745589188150625
1,2048,368,168,0.00496655,40.13734443426524
1,2048,368,172,0.00492705,40.459124222404895
1,2048,368,176,0.00502378,39.68010701105542
1,2048,368,180,0.00496112,40.1812751959235
1,2048,368,184,0.0048483,41.116293958707175
1,2048,372,8,0.0106974,19.2491065118627
1,2048,372,12,0.00838785,24.54924587349559
1,2048,372,16,0.00740925,27.79166474339508
1,2048,372,20,0.00680044,30.279716018375282
1,2048,372,24,0.00637995,32.27539275386171
1,2048,372,28,0.00620236,33.19952276230338
1,2048,372,32,0.00580359,35.48069246793795
1,2048,372,36,0.00573497,35.90522565941932
1,2048,372,40,0.00590509,34.87083041918074
1,2048,372,44,0.00546693,37.66563537488133
1,2048,372,48,0.00529674,38.87587308419896
1,2048,372,52,0.0053472,38.50901256732496
1,2048,372,56,0.00523949,39.30065559815936
1,2048,372,60,0.00533594,38.59027500309224
1,2048,372,64,0.00512229,40.19986998002847
1,2048,372,68,0.00513796,40.07726646373269
1,2048,372,72,0.00521003,39.52288029051656
1,2048,372,76,0.00507585,40.567666893229706
1,2048,372,80,0.005055,40.73499347181009
1,2048,372,84,0.00505448,40.73918424842911
1,2048,372,88,0.00510353,40.34764016278928
1,2048,372,92,0.00512877,40.14907901894606
1,2048,372,96,0.00497547,41.38611869833402
1,2048,372,100,0.00503416,40.903624835126415
1,2048,372,104,0.00499516,41.222982246814915
1,2048,372,108,0.00504035,40.85339153035007
1,2048,372,112,0.00504705,40.79915832020686
1,2048,372,116,0.00509291,40.431775154086765
1,2048,372,120,0.0050896,40.45806978937441
1,2048,372,124,0.00502951,40.94144200926134
1,2048,372,128,0.00502651,40.965877318457544
1,2048,372,132,0.00498744,41.28679081853616
1,2048,372,136,0.0050314,40.92606272608022
1,2048,372,140,0.00505528,40.732737256887845
1,2048,372,144,0.00501767,41.038049931541934
1,2048,372,148,0.00499514,41.2231472991748
1,2048,372,152,0.00502894,40.9460824746368
1,2048,372,156,0.00507181,40.599981466182676
1,2048,372,160,0.00507965,40.53731890976741
1,2048,372,164,0.00506414,40.66147302404752
1,2048,372,168,0.0050944,40.41994974874372
1,2048,372,172,0.00514459,40.02561759051742
1,2048,372,176,0.00518536,39.71091534628261
1,2048,372,180,0.00515701,39.9292210020923
1,2048,372,184,0.00518809,39.69001925564128
1,2048,376,8,0.0111288,19.106238228739844
1,2048,376,12,0.00891044,23.86296344512729
1,2048,376,16,0.00755721,28.135979283359863
1,2048,376,20,0.00690792,30.780539438789102
1,2048,376,24,0.00654445,32.49004943119743
1,2048,376,28,0.00633258,33.577073483477506
1,2048,376,32,0.00595679,35.69531643720863
1,2048,376,36,0.00583991,36.40972275257667
1,2048,376,40,0.00568088,37.428972976017796
1,2048,376,44,0.00560238,37.95342408048009
1,2048,376,48,0.00558809,38.050479501940735
1,2048,376,52,0.0055127,38.57084622780126
1,2048,376,56,0.00535295,39.721929777038824
1,2048,376,60,0.00541223,39.28685661917546
1,2048,376,64,0.00530776,40.060120276726906
1,2048,376,68,0.00526105,40.41579228481007
1,2048,376,72,0.00526196,40.40880280351807
1,2048,376,76,0.0052278,40.67284593901832
1,2048,376,80,0.00517339,41.10061371750439
1,2048,376,84,0.0051745,41.09179708184365
1,2048,376,88,0.00519093,40.96173595097603
1,2048,376,92,0.00524167,40.565221389366364
1,2048,376,96,0.0050997,41.69451222620938
1,2048,376,100,0.00511948,41.533418237789775
1,2048,376,104,0.00510685,41.63613656167696
1,2048,376,108,0.00512672,41.47476437176206
1,2048,376,112,0.0051343,41.41353329567809
1,2048,376,116,0.00516072,41.20151916786805
1,2048,376,120,0.00522517,40.69331792075665
1,2048,376,124,0.00523241,40.63701124338498
1,2048,376,128,0.00519578,40.92350022518275
1,2048,376,132,0.00509378,41.742969661037584
1,2048,376,136,0.00510535,41.64836965144408
1,2048,376,140,0.00514804,41.30300153067964
1,2048,376,144,0.0051043,41.656937092255546
1,2048,376,148,0.00512041,41.52587468581618
1,2048,376,152,0.00512872,41.45859083747992
1,2048,376,156,0.00515764,41.22612357589905
1,2048,376,160,0.00517182,41.11309055612918
1,2048,376,164,0.00516253,41.18707377971653
1,2048,376,168,0.00519364,40.94036244329603
1,2048,376,172,0.00523318,40.63103199202015
1,2048,376,176,0.00523047,40.65208365596208
1,2048,376,180,0.00529453,40.160222720430326
1,2048,376,184,0.00530321,40.09449069525816
1,2048,376,188,0.00516476,41.169290344565866
1,2048,380,8,0.0113756,19.29463061289075
1,2048,380,12,0.00913438,24.02877918369939
1,2048,380,16,0.00781289,28.09306159436521
1,2048,380,20,0.00714492,30.719448223353098
1,2048,380,24,0.00683017,32.13507130862043
1,2048,380,28,0.00650797,33.72603131237544
1,2048,380,32,0.00612353,35.8433779209051
1,2048,380,36,0.00605632,36.24114974109691
1,2048,380,40,0.00592443,37.047952292456834
1,2048,380,44,0.00582257,37.696068918020735
1,2048,380,48,0.00564057,38.912379422647
1,2048,380,52,0.00565482,38.8143212339208
1,2048,380,56,0.00555053,39.54361115064688
1,2048,380,60,0.00560073,39.189177125124765
1,2048,380,64,0.00543821,40.36033915571485
1,2048,380,68,0.00545632,40.22637968447598
1,2048,380,72,0.00551478,39.799955755261315
1,2048,380,76,0.00540277,40.62508676105035
1,2048,380,80,0.00536916,40.87939267967428
1,2048,380,84,0.00541717,40.517096565180715
1,2048,380,88,0.00544702,40.295060418357195
1,2048,380,92,0.00545117,40.26438360939028
1,2048,380,96,0.00532492,41.21902300879637
1,2048,380,100,0.005292,41.475434618291764
1,2048,380,104,0.00532718,41.201536272474364
1,2048,380,108,0.00534307,41.07900514123902
1,2048,380,112,0.00536667,40.89835969045982
1,2048,380,116,0.00538297,40.774516670165355
1,2048,380,120,0.00545357,40.24666411176533
1,2048,380,124,0.00541904,40.50311494286811
1,2048,380,128,0.00535432,40.99269375009338
1,2048,380,132,0.00530467,41.37637214002002
1,2048,380,136,0.00532224,41.23977873977874
1,2048,380,140,0.00530367,41.384173600544536
1,2048,380,144,0.00529659,41.439492201586305
1,2048,380,148,0.00530595,41.3663905615394
1,2048,380,152,0.00532199,41.24171597466361
1,2048,380,156,0.00534808,41.040522954032106
1,2048,380,160,0.00536744,40.89249251039602
1,2048,380,164,0.00537718,40.818421551817124
1,2048,380,168,0.00542191,40.4816752767936
1,2048,380,172,0.00548337,40.02793902290015
1,2048,380,176,0.00545622,40.227116941765544
1,2048,380,180,0.00547996,40.05284710107373
1,2048,380,184,0.00554821,39.56014642560393
1,2048,380,188,0.00557163,39.393857811807315
1,2048,384,8,0.0128113,17.679112658356296
1,2048,384,12,0.00994501,22.774478457035237
1,2048,384,16,0.00850316,26.63626416532207
1,2048,384,20,0.00784419,28.873907439773898
1,2048,384,24,0.00721701,31.383137338038882
1,2048,384,28,0.0069175,32.741946657029274
1,2048,384,32,0.00646467,35.03541804918117
1,2048,384,36,0.0064975,34.85839415159677
1,2048,384,40,0.00617384,36.68582535342672
1,2048,384,44,0.00608895,37.19728623161629
1,2048,384,48,0.00587169,38.57363314480158
1,2048,384,52,0.00589798,38.401692782952814
1,2048,384,56,0.00573995,39.45895277833431
1,2048,384,60,0.00580456,39.019738963849115
1,2048,384,64,0.00559285,40.49677999588761
1,2048,384,68,0.00566726,39.965065304926895
1,2048,384,72,0.00566693,39.967392574109795
1,2048,384,76,0.00570747,39.68350530094771
1,2048,384,80,0.00550093,41.17347721203506
1,2048,384,84,0.00552998,40.95718537860896
1,2048,384,88,0.00554466,40.84874744348617
1,2048,384,92,0.00559901,40.452225661322274
1,2048,384,96,0.00542488,41.75067761867544
1,2048,384,100,0.00548167,41.31814136932723
1,2048,384,104,0.00551839,41.043205717609666
1,2048,384,108,0.0054972,41.201414538310416
1,2048,384,112,0.00544417,41.60274495469466
1,2048,384,116,0.00550534,41.14049559155293
1,2048,384,120,0.00554548,40.842707213802946
1,2048,384,124,0.00551084,41.099436020642955
1,2048,384,128,0.00543346,41.684748944503134
1,2048,384,132,0.0053978,41.96013486976175
1,2048,384,136,0.0053953,41.97957778066095
1,2048,384,140,0.0054199,41.78903965017805
1,2048,384,144,0.0053794,42.103657656987764
1,2048,384,148,0.00543318,41.68689717623933
1,2048,384,152,0.00541167,41.852591898619096
1,2048,384,156,0.00548705,41.27762932723412
1,2048,384,160,0.00549118,41.24658379437571
1,2048,384,164,0.00546651,41.432726913515204
1,2048,384,168,0.00556239,40.71854292848937
1,2048,384,172,0.00552979,40.9585926409502
1,2048,384,176,0.00559373,40.4904090830269
1,2048,384,180,0.00559703,40.4665360021297
1,2048,384,184,0.00559703,40.4665360021297
1,2048,384,188,0.00562999,40.2296302480111
1,2048,384,192,0.00549633,41.20793620470386
1,2048,388,8,0.0121017,19.306732773081468
1,2048,388,12,0.00951765,24.548526999837144
1,2048,388,16,0.00821477,28.44197561222043
1,2048,388,20,0.00762081,30.65872105458606
1,2048,388,24,0.00728763,32.06039384546142
1,2048,388,28,0.00687575,33.980916699996364
1,2048,388,32,0.00664245,35.174414259798716
1,2048,388,36,0.00635318,36.775959125981004
1,2048,388,40,0.00623995,37.4432948981963
1,2048,388,44,0.00611198,38.22726645047922
1,2048,388,48,0.00605955,38.55802625607512
1,2048,388,52,0.00597334,39.1145134882662
1,2048,388,56,0.00585838,39.88206432494991
1,2048,388,60,0.00589928,39.60556000054244
1,2048,388,64,0.00585652,39.89473065916278
1,2048,388,68,0.00575605,40.59108034155366
1,2048,388,72,0.00582245,40.12817422219169
1,2048,388,76,0.00578336,40.39940242350467
1,2048,388,80,0.00559969,41.7245040350448
1,2048,388,84,0.00569832,41.00231085653316
1,2048,388,88,0.00570148,40.979585651444886
1,2048,388,92,0.00569952,40.99367806411768
1,2048,388,96,0.00572577,40.80574106190085
1,2048,388,100,0.00562378,41.5457731276828
1,2048,388,104,0.00562519,41.535359338973436
1,2048,388,108,0.00560087,41.715713451660186
1,2048,388,112,0.0055864,41.82376628956036
1,2048,388,116,0.00563435,41.46783355666581
1,2048,388,120,0.00572079,40.84126283258082
1,2048,388,124,0.00567824,41.147307616444536
1,2048,388,128,0.00576379,40.53657194311381
1,2048,388,132,0.00555576,42.05442423718807
1,2048,388,136,0.00556916,41.9532367538372
1,2048,388,140,0.0056505,41.349312096274666
1,2048,388,144,0.00558425,41.839868917043475
1,2048,388,148,0.00560914,41.654208666569204
1,2048,388,152,0.00561949,41.57748977220352
1,2048,388,156,0.0056149,41.61147803166575
1,2048,388,160,0.00563794,41.44142860690252
1,2048,388,164,0.00566093,41.27312791361137
1,2048,388,168,0.0056661,41.23546848802527
1,2048,388,172,0.00570922,40.92402955219802
1,2048,388,176,0.00573183,40.76259903032713
1,2048,388,180,0.00573802,40.71862558861768
1,2048,388,184,0.00576792,40.50754656791356
1,2048,388,188,0.0057773,40.44177868554515
1,2048,388,192,0.00586576,39.83188674613349
1,2048,392,8,0.0125249,19.23729147538104
1,2048,392,12,0.0100803,23.902577502653692
1,2048,392,16,0.00849926,28.348956497389185
1,2048,392,20,0.00790347,30.485995644950894
1,2048,392,24,0.00742436,32.45332284533617
1,2048,392,28,0.00705297,34.162225558878035
1,2048,392,32,0.00686146,35.11572639059325
1,2048,392,36,0.0065198,36.955911531028555
1,2048,392,40,0.00637728,37.78180540920267
1,2048,392,44,0.00624702,38.56961431210401
1,2048,392,48,0.00622421,38.71096123042121
1,2048,392,52,0.00611148,39.42500867220379
1,2048,392,56,0.0059685,40.36946502471308
1,2048,392,60,0.0060339,39.93191004159831
1,2048,392,64,0.00610063,39.49512624106035
1,2048,392,68,0.00587911,40.983269916705076
1,2048,392,72,0.00589296,40.886948494474765
1,2048,392,76,0.00593888,40.570806616735815
1,2048,392,80,0.0057987,41.551580871574664
1,2048,392,84,0.00575856,41.84121585952043
1,2048,392,88,0.00583084,41.32254563664926
1,2048,392,92,0.00583251,41.31071391219218
1,2048,392,96,0.00584857,41.19727591530921
1,2048,392,100,0.0056873,42.365472544089464
1,2048,392,104,0.00572411,42.09303315275213
1,2048,392,108,0.0057464,41.92975636920507
1,2048,392,112,0.0057329,42.02849378150675
1,2048,392,116,0.00578057,41.68190195776541
1,2048,392,120,0.00586531,41.07969604334638
1,2048,392,124,0.005811,41.463629667871274
1,2048,392,128,0.00588141,40.96724288903511
1,2048,392,132,0.00572135,42.11333898468019
1,2048,392,136,0.00569448,42.3120551832652
1,2048,392,140,0.0056752,42.45579926698618
1,2048,392,144,0.00569545,42.304848958379054
1,2048,392,148,0.00573015,42.0486639965795
1,2048,392,152,0.00572092,42.116504338463045
1,2048,392,156,0.00572447,42.090386009534505
1,2048,392,160,0.00574485,41.94106930555193
1,2048,392,164,0.00575895,41.83838234400368
1,2048,392,168,0.00580132,41.53281529031324
1,2048,392,172,0.00581079,41.465128149528724
1,2048,392,176,0.0058109,41.4643432170576
1,2048,392,180,0.00587291,41.02653573781993
1,2048,392,184,0.00588434,40.94684399609812
1,2048,392,188,0.00588018,40.97581230506549
1,2048,392,192,0.00598637,40.24895754856448
1,2048,392,196,0.00582545,41.36077933893519
1,2048,396,8,0.012839,19.347032011838927
1,2048,396,12,0.0101441,24.486799617511657
1,2048,396,16,0.00864556,28.73111099801517
1,2048,396,20,0.00802314,30.960016153276648
1,2048,396,24,0.0077052,32.237520635415045
1,2048,396,28,0.00739334,33.597338144870925
1,2048,396,32,0.00697177,35.628906862963056
1,2048,396,36,0.0067632,36.72766501064585
1,2048,396,40,0.00656554,37.83337608178459
1,2048,396,44,0.00648257,38.31760304940787
1,2048,396,48,0.00641891,38.69762062406234
1,2048,396,52,0.00630604,39.39025822861891
1,2048,396,56,0.00632246,39.287958168181376
1,2048,396,60,0.00623074,39.86629902708186
1,2048,396,64,0.00622876,39.8789717375529
1,2048,396,68,0.00612732,40.53918254636611
1,2048,396,72,0.00608027,40.8528805464231
1,2048,396,76,0.00614344,40.43281028218718
1,2048,396,80,0.00595119,41.73897052522268
1,2048,396,84,0.00602252,41.244619195951195
1,2048,396,88,0.00610009,40.72014412902105
1,2048,396,92,0.0060488,41.065425208305776
1,2048,396,96,0.00602384,41.23558129033972
1,2048,396,100,0.00595293,41.72677051468772
1,2048,396,104,0.00594631,41.77322473937618
1,2048,396,108,0.0059825,41.52052553280401
1,2048,396,112,0.00597276,41.588234585015975
1,2048,396,116,0.00595905,41.683916731693806
1,2048,396,120,0.00602137,41.25249635880207
1,2048,396,124,0.00603407,41.165671594794226
1,2048,396,128,0.00607869,40.863499207888545
1,2048,396,132,0.0059109,42.0234725676293
1,2048,396,136,0.00598599,41.496317902301875
1,2048,396,140,0.00610973,40.655895432367714
1,2048,396,144,0.0059521,41.73258917020883
1,2048,396,148,0.00593859,41.82752875682612
1,2048,396,152,0.00595635,41.702811956987084
1,2048,396,156,0.00598509,41.50255785627284
1,2048,396,160,0.00601207,41.31630935767548
1,2048,396,164,0.00598992,41.46909207468547
1,2048,396,168,0.00602665,41.21635469124639
1,2048,396,172,0.00606222,40.974518245791145
1,2048,396,176,0.00606398,40.962625866180296
1,2048,396,180,0.00606357,40.96539563326555
1,2048,396,184,0.00611073,40.64924223456117
1,2048,396,188,0.0061359,40.482495477436075
1,2048,396,192,0.00617859,40.20278801474122
1,2048,396,196,0.0061753,40.22420675918579
1,2048,400,8,0.0133018,19.245515644499243
1,2048,400,12,0.0106727,23.986432674018758
1,2048,400,16,0.00892679,28.677721779049353
1,2048,400,20,0.00824776,31.0387305159219
1,2048,400,24,0.0078101,32.77806942292672
1,2048,400,28,0.0075552,33.88394747988141
1,2048,400,32,0.00715264,35.79098067287044
1,2048,400,36,0.00707264,36.19581938286128
1,2048,400,40,0.00667188,38.369994664172616
1,2048,400,44,0.00677488,37.786647143565645
1,2048,400,48,0.00657112,38.95835108779021
1,2048,400,52,0.00654367,39.12177722898618
1,2048,400,56,0.00650597,39.34847532343371
1,2048,400,60,0.00635681,40.27177153320612
1,2048,400,64,0.00635535,40.281023075047
1,2048,400,68,0.00621364,41.1996832774348
1,2048,400,72,0.0062285,41.10138877739424
1,2048,400,76,0.00629207,40.68613349819694
1,2048,400,80,0.00605828,42.25621793644401
1,2048,400,84,0.0061146,41.867006836097204
1,2048,400,88,0.00609928,41.97216720662111
1,2048,400,92,0.00612866,41.7709580887176
1,2048,400,96,0.00616164,41.54738024292233
1,2048,400,100,0.00607246,42.15754405957388
1,2048,400,104,0.00607855,42.11530710449038
1,2048,400,108,0.00611621,41.855985978244696
1,2048,400,112,0.00608269,42.08664258740787
1,2048,400,116,0.00609987,41.96810751704544
1,2048,400,120,0.00614532,41.657716766580094
1,2048,400,124,0.00613979,41.695237133517594
1,2048,400,128,0.00619122,41.34887792712907
1,2048,400,132,0.00618379,41.39855978291631
1,2048,400,136,0.00603408,42.42568875454088
1,2048,400,140,0.00601317,42.57321845216417
1,2048,400,144,0.00601928,42.53000358846906
1,2048,400,148,0.00603951,42.3875446849165
1,2048,400,152,0.00606878,42.18310764272226
1,2048,400,156,0.00605751,42.26158933291072
1,2048,400,160,0.00608185,42.09245542063682
1,2048,400,164,0.00614736,41.64389266286666
1,2048,400,168,0.00613975,41.69550877478725
1,2048,400,172,0.00614935,41.63041622285282
1,2048,400,176,0.00618352,41.40036742826093
1,2048,400,180,0.00614393,41.667141389957244
1,2048,400,184,0.00617628,41.4488980421872
1,2048,400,188,0.0062289,41.098749377899786
1,2048,400,192,0.00630873,40.57869016426444
1,2048,400,196,0.00628939,40.70347044784947
1,2048,400,200,0.0061588,41.5665389361564
1,2048,404,8,0.0135164,19.51385398478885
1,2048,404,12,0.0107992,24.423758796947922
1,2048,404,16,0.00933321,28.26005800790939
1,2048,404,20,0.00867709,30.396948285657977
1,2048,404,24,0.00809981,32.56336333815237
1,2048,404,28,0.00785503,33.578109313395366
1,2048,404,32,0.00734828,35.893713358772395
1,2048,404,36,0.00732371,36.01413163546891
1,2048,404,40,0.00710015,37.14809630782448
1,2048,404,44,0.00706534,37.3311200876391
1,2048,404,48,0.00680055,38.78466535794899
1,2048,404,52,0.00666093,39.59763216247581
1,2048,404,56,0.00670651,39.32851155071714
1,2048,404,60,0.00657911,40.090081485185685
1,2048,404,64,0.00666579,39.56876169216251
1,2048,404,68,0.00644756,40.908042112054794
1,2048,404,72,0.0064924,40.625509210769515
1,2048,404,76,0.00654213,40.3166944099246
1,2048,404,80,0.00646343,40.807598442313136
1,2048,404,84,0.00635949,41.47456101039549
1,2048,404,88,0.0063784,41.35160165558761
1,2048,404,92,0.00642208,41.07034730180876
1,2048,404,96,0.00640248,41.19607652034836
1,2048,404,100,0.00644224,40.941823961851775
1,2048,404,104,0.00628398,41.972930531287496
1,2048,404,108,0.00632744,41.6846396014818
1,2048,404,112,0.00629373,41.9079077113254
1,2048,404,116,0.00639595,41.23813600794253
1,2048,404,120,0.00637411,41.37943273649184
1,2048,404,124,0.00637328,41.384821630306526
1,2048,404,128,0.00647358,40.743615742757484
1,2048,404,132,0.00641253,41.13151221124892
1,2048,404,136,0.0062648,42.10143276720725
1,2048,404,140,0.00630483,41.83412653473607
1,2048,404,144,0.00627781,42.014182652867795
1,2048,404,148,0.0062774,42.01692675311435
1,2048,404,152,0.00628997,41.932959298693
1,2048,404,156,0.00632541,41.69801736172043
1,2048,404,160,0.00631929,41.738400358268095
1,2048,404,164,0.006336,41.62832323232323
1,2048,404,168,0.00637478,41.37508368916261
1,2048,404,172,0.00646663,40.787404877037964
1,2048,404,176,0.0063993,41.21654805994405
1,2048,404,180,0.00646244,40.81384987713619
1,2048,404,184,0.00644488,40.925053065379025
1,2048,404,188,0.00650161,40.56796024369349
1,2048,404,192,0.00652943,40.395111977615194
1,2048,404,196,0.00654124,40.322179892497445
1,2048,404,200,0.00657259,40.12985078941483
1,2048,408,8,0.0142488,19.06611419909045
1,2048,408,12,0.0111679,24.32590263164964
1,2048,408,16,0.00958864,28.332406681239465
1,2048,408,20,0.00891122,30.486201440431277
1,2048,408,24,0.00820507,33.10992447352673
1,2048,408,28,0.00797929,34.04679463962333
1,2048,408,32,0.00751956,36.12834367968339
1,2048,408,36,0.00740343,36.69505188811132
1,2048,408,40,0.0072138,37.65965898694169
1,2048,408,44,0.00716864,37.89690206231587
1,2048,408,48,0.00691889,39.264860114845014
1,2048,408,52,0.00682074,39.82987886944819
1,2048,408,56,0.00679944,39.95465038297271
1,2048,408,60,0.00667727,40.68567663131789
1,2048,408,64,0.00669681,40.56696367374914
1,2048,408,68,0.00660364,41.13931831535335
1,2048,408,72,0.00654511,41.507208893357024
1,2048,408,76,0.0065765,41.3090926784764
1,2048,408,80,0.00655651,41.43503906804077
1,2048,408,84,0.00644675,42.14049683949277
1,2048,408,88,0.00646239,42.03851021061867
1,2048,408,92,0.00650634,41.75454218500724
1,2048,408,96,0.00651075,41.72626010828245
1,2048,408,100,0.00651441,41.70281698572856
1,2048,408,104,0.0063443,42.82099648503382
1,2048,408,108,0.00640258,42.431214916486795
1,2048,408,112,0.00636151,42.705151449891616
1,2048,408,116,0.00640088,42.442484158428215
1,2048,408,120,0.00646016,42.0530215969883
1,2048,408,124,0.00646825,42.000424844432416
1,2048,408,128,0.00649115,41.852252374386666
1,2048,408,132,0.00653229,41.58866921095052
1,2048,408,136,0.00636787,42.6624990773995
1,2048,408,140,0.00635457,42.751790915829076
1,2048,408,144,0.0063915,42.504771649847456
1,2048,408,148,0.00636183,42.703003381102604
1,2048,408,152,0.00639256,42.49772360368929
1,2048,408,156,0.00638523,42.54650936614656
1,2048,408,160,0.00635034,42.780268143123045
1,2048,408,164,0.00641364,42.358044417834485
1,2048,408,168,0.00640149,42.438439800733896
1,2048,408,172,0.00645905,42.06024848855482
1,2048,408,176,0.00646958,41.99179050262923
1,2048,408,180,0.00643747,42.20124489900535
1,2048,408,184,0.0064983,41.80620285305387
1,2048,408,188,0.00651356,41.708259077985005
1,2048,408,192,0.00657697,41.306140669639674
1,2048,408,196,0.00659709,41.18016398139179
1,2048,408,200,0.00660246,41.14667078634327
1,2048,408,204,0.00665138,40.84404258965809
1,2048,412,8,0.0143966,19.430845616326078
1,2048,412,12,0.0114491,24.433196670480648
1,2048,412,16,0.00972744,28.75762913983535
1,2048,412,20,0.0090943,30.75971894483358
1,2048,412,24,0.00876015,31.93302763080541
1,2048,412,28,0.00821331,34.0591201354874
1,2048,412,32,0.00777812,35.96474623687986
1,2048,412,36,0.00760913,36.76348176466955
1,2048,412,40,0.00749682,37.31423616946918
1,2048,412,44,0.00741871,37.70710972662363
1,2048,412,48,0.00716577,39.03810923320174
1,2048,412,52,0.00698858,40.027890072089036
1,2048,412,56,0.00703741,39.75015126303569
1,2048,412,60,0.00692991,40.36677417167034
1,2048,412,64,0.00698743,40.03447791247998
1,2048,412,68,0.00697798,40.08869500915738
1,2048,412,72,0.00677915,41.264481830317955
1,2048,412,76,0.00682208,41.00481260847131
1,2048,412,80,0.00681175,41.06699629316989
1,2048,412,84,0.00668189,41.86511780349572
1,2048,412,88,0.00669083,41.80917942915901
1,2048,412,92,0.00669413,41.78856879086603
1,2048,412,96,0.00673074,41.56127142037874
1,2048,412,100,0.00672409,41.6023747451328
1,2048,412,104,0.0065747,42.5476617944545
1,2048,412,108,0.00659742,42.40113741432257
1,2048,412,112,0.00661192,42.308151338794175
1,2048,412,116,0.00668872,41.82236840531522
1,2048,412,120,0.00660677,42.34113068867238
1,2048,412,124,0.00664313,42.10938398014189
1,2048,412,128,0.00678668,41.21869780216542
1,2048,412,132,0.00671147,41.68060231216113
1,2048,412,136,0.00677075,41.3156758113946
1,2048,412,140,0.00659459,42.41933342330608
1,2048,412,144,0.00661464,42.290753842990696
1,2048,412,148,0.00665322,42.04552261912277
1,2048,412,152,0.00661381,42.296061120594636
1,2048,412,156,0.0066326,42.176237372975905
1,2048,412,160,0.00662996,42.19303163216671
1,2048,412,164,0.00664759,42.081131959100965
1,2048,412,168,0.00675947,41.384622167122565
1,2048,412,172,0.00668821,41.82555751090352
1,2048,412,176,0.00669368,41.79137813579377
1,2048,412,180,0.00676639,41.34229803484576
1,2048,412,184,0.00673806,41.51612066381125
1,2048,412,188,0.00675386,41.418997728706245
1,2048,412,192,0.00680418,41.112685437481076
1,2048,412,196,0.00682281,41.00042533794726
1,2048,412,200,0.00687292,40.701493979269365
1,2048,412,204,0.00688983,40.60159858806385
1,2048,416,8,0.0149507,19.260983365327373
1,2048,416,12,0.0119881,24.020919411749986
1,2048,416,16,0.00995772,28.918787031569476
1,2048,416,20,0.00929088,30.994392780877593
1,2048,416,24,0.00889477,32.374663313385284
1,2048,416,28,0.00831791,34.61989658459878
1,2048,416,32,0.00792142,36.352722617914466
1,2048,416,36,0.00785855,36.64355180026849
1,2048,416,40,0.00762768,37.75265664002685
1,2048,416,44,0.00749282,38.432150245168046
1,2048,416,48,0.00727904,39.560873961401505
1,2048,416,52,0.0071745,40.1373174437243
1,2048,416,56,0.007213,39.923081103563014
1,2048,416,60,0.00703783,40.91675758010637
1,2048,416,64,0.00702311,41.00251654893629
1,2048,416,68,0.00711603,40.467112139774564
1,2048,416,72,0.00694336,41.473462991980824
1,2048,416,76,0.00699877,41.145113212750246
1,2048,416,80,0.00691248,41.65873666180589
1,2048,416,84,0.00678245,42.45739872759844
1,2048,416,88,0.00681416,42.25982131326532
1,2048,416,92,0.00679936,42.35180722891567
1,2048,416,96,0.00681597,42.24859909888101
1,2048,416,100,0.00683611,42.124129658533874
1,2048,416,104,0.0067452,42.691867402004384
1,2048,416,108,0.00678054,42.469358487672075
1,2048,416,112,0.00675517,42.62885819305806
1,2048,416,116,0.00684857,42.047490790048144
1,2048,416,120,0.00677524,42.50258057279152
1,2048,416,124,0.00676269,42.581455604204834
1,2048,416,128,0.0068526,42.022762746986544
1,2048,416,132,0.0068227,42.206924531343894
1,2048,416,136,0.00685465,42.010195123018676
1,2048,416,140,0.00671707,42.87065402027967
1,2048,416,144,0.00670871,42.92407690897356
1,2048,416,148,0.00669335,43.02257972465208
1,2048,416,152,0.00676406,42.572831110309494
1,2048,416,156,0.00676709,42.55376890214258
1,2048,416,160,0.00675222,42.647482457621344
1,2048,416,164,0.00673838,42.735076383344364
1,2048,416,168,0.00687325,41.89650951151202
1,2048,416,172,0.00680958,42.288244502597806
1,2048,416,176,0.00680744,42.301538316900334
1,2048,416,180,0.00680027,42.34613978562616
1,2048,416,184,0.00686867,41.92444592621278
1,2048,416,188,0.00684369,42.07747340981254
1,2048,416,192,0.0069007,41.72985117451852
1,2048,416,196,0.0069596,41.37668601643773
1,2048,416,200,0.00693794,41.505862547096115
1,2048,416,204,0.006976,41.2794128440367
1,2048,416,208,0.00690283,41.716974632143625
1,2048,420,8,0.0151674,19.538747577040233
1,2048,420,12,0.0120918,24.50850989927058
1,2048,420,16,0.010397,28.50360680965663
1,2048,420,20,0.00946519,31.309672600338715
1,2048,420,24,0.00904544,32.762585346870914
1,2048,420,28,0.00864166,34.29341121960364
1,2048,420,32,0.00829419,35.730071290867464
1,2048,420,36,0.00803844,36.866854762864435
1,2048,420,40,0.00791199,37.45606351878604
1,2048,420,44,0.00769871,38.49372167544952
1,2048,420,48,0.00757121,39.14196013583034
1,2048,420,52,0.00770347,38.469936275470666
1,2048,420,56,0.00738921,40.10604651918134
1,2048,420,60,0.00728721,40.66741592461313
1,2048,420,64,0.00725884,40.826357930468234
1,2048,420,68,0.00736256,40.25121696801113
1,2048,420,72,0.00718862,41.225158653538514
1,2048,420,76,0.00721165,41.0935084204031
1,2048,420,80,0.00712437,41.59694120322218
1,2048,420,84,0.00706046,41.97346915073522
1,2048,420,88,0.00708725,41.814808282479106
1,2048,420,92,0.00711537,41.64955582070925
1,2048,420,96,0.00710309,41.72156061657673
1,2048,420,100,0.0072191,41.051100552700476
1,2048,420,104,0.00716913,41.3372333881517
1,2048,420,108,0.00702277,42.19873354815835
1,2048,420,112,0.0069825,42.4421052631579
1,2048,420,116,0.00700573,42.30137330442367
1,2048,420,120,0.00702459,42.187800284429414
1,2048,420,124,0.00704012,42.09473702152804
1,2048,420,128,0.00712949,41.56706861220088
1,2048,420,132,0.00705428,42.01024059152741
1,2048,420,136,0.00709966,41.74171720899311
1,2048,420,140,0.00697326,42.49834367283021
1,2048,420,144,0.00698209,42.44459753454911
1,2048,420,148,0.0070235,42.194347547519044
1,2048,420,152,0.00695263,42.62444571334876
1,2048,420,156,0.0069854,42.42448535516935
1,2048,420,160,0.00702161,42.205704959403896
1,2048,420,164,0.00700999,42.27566658440311
1,2048,420,168,0.00701705,42.233132156675524
1,2048,420,172,0.00707285,41.89994132492559
1,2048,420,176,0.00707006,41.916475956356805
1,2048,420,180,0.00708332,41.83800816566243
1,2048,420,184,0.00713427,41.539218448418694
1,2048,420,188,0.00722946,40.99227328182187
1,2048,420,192,0.00716421,41.365621610756804
1,2048,420,196,0.00720383,41.13811680730945
1,2048,420,200,0.00722547,41.01490975673555
1,2048,420,204,0.00731039,40.538466484004275
1,2048,420,208,0.0073078,40.552833958236405
1,2048,424,8,0.0157739,19.329404649452577
1,2048,424,12,0.0127753,23.86637464482243
1,2048,424,16,0.0106515,28.625085293151198
1,2048,424,20,0.00997507,30.56621116443293
1,2048,424,24,0.00932141,32.70965401157121
1,2048,424,28,0.00900917,33.84330587612399
1,2048,424,32,0.00869893,35.05029882985609
1,2048,424,36,0.00824335,36.987401481193935
1,2048,424,40,0.00804586,37.895277322747354
1,2048,424,44,0.00790788,38.556489982144384
1,2048,424,48,0.00765993,39.8045538275154
1,2048,424,52,0.00772777,39.45512042930885
1,2048,424,56,0.00761353,40.04713923764666
1,2048,424,60,0.0076206,40.00998556544104
1,2048,424,64,0.00739833,41.21201622528327
1,2048,424,68,0.00752301,40.52900315166402
1,2048,424,72,0.00730187,41.75643992566288
1,2048,424,76,0.00739317,41.240779800816156
1,2048,424,80,0.00731896,41.65893733535912
1,2048,424,84,0.0073893,41.262378845086815
1,2048,424,88,0.00718928,42.41037989896067
1,2048,424,92,0.00722192,42.21870305957419
1,2048,424,96,0.00721739,42.245201658771386
1,2048,424,100,0.00726103,41.99130095867941
1,2048,424,104,0.00730028,41.76553447265036
1,2048,424,108,0.00717249,42.50965787334663
1,2048,424,112,0.00712154,42.813786905641194
1,2048,424,116,0.0072024,42.33312451405087
1,2048,424,120,0.00714507,42.67279340860201
1,2048,424,124,0.00718035,42.463124499502115
1,2048,424,128,0.00724056,42.11001579988288
1,2048,424,132,0.00723812,42.124211259277274
1,2048,424,136,0.00720806,42.299883186321985
1,2048,424,140,0.00726105,41.991185296892326
1,2048,424,144,0.00708534,43.03252857308188
1,2048,424,148,0.00710871,42.89105843394934
1,2048,424,152,0.0071003,42.94186104812473
1,2048,424,156,0.0071083,42.89353234950692
1,2048,424,160,0.00712495,42.793296233657784
1,2048,424,164,0.00717351,42.50361343331229
1,2048,424,168,0.00716122,42.57655762565596
1,2048,424,172,0.00723686,42.13154544926943
1,2048,424,176,0.00719498,42.376781589385935
1,2048,424,180,0.00722552,42.19766826470621
1,2048,424,184,0.00726886,41.94606802167053
1,2048,424,188,0.00725247,42.04086276813279
1,2048,424,192,0.00731111,41.70366688505575
1,2048,424,196,0.00727689,41.89978081295718
1,2048,424,200,0.00732402,41.63015611644971
1,2048,424,204,0.00735215,41.47087532218467
1,2048,424,208,0.00743327,41.018299617799435
1,2048,424,212,0.00731425,41.6857635437673
1,2048,428,8,0.0160976,19.481848722790975
1,2048,428,12,0.0126976,24.698447580645162
1,2048,428,16,0.010904,28.761097578870135
1,2048,428,20,0.010124,30.97698617147373
1,2048,428,24,0.00949684,33.0226694353069
1,2048,428,28,0.00923086,33.97419178711409
1,2048,428,32,0.00870961,36.00746853188605
1,2048,428,36,0.0084897,36.94017550679058
1,2048,428,40,0.00831274,37.72655081236751
1,2048,428,44,0.00813353,38.55779815160207
1,2048,428,48,0.00794661,39.46475390134913
1,2048,428,52,0.00800255,39.188884543051905
1,2048,428,56,0.00782652,40.07030046559646
1,2048,428,60,0.00791064,39.64420173336165
1,2048,428,64,0.00772842,40.57892919898246
1,2048,428,68,0.00771684,40.63982251802551
1,2048,428,72,0.00757709,41.38937349299005
1,2048,428,76,0.00756136,41.475476369330394
1,2048,428,80,0.00755846,41.49138951585376
1,2048,428,84,0.00768939,40.78490075285556
1,2048,428,88,0.00746799,41.994031593507756
1,2048,428,92,0.00750312,41.7974133427161
1,2048,428,96,0.00745221,42.08295364730731
1,2048,428,100,0.00747189,41.97211254448339
1,2048,428,104,0.00755539,41.508248813098994
1,2048,428,108,0.00741472,42.29573173363256
1,2048,428,112,0.0074202,42.264495296622734
1,2048,428,116,0.00737917,42.49949628481252
1,2048,428,120,0.0073812,42.487807944507665
1,2048,428,124,0.00742874,42.21590848515361
1,2048,428,128,0.00751098,41.75367368838687
1,2048,428,132,0.00758714,41.33454872323431
1,2048,428,136,0.00748824,41.880469643066995
1,2048,428,140,0.00755542,41.50808399797761
1,2048,428,144,0.00737998,42.49483169331082
1,2048,428,148,0.00735686,42.628377867731615
1,2048,428,152,0.00740117,42.37316640477113
1,2048,428,156,0.00740137,42.37202139603884
1,2048,428,160,0.00740339,42.36046027563049
1,2048,428,164,0.00740785,42.33495656634516
1,2048,428,168,0.00745911,42.044025091465336
1,2048,428,172,0.00745149,42.08701991145395
1,2048,428,176,0.00745332,42.07668636258741
1,2048,428,180,0.00746526,42.00938855445088
1,2048,428,184,0.0075052,41.785829558173
1,2048,428,188,0.00756439,41.45886290897217
1,2048,428,192,0.00757041,41.42589476659785
1,2048,428,196,0.00758951,41.321641054560835
1,2048,428,200,0.00760357,41.245231910799795
1,2048,428,204,0.00765118,40.98858058495553
1,2048,428,208,0.0076747,40.86296637002098
1,2048,428,212,0.00774356,40.49959036928751
1,2048,432,8,0.0166096,19.415655524515945
1,2048,432,12,0.0132383,24.360096991305532
1,2048,432,16,0.0116111,27.773963879391275
1,2048,432,20,0.0103201,31.248366973188244
1,2048,432,24,0.0095867,33.638923925855615
1,2048,432,28,0.00943394,34.1836255053562
1,2048,432,32,0.00899895,35.835988865367625
1,2048,432,36,0.0085373,37.773801084652064
1,2048,432,40,0.00837217,38.5188394406707
1,2048,432,44,0.00824729,39.10208953486539
1,2048,432,48,0.00804717,40.07449476026976
1,2048,432,52,0.00808496,39.887182125823756
1,2048,432,56,0.00791807,40.7278884879775
1,2048,432,60,0.00797363,40.44409785756299
1,2048,432,64,0.00773382,41.69818692444355
1,2048,432,68,0.00778612,41.41809681844102
1,2048,432,72,0.00761379,42.355551177534444
1,2048,432,76,0.00763075,42.26141231202699
1,2048,432,80,0.00765849,42.10833623860578
1,2048,432,84,0.00770476,41.85545974177003
1,2048,432,88,0.0075069,42.958647644167364
1,2048,432,92,0.0075384,42.77914040114614
1,2048,432,96,0.00759693,42.44955159518385
1,2048,432,100,0.00755929,42.66092080076304
1,2048,432,104,0.00767333,42.02689992480449
1,2048,432,108,0.00749751,43.01244973331146
1,2048,432,112,0.00742866,43.41109594462527
1,2048,432,116,0.00744496,43.31605166448174
1,2048,432,120,0.00744434,43.319659231039964
1,2048,432,124,0.00747115,43.16420791979816
1,2048,432,128,0.00753245,42.81293231285969
1,2048,432,132,0.00751972,42.88540956312203
1,2048,432,136,0.00752252,42.869446940652864
1,2048,432,140,0.00760422,42.40885613514601
1,2048,432,144,0.00739727,43.59530908024177
1,2048,432,148,0.00741804,43.47324522380575
1,2048,432,152,0.00746144,43.22037998027191
1,2048,432,156,0.00736713,43.77366382838365
1,2048,432,160,0.00742447,43.43559499870024
1,2048,432,164,0.00744399,43.32169602592158
1,2048,432,168,0.00752221,42.87121364598968
1,2048,432,172,0.00754802,42.72461811176971
1,2048,432,176,0.00747329,43.151847713657574
1,2048,432,180,0.00752022,42.882558223030706
1,2048,432,184,0.00753694,42.787427258277226
1,2048,432,188,0.00761715,42.336867726118044
1,2048,432,192,0.00758806,42.49917264755418
1,2048,432,196,0.00757627,42.56530878651368
1,2048,432,200,0.00767965,41.992313712213445
1,2048,432,204,0.0076792,41.99477445567247
1,2048,432,208,0.00771571,41.796059209068254
1,2048,432,212,0.00796905,40.46734202947654
1,2048,432,216,0.00760839,42.38561272489975
1,2048,436,8,0.0169534,19.555217478499884
1,2048,436,12,0.0135977,24.381139751575635
1,2048,436,16,0.0115645,28.66768334125989
1,2048,436,20,0.0106087,31.25052306126104
1,2048,436,24,0.0101169,32.76966501596339
1,2048,436,28,0.00966089,34.31644744945859
1,2048,436,32,0.00915198,36.224666574883244
1,2048,436,36,0.0090347,36.69490121420744
1,2048,436,40,0.0086172,38.472754955205865
1,2048,436,44,0.00855758,38.74079167241206
1,2048,436,48,0.00847472,39.119572564049314
1,2048,436,52,0.00835464,39.681832370993845
1,2048,436,56,0.00819963,40.43199802917937
1,2048,436,60,0.00819609,40.44946114549743
1,2048,436,64,0.0080286,41.29330443663901
1,2048,436,68,0.00812614,40.797651037269844
1,2048,436,72,0.00813795,40.738444448540484
1,2048,436,76,0.00789554,41.989202005182676
1,2048,436,80,0.00790159,41.95705218823047
1,2048,436,84,0.00796547,41.6205727973365
1,2048,436,88,0.00781531,42.420252555560815
1,2048,436,92,0.00778252,42.59898130682606
1,2048,436,96,0.00781478,42.423129505885
1,2048,436,100,0.00786135,42.17181832636888
1,2048,436,104,0.007863,42.16296884140913
1,2048,436,108,0.00797883,41.55088202154953
1,2048,436,112,0.00774141,42.82519902705063
1,2048,436,116,0.00771546,42.96923631254649
1,2048,436,120,0.00777939,42.616120801245344
1,2048,436,124,0.00775342,42.758863056560855
1,2048,436,128,0.00783223,42.32861190235731
1,2048,436,132,0.00774991,42.77822890846475
1,2048,436,136,0.00781114,42.44289873181123
1,2048,436,140,0.007887,42.03466768099404
1,2048,436,144,0.00793403,41.785501693338695
1,2048,436,148,0.00769295,43.09496669028137
1,2048,436,152,0.00774823,42.78750424290451
1,2048,436,156,0.0077849,42.585957944225356
1,2048,436,160,0.00774172,42.823484186976536
1,2048,436,164,0.0077581,42.73306917930937
1,2048,436,168,0.00777973,42.614258335443516
1,2048,436,172,0.00779666,42.52172391767757
1,2048,436,176,0.00777182,42.65763025906416
1,2048,436,180,0.00781349,42.430133525479654
1,2048,436,184,0.00781434,42.425518213950255
1,2048,436,188,0.00790166,41.9566804949846
1,2048,436,192,0.00788211,42.06074566328052
1,2048,436,196,0.00791249,41.89925345877215
1,2048,436,200,0.00793942,41.757133896430716
1,2048,436,204,0.00796927,41.60072679178896
1,2048,436,208,0.00799881,41.44709325512169
1,2048,436,212,0.00803864,41.24173044196531
1,2048,436,216,0.0080861,40.999669061723196
1,2048,440,8,0.0178293,19.111013892861752
1,2048,440,12,0.013963,24.4027787724701
1,2048,440,16,0.0121216,28.109820485744457
1,2048,440,20,0.0109197,31.20378764984386
1,2048,440,24,0.010597,32.154005850712466
1,2048,440,28,0.00991218,34.37548551378204
1,2048,440,32,0.00934424,36.46481682833488
1,2048,440,36,0.0092504,36.83473147107152
1,2048,440,40,0.00881875,38.637675407512404
1,2048,440,44,0.00870722,39.13258192626349
1,2048,440,48,0.0087761,38.82544638278962
1,2048,440,52,0.00867747,39.26674480003964
1,2048,440,56,0.00837026,40.707934998434936
1,2048,440,60,0.00851045,40.03736582671892
1,2048,440,64,0.00816904,41.710653883442845
1,2048,440,68,0.00826598,41.221488559130314
1,2048,440,72,0.00825111,41.29577717422262
1,2048,440,76,0.00813454,41.887556026523924
1,2048,440,80,0.0080712,42.21627515115472
1,2048,440,84,0.00813521,41.884106249254785
1,2048,440,88,0.00798891,42.65112512220065
1,2048,440,92,0.00795509,42.83245066994842
1,2048,440,96,0.00800041,42.589817271864824
1,2048,440,100,0.00801459,42.51446424583167
1,2048,440,104,0.00804597,42.348654046684246
1,2048,440,108,0.00805322,42.31052920446729
1,2048,440,112,0.00784681,43.423505857794446
1,2048,440,116,0.00788021,43.239456816506156
1,2048,440,120,0.00792921,42.97225070341181
1,2048,440,124,0.00785367,43.38557642477976
1,2048,440,128,0.00800337,42.57406567483448
1,2048,440,132,0.00790621,43.09726151974208
1,2048,440,136,0.00790293,43.1151484322903
1,2048,440,140,0.00802477,42.460531579098216
1,2048,440,144,0.00797583,42.72107103586711
1,2048,440,148,0.00786893,43.301439967060325
1,2048,440,152,0.00781251,43.614152173885216
1,2048,440,156,0.00786317,43.33315952726445
1,2048,440,160,0.00781896,43.57817407941722
1,2048,440,164,0.00785701,43.36713329879942
1,2048,440,168,0.00791904,43.027437669212425
1,2048,440,172,0.0078924,43.172672444376865
1,2048,440,176,0.00787895,43.246371661198516
1,2048,440,180,0.0078739,43.274108129389504
1,2048,440,184,0.00805297,42.311842711446836
1,2048,440,188,0.00792925,42.97203392502443
1,2048,440,192,0.00802487,42.46000246732969
1,2048,440,196,0.00800439,42.56864045854837
1,2048,440,200,0.00801493,42.51266074688113
1,2048,440,204,0.00804602,42.348390881454435
1,2048,440,208,0.00807279,42.207960321029034
1,2048,440,212,0.00812468,41.9383901889059
1,2048,440,216,0.00815598,41.77744428014782
1,2048,440,220,0.00796654,42.77088924426414
1,2048,444,8,0.0178411,19.623988207005176
1,2048,444,12,0.0141214,24.79311796280822
1,2048,444,16,0.0120254,29.11450230345768
1,2048,444,20,0.0112945,30.998586568683873
1,2048,444,24,0.010557,33.16411253196931
1,2048,444,28,0.0101197,34.59722481891756
1,2048,444,32,0.00956528,36.60253918337989
1,2048,444,36,0.00957583,36.56221298832581
1,2048,444,40,0.00922155,37.96688582721993
1,2048,444,44,0.00916598,38.19706523470485
1,2048,444,48,0.00887107,39.46688911258732
1,2048,444,52,0.00883856,39.6120562625586
1,2048,444,56,0.0085306,41.04207629006166
1,2048,444,60,0.00864519,40.49807303251866
1,2048,444,64,0.00838889,41.73538286948572
1,2048,444,68,0.00841881,41.58705755326465
1,2048,444,72,0.00846838,41.34362605362537
1,2048,444,76,0.00831403,42.11117063566044
1,2048,444,80,0.00827178,42.32626302923917
1,2048,444,84,0.00841835,41.589329975589045
1,2048,444,88,0.00841117,41.624831741600744
1,2048,444,92,0.00824214,42.47847476504888
1,2048,444,96,0.00820448,42.67345840321385
1,2048,444,100,0.0082473,42.45189771197846
1,2048,444,104,0.00825308,42.42216675471461
1,2048,444,108,0.00832447,42.058357589131795
1,2048,444,112,0.00813575,43.0339594997388
1,2048,444,116,0.00812089,43.112705134535744
1,2048,444,120,0.00812775,43.076317061917514
1,2048,444,124,0.00819162,42.740451339295525
1,2048,444,128,0.00829914,42.186724889566875
1,2048,444,132,0.0081535,42.94027546452445
1,2048,444,136,0.00827019,42.334400539769945
1,2048,444,140,0.00820091,42.69203490832114
1,2048,444,144,0.00824313,42.47337309978127
1,2048,444,148,0.00808631,43.29707072818134
1,2048,444,152,0.00810133,43.21679724193435
1,2048,444,156,0.00810912,43.17528116491062
1,2048,444,160,0.00817394,42.832897721294756
1,2048,444,164,0.00818282,42.78641544113154
1,2048,444,168,0.00813984,43.01233636041986
1,2048,444,172,0.00825465,42.41409823553996
1,2048,444,176,0.00817931,42.804776442022614
1,2048,444,180,0.00825379,42.41851755375409
1,2048,444,184,0.00821373,42.625401127137124
1,2048,444,188,0.00824757,42.45050796780143
1,2048,444,192,0.00827688,42.300182677530664
1,2048,444,196,0.00829396,42.2130726456361
1,2048,444,200,0.00830757,42.143916452103326
1,2048,444,204,0.00837453,41.80694749436685
1,2048,444,208,0.0083807,41.776168577803766
1,2048,444,212,0.00837515,41.80385258771485
1,2048,444,216,0.00848786,41.2487406719715
1,2048,444,220,0.00847229,41.3245457839616
1,2048,448,8,0.0191351,18.795907416214185
1,2048,448,12,0.0150941,23.827957148819742
1,2048,448,16,0.0127908,28.118770366200707
1,2048,448,20,0.0117762,30.541394337732033
1,2048,448,24,0.0109764,32.76680587442148
1,2048,448,28,0.0106249,33.85081911359166
1,2048,448,32,0.0100205,35.89257701711492
1,2048,448,36,0.00993451,36.2032518966713
1,2048,448,40,0.00951636,37.794027128019536
1,2048,448,44,0.00947511,37.95856385836154
1,2048,448,48,0.00915901,39.26860741499354
1,2048,448,52,0.00902334,39.85902869669103
1,2048,448,56,0.00875963,41.05899084778696
1,2048,448,60,0.00901019,39.91720130208132
1,2048,448,64,0.00863876,41.633471470442515
1,2048,448,68,0.00874515,41.12697529487773
1,2048,448,72,0.00871972,41.24691710284275
1,2048,448,76,0.00858032,41.917034329721965
1,2048,448,80,0.00848436,42.39112531764329
1,2048,448,84,0.00857017,41.966678373941235
1,2048,448,88,0.00859816,41.830062245875865
1,2048,448,92,0.00837888,42.924778490681334
1,2048,448,96,0.00840771,42.77758961714902
1,2048,448,100,0.00842493,42.69015505173337
1,2048,448,104,0.00842139,42.708100206735466
1,2048,448,108,0.00850953,42.265738295769566
1,2048,448,112,0.00830601,43.30136467449473
1,2048,448,116,0.00839086,42.86349289584143
1,2048,448,120,0.00832328,43.21151853596179
1,2048,448,124,0.00835147,43.06566005745096
1,2048,448,128,0.00837139,42.96318389180292
1,2048,448,132,0.00834028,43.12344046003252
1,2048,448,136,0.00840715,42.78043903106284
1,2048,448,140,0.00842426,42.69355029403176
1,2048,448,144,0.00844087,42.60953764244681
1,2048,448,148,0.00845635,42.531537601920455
1,2048,448,152,0.00831256,43.26724474770708
1,2048,448,156,0.00824441,43.62490075093305
1,2048,448,160,0.00832178,43.219307407790154
1,2048,448,164,0.00828471,43.41269253842319
1,2048,448,168,0.00833047,43.17422282296197
1,2048,448,172,0.00832599,43.197453756250006
1,2048,448,176,0.00835507,43.047104093682044
1,2048,448,180,0.00833145,43.16914438663138
1,2048,448,184,0.00836344,43.0040232248931
1,2048,448,188,0.00840022,42.815731968924624
1,2048,448,192,0.00845571,42.53475675017237
1,2048,448,196,0.00840209,42.8062027424129
1,2048,448,200,0.00845803,42.52308965562903
1,2048,448,204,0.00849008,42.362565252624236
1,2048,448,208,0.00849787,42.32373147624052
1,2048,448,212,0.00853218,42.153537314027595
1,2048,448,216,0.0086004,41.8191674805823
1,2048,448,220,0.00867184,41.474654513920925
1,2048,448,224,0.00845864,42.52002307699583
1,2048,452,8,0.0186194,19.83853572080733
1,2048,452,12,0.014869,24.84239908534535
1,2048,452,16,0.0127886,28.88366451370752
1,2048,452,20,0.0118949,31.0537820410428
1,2048,452,24,0.0110722,33.361177724390814
1,2048,452,28,0.0107347,34.410056359283445
1,2048,452,32,0.010223,36.132410447031205
1,2048,452,36,0.00997933,37.01467252811562
1,2048,452,40,0.00973523,37.94277402793771
1,2048,452,44,0.00964096,38.313781200212425
1,2048,452,48,0.00936807,39.42985396138159
1,2048,452,52,0.00919792,40.1592568754675
1,2048,452,56,0.00917309,40.26796117774927
1,2048,452,60,0.00907717,40.69347957568272
1,2048,452,64,0.00906482,40.74892077283388
1,2048,452,68,0.00890145,41.49679344376478
1,2048,452,72,0.00887591,41.61619845176438
1,2048,452,76,0.00873565,42.284390056836074
1,2048,452,80,0.00874304,42.24864944001171
1,2048,452,84,0.00885863,41.697376682398975
1,2048,452,88,0.00882806,41.8417672738971
1,2048,452,92,0.0087243,42.33940052497048
1,2048,452,96,0.0086168,42.867611178163585
1,2048,452,100,0.00866629,42.622809991357315
1,2048,452,104,0.00871261,42.39620871357722
1,2048,452,108,0.00868544,42.52883354211186
1,2048,452,112,0.00875085,42.210943165521066
1,2048,452,116,0.00855855,43.15937068779174
1,2048,452,120,0.00855887,43.15775704035696
1,2048,452,124,0.00865552,42.675845240956065
1,2048,452,128,0.0086347,42.77874529514632
1,2048,452,132,0.00863608,42.7719094774481
1,2048,452,136,0.0086128,42.88751997027679
1,2048,452,140,0.00864318,42.73677419653414
1,2048,452,144,0.00868353,42.53818804103861
1,2048,452,148,0.00873343,42.29513856526015
1,2048,452,152,0.00854033,43.251447192321606
1,2048,452,156,0.00858501,43.02634848416018
1,2048,452,160,0.00854478,43.22892245324046
1,2048,452,164,0.00857814,43.060807121357314
1,2048,452,168,0.0086113,42.89499053569148
1,2048,452,172,0.00860426,42.93008718936898
1,2048,452,176,0.00861602,42.871491941755
1,2048,452,180,0.00862332,42.835199435948105
1,2048,452,184,0.008644,42.732720037019895
1,2048,452,188,0.00863866,42.75913532885888
1,2048,452,192,0.00869209,42.49629628777429
1,2048,452,196,0.00868677,42.52232210591509
1,2048,452,200,0.00872604,42.330957914472094
1,2048,452,204,0.00877571,42.09136719422132
1,2048,452,208,0.00886042,41.688952893880874
1,2048,452,212,0.00884604,41.756721877812
1,2048,452,216,0.00898488,41.11147082654414
1,2048,452,220,0.00891287,41.44362388321607
1,2048,452,224,0.00894913,41.27570300129733
1,2048,456,8,0.0197051,19.24756859899214
1,2048,456,12,0.015349,24.71009603231481
1,2048,456,16,0.0130468,29.07036698654076
1,2048,456,20,0.0122704,30.909771808579993
1,2048,456,24,0.0114082,33.245846321067305
1,2048,456,28,0.0111626,33.97732284593195
1,2048,456,32,0.0104382,36.335312984997415
1,2048,456,36,0.0100444,37.75987256580782
1,2048,456,40,0.00997955,38.00524713038163
1,2048,456,44,0.00975118,38.89531974591793
1,2048,456,48,0.0094063,40.32140841776256
1,2048,456,52,0.00933657,40.62254810920927
1,2048,456,56,0.00932,40.694770815450646
1,2048,456,60,0.00916632,41.377048150184585
1,2048,456,64,0.00932635,40.667063106145484
1,2048,456,68,0.00896002,42.329734085414984
1,2048,456,72,0.00901097,42.090392488267085
1,2048,456,76,0.00883846,42.91191723445035
1,2048,456,80,0.00881457,43.02822077537531
1,2048,456,84,0.00887122,42.753450370974896
1,2048,456,88,0.00888724,42.67638366917063
1,2048,456,92,0.00881903,43.00646034767996
1,2048,456,96,0.00870667,43.56146081107932
1,2048,456,100,0.00872446,43.472634867945985
1,2048,456,104,0.00879265,43.13548975564818
1,2048,456,108,0.00881433,43.0293923644792
1,2048,456,112,0.00882829,42.96135083917723
1,2048,456,116,0.00863383,43.92897057273539
1,2048,456,120,0.00861716,44.01395169638257
1,2048,456,124,0.00864312,43.88175381112376
1,2048,456,128,0.00871589,43.51537984072768
1,2048,456,132,0.00865903,43.80112599217233
1,2048,456,136,0.00877008,43.24649991790269
1,2048,456,140,0.00873584,43.41600395611641
1,2048,456,144,0.00876476,43.27274951053993
1,2048,456,148,0.00877186,43.23772426828518
1,2048,456,152,0.00860517,44.075278466317336
1,2048,456,156,0.00858912,44.157639432211916
1,2048,456,160,0.00860321,44.085319781802376
1,2048,456,164,0.00859123,44.146794347258776
1,2048,456,168,0.00867438,43.72361644290427
1,2048,456,172,0.00867018,43.744796993834036
1,2048,456,176,0.00872174,43.486192434078525
1,2048,456,180,0.0086887,43.651554778045046
1,2048,456,184,0.00870688,43.560410158403464
1,2048,456,188,0.0087015,43.58734287191864
1,2048,456,192,0.0087536,43.327918113690366
1,2048,456,196,0.00873207,43.434748461704956
1,2048,456,200,0.00881718,43.015483862187224
1,2048,456,204,0.0088095,43.052984164822064
1,2048,456,208,0.00885503,42.831618187628955
1,2048,456,212,0.00883868,42.91084913131825
1,2048,456,216,0.00904963,41.91058242160177
1,2048,456,220,0.00899353,42.172012991561715
1,2048,456,224,0.00903748,41.96692706373901
1,2048,456,228,0.00880543,43.072883890962736
1,2048,460,8,0.0195908,19.873818322886255
1,2048,460,12,0.0156884,24.817317253512147
1,2048,460,16,0.0133156,29.23968878608549
1,2048,460,20,0.0124284,31.326960831643657
1,2048,460,24,0.0118307,32.90963341137887
1,2048,460,28,0.0113993,34.15507969787619
1,2048,460,32,0.0106134,36.684191682213054
1,2048,460,36,0.0105625,36.86097041420118
1,2048,460,40,0.0100837,38.61122405466248
1,2048,460,44,0.00999261,38.96319380021836
1,2048,460,48,0.00972165,40.04916860820951
1,2048,460,52,0.00958145,40.635185697363134
1,2048,460,56,0.00968837,40.186739358633076
1,2048,460,60,0.00957113,40.679000285232775
1,2048,460,64,0.00945773,41.16674931511049
1,2048,460,68,0.00927152,41.99354582635856
1,2048,460,72,0.00929328,41.895218910868934
1,2048,460,76,0.00932234,41.76462132897963
1,2048,460,80,0.00905558,42.99492688485994
1,2048,460,84,0.0091338,42.62672710153497
1,2048,460,88,0.00916139,42.49835450734004
1,2048,460,92,0.00902684,43.13181578492584
1,2048,460,96,0.00900584,43.23239142600802
1,2048,460,100,0.0090441,43.04950188520693
1,2048,460,104,0.00910927,42.74151496223079
1,2048,460,108,0.00909786,42.79511885212567
1,2048,460,112,0.00910945,42.74067040271367
1,2048,460,116,0.00893662,43.56725473389268
1,2048,460,120,0.00892644,43.61694023597313
1,2048,460,124,0.00895368,43.48424335022025
1,2048,460,128,0.00902319,43.14926317632678
1,2048,460,132,0.00898179,43.34815220574073
1,2048,460,136,0.00903757,43.08060684453896
1,2048,460,140,0.00898407,43.337151202072114
1,2048,460,144,0.00903451,43.09519830073795
1,2048,460,148,0.0090562,42.99198339259292
1,2048,460,152,0.00911481,42.71553658277024
1,2048,460,156,0.00895674,43.46938729939688
1,2048,460,160,0.008918,43.65821933168871
1,2048,460,164,0.00890303,43.73162844559662
1,2048,460,168,0.00892185,43.63937972505702
1,2048,460,172,0.0089743,43.384330811316765
1,2048,460,176,0.00904493,43.04555148574947
1,2048,460,180,0.00893499,43.57520265831299
1,2048,460,184,0.00904754,43.03313386843275
1,2048,460,188,0.00902106,43.15945132833615
1,2048,460,192,0.00906643,42.94347389214939
1,2048,460,196,0.00905811,42.982918070105136
1,2048,460,200,0.00907466,42.90452755254742
1,2048,460,204,0.0091022,42.77471380545363
1,2048,460,208,0.00918017,42.41141503915505
1,2048,460,212,0.00915987,42.5054067361218
1,2048,460,216,0.00927047,41.998302135706176
1,2048,460,220,0.00924919,42.09492939381719
1,2048,460,224,0.00936592,41.570288877120454
1,2048,460,228,0.00931732,41.78712333589487
1,2048,464,8,0.0204465,19.543167583694032
1,2048,464,12,0.0163244,24.478043664698244
1,2048,464,16,0.0136626,29.246949775298994
1,2048,464,20,0.0129248,30.916484278286706
1,2048,464,24,0.0119689,33.38563911470561
1,2048,464,28,0.0114991,34.74962179648842
1,2048,464,32,0.0107982,37.005183826934115
1,2048,464,36,0.0107399,37.20606113650965
1,2048,464,40,0.0102875,38.84222366950182
1,2048,464,44,0.0103132,38.74543071015786
1,2048,464,48,0.00985063,40.564854836695716
1,2048,464,52,0.00975371,40.96793691836234
1,2048,464,56,0.00983211,40.64126377756148
1,2048,464,60,0.0096615,41.35893763908296
1,2048,464,64,0.00965681,41.37902433619383
1,2048,464,68,0.00940819,42.47250278746497
1,2048,464,72,0.00944546,42.30491431862504
1,2048,464,76,0.00948081,42.147176876237374
1,2048,464,80,0.00924183,43.23704028314739
1,2048,464,84,0.00930963,42.92215437133377
1,2048,464,88,0.00928811,43.021602457335234
1,2048,464,92,0.0094276,42.385058339344056
1,2048,464,96,0.00912663,43.782795621165754
1,2048,464,100,0.00924131,43.23947319157132
1,2048,464,104,0.00922363,43.32235529829362
1,2048,464,108,0.00924819,43.207306078270456
1,2048,464,112,0.00921332,43.37083440062865
1,2048,464,116,0.00907053,44.05358628437368
1,2048,464,120,0.00909692,43.925787629219556
1,2048,464,124,0.00915617,43.64154182371013
1,2048,464,128,0.00915492,43.64750057892368
1,2048,464,132,0.00919868,43.43986050172416
1,2048,464,136,0.00910091,43.90652978658178
1,2048,464,140,0.00919985,43.4343359946086
1,2048,464,144,0.00916154,43.615961508654664
1,2048,464,148,0.00922674,43.30775290080787
1,2048,464,152,0.00922686,43.3071896614883
1,2048,464,156,0.00910421,43.890615001191755
1,2048,464,160,0.00901653,44.317423221571936
1,2048,464,164,0.0090534,44.136940375991344
1,2048,464,168,0.00910135,43.90440714839008
1,2048,464,172,0.00916996,43.57591265392652
1,2048,464,176,0.00910896,43.867727600077295
1,2048,464,180,0.00921419,43.3667393444242
1,2048,464,184,0.00910574,43.883240241869416
1,2048,464,188,0.00915003,43.67082687160589
1,2048,464,192,0.00919321,43.4657074079674
1,2048,464,196,0.00920547,43.40781904671896
1,2048,464,200,0.00920522,43.40899793812641
1,2048,464,204,0.00923731,43.25819702922171
1,2048,464,208,0.00924746,43.210716888745665
1,2048,464,212,0.00931683,42.888984343387186
1,2048,464,216,0.00935088,42.732809746248485
1,2048,464,220,0.00943493,42.352129374568754
1,2048,464,224,0.00940079,42.50593577773783
1,2048,464,228,0.00944549,42.304779953184
1,2048,464,232,0.00944636,42.30088372664179
1,2048,468,8,0.0208004,19.71178092728986
1,2048,468,12,0.0163745,25.03972200677883
1,2048,468,16,0.0141497,28.976793006212148
1,2048,468,20,0.0130932,31.314951883420402
1,2048,468,24,0.0123396,33.227408343868525
1,2048,468,28,0.0119191,34.399655007508954
1,2048,468,32,0.0111797,36.674770163778994
1,2048,468,36,0.0108339,37.84536759615651
1,2048,468,40,0.0107336,38.19901319221883
1,2048,468,44,0.0105863,38.73052227879429
1,2048,468,48,0.010217,40.13046177938729
1,2048,468,52,0.0102723,39.91442306007418
1,2048,468,56,0.0100512,40.79243553008596
1,2048,468,60,0.00988046,41.49735214757207
1,2048,468,64,0.00992808,41.298310247298566
1,2048,468,68,0.00975538,42.02941638357501
1,2048,468,72,0.00976318,41.99583824122878
1,2048,468,76,0.00979588,41.855650334630475
1,2048,468,80,0.0096475,42.499396527597824
1,2048,468,84,0.00954591,42.95168590527252
1,2048,468,88,0.0096726,42.3891123379443
1,2048,468,92,0.00968941,42.31557215558016
1,2048,468,96,0.00946231,43.3311662796928
1,2048,468,100,0.00947096,43.291591137540436
1,2048,468,104,0.00950768,43.124392911835486
1,2048,468,108,0.00959456,42.73389587432879
1,2048,468,112,0.00954929,42.93648302648678
1,2048,468,116,0.00965778,42.454159030336164
1,2048,468,120,0.00951083,43.110110053486395
1,2048,468,124,0.00942645,43.49600623776713
1,2048,468,128,0.00945332,43.372373726902296
1,2048,468,132,0.00946893,43.30087222104292
1,2048,468,136,0.00946283,43.32878515201055
1,2048,468,140,0.00949415,43.185848970155305
1,2048,468,144,0.00954798,42.94237398905319
1,2048,468,148,0.00955316,42.91908939031693
1,2048,468,152,0.00956183,42.880173355937096
1,2048,468,156,0.009464,43.32342857142857
1,2048,468,160,0.00936564,43.77842069522212
1,2048,468,164,0.00944961,43.389402102308985
1,2048,468,168,0.00942038,43.52403278848624
1,2048,468,172,0.00948423,43.231019070604574
1,2048,468,176,0.00941061,43.56921899855588
1,2048,468,180,0.0094836,43.233890927495885
1,2048,468,184,0.0094242,43.50639078118036
1,2048,468,188,0.0094837,43.23343505172032
1,2048,468,192,0.00955028,42.932032149842726
1,2048,468,196,0.00954353,42.962397351923244
1,2048,468,200,0.00960322,42.69535926491322
1,2048,468,204,0.00960777,42.675139808717326
1,2048,468,208,0.00964097,42.52818212275321
1,2048,468,212,0.00963393,42.5592596167919
1,2048,468,216,0.00966411,42.42635152124717
1,2048,468,220,0.00967386,42.383591244859865
1,2048,468,224,0.009731,42.13471667865585
1,2048,468,228,0.00977061,41.96390276553869
1,2048,468,232,0.0099028,41.40373712485358
1,2048,472,8,0.021856,19.24488433382138
1,2048,472,12,0.0171349,24.547338589662033
1,2048,472,16,0.0144726,29.06293216146373
1,2048,472,20,0.0133262,31.563100658852484
1,2048,472,24,0.0124603,33.75650602312946
1,2048,472,28,0.012079,34.82210381654111
1,2048,472,32,0.0113957,36.910079415920045
1,2048,472,36,0.0113677,37.000993340781335
1,2048,472,40,0.0107862,38.99577163412509
1,2048,472,44,0.0106301,39.56841346741799
1,2048,472,48,0.0104492,40.25343490410749
1,2048,472,52,0.0104556,40.22879528673629
1,2048,472,56,0.0102976,40.84604101926662
1,2048,472,60,0.0101876,41.2870736974361
1,2048,472,64,0.0101368,41.493981532633576
1,2048,472,68,0.00993378,42.342007976822515
1,2048,472,72,0.0099195,42.40296305257322
1,2048,472,76,0.0100482,41.859854700344336
1,2048,472,80,0.00976777,43.061639657772446
1,2048,472,84,0.00981491,42.85481904571718
1,2048,472,88,0.00978048,43.005679884831835
1,2048,472,92,0.00988472,42.55216050631682
1,2048,472,96,0.00960601,43.78677432149249
1,2048,472,100,0.00973248,43.21778128493457
1,2048,472,104,0.00968198,43.44319984135477
1,2048,472,108,0.00976117,43.09075571883289
1,2048,472,112,0.0096984,43.3696477769529
1,2048,472,116,0.00981529,42.85315991682365
1,2048,472,120,0.00959425,43.8404452666962
1,2048,472,124,0.00957273,43.939000891072865
1,2048,472,128,0.00968635,43.42360042740558
1,2048,472,132,0.0095796,43.907490083093236
1,2048,472,136,0.00975315,43.12618917990598
1,2048,472,140,0.00960747,43.780120260588895
1,2048,472,144,0.0096753,43.473193802776144
1,2048,472,148,0.00971845,43.280172455484156
1,2048,472,152,0.00969416,43.38861665167482
1,2048,472,156,0.00982239,42.822184010205255
1,2048,472,160,0.00956616,43.96917801918429
1,2048,472,164,0.00953136,44.12971412264357
1,2048,472,168,0.00955016,44.04284242358243
1,2048,472,172,0.00966584,43.51574120821367
1,2048,472,176,0.0095552,44.01961152042867
1,2048,472,180,0.00965748,43.553410620575974
1,2048,472,184,0.00963389,43.66005756760768
1,2048,472,188,0.00964232,43.621886848808174
1,2048,472,192,0.00968872,43.41297839136646
1,2048,472,196,0.00963754,43.64352230963503
1,2048,472,200,0.00968608,43.424810862598704
1,2048,472,204,0.00972808,43.23732864038947
1,2048,472,208,0.0097978,42.92965686174447
1,2048,472,212,0.00985275,42.69023287914542
1,2048,472,216,0.0098144,42.85704597326378
1,2048,472,220,0.00985389,42.685294031088226
1,2048,472,224,0.00988234,42.56240849839208
1,2048,472,228,0.00993789,42.324496648684985
1,2048,472,232,0.00996926,42.19131530324216
1,2048,472,236,0.0097614,43.08974040608929
1,2048,476,8,0.0215869,19.984374968151982
1,2048,476,12,0.0173553,24.857000685669504
1,2048,476,16,0.0146988,29.349382534628678
1,2048,476,20,0.0137304,31.41938355765309
1,2048,476,24,0.0129384,33.34266246212824
1,2048,476,28,0.0122918,35.09662571795831
1,2048,476,32,0.0116712,36.96284049626431
1,2048,476,36,0.0115272,37.424587410646126
1,2048,476,40,0.0110789,38.93894736842106
1,2048,476,44,0.011011,39.17906675143039
1,2048,476,48,0.0107147,40.26250888965627
1,2048,476,52,0.0108126,39.897962007287795
1,2048,476,56,0.010579,40.778968144437094
1,2048,476,60,0.0103616,41.63456454601606
1,2048,476,64,0.010401,41.47684876454187
1,2048,476,68,0.0102018,42.28672430355427
1,2048,476,72,0.0102658,42.02309649515868
1,2048,476,76,0.0102607,42.04398374379915
1,2048,476,80,0.0101008,42.70955805480754
1,2048,476,84,0.0100648,42.862322549876794
1,2048,476,88,0.0100902,42.75442548215099
1,2048,476,92,0.0101797,42.37852824739433
1,2048,476,96,0.00990645,43.54745685891515
1,2048,476,100,0.00994859,43.36299958084512
1,2048,476,104,0.00997168,43.26259005503586
1,2048,476,108,0.0100795,42.79981189543132
1,2048,476,112,0.0100187,43.059549043289046
1,2048,476,116,0.0100912,42.750188679245284
1,2048,476,120,0.00989615,43.59278143520461
1,2048,476,124,0.00991244,43.52114151510627
1,2048,476,128,0.00993318,43.430271473989194
1,2048,476,132,0.009888,43.62871197411004
1,2048,476,136,0.00992756,43.45485738691078
1,2048,476,140,0.00993382,43.42747341908753
1,2048,476,144,0.00998906,43.18731732515373
1,2048,476,148,0.00999359,43.16774092193096
1,2048,476,152,0.0100597,42.88405260594253
1,2048,476,156,0.0101352,42.56459704791222
1,2048,476,160,0.00985788,43.762016173862946
1,2048,476,164,0.00989163,43.61270124337445
1,2048,476,168,0.00992092,43.48394140865968
1,2048,476,172,0.0099234,43.47307414797347
1,2048,476,176,0.0098845,43.64416045323486
1,2048,476,180,0.00999188,43.175128604426796
1,2048,476,184,0.0099198,43.488850984898896
1,2048,476,188,0.00997018,43.26909885277898
1,2048,476,192,0.0099735,43.254695342658046
1,2048,476,196,0.0099736,43.254261650758004
1,2048,476,200,0.0100465,42.940397551386056
1,2048,476,204,0.0100243,43.0354941492174
1,2048,476,208,0.0100836,42.78240945693998
1,2048,476,212,0.0100882,42.76290160781904
1,2048,476,216,0.0102488,42.09280149871204
1,2048,476,220,0.0101505,42.50043879611842
1,2048,476,224,0.0102368,42.14214442013129
1,2048,476,228,0.0102339,42.15408632095291
1,2048,476,232,0.0102952,41.90309114927345
1,2048,476,236,0.0103253,41.78093653453168
1,2048,480,8,0.022351,19.791866135743366
1,2048,480,12,0.0179152,24.692328302223814
1,2048,480,16,0.0150308,29.430768821353485
1,2048,480,20,0.0139658,31.67509201048275
1,2048,480,24,0.0131409,33.663447709061025
1,2048,480,28,0.0130013,34.02490520178751
1,2048,480,32,0.0118635,37.28815273738779
1,2048,480,36,0.0118022,37.481825422378876
1,2048,480,40,0.0111893,39.534912818496245
1,2048,480,44,0.0111368,39.72128439048919
1,2048,480,48,0.0108593,40.73632738758483
1,2048,480,52,0.0109548,40.38120276043378
1,2048,480,56,0.0106755,41.43768441759168
1,2048,480,60,0.0105446,41.95208922102309
1,2048,480,64,0.010481,42.206659669878825
1,2048,480,68,0.0105216,42.04379562043795
1,2048,480,72,0.0102874,43.000952621653674
1,2048,480,76,0.0104093,42.49738214865553
1,2048,480,80,0.0101392,43.62947767082216
1,2048,480,84,0.010191,43.40771268766559
1,2048,480,88,0.0101535,43.56803072832029
1,2048,480,92,0.0102174,43.29555464208116
1,2048,480,96,0.00997974,44.326605703154584
1,2048,480,100,0.0100242,44.130005386963546
1,2048,480,104,0.0100643,43.95417465695577
1,2048,480,108,0.0100589,43.97777092922685
1,2048,480,112,0.0101194,43.714844753641515
1,2048,480,116,0.0101067,43.76977648490605
1,2048,480,120,0.0100745,43.909672936622165
1,2048,480,124,0.00995073,44.455833893593734
1,2048,480,128,0.0100168,44.1626068205415
1,2048,480,132,0.0099139,44.620986695447804
1,2048,480,136,0.0100178,44.15819840683583
1,2048,480,140,0.00996806,44.37854507296304
1,2048,480,144,0.00999997,44.236932710798136
1,2048,480,148,0.0101047,43.778439735964454
1,2048,480,152,0.0100541,43.99876667230284
1,2048,480,156,0.0101522,43.57360966096018
1,2048,480,160,0.00993205,44.539445532392605
1,2048,480,164,0.00992781,44.558467577441554
1,2048,480,168,0.00994619,44.476126034189974
1,2048,480,172,0.00996619,44.38687201428028
1,2048,480,176,0.00991996,44.593728200516935
1,2048,480,180,0.00995904,44.418739155581264
1,2048,480,184,0.00999814,44.245029575501036
1,2048,480,188,0.0100114,44.186427472681146
1,2048,480,192,0.0100705,43.927113847376
1,2048,480,196,0.0100205,44.1463000848261
1,2048,480,200,0.0100552,43.99395337735699
1,2048,480,204,0.0100742,43.91098052450815
1,2048,480,208,0.0100975,43.80965585540975
1,2048,480,212,0.0101077,43.76544614501815
1,2048,480,216,0.0101957,43.38770265896407
1,2048,480,220,0.0102326,43.231241326740026
1,2048,480,224,0.0102286,43.248147351543714
1,2048,480,228,0.0102988,42.95335378879093
1,2048,480,232,0.0103064,42.921679732981445
1,2048,480,236,0.0104017,42.52843285232222
1,2048,480,240,0.0101573,43.551731267167455
1,2048,484,8,0.022725,19.95685878987899
1,2048,484,12,0.018191,24.930988730691002
1,2048,484,16,0.0156574,28.965193199381762
1,2048,484,20,0.0149679,30.299481958056912
1,2048,484,24,0.0136017,33.342862730393996
1,2048,484,28,0.0131944,34.37212878190748
1,2048,484,32,0.012341,36.7490167733571
1,2048,484,36,0.0121519,37.320881179074874
1,2048,484,40,0.0118681,38.213329513569995
1,2048,484,44,0.0114291,39.681131147684425
1,2048,484,48,0.011485,39.487994427514145
1,2048,484,52,0.0111653,40.61866819521195
1,2048,484,56,0.0109855,41.28347512630285
1,2048,484,60,0.0110899,40.89483367749033
1,2048,484,64,0.0107905,42.02952745470553
1,2048,484,68,0.0108554,41.77825008751405
1,2048,484,72,0.010654,42.56801351605031
1,2048,484,76,0.0107267,42.27950963483644
1,2048,484,80,0.0107441,42.211038244245685
1,2048,484,84,0.0105141,43.13442101558859
1,2048,484,88,0.0105204,43.108590547887914
1,2048,484,92,0.0105493,42.99049377683828
1,2048,484,96,0.0105636,42.932297322882356
1,2048,484,100,0.0104165,43.53857975327605
1,2048,484,104,0.0103775,43.70220342086244
1,2048,484,108,0.0104718,43.30865906529919
1,2048,484,112,0.0104002,43.60681679198477
1,2048,484,116,0.0104538,43.383230595572904
1,2048,484,120,0.0104925,43.2232181081725
1,2048,484,124,0.0102755,44.136014403192064
1,2048,484,128,0.0103301,43.90273240336492
1,2048,484,132,0.0102745,44.140310088082146
1,2048,484,136,0.010303,44.018209841793656
1,2048,484,140,0.0102941,44.05626679360021
1,2048,484,144,0.0103799,43.69209876781087
1,2048,484,148,0.0103601,43.77560216600226
1,2048,484,152,0.0104852,43.25331095258078
1,2048,484,156,0.010389,43.65382770237751
1,2048,484,160,0.0104741,43.29914894835833
1,2048,484,164,0.0102692,44.16309118529195
1,2048,484,168,0.0102446,44.26913847295161
1,2048,484,172,0.0104273,43.49348498652575
1,2048,484,176,0.0102801,44.116265016877264
1,2048,484,180,0.0103531,43.805199988409264
1,2048,484,184,0.0103788,43.69672948703125
1,2048,484,188,0.0103229,43.93335361187263
1,2048,484,192,0.0103982,43.61520416995249
1,2048,484,196,0.0103621,43.767152990223984
1,2048,484,200,0.010378,43.70009789940258
1,2048,484,204,0.0104634,43.34342718428045
1,2048,484,208,0.0104943,43.215804389049296
1,2048,484,212,0.0105339,43.05334358594633
1,2048,484,216,0.0105444,43.010471529911605
1,2048,484,220,0.0105847,42.846714219581095
1,2048,484,224,0.0105569,42.959544563271415
1,2048,484,228,0.0106426,42.61361095972788
1,2048,484,232,0.0107192,42.30909172326293
1,2048,484,236,0.0107409,42.223614036067744
1,2048,484,240,0.0107323,42.2574486363594
1,2048,488,8,0.0235906,19.705182911837763
1,2048,488,12,0.0188673,24.638241189783383
1,2048,488,16,0.0160005,29.05266010437174
1,2048,488,20,0.0148507,31.302032092763305
1,2048,488,24,0.0138253,33.62365286829219
1,2048,488,28,0.0133514,34.81710442350615
1,2048,488,32,0.0126851,36.64591434044667
1,2048,488,36,0.0122806,37.85296223311565
1,2048,488,40,0.0120619,38.539292151319444
1,2048,488,44,0.0119013,39.05935385210019
1,2048,488,48,0.0115852,40.125080965369605
1,2048,488,52,0.0115568,40.22368544925931
1,2048,488,56,0.0111853,41.55964417583793
1,2048,488,60,0.0113434,40.98040164324629
1,2048,488,64,0.0111947,41.52474724646484
1,2048,488,68,0.0110649,42.01186526764815
1,2048,488,72,0.0108546,42.82581467764818
1,2048,488,76,0.0108799,42.726227998419105
1,2048,488,80,0.0108769,42.738012485175005
1,2048,488,84,0.0106742,43.54959509846171
1,2048,488,88,0.0107135,43.38984346852102
1,2048,488,92,0.01076,43.202331598513005
1,2048,488,96,0.0107627,43.19149358432364
1,2048,488,100,0.0106158,43.78917161212532
1,2048,488,104,0.0106128,43.80154982662445
1,2048,488,108,0.0105728,43.96726392251816
1,2048,488,112,0.0106256,43.748784821563014
1,2048,488,116,0.0106195,43.77391477941522
1,2048,488,120,0.0107066,43.417806586591446
1,2048,488,124,0.0104669,44.4121075007882
1,2048,488,128,0.0105405,44.10199592049713
1,2048,488,132,0.0105384,44.11078417976164
1,2048,488,136,0.0104609,44.437580705293044
1,2048,488,140,0.0105553,44.04015878279158
1,2048,488,144,0.0104963,44.28770976439316
1,2048,488,148,0.0105598,44.02139131422944
1,2048,488,152,0.0106097,43.81434800229978
1,2048,488,156,0.0105971,43.86644346094686
1,2048,488,160,0.0106818,43.518609972102084
1,2048,488,164,0.0104471,44.496280116013054
1,2048,488,168,0.0105254,44.16526573811922
1,2048,488,172,0.0105034,44.257772530799556
1,2048,488,176,0.0105261,44.162328687738096
1,2048,488,180,0.0104778,44.36590581992402
1,2048,488,184,0.0105499,44.06270087868132
1,2048,488,188,0.0105577,44.030147475302385
1,2048,488,192,0.0105635,44.00597226298102
1,2048,488,196,0.0105242,44.17030159061972
1,2048,488,200,0.0105788,43.942326917986925
1,2048,488,204,0.0106507,43.645684133437236
1,2048,488,208,0.0106658,43.5838931913218
1,2048,488,212,0.0106964,43.45920945364796
1,2048,488,216,0.0107958,43.0590681561348
1,2048,488,220,0.0107486,43.24815213144037
1,2048,488,224,0.0107958,43.0590681561348
1,2048,488,228,0.0107606,43.1999226808914
1,2048,488,232,0.0108879,42.694834449251
1,2048,488,236,0.0109586,42.4193864179731
1,2048,488,240,0.0109451,42.47170770481768
1,2048,488,244,0.0107945,43.064253832970486
1,2048,492,8,0.0240065,19.843873617561908
1,2048,492,12,0.0193424,24.628895690296968
1,2048,492,16,0.0163728,29.095936675461743
1,2048,492,20,0.0151176,31.511744721384346
1,2048,492,24,0.0142828,33.35354076231551
1,2048,492,28,0.0135857,35.064954474189776
1,2048,492,32,0.0130645,36.46384875043056
1,2048,492,36,0.012614,37.76612906294593
1,2048,492,40,0.0123929,38.43990930290731
1,2048,492,44,0.0122257,38.965617674243596
1,2048,492,48,0.0121578,39.183236440803434
1,2048,492,52,0.0117928,40.39600027135201
1,2048,492,56,0.0117087,40.68615234825386
1,2048,492,60,0.0115825,41.129458407079646
1,2048,492,64,0.011345,41.990476156897316
1,2048,492,68,0.0113663,41.91178765297414
1,2048,492,72,0.0111438,42.74860927152318
1,2048,492,76,0.0111859,42.58771775181255
1,2048,492,80,0.0112663,42.283797875078776
1,2048,492,84,0.0109703,43.42469686334922
1,2048,492,88,0.0111012,42.91265376716031
1,2048,492,92,0.0110437,43.136082291261076
1,2048,492,96,0.0110596,43.07406705486636
1,2048,492,100,0.0109158,43.64150607376463
1,2048,492,104,0.0108493,43.90900353018167
1,2048,492,108,0.0109597,43.4666963511775
1,2048,492,112,0.0110093,43.2708666309393
1,2048,492,116,0.0109403,43.543774119539684
1,2048,492,120,0.0110717,43.02699242212126
1,2048,492,124,0.0107665,44.246686666976274
1,2048,492,128,0.0109068,43.67751787875454
1,2048,492,132,0.0108099,44.0690433769045
1,2048,492,136,0.0108236,44.01326287002477
1,2048,492,140,0.0108309,43.98359803894414
1,2048,492,144,0.0108797,43.78631322554849
1,2048,492,148,0.0109871,43.35829763995959
1,2048,492,152,0.0109648,43.446478914344084
1,2048,492,156,0.0109708,43.42271775987166
1,2048,492,160,0.0110815,42.98894120832018
1,2048,492,164,0.0107691,44.236004122907204
1,2048,492,168,0.0108856,43.762581024472695
1,2048,492,172,0.0108496,43.90778941159122
1,2048,492,176,0.0108154,44.04663276439152
1,2048,492,180,0.0109627,43.454801463143205
1,2048,492,184,0.010803,44.09719078033879
1,2048,492,188,0.0109073,43.67551566382148
1,2048,492,192,0.0109243,43.607549408200065
1,2048,492,196,0.0108923,43.73566207320768
1,2048,492,200,0.0109496,43.506790385036894
1,2048,492,204,0.0109596,43.46709295959707
1,2048,492,208,0.0109819,43.37882807164517
1,2048,492,212,0.0110233,43.215911024829225
1,2048,492,216,0.0110609,43.06900451138696
1,2048,492,220,0.0111146,42.860917351951485
1,2048,492,224,0.0110821,42.98661372844497
1,2048,492,228,0.0111506,42.72253977364447
1,2048,492,232,0.0112218,42.45147409506497
1,2048,492,236,0.0112039,42.519297030498315
1,2048,492,240,0.0113006,42.15545652443233
1,2048,492,244,0.0113389,42.01306581767191
1,2048,496,8,0.0252204,19.35321184437995
1,2048,496,12,0.0197831,24.67235893262431
1,2048,496,16,0.0165807,29.43758369670762
1,2048,496,20,0.015451,31.589912885897355
1,2048,496,24,0.0145649,33.51178133732466
1,2048,496,28,0.013967,34.94635526598411
1,2048,496,32,0.0132442,36.85354676009121
1,2048,496,36,0.0130117,37.512065602496214
1,2048,496,40,0.0125754,38.81353626922404
1,2048,496,44,0.0124869,39.08862439836949
1,2048,496,48,0.0120705,40.43707750300319
1,2048,496,52,0.0119703,40.77556485635281
1,2048,496,56,0.0118635,41.142642896278495
1,2048,496,60,0.0118599,41.15513149352018
1,2048,496,64,0.0116238,41.99106522823862
1,2048,496,68,0.011642,41.9254203745061
1,2048,496,72,0.0114144,42.761401738155314
1,2048,496,76,0.0114081,42.7850162603764
1,2048,496,80,0.0113803,42.88953226189117
1,2048,496,84,0.0112076,43.550425068703376
1,2048,496,88,0.0112633,43.33505668853711
1,2048,496,92,0.0112322,43.455043891668595
1,2048,496,96,0.0113086,43.161465079673874
1,2048,496,100,0.0110328,44.24042346457835
1,2048,496,104,0.0111201,43.89310743608421
1,2048,496,108,0.0110828,44.04083300249034
1,2048,496,112,0.0110452,44.19075652772245
1,2048,496,116,0.0111623,43.727165906667985
1,2048,496,120,0.0111817,43.65130024951483
1,2048,496,124,0.0109796,44.4547837808299
1,2048,496,128,0.0110456,44.18915622510321
1,2048,496,132,0.0109636,44.5196599657047
1,2048,496,136,0.0109864,44.42726862302482
1,2048,496,140,0.0109904,44.41109914106857
1,2048,496,144,0.0110335,44.23761671273848
1,2048,496,148,0.011026,44.26770760021767
1,2048,496,152,0.0110513,44.16636450010406
1,2048,496,156,0.011172,43.68920014321518
1,2048,496,160,0.0111391,43.818238816421434
1,2048,496,164,0.0111663,43.711501929914114
1,2048,496,168,0.0109738,44.47827953853724
1,2048,496,172,0.0109677,44.50301740565479
1,2048,496,176,0.0110132,44.31915737478661
1,2048,496,180,0.0109672,44.50504631993581
1,2048,496,184,0.01105,44.17156054298642
1,2048,496,188,0.0110883,44.01898794224543
1,2048,496,192,0.011036,44.22759550561798
1,2048,496,196,0.0110716,44.08538458759348
1,2048,496,200,0.0110515,44.165565217391304
1,2048,496,204,0.0111181,43.90100322896898
1,2048,496,208,0.0111409,43.81115924207201
1,2048,496,212,0.0111015,43.96664811061569
1,2048,496,216,0.0112122,43.53255774959419
1,2048,496,220,0.0113064,43.169863440175476
1,2048,496,224,0.0112469,43.398246983613255
1,2048,496,228,0.011356,42.981308911588584
1,2048,496,232,0.0113777,42.89933325716094
1,2048,496,236,0.0113431,43.0301896307006
1,2048,496,240,0.0113984,42.821426165075806
1,2048,496,244,0.0114846,42.50002124584226
1,2048,496,248,0.011307,43.16757265410808
1,2048,500,8,0.0255473,19.57153984961229
1,2048,500,12,0.0199693,25.038433996184143
1,2048,500,16,0.0172909,28.916944751285353
1,2048,500,20,0.0157722,31.701347941314463
1,2048,500,24,0.0147561,33.88429191995175
1,2048,500,28,0.0143399,34.86774663700584
1,2048,500,32,0.0135913,36.78823953558527
1,2048,500,36,0.0134255,37.242560798480504
1,2048,500,40,0.0130034,38.451481920113196
1,2048,500,44,0.0127444,39.23291798750824
1,2048,500,48,0.0125015,39.99520057593089
1,2048,500,52,0.0123718,40.41449101990009
1,2048,500,56,0.0121596,41.11977367676569
1,2048,500,60,0.0121568,41.129244538036325
1,2048,500,64,0.0119289,41.915013119399106
1,2048,500,68,0.011867,42.13364793123788
1,2048,500,72,0.0117185,42.66757690830738
1,2048,500,76,0.0117385,42.59488009541253
1,2048,500,80,0.0117302,42.62501918125864
1,2048,500,84,0.0115348,43.347088809515554
1,2048,500,88,0.0115979,43.11125289923176
1,2048,500,92,0.0116068,43.078195540545195
1,2048,500,96,0.0115993,43.106049502987254
1,2048,500,100,0.0113838,43.922064688416874
1,2048,500,104,0.0114719,43.58475928137449
1,2048,500,108,0.0115417,43.32117452368369
1,2048,500,112,0.011437,43.7177581533619
1,2048,500,116,0.0114944,43.499443207126944
1,2048,500,120,0.0115916,43.13468373649884
1,2048,500,124,0.0115924,43.13170698043546
1,2048,500,128,0.0114425,43.69674459252786
1,2048,500,132,0.0113114,44.20319323867957
1,2048,500,136,0.0113552,44.03268986895872
1,2048,500,140,0.0113611,44.00982299249192
1,2048,500,144,0.011359,44.017959327405585
1,2048,500,148,0.0114112,43.81660123387549
1,2048,500,152,0.0115014,43.47296850818161
1,2048,500,156,0.0114213,43.777853659390786
1,2048,500,160,0.0114959,43.49376734313973
1,2048,500,164,0.0115044,43.46163207120754
1,2048,500,168,0.0113989,43.86388160261078
1,2048,500,172,0.0113725,43.96570674873598
1,2048,500,176,0.0113676,43.98465815123685
1,2048,500,180,0.01135,44.052863436123346
1,2048,500,184,0.0114449,43.6875813681203
1,2048,500,188,0.0113865,43.911649760681506
1,2048,500,192,0.0115018,43.47145664156915
1,2048,500,196,0.0114394,43.70858611465636
1,2048,500,200,0.0114511,43.663927482949234
1,2048,500,204,0.0114778,43.562355155169115
1,2048,500,208,0.011532,43.35761359694762
1,2048,500,212,0.0115157,43.418984516790125
1,2048,500,216,0.0116266,43.004833743312744
1,2048,500,220,0.0115795,43.17975732976381
1,2048,500,224,0.0116702,42.844167195078064
1,2048,500,228,0.0117425,42.580370449222904
1,2048,500,232,0.0117102,42.69781899540572
1,2048,500,236,0.0117823,42.436536160172466
1,2048,500,240,0.0118101,42.336644058898734
1,2048,500,244,0.0118523,42.18590484547303
1,2048,500,248,0.0119747,41.754699491427765
1,2048,504,8,0.02676,19.13663139013453
1,2048,504,12,0.0208814,24.52403842654228
1,2048,504,16,0.0178115,28.75087757909216
1,2048,504,20,0.0166455,30.764846715328463
1,2048,504,24,0.01518,33.73493122529644
1,2048,504,28,0.0145895,35.100329414990235
1,2048,504,32,0.0137876,37.14179813745684
1,2048,504,36,0.0135319,37.843632897080234
1,2048,504,40,0.0130953,39.105347414721315
1,2048,504,44,0.0129907,39.420220311453576
1,2048,504,48,0.0126517,40.476477943675555
1,2048,504,52,0.0125685,40.74442105263158
1,2048,504,56,0.0122528,41.79422303473492
1,2048,504,60,0.0122848,41.6853555613441
1,2048,504,64,0.0120425,42.524081876686736
1,2048,504,68,0.0120666,42.43915071353985
1,2048,504,72,0.011781,43.467978609625675
1,2048,504,76,0.0118656,43.15805825242718
1,2048,504,80,0.0118856,43.08543582149829
1,2048,504,84,0.0116349,44.01380811180156
1,2048,504,88,0.0117546,43.56560461436374
1,2048,504,92,0.0116934,43.79361485966443
1,2048,504,96,0.0116834,43.83109848160638
1,2048,504,100,0.0118097,43.362342481180725
1,2048,504,104,0.0115121,44.483305044257776
1,2048,504,108,0.0115681,44.26796587166432
1,2048,504,112,0.0116424,43.985454545454544
1,2048,504,116,0.0115859,44.199954772611534
1,2048,504,120,0.0116624,43.9100233228152
1,2048,504,124,0.0116903,43.80522792400537
1,2048,504,128,0.0115256,44.43120149927119
1,2048,504,132,0.0114211,44.83773506930156
1,2048,504,136,0.0114377,44.772660237635186
1,2048,504,140,0.0116269,44.0440922343875
1,2048,504,144,0.0115103,44.49026141803429
1,2048,504,148,0.0114983,44.53669290242905
1,2048,504,152,0.0115561,44.31393428578846
1,2048,504,156,0.0116182,44.077073557005384
1,2048,504,160,0.0115808,44.21941972920696
1,2048,504,164,0.0117284,43.66292554824187
1,2048,504,168,0.0114222,44.833417029994216
1,2048,504,172,0.0114497,44.72573569613178
1,2048,504,176,0.0115226,44.442769513825006
1,2048,504,180,0.0114265,44.81654539885355
1,2048,504,184,0.0114654,44.664491077502745
1,2048,504,188,0.0115233,44.44006977167999
1,2048,504,192,0.0115597,44.30013374049499
1,2048,504,196,0.0115,44.530109217391306
1,2048,504,200,0.0115439,44.36076681190932
1,2048,504,204,0.0115726,44.25075229421219
1,2048,504,208,0.0116303,44.0312163916666
1,2048,504,212,0.0115877,44.19308887872485
1,2048,504,216,0.0116566,43.93187172932073
1,2048,504,220,0.0116821,43.835976065947044
1,2048,504,224,0.0117734,43.49603818777923
1,2048,504,228,0.0117233,43.6819202784199
1,2048,504,232,0.0118017,43.39173644474949
1,2048,504,236,0.0118162,43.3384891928031
1,2048,504,240,0.0119258,42.940201579768235
1,2048,504,244,0.0120648,42.445482395066634
1,2048,504,248,0.0119999,42.67504362536354
1,2048,504,252,0.011726,43.67186218659389
1,2048,508,8,0.0289889,18.08920131498608
1,2048,508,12,0.0228494,22.94966379861178
1,2048,508,16,0.0196319,26.710916824148452
1,2048,508,20,0.0179362,29.236184253074786
1,2048,508,24,0.0167468,31.312611842262406
1,2048,508,28,0.0159797,32.81576299930537
1,2048,508,32,0.0147574,35.533769363166954
1,2048,508,36,0.0146905,35.69558884993703
1,2048,508,40,0.0139881,37.488011095145154
1,2048,508,44,0.0138724,37.80067241429025
1,2048,508,48,0.0133909,39.15988081458304
1,2048,508,52,0.0132289,39.639429431018456
1,2048,508,56,0.0132709,39.51397780105343
1,2048,508,60,0.0129794,40.40140900195695
1,2048,508,64,0.0127582,41.101883337774915
1,2048,508,68,0.0127492,41.13089825243937
1,2048,508,72,0.012707,41.2674941370898
1,2048,508,76,0.0125079,41.92438762701972
1,2048,508,80,0.0124646,42.07002615406832
1,2048,508,84,0.0125414,41.812401167333796
1,2048,508,88,0.0122848,42.68576191716593
1,2048,508,92,0.0123462,42.47347750724919
1,2048,508,96,0.0123002,42.63231882408416
1,2048,508,100,0.0124636,42.07340158541673
1,2048,508,104,0.0121368,43.20628567661986
1,2048,508,108,0.012101,43.334108586067266
1,2048,508,112,0.0121231,43.25511197630969
1,2048,508,116,0.0120836,43.396508325333514
1,2048,508,120,0.0121822,43.045266700595946
1,2048,508,124,0.0123113,42.593881068611765
1,2048,508,128,0.0121317,43.224449005497995
1,2048,508,132,0.0119456,43.89784087864988
1,2048,508,136,0.0119817,43.76557984259329
1,2048,508,140,0.0120117,43.65627246767735
1,2048,508,144,0.0119837,43.75827565776847
1,2048,508,148,0.0120474,43.52690605441838
1,2048,508,152,0.0120977,43.345929226216555
1,2048,508,156,0.0120545,43.50126906964204
1,2048,508,160,0.0121596,43.125271226027174
1,2048,508,164,0.0121322,43.2226676118099
1,2048,508,168,0.0122601,42.77175944731283
1,2048,508,172,0.0119916,43.729447946896165
1,2048,508,176,0.0119284,43.96113879480903
1,2048,508,180,0.0119213,43.9873208458809
1,2048,508,184,0.0120487,43.52220969897167
1,2048,508,188,0.0119613,43.84022204944279
1,2048,508,192,0.0120393,43.55619080843571
1,2048,508,196,0.0120591,43.48467530744418
1,2048,508,200,0.0120577,43.48972424260017
1,2048,508,204,0.0120458,43.53268757575254
1,2048,508,208,0.0120746,43.42885462044292
1,2048,508,212,0.0120451,43.53521747432566
1,2048,508,216,0.0122097,42.94831551962784
1,2048,508,220,0.0122017,42.97647442569479
1,2048,508,224,0.012216,42.926166339227244
1,2048,508,228,0.0122845,42.686804346941265
1,2048,508,232,0.0122858,42.682287518924284
1,2048,508,236,0.0122697,42.73829417182164
1,2048,508,240,0.0123625,42.4174760768453
1,2048,508,244,0.0125148,41.90127273308403
1,2048,508,248,0.0125085,41.92237662389575
1,2048,508,252,0.0125192,41.88654610518244
1,2048,512,8,0.0411125,13.058581015506231
1,2048,512,12,0.030148,17.80784503117951
1,2048,512,16,0.0249612,21.508217233145842
1,2048,512,20,0.021978,24.42765092365092
1,2048,512,24,0.0199808,26.869340166559898
1,2048,512,28,0.0190308,28.21063286882317
1,2048,512,32,0.0171988,31.215602949042957
1,2048,512,36,0.0174601,30.748444281533324
1,2048,512,40,0.0158656,33.83867688584107
1,2048,512,44,0.015873,33.82290127890128
1,2048,512,48,0.0150482,35.67675283422602
1,2048,512,52,0.0149193,35.98499339781357
1,2048,512,56,0.0147796,36.32513139733146
1,2048,512,60,0.0148202,36.22561854765793
1,2048,512,64,0.013898,38.629364800690745
1,2048,512,68,0.0141555,37.92666539507612
1,2048,512,72,0.0140254,38.278474196814344
1,2048,512,76,0.0137237,39.11998309493795
1,2048,512,80,0.0136287,39.39267222845906
1,2048,512,84,0.0138684,38.71181333102593
1,2048,512,88,0.0132181,40.61634516307185
1,2048,512,92,0.0134584,39.89113951138322
1,2048,512,96,0.0132288,40.583492985002415
1,2048,512,100,0.013442,39.939808957000444
1,2048,512,104,0.0129439,41.4767505929434
1,2048,512,108,0.0130652,41.09167192235863
1,2048,512,112,0.0129101,41.585341089534545
1,2048,512,116,0.0130634,41.09733392531807
1,2048,512,120,0.0130312,41.19888513720916
1,2048,512,124,0.0131678,40.77149652941266
1,2048,512,128,0.012748,42.114128647631
1,2048,512,132,0.0127374,42.14917581296026
1,2048,512,136,0.0127665,42.05310084988054
1,2048,512,140,0.01273,42.173677297721916
1,2048,512,144,0.0127759,42.02215984783851
1,2048,512,148,0.0127389,42.14421276562341
1,2048,512,152,0.0127792,42.01130837611118
1,2048,512,156,0.01283,41.844965861262665
1,2048,512,160,0.0128146,41.89525322678819
1,2048,512,164,0.0129716,41.388179715686576
1,2048,512,168,0.0130295,41.20426048582064
1,2048,512,172,0.0126757,42.354340352012116
1,2048,512,176,0.0125337,42.83419197842616
1,2048,512,180,0.0125441,42.79867921971285
1,2048,512,184,0.0125496,42.77992222859693
1,2048,512,188,0.012513,42.90505170622553
1,2048,512,192,0.0125971,42.61861158520612
1,2048,512,196,0.0127439,42.127677712474195
1,2048,512,200,0.012601,42.60542115705103
1,2048,512,204,0.0126768,42.35066515208885
1,2048,512,208,0.0126634,42.39547925517634
1,2048,512,212,0.0126902,42.30594569037525
1,2048,512,216,0.0127042,42.2593246327986
1,2048,512,220,0.0127458,42.12139779378305
1,2048,512,224,0.0128151,41.89361862178212
1,2048,512,228,0.0127882,41.98174191833096
1,2048,512,232,0.0128351,41.82833885205413
1,2048,512,236,0.0128066,41.92142426561305
1,2048,512,240,0.013085,41.02949270156668
1,2048,512,244,0.0129811,41.35789047153168
1,2048,512,248,0.0130197,41.23527515994992
1,2048,512,252,0.0131774,40.74179367705313
1,2048,512,256,0.0128495,41.78146324759718
