threads,size,nb,ib,GFlops
4,4096,16,8,0.0
4,4096,24,8,11.4476
4,4096,24,16,15.7729
4,4096,32,8,21.1639
4,4096,32,16,26.985
4,4096,32,24,26.6766
4,4096,40,8,30.5779
4,4096,40,16,36.7443
4,4096,40,24,41.1939
4,4096,40,32,38.1958
4,4096,48,8,39.5519
4,4096,48,16,51.4856
4,4096,48,24,54.239
4,4096,48,32,52.7271
4,4096,48,40,53.1215
4,4096,56,8,46.8726
4,4096,56,16,56.5939
4,4096,56,24,61.6517
4,4096,56,32,63.5244
4,4096,56,40,62.475
4,4096,56,48,64.6997
4,4096,64,8,54.9431
4,4096,64,16,69.9129
4,4096,64,24,73.1558
4,4096,64,32,76.6237
4,4096,64,40,75.3906
4,4096,64,48,67.688
4,4096,64,56,72.5102
4,4096,72,8,62.9176
4,4096,72,16,73.6956
4,4096,72,24,80.3082
4,4096,72,32,78.141
4,4096,72,40,82.85
4,4096,72,48,86.9857
4,4096,72,56,77.6452
4,4096,72,64,75.3947
4,4096,80,8,65.8165
4,4096,80,16,79.4859
4,4096,80,24,81.444
4,4096,80,32,80.9132
4,4096,80,40,86.079
4,4096,80,48,86.9476
4,4096,80,56,85.5023
4,4096,80,64,87.0291
4,4096,80,72,78.8001
4,4096,88,8,71.3889
4,4096,88,16,84.7736
4,4096,88,24,91.5675
4,4096,88,32,90.6566
4,4096,88,40,91.7305
4,4096,88,48,92.9078
4,4096,88,56,94.9247
4,4096,88,64,93.4735
4,4096,88,72,87.5741
4,4096,88,80,84.7266
4,4096,96,8,70.8772
4,4096,96,16,94.8672
4,4096,96,24,94.7168
4,4096,96,32,94.0962
4,4096,96,40,95.3713
4,4096,96,48,100.8681
4,4096,96,56,90.2322
4,4096,96,64,77.9585
4,4096,96,72,77.5231
4,4096,96,80,87.6905
4,4096,96,88,89.715
4,4096,104,8,78.1183
4,4096,104,16,90.6301
4,4096,104,24,91.6965
4,4096,104,32,98.0838
4,4096,104,40,99.8191
4,4096,104,48,94.3306
4,4096,104,56,101.8966
4,4096,104,64,93.5129
4,4096,104,72,92.4277
4,4096,104,80,92.0755
4,4096,104,88,89.8697
4,4096,104,96,91.0056
4,4096,112,8,81.6221
4,4096,112,16,97.5807
4,4096,112,24,102.9383
4,4096,112,32,100.5833
4,4096,112,40,100.5235
4,4096,112,48,103.5441
4,4096,112,56,96.7045
4,4096,112,64,104.6334
4,4096,112,72,93.0016
4,4096,112,80,93.4051
4,4096,112,88,94.1097
4,4096,112,96,93.8564
4,4096,112,104,97.2513
4,4096,120,8,79.8548
4,4096,120,16,101.3939
4,4096,120,24,103.0731
4,4096,120,32,100.3675
4,4096,120,40,103.7604
4,4096,120,48,105.7785
4,4096,120,56,97.6712
4,4096,120,64,103.4232
4,4096,120,72,97.6737
4,4096,120,80,98.5767
4,4096,120,88,103.8939
4,4096,120,96,98.8849
4,4096,120,104,92.682
4,4096,120,112,97.4004
4,4096,128,8,83.6181
4,4096,128,16,96.7272
4,4096,128,24,100.3508
4,4096,128,32,106.3481
4,4096,128,40,104.1053
4,4096,128,48,107.3844
4,4096,128,56,103.2549
4,4096,128,64,102.1265
4,4096,128,72,105.6306
4,4096,128,80,98.7066
4,4096,128,88,98.2064
4,4096,128,96,98.0812
4,4096,128,104,97.2619
4,4096,128,112,100.9074
4,4096,128,120,90.0707
4,4096,136,8,85.7119
4,4096,136,16,101.011
4,4096,136,24,107.0854
4,4096,136,32,108.5382
4,4096,136,40,113.25
4,4096,136,48,108.5557
4,4096,136,56,103.508
4,4096,136,64,107.199
4,4096,136,72,100.18
4,4096,136,80,104.933
4,4096,136,88,97.917
4,4096,136,96,102.2157
4,4096,136,104,103.4141
4,4096,136,112,98.1582
4,4096,136,120,92.9725
4,4096,136,128,94.6442
4,4096,144,8,88.6844
4,4096,144,16,104.3382
4,4096,144,24,106.9334
4,4096,144,32,107.6745
4,4096,144,40,111.5342
4,4096,144,48,110.5284
4,4096,144,56,111.4756
4,4096,144,64,105.7272
4,4096,144,72,99.4245
4,4096,144,80,102.2008
4,4096,144,88,104.2537
4,4096,144,96,99.4063
4,4096,144,104,92.695
4,4096,144,112,99.9853
4,4096,144,120,96.8767
4,4096,144,128,99.9095
4,4096,144,136,93.9255
4,4096,152,8,92.3949
4,4096,152,16,100.158
4,4096,152,24,112.8786
4,4096,152,32,115.1185
4,4096,152,40,106.3242
4,4096,152,48,115.7829
4,4096,152,56,111.4039
4,4096,152,64,96.3082
4,4096,152,72,98.3014
4,4096,152,80,107.5622
4,4096,152,88,104.3945
4,4096,152,96,108.4963
4,4096,152,104,100.6906
4,4096,152,112,101.7156
4,4096,152,120,103.3952
4,4096,152,128,100.7068
4,4096,152,136,97.744
4,4096,152,144,95.6853
4,4096,160,8,94.1981
4,4096,160,16,103.2359
4,4096,160,24,110.4513
4,4096,160,32,110.1804
4,4096,160,40,118.331
4,4096,160,48,107.3425
4,4096,160,56,118.986
4,4096,160,64,110.4124
4,4096,160,72,107.915
4,4096,160,80,97.8018
4,4096,160,88,100.3589
4,4096,160,96,107.4961
4,4096,160,104,102.2098
4,4096,160,112,97.1964
4,4096,160,120,106.6213
4,4096,160,128,96.914
4,4096,160,136,92.241
4,4096,160,144,89.2391
4,4096,160,152,95.5422
4,4096,168,8,92.4374
4,4096,168,16,100.0818
4,4096,168,24,108.0667
4,4096,168,32,114.4949
4,4096,168,40,117.323
4,4096,168,48,112.6441
4,4096,168,56,106.8805
4,4096,168,64,107.7539
4,4096,168,72,104.2637
4,4096,168,80,104.7505
4,4096,168,88,102.0517
4,4096,168,96,108.0904
4,4096,168,104,104.6034
4,4096,168,112,104.0184
4,4096,168,120,95.5263
4,4096,168,128,104.2086
4,4096,168,136,99.6105
4,4096,168,144,94.7037
4,4096,168,152,97.0408
4,4096,168,160,93.1408
4,4096,176,8,97.0493
4,4096,176,16,107.2285
4,4096,176,24,109.3792
4,4096,176,32,111.7633
4,4096,176,40,102.4828
4,4096,176,48,109.3681
4,4096,176,56,113.2213
4,4096,176,64,106.1839
4,4096,176,72,104.2552
4,4096,176,80,104.1859
4,4096,176,88,104.6552
4,4096,176,96,105.1234
4,4096,176,104,110.0517
4,4096,176,112,99.015
4,4096,176,120,99.7248
4,4096,176,128,95.5408
4,4096,176,136,97.8096
4,4096,176,144,98.4303
4,4096,176,152,98.3113
4,4096,176,160,95.2483
4,4096,176,168,91.2095
4,4096,184,8,91.0217
4,4096,184,16,104.0258
4,4096,184,24,114.1599
4,4096,184,32,124.4384
4,4096,184,40,110.296
4,4096,184,48,106.1673
4,4096,184,56,110.7114
4,4096,184,64,116.1354
4,4096,184,72,107.9339
4,4096,184,80,106.9762
4,4096,184,88,103.7809
4,4096,184,96,101.7626
4,4096,184,104,101.9168
4,4096,184,112,105.5934
4,4096,184,120,105.53
4,4096,184,128,103.8765
4,4096,184,136,101.0683
4,4096,184,144,91.4895
4,4096,184,152,91.8499
4,4096,184,160,95.7833
4,4096,184,168,89.2602
4,4096,184,176,91.6317
4,4096,192,8,95.2326
4,4096,192,16,103.382
4,4096,192,24,108.5442
4,4096,192,32,115.0168
4,4096,192,40,111.2465
4,4096,192,48,113.6974
4,4096,192,56,109.0811
4,4096,192,64,109.3295
4,4096,192,72,111.189
4,4096,192,80,104.7578
4,4096,192,88,101.2202
4,4096,192,96,101.4871
4,4096,192,104,103.0261
4,4096,192,112,98.5963
4,4096,192,120,96.6016
4,4096,192,128,94.6877
4,4096,192,136,93.7235
4,4096,192,144,99.0057
4,4096,192,152,104.2344
4,4096,192,160,92.1924
4,4096,192,168,93.9271
4,4096,192,176,95.7216
4,4096,192,184,86.8116
4,4096,200,8,95.2586
4,4096,200,16,103.678
4,4096,200,24,118.4654
4,4096,200,32,110.9782
4,4096,200,40,115.5405
4,4096,200,48,109.488
4,4096,200,56,111.0241
4,4096,200,64,114.2262
4,4096,200,72,102.1239
4,4096,200,80,101.4183
4,4096,200,88,100.2182
4,4096,200,96,102.6321
4,4096,200,104,104.7985
4,4096,200,112,101.4423
4,4096,200,120,92.1449
4,4096,200,128,98.1584
4,4096,200,136,99.2092
4,4096,200,144,92.845
4,4096,200,152,100.308
4,4096,200,160,88.3238
4,4096,200,168,89.7741
4,4096,200,176,91.8003
4,4096,200,184,86.892
4,4096,200,192,90.9411
4,4096,208,8,103.4798
4,4096,208,16,110.1395
4,4096,208,24,111.9637
4,4096,208,32,110.3352
4,4096,208,40,118.0377
4,4096,208,48,112.5647
4,4096,208,56,112.4387
4,4096,208,64,109.8703
4,4096,208,72,100.6582
4,4096,208,80,108.1026
4,4096,208,88,113.9609
4,4096,208,96,94.4692
4,4096,208,104,98.9352
4,4096,208,112,103.8297
4,4096,208,120,97.4212
4,4096,208,128,97.9686
4,4096,208,136,94.3292
4,4096,208,144,99.0075
4,4096,208,152,90.2429
4,4096,208,160,96.9911
4,4096,208,168,88.498
4,4096,208,176,98.8758
4,4096,208,184,80.9359
4,4096,208,192,80.5481
4,4096,208,200,75.7972
4,4096,216,8,105.5651
4,4096,216,16,113.5778
4,4096,216,24,117.9615
4,4096,216,32,115.9951
4,4096,216,40,118.1465
4,4096,216,48,118.4875
4,4096,216,56,110.8302
4,4096,216,64,115.7125
4,4096,216,72,114.426
4,4096,216,80,105.004
4,4096,216,88,100.8532
4,4096,216,96,108.3044
4,4096,216,104,98.6417
4,4096,216,112,87.5614
4,4096,216,120,98.605
4,4096,216,128,97.6261
4,4096,216,136,95.1854
4,4096,216,144,97.7761
4,4096,216,152,93.0737
4,4096,216,160,95.0936
4,4096,216,168,93.3306
4,4096,216,176,98.4809
4,4096,216,184,89.8065
4,4096,216,192,85.9145
4,4096,216,200,82.9208
4,4096,216,208,84.8009
4,4096,224,8,103.1025
4,4096,224,16,104.3466
4,4096,224,24,116.5754
4,4096,224,32,106.2537
4,4096,224,40,121.9058
4,4096,224,48,115.4957
4,4096,224,56,112.03
4,4096,224,64,109.8761
4,4096,224,72,108.4532
4,4096,224,80,104.7641
4,4096,224,88,107.6087
4,4096,224,96,101.5524
4,4096,224,104,97.518
4,4096,224,112,96.7759
4,4096,224,120,89.1253
4,4096,224,128,93.3571
4,4096,224,136,98.4223
4,4096,224,144,94.6684
4,4096,224,152,86.4705
4,4096,224,160,83.7346
4,4096,224,168,90.9377
4,4096,224,176,73.0608
4,4096,224,184,82.1368
4,4096,224,192,76.3644
4,4096,224,200,77.1357
4,4096,224,208,77.9395
4,4096,224,216,85.1933
4,4096,232,8,96.8249
4,4096,232,16,117.2351
4,4096,232,24,113.4152
4,4096,232,32,110.0035
4,4096,232,40,119.7888
4,4096,232,48,113.8529
4,4096,232,56,122.9153
4,4096,232,64,108.5864
4,4096,232,72,101.6277
4,4096,232,80,105.6708
4,4096,232,88,104.448
4,4096,232,96,108.8243
4,4096,232,104,103.8451
4,4096,232,112,103.8906
4,4096,232,120,97.1933
4,4096,232,128,94.6
4,4096,232,136,104.6174
4,4096,232,144,103.2232
4,4096,232,152,95.5818
4,4096,232,160,96.3069
4,4096,232,168,90.0544
4,4096,232,176,94.6322
4,4096,232,184,92.6794
4,4096,232,192,84.9063
4,4096,232,200,80.1622
4,4096,232,208,87.6925
4,4096,232,216,85.4904
4,4096,232,224,77.5035
4,4096,240,8,103.4302
4,4096,240,16,113.431
4,4096,240,24,110.3859
4,4096,240,32,119.41
4,4096,240,40,114.1865
4,4096,240,48,114.8794
4,4096,240,56,118.4507
4,4096,240,64,107.7767
4,4096,240,72,108.5592
4,4096,240,80,107.9533
4,4096,240,88,102.3583
4,4096,240,96,98.4198
4,4096,240,104,107.2686
4,4096,240,112,92.5391
4,4096,240,120,88.9182
4,4096,240,128,92.4231
4,4096,240,136,90.5354
4,4096,240,144,97.7158
4,4096,240,152,89.1414
4,4096,240,160,93.1381
4,4096,240,168,92.3932
4,4096,240,176,87.5876
4,4096,240,184,91.7674
4,4096,240,192,82.6963
4,4096,240,200,87.0843
4,4096,240,208,80.9474
4,4096,240,216,81.7905
4,4096,240,224,80.596
4,4096,240,232,79.5467
4,4096,248,8,100.1678
4,4096,248,16,110.1245
4,4096,248,24,130.5788
4,4096,248,32,116.475
4,4096,248,40,109.712
4,4096,248,48,117.5761
4,4096,248,56,105.6111
4,4096,248,64,104.7895
4,4096,248,72,108.9043
4,4096,248,80,101.9806
4,4096,248,88,101.7066
4,4096,248,96,96.9374
4,4096,248,104,105.0302
4,4096,248,112,100.9888
4,4096,248,120,105.4125
4,4096,248,128,99.7033
4,4096,248,136,93.0399
4,4096,248,144,96.2959
4,4096,248,152,95.1556
4,4096,248,160,95.6984
4,4096,248,168,94.6349
4,4096,248,176,85.8748
4,4096,248,184,88.6112
4,4096,248,192,90.4222
4,4096,248,200,83.5521
4,4096,248,208,86.1195
4,4096,248,216,82.0695
4,4096,248,224,81.6919
4,4096,248,232,81.2072
4,4096,248,240,81.9427
4,4096,256,8,102.6546
4,4096,256,16,107.3515
4,4096,256,24,116.3589
4,4096,256,32,118.6619
4,4096,256,40,121.0876
4,4096,256,48,113.3188
4,4096,256,56,109.3691
4,4096,256,64,110.1987
4,4096,256,72,111.2396
4,4096,256,80,97.1586
4,4096,256,88,106.6513
4,4096,256,96,112.4031
4,4096,256,104,104.2191
4,4096,256,112,104.416
4,4096,256,120,100.8892
4,4096,256,128,96.5372
4,4096,256,136,96.8284
4,4096,256,144,98.6544
4,4096,256,152,99.7361
4,4096,256,160,101.7471
4,4096,256,168,95.3631
4,4096,256,176,89.8806
4,4096,256,184,97.3968
4,4096,256,192,92.7631
4,4096,256,200,80.678
4,4096,256,208,83.032
4,4096,256,216,82.8557
4,4096,256,224,87.5937
4,4096,256,232,85.0897
4,4096,256,240,76.7458
4,4096,256,248,75.2658
4,4096,264,8,111.4579
4,4096,264,16,110.9692
4,4096,264,24,120.5713
4,4096,264,32,121.7024
4,4096,264,40,113.8177
4,4096,264,48,116.8511
4,4096,264,56,102.7138
4,4096,264,64,110.9775
4,4096,264,72,102.2451
4,4096,264,80,111.8032
4,4096,264,88,110.1492
4,4096,264,96,106.9748
4,4096,264,104,109.612
4,4096,264,112,103.1262
4,4096,264,120,103.9132
4,4096,264,128,102.4582
4,4096,264,136,92.6917
4,4096,264,144,93.4743
4,4096,264,152,89.1176
4,4096,264,160,97.2481
4,4096,264,168,95.3037
4,4096,264,176,91.961
4,4096,264,184,95.4025
4,4096,264,192,95.4883
4,4096,264,200,88.3424
4,4096,264,208,84.7947
4,4096,264,216,75.9983
4,4096,264,224,84.3043
4,4096,264,232,85.2452
4,4096,264,240,77.3274
4,4096,264,248,77.2361
4,4096,264,256,77.9513
4,4096,272,8,105.4468
4,4096,272,16,115.1027
4,4096,272,24,122.2629
4,4096,272,32,119.02
4,4096,272,40,125.3601
4,4096,272,48,112.5867
4,4096,272,56,112.7187
4,4096,272,64,115.9832
4,4096,272,72,116.2426
4,4096,272,80,112.4169
4,4096,272,88,104.6192
4,4096,272,96,96.1552
4,4096,272,104,101.1023
4,4096,272,112,106.2221
4,4096,272,120,93.8932
4,4096,272,128,99.3425
4,4096,272,136,96.3837
4,4096,272,144,103.2606
4,4096,272,152,95.8783
4,4096,272,160,91.5445
4,4096,272,168,92.281
4,4096,272,176,91.067
4,4096,272,184,85.2706
4,4096,272,192,87.7605
4,4096,272,200,87.8517
4,4096,272,208,87.1392
4,4096,272,216,82.1299
4,4096,272,224,78.8023
4,4096,272,232,85.2911
4,4096,272,240,82.2768
4,4096,272,248,79.7168
4,4096,272,256,80.3407
4,4096,272,264,84.9702
4,4096,280,8,110.8118
4,4096,280,16,116.2527
4,4096,280,24,116.5514
4,4096,280,32,121.9716
4,4096,280,40,111.7442
4,4096,280,48,119.3679
4,4096,280,56,110.2567
4,4096,280,64,116.4577
4,4096,280,72,114.8389
4,4096,280,80,109.029
4,4096,280,88,105.7259
4,4096,280,96,107.1187
4,4096,280,104,98.0123
4,4096,280,112,96.6759
4,4096,280,120,104.2378
4,4096,280,128,97.0758
4,4096,280,136,92.7608
4,4096,280,144,96.743
4,4096,280,152,92.3444
4,4096,280,160,94.0966
4,4096,280,168,93.2986
4,4096,280,176,92.03
4,4096,280,184,96.6904
4,4096,280,192,88.9007
4,4096,280,200,93.8059
4,4096,280,208,86.8803
4,4096,280,216,83.937
4,4096,280,224,91.2704
4,4096,280,232,83.6907
4,4096,280,240,84.8156
4,4096,280,248,84.5356
4,4096,280,256,77.1572
4,4096,280,264,81.4348
4,4096,280,272,74.2635
4,4096,288,8,104.4286
4,4096,288,16,109.7284
4,4096,288,24,115.9477
4,4096,288,32,123.9587
4,4096,288,40,112.0139
4,4096,288,48,105.4132
4,4096,288,56,106.8154
4,4096,288,64,115.7734
4,4096,288,72,110.7553
4,4096,288,80,115.2901
4,4096,288,88,102.2136
4,4096,288,96,103.137
4,4096,288,104,99.5436
4,4096,288,112,103.8233
4,4096,288,120,93.8881
4,4096,288,128,103.6908
4,4096,288,136,99.6549
4,4096,288,144,88.081
4,4096,288,152,94.7466
4,4096,288,160,93.3917
4,4096,288,168,94.7122
4,4096,288,176,91.7046
4,4096,288,184,86.433
4,4096,288,192,79.1226
4,4096,288,200,85.9551
4,4096,288,208,81.3264
4,4096,288,216,81.7859
4,4096,288,224,86.7673
4,4096,288,232,83.8787
4,4096,288,240,80.5702
4,4096,288,248,79.9353
4,4096,288,256,76.7133
4,4096,288,264,79.273
4,4096,288,272,78.7706
4,4096,288,280,76.0673
4,4096,296,8,103.2777
4,4096,296,16,108.4452
4,4096,296,24,117.7394
4,4096,296,32,118.3104
4,4096,296,40,123.0842
4,4096,296,48,102.6266
4,4096,296,56,117.8622
4,4096,296,64,114.8522
4,4096,296,72,108.8936
4,4096,296,80,106.6662
4,4096,296,88,108.4274
4,4096,296,96,105.1455
4,4096,296,104,98.1621
4,4096,296,112,101.9636
4,4096,296,120,99.3798
4,4096,296,128,99.2884
4,4096,296,136,90.1662
4,4096,296,144,101.3546
4,4096,296,152,96.5566
4,4096,296,160,97.7404
4,4096,296,168,92.6336
4,4096,296,176,98.5694
4,4096,296,184,98.3189
4,4096,296,192,88.4816
4,4096,296,200,90.1113
4,4096,296,208,88.7599
4,4096,296,216,88.7404
4,4096,296,224,87.8509
4,4096,296,232,87.094
4,4096,296,240,82.3117
4,4096,296,248,85.2394
4,4096,296,256,82.6383
4,4096,296,264,81.9213
4,4096,296,272,77.2591
4,4096,296,280,78.8587
4,4096,296,288,84.962
4,4096,304,8,100.7312
4,4096,304,16,114.7727
4,4096,304,24,119.6864
4,4096,304,32,106.0355
4,4096,304,40,128.9026
4,4096,304,48,116.2931
4,4096,304,56,117.8334
4,4096,304,64,115.5217
4,4096,304,72,111.7295
4,4096,304,80,102.6996
4,4096,304,88,110.7109
4,4096,304,96,107.644
4,4096,304,104,107.7365
4,4096,304,112,111.3605
4,4096,304,120,99.0417
4,4096,304,128,92.3242
4,4096,304,136,101.8875
4,4096,304,144,95.0478
4,4096,304,152,103.1744
4,4096,304,160,93.2587
4,4096,304,168,92.2402
4,4096,304,176,87.6788
4,4096,304,184,83.3444
4,4096,304,192,94.5964
4,4096,304,200,80.6548
4,4096,304,208,94.4638
4,4096,304,216,88.5641
4,4096,304,224,81.0732
4,4096,304,232,87.6794
4,4096,304,240,83.343
4,4096,304,248,83.8036
4,4096,304,256,81.5731
4,4096,304,264,78.4851
4,4096,304,272,83.4128
4,4096,304,280,79.7035
4,4096,304,288,77.0685
4,4096,304,296,72.4921
4,4096,312,8,103.833
4,4096,312,16,106.2593
4,4096,312,24,118.8066
4,4096,312,32,120.7066
4,4096,312,40,124.8305
4,4096,312,48,121.5247
4,4096,312,56,117.891
4,4096,312,64,107.7969
4,4096,312,72,105.1242
4,4096,312,80,108.9133
4,4096,312,88,108.2517
4,4096,312,96,106.1566
4,4096,312,104,103.1295
4,4096,312,112,97.0994
4,4096,312,120,92.3939
4,4096,312,128,92.3146
4,4096,312,136,94.426
4,4096,312,144,99.1182
4,4096,312,152,87.1022
4,4096,312,160,97.3952
4,4096,312,168,85.6336
4,4096,312,176,84.3633
4,4096,312,184,93.3677
4,4096,312,192,90.9934
4,4096,312,200,87.8607
4,4096,312,208,86.2777
4,4096,312,216,80.3545
4,4096,312,224,79.4623
4,4096,312,232,82.9482
4,4096,312,240,78.6075
4,4096,312,248,82.17
4,4096,312,256,81.9684
4,4096,312,264,85.2113
4,4096,312,272,81.2307
4,4096,312,280,77.096
4,4096,312,288,75.7653
4,4096,312,296,75.9859
4,4096,312,304,69.3161
4,4096,320,8,109.6116
4,4096,320,16,127.9659
4,4096,320,24,120.9818
4,4096,320,32,121.4244
4,4096,320,40,121.1499
4,4096,320,48,106.3416
4,4096,320,56,113.0552
4,4096,320,64,105.9805
4,4096,320,72,102.3713
4,4096,320,80,104.1023
4,4096,320,88,104.3456
4,4096,320,96,99.6346
4,4096,320,104,100.0692
4,4096,320,112,103.1254
4,4096,320,120,94.8589
4,4096,320,128,90.2383
4,4096,320,136,92.9489
4,4096,320,144,96.8119
4,4096,320,152,99.414
4,4096,320,160,93.7592
4,4096,320,168,96.6018
4,4096,320,176,83.838
4,4096,320,184,93.096
4,4096,320,192,90.4791
4,4096,320,200,90.2732
4,4096,320,208,90.6807
4,4096,320,216,88.5778
4,4096,320,224,86.6281
4,4096,320,232,85.085
4,4096,320,240,82.3537
4,4096,320,248,84.1415
4,4096,320,256,84.2672
4,4096,320,264,80.819
4,4096,320,272,83.349
4,4096,320,280,81.9108
4,4096,320,288,81.0363
4,4096,320,296,76.8792
4,4096,320,304,75.1917
4,4096,320,312,75.3539
4,4096,328,8,106.9195
4,4096,328,16,112.9782
4,4096,328,24,124.6514
4,4096,328,32,123.9533
4,4096,328,40,114.7237
4,4096,328,48,113.6795
4,4096,328,56,117.3143
4,4096,328,64,103.4872
4,4096,328,72,116.4677
4,4096,328,80,111.539
4,4096,328,88,100.2187
4,4096,328,96,103.6918
4,4096,328,104,102.8667
4,4096,328,112,95.5044
4,4096,328,120,91.1686
4,4096,328,128,99.3807
4,4096,328,136,101.7394
4,4096,328,144,96.4325
4,4096,328,152,89.3517
4,4096,328,160,93.5825
4,4096,328,168,97.1524
4,4096,328,176,88.3191
4,4096,328,184,85.6617
4,4096,328,192,95.4922
4,4096,328,200,89.9647
4,4096,328,208,89.215
4,4096,328,216,91.2265
4,4096,328,224,90.2355
4,4096,328,232,88.3171
4,4096,328,240,83.65
4,4096,328,248,88.4684
4,4096,328,256,84.9418
4,4096,328,264,85.4707
4,4096,328,272,81.8029
4,4096,328,280,81.8699
4,4096,328,288,79.7949
4,4096,328,296,74.9902
4,4096,328,304,77.3767
4,4096,328,312,73.9115
4,4096,328,320,74.7613
4,4096,336,8,103.3338
4,4096,336,16,116.6372
4,4096,336,24,124.048
4,4096,336,32,104.7063
4,4096,336,40,126.045
4,4096,336,48,119.3679
4,4096,336,56,112.0372
4,4096,336,64,111.6426
4,4096,336,72,107.9483
4,4096,336,80,106.4367
4,4096,336,88,98.3546
4,4096,336,96,105.3941
4,4096,336,104,106.1998
4,4096,336,112,97.9041
4,4096,336,120,97.6543
4,4096,336,128,94.1161
4,4096,336,136,91.2562
4,4096,336,144,93.8454
4,4096,336,152,85.6097
4,4096,336,160,94.8762
4,4096,336,168,78.3942
4,4096,336,176,94.2707
4,4096,336,184,92.14
4,4096,336,192,87.8948
4,4096,336,200,80.4905
4,4096,336,208,89.9803
4,4096,336,216,82.9362
4,4096,336,224,79.9759
4,4096,336,232,87.1627
4,4096,336,240,83.4815
4,4096,336,248,85.3042
4,4096,336,256,77.9325
4,4096,336,264,79.8296
4,4096,336,272,78.5808
4,4096,336,280,81.0119
4,4096,336,288,78.0348
4,4096,336,296,75.9373
4,4096,336,304,76.023
4,4096,336,312,78.2682
4,4096,336,320,72.0887
4,4096,336,328,77.1677
4,4096,344,8,105.6943
4,4096,344,16,116.3959
4,4096,344,24,115.9748
4,4096,344,32,119.5662
4,4096,344,40,118.9021
4,4096,344,48,112.7175
4,4096,344,56,110.9543
4,4096,344,64,112.6707
4,4096,344,72,109.9498
4,4096,344,80,100.448
4,4096,344,88,97.649
4,4096,344,96,98.7574
4,4096,344,104,96.0092
4,4096,344,112,99.016
4,4096,344,120,96.4769
4,4096,344,128,98.1407
4,4096,344,136,95.1581
4,4096,344,144,94.7971
4,4096,344,152,89.4889
4,4096,344,160,93.3754
4,4096,344,168,95.9954
4,4096,344,176,87.3619
4,4096,344,184,91.0153
4,4096,344,192,90.2134
4,4096,344,200,86.883
4,4096,344,208,90.7979
4,4096,344,216,80.8221
4,4096,344,224,79.43
4,4096,344,232,86.8669
4,4096,344,240,85.9613
4,4096,344,248,76.9653
4,4096,344,256,81.6461
4,4096,344,264,85.1377
4,4096,344,272,84.8855
4,4096,344,280,82.3591
4,4096,344,288,80.2284
4,4096,344,296,77.9007
4,4096,344,304,78.94
4,4096,344,312,73.8922
4,4096,344,320,74.4529
4,4096,344,328,78.3462
4,4096,344,336,76.2299
4,4096,352,8,102.5782
4,4096,352,16,101.8999
4,4096,352,24,124.6609
4,4096,352,32,118.5621
4,4096,352,40,121.0511
4,4096,352,48,114.5842
4,4096,352,56,110.355
4,4096,352,64,111.1596
4,4096,352,72,106.4953
4,4096,352,80,94.8842
4,4096,352,88,103.0728
4,4096,352,96,105.3023
4,4096,352,104,97.6888
4,4096,352,112,102.1068
4,4096,352,120,99.274
4,4096,352,128,99.5987
4,4096,352,136,94.9773
4,4096,352,144,91.3949
4,4096,352,152,94.9644
4,4096,352,160,90.8599
4,4096,352,168,95.6497
4,4096,352,176,87.5678
4,4096,352,184,96.9522
4,4096,352,192,86.5275
4,4096,352,200,81.1967
4,4096,352,208,86.3172
4,4096,352,216,92.5031
4,4096,352,224,93.8025
4,4096,352,232,89.0862
4,4096,352,240,84.0772
4,4096,352,248,88.5968
4,4096,352,256,79.6802
4,4096,352,264,85.8991
4,4096,352,272,83.3687
4,4096,352,280,80.1975
4,4096,352,288,82.4357
4,4096,352,296,80.831
4,4096,352,304,78.9621
4,4096,352,312,75.527
4,4096,352,320,75.9625
4,4096,352,328,74.1201
4,4096,352,336,73.8191
4,4096,352,344,73.198
4,4096,360,8,110.6913
4,4096,360,16,117.2544
4,4096,360,24,115.9369
4,4096,360,32,121.6686
4,4096,360,40,121.2646
4,4096,360,48,117.3311
4,4096,360,56,113.2647
4,4096,360,64,111.1122
4,4096,360,72,106.5782
4,4096,360,80,105.926
4,4096,360,88,97.7773
4,4096,360,96,99.8033
4,4096,360,104,104.7579
4,4096,360,112,97.7209
4,4096,360,120,93.5974
4,4096,360,128,96.3222
4,4096,360,136,92.4487
4,4096,360,144,96.9457
4,4096,360,152,91.9373
4,4096,360,160,95.2151
4,4096,360,168,89.173
4,4096,360,176,86.7864
4,4096,360,184,94.3298
4,4096,360,192,83.8015
4,4096,360,200,88.7616
4,4096,360,208,85.8415
4,4096,360,216,82.358
4,4096,360,224,85.4398
4,4096,360,232,86.6049
4,4096,360,240,80.6015
4,4096,360,248,86.7741
4,4096,360,256,81.8283
4,4096,360,264,83.7281
4,4096,360,272,80.4617
4,4096,360,280,79.5366
4,4096,360,288,81.0343
4,4096,360,296,82.9983
4,4096,360,304,80.6134
4,4096,360,312,78.3979
4,4096,360,320,73.9518
4,4096,360,328,75.9409
4,4096,360,336,77.5296
4,4096,360,344,70.8053
4,4096,360,352,73.5027
4,4096,368,8,110.6174
4,4096,368,16,105.7408
4,4096,368,24,119.9379
4,4096,368,32,124.3914
4,4096,368,40,118.571
4,4096,368,48,110.512
4,4096,368,56,110.7927
4,4096,368,64,103.5576
4,4096,368,72,95.3169
4,4096,368,80,97.1872
4,4096,368,88,97.7166
4,4096,368,96,102.2582
4,4096,368,104,101.6703
4,4096,368,112,91.1818
4,4096,368,120,98.965
4,4096,368,128,94.4826
4,4096,368,136,92.6372
4,4096,368,144,97.5603
4,4096,368,152,90.8747
4,4096,368,160,86.2004
4,4096,368,168,89.9068
4,4096,368,176,87.8664
4,4096,368,184,83.1661
4,4096,368,192,90.485
4,4096,368,200,83.8246
4,4096,368,208,84.4362
4,4096,368,216,85.9644
4,4096,368,224,80.6201
4,4096,368,232,86.051
4,4096,368,240,84.9643
4,4096,368,248,85.3969
4,4096,368,256,85.3661
4,4096,368,264,79.5698
4,4096,368,272,79.5658
4,4096,368,280,81.1141
4,4096,368,288,80.4015
4,4096,368,296,79.7475
4,4096,368,304,77.5509
4,4096,368,312,74.6515
4,4096,368,320,76.4463
4,4096,368,328,76.0735
4,4096,368,336,74.4267
4,4096,368,344,72.9772
4,4096,368,352,71.8441
4,4096,368,360,75.0298
4,4096,376,8,108.9916
4,4096,376,16,115.8562
4,4096,376,24,117.7633
4,4096,376,32,114.2897
4,4096,376,40,114.7318
4,4096,376,48,112.6437
4,4096,376,56,109.7865
4,4096,376,64,104.3716
4,4096,376,72,110.8756
4,4096,376,80,108.0524
4,4096,376,88,99.4062
4,4096,376,96,89.7291
4,4096,376,104,94.2122
4,4096,376,112,102.2889
4,4096,376,120,91.5631
4,4096,376,128,96.2973
4,4096,376,136,100.5334
4,4096,376,144,100.1485
4,4096,376,152,94.974
4,4096,376,160,99.4621
4,4096,376,168,92.3062
4,4096,376,176,83.6288
4,4096,376,184,91.6586
4,4096,376,192,89.0895
4,4096,376,200,86.8396
4,4096,376,208,88.5215
4,4096,376,216,91.1456
4,4096,376,224,87.8942
4,4096,376,232,87.1865
4,4096,376,240,86.7639
4,4096,376,248,93.7097
4,4096,376,256,86.2491
4,4096,376,264,80.8449
4,4096,376,272,88.418
4,4096,376,280,84.681
4,4096,376,288,77.1572
4,4096,376,296,84.513
4,4096,376,304,81.471
4,4096,376,312,78.1937
4,4096,376,320,75.5109
4,4096,376,328,76.8199
4,4096,376,336,77.5912
4,4096,376,344,74.7534
4,4096,376,352,71.4848
4,4096,376,360,72.5807
4,4096,376,368,71.3711
4,4096,384,8,107.5829
4,4096,384,16,107.9285
4,4096,384,24,118.9644
4,4096,384,32,115.9411
4,4096,384,40,117.9413
4,4096,384,48,99.2934
4,4096,384,56,107.7452
4,4096,384,64,108.7354
4,4096,384,72,93.7309
4,4096,384,80,92.3931
4,4096,384,88,92.7942
4,4096,384,96,105.0343
4,4096,384,104,97.6616
4,4096,384,112,98.3212
4,4096,384,120,100.6522
4,4096,384,128,90.315
4,4096,384,136,95.1087
4,4096,384,144,94.735
4,4096,384,152,90.1694
4,4096,384,160,94.8083
4,4096,384,168,87.8854
4,4096,384,176,89.6257
4,4096,384,184,80.8107
4,4096,384,192,88.9872
4,4096,384,200,78.1737
4,4096,384,208,86.6089
4,4096,384,216,88.7507
4,4096,384,224,84.2382
4,4096,384,232,81.7668
4,4096,384,240,91.7065
4,4096,384,248,79.2052
4,4096,384,256,83.49
4,4096,384,264,85.8579
4,4096,384,272,85.1128
4,4096,384,280,82.5496
4,4096,384,288,83.9767
4,4096,384,296,78.8691
4,4096,384,304,82.9224
4,4096,384,312,76.3336
4,4096,384,320,79.6187
4,4096,384,328,77.3997
4,4096,384,336,77.5743
4,4096,384,344,75.7576
4,4096,384,352,69.8271
4,4096,384,360,71.2168
4,4096,384,368,71.2656
4,4096,384,376,70.5796
4,4096,392,8,101.0114
4,4096,392,16,113.2924
4,4096,392,24,118.2002
4,4096,392,32,125.3241
4,4096,392,40,117.0133
4,4096,392,48,117.857
4,4096,392,56,107.2371
4,4096,392,64,101.8847
4,4096,392,72,90.6678
4,4096,392,80,102.7569
4,4096,392,88,102.2517
4,4096,392,96,91.6519
4,4096,392,104,91.3692
4,4096,392,112,103.9204
4,4096,392,120,95.7912
4,4096,392,128,98.8424
4,4096,392,136,103.3185
4,4096,392,144,95.9419
4,4096,392,152,94.9084
4,4096,392,160,95.7038
4,4096,392,168,94.2275
4,4096,392,176,84.1961
4,4096,392,184,86.3347
4,4096,392,192,78.4319
4,4096,392,200,87.7039
4,4096,392,208,86.4784
4,4096,392,216,86.6865
4,4096,392,224,84.8049
4,4096,392,232,86.0638
4,4096,392,240,89.2295
4,4096,392,248,93.5023
4,4096,392,256,83.8212
4,4096,392,264,82.6562
4,4096,392,272,88.3949
4,4096,392,280,81.8371
4,4096,392,288,85.6705
4,4096,392,296,85.0377
4,4096,392,304,84.3415
4,4096,392,312,80.526
4,4096,392,320,79.5607
4,4096,392,328,75.0947
4,4096,392,336,78.8603
4,4096,392,344,74.7358
4,4096,392,352,73.6913
4,4096,392,360,77.8838
4,4096,392,368,65.6311
4,4096,392,376,69.5674
4,4096,392,384,68.7544
4,4096,400,8,107.5501
4,4096,400,16,115.7677
4,4096,400,24,113.6533
4,4096,400,32,109.7759
4,4096,400,40,115.8562
4,4096,400,48,113.2578
4,4096,400,56,107.1847
4,4096,400,64,97.0029
4,4096,400,72,107.3714
4,4096,400,80,91.413
4,4096,400,88,101.2158
4,4096,400,96,95.8575
4,4096,400,104,88.8286
4,4096,400,112,99.4865
4,4096,400,120,88.3096
4,4096,400,128,88.4555
4,4096,400,136,97.4487
4,4096,400,144,91.4768
4,4096,400,152,92.934
4,4096,400,160,89.9311
4,4096,400,168,91.9078
4,4096,400,176,83.3373
4,4096,400,184,91.5762
4,4096,400,192,89.4201
4,4096,400,200,89.7392
4,4096,400,208,82.7304
4,4096,400,216,90.7869
4,4096,400,224,88.0629
4,4096,400,232,90.7778
4,4096,400,240,90.3507
4,4096,400,248,90.402
4,4096,400,256,80.8255
4,4096,400,264,78.7991
4,4096,400,272,84.9184
4,4096,400,280,84.9373
4,4096,400,288,83.9006
4,4096,400,296,81.8254
4,4096,400,304,80.9651
4,4096,400,312,76.6442
4,4096,400,320,77.2657
4,4096,400,328,79.1788
4,4096,400,336,74.9381
4,4096,400,344,75.2338
4,4096,400,352,74.6597
4,4096,400,360,72.8845
4,4096,400,368,73.7403
4,4096,400,376,69.8499
4,4096,400,384,68.8525
4,4096,400,392,70.6676
4,4096,408,8,105.0298
4,4096,408,16,101.2867
4,4096,408,24,115.7728
4,4096,408,32,121.0395
4,4096,408,40,110.8843
4,4096,408,48,102.6053
4,4096,408,56,107.9671
4,4096,408,64,102.1663
4,4096,408,72,101.0006
4,4096,408,80,99.9065
4,4096,408,88,98.1859
4,4096,408,96,94.5779
4,4096,408,104,94.0442
4,4096,408,112,101.1369
4,4096,408,120,97.05
4,4096,408,128,96.946
4,4096,408,136,93.581
4,4096,408,144,93.0598
4,4096,408,152,90.8671
4,4096,408,160,96.7387
4,4096,408,168,90.9837
4,4096,408,176,88.8948
4,4096,408,184,88.7219
4,4096,408,192,97.1086
4,4096,408,200,86.1895
4,4096,408,208,93.627
4,4096,408,216,95.1284
4,4096,408,224,88.0487
4,4096,408,232,88.1691
4,4096,408,240,84.2686
4,4096,408,248,91.0546
4,4096,408,256,86.1786
4,4096,408,264,85.4121
4,4096,408,272,83.2043
4,4096,408,280,84.4193
4,4096,408,288,87.4391
4,4096,408,296,82.5911
4,4096,408,304,83.0484
4,4096,408,312,77.368
4,4096,408,320,81.1912
4,4096,408,328,79.7978
4,4096,408,336,73.2978
4,4096,408,344,78.7859
4,4096,408,352,70.5166
4,4096,408,360,73.1452
4,4096,408,368,67.6556
4,4096,408,376,69.0434
4,4096,408,384,68.5498
4,4096,408,392,69.3052
4,4096,408,400,66.9432
4,4096,416,8,104.3811
4,4096,416,16,120.1117
4,4096,416,24,112.3644
4,4096,416,32,115.9466
4,4096,416,40,108.217
4,4096,416,48,104.9635
4,4096,416,56,98.0874
4,4096,416,64,94.4557
4,4096,416,72,94.0328
4,4096,416,80,101.5282
4,4096,416,88,93.7424
4,4096,416,96,88.7463
4,4096,416,104,99.8337
4,4096,416,112,90.9145
4,4096,416,120,95.091
4,4096,416,128,90.2055
4,4096,416,136,87.1611
4,4096,416,144,92.9344
4,4096,416,152,86.9529
4,4096,416,160,91.6906
4,4096,416,168,87.0978
4,4096,416,176,91.9877
4,4096,416,184,79.8363
4,4096,416,192,88.5652
4,4096,416,200,83.2497
4,4096,416,208,96.1863
4,4096,416,216,81.3784
4,4096,416,224,89.6348
4,4096,416,232,83.6684
4,4096,416,240,83.1814
4,4096,416,248,92.2849
4,4096,416,256,82.4225
4,4096,416,264,86.0175
4,4096,416,272,82.7998
4,4096,416,280,87.9373
4,4096,416,288,84.7852
4,4096,416,296,82.2983
4,4096,416,304,82.909
4,4096,416,312,82.5643
4,4096,416,320,78.9941
4,4096,416,328,82.1689
4,4096,416,336,79.7798
4,4096,416,344,70.3553
4,4096,416,352,76.8273
4,4096,416,360,72.6379
4,4096,416,368,73.0209
4,4096,416,376,71.8121
4,4096,416,384,70.4142
4,4096,416,392,73.1753
4,4096,416,400,72.7952
4,4096,416,408,67.7098
4,4096,424,8,106.4243
4,4096,424,16,108.8038
4,4096,424,24,114.5242
4,4096,424,32,115.0761
4,4096,424,40,113.0966
4,4096,424,48,105.424
4,4096,424,56,89.3953
4,4096,424,64,104.6205
4,4096,424,72,102.3356
4,4096,424,80,102.9092
4,4096,424,88,94.2997
4,4096,424,96,99.2939
4,4096,424,104,87.8248
4,4096,424,112,95.9835
4,4096,424,120,90.2898
4,4096,424,128,91.7799
4,4096,424,136,87.9302
4,4096,424,144,95.553
4,4096,424,152,94.1036
4,4096,424,160,87.1995
4,4096,424,168,85.6353
4,4096,424,176,94.1601
4,4096,424,184,89.5216
4,4096,424,192,77.8872
4,4096,424,200,90.6199
4,4096,424,208,87.1239
4,4096,424,216,90.0958
4,4096,424,224,91.9752
4,4096,424,232,91.2522
4,4096,424,240,87.5123
4,4096,424,248,86.8633
4,4096,424,256,86.2969
4,4096,424,264,86.0014
4,4096,424,272,86.8631
4,4096,424,280,87.3498
4,4096,424,288,87.9351
4,4096,424,296,85.7055
4,4096,424,304,82.8814
4,4096,424,312,81.3013
4,4096,424,320,81.4287
4,4096,424,328,83.8785
4,4096,424,336,80.9763
4,4096,424,344,75.2436
4,4096,424,352,71.4735
4,4096,424,360,74.4691
4,4096,424,368,76.0937
4,4096,424,376,73.4184
4,4096,424,384,68.153
4,4096,424,392,70.5348
4,4096,424,400,71.8146
4,4096,424,408,71.204
4,4096,424,416,69.1619
4,4096,432,8,104.5211
4,4096,432,16,114.9259
4,4096,432,24,114.5497
4,4096,432,32,114.8478
4,4096,432,40,105.454
4,4096,432,48,106.7243
4,4096,432,56,102.8987
4,4096,432,64,101.6516
4,4096,432,72,93.1713
4,4096,432,80,90.5266
4,4096,432,88,93.178
4,4096,432,96,100.9224
4,4096,432,104,83.4352
4,4096,432,112,98.4358
4,4096,432,120,95.6178
4,4096,432,128,95.5634
4,4096,432,136,100.3165
4,4096,432,144,97.9001
4,4096,432,152,91.793
4,4096,432,160,94.3618
4,4096,432,168,89.8029
4,4096,432,176,92.6211
4,4096,432,184,94.345
4,4096,432,192,90.6938
4,4096,432,200,93.8097
4,4096,432,208,86.1053
4,4096,432,216,93.7897
4,4096,432,224,91.9474
4,4096,432,232,65.8619
4,4096,432,240,87.6643
4,4096,432,248,87.9556
4,4096,432,256,85.5003
4,4096,432,264,86.1104
4,4096,432,272,86.4986
4,4096,432,280,93.3431
4,4096,432,288,82.525
4,4096,432,296,85.5978
4,4096,432,304,80.9044
4,4096,432,312,83.1856
4,4096,432,320,78.6328
4,4096,432,328,78.7109
4,4096,432,336,77.8048
4,4096,432,344,78.3532
4,4096,432,352,74.9616
4,4096,432,360,78.6758
4,4096,432,368,73.5822
4,4096,432,376,72.5779
4,4096,432,384,71.2236
4,4096,432,392,72.4747
4,4096,432,400,68.3661
4,4096,432,408,71.0556
4,4096,432,416,68.7681
4,4096,432,424,68.2938
4,4096,440,8,97.8373
4,4096,440,16,114.6941
4,4096,440,24,102.6981
4,4096,440,32,113.5578
4,4096,440,40,116.3945
4,4096,440,48,103.2931
4,4096,440,56,98.8575
4,4096,440,64,100.0021
4,4096,440,72,99.717
4,4096,440,80,98.2908
4,4096,440,88,91.2268
4,4096,440,96,97.4428
4,4096,440,104,86.1214
4,4096,440,112,96.0587
4,4096,440,120,93.7193
4,4096,440,128,98.8231
4,4096,440,136,88.9178
4,4096,440,144,82.2411
4,4096,440,152,98.7531
4,4096,440,160,86.2358
4,4096,440,168,97.1554
4,4096,440,176,87.8569
4,4096,440,184,85.9763
4,4096,440,192,83.6892
4,4096,440,200,84.5245
4,4096,440,208,91.3664
4,4096,440,216,81.0028
4,4096,440,224,94.8927
4,4096,440,232,89.6884
4,4096,440,240,90.9444
4,4096,440,248,89.3075
4,4096,440,256,87.3088
4,4096,440,264,78.7187
4,4096,440,272,85.9701
4,4096,440,280,83.7077
4,4096,440,288,86.8203
4,4096,440,296,79.7773
4,4096,440,304,80.3762
4,4096,440,312,81.5276
4,4096,440,320,79.596
4,4096,440,328,76.6512
4,4096,440,336,73.6144
4,4096,440,344,77.7323
4,4096,440,352,77.8144
4,4096,440,360,79.3028
4,4096,440,368,72.4712
4,4096,440,376,73.3231
4,4096,440,384,76.5261
4,4096,440,392,72.0109
4,4096,440,400,68.7619
4,4096,440,408,72.4953
4,4096,440,416,70.7472
4,4096,440,424,68.1523
4,4096,440,432,68.7724
4,4096,448,8,103.8809
4,4096,448,16,104.3217
4,4096,448,24,119.5723
4,4096,448,32,117.1416
4,4096,448,40,108.3865
4,4096,448,48,95.3904
4,4096,448,56,98.9363
4,4096,448,64,103.4591
4,4096,448,72,100.0506
4,4096,448,80,96.968
4,4096,448,88,92.6004
4,4096,448,96,98.2409
4,4096,448,104,98.3521
4,4096,448,112,91.9606
4,4096,448,120,92.9165
4,4096,448,128,99.3647
4,4096,448,136,92.7467
4,4096,448,144,89.7672
4,4096,448,152,96.0505
4,4096,448,160,92.2191
4,4096,448,168,87.8323
4,4096,448,176,93.0407
4,4096,448,184,89.0957
4,4096,448,192,88.0519
4,4096,448,200,90.2549
4,4096,448,208,89.0784
4,4096,448,216,84.2105
4,4096,448,224,91.2659
4,4096,448,232,88.2848
4,4096,448,240,85.7439
4,4096,448,248,87.1197
4,4096,448,256,85.3261
4,4096,448,264,89.2056
4,4096,448,272,84.0226
4,4096,448,280,85.1146
4,4096,448,288,78.1883
4,4096,448,296,82.0892
4,4096,448,304,83.1059
4,4096,448,312,78.2717
4,4096,448,320,72.9508
4,4096,448,328,78.864
4,4096,448,336,76.7607
4,4096,448,344,74.5945
4,4096,448,352,72.3298
4,4096,448,360,74.9009
4,4096,448,368,73.7331
4,4096,448,376,69.3534
4,4096,448,384,72.7404
4,4096,448,392,72.0854
4,4096,448,400,72.794
4,4096,448,408,66.9513
4,4096,448,416,66.927
4,4096,448,424,65.9818
4,4096,448,432,66.2574
4,4096,448,440,62.2988
4,4096,456,8,99.6863
4,4096,456,16,113.9792
4,4096,456,24,113.0787
4,4096,456,32,112.2147
4,4096,456,40,86.879
4,4096,456,48,94.5401
4,4096,456,56,88.1585
4,4096,456,64,98.9006
4,4096,456,72,98.6463
4,4096,456,80,91.7622
4,4096,456,88,87.7846
4,4096,456,96,91.8814
4,4096,456,104,84.9251
4,4096,456,112,80.8379
4,4096,456,120,82.2418
4,4096,456,128,85.4664
4,4096,456,136,95.2861
4,4096,456,144,91.475
4,4096,456,152,94.8218
4,4096,456,160,85.571
4,4096,456,168,93.7368
4,4096,456,176,91.7204
4,4096,456,184,93.7361
4,4096,456,192,89.278
4,4096,456,200,87.6992
4,4096,456,208,90.2351
4,4096,456,216,86.5435
4,4096,456,224,87.9719
4,4096,456,232,83.1258
4,4096,456,240,90.0367
4,4096,456,248,89.3192
4,4096,456,256,89.6719
4,4096,456,264,90.3032
4,4096,456,272,80.5011
4,4096,456,280,88.2354
4,4096,456,288,84.5578
4,4096,456,296,79.7598
4,4096,456,304,83.7133
4,4096,456,312,89.6018
4,4096,456,320,80.3658
4,4096,456,328,75.6238
4,4096,456,336,78.2348
4,4096,456,344,79.9702
4,4096,456,352,76.0413
4,4096,456,360,74.7306
4,4096,456,368,75.5102
4,4096,456,376,71.8128
4,4096,456,384,74.0542
4,4096,456,392,73.2367
4,4096,456,400,74.2857
4,4096,456,408,69.2814
4,4096,456,416,69.8767
4,4096,456,424,69.2126
4,4096,456,432,70.0621
4,4096,456,440,66.4752
4,4096,456,448,64.4017
4,4096,464,8,103.3265
4,4096,464,16,106.4304
4,4096,464,24,105.496
4,4096,464,32,112.6426
4,4096,464,40,106.581
4,4096,464,48,102.2759
4,4096,464,56,97.7481
4,4096,464,64,97.0291
4,4096,464,72,94.1192
4,4096,464,80,94.639
4,4096,464,88,97.2362
4,4096,464,96,87.7164
4,4096,464,104,83.4342
4,4096,464,112,90.0644
4,4096,464,120,100.3678
4,4096,464,128,89.7998
4,4096,464,136,93.9021
4,4096,464,144,101.2105
4,4096,464,152,92.6631
4,4096,464,160,91.4169
4,4096,464,168,79.7123
4,4096,464,176,90.6157
4,4096,464,184,90.8341
4,4096,464,192,88.1445
4,4096,464,200,87.2318
4,4096,464,208,89.3624
4,4096,464,216,84.8138
4,4096,464,224,84.34
4,4096,464,232,85.6063
4,4096,464,240,89.7861
4,4096,464,248,87.6956
4,4096,464,256,91.6031
4,4096,464,264,90.7467
4,4096,464,272,85.0028
4,4096,464,280,85.006
4,4096,464,288,85.8733
4,4096,464,296,87.7408
4,4096,464,304,87.045
4,4096,464,312,84.8846
4,4096,464,320,80.4447
4,4096,464,328,80.811
4,4096,464,336,80.0578
4,4096,464,344,74.1111
4,4096,464,352,75.4169
4,4096,464,360,74.6684
4,4096,464,368,77.1878
4,4096,464,376,72.4042
4,4096,464,384,69.6437
4,4096,464,392,72.1189
4,4096,464,400,72.9829
4,4096,464,408,72.2871
4,4096,464,416,70.5986
4,4096,464,424,70.8878
4,4096,464,432,65.709
4,4096,464,440,67.6627
4,4096,464,448,67.0068
4,4096,464,456,66.5427
4,4096,472,8,100.7451
4,4096,472,16,100.4397
4,4096,472,24,97.0908
4,4096,472,32,103.7737
4,4096,472,40,99.8409
4,4096,472,48,94.8618
4,4096,472,56,95.8153
4,4096,472,64,101.9604
4,4096,472,72,95.5965
4,4096,472,80,93.801
4,4096,472,88,96.9206
4,4096,472,96,102.2116
4,4096,472,104,97.9733
4,4096,472,112,90.5112
4,4096,472,120,92.6509
4,4096,472,128,94.9809
4,4096,472,136,92.4284
4,4096,472,144,91.0762
4,4096,472,152,92.8795
4,4096,472,160,94.423
4,4096,472,168,93.1144
4,4096,472,176,94.0752
4,4096,472,184,91.99
4,4096,472,192,91.6366
4,4096,472,200,88.035
4,4096,472,208,89.9765
4,4096,472,216,86.6523
4,4096,472,224,90.2669
4,4096,472,232,86.4069
4,4096,472,240,89.0005
4,4096,472,248,89.5837
4,4096,472,256,89.3761
4,4096,472,264,81.8726
4,4096,472,272,88.4384
4,4096,472,280,86.9169
4,4096,472,288,84.7965
4,4096,472,296,84.0733
4,4096,472,304,82.2101
4,4096,472,312,80.225
4,4096,472,320,83.1255
4,4096,472,328,80.7814
4,4096,472,336,80.8023
4,4096,472,344,80.2113
4,4096,472,352,79.1892
4,4096,472,360,78.9394
4,4096,472,368,70.7812
4,4096,472,376,73.4471
4,4096,472,384,71.3767
4,4096,472,392,73.2982
4,4096,472,400,73.594
4,4096,472,408,69.6469
4,4096,472,416,69.7028
4,4096,472,424,67.3526
4,4096,472,432,68.9973
4,4096,472,440,68.6616
4,4096,472,448,64.015
4,4096,472,456,64.2801
4,4096,472,464,62.7771
4,4096,480,8,108.2704
4,4096,480,16,108.0576
4,4096,480,24,95.1183
4,4096,480,32,109.0465
4,4096,480,40,92.257
4,4096,480,48,93.2568
4,4096,480,56,98.5469
4,4096,480,64,87.0925
4,4096,480,72,99.9927
4,4096,480,80,93.8699
4,4096,480,88,101.5625
4,4096,480,96,96.3767
4,4096,480,104,92.5574
4,4096,480,112,95.5526
4,4096,480,120,88.145
4,4096,480,128,92.5538
4,4096,480,136,94.7282
4,4096,480,144,92.0033
4,4096,480,152,87.1907
4,4096,480,160,94.641
4,4096,480,168,90.4836
4,4096,480,176,93.3066
4,4096,480,184,91.6622
4,4096,480,192,87.6499
4,4096,480,200,89.6632
4,4096,480,208,85.0173
4,4096,480,216,91.5969
4,4096,480,224,84.7412
4,4096,480,232,91.2312
4,4096,480,240,87.0984
4,4096,480,248,84.6972
4,4096,480,256,90.8551
4,4096,480,264,85.6035
4,4096,480,272,87.452
4,4096,480,280,79.5068
4,4096,480,288,87.6918
4,4096,480,296,86.5157
4,4096,480,304,83.3045
4,4096,480,312,84.1302
4,4096,480,320,80.4726
4,4096,480,328,76.0512
4,4096,480,336,76.7201
4,4096,480,344,80.2899
4,4096,480,352,79.2285
4,4096,480,360,80.4032
4,4096,480,368,79.6825
4,4096,480,376,70.2521
4,4096,480,384,74.7382
4,4096,480,392,73.6882
4,4096,480,400,72.3699
4,4096,480,408,73.2485
4,4096,480,416,72.0533
4,4096,480,424,69.4892
4,4096,480,432,70.3024
4,4096,480,440,73.1073
4,4096,480,448,69.7844
4,4096,480,456,68.7742
4,4096,480,464,69.4003
4,4096,480,472,65.2539
4,4096,488,8,94.8371
4,4096,488,16,103.6845
4,4096,488,24,96.7011
4,4096,488,32,108.1424
4,4096,488,40,112.1215
4,4096,488,48,103.9889
4,4096,488,56,94.6728
4,4096,488,64,97.1405
4,4096,488,72,85.9681
4,4096,488,80,93.1662
4,4096,488,88,97.614
4,4096,488,96,96.239
4,4096,488,104,100.3197
4,4096,488,112,99.8498
4,4096,488,120,84.4203
4,4096,488,128,95.6375
4,4096,488,136,84.3893
4,4096,488,144,97.4635
4,4096,488,152,95.7458
4,4096,488,160,93.875
4,4096,488,168,91.8931
4,4096,488,176,93.8226
4,4096,488,184,89.6005
4,4096,488,192,90.549
4,4096,488,200,88.4377
4,4096,488,208,80.8702
4,4096,488,216,89.9417
4,4096,488,224,84.8753
4,4096,488,232,86.9108
4,4096,488,240,88.9793
4,4096,488,248,85.3212
4,4096,488,256,89.7473
4,4096,488,264,87.6625
4,4096,488,272,90.0509
4,4096,488,280,89.9852
4,4096,488,288,80.8166
4,4096,488,296,88.2543
4,4096,488,304,87.3864
4,4096,488,312,88.4449
4,4096,488,320,84.3444
4,4096,488,328,85.0858
4,4096,488,336,78.8946
4,4096,488,344,82.1226
4,4096,488,352,81.4141
4,4096,488,360,78.5411
4,4096,488,368,76.0478
4,4096,488,376,73.3852
4,4096,488,384,73.6928
4,4096,488,392,75.116
4,4096,488,400,73.211
4,4096,488,408,77.29
4,4096,488,416,73.7785
4,4096,488,424,72.6021
4,4096,488,432,69.0002
4,4096,488,440,71.7846
4,4096,488,448,66.1011
4,4096,488,456,67.045
4,4096,488,464,64.966
4,4096,488,472,63.4966
4,4096,488,480,62.0429
4,4096,496,8,86.7851
4,4096,496,16,113.8998
4,4096,496,24,107.1689
4,4096,496,32,98.1605
4,4096,496,40,107.3485
4,4096,496,48,88.1077
4,4096,496,56,98.1954
4,4096,496,64,87.7472
4,4096,496,72,95.4218
4,4096,496,80,90.1973
4,4096,496,88,94.4879
4,4096,496,96,95.9845
4,4096,496,104,87.0352
4,4096,496,112,89.7161
4,4096,496,120,93.1506
4,4096,496,128,87.937
4,4096,496,136,96.1055
4,4096,496,144,91.4543
4,4096,496,152,92.7177
4,4096,496,160,93.8069
4,4096,496,168,96.6725
4,4096,496,176,96.2159
4,4096,496,184,83.8716
4,4096,496,192,90.4257
4,4096,496,200,94.4782
4,4096,496,208,88.1283
4,4096,496,216,81.3473
4,4096,496,224,80.5013
4,4096,496,232,86.4444
4,4096,496,240,85.0097
4,4096,496,248,83.0638
4,4096,496,256,87.6976
4,4096,496,264,82.4779
4,4096,496,272,79.2213
4,4096,496,280,87.2586
4,4096,496,288,86.0215
4,4096,496,296,86.9818
4,4096,496,304,87.6699
4,4096,496,312,81.1345
4,4096,496,320,80.2728
4,4096,496,328,77.6946
4,4096,496,336,74.5559
4,4096,496,344,79.2129
4,4096,496,352,76.536
4,4096,496,360,79.7617
4,4096,496,368,78.2031
4,4096,496,376,72.6875
4,4096,496,384,74.4876
4,4096,496,392,75.3329
4,4096,496,400,75.1306
4,4096,496,408,70.0491
4,4096,496,416,72.6186
4,4096,496,424,68.3368
4,4096,496,432,71.1634
4,4096,496,440,69.5474
4,4096,496,448,66.7855
4,4096,496,456,67.8913
4,4096,496,464,62.4408
4,4096,496,472,67.7717
4,4096,496,480,60.6822
4,4096,496,488,60.6904
4,4096,504,8,83.3974
4,4096,504,16,103.0099
4,4096,504,24,96.3103
4,4096,504,32,99.3167
4,4096,504,40,90.3017
4,4096,504,48,80.2768
4,4096,504,56,88.7605
4,4096,504,64,95.9867
4,4096,504,72,89.7866
4,4096,504,80,95.4032
4,4096,504,88,89.1293
4,4096,504,96,93.1768
4,4096,504,104,90.204
4,4096,504,112,94.4451
4,4096,504,120,93.5192
4,4096,504,128,94.6475
4,4096,504,136,90.5893
4,4096,504,144,95.5951
4,4096,504,152,90.0124
4,4096,504,160,91.6287
4,4096,504,168,89.7301
4,4096,504,176,89.642
4,4096,504,184,82.644
4,4096,504,192,94.7485
4,4096,504,200,83.7849
4,4096,504,208,90.1744
4,4096,504,216,88.7259
4,4096,504,224,87.3487
4,4096,504,232,88.4033
4,4096,504,240,82.5801
4,4096,504,248,86.5646
4,4096,504,256,83.769
4,4096,504,264,78.407
4,4096,504,272,84.9451
4,4096,504,280,88.0265
4,4096,504,288,82.1744
4,4096,504,296,82.6183
4,4096,504,304,79.8381
4,4096,504,312,79.4096
4,4096,504,320,76.7325
4,4096,504,328,81.5872
4,4096,504,336,78.057
4,4096,504,344,78.1513
4,4096,504,352,76.7915
4,4096,504,360,76.4532
4,4096,504,368,75.0882
4,4096,504,376,75.8453
4,4096,504,384,73.4942
4,4096,504,392,73.9314
4,4096,504,400,68.777
4,4096,504,408,73.9075
4,4096,504,416,72.9126
4,4096,504,424,72.4871
4,4096,504,432,65.9544
4,4096,504,440,67.3355
4,4096,504,448,63.3191
4,4096,504,456,67.1072
4,4096,504,464,61.0356
4,4096,504,472,64.7468
4,4096,504,480,62.5976
4,4096,504,488,62.3158
4,4096,504,496,60.0001
2,4,4096,20,0.0
4,4,4096,20,2.7799
6,4,4096,20,5.3188
10,4,4096,20,7.7254
12,4,4096,20,7.9972
14,4,4096,20,8.2492
18,4,4096,20,7.7624
2,4,4096,22,3.7495
4,4,4096,22,5.6386
6,4,4096,22,7.4023
10,4,4096,22,8.2546
12,4,4096,22,9.3614
14,4,4096,22,9.8079
18,4,4096,22,9.7556
20,4,4096,22,9.3339
2,4,4096,26,4.9082
4,4,4096,26,7.8545
6,4,4096,26,9.663
10,4,4096,26,12.395
12,4,4096,26,11.9055
14,4,4096,26,14.1387
18,4,4096,26,14.1444
20,4,4096,26,14.5369
22,4,4096,26,14.1768
2,4,4096,28,5.7905
4,4,4096,28,9.4601
6,4,4096,28,11.4284
10,4,4096,28,14.3498
12,4,4096,28,14.0282
14,4,4096,28,15.5996
18,4,4096,28,16.2676
20,4,4096,28,16.5115
22,4,4096,28,16.3182
26,4,4096,28,15.966
2,4,4096,30,6.6442
4,4,4096,30,10.5369
6,4,4096,30,13.6977
10,4,4096,30,16.9087
12,4,4096,30,16.0537
14,4,4096,30,16.0344
18,4,4096,30,18.1222
20,4,4096,30,18.4015
22,4,4096,30,18.8789
26,4,4096,30,17.313
28,4,4096,30,18.1757
2,4,4096,34,8.1586
4,4,4096,34,13.1963
6,4,4096,34,16.0625
10,4,4096,34,18.5597
12,4,4096,34,20.8268
14,4,4096,34,20.4536
18,4,4096,34,23.7823
20,4,4096,34,22.984
22,4,4096,34,23.3377
26,4,4096,34,23.0891
28,4,4096,34,23.2782
30,4,4096,34,23.4397
2,4,4096,36,9.1767
4,4,4096,36,14.6311
6,4,4096,36,18.4291
10,4,4096,36,21.4978
12,4,4096,36,24.1083
14,4,4096,36,24.118
18,4,4096,36,25.8464
20,4,4096,36,26.9897
22,4,4096,36,27.2517
26,4,4096,36,27.114
28,4,4096,36,27.0901
30,4,4096,36,26.7732
34,4,4096,36,26.4051
2,4,4096,38,9.9032
4,4,4096,38,15.6022
6,4,4096,38,18.8333
10,4,4096,38,23.9023
12,4,4096,38,23.9216
14,4,4096,38,25.241
18,4,4096,38,25.4697
20,4,4096,38,27.9409
22,4,4096,38,30.039
26,4,4096,38,27.7211
28,4,4096,38,28.9421
30,4,4096,38,29.2303
34,4,4096,38,28.1969
36,4,4096,38,28.2915
2,4,4096,42,11.2795
4,4,4096,42,17.8616
6,4,4096,42,23.4249
10,4,4096,42,25.0375
12,4,4096,42,25.5676
14,4,4096,42,31.6861
18,4,4096,42,30.2314
20,4,4096,42,30.6991
22,4,4096,42,34.788
26,4,4096,42,33.5927
28,4,4096,42,34.5558
30,4,4096,42,33.7025
34,4,4096,42,34.074
36,4,4096,42,34.4385
38,4,4096,42,32.9418
2,4,4096,44,11.4309
4,4,4096,44,18.9212
6,4,4096,44,23.3141
10,4,4096,44,25.5084
12,4,4096,44,30.1723
14,4,4096,44,30.825
18,4,4096,44,33.0421
20,4,4096,44,32.1339
22,4,4096,44,36.8393
26,4,4096,44,35.5856
28,4,4096,44,35.4597
30,4,4096,44,34.9369
34,4,4096,44,34.0152
36,4,4096,44,35.8255
38,4,4096,44,35.6989
42,4,4096,44,34.337
2,4,4096,46,12.5978
4,4,4096,46,21.1193
6,4,4096,46,25.8109
10,4,4096,46,31.8551
12,4,4096,46,33.3182
14,4,4096,46,32.6354
18,4,4096,46,35.9204
20,4,4096,46,37.1563
22,4,4096,46,35.3858
26,4,4096,46,38.0839
28,4,4096,46,38.1972
30,4,4096,46,36.7086
34,4,4096,46,38.7573
36,4,4096,46,38.305
38,4,4096,46,39.9638
42,4,4096,46,37.3708
44,4,4096,46,36.0164
2,4,4096,50,13.7388
4,4,4096,50,23.6243
6,4,4096,50,28.9501
10,4,4096,50,34.5922
12,4,4096,50,34.7297
14,4,4096,50,38.8511
18,4,4096,50,41.54
20,4,4096,50,41.9183
22,4,4096,50,42.274
26,4,4096,50,45.7053
28,4,4096,50,43.6246
30,4,4096,50,44.2452
34,4,4096,50,43.5064
36,4,4096,50,42.8061
38,4,4096,50,42.2127
42,4,4096,50,42.0146
44,4,4096,50,41.9381
46,4,4096,50,43.6485
2,4,4096,52,14.6821
4,4,4096,52,24.7607
6,4,4096,52,31.6637
10,4,4096,52,34.4324
12,4,4096,52,38.787
14,4,4096,52,41.1936
18,4,4096,52,44.8523
20,4,4096,52,44.9639
22,4,4096,52,43.6398
26,4,4096,52,46.6556
28,4,4096,52,46.1289
30,4,4096,52,46.299
34,4,4096,52,46.1936
36,4,4096,52,47.6195
38,4,4096,52,44.4037
42,4,4096,52,46.5713
44,4,4096,52,46.3349
46,4,4096,52,46.1144
50,4,4096,52,44.1073
2,4,4096,54,15.6607
4,4,4096,54,25.8841
6,4,4096,54,34.5909
10,4,4096,54,37.1526
12,4,4096,54,39.6343
14,4,4096,54,40.8363
18,4,4096,54,45.8933
20,4,4096,54,46.5504
22,4,4096,54,45.1795
26,4,4096,54,44.8013
28,4,4096,54,47.692
30,4,4096,54,49.4483
34,4,4096,54,46.7557
36,4,4096,54,51.0721
38,4,4096,54,50.4787
42,4,4096,54,47.396
44,4,4096,54,46.3523
46,4,4096,54,47.4744
50,4,4096,54,46.3931
52,4,4096,54,46.7264
2,4,4096,58,16.2518
4,4,4096,58,25.3718
6,4,4096,58,34.9608
10,4,4096,58,39.9846
12,4,4096,58,44.3478
14,4,4096,58,40.4761
18,4,4096,58,44.2747
20,4,4096,58,51.3701
22,4,4096,58,47.5751
26,4,4096,58,49.0129
28,4,4096,58,49.4994
30,4,4096,58,50.5487
34,4,4096,58,52.1673
36,4,4096,58,48.4183
38,4,4096,58,50.5252
42,4,4096,58,51.0983
44,4,4096,58,52.8751
46,4,4096,58,49.4941
50,4,4096,58,53.1973
52,4,4096,58,49.3275
54,4,4096,58,51.7595
2,4,4096,60,16.7974
4,4,4096,60,27.8598
6,4,4096,60,36.3971
10,4,4096,60,41.0988
12,4,4096,60,44.5378
14,4,4096,60,45.0377
18,4,4096,60,48.6833
20,4,4096,60,55.544
22,4,4096,60,49.9533
26,4,4096,60,48.8204
28,4,4096,60,51.8339
30,4,4096,60,54.3512
34,4,4096,60,53.0417
36,4,4096,60,56.599
38,4,4096,60,56.8216
42,4,4096,60,54.4307
44,4,4096,60,53.445
46,4,4096,60,51.5857
50,4,4096,60,49.6739
52,4,4096,60,54.2996
54,4,4096,60,51.5857
58,4,4096,60,47.9131
2,4,4096,62,17.3607
4,4,4096,62,28.9869
6,4,4096,62,36.506
10,4,4096,62,42.046
12,4,4096,62,42.3765
14,4,4096,62,47.1074
18,4,4096,62,50.6045
20,4,4096,62,49.1599
22,4,4096,62,53.9058
26,4,4096,62,50.5593
28,4,4096,62,54.2734
30,4,4096,62,53.0437
34,4,4096,62,59.2885
36,4,4096,62,56.701
38,4,4096,62,58.4157
42,4,4096,62,58.5088
44,4,4096,62,56.6654
46,4,4096,62,56.6229
50,4,4096,62,56.8449
52,4,4096,62,54.5315
54,4,4096,62,51.6371
58,4,4096,62,50.877
60,4,4096,62,53.6933
2,4,4096,66,18.5848
4,4,4096,66,30.5348
6,4,4096,66,41.8006
10,4,4096,66,44.6816
12,4,4096,66,47.7858
14,4,4096,66,52.54
18,4,4096,66,53.7156
20,4,4096,66,52.7731
22,4,4096,66,58.7936
26,4,4096,66,55.1316
28,4,4096,66,56.1447
30,4,4096,66,53.0757
34,4,4096,66,60.0434
36,4,4096,66,59.4915
38,4,4096,66,60.062
42,4,4096,66,60.4793
44,4,4096,66,61.0826
46,4,4096,66,58.7698
50,4,4096,66,59.963
52,4,4096,66,54.9125
54,4,4096,66,58.0162
58,4,4096,66,59.3891
60,4,4096,66,54.1181
62,4,4096,66,57.2376
2,4,4096,68,18.9114
4,4,4096,68,32.0154
6,4,4096,68,41.2288
10,4,4096,68,44.0806
12,4,4096,68,50.9334
14,4,4096,68,53.2344
18,4,4096,68,57.8798
20,4,4096,68,60.0944
22,4,4096,68,57.421
26,4,4096,68,58.6443
28,4,4096,68,55.6141
30,4,4096,68,58.7278
34,4,4096,68,61.2926
36,4,4096,68,64.3785
38,4,4096,68,64.1026
42,4,4096,68,62.4631
44,4,4096,68,60.3622
46,4,4096,68,61.9736
50,4,4096,68,59.591
52,4,4096,68,63.2604
54,4,4096,68,61.4469
58,4,4096,68,59.2656
60,4,4096,68,59.0163
62,4,4096,68,58.0878
66,4,4096,68,55.7116
2,4,4096,70,19.6829
4,4,4096,70,32.4632
6,4,4096,70,43.4061
10,4,4096,70,48.1931
12,4,4096,70,51.1721
14,4,4096,70,56.9956
18,4,4096,70,59.0519
20,4,4096,70,55.5849
22,4,4096,70,60.123
26,4,4096,70,60.1903
28,4,4096,70,58.735
30,4,4096,70,61.3162
34,4,4096,70,59.6839
36,4,4096,70,65.4087
38,4,4096,70,65.8349
42,4,4096,70,63.451
44,4,4096,70,56.6946
46,4,4096,70,64.4922
50,4,4096,70,61.9062
52,4,4096,70,63.9811
54,4,4096,70,63.1945
58,4,4096,70,61.9303
60,4,4096,70,61.0821
62,4,4096,70,62.3925
66,4,4096,70,59.0808
68,4,4096,70,59.9874
2,4,4096,74,20.5761
4,4,4096,74,30.8026
6,4,4096,74,44.5728
10,4,4096,74,50.072
12,4,4096,74,52.6262
14,4,4096,74,58.2331
18,4,4096,74,54.9137
20,4,4096,74,61.7528
22,4,4096,74,60.224
26,4,4096,74,58.3408
28,4,4096,74,63.0125
30,4,4096,74,60.1579
34,4,4096,74,64.831
36,4,4096,74,60.1064
38,4,4096,74,58.7385
42,4,4096,74,67.5286
44,4,4096,74,67.3357
46,4,4096,74,65.0313
50,4,4096,74,66.9693
52,4,4096,74,63.6929
54,4,4096,74,62.7454
58,4,4096,74,65.3818
60,4,4096,74,63.7415
62,4,4096,74,64.0482
66,4,4096,74,60.0028
68,4,4096,74,61.908
70,4,4096,74,61.8108
2,4,4096,76,20.7658
4,4,4096,76,36.4133
6,4,4096,76,46.1525
10,4,4096,76,49.9059
12,4,4096,76,56.2902
14,4,4096,76,55.4838
18,4,4096,76,59.6854
20,4,4096,76,68.6125
22,4,4096,76,62.8611
26,4,4096,76,65.5226
28,4,4096,76,66.6674
30,4,4096,76,61.9991
34,4,4096,76,60.2616
36,4,4096,76,65.1142
38,4,4096,76,66.2308
42,4,4096,76,66.3575
44,4,4096,76,71.1595
46,4,4096,76,66.2071
50,4,4096,76,65.4995
52,4,4096,76,69.6337
54,4,4096,76,63.6283
58,4,4096,76,66.0241
60,4,4096,76,66.0755
62,4,4096,76,62.8762
66,4,4096,76,67.4221
68,4,4096,76,66.6626
70,4,4096,76,63.3304
74,4,4096,76,61.3646
2,4,4096,78,21.159
4,4,4096,78,34.6814
6,4,4096,78,46.4604
10,4,4096,78,53.8209
12,4,4096,78,56.7897
14,4,4096,78,57.1746
18,4,4096,78,56.9411
20,4,4096,78,64.047
22,4,4096,78,68.0668
26,4,4096,78,64.2465
28,4,4096,78,65.8868
30,4,4096,78,68.6593
34,4,4096,78,64.559
36,4,4096,78,66.1973
38,4,4096,78,67.8092
42,4,4096,78,67.5806
44,4,4096,78,70.8119
46,4,4096,78,69.4856
50,4,4096,78,67.7987
52,4,4096,78,65.0233
54,4,4096,78,66.2821
58,4,4096,78,69.7887
60,4,4096,78,65.8926
62,4,4096,78,66.36
66,4,4096,78,63.8273
68,4,4096,78,63.1798
70,4,4096,78,67.6173
74,4,4096,78,64.1275
76,4,4096,78,64.664
2,4,4096,82,21.9124
4,4,4096,82,36.2987
6,4,4096,82,48.1137
10,4,4096,82,55.7837
12,4,4096,82,54.8844
14,4,4096,82,62.4443
18,4,4096,82,63.8299
20,4,4096,82,63.8657
22,4,4096,82,62.1081
26,4,4096,82,57.5369
28,4,4096,82,68.9255
30,4,4096,82,63.7195
34,4,4096,82,65.7893
36,4,4096,82,57.7158
38,4,4096,82,68.4044
42,4,4096,82,72.6271
44,4,4096,82,67.5341
46,4,4096,82,60.7977
50,4,4096,82,66.5749
52,4,4096,82,61.0456
54,4,4096,82,73.8788
58,4,4096,82,67.5827
60,4,4096,82,61.3786
62,4,4096,82,71.9254
66,4,4096,82,66.5366
68,4,4096,82,64.7058
70,4,4096,82,68.1397
74,4,4096,82,58.5974
76,4,4096,82,67.5809
78,4,4096,82,67.5437
2,4,4096,84,21.9138
4,4,4096,84,36.7529
6,4,4096,84,51.2486
10,4,4096,84,48.0604
12,4,4096,84,50.387
14,4,4096,84,60.9518
18,4,4096,84,63.4138
20,4,4096,84,64.531
22,4,4096,84,71.3577
26,4,4096,84,57.9888
28,4,4096,84,63.0884
30,4,4096,84,67.2341
34,4,4096,84,67.0173
36,4,4096,84,71.3618
38,4,4096,84,60.1427
42,4,4096,84,69.3474
44,4,4096,84,68.5188
46,4,4096,84,70.5113
50,4,4096,84,71.2241
52,4,4096,84,61.59
54,4,4096,84,74.0684
58,4,4096,84,61.3078
60,4,4096,84,75.1288
62,4,4096,84,60.1695
66,4,4096,84,64.9336
68,4,4096,84,59.4959
70,4,4096,84,65.6659
74,4,4096,84,59.9545
76,4,4096,84,72.7155
78,4,4096,84,66.2312
82,4,4096,84,63.6978
2,4,4096,86,21.9669
4,4,4096,86,38.2255
6,4,4096,86,45.6804
10,4,4096,86,47.5626
12,4,4096,86,48.9385
14,4,4096,86,57.9903
18,4,4096,86,64.9625
20,4,4096,86,69.1733
22,4,4096,86,72.8863
26,4,4096,86,69.0733
28,4,4096,86,66.0148
30,4,4096,86,67.829
34,4,4096,86,66.9742
36,4,4096,86,72.4578
38,4,4096,86,63.7726
42,4,4096,86,63.8806
44,4,4096,86,64.0507
46,4,4096,86,75.9113
50,4,4096,86,67.2823
52,4,4096,86,70.9682
54,4,4096,86,69.3343
58,4,4096,86,70.1912
60,4,4096,86,61.4529
62,4,4096,86,71.9212
66,4,4096,86,72.468
68,4,4096,86,64.1204
70,4,4096,86,67.6238
74,4,4096,86,67.2014
76,4,4096,86,67.7807
78,4,4096,86,59.638
82,4,4096,86,67.5675
84,4,4096,86,66.1416
2,4,4096,90,22.0065
4,4,4096,90,39.4644
6,4,4096,90,51.4082
10,4,4096,90,55.5526
12,4,4096,90,59.6939
14,4,4096,90,62.953
18,4,4096,90,64.5388
20,4,4096,90,69.3566
22,4,4096,90,69.1833
26,4,4096,90,61.3095
28,4,4096,90,73.538
30,4,4096,90,69.443
34,4,4096,90,74.3844
36,4,4096,90,67.2406
38,4,4096,90,73.646
42,4,4096,90,70.5523
44,4,4096,90,71.2133
46,4,4096,90,75.2518
50,4,4096,90,69.1669
52,4,4096,90,68.4996
54,4,4096,90,73.9942
58,4,4096,90,66.3752
60,4,4096,90,69.138
62,4,4096,90,71.4611
66,4,4096,90,65.4114
68,4,4096,90,75.3412
70,4,4096,90,64.8373
74,4,4096,90,69.7865
76,4,4096,90,70.2718
78,4,4096,90,70.0546
82,4,4096,90,68.4778
84,4,4096,90,64.0923
86,4,4096,90,66.1038
2,4,4096,92,22.5378
4,4,4096,92,40.7963
6,4,4096,92,42.6354
10,4,4096,92,54.9193
12,4,4096,92,59.9968
14,4,4096,92,66.1356
18,4,4096,92,63.6996
20,4,4096,92,72.9369
22,4,4096,92,69.2468
26,4,4096,92,72.3894
28,4,4096,92,74.5521
30,4,4096,92,71.1609
34,4,4096,92,70.5366
36,4,4096,92,67.3748
38,4,4096,92,75.5224
42,4,4096,92,70.9439
44,4,4096,92,72.8508
46,4,4096,92,64.8824
50,4,4096,92,74.3354
52,4,4096,92,80.7384
54,4,4096,92,70.3214
58,4,4096,92,65.5153
60,4,4096,92,70.2994
62,4,4096,92,71.3354
66,4,4096,92,64.9476
68,4,4096,92,75.01
70,4,4096,92,65.6478
74,4,4096,92,71.3655
76,4,4096,92,69.9861
78,4,4096,92,70.182
82,4,4096,92,69.1693
84,4,4096,92,64.5682
86,4,4096,92,62.5994
90,4,4096,92,62.9472
2,4,4096,94,20.2299
4,4,4096,94,38.0578
6,4,4096,94,47.9582
10,4,4096,94,58.2546
12,4,4096,94,63.5308
14,4,4096,94,68.9017
18,4,4096,94,68.8593
20,4,4096,94,68.6823
22,4,4096,94,61.7845
26,4,4096,94,72.5562
28,4,4096,94,67.5377
30,4,4096,94,66.9684
34,4,4096,94,67.2228
36,4,4096,94,78.329
38,4,4096,94,76.8855
42,4,4096,94,67.6782
44,4,4096,94,77.471
46,4,4096,94,66.3409
50,4,4096,94,76.2214
52,4,4096,94,78.9743
54,4,4096,94,76.9892
58,4,4096,94,76.4763
60,4,4096,94,76.2733
62,4,4096,94,69.9416
66,4,4096,94,71.1069
68,4,4096,94,72.3188
70,4,4096,94,76.1499
74,4,4096,94,73.1129
76,4,4096,94,73.7088
78,4,4096,94,65.6963
82,4,4096,94,72.9353
84,4,4096,94,66.1585
86,4,4096,94,72.2027
90,4,4096,94,63.5808
92,4,4096,94,70.764
2,4,4096,98,23.7326
4,4,4096,98,40.8232
6,4,4096,98,52.0026
10,4,4096,98,59.6983
12,4,4096,98,57.8094
14,4,4096,98,72.2773
18,4,4096,98,63.3008
20,4,4096,98,67.6696
22,4,4096,98,75.9871
26,4,4096,98,68.1173
28,4,4096,98,73.9667
30,4,4096,98,70.4888
34,4,4096,98,68.8012
36,4,4096,98,74.7493
38,4,4096,98,79.0092
42,4,4096,98,75.242
44,4,4096,98,78.9316
46,4,4096,98,70.0003
50,4,4096,98,75.8046
52,4,4096,98,76.0728
54,4,4096,98,78.8735
58,4,4096,98,77.9859
60,4,4096,98,76.8258
62,4,4096,98,72.844
66,4,4096,98,77.3119
68,4,4096,98,75.405
70,4,4096,98,76.4272
74,4,4096,98,68.1406
76,4,4096,98,77.635
78,4,4096,98,68.5186
82,4,4096,98,75.4042
84,4,4096,98,66.4985
86,4,4096,98,69.5876
90,4,4096,98,65.5647
92,4,4096,98,73.3707
94,4,4096,98,61.5595
2,4,4096,100,23.9032
4,4,4096,100,42.3635
6,4,4096,100,56.4155
10,4,4096,100,61.3795
12,4,4096,100,65.1013
14,4,4096,100,67.612
18,4,4096,100,69.7968
20,4,4096,100,75.1577
22,4,4096,100,72.9541
26,4,4096,100,76.0621
28,4,4096,100,78.6602
30,4,4096,100,80.2499
34,4,4096,100,72.196
36,4,4096,100,79.2368
38,4,4096,100,78.9234
42,4,4096,100,79.4922
44,4,4096,100,76.226
46,4,4096,100,79.2745
50,4,4096,100,77.5803
52,4,4096,100,73.7293
54,4,4096,100,80.4289
58,4,4096,100,79.7708
60,4,4096,100,77.7446
62,4,4096,100,76.5032
66,4,4096,100,75.9604
68,4,4096,100,76.3308
70,4,4096,100,77.3055
74,4,4096,100,69.2125
76,4,4096,100,75.0622
78,4,4096,100,70.6194
82,4,4096,100,76.5977
84,4,4096,100,63.3828
86,4,4096,100,79.6366
90,4,4096,100,59.7841
92,4,4096,100,75.1307
94,4,4096,100,70.2461
98,4,4096,100,71.5907
2,4,4096,102,23.3238
4,4,4096,102,42.5251
6,4,4096,102,52.6773
10,4,4096,102,56.9284
12,4,4096,102,64.0715
14,4,4096,102,68.401
18,4,4096,102,72.1682
20,4,4096,102,73.4289
22,4,4096,102,71.1133
26,4,4096,102,76.7517
28,4,4096,102,77.7884
30,4,4096,102,77.1582
34,4,4096,102,68.5233
36,4,4096,102,79.0102
38,4,4096,102,73.2642
42,4,4096,102,73.3408
44,4,4096,102,80.8595
46,4,4096,102,77.1109
50,4,4096,102,75.4195
52,4,4096,102,72.3731
54,4,4096,102,81.3339
58,4,4096,102,78.4727
60,4,4096,102,80.0859
62,4,4096,102,75.7791
66,4,4096,102,76.0861
68,4,4096,102,77.7211
70,4,4096,102,70.6883
74,4,4096,102,78.1601
76,4,4096,102,67.1262
78,4,4096,102,79.4535
82,4,4096,102,68.499
84,4,4096,102,73.3788
86,4,4096,102,71.5202
90,4,4096,102,75.873
92,4,4096,102,69.9089
94,4,4096,102,74.84
98,4,4096,102,68.7595
100,4,4096,102,69.1168
2,4,4096,106,24.5634
4,4,4096,106,42.0754
6,4,4096,106,51.6474
10,4,4096,106,62.7467
12,4,4096,106,66.24
14,4,4096,106,70.3698
18,4,4096,106,74.7141
20,4,4096,106,68.5563
22,4,4096,106,77.9954
26,4,4096,106,68.7433
28,4,4096,106,80.1245
30,4,4096,106,80.02
34,4,4096,106,75.777
36,4,4096,106,74.0267
38,4,4096,106,82.4742
42,4,4096,106,80.244
44,4,4096,106,67.2934
46,4,4096,106,81.2989
50,4,4096,106,72.7777
52,4,4096,106,79.5756
54,4,4096,106,77.8147
58,4,4096,106,84.1371
60,4,4096,106,74.196
62,4,4096,106,73.4823
66,4,4096,106,80.98
68,4,4096,106,77.143
70,4,4096,106,80.4639
74,4,4096,106,78.8089
76,4,4096,106,74.382
78,4,4096,106,79.1341
82,4,4096,106,78.6212
84,4,4096,106,74.1084
86,4,4096,106,77.1594
90,4,4096,106,75.1397
92,4,4096,106,72.7787
94,4,4096,106,64.6598
98,4,4096,106,65.9388
100,4,4096,106,61.9664
102,4,4096,106,68.3013
2,4,4096,108,24.9166
4,4,4096,108,39.9036
6,4,4096,108,55.996
10,4,4096,108,60.1522
12,4,4096,108,68.972
14,4,4096,108,74.2035
18,4,4096,108,74.8588
20,4,4096,108,80.2456
22,4,4096,108,72.6037
26,4,4096,108,76.6081
28,4,4096,108,80.7859
30,4,4096,108,78.9238
34,4,4096,108,72.5945
36,4,4096,108,86.2965
38,4,4096,108,88.2696
42,4,4096,108,72.5548
44,4,4096,108,82.404
46,4,4096,108,87.0043
50,4,4096,108,70.7832
52,4,4096,108,78.043
54,4,4096,108,64.1523
58,4,4096,108,80.7784
60,4,4096,108,72.899
62,4,4096,108,84.2704
66,4,4096,108,71.8114
68,4,4096,108,78.6398
70,4,4096,108,61.0028
74,4,4096,108,81.9242
76,4,4096,108,75.3123
78,4,4096,108,70.1788
82,4,4096,108,73.9211
84,4,4096,108,77.214
86,4,4096,108,76.3825
90,4,4096,108,70.461
92,4,4096,108,82.713
94,4,4096,108,69.3666
98,4,4096,108,77.0282
100,4,4096,108,65.5249
102,4,4096,108,75.3921
106,4,4096,108,70.1351
2,4,4096,110,24.5201
4,4,4096,110,45.0424
6,4,4096,110,51.7319
10,4,4096,110,63.1801
12,4,4096,110,61.2785
14,4,4096,110,78.3729
18,4,4096,110,60.6565
20,4,4096,110,81.0542
22,4,4096,110,70.556
26,4,4096,110,75.4459
28,4,4096,110,83.6069
30,4,4096,110,79.3676
34,4,4096,110,72.7594
36,4,4096,110,70.7544
38,4,4096,110,79.9727
42,4,4096,110,78.2328
44,4,4096,110,78.0846
46,4,4096,110,86.4019
50,4,4096,110,76.1254
52,4,4096,110,71.6317
54,4,4096,110,83.6692
58,4,4096,110,77.2882
60,4,4096,110,79.3308
62,4,4096,110,84.9489
66,4,4096,110,84.5939
68,4,4096,110,75.7703
70,4,4096,110,83.3972
74,4,4096,110,81.7003
76,4,4096,110,71.757
78,4,4096,110,75.9048
82,4,4096,110,77.1312
84,4,4096,110,78.4678
86,4,4096,110,76.7299
90,4,4096,110,66.5663
92,4,4096,110,80.3214
94,4,4096,110,68.8349
98,4,4096,110,78.6817
100,4,4096,110,69.5712
102,4,4096,110,73.9886
106,4,4096,110,73.788
108,4,4096,110,71.1849
2,4,4096,114,26.0473
4,4,4096,114,42.3171
6,4,4096,114,53.6222
10,4,4096,114,61.0634
12,4,4096,114,68.3121
14,4,4096,114,76.302
18,4,4096,114,72.7169
20,4,4096,114,74.0336
22,4,4096,114,77.7352
26,4,4096,114,76.3971
28,4,4096,114,84.5032
30,4,4096,114,82.2222
34,4,4096,114,74.5689
36,4,4096,114,73.716
38,4,4096,114,86.1209
42,4,4096,114,81.3208
44,4,4096,114,65.3729
46,4,4096,114,86.6344
50,4,4096,114,84.7477
52,4,4096,114,65.9062
54,4,4096,114,77.9459
58,4,4096,114,88.1761
60,4,4096,114,72.3085
62,4,4096,114,81.9889
66,4,4096,114,80.1972
68,4,4096,114,73.4321
70,4,4096,114,82.5344
74,4,4096,114,82.1089
76,4,4096,114,67.287
78,4,4096,114,80.2388
82,4,4096,114,82.0912
84,4,4096,114,68.6654
86,4,4096,114,77.4997
90,4,4096,114,74.9541
92,4,4096,114,78.2161
94,4,4096,114,70.9296
98,4,4096,114,65.8985
100,4,4096,114,75.4053
102,4,4096,114,67.8724
106,4,4096,114,76.6586
108,4,4096,114,66.9969
110,4,4096,114,78.2147
2,4,4096,116,24.5189
4,4,4096,116,43.6967
6,4,4096,116,55.466
10,4,4096,116,67.0092
12,4,4096,116,71.1136
14,4,4096,116,65.6381
18,4,4096,116,66.6514
20,4,4096,116,82.5003
22,4,4096,116,75.0151
26,4,4096,116,70.5731
28,4,4096,116,75.098
30,4,4096,116,81.2272
34,4,4096,116,78.2181
36,4,4096,116,73.4162
38,4,4096,116,82.1932
42,4,4096,116,73.0658
44,4,4096,116,83.039
46,4,4096,116,83.6912
50,4,4096,116,77.1757
52,4,4096,116,83.1248
54,4,4096,116,80.6238
58,4,4096,116,67.9629
60,4,4096,116,81.7285
62,4,4096,116,81.126
66,4,4096,116,80.8136
68,4,4096,116,79.2741
70,4,4096,116,80.613
74,4,4096,116,78.8103
76,4,4096,116,74.5444
78,4,4096,116,65.8375
82,4,4096,116,82.3432
84,4,4096,116,81.3287
86,4,4096,116,58.5139
90,4,4096,116,76.1527
92,4,4096,116,72.3559
94,4,4096,116,78.5984
98,4,4096,116,74.9906
100,4,4096,116,70.093
102,4,4096,116,74.8668
106,4,4096,116,75.4332
108,4,4096,116,76.4017
110,4,4096,116,68.5117
114,4,4096,116,73.6097
2,4,4096,118,25.9756
4,4,4096,118,44.0316
6,4,4096,118,56.2511
10,4,4096,118,68.071
12,4,4096,118,73.0641
14,4,4096,118,63.5899
18,4,4096,118,67.9859
20,4,4096,118,80.5809
22,4,4096,118,77.0779
26,4,4096,118,73.0968
28,4,4096,118,72.2458
30,4,4096,118,84.3004
34,4,4096,118,84.4913
36,4,4096,118,82.1036
38,4,4096,118,77.3515
42,4,4096,118,79.7513
44,4,4096,118,79.778
46,4,4096,118,82.2928
50,4,4096,118,63.316
52,4,4096,118,83.4669
54,4,4096,118,72.9064
58,4,4096,118,76.3242
60,4,4096,118,66.9461
62,4,4096,118,74.9412
66,4,4096,118,87.2948
68,4,4096,118,74.9658
70,4,4096,118,76.8895
74,4,4096,118,84.4736
76,4,4096,118,84.5718
78,4,4096,118,75.3215
82,4,4096,118,81.5935
84,4,4096,118,82.6454
86,4,4096,118,76.5303
90,4,4096,118,79.6701
92,4,4096,118,75.598
94,4,4096,118,78.454
98,4,4096,118,79.0269
100,4,4096,118,75.3921
102,4,4096,118,64.2308
106,4,4096,118,76.1646
108,4,4096,118,74.1474
110,4,4096,118,75.0568
114,4,4096,118,70.4171
116,4,4096,118,57.0645
2,4,4096,122,25.4762
4,4,4096,122,44.6081
6,4,4096,122,56.4562
10,4,4096,122,66.0134
12,4,4096,122,73.1352
14,4,4096,122,74.1921
18,4,4096,122,73.6858
20,4,4096,122,68.9307
22,4,4096,122,80.7467
26,4,4096,122,78.3725
28,4,4096,122,81.8232
30,4,4096,122,79.3352
34,4,4096,122,73.6913
36,4,4096,122,86.5103
38,4,4096,122,86.9751
42,4,4096,122,79.991
44,4,4096,122,82.995
46,4,4096,122,75.1881
50,4,4096,122,78.8187
52,4,4096,122,83.6213
54,4,4096,122,84.6939
58,4,4096,122,74.7244
60,4,4096,122,81.7179
62,4,4096,122,77.7776
66,4,4096,122,76.3092
68,4,4096,122,82.1224
70,4,4096,122,82.9262
74,4,4096,122,72.8881
76,4,4096,122,84.8171
78,4,4096,122,80.5718
82,4,4096,122,71.6342
84,4,4096,122,81.7836
86,4,4096,122,81.5266
90,4,4096,122,80.9985
92,4,4096,122,82.0567
94,4,4096,122,70.7803
98,4,4096,122,72.3224
100,4,4096,122,81.6649
102,4,4096,122,73.6832
106,4,4096,122,73.9482
108,4,4096,122,79.6307
110,4,4096,122,67.5736
114,4,4096,122,78.6836
116,4,4096,122,79.0613
118,4,4096,122,75.1796
2,4,4096,124,26.107
4,4,4096,124,43.1091
6,4,4096,124,55.8804
10,4,4096,124,64.6675
12,4,4096,124,73.1355
14,4,4096,124,75.2112
18,4,4096,124,77.0282
20,4,4096,124,74.795
22,4,4096,124,82.5914
26,4,4096,124,82.6777
28,4,4096,124,73.6498
30,4,4096,124,80.7309
34,4,4096,124,79.0218
36,4,4096,124,76.3534
38,4,4096,124,83.6534
42,4,4096,124,85.4199
44,4,4096,124,79.2487
46,4,4096,124,87.3256
50,4,4096,124,82.7867
52,4,4096,124,85.6905
54,4,4096,124,85.2493
58,4,4096,124,80.3001
60,4,4096,124,76.089
62,4,4096,124,86.6078
66,4,4096,124,81.7975
68,4,4096,124,64.6354
70,4,4096,124,73.4659
74,4,4096,124,81.9343
76,4,4096,124,74.7282
78,4,4096,124,81.6678
82,4,4096,124,74.6881
84,4,4096,124,79.7903
86,4,4096,124,82.5422
90,4,4096,124,81.1651
92,4,4096,124,70.2313
94,4,4096,124,79.2482
98,4,4096,124,63.7015
100,4,4096,124,79.7463
102,4,4096,124,70.6739
106,4,4096,124,78.6311
108,4,4096,124,69.0782
110,4,4096,124,73.2907
114,4,4096,124,76.3821
116,4,4096,124,74.3901
118,4,4096,124,67.7743
122,4,4096,124,71.3876
2,4,4096,126,27.0962
4,4,4096,126,44.0918
6,4,4096,126,57.7122
10,4,4096,126,64.9011
12,4,4096,126,73.5097
14,4,4096,126,71.3983
18,4,4096,126,76.6612
20,4,4096,126,76.4283
22,4,4096,126,83.1163
26,4,4096,126,81.6327
28,4,4096,126,78.4544
30,4,4096,126,87.4129
34,4,4096,126,83.2209
36,4,4096,126,78.307
38,4,4096,126,84.4432
42,4,4096,126,86.4679
44,4,4096,126,76.0176
46,4,4096,126,86.8715
50,4,4096,126,82.1016
52,4,4096,126,78.7527
54,4,4096,126,87.3154
58,4,4096,126,84.2115
60,4,4096,126,79.6602
62,4,4096,126,83.3112
66,4,4096,126,84.7263
68,4,4096,126,78.1883
70,4,4096,126,89.1584
74,4,4096,126,85.7738
76,4,4096,126,81.008
78,4,4096,126,84.7215
82,4,4096,126,81.0533
84,4,4096,126,76.0127
86,4,4096,126,88.365
90,4,4096,126,70.6527
92,4,4096,126,72.3809
94,4,4096,126,84.8744
98,4,4096,126,82.6532
100,4,4096,126,69.1788
102,4,4096,126,83.6495
106,4,4096,126,77.7228
108,4,4096,126,76.6767
110,4,4096,126,76.4785
114,4,4096,126,80.0197
116,4,4096,126,75.9464
118,4,4096,126,76.4069
122,4,4096,126,76.9115
124,4,4096,126,75.0109
2,4,4096,130,26.3084
4,4,4096,130,42.809
6,4,4096,130,65.442
10,4,4096,130,64.65
12,4,4096,130,73.4297
14,4,4096,130,71.1834
18,4,4096,130,80.2296
20,4,4096,130,76.8333
22,4,4096,130,84.1476
26,4,4096,130,82.6065
28,4,4096,130,85.2187
30,4,4096,130,80.4193
34,4,4096,130,80.1339
36,4,4096,130,82.0123
38,4,4096,130,89.5968
42,4,4096,130,84.0414
44,4,4096,130,79.6928
46,4,4096,130,88.0966
50,4,4096,130,84.3084
52,4,4096,130,80.1186
54,4,4096,130,81.8622
58,4,4096,130,85.643
60,4,4096,130,88.7389
62,4,4096,130,76.7769
66,4,4096,130,84.9212
68,4,4096,130,84.53
70,4,4096,130,82.4704
74,4,4096,130,79.0281
76,4,4096,130,87.5728
78,4,4096,130,87.7039
82,4,4096,130,73.8044
84,4,4096,130,83.679
86,4,4096,130,83.1278
90,4,4096,130,68.3007
92,4,4096,130,85.3187
94,4,4096,130,73.2248
98,4,4096,130,80.9585
100,4,4096,130,82.6639
102,4,4096,130,72.1858
106,4,4096,130,75.9057
108,4,4096,130,76.0277
110,4,4096,130,72.5876
114,4,4096,130,80.1591
116,4,4096,130,66.8108
118,4,4096,130,78.3279
122,4,4096,130,68.7288
124,4,4096,130,75.5367
126,4,4096,130,73.0149
2,4,4096,132,27.3122
4,4,4096,132,46.0245
6,4,4096,132,61.4446
10,4,4096,132,66.9552
12,4,4096,132,75.5519
14,4,4096,132,70.5791
18,4,4096,132,79.6521
20,4,4096,132,71.1849
22,4,4096,132,86.6071
26,4,4096,132,74.3011
28,4,4096,132,86.1963
30,4,4096,132,84.7753
34,4,4096,132,75.2841
36,4,4096,132,87.6688
38,4,4096,132,87.3952
42,4,4096,132,82.3733
44,4,4096,132,91.009
46,4,4096,132,87.3498
50,4,4096,132,83.3265
52,4,4096,132,79.3335
54,4,4096,132,88.4099
58,4,4096,132,84.4944
60,4,4096,132,78.1327
62,4,4096,132,85.4568
66,4,4096,132,77.4104
68,4,4096,132,84.4866
70,4,4096,132,85.9843
74,4,4096,132,78.9344
76,4,4096,132,76.6653
78,4,4096,132,84.0909
82,4,4096,132,75.986
84,4,4096,132,73.1656
86,4,4096,132,83.316
90,4,4096,132,82.967
92,4,4096,132,74.5276
94,4,4096,132,83.0015
98,4,4096,132,73.7866
100,4,4096,132,80.7118
102,4,4096,132,83.4641
106,4,4096,132,72.5386
108,4,4096,132,73.2461
110,4,4096,132,80.2216
114,4,4096,132,70.4489
116,4,4096,132,60.2959
118,4,4096,132,76.9696
122,4,4096,132,61.0864
124,4,4096,132,78.3954
126,4,4096,132,65.0525
130,4,4096,132,72.8019
2,4,4096,134,27.2593
4,4,4096,134,46.6258
6,4,4096,134,61.6359
10,4,4096,134,68.722
12,4,4096,134,75.0852
14,4,4096,134,81.2227
18,4,4096,134,64.6692
20,4,4096,134,85.8331
22,4,4096,134,72.6823
26,4,4096,134,83.1818
28,4,4096,134,85.2264
30,4,4096,134,85.5002
34,4,4096,134,89.4554
36,4,4096,134,89.444
38,4,4096,134,77.417
42,4,4096,134,81.1876
44,4,4096,134,86.6668
46,4,4096,134,86.9767
50,4,4096,134,85.6294
52,4,4096,134,89.46
54,4,4096,134,89.8235
58,4,4096,134,82.261
60,4,4096,134,83.2728
62,4,4096,134,86.4039
66,4,4096,134,84.8549
68,4,4096,134,84.1338
70,4,4096,134,77.8396
74,4,4096,134,77.6071
76,4,4096,134,86.9531
78,4,4096,134,79.3019
82,4,4096,134,84.6662
84,4,4096,134,84.2654
86,4,4096,134,80.3301
90,4,4096,134,75.8913
92,4,4096,134,85.2541
94,4,4096,134,84.791
98,4,4096,134,80.2185
100,4,4096,134,81.1677
102,4,4096,134,80.3761
106,4,4096,134,73.5074
108,4,4096,134,80.4482
110,4,4096,134,74.8034
114,4,4096,134,77.7873
116,4,4096,134,75.767
118,4,4096,134,79.1756
122,4,4096,134,70.1416
124,4,4096,134,79.6139
126,4,4096,134,76.2774
130,4,4096,134,74.8318
132,4,4096,134,71.1925
2,4,4096,138,27.8122
4,4,4096,138,46.7386
6,4,4096,138,64.6161
10,4,4096,138,71.0863
12,4,4096,138,68.0348
14,4,4096,138,84.4575
18,4,4096,138,80.8684
20,4,4096,138,75.8818
22,4,4096,138,86.8355
26,4,4096,138,85.5262
28,4,4096,138,78.7087
30,4,4096,138,87.9161
34,4,4096,138,83.4852
36,4,4096,138,80.4272
38,4,4096,138,74.5174
42,4,4096,138,88.9682
44,4,4096,138,90.3091
46,4,4096,138,87.1729
50,4,4096,138,88.8656
52,4,4096,138,73.4386
54,4,4096,138,88.2131
58,4,4096,138,85.0455
60,4,4096,138,80.1232
62,4,4096,138,79.4333
66,4,4096,138,87.4149
68,4,4096,138,89.9156
70,4,4096,138,79.8006
74,4,4096,138,84.8911
76,4,4096,138,83.6375
78,4,4096,138,74.8006
82,4,4096,138,82.5224
84,4,4096,138,82.592
86,4,4096,138,87.9685
90,4,4096,138,86.6753
92,4,4096,138,80.9855
94,4,4096,138,68.0227
98,4,4096,138,85.6909
100,4,4096,138,87.747
102,4,4096,138,67.7164
106,4,4096,138,80.1317
108,4,4096,138,79.8753
110,4,4096,138,71.5705
114,4,4096,138,83.9407
116,4,4096,138,74.9584
118,4,4096,138,71.4886
122,4,4096,138,85.2141
124,4,4096,138,71.8714
126,4,4096,138,75.6743
130,4,4096,138,74.6653
132,4,4096,138,80.5178
134,4,4096,138,73.118
2,4,4096,140,27.6319
4,4,4096,140,47.1203
6,4,4096,140,65.9135
10,4,4096,140,67.4134
12,4,4096,140,68.923
14,4,4096,140,76.9641
18,4,4096,140,74.5178
20,4,4096,140,82.2293
22,4,4096,140,75.5217
26,4,4096,140,86.5094
28,4,4096,140,92.3881
30,4,4096,140,83.6953
34,4,4096,140,78.938
36,4,4096,140,79.5307
38,4,4096,140,81.4667
42,4,4096,140,87.4849
44,4,4096,140,94.6428
46,4,4096,140,87.686
50,4,4096,140,82.1168
52,4,4096,140,79.728
54,4,4096,140,86.9029
58,4,4096,140,79.6285
60,4,4096,140,83.0354
62,4,4096,140,77.2903
66,4,4096,140,85.8642
68,4,4096,140,88.1453
70,4,4096,140,70.6473
74,4,4096,140,81.742
76,4,4096,140,84.3266
78,4,4096,140,81.6579
82,4,4096,140,86.9197
84,4,4096,140,91.4354
86,4,4096,140,86.0559
90,4,4096,140,72.98
92,4,4096,140,82.3951
94,4,4096,140,79.9328
98,4,4096,140,76.9169
100,4,4096,140,88.1387
102,4,4096,140,84.9605
106,4,4096,140,70.1629
108,4,4096,140,80.9704
110,4,4096,140,83.948
114,4,4096,140,70.449
116,4,4096,140,75.8197
118,4,4096,140,76.7734
122,4,4096,140,75.9918
124,4,4096,140,68.9094
126,4,4096,140,80.5388
130,4,4096,140,65.1394
132,4,4096,140,78.4108
134,4,4096,140,77.6774
138,4,4096,140,59.7273
2,4,4096,142,28.4687
4,4,4096,142,48.4979
6,4,4096,142,68.004
10,4,4096,142,68.6895
12,4,4096,142,70.5871
14,4,4096,142,80.3533
18,4,4096,142,84.3
20,4,4096,142,90.1934
22,4,4096,142,84.9125
26,4,4096,142,69.7837
28,4,4096,142,84.8953
30,4,4096,142,93.7888
34,4,4096,142,80.2629
36,4,4096,142,89.3169
38,4,4096,142,92.1979
42,4,4096,142,90.6067
44,4,4096,142,91.6246
46,4,4096,142,82.1261
50,4,4096,142,86.6171
52,4,4096,142,85.9077
54,4,4096,142,79.1472
58,4,4096,142,79.0057
60,4,4096,142,88.2406
62,4,4096,142,91.4655
66,4,4096,142,90.6851
68,4,4096,142,79.1679
70,4,4096,142,73.2685
74,4,4096,142,85.4238
76,4,4096,142,82.7031
78,4,4096,142,83.0329
82,4,4096,142,74.814
84,4,4096,142,81.4937
86,4,4096,142,91.254
90,4,4096,142,81.6674
92,4,4096,142,81.4922
94,4,4096,142,78.4454
98,4,4096,142,79.1807
100,4,4096,142,86.573
102,4,4096,142,84.9852
106,4,4096,142,85.5049
108,4,4096,142,81.0846
110,4,4096,142,81.4058
114,4,4096,142,81.891
116,4,4096,142,86.411
118,4,4096,142,71.143
122,4,4096,142,71.9705
124,4,4096,142,80.5705
126,4,4096,142,82.7286
130,4,4096,142,61.3673
132,4,4096,142,75.5126
134,4,4096,142,65.1961
138,4,4096,142,70.4292
140,4,4096,142,78.4277
2,4,4096,146,27.7456
4,4,4096,146,43.2764
6,4,4096,146,64.4144
10,4,4096,146,72.7769
12,4,4096,146,69.874
14,4,4096,146,84.7512
18,4,4096,146,68.0277
20,4,4096,146,77.7137
22,4,4096,146,87.7439
26,4,4096,146,82.2797
28,4,4096,146,83.5311
30,4,4096,146,86.7469
34,4,4096,146,74.9066
36,4,4096,146,86.6038
38,4,4096,146,90.5492
42,4,4096,146,90.1635
44,4,4096,146,93.5856
46,4,4096,146,89.5852
50,4,4096,146,81.0903
52,4,4096,146,88.6195
54,4,4096,146,83.8448
58,4,4096,146,83.6963
60,4,4096,146,87.2292
62,4,4096,146,82.9405
66,4,4096,146,87.2374
68,4,4096,146,81.9528
70,4,4096,146,88.9823
74,4,4096,146,74.0039
76,4,4096,146,85.6761
78,4,4096,146,82.9765
82,4,4096,146,81.984
84,4,4096,146,80.2598
86,4,4096,146,87.8125
90,4,4096,146,83.8919
92,4,4096,146,84.3815
94,4,4096,146,83.35
98,4,4096,146,81.253
100,4,4096,146,75.9747
102,4,4096,146,85.8953
106,4,4096,146,81.521
108,4,4096,146,70.0484
110,4,4096,146,83.57
114,4,4096,146,82.2283
116,4,4096,146,66.4267
118,4,4096,146,77.2046
122,4,4096,146,74.0659
124,4,4096,146,80.6164
126,4,4096,146,69.3433
130,4,4096,146,79.2973
132,4,4096,146,69.3655
134,4,4096,146,78.0124
138,4,4096,146,74.311
140,4,4096,146,80.0561
142,4,4096,146,70.9469
2,4,4096,148,27.3013
4,4,4096,148,49.9873
6,4,4096,148,62.2555
10,4,4096,148,71.6218
12,4,4096,148,71.8662
14,4,4096,148,79.3179
18,4,4096,148,73.9017
20,4,4096,148,90.0794
22,4,4096,148,85.8276
26,4,4096,148,82.975
28,4,4096,148,81.3479
30,4,4096,148,88.438
34,4,4096,148,78.6867
36,4,4096,148,78.1169
38,4,4096,148,88.6134
42,4,4096,148,86.3917
44,4,4096,148,88.0231
46,4,4096,148,78.4752
50,4,4096,148,94.3384
52,4,4096,148,94.458
54,4,4096,148,94.9953
58,4,4096,148,94.6136
60,4,4096,148,78.7351
62,4,4096,148,79.5573
66,4,4096,148,88.433
68,4,4096,148,83.0782
70,4,4096,148,70.6765
74,4,4096,148,89.6313
76,4,4096,148,88.9499
78,4,4096,148,89.6574
82,4,4096,148,89.3327
84,4,4096,148,93.1302
86,4,4096,148,92.001
90,4,4096,148,87.6169
92,4,4096,148,85.1274
94,4,4096,148,72.7432
98,4,4096,148,79.3635
100,4,4096,148,89.2901
102,4,4096,148,73.9128
106,4,4096,148,81.6158
108,4,4096,148,82.8865
110,4,4096,148,74.3287
114,4,4096,148,80.1024
116,4,4096,148,84.5856
118,4,4096,148,70.6461
122,4,4096,148,78.9898
124,4,4096,148,77.3586
126,4,4096,148,80.0395
130,4,4096,148,74.1414
132,4,4096,148,67.4212
134,4,4096,148,81.7109
138,4,4096,148,73.2307
140,4,4096,148,67.2541
142,4,4096,148,80.1022
146,4,4096,148,63.0306
2,4,4096,150,27.1991
4,4,4096,150,49.1175
6,4,4096,150,61.5713
10,4,4096,150,71.3374
12,4,4096,150,70.9056
14,4,4096,150,85.4941
18,4,4096,150,77.678
20,4,4096,150,83.286
22,4,4096,150,78.8963
26,4,4096,150,79.3263
28,4,4096,150,94.0459
30,4,4096,150,92.3192
34,4,4096,150,88.6254
36,4,4096,150,85.8621
38,4,4096,150,88.8145
42,4,4096,150,89.3339
44,4,4096,150,84.9364
46,4,4096,150,87.2365
50,4,4096,150,88.3331
52,4,4096,150,92.0202
54,4,4096,150,86.7305
58,4,4096,150,81.5215
60,4,4096,150,95.8674
62,4,4096,150,91.0527
66,4,4096,150,88.7063
68,4,4096,150,75.8646
70,4,4096,150,84.2046
74,4,4096,150,84.2856
76,4,4096,150,83.6488
78,4,4096,150,85.1363
82,4,4096,150,87.4452
84,4,4096,150,90.4641
86,4,4096,150,85.2228
90,4,4096,150,85.0395
92,4,4096,150,76.8501
94,4,4096,150,88.6451
98,4,4096,150,71.9738
100,4,4096,150,85.135
102,4,4096,150,85.3656
106,4,4096,150,81.1717
108,4,4096,150,73.9129
110,4,4096,150,87.5211
114,4,4096,150,80.9037
116,4,4096,150,77.0265
118,4,4096,150,84.4061
122,4,4096,150,83.9929
124,4,4096,150,69.5164
126,4,4096,150,80.9563
130,4,4096,150,70.1485
132,4,4096,150,80.7723
134,4,4096,150,63.9116
138,4,4096,150,74.9083
140,4,4096,150,65.1102
142,4,4096,150,73.2437
146,4,4096,150,75.7263
148,4,4096,150,73.6083
2,4,4096,154,29.1286
4,4,4096,154,49.496
6,4,4096,154,65.2234
10,4,4096,154,71.3681
12,4,4096,154,76.8196
14,4,4096,154,80.0761
18,4,4096,154,80.0508
20,4,4096,154,84.2434
22,4,4096,154,89.2526
26,4,4096,154,88.004
28,4,4096,154,86.8863
30,4,4096,154,89.3793
34,4,4096,154,89.8383
36,4,4096,154,90.0595
38,4,4096,154,89.1199
42,4,4096,154,93.2804
44,4,4096,154,85.4611
46,4,4096,154,84.0473
50,4,4096,154,88.3409
52,4,4096,154,88.9651
54,4,4096,154,91.0737
58,4,4096,154,82.1289
60,4,4096,154,91.191
62,4,4096,154,91.3034
66,4,4096,154,87.3171
68,4,4096,154,81.2229
70,4,4096,154,88.6486
74,4,4096,154,87.7823
76,4,4096,154,88.0838
78,4,4096,154,89.9314
82,4,4096,154,89.4063
84,4,4096,154,78.3845
86,4,4096,154,88.3264
90,4,4096,154,86.4982
92,4,4096,154,81.9766
94,4,4096,154,86.0635
98,4,4096,154,87.7742
100,4,4096,154,84.9288
102,4,4096,154,74.7449
106,4,4096,154,83.1543
108,4,4096,154,63.5957
110,4,4096,154,66.8201
114,4,4096,154,79.2701
116,4,4096,154,70.8784
118,4,4096,154,76.3879
122,4,4096,154,77.7563
124,4,4096,154,81.7416
126,4,4096,154,81.0684
130,4,4096,154,70.4412
132,4,4096,154,81.3363
134,4,4096,154,75.9687
138,4,4096,154,70.0381
140,4,4096,154,65.7789
142,4,4096,154,76.96
146,4,4096,154,61.6475
148,4,4096,154,53.5031
150,4,4096,154,67.4149
2,4,4096,156,27.333
4,4,4096,156,50.5542
6,4,4096,156,68.3344
10,4,4096,156,71.3648
12,4,4096,156,70.0897
14,4,4096,156,83.8029
18,4,4096,156,83.7824
20,4,4096,156,82.4971
22,4,4096,156,88.0896
26,4,4096,156,87.5842
28,4,4096,156,85.3616
30,4,4096,156,92.1538
34,4,4096,156,88.9922
36,4,4096,156,91.1092
38,4,4096,156,81.6631
42,4,4096,156,79.7549
44,4,4096,156,78.5227
46,4,4096,156,90.8351
50,4,4096,156,89.5484
52,4,4096,156,80.7461
54,4,4096,156,85.9843
58,4,4096,156,91.7664
60,4,4096,156,91.2556
62,4,4096,156,90.3209
66,4,4096,156,86.8425
68,4,4096,156,88.116
70,4,4096,156,93.1845
74,4,4096,156,81.3693
76,4,4096,156,84.8278
78,4,4096,156,87.5534
82,4,4096,156,88.6758
84,4,4096,156,80.1723
86,4,4096,156,89.0731
90,4,4096,156,76.8552
92,4,4096,156,87.4366
94,4,4096,156,71.0275
98,4,4096,156,85.0972
100,4,4096,156,86.1885
102,4,4096,156,80.5712
106,4,4096,156,82.3544
108,4,4096,156,82.4624
110,4,4096,156,81.557
114,4,4096,156,80.7051
116,4,4096,156,84.5301
118,4,4096,156,79.5771
122,4,4096,156,78.1525
124,4,4096,156,79.3295
126,4,4096,156,73.275
130,4,4096,156,75.0608
132,4,4096,156,80.5823
134,4,4096,156,67.8196
138,4,4096,156,70.6189
140,4,4096,156,67.3175
142,4,4096,156,77.1232
146,4,4096,156,67.0376
148,4,4096,156,72.4334
150,4,4096,156,66.3349
154,4,4096,156,64.4978
2,4,4096,158,29.3224
4,4,4096,158,48.9234
6,4,4096,158,64.9082
10,4,4096,158,69.0567
12,4,4096,158,77.5305
14,4,4096,158,86.0598
18,4,4096,158,81.9985
20,4,4096,158,89.0541
22,4,4096,158,90.4812
26,4,4096,158,89.263
28,4,4096,158,87.922
30,4,4096,158,93.2331
34,4,4096,158,93.3246
36,4,4096,158,83.969
38,4,4096,158,93.5181
42,4,4096,158,81.9095
44,4,4096,158,90.3632
46,4,4096,158,90.1375
50,4,4096,158,92.0502
52,4,4096,158,82.5847
54,4,4096,158,92.8874
58,4,4096,158,92.2834
60,4,4096,158,90.8858
62,4,4096,158,86.5006
66,4,4096,158,89.8358
68,4,4096,158,93.1583
70,4,4096,158,91.524
74,4,4096,158,87.572
76,4,4096,158,73.0172
78,4,4096,158,86.6565
82,4,4096,158,85.017
84,4,4096,158,79.7993
86,4,4096,158,83.5195
90,4,4096,158,85.1945
92,4,4096,158,88.9581
94,4,4096,158,85.4321
98,4,4096,158,84.9486
100,4,4096,158,72.3932
102,4,4096,158,87.36
106,4,4096,158,86.9151
108,4,4096,158,79.6078
110,4,4096,158,80.3136
114,4,4096,158,85.4482
116,4,4096,158,75.6795
118,4,4096,158,85.8722
122,4,4096,158,82.9277
124,4,4096,158,78.2171
126,4,4096,158,76.3394
130,4,4096,158,78.1709
132,4,4096,158,66.9671
134,4,4096,158,81.7093
138,4,4096,158,70.6885
140,4,4096,158,78.7243
142,4,4096,158,75.184
146,4,4096,158,74.346
148,4,4096,158,79.5927
150,4,4096,158,76.1941
154,4,4096,158,66.3342
156,4,4096,158,73.0697
2,4,4096,162,28.8303
4,4,4096,162,50.8841
6,4,4096,162,67.2296
10,4,4096,162,63.7058
12,4,4096,162,69.7256
14,4,4096,162,75.5456
18,4,4096,162,82.7039
20,4,4096,162,89.4147
22,4,4096,162,88.7951
26,4,4096,162,73.1745
28,4,4096,162,88.27
30,4,4096,162,87.3844
34,4,4096,162,86.3586
36,4,4096,162,87.6181
38,4,4096,162,91.1051
42,4,4096,162,89.8418
44,4,4096,162,94.5615
46,4,4096,162,93.0309
50,4,4096,162,91.8037
52,4,4096,162,83.4688
54,4,4096,162,97.6486
58,4,4096,162,93.2368
60,4,4096,162,82.7984
62,4,4096,162,79.1864
66,4,4096,162,88.2762
68,4,4096,162,87.6271
70,4,4096,162,87.7969
74,4,4096,162,79.8956
76,4,4096,162,82.4233
78,4,4096,162,83.4088
82,4,4096,162,92.2355
84,4,4096,162,89.699
86,4,4096,162,88.9333
90,4,4096,162,81.4712
92,4,4096,162,84.075
94,4,4096,162,74.7639
98,4,4096,162,88.478
100,4,4096,162,78.6414
102,4,4096,162,88.0632
106,4,4096,162,85.677
108,4,4096,162,79.3914
110,4,4096,162,70.0472
114,4,4096,162,82.8038
116,4,4096,162,86.9387
118,4,4096,162,85.6848
122,4,4096,162,72.8567
124,4,4096,162,79.756
126,4,4096,162,79.157
130,4,4096,162,69.6568
132,4,4096,162,84.3021
134,4,4096,162,79.9983
138,4,4096,162,72.3212
140,4,4096,162,78.6708
142,4,4096,162,79.2002
146,4,4096,162,62.6056
148,4,4096,162,73.4515
150,4,4096,162,77.4631
154,4,4096,162,70.6308
156,4,4096,162,68.8164
158,4,4096,162,72.3186
2,4,4096,164,29.6553
4,4,4096,164,53.2904
6,4,4096,164,68.9027
10,4,4096,164,68.1701
12,4,4096,164,79.3741
14,4,4096,164,80.8964
18,4,4096,164,79.727
20,4,4096,164,92.86
22,4,4096,164,89.7662
26,4,4096,164,91.1386
28,4,4096,164,80.1109
30,4,4096,164,91.4058
34,4,4096,164,92.9341
36,4,4096,164,94.2864
38,4,4096,164,93.774
42,4,4096,164,84.7294
44,4,4096,164,93.0929
46,4,4096,164,93.1443
50,4,4096,164,82.732
52,4,4096,164,85.3152
54,4,4096,164,88.8901
58,4,4096,164,90.1748
60,4,4096,164,82.8857
62,4,4096,164,87.6915
66,4,4096,164,91.5809
68,4,4096,164,82.7898
70,4,4096,164,90.4756
74,4,4096,164,92.6109
76,4,4096,164,88.89
78,4,4096,164,85.5404
82,4,4096,164,76.2945
84,4,4096,164,88.1999
86,4,4096,164,89.3712
90,4,4096,164,82.614
92,4,4096,164,84.2266
94,4,4096,164,89.4457
98,4,4096,164,75.5177
100,4,4096,164,89.8855
102,4,4096,164,71.7647
106,4,4096,164,82.466
108,4,4096,164,86.3221
110,4,4096,164,77.1872
114,4,4096,164,81.9746
116,4,4096,164,85.2685
118,4,4096,164,81.5285
122,4,4096,164,80.7031
124,4,4096,164,82.6254
126,4,4096,164,81.681
130,4,4096,164,74.987
132,4,4096,164,83.2056
134,4,4096,164,74.8423
138,4,4096,164,72.6816
140,4,4096,164,80.6148
142,4,4096,164,69.2278
146,4,4096,164,77.5893
148,4,4096,164,69.8417
150,4,4096,164,79.4469
154,4,4096,164,75.0448
156,4,4096,164,77.1389
158,4,4096,164,67.1964
162,4,4096,164,65.0984
2,4,4096,166,29.094
4,4,4096,166,53.0422
6,4,4096,166,62.2901
10,4,4096,166,71.2146
12,4,4096,166,74.6222
14,4,4096,166,82.325
18,4,4096,166,83.1616
20,4,4096,166,91.3538
22,4,4096,166,94.1279
26,4,4096,166,79.5215
28,4,4096,166,86.1609
30,4,4096,166,93.8337
34,4,4096,166,83.6994
36,4,4096,166,94.6878
38,4,4096,166,84.609
42,4,4096,166,91.468
44,4,4096,166,83.6782
46,4,4096,166,93.8317
50,4,4096,166,92.7845
52,4,4096,166,92.3797
54,4,4096,166,93.1504
58,4,4096,166,88.4787
60,4,4096,166,85.3974
62,4,4096,166,88.7754
66,4,4096,166,87.5355
68,4,4096,166,79.91
70,4,4096,166,91.7336
74,4,4096,166,89.3051
76,4,4096,166,86.7797
78,4,4096,166,76.9968
82,4,4096,166,79.6361
84,4,4096,166,88.9887
86,4,4096,166,91.8463
90,4,4096,166,88.4033
92,4,4096,166,79.4107
94,4,4096,166,83.2131
98,4,4096,166,88.6873
100,4,4096,166,89.156
102,4,4096,166,81.949
106,4,4096,166,86.893
108,4,4096,166,83.2263
110,4,4096,166,86.3499
114,4,4096,166,86.7996
116,4,4096,166,86.7218
118,4,4096,166,74.9381
122,4,4096,166,83.045
124,4,4096,166,75.6022
126,4,4096,166,72.6884
130,4,4096,166,74.0379
132,4,4096,166,79.6832
134,4,4096,166,68.5113
138,4,4096,166,79.584
140,4,4096,166,80.0744
142,4,4096,166,71.51
146,4,4096,166,70.1398
148,4,4096,166,68.1121
150,4,4096,166,72.4589
154,4,4096,166,65.1333
156,4,4096,166,76.9509
158,4,4096,166,77.9013
162,4,4096,166,72.2353
164,4,4096,166,72.9143
2,4,4096,170,27.3589
4,4,4096,170,51.2435
6,4,4096,170,70.9318
10,4,4096,170,72.23
12,4,4096,170,72.2167
14,4,4096,170,81.8167
18,4,4096,170,82.1932
20,4,4096,170,79.6537
22,4,4096,170,93.0014
26,4,4096,170,93.116
28,4,4096,170,89.529
30,4,4096,170,91.5947
34,4,4096,170,86.5434
36,4,4096,170,88.5267
38,4,4096,170,82.0656
42,4,4096,170,89.3198
44,4,4096,170,83.4929
46,4,4096,170,93.5623
50,4,4096,170,92.1091
52,4,4096,170,87.153
54,4,4096,170,94.5684
58,4,4096,170,82.7815
60,4,4096,170,92.2995
62,4,4096,170,84.6155
66,4,4096,170,84.5526
68,4,4096,170,86.9353
70,4,4096,170,87.5905
74,4,4096,170,77.4123
76,4,4096,170,85.8276
78,4,4096,170,70.591
82,4,4096,170,89.4396
84,4,4096,170,86.9506
86,4,4096,170,87.9392
90,4,4096,170,89.4079
92,4,4096,170,84.4466
94,4,4096,170,83.5263
98,4,4096,170,79.6066
100,4,4096,170,77.7602
102,4,4096,170,82.051
106,4,4096,170,84.9373
108,4,4096,170,81.0363
110,4,4096,170,84.9881
114,4,4096,170,80.178
116,4,4096,170,76.3649
118,4,4096,170,80.7308
122,4,4096,170,76.3373
124,4,4096,170,79.5455
126,4,4096,170,79.2733
130,4,4096,170,78.7668
132,4,4096,170,85.0981
134,4,4096,170,80.1752
138,4,4096,170,73.4934
140,4,4096,170,74.0223
142,4,4096,170,70.6971
146,4,4096,170,81.6498
148,4,4096,170,71.0312
150,4,4096,170,75.429
154,4,4096,170,77.3375
156,4,4096,170,75.1567
158,4,4096,170,70.694
162,4,4096,170,77.7494
164,4,4096,170,72.7296
166,4,4096,170,76.4324
2,4,4096,172,30.0188
4,4,4096,172,50.8723
6,4,4096,172,66.2449
10,4,4096,172,71.5441
12,4,4096,172,69.9237
14,4,4096,172,82.4524
18,4,4096,172,75.1475
20,4,4096,172,88.1067
22,4,4096,172,89.8063
26,4,4096,172,87.8425
28,4,4096,172,93.9591
30,4,4096,172,84.4764
34,4,4096,172,94.8627
36,4,4096,172,95.0314
38,4,4096,172,95.8334
42,4,4096,172,90.2964
44,4,4096,172,87.1632
46,4,4096,172,93.6701
50,4,4096,172,93.7281
52,4,4096,172,87.117
54,4,4096,172,88.633
58,4,4096,172,93.6674
60,4,4096,172,83.6242
62,4,4096,172,90.485
66,4,4096,172,78.978
68,4,4096,172,88.6005
70,4,4096,172,89.9574
74,4,4096,172,88.4947
76,4,4096,172,87.926
78,4,4096,172,86.4789
82,4,4096,172,79.4128
84,4,4096,172,91.1249
86,4,4096,172,91.4411
90,4,4096,172,90.2169
92,4,4096,172,78.3797
94,4,4096,172,85.2205
98,4,4096,172,86.2956
100,4,4096,172,82.3694
102,4,4096,172,75.8587
106,4,4096,172,73.2733
108,4,4096,172,89.9929
110,4,4096,172,89.6817
114,4,4096,172,85.3624
116,4,4096,172,75.8258
118,4,4096,172,83.482
122,4,4096,172,81.4357
124,4,4096,172,76.7325
126,4,4096,172,76.8622
130,4,4096,172,81.8406
132,4,4096,172,72.5629
134,4,4096,172,69.853
138,4,4096,172,79.0796
140,4,4096,172,79.5877
142,4,4096,172,67.1747
146,4,4096,172,75.5438
148,4,4096,172,69.8677
150,4,4096,172,79.0837
154,4,4096,172,75.7843
156,4,4096,172,69.6823
158,4,4096,172,78.1978
162,4,4096,172,63.1369
164,4,4096,172,69.6793
166,4,4096,172,75.3821
170,4,4096,172,67.0364
2,4,4096,174,30.5828
4,4,4096,174,47.3033
6,4,4096,174,72.3739
10,4,4096,174,65.2791
12,4,4096,174,83.8199
14,4,4096,174,82.7661
18,4,4096,174,82.5594
20,4,4096,174,86.5474
22,4,4096,174,89.5262
26,4,4096,174,80.3161
28,4,4096,174,83.6783
30,4,4096,174,91.6331
34,4,4096,174,89.9558
36,4,4096,174,83.0374
38,4,4096,174,93.62
42,4,4096,174,88.5532
44,4,4096,174,90.6299
46,4,4096,174,87.9907
50,4,4096,174,90.604
52,4,4096,174,81.1074
54,4,4096,174,82.4825
58,4,4096,174,94.2488
60,4,4096,174,85.8151
62,4,4096,174,94.6224
66,4,4096,174,91.6727
68,4,4096,174,93.1775
70,4,4096,174,85.1262
74,4,4096,174,82.9131
76,4,4096,174,88.1838
78,4,4096,174,92.5629
82,4,4096,174,90.7891
84,4,4096,174,89.2547
86,4,4096,174,85.6416
90,4,4096,174,71.5868
92,4,4096,174,83.31
94,4,4096,174,85.9854
98,4,4096,174,74.0411
100,4,4096,174,85.7161
102,4,4096,174,92.921
106,4,4096,174,76.4589
108,4,4096,174,85.6867
110,4,4096,174,82.8808
114,4,4096,174,79.6439
116,4,4096,174,78.0334
118,4,4096,174,87.2992
122,4,4096,174,86.8721
124,4,4096,174,84.1495
126,4,4096,174,87.3257
130,4,4096,174,81.7108
132,4,4096,174,73.2894
134,4,4096,174,80.857
138,4,4096,174,84.3767
140,4,4096,174,65.1718
142,4,4096,174,81.4313
146,4,4096,174,74.0151
148,4,4096,174,81.6946
150,4,4096,174,81.5494
154,4,4096,174,73.6056
156,4,4096,174,78.5145
158,4,4096,174,63.6206
162,4,4096,174,73.7443
164,4,4096,174,68.3976
166,4,4096,174,74.326
170,4,4096,174,60.4173
172,4,4096,174,68.7165
2,4,4096,178,29.4426
4,4,4096,178,52.4389
6,4,4096,178,73.183
10,4,4096,178,63.8994
12,4,4096,178,83.0399
14,4,4096,178,71.1098
18,4,4096,178,85.6782
20,4,4096,178,92.159
22,4,4096,178,85.4151
26,4,4096,178,92.7783
28,4,4096,178,94.1078
30,4,4096,178,97.1406
34,4,4096,178,91.9538
36,4,4096,178,92.8483
38,4,4096,178,85.3345
42,4,4096,178,74.6762
44,4,4096,178,89.963
46,4,4096,178,92.9516
50,4,4096,178,83.1825
52,4,4096,178,87.7178
54,4,4096,178,86.6146
58,4,4096,178,86.6092
60,4,4096,178,78.7403
62,4,4096,178,81.7397
66,4,4096,178,89.7723
68,4,4096,178,95.1115
70,4,4096,178,92.2847
74,4,4096,178,94.1071
76,4,4096,178,76.01
78,4,4096,178,85.6079
82,4,4096,178,89.0823
84,4,4096,178,84.6892
86,4,4096,178,84.2642
90,4,4096,178,76.5609
92,4,4096,178,79.7246
94,4,4096,178,79.1577
98,4,4096,178,94.5325
100,4,4096,178,90.5279
102,4,4096,178,87.4763
106,4,4096,178,80.2509
108,4,4096,178,83.3522
110,4,4096,178,73.9918
114,4,4096,178,81.0021
116,4,4096,178,71.6308
118,4,4096,178,86.4421
122,4,4096,178,85.8133
124,4,4096,178,72.1344
126,4,4096,178,69.1203
130,4,4096,178,77.3112
132,4,4096,178,72.5738
134,4,4096,178,86.0418
138,4,4096,178,74.0984
140,4,4096,178,65.7224
142,4,4096,178,70.0624
146,4,4096,178,74.4946
148,4,4096,178,71.0016
150,4,4096,178,73.772
154,4,4096,178,78.637
156,4,4096,178,68.3124
158,4,4096,178,72.679
162,4,4096,178,78.8323
164,4,4096,178,71.9646
166,4,4096,178,65.7024
170,4,4096,178,75.1393
172,4,4096,178,62.7975
174,4,4096,178,73.7852
2,4,4096,180,30.7048
4,4,4096,180,52.7481
6,4,4096,180,72.8274
10,4,4096,180,73.749
12,4,4096,180,75.4454
14,4,4096,180,92.6868
18,4,4096,180,88.0488
20,4,4096,180,82.8022
22,4,4096,180,89.8026
26,4,4096,180,85.5791
28,4,4096,180,88.046
30,4,4096,180,88.8109
34,4,4096,180,81.4366
36,4,4096,180,83.8216
38,4,4096,180,89.4748
42,4,4096,180,84.5403
44,4,4096,180,93.4787
46,4,4096,180,96.8952
50,4,4096,180,90.3629
52,4,4096,180,98.492
54,4,4096,180,86.3321
58,4,4096,180,90.8423
60,4,4096,180,89.4737
62,4,4096,180,95.8805
66,4,4096,180,84.4709
68,4,4096,180,96.5053
70,4,4096,180,97.0313
74,4,4096,180,97.0765
76,4,4096,180,90.5202
78,4,4096,180,79.6576
82,4,4096,180,88.9091
84,4,4096,180,85.6622
86,4,4096,180,84.6479
90,4,4096,180,84.3639
92,4,4096,180,85.2305
94,4,4096,180,74.2338
98,4,4096,180,89.5267
100,4,4096,180,90.683
102,4,4096,180,91.7259
106,4,4096,180,72.5326
108,4,4096,180,91.244
110,4,4096,180,89.4728
114,4,4096,180,82.1315
116,4,4096,180,82.3769
118,4,4096,180,82.4192
122,4,4096,180,80.6031
124,4,4096,180,72.7123
126,4,4096,180,85.384
130,4,4096,180,86.7801
132,4,4096,180,69.604
134,4,4096,180,80.0571
138,4,4096,180,76.9803
140,4,4096,180,74.6935
142,4,4096,180,86.4513
146,4,4096,180,69.4678
148,4,4096,180,75.4154
150,4,4096,180,84.0616
154,4,4096,180,75.2093
156,4,4096,180,69.4777
158,4,4096,180,78.1982
162,4,4096,180,64.5862
164,4,4096,180,71.2919
166,4,4096,180,59.8339
170,4,4096,180,75.2396
172,4,4096,180,70.7845
174,4,4096,180,67.6536
178,4,4096,180,70.2929
2,4,4096,182,31.3121
4,4,4096,182,54.2295
6,4,4096,182,70.9834
10,4,4096,182,71.8635
12,4,4096,182,75.2136
14,4,4096,182,85.5324
18,4,4096,182,74.341
20,4,4096,182,85.2695
22,4,4096,182,91.0208
26,4,4096,182,95.8566
28,4,4096,182,92.7843
30,4,4096,182,97.2377
34,4,4096,182,86.5322
36,4,4096,182,93.7491
38,4,4096,182,99.5745
42,4,4096,182,89.944
44,4,4096,182,94.9482
46,4,4096,182,95.5226
50,4,4096,182,91.4449
52,4,4096,182,96.421
54,4,4096,182,87.5967
58,4,4096,182,95.0099
60,4,4096,182,86.2769
62,4,4096,182,97.334
66,4,4096,182,92.8906
68,4,4096,182,84.1325
70,4,4096,182,82.0926
74,4,4096,182,85.8244
76,4,4096,182,74.0345
78,4,4096,182,86.5392
82,4,4096,182,87.1385
84,4,4096,182,85.4996
86,4,4096,182,79.0865
90,4,4096,182,89.353
92,4,4096,182,93.5134
94,4,4096,182,92.0675
98,4,4096,182,83.6628
100,4,4096,182,80.9103
102,4,4096,182,87.1677
106,4,4096,182,82.1301
108,4,4096,182,80.697
110,4,4096,182,73.8615
114,4,4096,182,90.2928
116,4,4096,182,85.2391
118,4,4096,182,90.119
122,4,4096,182,85.1831
124,4,4096,182,76.923
126,4,4096,182,72.3882
130,4,4096,182,78.9568
132,4,4096,182,86.3522
134,4,4096,182,86.1107
138,4,4096,182,75.2341
140,4,4096,182,78.6457
142,4,4096,182,76.5143
146,4,4096,182,75.0622
148,4,4096,182,73.9458
150,4,4096,182,69.4568
154,4,4096,182,79.3615
156,4,4096,182,61.3098
158,4,4096,182,75.3098
162,4,4096,182,67.1928
164,4,4096,182,71.2806
166,4,4096,182,80.1492
170,4,4096,182,74.7846
172,4,4096,182,63.1104
174,4,4096,182,63.8137
178,4,4096,182,69.0956
180,4,4096,182,72.2999
2,4,4096,186,30.5442
4,4,4096,186,48.8282
6,4,4096,186,64.4501
10,4,4096,186,72.2436
12,4,4096,186,67.9587
14,4,4096,186,85.1354
18,4,4096,186,74.8608
20,4,4096,186,90.0184
22,4,4096,186,91.8119
26,4,4096,186,90.5536
28,4,4096,186,82.0788
30,4,4096,186,96.371
34,4,4096,186,93.1585
36,4,4096,186,67.1215
38,4,4096,186,81.7763
42,4,4096,186,62.4739
44,4,4096,186,85.4787
46,4,4096,186,91.7182
50,4,4096,186,85.5616
52,4,4096,186,91.1012
54,4,4096,186,93.1772
58,4,4096,186,86.536
60,4,4096,186,95.579
62,4,4096,186,94.0078
66,4,4096,186,90.7682
68,4,4096,186,80.3248
70,4,4096,186,91.1229
74,4,4096,186,80.4294
76,4,4096,186,89.9365
78,4,4096,186,82.3045
82,4,4096,186,85.1786
84,4,4096,186,70.6752
86,4,4096,186,85.762
90,4,4096,186,79.0265
92,4,4096,186,86.7154
94,4,4096,186,89.9203
98,4,4096,186,88.8228
100,4,4096,186,77.8603
102,4,4096,186,83.1857
106,4,4096,186,87.8158
108,4,4096,186,82.7665
110,4,4096,186,82.9145
114,4,4096,186,82.4739
116,4,4096,186,84.6618
118,4,4096,186,77.3881
122,4,4096,186,88.4087
124,4,4096,186,84.5116
126,4,4096,186,67.7178
130,4,4096,186,82.3999
132,4,4096,186,79.2204
134,4,4096,186,71.9152
138,4,4096,186,83.411
140,4,4096,186,70.7803
142,4,4096,186,70.7358
146,4,4096,186,83.2159
148,4,4096,186,74.0965
150,4,4096,186,71.0317
154,4,4096,186,69.1537
156,4,4096,186,76.2777
158,4,4096,186,68.5841
162,4,4096,186,80.5869
164,4,4096,186,65.2471
166,4,4096,186,65.4591
170,4,4096,186,59.0547
172,4,4096,186,70.9555
174,4,4096,186,76.2551
178,4,4096,186,62.1973
180,4,4096,186,73.6563
182,4,4096,186,56.9523
2,4,4096,188,31.6841
4,4,4096,188,53.2653
6,4,4096,188,71.5095
10,4,4096,188,74.3741
12,4,4096,188,76.6351
14,4,4096,188,90.997
18,4,4096,188,82.299
20,4,4096,188,83.1888
22,4,4096,188,88.3574
26,4,4096,188,89.0114
28,4,4096,188,88.8363
30,4,4096,188,89.5798
34,4,4096,188,87.1822
36,4,4096,188,92.4836
38,4,4096,188,90.1008
42,4,4096,188,82.9193
44,4,4096,188,87.7774
46,4,4096,188,94.4839
50,4,4096,188,94.1996
52,4,4096,188,91.0261
54,4,4096,188,94.2452
58,4,4096,188,87.2484
60,4,4096,188,77.8256
62,4,4096,188,95.7259
66,4,4096,188,98.7319
68,4,4096,188,94.6918
70,4,4096,188,97.2918
74,4,4096,188,92.6738
76,4,4096,188,92.0852
78,4,4096,188,93.1226
82,4,4096,188,89.4664
84,4,4096,188,85.6014
86,4,4096,188,85.2536
90,4,4096,188,77.689
92,4,4096,188,85.6328
94,4,4096,188,81.206
98,4,4096,188,87.8386
100,4,4096,188,81.6114
102,4,4096,188,92.3517
106,4,4096,188,90.1514
108,4,4096,188,90.6483
110,4,4096,188,76.5697
114,4,4096,188,81.6753
116,4,4096,188,84.8994
118,4,4096,188,79.8683
122,4,4096,188,77.2538
124,4,4096,188,91.3076
126,4,4096,188,86.1514
130,4,4096,188,73.1874
132,4,4096,188,67.6371
134,4,4096,188,79.6704
138,4,4096,188,83.4103
140,4,4096,188,76.4895
142,4,4096,188,85.4007
146,4,4096,188,67.7976
148,4,4096,188,67.2591
150,4,4096,188,81.0869
154,4,4096,188,82.1982
156,4,4096,188,68.0203
158,4,4096,188,76.6561
162,4,4096,188,67.4201
164,4,4096,188,79.3283
166,4,4096,188,77.6901
170,4,4096,188,64.8828
172,4,4096,188,79.1998
174,4,4096,188,60.7691
178,4,4096,188,72.0983
180,4,4096,188,72.4203
182,4,4096,188,65.658
186,4,4096,188,72.3044
2,4,4096,190,30.3466
4,4,4096,190,54.3405
6,4,4096,190,74.7896
10,4,4096,190,76.6934
12,4,4096,190,78.5394
14,4,4096,190,90.4759
18,4,4096,190,88.1149
20,4,4096,190,87.2373
22,4,4096,190,92.6491
26,4,4096,190,91.7022
28,4,4096,190,92.1408
30,4,4096,190,92.6658
34,4,4096,190,90.8197
36,4,4096,190,87.0439
38,4,4096,190,94.9397
42,4,4096,190,93.2804
44,4,4096,190,96.7171
46,4,4096,190,94.4094
50,4,4096,190,94.5273
52,4,4096,190,82.9271
54,4,4096,190,91.081
58,4,4096,190,93.8786
60,4,4096,190,82.5754
62,4,4096,190,94.4835
66,4,4096,190,92.7364
68,4,4096,190,92.7145
70,4,4096,190,82.2927
74,4,4096,190,82.265
76,4,4096,190,77.2279
78,4,4096,190,88.5819
82,4,4096,190,90.7964
84,4,4096,190,88.8852
86,4,4096,190,88.2874
90,4,4096,190,84.5617
92,4,4096,190,87.1987
94,4,4096,190,91.2863
98,4,4096,190,79.2384
100,4,4096,190,88.1807
102,4,4096,190,88.2361
106,4,4096,190,79.0082
108,4,4096,190,88.1209
110,4,4096,190,73.9946
114,4,4096,190,86.0381
116,4,4096,190,87.4119
118,4,4096,190,87.3436
122,4,4096,190,76.3635
124,4,4096,190,80.2748
126,4,4096,190,78.4204
130,4,4096,190,83.2291
132,4,4096,190,84.0114
134,4,4096,190,78.2384
138,4,4096,190,71.5945
140,4,4096,190,80.8156
142,4,4096,190,69.8015
146,4,4096,190,81.1224
148,4,4096,190,80.7351
150,4,4096,190,78.3367
154,4,4096,190,66.5228
156,4,4096,190,68.3444
158,4,4096,190,80.9007
162,4,4096,190,74.1877
164,4,4096,190,77.4872
166,4,4096,190,69.7629
170,4,4096,190,65.6564
172,4,4096,190,69.0715
174,4,4096,190,57.7573
178,4,4096,190,67.3984
180,4,4096,190,73.2841
182,4,4096,190,67.6636
186,4,4096,190,69.2416
188,4,4096,190,64.4708
2,4,4096,194,30.388
4,4,4096,194,51.6662
6,4,4096,194,65.0542
10,4,4096,194,74.155
12,4,4096,194,73.9533
14,4,4096,194,84.7337
18,4,4096,194,84.7837
20,4,4096,194,86.8795
22,4,4096,194,91.6217
26,4,4096,194,84.9457
28,4,4096,194,93.2612
30,4,4096,194,94.7226
34,4,4096,194,91.8515
36,4,4096,194,93.4921
38,4,4096,194,84.6292
42,4,4096,194,90.4764
44,4,4096,194,87.581
46,4,4096,194,94.2494
50,4,4096,194,91.4971
52,4,4096,194,84.2669
54,4,4096,194,91.0904
58,4,4096,194,82.2288
60,4,4096,194,85.3262
62,4,4096,194,78.3412
66,4,4096,194,73.9594
68,4,4096,194,86.9075
70,4,4096,194,89.1496
74,4,4096,194,76.1069
76,4,4096,194,83.4813
78,4,4096,194,84.5321
82,4,4096,194,74.9398
84,4,4096,194,72.9837
86,4,4096,194,86.9029
90,4,4096,194,72.2586
92,4,4096,194,68.7407
94,4,4096,194,81.4531
98,4,4096,194,78.7465
100,4,4096,194,83.3556
102,4,4096,194,70.8113
106,4,4096,194,69.4226
108,4,4096,194,79.5786
110,4,4096,194,77.073
114,4,4096,194,71.8304
116,4,4096,194,66.3011
118,4,4096,194,76.6148
122,4,4096,194,73.9781
124,4,4096,194,77.7554
126,4,4096,194,64.5064
130,4,4096,194,76.4412
132,4,4096,194,74.7829
134,4,4096,194,75.836
138,4,4096,194,74.681
140,4,4096,194,63.4153
142,4,4096,194,73.46
146,4,4096,194,71.7618
148,4,4096,194,76.563
150,4,4096,194,60.4081
154,4,4096,194,69.7442
156,4,4096,194,60.4435
158,4,4096,194,60.7495
162,4,4096,194,73.5113
164,4,4096,194,58.6849
166,4,4096,194,68.5017
170,4,4096,194,69.5343
172,4,4096,194,73.9858
174,4,4096,194,68.3825
178,4,4096,194,61.5308
180,4,4096,194,59.7106
182,4,4096,194,65.3999
186,4,4096,194,69.53
188,4,4096,194,74.0602
190,4,4096,194,60.4683
2,4,4096,196,30.4641
4,4,4096,196,51.4806
6,4,4096,196,72.2217
10,4,4096,196,70.767
12,4,4096,196,74.7618
14,4,4096,196,85.6523
18,4,4096,196,87.8594
20,4,4096,196,92.4052
22,4,4096,196,90.9864
26,4,4096,196,91.397
28,4,4096,196,90.5619
30,4,4096,196,91.5647
34,4,4096,196,98.8138
36,4,4096,196,88.4076
38,4,4096,196,97.9976
42,4,4096,196,96.4052
44,4,4096,196,96.2547
46,4,4096,196,87.1012
50,4,4096,196,89.2663
52,4,4096,196,92.189
54,4,4096,196,75.8027
58,4,4096,196,89.4693
60,4,4096,196,87.2906
62,4,4096,196,88.7754
66,4,4096,196,80.4714
68,4,4096,196,87.8342
70,4,4096,196,76.0167
74,4,4096,196,93.655
76,4,4096,196,89.4704
78,4,4096,196,83.877
82,4,4096,196,76.7054
84,4,4096,196,83.6096
86,4,4096,196,83.6792
90,4,4096,196,77.8688
92,4,4096,196,75.34
94,4,4096,196,86.6695
98,4,4096,196,72.9827
100,4,4096,196,83.5288
102,4,4096,196,86.1196
106,4,4096,196,75.6863
108,4,4096,196,86.526
110,4,4096,196,82.4529
114,4,4096,196,67.6365
116,4,4096,196,83.1454
118,4,4096,196,69.3335
122,4,4096,196,78.5221
124,4,4096,196,72.2571
126,4,4096,196,78.6084
130,4,4096,196,66.0758
132,4,4096,196,82.3047
134,4,4096,196,77.4753
138,4,4096,196,69.1736
140,4,4096,196,77.4819
142,4,4096,196,67.0968
146,4,4096,196,64.2182
148,4,4096,196,79.8347
150,4,4096,196,75.3042
154,4,4096,196,67.1013
156,4,4096,196,73.8448
158,4,4096,196,75.2546
162,4,4096,196,57.4814
164,4,4096,196,72.6853
166,4,4096,196,74.5328
170,4,4096,196,73.0184
172,4,4096,196,69.4026
174,4,4096,196,62.0877
178,4,4096,196,60.7659
180,4,4096,196,58.3513
182,4,4096,196,68.238
186,4,4096,196,72.2913
188,4,4096,196,65.5235
190,4,4096,196,66.2235
194,4,4096,196,64.6784
2,4,4096,198,30.0768
4,4,4096,198,54.8149
6,4,4096,198,71.3659
10,4,4096,198,76.6142
12,4,4096,198,74.4331
14,4,4096,198,81.8523
18,4,4096,198,84.1633
20,4,4096,198,83.3496
22,4,4096,198,96.4639
26,4,4096,198,88.0208
28,4,4096,198,90.7371
30,4,4096,198,95.3533
34,4,4096,198,93.3329
36,4,4096,198,91.3614
38,4,4096,198,93.539
42,4,4096,198,93.8561
44,4,4096,198,88.9469
46,4,4096,198,91.3332
50,4,4096,198,91.1841
52,4,4096,198,93.4575
54,4,4096,198,91.8419
58,4,4096,198,82.4629
60,4,4096,198,87.0881
62,4,4096,198,87.8164
66,4,4096,198,86.7945
68,4,4096,198,89.2747
70,4,4096,198,88.1377
74,4,4096,198,78.8972
76,4,4096,198,89.8926
78,4,4096,198,85.7173
82,4,4096,198,78.35
84,4,4096,198,83.6824
86,4,4096,198,81.7523
90,4,4096,198,66.2294
92,4,4096,198,82.247
94,4,4096,198,66.5987
98,4,4096,198,78.934
100,4,4096,198,70.6704
102,4,4096,198,84.7499
106,4,4096,198,68.6394
108,4,4096,198,78.7412
110,4,4096,198,75.6409
114,4,4096,198,65.5236
116,4,4096,198,77.2899
118,4,4096,198,74.7614
122,4,4096,198,77.1278
124,4,4096,198,67.8708
126,4,4096,198,76.4004
130,4,4096,198,65.0597
132,4,4096,198,78.9989
134,4,4096,198,66.2941
138,4,4096,198,79.4591
140,4,4096,198,63.9991
142,4,4096,198,76.2995
146,4,4096,198,78.5098
148,4,4096,198,65.3564
150,4,4096,198,73.9873
154,4,4096,198,61.7697
156,4,4096,198,61.8164
158,4,4096,198,67.513
162,4,4096,198,62.8054
164,4,4096,198,63.5253
166,4,4096,198,68.121
170,4,4096,198,75.969
172,4,4096,198,65.9478
174,4,4096,198,75.7258
178,4,4096,198,56.2597
180,4,4096,198,60.645
182,4,4096,198,66.2651
186,4,4096,198,72.2591
188,4,4096,198,62.0144
190,4,4096,198,63.794
194,4,4096,198,59.1947
196,4,4096,198,63.731
2,4,4096,202,31.3519
4,4,4096,202,50.4145
6,4,4096,202,72.2187
10,4,4096,202,67.1801
12,4,4096,202,79.4588
14,4,4096,202,86.2867
18,4,4096,202,85.6302
20,4,4096,202,84.7132
22,4,4096,202,91.8983
26,4,4096,202,92.0643
28,4,4096,202,93.8386
30,4,4096,202,96.4413
34,4,4096,202,90.0301
36,4,4096,202,93.005
38,4,4096,202,87.639
42,4,4096,202,90.8813
44,4,4096,202,94.1699
46,4,4096,202,87.2307
50,4,4096,202,88.4765
52,4,4096,202,79.6562
54,4,4096,202,80.0903
58,4,4096,202,90.3799
60,4,4096,202,90.9405
62,4,4096,202,76.2032
66,4,4096,202,90.9582
68,4,4096,202,92.1903
70,4,4096,202,94.0379
74,4,4096,202,79.1509
76,4,4096,202,85.3319
78,4,4096,202,85.7014
82,4,4096,202,80.1736
84,4,4096,202,85.3755
86,4,4096,202,84.5255
90,4,4096,202,68.1267
92,4,4096,202,82.183
94,4,4096,202,74.7294
98,4,4096,202,81.7159
100,4,4096,202,65.8148
102,4,4096,202,77.6582
106,4,4096,202,75.0876
108,4,4096,202,83.4854
110,4,4096,202,67.8091
114,4,4096,202,80.6767
116,4,4096,202,75.2192
118,4,4096,202,72.6238
122,4,4096,202,76.3665
124,4,4096,202,80.2967
126,4,4096,202,63.2935
130,4,4096,202,76.614
132,4,4096,202,62.7978
134,4,4096,202,65.6253
138,4,4096,202,78.7818
140,4,4096,202,65.911
142,4,4096,202,77.6206
146,4,4096,202,73.4164
148,4,4096,202,74.5245
150,4,4096,202,62.0752
154,4,4096,202,73.0676
156,4,4096,202,75.3437
158,4,4096,202,63.1332
162,4,4096,202,71.1377
164,4,4096,202,60.7222
166,4,4096,202,75.9997
170,4,4096,202,60.8191
172,4,4096,202,71.3589
174,4,4096,202,70.8766
178,4,4096,202,60.8365
180,4,4096,202,54.1106
182,4,4096,202,58.9266
186,4,4096,202,74.142
188,4,4096,202,67.6159
190,4,4096,202,62.73
194,4,4096,202,48.4236
196,4,4096,202,53.9542
198,4,4096,202,57.4275
2,4,4096,204,28.7837
4,4,4096,204,55.4546
6,4,4096,204,74.6934
10,4,4096,204,65.2863
12,4,4096,204,85.595
14,4,4096,204,79.6788
18,4,4096,204,82.7033
20,4,4096,204,86.4483
22,4,4096,204,87.3493
26,4,4096,204,93.4712
28,4,4096,204,95.7518
30,4,4096,204,86.8815
34,4,4096,204,92.179
36,4,4096,204,100.9936
38,4,4096,204,89.719
42,4,4096,204,94.3509
44,4,4096,204,86.7376
46,4,4096,204,93.049
50,4,4096,204,80.4022
52,4,4096,204,88.0393
54,4,4096,204,88.4769
58,4,4096,204,85.392
60,4,4096,204,84.1462
62,4,4096,204,83.7229
66,4,4096,204,76.2896
68,4,4096,204,91.6197
70,4,4096,204,90.6312
74,4,4096,204,90.643
76,4,4096,204,90.6318
78,4,4096,204,71.9022
82,4,4096,204,81.1596
84,4,4096,204,87.747
86,4,4096,204,74.985
90,4,4096,204,85.8735
92,4,4096,204,77.2921
94,4,4096,204,77.3904
98,4,4096,204,83.5298
100,4,4096,204,69.7122
102,4,4096,204,76.5292
106,4,4096,204,79.0518
108,4,4096,204,83.1806
110,4,4096,204,64.5269
114,4,4096,204,67.483
116,4,4096,204,64.4687
118,4,4096,204,70.979
122,4,4096,204,81.3699
124,4,4096,204,69.6576
126,4,4096,204,75.1883
130,4,4096,204,59.0999
132,4,4096,204,72.8152
134,4,4096,204,77.3977
138,4,4096,204,65.5246
140,4,4096,204,78.0157
142,4,4096,204,73.6147
146,4,4096,204,75.0161
148,4,4096,204,79.7796
150,4,4096,204,74.897
154,4,4096,204,57.6234
156,4,4096,204,74.858
158,4,4096,204,70.3954
162,4,4096,204,61.3856
164,4,4096,204,65.828
166,4,4096,204,63.3719
170,4,4096,204,79.4963
172,4,4096,204,62.0963
174,4,4096,204,76.6997
178,4,4096,204,57.1014
180,4,4096,204,72.1387
182,4,4096,204,59.5847
186,4,4096,204,60.8897
188,4,4096,204,74.0592
190,4,4096,204,59.7851
194,4,4096,204,47.8363
196,4,4096,204,57.88
198,4,4096,204,48.4067
202,4,4096,204,61.0209
2,4,4096,206,31.9895
4,4,4096,206,52.2256
6,4,4096,206,67.5721
10,4,4096,206,78.5043
12,4,4096,206,72.0525
14,4,4096,206,82.6386
18,4,4096,206,79.8894
20,4,4096,206,88.0459
22,4,4096,206,96.2938
26,4,4096,206,97.6522
28,4,4096,206,83.0903
30,4,4096,206,94.3313
34,4,4096,206,89.663
36,4,4096,206,89.3904
38,4,4096,206,89.7661
42,4,4096,206,84.5276
44,4,4096,206,90.9352
46,4,4096,206,90.2466
50,4,4096,206,82.4084
52,4,4096,206,72.0489
54,4,4096,206,82.1485
58,4,4096,206,90.107
60,4,4096,206,82.5727
62,4,4096,206,77.7168
66,4,4096,206,93.9599
68,4,4096,206,91.7454
70,4,4096,206,90.127
74,4,4096,206,72.6279
76,4,4096,206,82.6369
78,4,4096,206,82.153
82,4,4096,206,81.2613
84,4,4096,206,90.2696
86,4,4096,206,85.9671
90,4,4096,206,71.2838
92,4,4096,206,80.7766
94,4,4096,206,83.7118
98,4,4096,206,81.2781
100,4,4096,206,86.3265
102,4,4096,206,80.4837
106,4,4096,206,71.3565
108,4,4096,206,85.1392
110,4,4096,206,73.0104
114,4,4096,206,78.2672
116,4,4096,206,77.5109
118,4,4096,206,66.5496
122,4,4096,206,72.0865
124,4,4096,206,63.3429
126,4,4096,206,80.4547
130,4,4096,206,62.256
132,4,4096,206,76.935
134,4,4096,206,69.0956
138,4,4096,206,72.0534
140,4,4096,206,75.3874
142,4,4096,206,71.2838
146,4,4096,206,74.2765
148,4,4096,206,79.2602
150,4,4096,206,62.6306
154,4,4096,206,78.1174
156,4,4096,206,72.8987
158,4,4096,206,62.498
162,4,4096,206,61.4446
164,4,4096,206,73.1424
166,4,4096,206,57.0038
170,4,4096,206,58.5467
172,4,4096,206,67.9308
174,4,4096,206,66.2141
178,4,4096,206,75.1345
180,4,4096,206,59.2979
182,4,4096,206,59.4831
186,4,4096,206,64.1582
188,4,4096,206,68.4398
190,4,4096,206,66.8525
194,4,4096,206,52.2181
196,4,4096,206,60.3137
198,4,4096,206,52.8897
202,4,4096,206,58.4957
204,4,4096,206,51.9978
2,4,4096,210,30.9036
4,4,4096,210,56.1194
6,4,4096,210,67.6838
10,4,4096,210,69.7395
12,4,4096,210,79.2545
14,4,4096,210,90.6832
18,4,4096,210,87.961
20,4,4096,210,96.5459
22,4,4096,210,90.3644
26,4,4096,210,90.6792
28,4,4096,210,83.8228
30,4,4096,210,94.5269
34,4,4096,210,91.8299
36,4,4096,210,94.5768
38,4,4096,210,96.1419
42,4,4096,210,97.9185
44,4,4096,210,92.8005
46,4,4096,210,88.0915
50,4,4096,210,89.4829
52,4,4096,210,77.43
54,4,4096,210,86.9747
58,4,4096,210,81.8628
60,4,4096,210,86.001
62,4,4096,210,82.7478
66,4,4096,210,82.2883
68,4,4096,210,82.011
70,4,4096,210,84.2835
74,4,4096,210,83.8522
76,4,4096,210,73.6295
78,4,4096,210,80.1609
82,4,4096,210,86.2654
84,4,4096,210,69.8958
86,4,4096,210,69.9296
90,4,4096,210,84.1033
92,4,4096,210,69.2171
94,4,4096,210,74.9906
98,4,4096,210,66.8152
100,4,4096,210,77.0084
102,4,4096,210,74.9536
106,4,4096,210,87.0309
108,4,4096,210,76.5679
110,4,4096,210,74.3584
114,4,4096,210,73.3027
116,4,4096,210,71.5202
118,4,4096,210,64.2452
122,4,4096,210,73.9904
124,4,4096,210,65.7206
126,4,4096,210,65.5394
130,4,4096,210,77.2871
132,4,4096,210,67.3058
134,4,4096,210,76.4027
138,4,4096,210,63.7696
140,4,4096,210,78.4234
142,4,4096,210,75.7327
146,4,4096,210,82.2301
148,4,4096,210,67.0905
150,4,4096,210,73.6502
154,4,4096,210,73.8626
156,4,4096,210,61.6806
158,4,4096,210,73.8541
162,4,4096,210,72.9456
164,4,4096,210,66.8126
166,4,4096,210,60.87
170,4,4096,210,73.5617
172,4,4096,210,66.6454
174,4,4096,210,69.8886
178,4,4096,210,72.2021
180,4,4096,210,63.2992
182,4,4096,210,57.1809
186,4,4096,210,60.4632
188,4,4096,210,76.5125
190,4,4096,210,70.1194
194,4,4096,210,51.9516
196,4,4096,210,57.9261
198,4,4096,210,60.165
202,4,4096,210,61.2654
204,4,4096,210,56.2213
206,4,4096,210,50.3503
2,4,4096,212,31.5016
4,4,4096,212,56.0625
6,4,4096,212,71.6862
10,4,4096,212,74.0043
12,4,4096,212,82.9277
14,4,4096,212,73.9979
18,4,4096,212,89.7846
20,4,4096,212,96.2592
22,4,4096,212,94.4269
26,4,4096,212,92.3449
28,4,4096,212,96.8592
30,4,4096,212,94.8406
34,4,4096,212,91.1538
36,4,4096,212,89.8146
38,4,4096,212,94.8726
42,4,4096,212,81.7284
44,4,4096,212,94.7252
46,4,4096,212,95.0875
50,4,4096,212,85.5161
52,4,4096,212,85.1059
54,4,4096,212,81.2093
58,4,4096,212,81.4969
60,4,4096,212,89.4226
62,4,4096,212,91.7684
66,4,4096,212,92.5152
68,4,4096,212,87.6368
70,4,4096,212,89.9188
74,4,4096,212,91.4699
76,4,4096,212,72.5004
78,4,4096,212,70.833
82,4,4096,212,85.86
84,4,4096,212,86.129
86,4,4096,212,81.6888
90,4,4096,212,85.8388
92,4,4096,212,67.1643
94,4,4096,212,81.9571
98,4,4096,212,85.8753
100,4,4096,212,67.4995
102,4,4096,212,75.7094
106,4,4096,212,70.9267
108,4,4096,212,67.2105
110,4,4096,212,77.335
114,4,4096,212,77.4651
116,4,4096,212,72.4144
118,4,4096,212,66.1287
122,4,4096,212,80.8677
124,4,4096,212,63.091
126,4,4096,212,77.4798
130,4,4096,212,73.3445
132,4,4096,212,73.3691
134,4,4096,212,82.3321
138,4,4096,212,63.7722
140,4,4096,212,78.5101
142,4,4096,212,72.2896
146,4,4096,212,73.4861
148,4,4096,212,68.8409
150,4,4096,212,75.6969
154,4,4096,212,62.4404
156,4,4096,212,67.5407
158,4,4096,212,71.0677
162,4,4096,212,73.8362
164,4,4096,212,65.3102
166,4,4096,212,64.8701
170,4,4096,212,63.7971
172,4,4096,212,73.9479
174,4,4096,212,72.1054
178,4,4096,212,57.5573
180,4,4096,212,67.6252
182,4,4096,212,65.4817
186,4,4096,212,74.0842
188,4,4096,212,68.351
190,4,4096,212,72.4929
194,4,4096,212,50.2343
196,4,4096,212,58.8743
198,4,4096,212,58.4214
202,4,4096,212,49.1249
204,4,4096,212,58.9447
206,4,4096,212,49.0308
210,4,4096,212,68.4161
2,4,4096,214,30.5624
4,4,4096,214,53.5754
6,4,4096,214,69.5224
10,4,4096,214,76.7872
12,4,4096,214,82.2591
14,4,4096,214,85.6126
18,4,4096,214,82.6189
20,4,4096,214,89.9016
22,4,4096,214,93.7963
26,4,4096,214,81.5695
28,4,4096,214,83.4368
30,4,4096,214,89.9027
34,4,4096,214,90.8725
36,4,4096,214,93.6474
38,4,4096,214,84.6921
42,4,4096,214,84.6329
44,4,4096,214,89.556
46,4,4096,214,93.1002
50,4,4096,214,82.8969
52,4,4096,214,86.4791
54,4,4096,214,89.4632
58,4,4096,214,88.1463
60,4,4096,214,77.4348
62,4,4096,214,74.3652
66,4,4096,214,86.2711
68,4,4096,214,86.7226
70,4,4096,214,79.2315
74,4,4096,214,77.0019
76,4,4096,214,72.3955
78,4,4096,214,75.8222
82,4,4096,214,84.2781
84,4,4096,214,85.1617
86,4,4096,214,70.2056
90,4,4096,214,74.2237
92,4,4096,214,71.6846
94,4,4096,214,79.2717
98,4,4096,214,65.8193
100,4,4096,214,76.3402
102,4,4096,214,70.434
106,4,4096,214,67.4504
108,4,4096,214,79.6701
110,4,4096,214,78.4955
114,4,4096,214,79.1686
116,4,4096,214,66.5232
118,4,4096,214,66.6829
122,4,4096,214,68.5955
124,4,4096,214,76.2189
126,4,4096,214,76.829
130,4,4096,214,71.7547
132,4,4096,214,70.5237
134,4,4096,214,68.3875
138,4,4096,214,79.4954
140,4,4096,214,75.4671
142,4,4096,214,75.291
146,4,4096,214,67.6061
148,4,4096,214,66.3372
150,4,4096,214,63.1585
154,4,4096,214,66.1116
156,4,4096,214,72.7222
158,4,4096,214,57.7324
162,4,4096,214,72.2548
164,4,4096,214,62.8232
166,4,4096,214,72.8406
170,4,4096,214,75.984
172,4,4096,214,64.2827
174,4,4096,214,68.2212
178,4,4096,214,58.9644
180,4,4096,214,58.8212
182,4,4096,214,64.3073
186,4,4096,214,73.3154
188,4,4096,214,67.0576
190,4,4096,214,61.9328
194,4,4096,214,48.3464
196,4,4096,214,57.5308
198,4,4096,214,59.2346
202,4,4096,214,54.4686
204,4,4096,214,54.4393
206,4,4096,214,50.7191
210,4,4096,214,68.4369
212,4,4096,214,65.7264
2,4,4096,218,32.3778
4,4,4096,218,57.2069
6,4,4096,218,74.6345
10,4,4096,218,66.5796
12,4,4096,218,88.9413
14,4,4096,218,83.1121
18,4,4096,218,84.23
20,4,4096,218,90.3115
22,4,4096,218,87.4958
26,4,4096,218,79.4684
28,4,4096,218,84.7673
30,4,4096,218,88.2217
34,4,4096,218,91.3601
36,4,4096,218,90.5463
38,4,4096,218,100.8974
42,4,4096,218,94.1037
44,4,4096,218,94.035
46,4,4096,218,92.6433
50,4,4096,218,80.8929
52,4,4096,218,88.373
54,4,4096,218,88.8217
58,4,4096,218,81.8324
60,4,4096,218,88.1404
62,4,4096,218,94.7669
66,4,4096,218,88.7928
68,4,4096,218,89.2463
70,4,4096,218,91.4518
74,4,4096,218,87.9291
76,4,4096,218,78.7838
78,4,4096,218,87.3668
82,4,4096,218,89.3805
84,4,4096,218,79.3315
86,4,4096,218,85.642
90,4,4096,218,81.3109
92,4,4096,218,71.2558
94,4,4096,218,89.425
98,4,4096,218,80.8572
100,4,4096,218,81.9852
102,4,4096,218,77.5684
106,4,4096,218,74.9517
108,4,4096,218,77.5403
110,4,4096,218,68.1891
114,4,4096,218,83.1482
116,4,4096,218,67.2581
118,4,4096,218,78.6659
122,4,4096,218,81.7617
124,4,4096,218,79.9614
126,4,4096,218,65.0655
130,4,4096,218,64.6175
132,4,4096,218,63.4418
134,4,4096,218,78.0406
138,4,4096,218,69.5465
140,4,4096,218,74.2754
142,4,4096,218,69.7155
146,4,4096,218,65.0105
148,4,4096,218,76.7319
150,4,4096,218,73.7684
154,4,4096,218,77.1355
156,4,4096,218,75.2241
158,4,4096,218,75.6595
162,4,4096,218,75.6281
164,4,4096,218,74.7321
166,4,4096,218,74.0538
170,4,4096,218,75.7835
172,4,4096,218,65.2747
174,4,4096,218,61.4911
178,4,4096,218,63.7845
180,4,4096,218,61.7058
182,4,4096,218,73.405
186,4,4096,218,72.9477
188,4,4096,218,70.9152
190,4,4096,218,70.8418
194,4,4096,218,61.368
196,4,4096,218,66.9199
198,4,4096,218,50.8733
202,4,4096,218,60.6296
204,4,4096,218,64.4716
206,4,4096,218,70.4744
210,4,4096,218,62.1268
212,4,4096,218,55.929
214,4,4096,218,59.9984
2,4,4096,220,31.7232
4,4,4096,220,55.609
6,4,4096,220,70.872
10,4,4096,220,78.097
12,4,4096,220,82.1588
14,4,4096,220,82.5689
18,4,4096,220,90.9955
20,4,4096,220,96.1606
22,4,4096,220,98.434
26,4,4096,220,88.7438
28,4,4096,220,95.3328
30,4,4096,220,86.4884
34,4,4096,220,98.4918
36,4,4096,220,85.2646
38,4,4096,220,96.4493
42,4,4096,220,99.7345
44,4,4096,220,99.555
46,4,4096,220,86.8892
50,4,4096,220,79.3656
52,4,4096,220,86.9483
54,4,4096,220,89.1647
58,4,4096,220,88.2701
60,4,4096,220,87.0742
62,4,4096,220,89.3147
66,4,4096,220,78.1747
68,4,4096,220,87.2734
70,4,4096,220,86.3767
74,4,4096,220,83.4218
76,4,4096,220,72.0198
78,4,4096,220,86.8214
82,4,4096,220,90.1457
84,4,4096,220,74.1265
86,4,4096,220,85.6046
90,4,4096,220,77.6643
92,4,4096,220,86.8407
94,4,4096,220,88.7691
98,4,4096,220,81.2218
100,4,4096,220,68.0217
102,4,4096,220,82.9074
106,4,4096,220,58.8794
108,4,4096,220,78.1777
110,4,4096,220,65.9769
114,4,4096,220,72.632
116,4,4096,220,74.0249
118,4,4096,220,85.674
122,4,4096,220,78.2194
124,4,4096,220,78.7526
126,4,4096,220,61.5125
130,4,4096,220,76.5723
132,4,4096,220,62.6582
134,4,4096,220,81.3127
138,4,4096,220,66.032
140,4,4096,220,73.1851
142,4,4096,220,66.3133
146,4,4096,220,65.3052
148,4,4096,220,66.6754
150,4,4096,220,67.1999
154,4,4096,220,78.1801
156,4,4096,220,75.602
158,4,4096,220,74.3451
162,4,4096,220,64.9262
164,4,4096,220,72.8173
166,4,4096,220,68.4772
170,4,4096,220,69.9275
172,4,4096,220,70.1445
174,4,4096,220,55.9702
178,4,4096,220,74.0069
180,4,4096,220,77.1204
182,4,4096,220,69.7064
186,4,4096,220,75.6053
188,4,4096,220,73.2049
190,4,4096,220,65.9926
194,4,4096,220,63.4649
196,4,4096,220,67.8141
198,4,4096,220,67.6942
202,4,4096,220,70.818
204,4,4096,220,69.7519
206,4,4096,220,61.4008
210,4,4096,220,67.1555
212,4,4096,220,70.5171
214,4,4096,220,59.8494
218,4,4096,220,52.6357
2,4,4096,222,30.7578
4,4,4096,222,57.4729
6,4,4096,222,72.1496
10,4,4096,222,76.1
12,4,4096,222,84.5587
14,4,4096,222,94.8603
18,4,4096,222,85.435
20,4,4096,222,82.1081
22,4,4096,222,90.5603
26,4,4096,222,84.4128
28,4,4096,222,92.4512
30,4,4096,222,91.2289
34,4,4096,222,80.279
36,4,4096,222,84.6767
38,4,4096,222,92.442
42,4,4096,222,84.0151
44,4,4096,222,90.7669
46,4,4096,222,97.0424
50,4,4096,222,84.502
52,4,4096,222,92.0446
54,4,4096,222,94.027
58,4,4096,222,90.954
60,4,4096,222,82.218
62,4,4096,222,94.4047
66,4,4096,222,90.1901
68,4,4096,222,86.2061
70,4,4096,222,73.8033
74,4,4096,222,83.7845
76,4,4096,222,77.7671
78,4,4096,222,83.3145
82,4,4096,222,90.645
84,4,4096,222,86.9357
86,4,4096,222,80.2985
90,4,4096,222,79.862
92,4,4096,222,87.1373
94,4,4096,222,79.5064
98,4,4096,222,79.0169
100,4,4096,222,69.8932
102,4,4096,222,77.7356
106,4,4096,222,75.293
108,4,4096,222,66.7525
110,4,4096,222,73.0461
114,4,4096,222,71.9171
116,4,4096,222,82.9891
118,4,4096,222,77.5246
122,4,4096,222,60.6259
124,4,4096,222,67.8554
126,4,4096,222,74.182
130,4,4096,222,68.8292
132,4,4096,222,80.1754
134,4,4096,222,71.4223
138,4,4096,222,75.8566
140,4,4096,222,71.2069
142,4,4096,222,74.055
146,4,4096,222,66.7663
148,4,4096,222,76.2345
150,4,4096,222,62.9727
154,4,4096,222,66.1735
156,4,4096,222,70.7118
158,4,4096,222,73.7805
162,4,4096,222,68.1877
164,4,4096,222,76.8168
166,4,4096,222,68.6777
170,4,4096,222,76.1608
172,4,4096,222,73.4527
174,4,4096,222,65.0526
178,4,4096,222,78.1991
180,4,4096,222,66.9862
182,4,4096,222,64.5799
186,4,4096,222,69.1983
188,4,4096,222,76.7733
190,4,4096,222,64.5891
194,4,4096,222,68.4579
196,4,4096,222,53.0587
198,4,4096,222,61.9052
202,4,4096,222,62.6339
204,4,4096,222,59.9969
206,4,4096,222,68.7017
210,4,4096,222,66.0192
212,4,4096,222,57.9732
214,4,4096,222,57.85
218,4,4096,222,57.7738
220,4,4096,222,53.4797
2,4,4096,226,32.3107
4,4,4096,226,55.697
6,4,4096,226,69.8454
10,4,4096,226,80.2133
12,4,4096,226,76.5601
14,4,4096,226,89.8048
18,4,4096,226,89.5779
20,4,4096,226,87.2016
22,4,4096,226,97.4909
26,4,4096,226,96.5035
28,4,4096,226,78.4421
30,4,4096,226,87.7435
34,4,4096,226,90.5299
36,4,4096,226,82.0698
38,4,4096,226,93.9281
42,4,4096,226,90.2208
44,4,4096,226,91.954
46,4,4096,226,82.7084
50,4,4096,226,79.9206
52,4,4096,226,74.2506
54,4,4096,226,89.6196
58,4,4096,226,90.1137
60,4,4096,226,88.588
62,4,4096,226,85.4085
66,4,4096,226,90.5592
68,4,4096,226,93.3447
70,4,4096,226,87.8763
74,4,4096,226,67.8398
76,4,4096,226,84.0012
78,4,4096,226,84.9989
82,4,4096,226,75.1859
84,4,4096,226,91.4337
86,4,4096,226,84.4697
90,4,4096,226,70.0861
92,4,4096,226,81.1687
94,4,4096,226,74.8209
98,4,4096,226,73.0073
100,4,4096,226,68.2917
102,4,4096,226,80.9242
106,4,4096,226,64.3073
108,4,4096,226,78.3497
110,4,4096,226,63.5425
114,4,4096,226,72.3809
116,4,4096,226,77.5414
118,4,4096,226,72.4684
122,4,4096,226,79.19
124,4,4096,226,70.2354
126,4,4096,226,69.8087
130,4,4096,226,66.4644
132,4,4096,226,74.1832
134,4,4096,226,75.1475
138,4,4096,226,82.084
140,4,4096,226,70.8614
142,4,4096,226,65.0416
146,4,4096,226,63.3554
148,4,4096,226,66.0683
150,4,4096,226,75.6036
154,4,4096,226,65.7551
156,4,4096,226,78.0944
158,4,4096,226,63.7114
162,4,4096,226,74.7449
164,4,4096,226,70.7772
166,4,4096,226,63.7148
170,4,4096,226,70.2696
172,4,4096,226,66.7056
174,4,4096,226,66.0288
178,4,4096,226,70.6535
180,4,4096,226,71.4323
182,4,4096,226,62.0163
186,4,4096,226,64.418
188,4,4096,226,77.3672
190,4,4096,226,69.4602
194,4,4096,226,55.8987
196,4,4096,226,57.6386
198,4,4096,226,56.3209
202,4,4096,226,63.6773
204,4,4096,226,59.5239
206,4,4096,226,52.4067
210,4,4096,226,66.6555
212,4,4096,226,68.0169
214,4,4096,226,60.5251
218,4,4096,226,55.4622
220,4,4096,226,51.0321
222,4,4096,226,45.4815
2,4,4096,228,30.802
4,4,4096,228,58.419
6,4,4096,228,72.4111
10,4,4096,228,78.9496
12,4,4096,228,83.7646
14,4,4096,228,80.3993
18,4,4096,228,88.9023
20,4,4096,228,94.7568
22,4,4096,228,90.7849
26,4,4096,228,92.6126
28,4,4096,228,89.8042
30,4,4096,228,88.8388
34,4,4096,228,99.4562
36,4,4096,228,94.1825
38,4,4096,228,99.6921
42,4,4096,228,98.3373
44,4,4096,228,100.8315
46,4,4096,228,96.7701
50,4,4096,228,82.5266
52,4,4096,228,89.7512
54,4,4096,228,93.0147
58,4,4096,228,97.8888
60,4,4096,228,97.7181
62,4,4096,228,86.9175
66,4,4096,228,89.8275
68,4,4096,228,83.4107
70,4,4096,228,82.8989
74,4,4096,228,71.0007
76,4,4096,228,85.212
78,4,4096,228,85.7532
82,4,4096,228,86.1665
84,4,4096,228,73.3813
86,4,4096,228,86.9678
90,4,4096,228,80.156
92,4,4096,228,68.5351
94,4,4096,228,84.0178
98,4,4096,228,87.7961
100,4,4096,228,66.5406
102,4,4096,228,78.9529
106,4,4096,228,70.0954
108,4,4096,228,76.7062
110,4,4096,228,66.1913
114,4,4096,228,76.6707
116,4,4096,228,74.4886
118,4,4096,228,83.5219
122,4,4096,228,73.0375
124,4,4096,228,75.7893
126,4,4096,228,71.5667
130,4,4096,228,65.6548
132,4,4096,228,83.0671
134,4,4096,228,72.7807
138,4,4096,228,77.6238
140,4,4096,228,76.22
142,4,4096,228,80.0806
146,4,4096,228,70.0195
148,4,4096,228,77.1268
150,4,4096,228,55.465
154,4,4096,228,76.9935
156,4,4096,228,77.919
158,4,4096,228,67.0799
162,4,4096,228,73.4523
164,4,4096,228,63.3578
166,4,4096,228,67.4573
170,4,4096,228,73.3079
172,4,4096,228,59.8343
174,4,4096,228,59.8536
178,4,4096,228,77.4695
180,4,4096,228,73.0435
182,4,4096,228,61.1746
186,4,4096,228,63.671
188,4,4096,228,66.5562
190,4,4096,228,61.8808
194,4,4096,228,65.6949
196,4,4096,228,60.3085
198,4,4096,228,57.9655
202,4,4096,228,56.6799
204,4,4096,228,66.903
206,4,4096,228,63.2177
210,4,4096,228,68.157
212,4,4096,228,60.259
214,4,4096,228,58.8264
218,4,4096,228,55.0698
220,4,4096,228,50.8686
222,4,4096,228,55.132
226,4,4096,228,60.0093
2,4,4096,230,32.3066
4,4,4096,230,55.2447
6,4,4096,230,76.5045
10,4,4096,230,67.2215
12,4,4096,230,81.4652
14,4,4096,230,86.0639
18,4,4096,230,91.3414
20,4,4096,230,90.9015
22,4,4096,230,93.9907
26,4,4096,230,90.845
28,4,4096,230,84.3891
30,4,4096,230,96.4908
34,4,4096,230,92.9571
36,4,4096,230,94.2406
38,4,4096,230,98.4158
42,4,4096,230,81.5166
44,4,4096,230,86.7715
46,4,4096,230,92.6871
50,4,4096,230,84.4753
52,4,4096,230,75.6567
54,4,4096,230,85.1466
58,4,4096,230,88.6525
60,4,4096,230,84.4896
62,4,4096,230,77.8186
66,4,4096,230,84.7943
68,4,4096,230,91.4551
70,4,4096,230,95.4725
74,4,4096,230,94.172
76,4,4096,230,90.0119
78,4,4096,230,87.2984
82,4,4096,230,73.0156
84,4,4096,230,82.5968
86,4,4096,230,83.468
90,4,4096,230,74.2646
92,4,4096,230,88.0985
94,4,4096,230,79.8025
98,4,4096,230,67.1106
100,4,4096,230,85.6412
102,4,4096,230,83.7719
106,4,4096,230,70.7326
108,4,4096,230,75.8549
110,4,4096,230,68.7465
114,4,4096,230,73.1671
116,4,4096,230,83.8664
118,4,4096,230,56.4342
122,4,4096,230,75.6758
124,4,4096,230,67.6318
126,4,4096,230,67.8801
130,4,4096,230,76.5459
132,4,4096,230,75.2627
134,4,4096,230,82.6816
138,4,4096,230,76.3027
140,4,4096,230,72.0872
142,4,4096,230,82.1874
146,4,4096,230,60.0445
148,4,4096,230,68.3942
150,4,4096,230,66.6858
154,4,4096,230,81.7907
156,4,4096,230,61.3218
158,4,4096,230,51.99
162,4,4096,230,72.9974
164,4,4096,230,65.1047
166,4,4096,230,72.8916
170,4,4096,230,58.4167
172,4,4096,230,66.1409
174,4,4096,230,64.2373
178,4,4096,230,59.6137
180,4,4096,230,56.9354
182,4,4096,230,58.7108
186,4,4096,230,66.2266
188,4,4096,230,62.7708
190,4,4096,230,64.7552
194,4,4096,230,56.1794
196,4,4096,230,54.2409
198,4,4096,230,57.3677
202,4,4096,230,51.0115
204,4,4096,230,65.8588
206,4,4096,230,58.3144
210,4,4096,230,64.0342
212,4,4096,230,63.7523
214,4,4096,230,62.0484
218,4,4096,230,58.7851
220,4,4096,230,58.5075
222,4,4096,230,58.996
226,4,4096,230,50.8754
228,4,4096,230,63.7978
2,4,4096,234,32.5639
4,4,4096,234,57.8891
6,4,4096,234,75.8352
10,4,4096,234,62.4906
12,4,4096,234,80.4886
14,4,4096,234,95.5535
18,4,4096,234,93.1145
20,4,4096,234,96.0234
22,4,4096,234,86.0209
26,4,4096,234,88.6562
28,4,4096,234,91.1003
30,4,4096,234,83.6893
34,4,4096,234,87.4935
36,4,4096,234,90.2498
38,4,4096,234,85.0746
42,4,4096,234,90.87
44,4,4096,234,83.233
46,4,4096,234,83.3276
50,4,4096,234,89.9407
52,4,4096,234,93.1118
54,4,4096,234,92.8699
58,4,4096,234,86.1935
60,4,4096,234,93.2435
62,4,4096,234,93.1458
66,4,4096,234,82.7915
68,4,4096,234,93.6125
70,4,4096,234,89.0043
74,4,4096,234,83.8603
76,4,4096,234,81.8484
78,4,4096,234,79.2617
82,4,4096,234,74.4856
84,4,4096,234,85.9442
86,4,4096,234,75.1545
90,4,4096,234,80.3612
92,4,4096,234,80.2093
94,4,4096,234,78.9016
98,4,4096,234,75.5068
100,4,4096,234,77.0991
102,4,4096,234,66.8247
106,4,4096,234,82.8624
108,4,4096,234,68.0364
110,4,4096,234,73.3801
114,4,4096,234,67.4226
116,4,4096,234,67.9654
118,4,4096,234,78.1558
122,4,4096,234,71.6786
124,4,4096,234,67.4712
126,4,4096,234,79.1642
130,4,4096,234,67.465
132,4,4096,234,80.0813
134,4,4096,234,83.7497
138,4,4096,234,74.1695
140,4,4096,234,67.0732
142,4,4096,234,68.1659
146,4,4096,234,63.2475
148,4,4096,234,78.8972
150,4,4096,234,56.7224
154,4,4096,234,80.5211
156,4,4096,234,59.0005
158,4,4096,234,76.323
162,4,4096,234,74.6365
164,4,4096,234,62.6908
166,4,4096,234,67.7637
170,4,4096,234,72.5248
172,4,4096,234,59.9896
174,4,4096,234,67.8064
178,4,4096,234,78.4891
180,4,4096,234,63.0978
182,4,4096,234,72.1741
186,4,4096,234,63.377
188,4,4096,234,67.8403
190,4,4096,234,68.9778
194,4,4096,234,56.8117
196,4,4096,234,57.1985
198,4,4096,234,52.1932
202,4,4096,234,62.7078
204,4,4096,234,64.9232
206,4,4096,234,53.7054
210,4,4096,234,64.5687
212,4,4096,234,52.4965
214,4,4096,234,60.9647
218,4,4096,234,58.1462
220,4,4096,234,57.2004
222,4,4096,234,55.3856
226,4,4096,234,53.3555
228,4,4096,234,49.106
230,4,4096,234,54.1974
2,4,4096,236,32.6301
4,4,4096,236,56.3811
6,4,4096,236,70.0036
10,4,4096,236,80.2206
12,4,4096,236,83.4649
14,4,4096,236,90.1625
18,4,4096,236,85.1793
20,4,4096,236,88.9963
22,4,4096,236,92.9009
26,4,4096,236,85.3269
28,4,4096,236,92.1712
30,4,4096,236,95.3228
34,4,4096,236,89.9137
36,4,4096,236,91.4237
38,4,4096,236,99.7433
42,4,4096,236,86.2927
44,4,4096,236,93.3533
46,4,4096,236,96.6684
50,4,4096,236,87.0649
52,4,4096,236,78.4785
54,4,4096,236,89.0509
58,4,4096,236,86.8393
60,4,4096,236,87.9284
62,4,4096,236,87.4929
66,4,4096,236,81.9288
68,4,4096,236,84.8668
70,4,4096,236,89.2578
74,4,4096,236,84.8806
76,4,4096,236,76.0644
78,4,4096,236,85.039
82,4,4096,236,85.1886
84,4,4096,236,71.4699
86,4,4096,236,83.8334
90,4,4096,236,84.8092
92,4,4096,236,77.583
94,4,4096,236,81.6839
98,4,4096,236,79.2633
100,4,4096,236,68.4204
102,4,4096,236,81.1196
106,4,4096,236,73.0919
108,4,4096,236,80.1405
110,4,4096,236,76.1341
114,4,4096,236,79.5125
116,4,4096,236,64.1562
118,4,4096,236,80.8605
122,4,4096,236,75.6908
124,4,4096,236,72.7683
126,4,4096,236,78.6776
130,4,4096,236,77.7173
132,4,4096,236,68.2335
134,4,4096,236,70.3952
138,4,4096,236,80.4338
140,4,4096,236,77.2203
142,4,4096,236,79.4678
146,4,4096,236,57.6088
148,4,4096,236,76.8358
150,4,4096,236,74.4819
154,4,4096,236,67.9946
156,4,4096,236,79.7071
158,4,4096,236,64.4029
162,4,4096,236,60.5914
164,4,4096,236,78.2781
166,4,4096,236,66.3534
170,4,4096,236,66.7446
172,4,4096,236,57.7948
174,4,4096,236,70.2689
178,4,4096,236,75.5582
180,4,4096,236,81.0173
182,4,4096,236,55.9538
186,4,4096,236,77.3118
188,4,4096,236,72.8489
190,4,4096,236,59.7087
194,4,4096,236,64.6996
196,4,4096,236,68.3692
198,4,4096,236,63.5122
202,4,4096,236,62.3157
204,4,4096,236,61.0211
206,4,4096,236,67.2986
210,4,4096,236,63.1225
212,4,4096,236,61.5272
214,4,4096,236,62.5003
218,4,4096,236,49.8234
220,4,4096,236,59.1434
222,4,4096,236,49.1923
226,4,4096,236,55.7374
228,4,4096,236,56.2329
230,4,4096,236,51.973
234,4,4096,236,63.2736
2,4,4096,238,32.2318
4,4,4096,238,52.1121
6,4,4096,238,76.1499
10,4,4096,238,67.4344
12,4,4096,238,87.3505
14,4,4096,238,86.5609
18,4,4096,238,93.4381
20,4,4096,238,86.5494
22,4,4096,238,79.7626
26,4,4096,238,81.5491
28,4,4096,238,87.7618
30,4,4096,238,93.9044
34,4,4096,238,91.0796
36,4,4096,238,93.1711
38,4,4096,238,87.2132
42,4,4096,238,92.6023
44,4,4096,238,89.1283
46,4,4096,238,91.4729
50,4,4096,238,81.536
52,4,4096,238,83.2394
54,4,4096,238,81.9948
58,4,4096,238,92.9121
60,4,4096,238,94.9601
62,4,4096,238,95.7081
66,4,4096,238,87.2945
68,4,4096,238,90.3624
70,4,4096,238,75.5551
74,4,4096,238,74.5475
76,4,4096,238,78.4797
78,4,4096,238,85.1682
82,4,4096,238,73.1373
84,4,4096,238,80.339
86,4,4096,238,74.4714
90,4,4096,238,73.4326
92,4,4096,238,83.8738
94,4,4096,238,82.721
98,4,4096,238,73.2526
100,4,4096,238,81.8213
102,4,4096,238,70.7289
106,4,4096,238,75.3247
108,4,4096,238,68.6324
110,4,4096,238,76.7242
114,4,4096,238,77.3483
116,4,4096,238,78.3149
118,4,4096,238,75.4179
122,4,4096,238,59.488
124,4,4096,238,75.9077
126,4,4096,238,76.5826
130,4,4096,238,66.1413
132,4,4096,238,67.2129
134,4,4096,238,67.768
138,4,4096,238,74.7174
140,4,4096,238,73.7812
142,4,4096,238,74.9722
146,4,4096,238,61.4743
148,4,4096,238,70.9776
150,4,4096,238,76.2121
154,4,4096,238,76.7287
156,4,4096,238,73.1305
158,4,4096,238,62.6374
162,4,4096,238,62.1884
164,4,4096,238,68.6846
166,4,4096,238,69.4414
170,4,4096,238,76.6202
172,4,4096,238,60.8474
174,4,4096,238,69.1366
178,4,4096,238,72.9322
180,4,4096,238,59.3721
182,4,4096,238,63.1247
186,4,4096,238,75.1666
188,4,4096,238,60.6875
190,4,4096,238,66.982
194,4,4096,238,63.7496
196,4,4096,238,65.075
198,4,4096,238,65.1938
202,4,4096,238,67.234
204,4,4096,238,61.7078
206,4,4096,238,61.6296
210,4,4096,238,65.3459
212,4,4096,238,66.6875
214,4,4096,238,59.2249
218,4,4096,238,59.3404
220,4,4096,238,52.5162
222,4,4096,238,44.776
226,4,4096,238,58.2851
228,4,4096,238,48.671
230,4,4096,238,46.9623
234,4,4096,238,68.6419
236,4,4096,238,67.909
2,4,4096,242,32.521
4,4,4096,242,58.89
6,4,4096,242,76.8701
10,4,4096,242,73.3039
12,4,4096,242,88.3528
14,4,4096,242,82.2461
18,4,4096,242,89.8404
20,4,4096,242,85.3187
22,4,4096,242,92.9498
26,4,4096,242,83.3109
28,4,4096,242,88.6475
30,4,4096,242,95.1762
34,4,4096,242,84.105
36,4,4096,242,96.7259
38,4,4096,242,85.1937
42,4,4096,242,92.9805
44,4,4096,242,98.8739
46,4,4096,242,93.7386
50,4,4096,242,90.4268
52,4,4096,242,81.2535
54,4,4096,242,93.6753
58,4,4096,242,91.2564
60,4,4096,242,89.2206
62,4,4096,242,87.696
66,4,4096,242,87.1422
68,4,4096,242,71.9965
70,4,4096,242,88.6071
74,4,4096,242,87.245
76,4,4096,242,81.3926
78,4,4096,242,78.7247
82,4,4096,242,87.5671
84,4,4096,242,70.4406
86,4,4096,242,83.9584
90,4,4096,242,80.9453
92,4,4096,242,71.9927
94,4,4096,242,85.0367
98,4,4096,242,78.3663
100,4,4096,242,68.3205
102,4,4096,242,86.393
106,4,4096,242,70.1503
108,4,4096,242,79.1189
110,4,4096,242,75.3702
114,4,4096,242,79.2163
116,4,4096,242,66.0072
118,4,4096,242,78.2777
122,4,4096,242,75.776
124,4,4096,242,78.3539
126,4,4096,242,76.9486
130,4,4096,242,78.1756
132,4,4096,242,63.5789
134,4,4096,242,78.2483
138,4,4096,242,73.6942
140,4,4096,242,78.8003
142,4,4096,242,69.0793
146,4,4096,242,78.1239
148,4,4096,242,68.0933
150,4,4096,242,75.5653
154,4,4096,242,77.9885
156,4,4096,242,76.7631
158,4,4096,242,68.6044
162,4,4096,242,69.2499
164,4,4096,242,76.3
166,4,4096,242,60.7517
170,4,4096,242,71.2604
172,4,4096,242,77.6079
174,4,4096,242,60.4789
178,4,4096,242,74.2201
180,4,4096,242,62.8376
182,4,4096,242,74.5695
186,4,4096,242,72.2222
188,4,4096,242,65.3367
190,4,4096,242,66.0108
194,4,4096,242,62.1841
196,4,4096,242,61.6084
198,4,4096,242,53.8972
202,4,4096,242,66.442
204,4,4096,242,60.1476
206,4,4096,242,57.7261
210,4,4096,242,65.8889
212,4,4096,242,59.9333
214,4,4096,242,52.8199
218,4,4096,242,51.7025
220,4,4096,242,54.3692
222,4,4096,242,53.9713
226,4,4096,242,69.6286
228,4,4096,242,63.4363
230,4,4096,242,68.1296
234,4,4096,242,57.2856
236,4,4096,242,58.7289
238,4,4096,242,52.1692
2,4,4096,244,33.4497
4,4,4096,244,56.3887
6,4,4096,244,77.904
10,4,4096,244,65.689
12,4,4096,244,86.1766
14,4,4096,244,88.3567
18,4,4096,244,81.596
20,4,4096,244,87.9008
22,4,4096,244,95.0024
26,4,4096,244,90.2437
28,4,4096,244,83.8077
30,4,4096,244,93.8938
34,4,4096,244,91.3696
36,4,4096,244,78.8037
38,4,4096,244,95.4347
42,4,4096,244,92.0118
44,4,4096,244,92.4641
46,4,4096,244,95.251
50,4,4096,244,93.554
52,4,4096,244,98.6402
54,4,4096,244,86.0118
58,4,4096,244,86.2089
60,4,4096,244,78.906
62,4,4096,244,80.6338
66,4,4096,244,85.0392
68,4,4096,244,84.7594
70,4,4096,244,84.875
74,4,4096,244,74.985
76,4,4096,244,91.4344
78,4,4096,244,86.672
82,4,4096,244,82.1662
84,4,4096,244,79.727
86,4,4096,244,79.0177
90,4,4096,244,67.9587
92,4,4096,244,89.329
94,4,4096,244,86.7549
98,4,4096,244,68.4722
100,4,4096,244,76.9693
102,4,4096,244,78.0381
106,4,4096,244,74.3045
108,4,4096,244,72.5912
110,4,4096,244,77.1377
114,4,4096,244,74.7012
116,4,4096,244,62.8089
118,4,4096,244,73.9843
122,4,4096,244,81.0988
124,4,4096,244,84.8798
126,4,4096,244,64.4136
130,4,4096,244,82.9347
132,4,4096,244,73.8744
134,4,4096,244,74.8571
138,4,4096,244,68.4344
140,4,4096,244,77.8851
142,4,4096,244,76.1653
146,4,4096,244,76.1523
148,4,4096,244,65.6363
150,4,4096,244,65.3118
154,4,4096,244,63.9175
156,4,4096,244,67.7254
158,4,4096,244,67.5158
162,4,4096,244,69.3609
164,4,4096,244,65.6404
166,4,4096,244,60.1615
170,4,4096,244,75.5769
172,4,4096,244,72.7018
174,4,4096,244,68.2856
178,4,4096,244,72.6118
180,4,4096,244,75.7932
182,4,4096,244,61.2191
186,4,4096,244,70.7589
188,4,4096,244,72.5714
190,4,4096,244,72.5705
194,4,4096,244,55.6022
196,4,4096,244,72.5153
198,4,4096,244,66.4527
202,4,4096,244,65.5901
204,4,4096,244,54.0521
206,4,4096,244,52.703
210,4,4096,244,54.3205
212,4,4096,244,52.3752
214,4,4096,244,67.7394
218,4,4096,244,64.3127
220,4,4096,244,58.263
222,4,4096,244,61.4324
226,4,4096,244,71.7305
228,4,4096,244,61.1338
230,4,4096,244,60.2961
234,4,4096,244,65.0082
236,4,4096,244,63.9744
238,4,4096,244,68.2149
242,4,4096,244,51.4241
2,4,4096,246,32.9952
4,4,4096,246,58.0123
6,4,4096,246,71.8886
10,4,4096,246,71.5217
12,4,4096,246,82.9271
14,4,4096,246,84.7662
18,4,4096,246,85.7098
20,4,4096,246,91.9152
22,4,4096,246,92.7781
26,4,4096,246,89.6793
28,4,4096,246,99.0553
30,4,4096,246,91.8597
34,4,4096,246,85.0987
36,4,4096,246,100.2843
38,4,4096,246,98.364
42,4,4096,246,100.1636
44,4,4096,246,96.4855
46,4,4096,246,90.7382
50,4,4096,246,90.2706
52,4,4096,246,87.9777
54,4,4096,246,85.9594
58,4,4096,246,88.8224
60,4,4096,246,95.5118
62,4,4096,246,94.3344
66,4,4096,246,91.0971
68,4,4096,246,77.1522
70,4,4096,246,94.3457
74,4,4096,246,95.8501
76,4,4096,246,85.8965
78,4,4096,246,69.9462
82,4,4096,246,78.5215
84,4,4096,246,85.8425
86,4,4096,246,73.9473
90,4,4096,246,89.8699
92,4,4096,246,80.4454
94,4,4096,246,69.5694
98,4,4096,246,79.3539
100,4,4096,246,83.3178
102,4,4096,246,64.5537
106,4,4096,246,76.2283
108,4,4096,246,72.1709
110,4,4096,246,87.1101
114,4,4096,246,65.9112
116,4,4096,246,76.2299
118,4,4096,246,73.4195
122,4,4096,246,78.0403
124,4,4096,246,74.4204
126,4,4096,246,81.01
130,4,4096,246,72.9291
132,4,4096,246,68.1525
134,4,4096,246,80.4838
138,4,4096,246,81.9506
140,4,4096,246,74.3905
142,4,4096,246,77.1867
146,4,4096,246,80.9768
148,4,4096,246,62.7089
150,4,4096,246,80.0088
154,4,4096,246,74.6781
156,4,4096,246,68.8741
158,4,4096,246,77.508
162,4,4096,246,69.1955
164,4,4096,246,63.3845
166,4,4096,246,65.0941
170,4,4096,246,76.9593
172,4,4096,246,73.98
174,4,4096,246,70.9624
178,4,4096,246,80.4087
180,4,4096,246,72.2337
182,4,4096,246,77.1163
186,4,4096,246,65.8952
188,4,4096,246,74.089
190,4,4096,246,71.9384
194,4,4096,246,55.3007
196,4,4096,246,56.1666
198,4,4096,246,61.1148
202,4,4096,246,56.074
204,4,4096,246,63.8583
206,4,4096,246,54.6775
210,4,4096,246,69.7831
212,4,4096,246,64.2668
214,4,4096,246,65.2195
218,4,4096,246,67.0207
220,4,4096,246,61.7349
222,4,4096,246,63.5055
226,4,4096,246,63.8906
228,4,4096,246,63.6708
230,4,4096,246,62.5254
234,4,4096,246,67.4784
236,4,4096,246,72.1023
238,4,4096,246,63.1693
242,4,4096,246,55.0751
244,4,4096,246,52.8827
2,4,4096,250,34.1904
4,4,4096,250,59.7932
6,4,4096,250,75.0357
10,4,4096,250,69.5447
12,4,4096,250,87.3392
14,4,4096,250,92.8227
18,4,4096,250,91.8971
20,4,4096,250,95.2368
22,4,4096,250,95.5092
26,4,4096,250,90.1099
28,4,4096,250,96.1507
30,4,4096,250,97.5205
34,4,4096,250,92.8111
36,4,4096,250,94.7788
38,4,4096,250,91.8028
42,4,4096,250,97.5252
44,4,4096,250,90.4608
46,4,4096,250,82.2207
50,4,4096,250,96.492
52,4,4096,250,94.6055
54,4,4096,250,94.94
58,4,4096,250,90.8066
60,4,4096,250,86.7489
62,4,4096,250,86.2812
66,4,4096,250,87.498
68,4,4096,250,86.025
70,4,4096,250,80.584
74,4,4096,250,89.7397
76,4,4096,250,90.9426
78,4,4096,250,84.3617
82,4,4096,250,71.8449
84,4,4096,250,85.606
86,4,4096,250,80.6646
90,4,4096,250,74.4604
92,4,4096,250,83.6127
94,4,4096,250,85.7185
98,4,4096,250,67.7223
100,4,4096,250,81.202
102,4,4096,250,65.6397
106,4,4096,250,87.4511
108,4,4096,250,74.9194
110,4,4096,250,69.0913
114,4,4096,250,76.0719
116,4,4096,250,76.3396
118,4,4096,250,75.1671
122,4,4096,250,79.5972
124,4,4096,250,76.6116
126,4,4096,250,66.9048
130,4,4096,250,83.3406
132,4,4096,250,73.013
134,4,4096,250,73.5741
138,4,4096,250,81.8355
140,4,4096,250,75.3119
142,4,4096,250,60.7999
146,4,4096,250,74.9447
148,4,4096,250,61.3376
150,4,4096,250,74.475
154,4,4096,250,77.7905
156,4,4096,250,73.3033
158,4,4096,250,67.8365
162,4,4096,250,68.5791
164,4,4096,250,78.2257
166,4,4096,250,55.2591
170,4,4096,250,63.0067
172,4,4096,250,64.4455
174,4,4096,250,75.1751
178,4,4096,250,63.3832
180,4,4096,250,66.5603
182,4,4096,250,72.432
186,4,4096,250,66.933
188,4,4096,250,63.5774
190,4,4096,250,78.9923
194,4,4096,250,59.4721
196,4,4096,250,58.7798
198,4,4096,250,67.0315
202,4,4096,250,55.9516
204,4,4096,250,69.0008
206,4,4096,250,62.9256
210,4,4096,250,60.5436
212,4,4096,250,60.2833
214,4,4096,250,63.0809
218,4,4096,250,62.6511
220,4,4096,250,54.9235
222,4,4096,250,68.4689
226,4,4096,250,64.1293
228,4,4096,250,61.1277
230,4,4096,250,57.7337
234,4,4096,250,53.9688
236,4,4096,250,67.2763
238,4,4096,250,61.8241
242,4,4096,250,58.1142
244,4,4096,250,53.7746
246,4,4096,250,39.9683
2,4,4096,252,30.779
4,4,4096,252,56.3009
6,4,4096,252,74.2116
10,4,4096,252,71.5699
12,4,4096,252,83.1534
14,4,4096,252,73.2251
18,4,4096,252,88.3898
20,4,4096,252,94.3114
22,4,4096,252,95.3524
26,4,4096,252,91.9246
28,4,4096,252,87.336
30,4,4096,252,91.5621
34,4,4096,252,90.4977
36,4,4096,252,96.4804
38,4,4096,252,93.5419
42,4,4096,252,99.2077
44,4,4096,252,89.6338
46,4,4096,252,98.3128
50,4,4096,252,84.2678
52,4,4096,252,93.2444
54,4,4096,252,90.6945
58,4,4096,252,89.8944
60,4,4096,252,77.9144
62,4,4096,252,86.9877
66,4,4096,252,85.9918
68,4,4096,252,87.2415
70,4,4096,252,82.5491
74,4,4096,252,92.1683
76,4,4096,252,87.1584
78,4,4096,252,85.1788
82,4,4096,252,82.4291
84,4,4096,252,70.2998
86,4,4096,252,79.8109
90,4,4096,252,88.4302
92,4,4096,252,81.7845
94,4,4096,252,75.3634
98,4,4096,252,81.8354
100,4,4096,252,77.3626
102,4,4096,252,69.3414
106,4,4096,252,78.1916
108,4,4096,252,71.7706
110,4,4096,252,83.1258
114,4,4096,252,60.0697
116,4,4096,252,78.9067
118,4,4096,252,79.3927
122,4,4096,252,68.7572
124,4,4096,252,78.7676
126,4,4096,252,70.2231
130,4,4096,252,66.8974
132,4,4096,252,74.1201
134,4,4096,252,80.0637
138,4,4096,252,77.8956
140,4,4096,252,81.6301
142,4,4096,252,75.2761
146,4,4096,252,72.0154
148,4,4096,252,77.1415
150,4,4096,252,70.7506
154,4,4096,252,72.8998
156,4,4096,252,71.4949
158,4,4096,252,74.8827
162,4,4096,252,68.4456
164,4,4096,252,76.1463
166,4,4096,252,62.1833
170,4,4096,252,71.9009
172,4,4096,252,57.3609
174,4,4096,252,67.5183
178,4,4096,252,75.3987
180,4,4096,252,68.6247
182,4,4096,252,72.4134
186,4,4096,252,63.6173
188,4,4096,252,73.798
190,4,4096,252,62.3337
194,4,4096,252,67.5884
196,4,4096,252,68.1851
198,4,4096,252,64.5716
202,4,4096,252,57.9189
204,4,4096,252,69.3453
206,4,4096,252,65.4719
210,4,4096,252,60.7469
212,4,4096,252,66.5125
214,4,4096,252,56.6999
218,4,4096,252,64.2945
220,4,4096,252,64.9098
222,4,4096,252,67.7318
226,4,4096,252,57.6523
228,4,4096,252,54.4872
230,4,4096,252,59.9958
234,4,4096,252,57.6458
236,4,4096,252,68.6292
238,4,4096,252,61.4758
242,4,4096,252,55.5787
244,4,4096,252,56.9891
246,4,4096,252,52.9759
250,4,4096,252,60.3693
2,4,4096,254,30.5949
4,4,4096,254,55.4209
6,4,4096,254,70.9824
10,4,4096,254,78.0417
12,4,4096,254,76.8659
14,4,4096,254,89.5628
18,4,4096,254,88.4189
20,4,4096,254,89.5163
22,4,4096,254,97.9472
26,4,4096,254,92.7236
28,4,4096,254,96.9468
30,4,4096,254,93.6986
34,4,4096,254,93.9867
36,4,4096,254,82.5221
38,4,4096,254,100.6951
42,4,4096,254,95.5232
44,4,4096,254,96.5297
46,4,4096,254,97.9626
50,4,4096,254,90.3911
52,4,4096,254,91.9494
54,4,4096,254,75.8
58,4,4096,254,88.3853
60,4,4096,254,85.4991
62,4,4096,254,87.1341
66,4,4096,254,79.8767
68,4,4096,254,81.2673
70,4,4096,254,89.2218
74,4,4096,254,84.493
76,4,4096,254,80.9851
78,4,4096,254,84.9701
82,4,4096,254,72.5331
84,4,4096,254,78.0429
86,4,4096,254,87.1948
90,4,4096,254,81.4275
92,4,4096,254,70.7503
94,4,4096,254,86.4643
98,4,4096,254,68.9474
100,4,4096,254,81.5637
102,4,4096,254,73.5424
106,4,4096,254,80.5638
108,4,4096,254,81.9149
110,4,4096,254,79.7523
114,4,4096,254,67.5443
116,4,4096,254,81.1105
118,4,4096,254,74.5363
122,4,4096,254,79.6831
124,4,4096,254,67.2573
126,4,4096,254,72.7189
130,4,4096,254,67.4292
132,4,4096,254,78.3566
134,4,4096,254,69.441
138,4,4096,254,81.0469
140,4,4096,254,72.5604
142,4,4096,254,70.3445
146,4,4096,254,76.0408
148,4,4096,254,77.0839
150,4,4096,254,76.4177
154,4,4096,254,79.9669
156,4,4096,254,65.1438
158,4,4096,254,75.2501
162,4,4096,254,68.6621
164,4,4096,254,77.1984
166,4,4096,254,77.9087
170,4,4096,254,62.0618
172,4,4096,254,68.1859
174,4,4096,254,71.6452
178,4,4096,254,56.0301
180,4,4096,254,75.13
182,4,4096,254,74.3387
186,4,4096,254,64.8872
188,4,4096,254,69.3872
190,4,4096,254,75.7423
194,4,4096,254,60.8463
196,4,4096,254,59.9282
198,4,4096,254,70.2765
202,4,4096,254,58.6807
204,4,4096,254,65.4885
206,4,4096,254,71.1069
210,4,4096,254,51.1917
212,4,4096,254,63.4174
214,4,4096,254,61.679
218,4,4096,254,69.2236
220,4,4096,254,62.2231
222,4,4096,254,62.4936
226,4,4096,254,62.1285
228,4,4096,254,67.5875
230,4,4096,254,65.6184
234,4,4096,254,59.8655
236,4,4096,254,59.2344
238,4,4096,254,52.809
242,4,4096,254,57.5058
244,4,4096,254,53.9953
246,4,4096,254,52.4832
250,4,4096,254,51.2061
252,4,4096,254,58.0271
2,4,4096,258,32.8002
4,4,4096,258,59.3298
6,4,4096,258,75.0641
10,4,4096,258,70.3892
12,4,4096,258,85.4734
14,4,4096,258,93.6246
18,4,4096,258,90.7145
20,4,4096,258,89.9134
22,4,4096,258,94.6128
26,4,4096,258,87.1511
28,4,4096,258,85.0134
30,4,4096,258,94.6742
34,4,4096,258,83.14
36,4,4096,258,91.6516
38,4,4096,258,85.0798
42,4,4096,258,91.7402
44,4,4096,258,90.0548
46,4,4096,258,87.5627
50,4,4096,258,88.0469
52,4,4096,258,79.7836
54,4,4096,258,85.6074
58,4,4096,258,86.6241
60,4,4096,258,78.6086
62,4,4096,258,94.1497
66,4,4096,258,87.3222
68,4,4096,258,87.0445
70,4,4096,258,90.4543
74,4,4096,258,87.6311
76,4,4096,258,74.3571
78,4,4096,258,72.3908
82,4,4096,258,85.6793
84,4,4096,258,82.0655
86,4,4096,258,76.662
90,4,4096,258,83.8051
92,4,4096,258,73.2538
94,4,4096,258,73.2622
98,4,4096,258,86.7416
100,4,4096,258,85.0463
102,4,4096,258,77.5091
106,4,4096,258,73.7798
108,4,4096,258,81.767
110,4,4096,258,81.2403
114,4,4096,258,73.2539
116,4,4096,258,82.7776
118,4,4096,258,64.2476
122,4,4096,258,74.3642
124,4,4096,258,68.5376
126,4,4096,258,68.9908
130,4,4096,258,78.8071
132,4,4096,258,78.2629
134,4,4096,258,75.7649
138,4,4096,258,71.0995
140,4,4096,258,68.2336
142,4,4096,258,71.6253
146,4,4096,258,76.9699
148,4,4096,258,79.3824
150,4,4096,258,72.9396
154,4,4096,258,69.8282
156,4,4096,258,76.0075
158,4,4096,258,67.5073
162,4,4096,258,79.4096
164,4,4096,258,63.605
166,4,4096,258,71.2647
170,4,4096,258,67.787
172,4,4096,258,67.3685
174,4,4096,258,78.3907
178,4,4096,258,62.8705
180,4,4096,258,73.7995
182,4,4096,258,59.5689
186,4,4096,258,67.619
188,4,4096,258,72.3684
190,4,4096,258,68.4661
194,4,4096,258,70.4459
196,4,4096,258,53.8042
198,4,4096,258,57.03
202,4,4096,258,63.338
204,4,4096,258,59.8778
206,4,4096,258,63.7294
210,4,4096,258,62.2107
212,4,4096,258,64.6375
214,4,4096,258,64.276
218,4,4096,258,59.4703
220,4,4096,258,56.2852
222,4,4096,258,52.8991
226,4,4096,258,54.7814
228,4,4096,258,65.3059
230,4,4096,258,56.0881
234,4,4096,258,53.5726
236,4,4096,258,60.6102
238,4,4096,258,53.2201
242,4,4096,258,56.3991
244,4,4096,258,57.4582
246,4,4096,258,48.9148
250,4,4096,258,51.5286
252,4,4096,258,56.1247
254,4,4096,258,56.5459
2,4,4096,260,33.0606
4,4,4096,260,56.8483
6,4,4096,260,74.6153
10,4,4096,260,72.4212
12,4,4096,260,87.4783
14,4,4096,260,82.4119
18,4,4096,260,88.5169
20,4,4096,260,83.4716
22,4,4096,260,92.4783
26,4,4096,260,85.0887
28,4,4096,260,90.2498
30,4,4096,260,85.3232
34,4,4096,260,89.0615
36,4,4096,260,91.7554
38,4,4096,260,84.9771
42,4,4096,260,99.1826
44,4,4096,260,99.6853
46,4,4096,260,97.3504
50,4,4096,260,91.3796
52,4,4096,260,85.3009
54,4,4096,260,84.6506
58,4,4096,260,84.4279
60,4,4096,260,84.8465
62,4,4096,260,88.2855
66,4,4096,260,83.5633
68,4,4096,260,82.7828
70,4,4096,260,85.2835
74,4,4096,260,78.7355
76,4,4096,260,89.2919
78,4,4096,260,75.316
82,4,4096,260,81.8855
84,4,4096,260,82.8154
86,4,4096,260,76.42
90,4,4096,260,75.2569
92,4,4096,260,83.7989
94,4,4096,260,80.489
98,4,4096,260,81.672
100,4,4096,260,78.8792
102,4,4096,260,81.7343
106,4,4096,260,72.8774
108,4,4096,260,82.1984
110,4,4096,260,81.8429
114,4,4096,260,66.42
116,4,4096,260,80.8344
118,4,4096,260,71.623
122,4,4096,260,66.192
124,4,4096,260,84.2268
126,4,4096,260,78.6298
130,4,4096,260,72.2566
132,4,4096,260,73.0073
134,4,4096,260,71.6674
138,4,4096,260,69.5498
140,4,4096,260,84.0009
142,4,4096,260,84.7177
146,4,4096,260,75.3753
148,4,4096,260,73.6842
150,4,4096,260,81.3109
154,4,4096,260,72.0046
156,4,4096,260,77.5318
158,4,4096,260,72.9541
162,4,4096,260,72.6217
164,4,4096,260,70.9846
166,4,4096,260,67.401
170,4,4096,260,64.4254
172,4,4096,260,76.0915
174,4,4096,260,69.508
178,4,4096,260,67.311
180,4,4096,260,69.0883
182,4,4096,260,76.8975
186,4,4096,260,60.9139
188,4,4096,260,66.142
190,4,4096,260,65.7653
194,4,4096,260,61.3982
196,4,4096,260,59.2242
198,4,4096,260,61.4316
202,4,4096,260,68.5086
204,4,4096,260,64.6278
206,4,4096,260,62.049
210,4,4096,260,55.5022
212,4,4096,260,55.7951
214,4,4096,260,61.9744
218,4,4096,260,59.9031
220,4,4096,260,53.3191
222,4,4096,260,62.3207
226,4,4096,260,59.7415
228,4,4096,260,66.9199
230,4,4096,260,56.9225
234,4,4096,260,52.7768
236,4,4096,260,60.4744
238,4,4096,260,64.6352
242,4,4096,260,61.6162
244,4,4096,260,62.7956
246,4,4096,260,52.6081
250,4,4096,260,56.2664
252,4,4096,260,59.981
254,4,4096,260,60.444
258,4,4096,260,63.5013
2,4,4096,262,33.5793
4,4,4096,262,57.6921
6,4,4096,262,72.5521
10,4,4096,262,72.0567
12,4,4096,262,87.686
14,4,4096,262,82.8293
18,4,4096,262,86.8826
20,4,4096,262,82.5858
22,4,4096,262,87.2992
26,4,4096,262,88.9417
28,4,4096,262,81.4408
30,4,4096,262,89.5987
34,4,4096,262,91.8812
36,4,4096,262,85.6388
38,4,4096,262,89.1851
42,4,4096,262,83.6925
44,4,4096,262,89.9727
46,4,4096,262,100.2949
50,4,4096,262,86.3296
52,4,4096,262,92.4097
54,4,4096,262,95.0219
58,4,4096,262,91.4885
60,4,4096,262,83.5106
62,4,4096,262,76.7272
66,4,4096,262,84.5936
68,4,4096,262,86.2003
70,4,4096,262,86.2614
74,4,4096,262,73.6172
76,4,4096,262,90.8227
78,4,4096,262,78.2382
82,4,4096,262,70.769
84,4,4096,262,80.6575
86,4,4096,262,74.7088
90,4,4096,262,71.9426
92,4,4096,262,86.1766
94,4,4096,262,68.8116
98,4,4096,262,80.5195
100,4,4096,262,81.6138
102,4,4096,262,70.3619
106,4,4096,262,79.1903
108,4,4096,262,67.3342
110,4,4096,262,68.9383
114,4,4096,262,64.0885
116,4,4096,262,79.8841
118,4,4096,262,63.5919
122,4,4096,262,74.7428
124,4,4096,262,66.3453
126,4,4096,262,64.2277
130,4,4096,262,79.4461
132,4,4096,262,71.365
134,4,4096,262,72.8397
138,4,4096,262,70.0259
140,4,4096,262,63.6131
142,4,4096,262,77.1223
146,4,4096,262,77.1352
148,4,4096,262,58.9382
150,4,4096,262,79.9405
154,4,4096,262,59.925
156,4,4096,262,76.1217
158,4,4096,262,78.1743
162,4,4096,262,62.3319
164,4,4096,262,70.9508
166,4,4096,262,60.6195
170,4,4096,262,65.1309
172,4,4096,262,73.6493
174,4,4096,262,68.7832
178,4,4096,262,75.6192
180,4,4096,262,73.5981
182,4,4096,262,69.8776
186,4,4096,262,71.7321
188,4,4096,262,63.8202
190,4,4096,262,65.1917
194,4,4096,262,70.2366
196,4,4096,262,66.9487
198,4,4096,262,66.8796
202,4,4096,262,63.2291
204,4,4096,262,61.0605
206,4,4096,262,69.0397
210,4,4096,262,66.9488
212,4,4096,262,63.423
214,4,4096,262,55.0657
218,4,4096,262,51.7706
220,4,4096,262,55.4354
222,4,4096,262,53.8222
226,4,4096,262,65.9072
228,4,4096,262,67.2509
230,4,4096,262,64.1967
234,4,4096,262,60.6912
236,4,4096,262,53.5116
238,4,4096,262,63.9284
242,4,4096,262,61.2304
244,4,4096,262,59.9291
246,4,4096,262,60.437
250,4,4096,262,57.6612
252,4,4096,262,53.3887
254,4,4096,262,60.0611
258,4,4096,262,68.141
260,4,4096,262,58.6293
2,4,4096,266,33.877
4,4,4096,266,59.2186
6,4,4096,266,77.1356
10,4,4096,266,70.2828
12,4,4096,266,86.6573
14,4,4096,266,89.5422
18,4,4096,266,92.069
20,4,4096,266,94.8966
22,4,4096,266,92.8578
26,4,4096,266,89.7787
28,4,4096,266,79.6238
30,4,4096,266,94.7562
34,4,4096,266,90.5746
36,4,4096,266,90.9196
38,4,4096,266,99.0785
42,4,4096,266,96.357
44,4,4096,266,101.4728
46,4,4096,266,85.6964
50,4,4096,266,85.03
52,4,4096,266,78.9569
54,4,4096,266,89.2854
58,4,4096,266,87.1032
60,4,4096,266,85.6302
62,4,4096,266,74.6528
66,4,4096,266,87.8166
68,4,4096,266,85.0736
70,4,4096,266,92.5038
74,4,4096,266,91.1643
76,4,4096,266,78.1732
78,4,4096,266,74.3845
82,4,4096,266,84.475
84,4,4096,266,84.3985
86,4,4096,266,79.3942
90,4,4096,266,79.7653
92,4,4096,266,66.9809
94,4,4096,266,85.1687
98,4,4096,266,75.8883
100,4,4096,266,79.5099
102,4,4096,266,78.3883
106,4,4096,266,72.0797
108,4,4096,266,77.3815
110,4,4096,266,70.3879
114,4,4096,266,82.3732
116,4,4096,266,71.1622
118,4,4096,266,80.2959
122,4,4096,266,80.7888
124,4,4096,266,74.9882
126,4,4096,266,70.5771
130,4,4096,266,73.3491
132,4,4096,266,76.2546
134,4,4096,266,62.5833
138,4,4096,266,69.8854
140,4,4096,266,81.5829
142,4,4096,266,69.2285
146,4,4096,266,78.441
148,4,4096,266,66.1228
150,4,4096,266,72.1621
154,4,4096,266,63.382
156,4,4096,266,65.4963
158,4,4096,266,60.8727
162,4,4096,266,69.3301
164,4,4096,266,72.719
166,4,4096,266,61.7437
170,4,4096,266,73.0518
172,4,4096,266,78.6587
174,4,4096,266,73.3627
178,4,4096,266,65.5163
180,4,4096,266,61.609
182,4,4096,266,70.7119
186,4,4096,266,73.0828
188,4,4096,266,61.7056
190,4,4096,266,72.797
194,4,4096,266,68.933
196,4,4096,266,58.2618
198,4,4096,266,57.0814
202,4,4096,266,63.7778
204,4,4096,266,52.338
206,4,4096,266,56.7592
210,4,4096,266,64.5388
212,4,4096,266,59.6062
214,4,4096,266,65.8952
218,4,4096,266,57.3128
220,4,4096,266,64.4523
222,4,4096,266,67.5549
226,4,4096,266,63.5533
228,4,4096,266,64.7284
230,4,4096,266,64.9538
234,4,4096,266,69.0671
236,4,4096,266,67.8168
238,4,4096,266,61.9243
242,4,4096,266,54.6429
244,4,4096,266,54.6562
246,4,4096,266,61.3565
250,4,4096,266,69.7977
252,4,4096,266,59.4657
254,4,4096,266,57.3844
258,4,4096,266,54.1215
260,4,4096,266,59.4984
262,4,4096,266,63.0862
2,4,4096,268,33.8721
4,4,4096,268,59.2553
6,4,4096,268,73.7389
10,4,4096,268,69.6559
12,4,4096,268,87.1581
14,4,4096,268,79.4329
18,4,4096,268,94.413
20,4,4096,268,97.183
22,4,4096,268,96.9447
26,4,4096,268,89.1824
28,4,4096,268,84.875
30,4,4096,268,96.2689
34,4,4096,268,94.3689
36,4,4096,268,96.5769
38,4,4096,268,96.9763
42,4,4096,268,94.9195
44,4,4096,268,98.1288
46,4,4096,268,81.7959
50,4,4096,268,91.4136
52,4,4096,268,87.5943
54,4,4096,268,81.2007
58,4,4096,268,86.4572
60,4,4096,268,75.8477
62,4,4096,268,79.6173
66,4,4096,268,88.7075
68,4,4096,268,88.2993
70,4,4096,268,88.9709
74,4,4096,268,80.0703
76,4,4096,268,85.498
78,4,4096,268,81.3357
82,4,4096,268,75.4421
84,4,4096,268,81.7476
86,4,4096,268,70.5452
90,4,4096,268,86.696
92,4,4096,268,84.0581
94,4,4096,268,81.4359
98,4,4096,268,71.0232
100,4,4096,268,78.4409
102,4,4096,268,75.1254
106,4,4096,268,70.1679
108,4,4096,268,74.7836
110,4,4096,268,86.0078
114,4,4096,268,65.8995
116,4,4096,268,82.3784
118,4,4096,268,81.3478
122,4,4096,268,75.3218
124,4,4096,268,75.2151
126,4,4096,268,80.824
130,4,4096,268,68.5468
132,4,4096,268,79.409
134,4,4096,268,75.0266
138,4,4096,268,66.5941
140,4,4096,268,81.0749
142,4,4096,268,67.1964
146,4,4096,268,80.8339
148,4,4096,268,80.3265
150,4,4096,268,60.999
154,4,4096,268,71.8481
156,4,4096,268,71.2733
158,4,4096,268,78.0391
162,4,4096,268,71.5812
164,4,4096,268,73.2115
166,4,4096,268,67.9981
170,4,4096,268,61.0296
172,4,4096,268,61.422
174,4,4096,268,71.6614
178,4,4096,268,74.52
180,4,4096,268,69.8872
182,4,4096,268,61.5898
186,4,4096,268,59.4493
188,4,4096,268,62.0999
190,4,4096,268,68.0418
194,4,4096,268,55.9325
196,4,4096,268,60.9375
198,4,4096,268,59.8738
202,4,4096,268,65.0263
204,4,4096,268,69.4775
206,4,4096,268,68.6914
210,4,4096,268,54.8861
212,4,4096,268,65.5624
214,4,4096,268,65.8282
218,4,4096,268,66.8308
220,4,4096,268,65.0159
222,4,4096,268,64.0848
226,4,4096,268,64.1084
228,4,4096,268,64.782
230,4,4096,268,63.6268
234,4,4096,268,63.2547
236,4,4096,268,60.7459
238,4,4096,268,62.176
242,4,4096,268,61.5297
244,4,4096,268,61.1636
246,4,4096,268,55.635
250,4,4096,268,57.0473
252,4,4096,268,65.0125
254,4,4096,268,65.5392
258,4,4096,268,64.972
260,4,4096,268,53.5097
262,4,4096,268,62.6447
266,4,4096,268,59.3597
2,4,4096,270,34.0364
4,4,4096,270,59.2088
6,4,4096,270,68.122
10,4,4096,270,80.2896
12,4,4096,270,82.9359
14,4,4096,270,92.577
18,4,4096,270,87.6968
20,4,4096,270,94.7154
22,4,4096,270,87.43
26,4,4096,270,91.1493
28,4,4096,270,87.4339
30,4,4096,270,95.6658
34,4,4096,270,91.8435
36,4,4096,270,94.3995
38,4,4096,270,92.4714
42,4,4096,270,87.473
44,4,4096,270,95.1296
46,4,4096,270,87.2294
50,4,4096,270,85.5576
52,4,4096,270,89.1148
54,4,4096,270,85.7318
58,4,4096,270,83.2391
60,4,4096,270,78.479
62,4,4096,270,90.6514
66,4,4096,270,83.7728
68,4,4096,270,81.2901
70,4,4096,270,83.0001
74,4,4096,270,76.1447
76,4,4096,270,81.6377
78,4,4096,270,88.0842
82,4,4096,270,77.349
84,4,4096,270,73.9265
86,4,4096,270,83.5461
90,4,4096,270,75.2989
92,4,4096,270,78.0864
94,4,4096,270,79.2358
98,4,4096,270,73.4884
100,4,4096,270,78.5713
102,4,4096,270,64.4837
106,4,4096,270,80.8521
108,4,4096,270,63.1642
110,4,4096,270,80.6462
114,4,4096,270,65.0753
116,4,4096,270,72.8403
118,4,4096,270,64.7535
122,4,4096,270,72.5214
124,4,4096,270,64.696
126,4,4096,270,77.3408
130,4,4096,270,60.2401
132,4,4096,270,71.2647
134,4,4096,270,66.0815
138,4,4096,270,67.948
140,4,4096,270,75.5326
142,4,4096,270,66.5657
146,4,4096,270,77.3613
148,4,4096,270,61.7115
150,4,4096,270,72.567
154,4,4096,270,75.4599
156,4,4096,270,72.0808
158,4,4096,270,77.0814
162,4,4096,270,62.2896
164,4,4096,270,65.2075
166,4,4096,270,71.2447
170,4,4096,270,79.3709
172,4,4096,270,70.5931
174,4,4096,270,77.7034
178,4,4096,270,69.4856
180,4,4096,270,72.9522
182,4,4096,270,56.8776
186,4,4096,270,69.2445
188,4,4096,270,76.4972
190,4,4096,270,62.288
194,4,4096,270,61.7079
196,4,4096,270,61.7193
198,4,4096,270,62.9648
202,4,4096,270,67.2867
204,4,4096,270,66.1173
206,4,4096,270,63.4257
210,4,4096,270,65.8587
212,4,4096,270,60.1684
214,4,4096,270,66.8392
218,4,4096,270,63.9806
220,4,4096,270,64.3764
222,4,4096,270,66.3241
226,4,4096,270,66.4118
228,4,4096,270,53.0097
230,4,4096,270,56.3806
234,4,4096,270,63.7101
236,4,4096,270,66.6912
238,4,4096,270,59.915
242,4,4096,270,61.514
244,4,4096,270,59.7152
246,4,4096,270,60.3629
250,4,4096,270,56.8175
252,4,4096,270,59.5113
254,4,4096,270,58.4205
258,4,4096,270,62.8584
260,4,4096,270,64.8263
262,4,4096,270,62.7723
266,4,4096,270,56.3427
268,4,4096,270,50.2121
2,4,4096,274,33.8861
4,4,4096,274,59.7335
6,4,4096,274,81.0938
10,4,4096,274,69.4154
12,4,4096,274,89.065
14,4,4096,274,85.2162
18,4,4096,274,91.7116
20,4,4096,274,94.3607
22,4,4096,274,92.0372
26,4,4096,274,85.993
28,4,4096,274,92.1724
30,4,4096,274,84.6207
34,4,4096,274,88.4976
36,4,4096,274,94.9079
38,4,4096,274,89.8523
42,4,4096,274,95.1781
44,4,4096,274,81.1398
46,4,4096,274,93.0365
50,4,4096,274,77.8033
52,4,4096,274,91.4239
54,4,4096,274,87.4244
58,4,4096,274,86.4037
60,4,4096,274,83.4497
62,4,4096,274,76.0535
66,4,4096,274,92.6715
68,4,4096,274,89.0617
70,4,4096,274,77.282
74,4,4096,274,75.9163
76,4,4096,274,84.4028
78,4,4096,274,75.5434
82,4,4096,274,78.2974
84,4,4096,274,84.8191
86,4,4096,274,78.1552
90,4,4096,274,69.5099
92,4,4096,274,81.0476
94,4,4096,274,77.6831
98,4,4096,274,85.5481
100,4,4096,274,81.9203
102,4,4096,274,73.9658
106,4,4096,274,83.2307
108,4,4096,274,75.8268
110,4,4096,274,72.5491
114,4,4096,274,75.9646
116,4,4096,274,82.8616
118,4,4096,274,76.3044
122,4,4096,274,82.5034
124,4,4096,274,74.3637
126,4,4096,274,76.7704
130,4,4096,274,68.7888
132,4,4096,274,78.7667
134,4,4096,274,73.1564
138,4,4096,274,80.4075
140,4,4096,274,63.782
142,4,4096,274,74.2552
146,4,4096,274,66.3301
148,4,4096,274,74.0933
150,4,4096,274,67.0127
154,4,4096,274,71.3419
156,4,4096,274,65.1608
158,4,4096,274,78.3296
162,4,4096,274,68.1289
164,4,4096,274,65.6897
166,4,4096,274,78.2471
170,4,4096,274,65.2952
172,4,4096,274,69.0745
174,4,4096,274,66.9062
178,4,4096,274,75.7806
180,4,4096,274,66.7234
182,4,4096,274,69.6652
186,4,4096,274,78.8458
188,4,4096,274,63.8612
190,4,4096,274,74.0047
194,4,4096,274,67.9075
196,4,4096,274,70.671
198,4,4096,274,66.0263
202,4,4096,274,60.0948
204,4,4096,274,62.3244
206,4,4096,274,56.1389
210,4,4096,274,64.4745
212,4,4096,274,64.1936
214,4,4096,274,63.5259
218,4,4096,274,64.7527
220,4,4096,274,66.6566
222,4,4096,274,66.1904
226,4,4096,274,64.9793
228,4,4096,274,65.8365
230,4,4096,274,66.493
234,4,4096,274,51.1862
236,4,4096,274,64.6869
238,4,4096,274,63.1571
242,4,4096,274,64.7951
244,4,4096,274,62.9441
246,4,4096,274,60.3203
250,4,4096,274,61.5681
252,4,4096,274,56.8062
254,4,4096,274,65.5521
258,4,4096,274,64.3246
260,4,4096,274,62.6441
262,4,4096,274,66.8182
266,4,4096,274,53.8006
268,4,4096,274,60.0553
270,4,4096,274,52.7538
2,4,4096,276,33.4465
4,4,4096,276,60.0117
6,4,4096,276,72.1679
10,4,4096,276,73.5065
12,4,4096,276,87.5975
14,4,4096,276,80.7238
18,4,4096,276,83.2999
20,4,4096,276,86.0875
22,4,4096,276,91.2299
26,4,4096,276,96.4845
28,4,4096,276,92.5714
30,4,4096,276,99.041
34,4,4096,276,84.4929
36,4,4096,276,91.7148
38,4,4096,276,100.8794
42,4,4096,276,93.3923
44,4,4096,276,101.0489
46,4,4096,276,92.3156
50,4,4096,276,96.2326
52,4,4096,276,84.0306
54,4,4096,276,90.0061
58,4,4096,276,86.7032
60,4,4096,276,87.4801
62,4,4096,276,77.0556
66,4,4096,276,88.2512
68,4,4096,276,84.8008
70,4,4096,276,76.7217
74,4,4096,276,90.9707
76,4,4096,276,91.1127
78,4,4096,276,83.4816
82,4,4096,276,79.147
84,4,4096,276,83.0597
86,4,4096,276,76.3353
90,4,4096,276,81.7172
92,4,4096,276,78.5528
94,4,4096,276,73.9359
98,4,4096,276,86.0365
100,4,4096,276,85.963
102,4,4096,276,66.8289
106,4,4096,276,75.0344
108,4,4096,276,69.1973
110,4,4096,276,71.362
114,4,4096,276,75.6718
116,4,4096,276,81.7593
118,4,4096,276,71.5616
122,4,4096,276,82.3805
124,4,4096,276,77.4906
126,4,4096,276,78.0105
130,4,4096,276,72.5267
132,4,4096,276,65.7011
134,4,4096,276,63.751
138,4,4096,276,67.5502
140,4,4096,276,75.0707
142,4,4096,276,75.6414
146,4,4096,276,71.4459
148,4,4096,276,69.9128
150,4,4096,276,75.9979
154,4,4096,276,68.2215
156,4,4096,276,80.4692
158,4,4096,276,74.5564
162,4,4096,276,66.0388
164,4,4096,276,78.9374
166,4,4096,276,65.2593
170,4,4096,276,80.3644
172,4,4096,276,71.4415
174,4,4096,276,72.9987
178,4,4096,276,63.0655
180,4,4096,276,71.9066
182,4,4096,276,67.3677
186,4,4096,276,68.4009
188,4,4096,276,74.3773
190,4,4096,276,76.845
194,4,4096,276,68.4961
196,4,4096,276,67.0573
198,4,4096,276,63.6011
202,4,4096,276,59.2265
204,4,4096,276,66.3441
206,4,4096,276,66.0579
210,4,4096,276,68.6937
212,4,4096,276,57.3205
214,4,4096,276,56.967
218,4,4096,276,66.2112
220,4,4096,276,58.3437
222,4,4096,276,61.364
226,4,4096,276,65.712
228,4,4096,276,64.903
230,4,4096,276,63.0878
234,4,4096,276,63.7234
236,4,4096,276,67.6256
238,4,4096,276,62.784
242,4,4096,276,64.6276
244,4,4096,276,55.5169
246,4,4096,276,66.819
250,4,4096,276,62.2142
252,4,4096,276,61.0139
254,4,4096,276,62.2325
258,4,4096,276,56.7591
260,4,4096,276,55.3619
262,4,4096,276,51.7467
266,4,4096,276,48.6007
268,4,4096,276,54.335
270,4,4096,276,55.0888
274,4,4096,276,58.5171
2,4,4096,278,34.0881
4,4,4096,278,55.2072
6,4,4096,278,75.0694
10,4,4096,278,72.7246
12,4,4096,278,86.7127
14,4,4096,278,92.975
18,4,4096,278,93.114
20,4,4096,278,91.1694
22,4,4096,278,98.1204
26,4,4096,278,85.7601
28,4,4096,278,88.9209
30,4,4096,278,96.2706
34,4,4096,278,85.0638
36,4,4096,278,87.5953
38,4,4096,278,91.6692
42,4,4096,278,85.24
44,4,4096,278,88.793
46,4,4096,278,93.4365
50,4,4096,278,85.1177
52,4,4096,278,88.4985
54,4,4096,278,79.8905
58,4,4096,278,93.8894
60,4,4096,278,91.48
62,4,4096,278,92.1238
66,4,4096,278,91.5355
68,4,4096,278,88.1536
70,4,4096,278,72.2874
74,4,4096,278,75.1409
76,4,4096,278,78.7911
78,4,4096,278,85.4356
82,4,4096,278,72.3492
84,4,4096,278,88.2537
86,4,4096,278,72.3806
90,4,4096,278,79.9443
92,4,4096,278,80.8242
94,4,4096,278,82.3454
98,4,4096,278,77.8559
100,4,4096,278,75.3001
102,4,4096,278,81.809
106,4,4096,278,82.3514
108,4,4096,278,62.2909
110,4,4096,278,79.0791
114,4,4096,278,72.561
116,4,4096,278,77.4449
118,4,4096,278,69.4805
122,4,4096,278,82.1254
124,4,4096,278,66.867
126,4,4096,278,77.3695
130,4,4096,278,76.9991
132,4,4096,278,80.7698
134,4,4096,278,65.3556
138,4,4096,278,79.4502
140,4,4096,278,69.5417
142,4,4096,278,78.8831
146,4,4096,278,75.3479
148,4,4096,278,67.0028
150,4,4096,278,81.3125
154,4,4096,278,66.2552
156,4,4096,278,72.8183
158,4,4096,278,81.5665
162,4,4096,278,74.5557
164,4,4096,278,64.6261
166,4,4096,278,70.6618
170,4,4096,278,74.9586
172,4,4096,278,69.6954
174,4,4096,278,74.172
178,4,4096,278,66.374
180,4,4096,278,66.8035
182,4,4096,278,60.6045
186,4,4096,278,71.6954
188,4,4096,278,67.2229
190,4,4096,278,69.337
194,4,4096,278,66.2546
196,4,4096,278,69.0978
198,4,4096,278,68.8803
202,4,4096,278,58.0487
204,4,4096,278,62.7044
206,4,4096,278,62.5269
210,4,4096,278,69.4601
212,4,4096,278,65.8044
214,4,4096,278,56.5207
218,4,4096,278,57.336
220,4,4096,278,51.3632
222,4,4096,278,65.5153
226,4,4096,278,56.1587
228,4,4096,278,52.8754
230,4,4096,278,57.4826
234,4,4096,278,53.2043
236,4,4096,278,64.0076
238,4,4096,278,64.043
242,4,4096,278,54.7371
244,4,4096,278,62.6691
246,4,4096,278,51.695
250,4,4096,278,61.6697
252,4,4096,278,64.3695
254,4,4096,278,63.0705
258,4,4096,278,63.0596
260,4,4096,278,56.9589
262,4,4096,278,61.4752
266,4,4096,278,58.0231
268,4,4096,278,56.8748
270,4,4096,278,56.2292
274,4,4096,278,58.4777
276,4,4096,278,54.3215
2,4,4096,282,31.048
4,4,4096,282,50.8337
6,4,4096,282,80.7722
10,4,4096,282,72.6076
12,4,4096,282,87.8797
14,4,4096,282,91.7823
18,4,4096,282,87.751
20,4,4096,282,88.6206
22,4,4096,282,98.6536
26,4,4096,282,94.7771
28,4,4096,282,96.9564
30,4,4096,282,93.4594
34,4,4096,282,90.7457
36,4,4096,282,85.0923
38,4,4096,282,95.3749
42,4,4096,282,94.108
44,4,4096,282,86.9298
46,4,4096,282,92.7937
50,4,4096,282,93.0621
52,4,4096,282,91.291
54,4,4096,282,84.0859
58,4,4096,282,82.5224
60,4,4096,282,79.0338
62,4,4096,282,92.3694
66,4,4096,282,87.7692
68,4,4096,282,91.0544
70,4,4096,282,89.0967
74,4,4096,282,83.2759
76,4,4096,282,71.6977
78,4,4096,282,84.7506
82,4,4096,282,82.0902
84,4,4096,282,80.9561
86,4,4096,282,83.4305
90,4,4096,282,72.4506
92,4,4096,282,67.0838
94,4,4096,282,84.9773
98,4,4096,282,83.78
100,4,4096,282,79.4077
102,4,4096,282,75.7952
106,4,4096,282,73.2764
108,4,4096,282,81.8482
110,4,4096,282,75.4673
114,4,4096,282,80.8068
116,4,4096,282,69.3089
118,4,4096,282,70.2947
122,4,4096,282,65.8991
124,4,4096,282,77.3766
126,4,4096,282,77.7999
130,4,4096,282,80.1044
132,4,4096,282,68.1966
134,4,4096,282,66.5183
138,4,4096,282,65.119
140,4,4096,282,68.26
142,4,4096,282,76.6981
146,4,4096,282,68.764
148,4,4096,282,77.2618
150,4,4096,282,73.9883
154,4,4096,282,74.0505
156,4,4096,282,65.1234
158,4,4096,282,75.9498
162,4,4096,282,63.8775
164,4,4096,282,68.7424
166,4,4096,282,59.61
170,4,4096,282,80.4524
172,4,4096,282,72.3945
174,4,4096,282,66.8843
178,4,4096,282,70.9575
180,4,4096,282,61.3123
182,4,4096,282,71.4224
186,4,4096,282,73.8787
188,4,4096,282,70.5884
190,4,4096,282,74.3044
194,4,4096,282,58.7649
196,4,4096,282,62.8194
198,4,4096,282,67.8987
202,4,4096,282,59.9096
204,4,4096,282,68.109
206,4,4096,282,58.343
210,4,4096,282,65.5307
212,4,4096,282,69.6489
214,4,4096,282,56.1691
218,4,4096,282,59.2733
220,4,4096,282,60.4726
222,4,4096,282,61.126
226,4,4096,282,62.2713
228,4,4096,282,67.1235
230,4,4096,282,63.3039
234,4,4096,282,59.5681
236,4,4096,282,64.6169
238,4,4096,282,66.3267
242,4,4096,282,49.302
244,4,4096,282,62.6843
246,4,4096,282,65.7679
250,4,4096,282,61.6089
252,4,4096,282,63.0181
254,4,4096,282,60.0645
258,4,4096,282,63.2887
260,4,4096,282,63.8963
262,4,4096,282,61.4387
266,4,4096,282,59.3384
268,4,4096,282,57.9298
270,4,4096,282,49.6439
274,4,4096,282,51.4753
276,4,4096,282,43.0828
278,4,4096,282,54.5539
2,4,4096,284,34.4598
4,4,4096,284,56.253
6,4,4096,284,78.2555
10,4,4096,284,70.3145
12,4,4096,284,88.5557
14,4,4096,284,86.6473
18,4,4096,284,81.9665
20,4,4096,284,84.946
22,4,4096,284,98.3342
26,4,4096,284,92.2625
28,4,4096,284,94.9984
30,4,4096,284,96.5303
34,4,4096,284,93.108
36,4,4096,284,97.9273
38,4,4096,284,93.8452
42,4,4096,284,95.5838
44,4,4096,284,87.1284
46,4,4096,284,96.4101
50,4,4096,284,83.0168
52,4,4096,284,88.7824
54,4,4096,284,86.4211
58,4,4096,284,86.7616
60,4,4096,284,78.1993
62,4,4096,284,90.1351
66,4,4096,284,87.3834
68,4,4096,284,76.3346
70,4,4096,284,87.8528
74,4,4096,284,90.074
76,4,4096,284,91.8021
78,4,4096,284,83.0934
82,4,4096,284,71.3078
84,4,4096,284,68.6078
86,4,4096,284,86.3103
90,4,4096,284,82.2051
92,4,4096,284,80.6452
94,4,4096,284,67.0078
98,4,4096,284,88.0444
100,4,4096,284,71.6828
102,4,4096,284,76.3169
106,4,4096,284,75.6191
108,4,4096,284,78.5275
110,4,4096,284,86.4433
114,4,4096,284,74.4461
116,4,4096,284,73.2079
118,4,4096,284,82.7711
122,4,4096,284,60.6443
124,4,4096,284,79.8503
126,4,4096,284,69.3231
130,4,4096,284,75.5099
132,4,4096,284,81.613
134,4,4096,284,77.2198
138,4,4096,284,67.052
140,4,4096,284,73.3039
142,4,4096,284,74.0895
146,4,4096,284,68.2276
148,4,4096,284,78.4557
150,4,4096,284,64.8073
154,4,4096,284,80.3091
156,4,4096,284,70.0118
158,4,4096,284,73.8535
162,4,4096,284,70.7512
164,4,4096,284,64.9395
166,4,4096,284,66.9146
170,4,4096,284,71.3976
172,4,4096,284,72.4102
174,4,4096,284,66.9999
178,4,4096,284,74.0226
180,4,4096,284,66.0394
182,4,4096,284,75.8093
186,4,4096,284,66.23
188,4,4096,284,78.9088
190,4,4096,284,75.6264
194,4,4096,284,68.9399
196,4,4096,284,68.6451
198,4,4096,284,73.1419
202,4,4096,284,58.4092
204,4,4096,284,52.2704
206,4,4096,284,68.4767
210,4,4096,284,62.347
212,4,4096,284,70.0002
214,4,4096,284,67.9216
218,4,4096,284,59.3056
220,4,4096,284,60.9741
222,4,4096,284,59.3241
226,4,4096,284,59.1875
228,4,4096,284,64.2917
230,4,4096,284,60.0722
234,4,4096,284,68.9127
236,4,4096,284,68.8943
238,4,4096,284,63.9132
242,4,4096,284,64.8421
244,4,4096,284,67.966
246,4,4096,284,57.2618
250,4,4096,284,52.9926
252,4,4096,284,62.1776
254,4,4096,284,53.3921
258,4,4096,284,59.6593
260,4,4096,284,42.4234
262,4,4096,284,62.5688
266,4,4096,284,57.3132
268,4,4096,284,57.8657
270,4,4096,284,57.7019
274,4,4096,284,57.1486
276,4,4096,284,54.5654
278,4,4096,284,49.5409
282,4,4096,284,50.225
2,4,4096,286,32.9673
4,4,4096,286,61.9559
6,4,4096,286,78.5741
10,4,4096,286,73.1325
12,4,4096,286,83.1237
14,4,4096,286,82.5047
18,4,4096,286,90.2773
20,4,4096,286,95.1294
22,4,4096,286,96.0136
26,4,4096,286,88.7705
28,4,4096,286,83.1273
30,4,4096,286,91.3738
34,4,4096,286,89.3025
36,4,4096,286,91.6147
38,4,4096,286,85.0206
42,4,4096,286,88.5207
44,4,4096,286,90.9759
46,4,4096,286,85.6498
50,4,4096,286,86.9414
52,4,4096,286,79.4694
54,4,4096,286,90.2935
58,4,4096,286,82.2363
60,4,4096,286,85.9945
62,4,4096,286,91.2167
66,4,4096,286,87.5499
68,4,4096,286,85.981
70,4,4096,286,82.8256
74,4,4096,286,74.8879
76,4,4096,286,75.7316
78,4,4096,286,89.4275
82,4,4096,286,85.9776
84,4,4096,286,72.2681
86,4,4096,286,82.3135
90,4,4096,286,69.1313
92,4,4096,286,80.0427
94,4,4096,286,79.3001
98,4,4096,286,64.8255
100,4,4096,286,79.0689
102,4,4096,286,74.9188
106,4,4096,286,70.7906
108,4,4096,286,74.8801
110,4,4096,286,81.5402
114,4,4096,286,66.9395
116,4,4096,286,79.8182
118,4,4096,286,73.4444
122,4,4096,286,74.5189
124,4,4096,286,75.4147
126,4,4096,286,77.2851
130,4,4096,286,66.8302
132,4,4096,286,78.8485
134,4,4096,286,67.7749
138,4,4096,286,74.5609
140,4,4096,286,69.5565
142,4,4096,286,74.7692
146,4,4096,286,63.0873
148,4,4096,286,72.074
150,4,4096,286,77.5294
154,4,4096,286,72.9344
156,4,4096,286,72.105
158,4,4096,286,63.8316
162,4,4096,286,66.1951
164,4,4096,286,68.7274
166,4,4096,286,75.5192
170,4,4096,286,75.7788
172,4,4096,286,63.4784
174,4,4096,286,69.5191
178,4,4096,286,78.9731
180,4,4096,286,67.0843
182,4,4096,286,73.4378
186,4,4096,286,72.417
188,4,4096,286,65.9077
190,4,4096,286,68.2717
194,4,4096,286,69.0775
196,4,4096,286,69.2816
198,4,4096,286,69.5826
202,4,4096,286,59.6754
204,4,4096,286,61.3584
206,4,4096,286,60.1323
210,4,4096,286,67.3491
212,4,4096,286,62.4154
214,4,4096,286,69.102
218,4,4096,286,55.2856
220,4,4096,286,59.122
222,4,4096,286,61.0858
226,4,4096,286,59.165
228,4,4096,286,55.6944
230,4,4096,286,56.2441
234,4,4096,286,54.9794
236,4,4096,286,55.6544
238,4,4096,286,61.6382
242,4,4096,286,63.0998
244,4,4096,286,60.8072
246,4,4096,286,65.8854
250,4,4096,286,62.3013
252,4,4096,286,59.6534
254,4,4096,286,64.8236
258,4,4096,286,55.3148
260,4,4096,286,63.4784
262,4,4096,286,58.2677
266,4,4096,286,57.9319
268,4,4096,286,56.5926
270,4,4096,286,52.6592
274,4,4096,286,52.8281
276,4,4096,286,54.7794
278,4,4096,286,57.2845
282,4,4096,286,55.0998
284,4,4096,286,61.8915
2,4,4096,290,35.108
4,4,4096,290,56.7113
6,4,4096,290,78.3527
10,4,4096,290,69.4498
12,4,4096,290,85.8489
14,4,4096,290,81.8075
18,4,4096,290,87.879
20,4,4096,290,89.947
22,4,4096,290,89.1626
26,4,4096,290,89.6183
28,4,4096,290,85.1123
30,4,4096,290,87.0861
34,4,4096,290,90.1925
36,4,4096,290,92.1983
38,4,4096,290,92.3734
42,4,4096,290,92.1465
44,4,4096,290,91.9962
46,4,4096,290,92.397
50,4,4096,290,73.9624
52,4,4096,290,85.5522
54,4,4096,290,87.8802
58,4,4096,290,74.3661
60,4,4096,290,77.8409
62,4,4096,290,79.5507
66,4,4096,290,91.5449
68,4,4096,290,92.5161
70,4,4096,290,75.1683
74,4,4096,290,70.5837
76,4,4096,290,74.814
78,4,4096,290,78.759
82,4,4096,290,81.3533
84,4,4096,290,78.3631
86,4,4096,290,71.3284
90,4,4096,290,74.7068
92,4,4096,290,70.7511
94,4,4096,290,77.6859
98,4,4096,290,80.7887
100,4,4096,290,79.6001
102,4,4096,290,71.5183
106,4,4096,290,79.3227
108,4,4096,290,82.9863
110,4,4096,290,75.3342
114,4,4096,290,72.6056
116,4,4096,290,84.1055
118,4,4096,290,72.3205
122,4,4096,290,79.3463
124,4,4096,290,80.5991
126,4,4096,290,75.7755
130,4,4096,290,66.0399
132,4,4096,290,79.7707
134,4,4096,290,63.0419
138,4,4096,290,80.5146
140,4,4096,290,73.1987
142,4,4096,290,69.9212
146,4,4096,290,76.9537
148,4,4096,290,66.6931
150,4,4096,290,71.556
154,4,4096,290,71.0658
156,4,4096,290,78.2043
158,4,4096,290,74.7354
162,4,4096,290,72.8365
164,4,4096,290,68.3964
166,4,4096,290,60.5438
170,4,4096,290,79.3577
172,4,4096,290,68.8592
174,4,4096,290,72.0422
178,4,4096,290,70.2095
180,4,4096,290,70.9152
182,4,4096,290,78.049
186,4,4096,290,62.5089
188,4,4096,290,76.5435
190,4,4096,290,58.4195
194,4,4096,290,62.6069
196,4,4096,290,67.3914
198,4,4096,290,68.916
202,4,4096,290,53.4956
204,4,4096,290,56.7152
206,4,4096,290,60.731
210,4,4096,290,65.5783
212,4,4096,290,66.1792
214,4,4096,290,68.1284
218,4,4096,290,59.6157
220,4,4096,290,56.4659
222,4,4096,290,68.6612
226,4,4096,290,61.0519
228,4,4096,290,59.0978
230,4,4096,290,58.9518
234,4,4096,290,63.7456
236,4,4096,290,57.7318
238,4,4096,290,54.5386
242,4,4096,290,61.6355
244,4,4096,290,57.9425
246,4,4096,290,53.5347
250,4,4096,290,54.1832
252,4,4096,290,57.7229
254,4,4096,290,63.0446
258,4,4096,290,64.714
260,4,4096,290,63.8329
262,4,4096,290,54.0931
266,4,4096,290,54.6169
268,4,4096,290,63.2799
270,4,4096,290,50.426
274,4,4096,290,61.16
276,4,4096,290,62.2836
278,4,4096,290,67.5492
282,4,4096,290,62.1954
284,4,4096,290,52.3049
286,4,4096,290,61.1641
2,4,4096,292,32.0824
4,4,4096,292,60.757
6,4,4096,292,79.9718
10,4,4096,292,77.2242
12,4,4096,292,79.5234
14,4,4096,292,94.81
18,4,4096,292,91.8766
20,4,4096,292,94.1403
22,4,4096,292,92.6489
26,4,4096,292,84.7757
28,4,4096,292,85.6983
30,4,4096,292,91.6394
34,4,4096,292,89.6123
36,4,4096,292,93.8783
38,4,4096,292,88.5554
42,4,4096,292,97.0758
44,4,4096,292,94.8528
46,4,4096,292,92.3666
50,4,4096,292,77.7679
52,4,4096,292,85.278
54,4,4096,292,87.4046
58,4,4096,292,70.2899
60,4,4096,292,91.615
62,4,4096,292,89.2675
66,4,4096,292,78.8833
68,4,4096,292,85.3461
70,4,4096,292,81.5728
74,4,4096,292,72.7067
76,4,4096,292,88.3686
78,4,4096,292,81.9071
82,4,4096,292,81.798
84,4,4096,292,75.598
86,4,4096,292,77.1896
90,4,4096,292,77.9714
92,4,4096,292,74.2736
94,4,4096,292,73.8145
98,4,4096,292,70.3009
100,4,4096,292,72.4217
102,4,4096,292,73.0704
106,4,4096,292,76.9872
108,4,4096,292,74.9153
110,4,4096,292,81.0995
114,4,4096,292,64.0858
116,4,4096,292,76.1175
118,4,4096,292,68.7946
122,4,4096,292,68.932
124,4,4096,292,78.1181
126,4,4096,292,74.7232
130,4,4096,292,74.6052
132,4,4096,292,69.0789
134,4,4096,292,64.6414
138,4,4096,292,78.7041
140,4,4096,292,75.7364
142,4,4096,292,71.4744
146,4,4096,292,72.6502
148,4,4096,292,66.3945
150,4,4096,292,75.9202
154,4,4096,292,63.6768
156,4,4096,292,73.2824
158,4,4096,292,57.7132
162,4,4096,292,71.2251
164,4,4096,292,76.0641
166,4,4096,292,60.7851
170,4,4096,292,78.3899
172,4,4096,292,75.3621
174,4,4096,292,62.8367
178,4,4096,292,68.2505
180,4,4096,292,61.1359
182,4,4096,292,72.3573
186,4,4096,292,73.6173
188,4,4096,292,68.6916
190,4,4096,292,73.2209
194,4,4096,292,64.0933
196,4,4096,292,59.9023
198,4,4096,292,62.1796
202,4,4096,292,64.2018
204,4,4096,292,69.3746
206,4,4096,292,67.5999
210,4,4096,292,66.5326
212,4,4096,292,65.8536
214,4,4096,292,60.2997
218,4,4096,292,57.4999
220,4,4096,292,61.1948
222,4,4096,292,65.122
226,4,4096,292,57.9888
228,4,4096,292,64.1322
230,4,4096,292,64.3941
234,4,4096,292,65.1073
236,4,4096,292,62.5554
238,4,4096,292,61.8923
242,4,4096,292,65.3218
244,4,4096,292,55.4888
246,4,4096,292,61.9691
250,4,4096,292,61.8879
252,4,4096,292,61.2783
254,4,4096,292,65.1473
258,4,4096,292,60.3293
260,4,4096,292,57.6081
262,4,4096,292,57.6164
266,4,4096,292,56.5167
268,4,4096,292,61.0522
270,4,4096,292,53.7438
274,4,4096,292,64.2493
276,4,4096,292,56.6121
278,4,4096,292,63.4016
282,4,4096,292,54.9345
284,4,4096,292,61.0476
286,4,4096,292,66.6709
290,4,4096,292,60.6484
2,4,4096,294,34.2416
4,4,4096,294,57.7017
6,4,4096,294,68.4251
10,4,4096,294,82.0987
12,4,4096,294,83.1753
14,4,4096,294,88.7051
18,4,4096,294,83.5618
20,4,4096,294,95.3076
22,4,4096,294,92.6912
26,4,4096,294,95.6044
28,4,4096,294,88.8273
30,4,4096,294,102.0901
34,4,4096,294,88.1435
36,4,4096,294,99.8498
38,4,4096,294,102.2194
42,4,4096,294,99.1197
44,4,4096,294,100.436
46,4,4096,294,98.9216
50,4,4096,294,93.879
52,4,4096,294,83.5378
54,4,4096,294,94.4249
58,4,4096,294,91.8655
60,4,4096,294,96.0157
62,4,4096,294,82.2971
66,4,4096,294,84.0991
68,4,4096,294,71.5404
70,4,4096,294,76.499
74,4,4096,294,93.1395
76,4,4096,294,72.4197
78,4,4096,294,79.7794
82,4,4096,294,78.3491
84,4,4096,294,67.8265
86,4,4096,294,71.525
90,4,4096,294,88.1497
92,4,4096,294,76.5415
94,4,4096,294,78.1283
98,4,4096,294,73.8876
100,4,4096,294,65.6983
102,4,4096,294,74.7393
106,4,4096,294,74.9541
108,4,4096,294,81.4796
110,4,4096,294,71.375
114,4,4096,294,83.5301
116,4,4096,294,76.3873
118,4,4096,294,78.3967
122,4,4096,294,68.9787
124,4,4096,294,69.8708
126,4,4096,294,65.9586
130,4,4096,294,62.5701
132,4,4096,294,72.1321
134,4,4096,294,75.5708
138,4,4096,294,74.4249
140,4,4096,294,77.6303
142,4,4096,294,65.1526
146,4,4096,294,74.6842
148,4,4096,294,74.5046
150,4,4096,294,71.6966
154,4,4096,294,77.1049
156,4,4096,294,68.6521
158,4,4096,294,68.317
162,4,4096,294,66.4431
164,4,4096,294,77.3398
166,4,4096,294,77.9011
170,4,4096,294,77.6676
172,4,4096,294,77.3457
174,4,4096,294,63.1763
178,4,4096,294,77.9477
180,4,4096,294,75.7036
182,4,4096,294,68.124
186,4,4096,294,79.7691
188,4,4096,294,63.2008
190,4,4096,294,74.7497
194,4,4096,294,73.9065
196,4,4096,294,60.9252
198,4,4096,294,66.3113
202,4,4096,294,60.8328
204,4,4096,294,68.5056
206,4,4096,294,65.9465
210,4,4096,294,60.5444
212,4,4096,294,63.6063
214,4,4096,294,60.2994
218,4,4096,294,68.0622
220,4,4096,294,58.3598
222,4,4096,294,54.2908
226,4,4096,294,55.5344
228,4,4096,294,58.387
230,4,4096,294,60.4882
234,4,4096,294,54.3278
236,4,4096,294,60.4524
238,4,4096,294,60.8817
242,4,4096,294,58.2972
244,4,4096,294,62.037
246,4,4096,294,58.1068
250,4,4096,294,54.337
252,4,4096,294,61.9466
254,4,4096,294,50.4359
258,4,4096,294,51.9205
260,4,4096,294,63.2998
262,4,4096,294,65.0346
266,4,4096,294,62.596
268,4,4096,294,61.1115
270,4,4096,294,61.1808
274,4,4096,294,63.726
276,4,4096,294,67.741
278,4,4096,294,52.1816
282,4,4096,294,63.7661
284,4,4096,294,58.3848
286,4,4096,294,63.5861
290,4,4096,294,62.0088
292,4,4096,294,50.6744
2,4,4096,298,33.0609
4,4,4096,298,58.8009
6,4,4096,298,79.5489
10,4,4096,298,69.2715
12,4,4096,298,90.8118
14,4,4096,298,96.9033
18,4,4096,298,86.904
20,4,4096,298,93.855
22,4,4096,298,93.8237
26,4,4096,298,84.5057
28,4,4096,298,90.9816
30,4,4096,298,90.7342
34,4,4096,298,92.1126
36,4,4096,298,83.7496
38,4,4096,298,91.4335
42,4,4096,298,80.7153
44,4,4096,298,85.4285
46,4,4096,298,92.333
50,4,4096,298,80.5184
52,4,4096,298,89.4198
54,4,4096,298,87.098
58,4,4096,298,85.5409
60,4,4096,298,86.9948
62,4,4096,298,86.739
66,4,4096,298,87.8152
68,4,4096,298,88.3204
70,4,4096,298,72.5158
74,4,4096,298,82.5604
76,4,4096,298,87.367
78,4,4096,298,77.1357
82,4,4096,298,87.4406
84,4,4096,298,85.1644
86,4,4096,298,72.3741
90,4,4096,298,83.5321
92,4,4096,298,72.854
94,4,4096,298,66.7273
98,4,4096,298,73.8632
100,4,4096,298,81.7251
102,4,4096,298,76.6375
106,4,4096,298,79.7835
108,4,4096,298,73.288
110,4,4096,298,78.5681
114,4,4096,298,70.9692
116,4,4096,298,83.7131
118,4,4096,298,74.5466
122,4,4096,298,78.6697
124,4,4096,298,73.0652
126,4,4096,298,74.9205
130,4,4096,298,73.5039
132,4,4096,298,80.9871
134,4,4096,298,65.3248
138,4,4096,298,75.79
140,4,4096,298,62.603
142,4,4096,298,75.0801
146,4,4096,298,74.3381
148,4,4096,298,59.7617
150,4,4096,298,77.5526
154,4,4096,298,61.9978
156,4,4096,298,73.436
158,4,4096,298,73.5766
162,4,4096,298,77.2318
164,4,4096,298,74.2585
166,4,4096,298,78.8268
170,4,4096,298,61.2265
172,4,4096,298,69.6904
174,4,4096,298,62.0571
178,4,4096,298,64.0852
180,4,4096,298,79.1534
182,4,4096,298,62.5264
186,4,4096,298,77.9546
188,4,4096,298,60.3028
190,4,4096,298,72.3047
194,4,4096,298,71.6397
196,4,4096,298,68.183
198,4,4096,298,56.6329
202,4,4096,298,64.9121
204,4,4096,298,67.4763
206,4,4096,298,71.4067
210,4,4096,298,56.3987
212,4,4096,298,55.01
214,4,4096,298,61.0425
218,4,4096,298,57.7939
220,4,4096,298,64.1818
222,4,4096,298,66.6528
226,4,4096,298,62.5472
228,4,4096,298,62.6045
230,4,4096,298,67.4538
234,4,4096,298,68.6197
236,4,4096,298,62.6122
238,4,4096,298,64.131
242,4,4096,298,67.6758
244,4,4096,298,66.54
246,4,4096,298,63.8371
250,4,4096,298,53.8592
252,4,4096,298,64.4135
254,4,4096,298,65.5511
258,4,4096,298,64.6597
260,4,4096,298,61.5935
262,4,4096,298,52.6422
266,4,4096,298,59.12
268,4,4096,298,65.4659
270,4,4096,298,63.1871
274,4,4096,298,60.9939
276,4,4096,298,54.9731
278,4,4096,298,57.0076
282,4,4096,298,58.6954
284,4,4096,298,67.1693
286,4,4096,298,63.6101
290,4,4096,298,56.6885
292,4,4096,298,54.532
294,4,4096,298,51.1632
2,4,4096,300,33.2999
4,4,4096,300,55.315
6,4,4096,300,76.2807
10,4,4096,300,76.6581
12,4,4096,300,91.31
14,4,4096,300,92.2275
18,4,4096,300,77.7332
20,4,4096,300,92.9513
22,4,4096,300,97.3387
26,4,4096,300,91.9617
28,4,4096,300,92.7355
30,4,4096,300,94.0589
34,4,4096,300,80.94
36,4,4096,300,85.8567
38,4,4096,300,96.275
42,4,4096,300,80.6866
44,4,4096,300,82.1768
46,4,4096,300,91.0454
50,4,4096,300,73.5783
52,4,4096,300,76.5406
54,4,4096,300,92.5672
58,4,4096,300,93.1575
60,4,4096,300,93.7129
62,4,4096,300,87.1885
66,4,4096,300,87.6445
68,4,4096,300,71.877
70,4,4096,300,81.5524
74,4,4096,300,77.4176
76,4,4096,300,83.6211
78,4,4096,300,86.5197
82,4,4096,300,86.6283
84,4,4096,300,64.9336
86,4,4096,300,76.6987
90,4,4096,300,78.751
92,4,4096,300,87.2628
94,4,4096,300,75.6715
98,4,4096,300,67.3063
100,4,4096,300,82.771
102,4,4096,300,82.5307
106,4,4096,300,72.4882
108,4,4096,300,69.9186
110,4,4096,300,77.6077
114,4,4096,300,62.3013
116,4,4096,300,70.2053
118,4,4096,300,70.4152
122,4,4096,300,74.8932
124,4,4096,300,67.571
126,4,4096,300,73.5236
130,4,4096,300,71.5685
132,4,4096,300,67.6356
134,4,4096,300,75.4713
138,4,4096,300,80.3293
140,4,4096,300,62.6408
142,4,4096,300,68.9882
146,4,4096,300,61.8259
148,4,4096,300,74.2812
150,4,4096,300,59.1647
154,4,4096,300,69.9469
156,4,4096,300,73.4435
158,4,4096,300,70.0804
162,4,4096,300,79.2929
164,4,4096,300,66.5884
166,4,4096,300,79.1803
170,4,4096,300,67.5596
172,4,4096,300,70.9433
174,4,4096,300,66.1415
178,4,4096,300,70.2616
180,4,4096,300,81.0727
182,4,4096,300,79.0425
186,4,4096,300,72.4883
188,4,4096,300,67.2413
190,4,4096,300,71.1692
194,4,4096,300,55.856
196,4,4096,300,64.424
198,4,4096,300,61.1122
202,4,4096,300,70.3409
204,4,4096,300,73.974
206,4,4096,300,63.0262
210,4,4096,300,50.5534
212,4,4096,300,72.057
214,4,4096,300,54.8961
218,4,4096,300,66.0718
220,4,4096,300,58.65
222,4,4096,300,62.6078
226,4,4096,300,57.2262
228,4,4096,300,54.2221
230,4,4096,300,56.9168
234,4,4096,300,60.0222
236,4,4096,300,66.9864
238,4,4096,300,66.6317
242,4,4096,300,55.9402
244,4,4096,300,66.6697
246,4,4096,300,56.5316
250,4,4096,300,59.6051
252,4,4096,300,61.4037
254,4,4096,300,59.5619
258,4,4096,300,67.6526
260,4,4096,300,54.7002
262,4,4096,300,61.9249
266,4,4096,300,63.0847
268,4,4096,300,65.1722
270,4,4096,300,64.2723
274,4,4096,300,59.5418
276,4,4096,300,60.8365
278,4,4096,300,57.0303
282,4,4096,300,67.6535
284,4,4096,300,65.6972
286,4,4096,300,60.1755
290,4,4096,300,56.8573
292,4,4096,300,50.7579
294,4,4096,300,52.4703
298,4,4096,300,54.7439
2,4,4096,302,34.9828
4,4,4096,302,63.5473
6,4,4096,302,74.2154
10,4,4096,302,76.9859
12,4,4096,302,86.2396
14,4,4096,302,93.9591
18,4,4096,302,88.9587
20,4,4096,302,98.9002
22,4,4096,302,101.8276
26,4,4096,302,98.169
28,4,4096,302,86.9483
30,4,4096,302,88.4917
34,4,4096,302,77.7966
36,4,4096,302,81.783
38,4,4096,302,85.7656
42,4,4096,302,85.9106
44,4,4096,302,87.0183
46,4,4096,302,90.3759
50,4,4096,302,79.4502
52,4,4096,302,78.6216
54,4,4096,302,92.9655
58,4,4096,302,88.7902
60,4,4096,302,94.5531
62,4,4096,302,76.2917
66,4,4096,302,88.3866
68,4,4096,302,81.1288
70,4,4096,302,68.527
74,4,4096,302,88.3309
76,4,4096,302,81.8475
78,4,4096,302,91.6229
82,4,4096,302,81.2254
84,4,4096,302,74.1612
86,4,4096,302,90.5399
90,4,4096,302,88.3591
92,4,4096,302,73.8619
94,4,4096,302,75.2468
98,4,4096,302,71.2453
100,4,4096,302,86.9017
102,4,4096,302,62.7941
106,4,4096,302,74.6549
108,4,4096,302,85.1317
110,4,4096,302,86.0016
114,4,4096,302,59.3613
116,4,4096,302,80.4033
118,4,4096,302,72.8812
122,4,4096,302,72.1655
124,4,4096,302,72.8356
126,4,4096,302,82.2659
130,4,4096,302,65.4749
132,4,4096,302,70.0672
134,4,4096,302,69.8667
138,4,4096,302,73.5214
140,4,4096,302,70.1047
142,4,4096,302,72.345
146,4,4096,302,72.969
148,4,4096,302,66.0323
150,4,4096,302,80.0185
154,4,4096,302,71.6254
156,4,4096,302,76.5806
158,4,4096,302,81.7383
162,4,4096,302,66.7044
164,4,4096,302,73.9518
166,4,4096,302,77.1481
170,4,4096,302,68.1379
172,4,4096,302,76.6372
174,4,4096,302,62.4835
178,4,4096,302,74.5066
180,4,4096,302,74.4451
182,4,4096,302,74.8317
186,4,4096,302,75.7079
188,4,4096,302,69.3873
190,4,4096,302,65.7593
194,4,4096,302,65.2974
196,4,4096,302,65.8241
198,4,4096,302,66.9502
202,4,4096,302,60.5464
204,4,4096,302,60.6655
206,4,4096,302,63.7933
210,4,4096,302,65.633
212,4,4096,302,68.4174
214,4,4096,302,71.4168
218,4,4096,302,64.9992
220,4,4096,302,61.8046
222,4,4096,302,63.1291
226,4,4096,302,69.2092
228,4,4096,302,59.2032
230,4,4096,302,58.5242
234,4,4096,302,56.2904
236,4,4096,302,64.0006
238,4,4096,302,62.8732
242,4,4096,302,60.4459
244,4,4096,302,58.5773
246,4,4096,302,61.3199
250,4,4096,302,64.8303
252,4,4096,302,59.3704
254,4,4096,302,63.5084
258,4,4096,302,63.1477
260,4,4096,302,64.8484
262,4,4096,302,65.1008
266,4,4096,302,60.3394
268,4,4096,302,62.8166
270,4,4096,302,57.0379
274,4,4096,302,63.6293
276,4,4096,302,63.397
278,4,4096,302,61.4414
282,4,4096,302,64.6375
284,4,4096,302,57.9083
286,4,4096,302,63.9772
290,4,4096,302,50.3026
292,4,4096,302,56.6096
294,4,4096,302,56.8037
298,4,4096,302,58.4476
300,4,4096,302,57.8094
2,4,4096,306,34.1245
4,4,4096,306,60.7209
6,4,4096,306,78.8556
10,4,4096,306,66.931
12,4,4096,306,86.9414
14,4,4096,306,84.4284
18,4,4096,306,90.7109
20,4,4096,306,91.9145
22,4,4096,306,98.3868
26,4,4096,306,95.6708
28,4,4096,306,88.45
30,4,4096,306,96.0712
34,4,4096,306,94.3745
36,4,4096,306,93.6736
38,4,4096,306,85.9513
42,4,4096,306,96.1569
44,4,4096,306,93.5087
46,4,4096,306,94.1802
50,4,4096,306,89.996
52,4,4096,306,90.4707
54,4,4096,306,90.4686
58,4,4096,306,74.8931
60,4,4096,306,87.0978
62,4,4096,306,90.2317
66,4,4096,306,85.8037
68,4,4096,306,87.906
70,4,4096,306,83.8748
74,4,4096,306,77.7452
76,4,4096,306,79.147
78,4,4096,306,88.2645
82,4,4096,306,84.7341
84,4,4096,306,79.8933
86,4,4096,306,83.9037
90,4,4096,306,70.9184
92,4,4096,306,77.5841
94,4,4096,306,82.3041
98,4,4096,306,71.0355
100,4,4096,306,83.5745
102,4,4096,306,81.1779
106,4,4096,306,74.2286
108,4,4096,306,79.1724
110,4,4096,306,71.4683
114,4,4096,306,76.5922
116,4,4096,306,66.532
118,4,4096,306,78.4973
122,4,4096,306,65.698
124,4,4096,306,77.6518
126,4,4096,306,68.8551
130,4,4096,306,77.3025
132,4,4096,306,73.7375
134,4,4096,306,67.0861
138,4,4096,306,72.1469
140,4,4096,306,77.1126
142,4,4096,306,68.0095
146,4,4096,306,75.3745
148,4,4096,306,77.1926
150,4,4096,306,61.4901
154,4,4096,306,78.5974
156,4,4096,306,77.1822
158,4,4096,306,77.0129
162,4,4096,306,75.6929
164,4,4096,306,63.0562
166,4,4096,306,77.6524
170,4,4096,306,72.6265
172,4,4096,306,76.8701
174,4,4096,306,67.2873
178,4,4096,306,76.243
180,4,4096,306,80.0182
182,4,4096,306,72.5171
186,4,4096,306,78.7139
188,4,4096,306,67.2547
190,4,4096,306,75.403
194,4,4096,306,64.2111
196,4,4096,306,70.407
198,4,4096,306,71.1039
202,4,4096,306,57.1859
204,4,4096,306,70.2016
206,4,4096,306,60.9523
210,4,4096,306,71.4316
212,4,4096,306,60.2425
214,4,4096,306,67.5946
218,4,4096,306,68.1295
220,4,4096,306,62.987
222,4,4096,306,67.7088
226,4,4096,306,60.0718
228,4,4096,306,62.0465
230,4,4096,306,62.7159
234,4,4096,306,60.2459
236,4,4096,306,66.0553
238,4,4096,306,59.6412
242,4,4096,306,69.3344
244,4,4096,306,51.6173
246,4,4096,306,55.0525
250,4,4096,306,57.7639
252,4,4096,306,55.9195
254,4,4096,306,60.0976
258,4,4096,306,61.7692
260,4,4096,306,59.1134
262,4,4096,306,56.192
266,4,4096,306,58.1408
268,4,4096,306,53.7562
270,4,4096,306,61.8576
274,4,4096,306,54.9997
276,4,4096,306,52.689
278,4,4096,306,62.1413
282,4,4096,306,65.8322
284,4,4096,306,62.5821
286,4,4096,306,51.767
290,4,4096,306,58.186
292,4,4096,306,56.6897
294,4,4096,306,57.2737
298,4,4096,306,54.5097
300,4,4096,306,58.9716
302,4,4096,306,56.2626
2,4,4096,308,34.4858
4,4,4096,308,62.1008
6,4,4096,308,72.4695
10,4,4096,308,78.9312
12,4,4096,308,82.6023
14,4,4096,308,96.8571
18,4,4096,308,90.4125
20,4,4096,308,88.1453
22,4,4096,308,100.8961
26,4,4096,308,93.1308
28,4,4096,308,97.6563
30,4,4096,308,101.8099
34,4,4096,308,91.9849
36,4,4096,308,100.5972
38,4,4096,308,83.1446
42,4,4096,308,94.0127
44,4,4096,308,97.2406
46,4,4096,308,84.4039
50,4,4096,308,83.8852
52,4,4096,308,84.1382
54,4,4096,308,86.4856
58,4,4096,308,84.4143
60,4,4096,308,78.6173
62,4,4096,308,94.2172
66,4,4096,308,89.5947
68,4,4096,308,76.5386
70,4,4096,308,83.1314
74,4,4096,308,69.7103
76,4,4096,308,84.9792
78,4,4096,308,81.0406
82,4,4096,308,74.6631
84,4,4096,308,87.0707
86,4,4096,308,70.0171
90,4,4096,308,80.8932
92,4,4096,308,78.5576
94,4,4096,308,85.6912
98,4,4096,308,65.8558
100,4,4096,308,78.0926
102,4,4096,308,76.221
106,4,4096,308,80.5707
108,4,4096,308,77.1108
110,4,4096,308,64.9321
114,4,4096,308,82.1386
116,4,4096,308,67.8624
118,4,4096,308,69.0745
122,4,4096,308,71.3841
124,4,4096,308,73.5738
126,4,4096,308,75.9153
130,4,4096,308,74.5329
132,4,4096,308,64.6677
134,4,4096,308,67.5631
138,4,4096,308,75.375
140,4,4096,308,79.5555
142,4,4096,308,77.4188
146,4,4096,308,67.1649
148,4,4096,308,77.8653
150,4,4096,308,64.7638
154,4,4096,308,71.3953
156,4,4096,308,77.3632
158,4,4096,308,70.1047
162,4,4096,308,78.5164
164,4,4096,308,61.7501
166,4,4096,308,75.462
170,4,4096,308,76.6195
172,4,4096,308,67.6068
174,4,4096,308,78.3796
178,4,4096,308,67.8632
180,4,4096,308,75.0275
182,4,4096,308,70.4395
186,4,4096,308,73.6872
188,4,4096,308,67.8921
190,4,4096,308,72.7417
194,4,4096,308,71.3571
196,4,4096,308,64.6077
198,4,4096,308,66.2327
202,4,4096,308,68.9992
204,4,4096,308,71.4042
206,4,4096,308,59.1825
210,4,4096,308,56.2928
212,4,4096,308,69.58
214,4,4096,308,63.561
218,4,4096,308,61.6815
220,4,4096,308,62.0081
222,4,4096,308,61.0711
226,4,4096,308,57.7851
228,4,4096,308,67.5481
230,4,4096,308,67.6139
234,4,4096,308,62.1657
236,4,4096,308,56.5731
238,4,4096,308,54.3448
242,4,4096,308,64.6869
244,4,4096,308,57.224
246,4,4096,308,55.5823
250,4,4096,308,63.5527
252,4,4096,308,56.6039
254,4,4096,308,53.8828
258,4,4096,308,64.6856
260,4,4096,308,54.2876
262,4,4096,308,63.0711
266,4,4096,308,64.3171
268,4,4096,308,62.8173
270,4,4096,308,63.3343
274,4,4096,308,53.6891
276,4,4096,308,64.606
278,4,4096,308,63.2536
282,4,4096,308,58.9905
284,4,4096,308,61.6503
286,4,4096,308,55.8874
290,4,4096,308,56.1325
292,4,4096,308,55.5112
294,4,4096,308,52.0582
298,4,4096,308,49.4959
300,4,4096,308,57.7511
302,4,4096,308,58.9168
306,4,4096,308,59.5792
2,4,4096,310,33.8439
4,4,4096,310,57.4078
6,4,4096,310,78.2702
10,4,4096,310,76.97
12,4,4096,310,84.7094
14,4,4096,310,87.5901
18,4,4096,310,87.3643
20,4,4096,310,93.0478
22,4,4096,310,98.9863
26,4,4096,310,93.524
28,4,4096,310,96.061
30,4,4096,310,88.7343
34,4,4096,310,91.3511
36,4,4096,310,95.3969
38,4,4096,310,91.3256
42,4,4096,310,90.3301
44,4,4096,310,87.4386
46,4,4096,310,94.1631
50,4,4096,310,86.6853
52,4,4096,310,74.829
54,4,4096,310,80.8929
58,4,4096,310,88.3963
60,4,4096,310,83.7383
62,4,4096,310,82.857
66,4,4096,310,83.2017
68,4,4096,310,71.2161
70,4,4096,310,80.8645
74,4,4096,310,88.9256
76,4,4096,310,71.631
78,4,4096,310,69.5454
82,4,4096,310,75.7921
84,4,4096,310,63.8605
86,4,4096,310,78.3712
90,4,4096,310,74.3934
92,4,4096,310,76.98
94,4,4096,310,65.139
98,4,4096,310,81.1199
100,4,4096,310,71.9633
102,4,4096,310,72.9006
106,4,4096,310,83.8476
108,4,4096,310,75.9869
110,4,4096,310,78.0407
114,4,4096,310,74.1563
116,4,4096,310,77.6248
118,4,4096,310,72.5181
122,4,4096,310,80.1869
124,4,4096,310,71.0368
126,4,4096,310,76.4228
130,4,4096,310,63.1084
132,4,4096,310,72.7139
134,4,4096,310,78.6249
138,4,4096,310,58.8527
140,4,4096,310,76.0818
142,4,4096,310,73.4615
146,4,4096,310,75.7315
148,4,4096,310,65.9661
150,4,4096,310,73.8764
154,4,4096,310,60.7198
156,4,4096,310,67.0018
158,4,4096,310,65.4042
162,4,4096,310,60.3158
164,4,4096,310,74.6699
166,4,4096,310,78.2867
170,4,4096,310,69.0502
172,4,4096,310,73.0761
174,4,4096,310,74.3655
178,4,4096,310,73.5637
180,4,4096,310,76.146
182,4,4096,310,71.4873
186,4,4096,310,75.5135
188,4,4096,310,66.121
190,4,4096,310,67.4248
194,4,4096,310,60.3138
196,4,4096,310,67.3403
198,4,4096,310,71.1283
202,4,4096,310,67.2871
204,4,4096,310,67.2773
206,4,4096,310,68.703
210,4,4096,310,63.1207
212,4,4096,310,65.0152
214,4,4096,310,65.937
218,4,4096,310,69.1755
220,4,4096,310,70.6852
222,4,4096,310,57.3205
226,4,4096,310,57.0632
228,4,4096,310,58.3253
230,4,4096,310,54.9443
234,4,4096,310,61.0439
236,4,4096,310,54.5047
238,4,4096,310,61.4359
242,4,4096,310,60.9061
244,4,4096,310,57.0271
246,4,4096,310,55.4067
250,4,4096,310,58.587
252,4,4096,310,63.3902
254,4,4096,310,60.3847
258,4,4096,310,63.337
260,4,4096,310,65.032
262,4,4096,310,62.5443
266,4,4096,310,61.5073
268,4,4096,310,55.1187
270,4,4096,310,62.2069
274,4,4096,310,60.9425
276,4,4096,310,63.0007
278,4,4096,310,63.2343
282,4,4096,310,57.5897
284,4,4096,310,61.3185
286,4,4096,310,58.2772
290,4,4096,310,55.889
292,4,4096,310,51.3115
294,4,4096,310,53.2514
298,4,4096,310,54.3641
300,4,4096,310,53.5406
302,4,4096,310,57.233
306,4,4096,310,57.2403
308,4,4096,310,61.0836
2,4,4096,314,33.973
4,4,4096,314,60.6695
6,4,4096,314,78.4609
10,4,4096,314,78.5049
12,4,4096,314,86.1634
14,4,4096,314,84.941
18,4,4096,314,90.4973
20,4,4096,314,93.0724
22,4,4096,314,87.75
26,4,4096,314,92.7046
28,4,4096,314,82.1346
30,4,4096,314,93.7321
34,4,4096,314,91.0398
36,4,4096,314,93.6576
38,4,4096,314,80.5754
42,4,4096,314,82.1855
44,4,4096,314,89.5125
46,4,4096,314,96.5933
50,4,4096,314,81.2723
52,4,4096,314,79.0951
54,4,4096,314,90.1134
58,4,4096,314,81.5524
60,4,4096,314,70.1901
62,4,4096,314,81.3464
66,4,4096,314,85.5435
68,4,4096,314,88.3288
70,4,4096,314,85.5954
74,4,4096,314,61.6159
76,4,4096,314,82.0349
78,4,4096,314,66.2777
82,4,4096,314,72.3397
84,4,4096,314,84.4092
86,4,4096,314,75.6448
90,4,4096,314,64.4398
92,4,4096,314,74.3114
94,4,4096,314,71.0918
98,4,4096,314,74.2466
100,4,4096,314,71.4292
102,4,4096,314,62.8964
106,4,4096,314,78.2151
108,4,4096,314,82.996
110,4,4096,314,75.4085
114,4,4096,314,68.589
116,4,4096,314,80.8155
118,4,4096,314,71.5367
122,4,4096,314,75.4428
124,4,4096,314,73.8643
126,4,4096,314,71.0911
130,4,4096,314,77.0594
132,4,4096,314,68.9365
134,4,4096,314,74.1311
138,4,4096,314,71.9836
140,4,4096,314,78.8216
142,4,4096,314,71.7287
146,4,4096,314,68.5929
148,4,4096,314,63.4874
150,4,4096,314,72.1737
154,4,4096,314,74.3598
156,4,4096,314,63.63
158,4,4096,314,67.2151
162,4,4096,314,69.5105
164,4,4096,314,74.0611
166,4,4096,314,68.0986
170,4,4096,314,74.388
172,4,4096,314,64.0497
174,4,4096,314,63.6715
178,4,4096,314,73.7527
180,4,4096,314,71.1942
182,4,4096,314,70.3908
186,4,4096,314,75.9059
188,4,4096,314,71.7078
190,4,4096,314,71.5764
194,4,4096,314,70.8779
196,4,4096,314,68.1318
198,4,4096,314,60.7306
202,4,4096,314,58.7471
204,4,4096,314,59.1323
206,4,4096,314,66.8374
210,4,4096,314,65.4029
212,4,4096,314,69.1364
214,4,4096,314,55.7729
218,4,4096,314,56.4159
220,4,4096,314,55.6013
222,4,4096,314,69.1777
226,4,4096,314,58.6576
228,4,4096,314,59.5596
230,4,4096,314,66.8435
234,4,4096,314,65.8547
236,4,4096,314,58.439
238,4,4096,314,53.6084
242,4,4096,314,60.1832
244,4,4096,314,55.7347
246,4,4096,314,54.154
250,4,4096,314,57.9987
252,4,4096,314,65.1582
254,4,4096,314,54.4019
258,4,4096,314,62.2354
260,4,4096,314,60.6058
262,4,4096,314,63.5269
266,4,4096,314,61.6451
268,4,4096,314,60.1933
270,4,4096,314,60.8896
274,4,4096,314,60.1761
276,4,4096,314,60.3734
278,4,4096,314,63.0192
282,4,4096,314,65.5216
284,4,4096,314,63.5361
286,4,4096,314,63.1342
290,4,4096,314,58.4684
292,4,4096,314,46.0238
294,4,4096,314,50.9899
298,4,4096,314,59.7274
300,4,4096,314,60.9557
302,4,4096,314,55.2947
306,4,4096,314,56.1049
308,4,4096,314,58.6878
310,4,4096,314,56.6272
2,4,4096,316,34.0335
4,4,4096,316,60.9872
6,4,4096,316,76.2395
10,4,4096,316,74.6989
12,4,4096,316,76.7921
14,4,4096,316,81.2995
18,4,4096,316,84.7866
20,4,4096,316,96.3991
22,4,4096,316,101.2587
26,4,4096,316,86.4087
28,4,4096,316,95.3925
30,4,4096,316,102.709
34,4,4096,316,91.8948
36,4,4096,316,92.588
38,4,4096,316,101.4108
42,4,4096,316,98.6836
44,4,4096,316,102.2184
46,4,4096,316,102.2056
50,4,4096,316,72.7941
52,4,4096,316,64.7845
54,4,4096,316,79.1034
58,4,4096,316,74.5687
60,4,4096,316,88.9608
62,4,4096,316,94.341
66,4,4096,316,73.0707
68,4,4096,316,78.0938
70,4,4096,316,83.8775
74,4,4096,316,89.9357
76,4,4096,316,78.0881
78,4,4096,316,78.015
82,4,4096,316,60.4878
84,4,4096,316,75.4315
86,4,4096,316,61.8584
90,4,4096,316,77.0872
92,4,4096,316,78.0128
94,4,4096,316,74.4801
98,4,4096,316,73.0611
100,4,4096,316,70.8033
102,4,4096,316,81.8281
106,4,4096,316,65.7204
108,4,4096,316,74.5306
110,4,4096,316,72.1396
114,4,4096,316,71.4072
116,4,4096,316,63.7662
118,4,4096,316,75.9027
122,4,4096,316,64.4538
124,4,4096,316,77.1542
126,4,4096,316,61.9565
130,4,4096,316,80.4611
132,4,4096,316,80.5126
134,4,4096,316,64.5405
138,4,4096,316,74.2112
140,4,4096,316,62.2095
142,4,4096,316,66.3794
146,4,4096,316,76.8336
148,4,4096,316,60.3744
150,4,4096,316,78.7321
154,4,4096,316,73.0395
156,4,4096,316,62.9466
158,4,4096,316,64.2788
162,4,4096,316,77.0024
164,4,4096,316,66.629
166,4,4096,316,78.9016
170,4,4096,316,64.194
172,4,4096,316,65.8895
174,4,4096,316,77.7267
178,4,4096,316,71.2288
180,4,4096,316,80.35
182,4,4096,316,71.4673
186,4,4096,316,74.0089
188,4,4096,316,66.312
190,4,4096,316,70.8922
194,4,4096,316,71.331
196,4,4096,316,69.3982
198,4,4096,316,68.5784
202,4,4096,316,58.8693
204,4,4096,316,68.3271
206,4,4096,316,69.6295
210,4,4096,316,60.8546
212,4,4096,316,64.5332
214,4,4096,316,56.7549
218,4,4096,316,66.8479
220,4,4096,316,69.495
222,4,4096,316,66.6876
226,4,4096,316,70.4393
228,4,4096,316,66.0577
230,4,4096,316,64.5463
234,4,4096,316,64.1006
236,4,4096,316,57.9003
238,4,4096,316,56.0154
242,4,4096,316,60.8687
244,4,4096,316,61.5555
246,4,4096,316,52.1286
250,4,4096,316,59.597
252,4,4096,316,60.1274
254,4,4096,316,59.7619
258,4,4096,316,55.2955
260,4,4096,316,63.0459
262,4,4096,316,66.7129
266,4,4096,316,67.0794
268,4,4096,316,60.7036
270,4,4096,316,63.368
274,4,4096,316,64.0671
276,4,4096,316,65.7763
278,4,4096,316,53.0412
282,4,4096,316,59.2727
284,4,4096,316,61.2949
286,4,4096,316,62.2839
290,4,4096,316,63.2513
292,4,4096,316,57.4082
294,4,4096,316,56.6748
298,4,4096,316,59.7867
300,4,4096,316,58.9491
302,4,4096,316,65.1348
306,4,4096,316,62.4711
308,4,4096,316,55.8376
310,4,4096,316,58.945
314,4,4096,316,56.9593
2,4,4096,318,33.0846
4,4,4096,318,63.614
6,4,4096,318,81.3862
10,4,4096,318,70.2936
12,4,4096,318,80.7974
14,4,4096,318,92.287
18,4,4096,318,91.1006
20,4,4096,318,96.6491
22,4,4096,318,99.8542
26,4,4096,318,97.2308
28,4,4096,318,84.0261
30,4,4096,318,79.5532
34,4,4096,318,90.9284
36,4,4096,318,90.1271
38,4,4096,318,91.385
42,4,4096,318,89.8825
44,4,4096,318,80.2145
46,4,4096,318,84.6238
50,4,4096,318,78.3858
52,4,4096,318,89.2175
54,4,4096,318,87.7709
58,4,4096,318,81.2436
60,4,4096,318,92.2579
62,4,4096,318,83.2255
66,4,4096,318,66.4372
68,4,4096,318,84.356
70,4,4096,318,84.3384
74,4,4096,318,69.974
76,4,4096,318,76.2188
78,4,4096,318,78.4795
82,4,4096,318,84.3671
84,4,4096,318,67.2935
86,4,4096,318,73.8826
90,4,4096,318,62.2543
92,4,4096,318,76.48
94,4,4096,318,68.9265
98,4,4096,318,78.6243
100,4,4096,318,67.5939
102,4,4096,318,77.681
106,4,4096,318,72.5614
108,4,4096,318,76.7962
110,4,4096,318,62.7418
114,4,4096,318,73.7482
116,4,4096,318,74.0501
118,4,4096,318,81.3665
122,4,4096,318,68.8979
124,4,4096,318,78.1111
126,4,4096,318,67.2983
130,4,4096,318,75.5336
132,4,4096,318,81.6412
134,4,4096,318,62.1746
138,4,4096,318,73.9173
140,4,4096,318,74.8451
142,4,4096,318,64.3722
146,4,4096,318,71.4758
148,4,4096,318,73.8164
150,4,4096,318,68.6433
154,4,4096,318,67.6318
156,4,4096,318,67.1479
158,4,4096,318,63.3183
162,4,4096,318,75.8176
164,4,4096,318,73.2313
166,4,4096,318,71.4704
170,4,4096,318,78.4823
172,4,4096,318,65.0758
174,4,4096,318,76.3843
178,4,4096,318,71.1974
180,4,4096,318,72.7335
182,4,4096,318,76.633
186,4,4096,318,64.7448
188,4,4096,318,76.2203
190,4,4096,318,73.9167
194,4,4096,318,62.1229
196,4,4096,318,64.77
198,4,4096,318,74.2314
202,4,4096,318,69.1611
204,4,4096,318,57.7436
206,4,4096,318,62.4582
210,4,4096,318,65.4942
212,4,4096,318,73.1211
214,4,4096,318,66.5867
218,4,4096,318,67.1872
220,4,4096,318,57.0066
222,4,4096,318,62.2504
226,4,4096,318,64.7653
228,4,4096,318,60.7519
230,4,4096,318,65.8099
234,4,4096,318,69.5039
236,4,4096,318,67.9816
238,4,4096,318,54.9534
242,4,4096,318,68.7968
244,4,4096,318,62.2668
246,4,4096,318,56.5575
250,4,4096,318,55.3135
252,4,4096,318,64.4652
254,4,4096,318,57.4386
258,4,4096,318,57.6494
260,4,4096,318,68.2311
262,4,4096,318,58.2623
266,4,4096,318,55.9582
268,4,4096,318,60.43
270,4,4096,318,62.8714
274,4,4096,318,53.5047
276,4,4096,318,53.5277
278,4,4096,318,54.2083
282,4,4096,318,64.1235
284,4,4096,318,64.4384
286,4,4096,318,62.6963
290,4,4096,318,55.9779
292,4,4096,318,55.4533
294,4,4096,318,56.0624
298,4,4096,318,52.5345
300,4,4096,318,59.0448
302,4,4096,318,55.7541
306,4,4096,318,59.519
308,4,4096,318,61.9277
310,4,4096,318,52.6361
314,4,4096,318,59.2228
316,4,4096,318,50.1578
2,4,4096,322,35.3923
4,4,4096,322,59.2251
6,4,4096,322,74.959
10,4,4096,322,73.9007
12,4,4096,322,80.7733
14,4,4096,322,87.9067
18,4,4096,322,70.9152
20,4,4096,322,96.1293
22,4,4096,322,100.3204
26,4,4096,322,95.4698
28,4,4096,322,90.4853
30,4,4096,322,100.9221
34,4,4096,322,98.0965
36,4,4096,322,99.9184
38,4,4096,322,101.5989
42,4,4096,322,98.4908
44,4,4096,322,87.0851
46,4,4096,322,90.2258
50,4,4096,322,87.6649
52,4,4096,322,94.5654
54,4,4096,322,91.0252
58,4,4096,322,80.5624
60,4,4096,322,75.7784
62,4,4096,322,84.4327
66,4,4096,322,90.9878
68,4,4096,322,82.1645
70,4,4096,322,70.1951
74,4,4096,322,77.7794
76,4,4096,322,74.4637
78,4,4096,322,81.9669
82,4,4096,322,75.6541
84,4,4096,322,79.515
86,4,4096,322,89.6329
90,4,4096,322,62.4488
92,4,4096,322,69.3033
94,4,4096,322,73.3811
98,4,4096,322,81.9515
100,4,4096,322,75.9572
102,4,4096,322,81.6573
106,4,4096,322,74.3182
108,4,4096,322,73.5471
110,4,4096,322,73.5856
114,4,4096,322,82.3284
116,4,4096,322,75.2205
118,4,4096,322,79.0839
122,4,4096,322,62.6339
124,4,4096,322,69.6008
126,4,4096,322,82.9731
130,4,4096,322,79.381
132,4,4096,322,74.0301
134,4,4096,322,65.5131
138,4,4096,322,64.8728
140,4,4096,322,61.1639
142,4,4096,322,78.4961
146,4,4096,322,61.6548
148,4,4096,322,76.4877
150,4,4096,322,75.6649
154,4,4096,322,77.7768
156,4,4096,322,73.3953
158,4,4096,322,74.3873
162,4,4096,322,61.6887
164,4,4096,322,66.0294
166,4,4096,322,69.0951
170,4,4096,322,65.2442
172,4,4096,322,74.3463
174,4,4096,322,75.5735
178,4,4096,322,72.2234
180,4,4096,322,65.4145
182,4,4096,322,65.4708
186,4,4096,322,72.214
188,4,4096,322,75.8608
190,4,4096,322,71.6019
194,4,4096,322,62.9233
196,4,4096,322,71.1127
198,4,4096,322,69.1807
202,4,4096,322,71.4114
204,4,4096,322,66.2018
206,4,4096,322,71.3605
210,4,4096,322,66.3746
212,4,4096,322,59.8203
214,4,4096,322,58.0404
218,4,4096,322,70.1859
220,4,4096,322,69.189
222,4,4096,322,66.8302
226,4,4096,322,67.4507
228,4,4096,322,59.8804
230,4,4096,322,61.5038
234,4,4096,322,65.7228
236,4,4096,322,57.4469
238,4,4096,322,63.0217
242,4,4096,322,66.7396
244,4,4096,322,63.3752
246,4,4096,322,63.3059
250,4,4096,322,61.797
252,4,4096,322,68.8566
254,4,4096,322,48.0003
258,4,4096,322,62.8482
260,4,4096,322,55.6973
262,4,4096,322,68.4573
266,4,4096,322,64.1784
268,4,4096,322,55.8293
270,4,4096,322,64.889
274,4,4096,322,56.7967
276,4,4096,322,64.6547
278,4,4096,322,61.286
282,4,4096,322,59.0344
284,4,4096,322,64.6406
286,4,4096,322,59.4767
290,4,4096,322,63.5927
292,4,4096,322,62.5008
294,4,4096,322,57.2355
298,4,4096,322,59.4321
300,4,4096,322,56.0021
302,4,4096,322,60.8818
306,4,4096,322,63.5793
308,4,4096,322,64.7251
310,4,4096,322,50.7328
314,4,4096,322,55.9292
316,4,4096,322,56.1861
318,4,4096,322,49.2308
2,4,4096,324,32.8045
4,4,4096,324,61.6897
6,4,4096,324,79.1709
10,4,4096,324,68.1506
12,4,4096,324,91.0867
14,4,4096,324,90.3419
18,4,4096,324,87.8431
20,4,4096,324,86.3719
22,4,4096,324,96.278
26,4,4096,324,93.1273
28,4,4096,324,95.1179
30,4,4096,324,95.8523
34,4,4096,324,81.496
36,4,4096,324,88.1352
38,4,4096,324,87.637
42,4,4096,324,91.8602
44,4,4096,324,91.0302
46,4,4096,324,94.635
50,4,4096,324,75.3819
52,4,4096,324,82.2067
54,4,4096,324,88.0848
58,4,4096,324,85.9904
60,4,4096,324,74.3274
62,4,4096,324,86.9337
66,4,4096,324,71.7092
68,4,4096,324,72.1806
70,4,4096,324,85.3678
74,4,4096,324,78.9453
76,4,4096,324,81.6504
78,4,4096,324,87.5603
82,4,4096,324,67.927
84,4,4096,324,81.3751
86,4,4096,324,84.6154
90,4,4096,324,79.0823
92,4,4096,324,65.8265
94,4,4096,324,79.9951
98,4,4096,324,68.6419
100,4,4096,324,79.1069
102,4,4096,324,82.8638
106,4,4096,324,75.496
108,4,4096,324,70.6176
110,4,4096,324,68.7528
114,4,4096,324,70.8169
116,4,4096,324,83.6448
118,4,4096,324,77.6323
122,4,4096,324,72.7551
124,4,4096,324,70.0501
126,4,4096,324,64.6174
130,4,4096,324,76.7055
132,4,4096,324,81.1404
134,4,4096,324,75.6154
138,4,4096,324,63.7762
140,4,4096,324,78.0571
142,4,4096,324,61.7154
146,4,4096,324,76.4428
148,4,4096,324,73.3941
150,4,4096,324,62.7569
154,4,4096,324,67.0909
156,4,4096,324,65.0913
158,4,4096,324,62.0704
162,4,4096,324,73.1821
164,4,4096,324,75.6719
166,4,4096,324,66.1435
170,4,4096,324,65.6511
172,4,4096,324,75.3068
174,4,4096,324,63.0062
178,4,4096,324,74.4015
180,4,4096,324,60.5495
182,4,4096,324,72.2981
186,4,4096,324,70.5935
188,4,4096,324,74.1235
190,4,4096,324,72.3935
194,4,4096,324,59.5035
196,4,4096,324,69.8447
198,4,4096,324,59.8555
202,4,4096,324,61.7103
204,4,4096,324,58.745
206,4,4096,324,60.1422
210,4,4096,324,68.799
212,4,4096,324,58.7005
214,4,4096,324,70.9602
218,4,4096,324,60.4505
220,4,4096,324,66.8849
222,4,4096,324,65.5068
226,4,4096,324,60.1469
228,4,4096,324,64.0696
230,4,4096,324,69.8037
234,4,4096,324,66.9106
236,4,4096,324,62.2901
238,4,4096,324,59.6135
242,4,4096,324,55.8776
244,4,4096,324,64.515
246,4,4096,324,66.5761
250,4,4096,324,58.3026
252,4,4096,324,55.4674
254,4,4096,324,61.0937
258,4,4096,324,56.2183
260,4,4096,324,62.7439
262,4,4096,324,57.4214
266,4,4096,324,52.7716
268,4,4096,324,60.6127
270,4,4096,324,64.0208
274,4,4096,324,63.5529
276,4,4096,324,61.9528
278,4,4096,324,63.276
282,4,4096,324,66.4626
284,4,4096,324,63.5846
286,4,4096,324,57.1917
290,4,4096,324,51.4598
292,4,4096,324,61.3235
294,4,4096,324,59.8573
298,4,4096,324,59.3048
300,4,4096,324,61.5784
302,4,4096,324,49.2238
306,4,4096,324,60.5789
308,4,4096,324,56.5743
310,4,4096,324,51.839
314,4,4096,324,56.6472
316,4,4096,324,58.4607
318,4,4096,324,55.0481
322,4,4096,324,57.8798
2,4,4096,326,34.4984
4,4,4096,326,55.6556
6,4,4096,326,76.851
10,4,4096,326,77.8157
12,4,4096,326,88.9967
14,4,4096,326,84.7998
18,4,4096,326,83.5717
20,4,4096,326,90.4744
22,4,4096,326,93.716
26,4,4096,326,85.3048
28,4,4096,326,90.7949
30,4,4096,326,94.7928
34,4,4096,326,80.6834
36,4,4096,326,95.2009
38,4,4096,326,96.2013
42,4,4096,326,93.343
44,4,4096,326,91.5708
46,4,4096,326,87.2711
50,4,4096,326,84.6693
52,4,4096,326,85.5188
54,4,4096,326,91.221
58,4,4096,326,87.6043
60,4,4096,326,85.7323
62,4,4096,326,73.9894
66,4,4096,326,84.9203
68,4,4096,326,82.7199
70,4,4096,326,85.0269
74,4,4096,326,85.9578
76,4,4096,326,86.8534
78,4,4096,326,82.393
82,4,4096,326,80.8478
84,4,4096,326,75.405
86,4,4096,326,75.2367
90,4,4096,326,82.9454
92,4,4096,326,66.0116
94,4,4096,326,79.7998
98,4,4096,326,79.7051
100,4,4096,326,79.1395
102,4,4096,326,82.6706
106,4,4096,326,80.0295
108,4,4096,326,73.7242
110,4,4096,326,80.0661
114,4,4096,326,75.9892
116,4,4096,326,80.2174
118,4,4096,326,69.8429
122,4,4096,326,65.2328
124,4,4096,326,76.6197
126,4,4096,326,61.6308
130,4,4096,326,67.8267
132,4,4096,326,73.9598
134,4,4096,326,74.3296
138,4,4096,326,78.1843
140,4,4096,326,72.3346
142,4,4096,326,78.9297
146,4,4096,326,66.7493
148,4,4096,326,75.5178
150,4,4096,326,74.3553
154,4,4096,326,72.1658
156,4,4096,326,71.6203
158,4,4096,326,65.2051
162,4,4096,326,69.7829
164,4,4096,326,69.2626
166,4,4096,326,65.1977
170,4,4096,326,71.0687
172,4,4096,326,62.6297
174,4,4096,326,64.7364
178,4,4096,326,78.3713
180,4,4096,326,71.2929
182,4,4096,326,73.4244
186,4,4096,326,63.9001
188,4,4096,326,64.5739
190,4,4096,326,76.865
194,4,4096,326,62.4798
196,4,4096,326,68.0458
198,4,4096,326,68.4039
202,4,4096,326,59.7995
204,4,4096,326,65.5523
206,4,4096,326,70.0019
210,4,4096,326,69.2461
212,4,4096,326,69.7656
214,4,4096,326,64.7646
218,4,4096,326,61.7153
220,4,4096,326,70.3945
222,4,4096,326,67.6258
226,4,4096,326,61.033
228,4,4096,326,64.144
230,4,4096,326,58.308
234,4,4096,326,69.5177
236,4,4096,326,65.34
238,4,4096,326,55.8847
242,4,4096,326,56.1843
244,4,4096,326,59.369
246,4,4096,326,53.942
250,4,4096,326,53.5079
252,4,4096,326,65.3133
254,4,4096,326,58.8441
258,4,4096,326,57.4873
260,4,4096,326,69.8628
262,4,4096,326,61.4717
266,4,4096,326,63.4776
268,4,4096,326,57.622
270,4,4096,326,65.6571
274,4,4096,326,61.5354
276,4,4096,326,58.573
278,4,4096,326,64.6922
282,4,4096,326,56.8093
284,4,4096,326,68.4996
286,4,4096,326,62.5442
290,4,4096,326,61.9449
292,4,4096,326,62.828
294,4,4096,326,64.2781
298,4,4096,326,62.7656
300,4,4096,326,61.9322
302,4,4096,326,59.7367
306,4,4096,326,58.8142
308,4,4096,326,65.2868
310,4,4096,326,65.1415
314,4,4096,326,59.6465
316,4,4096,326,58.7536
318,4,4096,326,52.0805
322,4,4096,326,57.3739
324,4,4096,326,54.2594
2,4,4096,330,34.4975
4,4,4096,330,61.3361
6,4,4096,330,80.0254
10,4,4096,330,72.3038
12,4,4096,330,88.2611
14,4,4096,330,95.1546
18,4,4096,330,78.2344
20,4,4096,330,92.2893
22,4,4096,330,97.1203
26,4,4096,330,91.4777
28,4,4096,330,88.248
30,4,4096,330,99.4654
34,4,4096,330,87.4684
36,4,4096,330,93.3194
38,4,4096,330,95.8948
42,4,4096,330,95.548
44,4,4096,330,93.5116
46,4,4096,330,92.0226
50,4,4096,330,82.0828
52,4,4096,330,74.7032
54,4,4096,330,88.3715
58,4,4096,330,79.6382
60,4,4096,330,87.3999
62,4,4096,330,87.2927
66,4,4096,330,81.5482
68,4,4096,330,68.2128
70,4,4096,330,86.8343
74,4,4096,330,83.1255
76,4,4096,330,74.2854
78,4,4096,330,78.4294
82,4,4096,330,76.9386
84,4,4096,330,72.3959
86,4,4096,330,80.2771
90,4,4096,330,85.0594
92,4,4096,330,83.0705
94,4,4096,330,75.055
98,4,4096,330,82.0881
100,4,4096,330,64.611
102,4,4096,330,85.2246
106,4,4096,330,62.2858
108,4,4096,330,75.4419
110,4,4096,330,66.1923
114,4,4096,330,79.5218
116,4,4096,330,72.481
118,4,4096,330,80.9947
122,4,4096,330,72.5599
124,4,4096,330,77.9036
126,4,4096,330,64.9921
130,4,4096,330,60.74
132,4,4096,330,77.7831
134,4,4096,330,58.3267
138,4,4096,330,73.3953
140,4,4096,330,62.4643
142,4,4096,330,61.9511
146,4,4096,330,68.8925
148,4,4096,330,78.5617
150,4,4096,330,65.2042
154,4,4096,330,76.0896
156,4,4096,330,68.1476
158,4,4096,330,67.4138
162,4,4096,330,63.9157
164,4,4096,330,73.1692
166,4,4096,330,66.5361
170,4,4096,330,76.9104
172,4,4096,330,61.3837
174,4,4096,330,79.7137
178,4,4096,330,75.0014
180,4,4096,330,70.0759
182,4,4096,330,78.0467
186,4,4096,330,59.7557
188,4,4096,330,76.197
190,4,4096,330,72.391
194,4,4096,330,70.3694
196,4,4096,330,58.4435
198,4,4096,330,64.1715
202,4,4096,330,66.3672
204,4,4096,330,76.6192
206,4,4096,330,68.2513
210,4,4096,330,56.1813
212,4,4096,330,62.0149
214,4,4096,330,66.5335
218,4,4096,330,73.8165
220,4,4096,330,67.2973
222,4,4096,330,71.2963
226,4,4096,330,59.834
228,4,4096,330,58.648
230,4,4096,330,72.9091
234,4,4096,330,64.9381
236,4,4096,330,68.7835
238,4,4096,330,69.0389
242,4,4096,330,65.5817
244,4,4096,330,61.669
246,4,4096,330,62.8797
250,4,4096,330,60.5367
252,4,4096,330,65.8101
254,4,4096,330,63.701
258,4,4096,330,64.4178
260,4,4096,330,66.7868
262,4,4096,330,63.4478
266,4,4096,330,63.4716
268,4,4096,330,65.6897
270,4,4096,330,65.5082
274,4,4096,330,62.0127
276,4,4096,330,60.6623
278,4,4096,330,60.5407
282,4,4096,330,66.7566
284,4,4096,330,52.295
286,4,4096,330,60.5618
290,4,4096,330,64.0518
292,4,4096,330,56.6665
294,4,4096,330,65.3332
298,4,4096,330,63.9033
300,4,4096,330,57.4823
302,4,4096,330,58.8281
306,4,4096,330,59.4248
308,4,4096,330,58.902
310,4,4096,330,64.9727
314,4,4096,330,59.5737
316,4,4096,330,50.9655
318,4,4096,330,55.9238
322,4,4096,330,55.7029
324,4,4096,330,52.2841
326,4,4096,330,46.0839
2,4,4096,332,33.8738
4,4,4096,332,58.049
6,4,4096,332,81.3693
10,4,4096,332,69.5343
12,4,4096,332,84.0633
14,4,4096,332,91.9034
18,4,4096,332,91.574
20,4,4096,332,89.4907
22,4,4096,332,92.8249
26,4,4096,332,87.1294
28,4,4096,332,80.6558
30,4,4096,332,91.3378
34,4,4096,332,83.0865
36,4,4096,332,89.9839
38,4,4096,332,90.2187
42,4,4096,332,78.5588
44,4,4096,332,88.6169
46,4,4096,332,78.446
50,4,4096,332,86.3796
52,4,4096,332,82.0645
54,4,4096,332,92.9484
58,4,4096,332,91.0146
60,4,4096,332,80.3851
62,4,4096,332,80.0538
66,4,4096,332,86.0404
68,4,4096,332,68.5535
70,4,4096,332,73.9367
74,4,4096,332,75.1185
76,4,4096,332,86.9653
78,4,4096,332,71.9071
82,4,4096,332,75.8953
84,4,4096,332,78.8447
86,4,4096,332,87.43
90,4,4096,332,71.4975
92,4,4096,332,77.3479
94,4,4096,332,75.2057
98,4,4096,332,86.0655
100,4,4096,332,75.023
102,4,4096,332,69.108
106,4,4096,332,78.2565
108,4,4096,332,74.2925
110,4,4096,332,71.9441
114,4,4096,332,83.088
116,4,4096,332,70.1194
118,4,4096,332,78.2984
122,4,4096,332,77.8803
124,4,4096,332,70.7319
126,4,4096,332,70.6195
130,4,4096,332,68.716
132,4,4096,332,73.106
134,4,4096,332,68.8313
138,4,4096,332,79.2724
140,4,4096,332,65.5386
142,4,4096,332,74.1205
146,4,4096,332,74.0482
148,4,4096,332,70.4992
150,4,4096,332,72.6907
154,4,4096,332,61.0017
156,4,4096,332,60.7989
158,4,4096,332,67.6578
162,4,4096,332,70.994
164,4,4096,332,65.6312
166,4,4096,332,73.139
170,4,4096,332,72.5085
172,4,4096,332,65.3136
174,4,4096,332,70.6026
178,4,4096,332,65.4426
180,4,4096,332,74.0325
182,4,4096,332,72.6681
186,4,4096,332,70.5924
188,4,4096,332,74.4131
190,4,4096,332,76.2957
194,4,4096,332,69.7167
196,4,4096,332,76.2661
198,4,4096,332,62.8546
202,4,4096,332,71.3005
204,4,4096,332,66.0415
206,4,4096,332,70.4826
210,4,4096,332,68.6434
212,4,4096,332,59.8367
214,4,4096,332,64.6228
218,4,4096,332,60.9334
220,4,4096,332,65.6304
222,4,4096,332,71.7554
226,4,4096,332,56.1937
228,4,4096,332,57.1714
230,4,4096,332,59.6852
234,4,4096,332,65.7565
236,4,4096,332,70.651
238,4,4096,332,60.994
242,4,4096,332,65.27
244,4,4096,332,65.2455
246,4,4096,332,69.7664
250,4,4096,332,59.9534
252,4,4096,332,53.533
254,4,4096,332,58.3098
258,4,4096,332,58.055
260,4,4096,332,59.9905
262,4,4096,332,58.0683
266,4,4096,332,60.1215
268,4,4096,332,53.5289
270,4,4096,332,54.5673
274,4,4096,332,56.4318
276,4,4096,332,64.017
278,4,4096,332,60.3365
282,4,4096,332,59.8918
284,4,4096,332,62.868
286,4,4096,332,65.9319
290,4,4096,332,53.438
292,4,4096,332,59.7111
294,4,4096,332,59.8101
298,4,4096,332,60.6458
300,4,4096,332,64.2689
302,4,4096,332,64.5707
306,4,4096,332,60.042
308,4,4096,332,59.6741
310,4,4096,332,55.6168
314,4,4096,332,52.7965
316,4,4096,332,58.4483
318,4,4096,332,57.7283
322,4,4096,332,48.6297
324,4,4096,332,58.0103
326,4,4096,332,52.1039
330,4,4096,332,57.7731
2,4,4096,334,34.2843
4,4,4096,334,59.6346
6,4,4096,334,72.7087
10,4,4096,334,81.1481
12,4,4096,334,80.3685
14,4,4096,334,84.3773
18,4,4096,334,91.5689
20,4,4096,334,97.325
22,4,4096,334,99.8011
26,4,4096,334,90.8012
28,4,4096,334,100.6286
30,4,4096,334,93.253
34,4,4096,334,91.3908
36,4,4096,334,76.2953
38,4,4096,334,79.4671
42,4,4096,334,82.7227
44,4,4096,334,85.6103
46,4,4096,334,78.8748
50,4,4096,334,87.1207
52,4,4096,334,86.9807
54,4,4096,334,91.4505
58,4,4096,334,85.9718
60,4,4096,334,85.7493
62,4,4096,334,81.203
66,4,4096,334,76.5213
68,4,4096,334,90.8495
70,4,4096,334,75.4788
74,4,4096,334,80.0491
76,4,4096,334,81.8655
78,4,4096,334,87.6134
82,4,4096,334,69.4091
84,4,4096,334,80.9863
86,4,4096,334,79.2009
90,4,4096,334,76.152
92,4,4096,334,77.2305
94,4,4096,334,78.0038
98,4,4096,334,76.4809
100,4,4096,334,67.0842
102,4,4096,334,66.9513
106,4,4096,334,70.3652
108,4,4096,334,76.9238
110,4,4096,334,69.4024
114,4,4096,334,76.6641
116,4,4096,334,62.8418
118,4,4096,334,68.9401
122,4,4096,334,79.4951
124,4,4096,334,70.2057
126,4,4096,334,76.0814
130,4,4096,334,64.3186
132,4,4096,334,66.5708
134,4,4096,334,74.457
138,4,4096,334,75.9413
140,4,4096,334,77.6305
142,4,4096,334,58.4471
146,4,4096,334,75.7706
148,4,4096,334,77.4088
150,4,4096,334,60.5176
154,4,4096,334,74.7833
156,4,4096,334,74.9078
158,4,4096,334,61.8932
162,4,4096,334,65.3183
164,4,4096,334,72.5835
166,4,4096,334,73.2935
170,4,4096,334,72.874
172,4,4096,334,74.7769
174,4,4096,334,65.4644
178,4,4096,334,75.0002
180,4,4096,334,78.1144
182,4,4096,334,61.1951
186,4,4096,334,74.8792
188,4,4096,334,74.9878
190,4,4096,334,72.8884
194,4,4096,334,63.2242
196,4,4096,334,71.0732
198,4,4096,334,70.1809
202,4,4096,334,67.8536
204,4,4096,334,60.2093
206,4,4096,334,70.8352
210,4,4096,334,65.6477
212,4,4096,334,55.7199
214,4,4096,334,68.6037
218,4,4096,334,57.2143
220,4,4096,334,63.9139
222,4,4096,334,67.8382
226,4,4096,334,68.0025
228,4,4096,334,69.1846
230,4,4096,334,57.9647
234,4,4096,334,64.3509
236,4,4096,334,69.7988
238,4,4096,334,63.9602
242,4,4096,334,61.0866
244,4,4096,334,67.6066
246,4,4096,334,66.3444
250,4,4096,334,66.4575
252,4,4096,334,66.7048
254,4,4096,334,48.7761
258,4,4096,334,66.6587
260,4,4096,334,66.3934
262,4,4096,334,67.3872
266,4,4096,334,63.707
268,4,4096,334,58.5281
270,4,4096,334,65.2323
274,4,4096,334,57.244
276,4,4096,334,62.2338
278,4,4096,334,64.5231
282,4,4096,334,56.5888
284,4,4096,334,60.4184
286,4,4096,334,57.5224
290,4,4096,334,62.4364
292,4,4096,334,60.3035
294,4,4096,334,61.0602
298,4,4096,334,59.4831
300,4,4096,334,58.864
302,4,4096,334,56.4347
306,4,4096,334,55.9413
308,4,4096,334,60.0572
310,4,4096,334,57.1499
314,4,4096,334,59.8637
316,4,4096,334,51.7559
318,4,4096,334,52.9603
322,4,4096,334,58.4016
324,4,4096,334,57.4799
326,4,4096,334,56.5008
330,4,4096,334,59.4674
332,4,4096,334,60.9789
2,4,4096,338,34.4984
4,4,4096,338,58.0714
6,4,4096,338,76.1485
10,4,4096,338,73.5932
12,4,4096,338,82.8555
14,4,4096,338,82.015
18,4,4096,338,89.6201
20,4,4096,338,92.3042
22,4,4096,338,95.2498
26,4,4096,338,84.852
28,4,4096,338,91.7596
30,4,4096,338,97.2885
34,4,4096,338,95.2725
36,4,4096,338,95.9444
38,4,4096,338,86.2829
42,4,4096,338,81.2832
44,4,4096,338,79.8635
46,4,4096,338,80.6301
50,4,4096,338,75.2199
52,4,4096,338,80.6355
54,4,4096,338,85.7821
58,4,4096,338,71.256
60,4,4096,338,70.7403
62,4,4096,338,84.2456
66,4,4096,338,85.6947
68,4,4096,338,80.8296
70,4,4096,338,80.3105
74,4,4096,338,69.5404
76,4,4096,338,83.6105
78,4,4096,338,78.9723
82,4,4096,338,80.7322
84,4,4096,338,65.046
86,4,4096,338,72.9987
90,4,4096,338,67.1202
92,4,4096,338,73.6371
94,4,4096,338,69.1779
98,4,4096,338,77.9185
100,4,4096,338,63.426
102,4,4096,338,69.7766
106,4,4096,338,68.0709
108,4,4096,338,65.669
110,4,4096,338,80.2036
114,4,4096,338,72.478
116,4,4096,338,74.6588
118,4,4096,338,73.0133
122,4,4096,338,71.754
124,4,4096,338,78.7747
126,4,4096,338,73.4094
130,4,4096,338,77.2382
132,4,4096,338,67.4588
134,4,4096,338,64.9734
138,4,4096,338,76.4863
140,4,4096,338,62.4689
142,4,4096,338,71.0692
146,4,4096,338,74.4158
148,4,4096,338,67.1245
150,4,4096,338,70.2584
154,4,4096,338,71.7794
156,4,4096,338,72.7841
158,4,4096,338,68.002
162,4,4096,338,74.8352
164,4,4096,338,66.0952
166,4,4096,338,71.8165
170,4,4096,338,74.7586
172,4,4096,338,66.7236
174,4,4096,338,67.2691
178,4,4096,338,65.8106
180,4,4096,338,77.672
182,4,4096,338,71.7029
186,4,4096,338,73.002
188,4,4096,338,77.5777
190,4,4096,338,60.7865
194,4,4096,338,75.8828
196,4,4096,338,67.6409
198,4,4096,338,70.4696
202,4,4096,338,61.6752
204,4,4096,338,65.1916
206,4,4096,338,73.4201
210,4,4096,338,65.4934
212,4,4096,338,65.2327
214,4,4096,338,59.567
218,4,4096,338,62.1921
220,4,4096,338,73.284
222,4,4096,338,64.8583
226,4,4096,338,59.9402
228,4,4096,338,57.0012
230,4,4096,338,55.964
234,4,4096,338,66.5487
236,4,4096,338,61.913
238,4,4096,338,64.0773
242,4,4096,338,69.1132
244,4,4096,338,64.6914
246,4,4096,338,63.1289
250,4,4096,338,62.4168
252,4,4096,338,69.5429
254,4,4096,338,61.8193
258,4,4096,338,58.9778
260,4,4096,338,67.5038
262,4,4096,338,54.2388
266,4,4096,338,63.1015
268,4,4096,338,63.1547
270,4,4096,338,60.4284
274,4,4096,338,67.5137
276,4,4096,338,67.1402
278,4,4096,338,61.7157
282,4,4096,338,57.311
284,4,4096,338,62.74
286,4,4096,338,66.2009
290,4,4096,338,66.3737
292,4,4096,338,59.4012
294,4,4096,338,53.0607
298,4,4096,338,59.7278
300,4,4096,338,58.7903
302,4,4096,338,63.3563
306,4,4096,338,65.6383
308,4,4096,338,60.7333
310,4,4096,338,55.2332
314,4,4096,338,53.8194
316,4,4096,338,57.2909
318,4,4096,338,51.1556
322,4,4096,338,55.706
324,4,4096,338,53.25
326,4,4096,338,62.7313
330,4,4096,338,60.1504
332,4,4096,338,59.9315
334,4,4096,338,58.4959
2,4,4096,340,33.319
4,4,4096,340,57.4467
6,4,4096,340,72.2425
10,4,4096,340,74.2704
12,4,4096,340,85.9281
14,4,4096,340,78.8727
18,4,4096,340,85.1935
20,4,4096,340,80.0779
22,4,4096,340,98.2694
26,4,4096,340,81.4646
28,4,4096,340,96.8725
30,4,4096,340,98.9217
34,4,4096,340,98.6684
36,4,4096,340,89.0718
38,4,4096,340,93.7445
42,4,4096,340,88.9076
44,4,4096,340,91.8988
46,4,4096,340,79.3055
50,4,4096,340,82.9586
52,4,4096,340,78.52
54,4,4096,340,76.1644
58,4,4096,340,88.7806
60,4,4096,340,79.3017
62,4,4096,340,76.9879
66,4,4096,340,82.5364
68,4,4096,340,73.8733
70,4,4096,340,77.071
74,4,4096,340,71.5802
76,4,4096,340,84.2533
78,4,4096,340,61.7282
82,4,4096,340,79.8737
84,4,4096,340,65.4265
86,4,4096,340,74.8961
90,4,4096,340,87.1169
92,4,4096,340,71.1239
94,4,4096,340,78.9537
98,4,4096,340,79.6503
100,4,4096,340,76.7578
102,4,4096,340,77.8075
106,4,4096,340,82.8321
108,4,4096,340,65.8208
110,4,4096,340,76.1663
114,4,4096,340,66.7712
116,4,4096,340,64.8269
118,4,4096,340,83.6717
122,4,4096,340,75.2267
124,4,4096,340,76.1637
126,4,4096,340,80.9064
130,4,4096,340,74.0635
132,4,4096,340,60.6039
134,4,4096,340,80.4443
138,4,4096,340,65.2146
140,4,4096,340,78.3789
142,4,4096,340,58.0347
146,4,4096,340,70.7328
148,4,4096,340,69.6711
150,4,4096,340,75.7327
154,4,4096,340,72.572
156,4,4096,340,72.1274
158,4,4096,340,66.8009
162,4,4096,340,70.1241
164,4,4096,340,76.8779
166,4,4096,340,70.4128
170,4,4096,340,69.414
172,4,4096,340,68.411
174,4,4096,340,70.5289
178,4,4096,340,63.7494
180,4,4096,340,77.7376
182,4,4096,340,70.0307
186,4,4096,340,70.8573
188,4,4096,340,63.7504
190,4,4096,340,78.5703
194,4,4096,340,67.6638
196,4,4096,340,71.047
198,4,4096,340,65.1013
202,4,4096,340,73.2591
204,4,4096,340,68.2929
206,4,4096,340,54.0844
210,4,4096,340,64.7479
212,4,4096,340,63.7132
214,4,4096,340,67.4618
218,4,4096,340,67.0081
220,4,4096,340,67.0115
222,4,4096,340,65.1107
226,4,4096,340,59.9012
228,4,4096,340,61.8015
230,4,4096,340,70.7586
234,4,4096,340,64.5435
236,4,4096,340,66.9764
238,4,4096,340,54.52
242,4,4096,340,61.3648
244,4,4096,340,58.6876
246,4,4096,340,59.5162
250,4,4096,340,59.5757
252,4,4096,340,59.3559
254,4,4096,340,63.819
258,4,4096,340,64.6428
260,4,4096,340,60.2388
262,4,4096,340,56.898
266,4,4096,340,57.674
268,4,4096,340,58.0498
270,4,4096,340,54.2801
274,4,4096,340,53.8743
276,4,4096,340,61.7593
278,4,4096,340,52.241
282,4,4096,340,49.3143
284,4,4096,340,61.5688
286,4,4096,340,63.2884
290,4,4096,340,65.4009
292,4,4096,340,62.4279
294,4,4096,340,49.7114
298,4,4096,340,58.5487
300,4,4096,340,54.9673
302,4,4096,340,50.1312
306,4,4096,340,49.2622
308,4,4096,340,59.7157
310,4,4096,340,53.7631
314,4,4096,340,52.9093
316,4,4096,340,48.1599
318,4,4096,340,52.0693
322,4,4096,340,58.5668
324,4,4096,340,57.065
326,4,4096,340,64.1922
330,4,4096,340,61.5329
332,4,4096,340,59.5797
334,4,4096,340,57.173
338,4,4096,340,52.0344
2,4,4096,342,31.9098
4,4,4096,342,59.515
6,4,4096,342,74.8519
10,4,4096,342,70.3815
12,4,4096,342,89.125
14,4,4096,342,79.9482
18,4,4096,342,86.1463
20,4,4096,342,87.6617
22,4,4096,342,81.6979
26,4,4096,342,85.321
28,4,4096,342,99.5886
30,4,4096,342,98.246
34,4,4096,342,80.2043
36,4,4096,342,72.8452
38,4,4096,342,88.008
42,4,4096,342,81.6663
44,4,4096,342,85.6203
46,4,4096,342,76.6412
50,4,4096,342,75.733
52,4,4096,342,90.6679
54,4,4096,342,92.7615
58,4,4096,342,79.8703
60,4,4096,342,70.9585
62,4,4096,342,85.2274
66,4,4096,342,80.9653
68,4,4096,342,80.7549
70,4,4096,342,74.4253
74,4,4096,342,59.9155
76,4,4096,342,87.3324
78,4,4096,342,60.5936
82,4,4096,342,70.9879
84,4,4096,342,66.7272
86,4,4096,342,71.5953
90,4,4096,342,73.0225
92,4,4096,342,80.2146
94,4,4096,342,64.3311
98,4,4096,342,76.4911
100,4,4096,342,74.8067
102,4,4096,342,77.7885
106,4,4096,342,81.501
108,4,4096,342,65.9327
110,4,4096,342,57.7746
114,4,4096,342,75.9825
116,4,4096,342,81.5397
118,4,4096,342,64.0399
122,4,4096,342,78.3923
124,4,4096,342,67.7959
126,4,4096,342,76.0854
130,4,4096,342,62.081
132,4,4096,342,69.9015
134,4,4096,342,73.3369
138,4,4096,342,62.0684
140,4,4096,342,64.7701
142,4,4096,342,79.6625
146,4,4096,342,68.2927
148,4,4096,342,67.4272
150,4,4096,342,61.7656
154,4,4096,342,62.9977
156,4,4096,342,80.6749
158,4,4096,342,53.8542
162,4,4096,342,65.7615
164,4,4096,342,61.7469
166,4,4096,342,61.9098
170,4,4096,342,78.0375
172,4,4096,342,72.2853
174,4,4096,342,80.2013
178,4,4096,342,75.0655
180,4,4096,342,63.7651
182,4,4096,342,63.2469
186,4,4096,342,72.8701
188,4,4096,342,80.287
190,4,4096,342,67.8563
194,4,4096,342,75.1853
196,4,4096,342,64.252
198,4,4096,342,70.2989
202,4,4096,342,63.3406
204,4,4096,342,73.5769
206,4,4096,342,68.0369
210,4,4096,342,59.8202
212,4,4096,342,66.3203
214,4,4096,342,66.8784
218,4,4096,342,59.5535
220,4,4096,342,59.6194
222,4,4096,342,61.4894
226,4,4096,342,68.5102
228,4,4096,342,66.4651
230,4,4096,342,57.3922
234,4,4096,342,60.9543
236,4,4096,342,57.935
238,4,4096,342,62.5005
242,4,4096,342,64.1937
244,4,4096,342,66.3035
246,4,4096,342,70.3293
250,4,4096,342,56.9936
252,4,4096,342,64.4028
254,4,4096,342,55.6907
258,4,4096,342,55.1938
260,4,4096,342,51.8422
262,4,4096,342,61.1072
266,4,4096,342,68.8081
268,4,4096,342,68.254
270,4,4096,342,63.4649
274,4,4096,342,65.1236
276,4,4096,342,67.2474
278,4,4096,342,61.2649
282,4,4096,342,62.175
284,4,4096,342,68.7275
286,4,4096,342,63.6691
290,4,4096,342,61.276
292,4,4096,342,60.3535
294,4,4096,342,64.8016
298,4,4096,342,63.2011
300,4,4096,342,55.161
302,4,4096,342,60.4251
306,4,4096,342,61.2829
308,4,4096,342,65.8238
310,4,4096,342,62.4449
314,4,4096,342,55.8444
316,4,4096,342,60.2972
318,4,4096,342,54.6346
322,4,4096,342,58.5184
324,4,4096,342,60.7169
326,4,4096,342,55.7948
330,4,4096,342,56.8021
332,4,4096,342,50.9495
334,4,4096,342,59.9004
338,4,4096,342,51.0307
340,4,4096,342,58.2965
2,4,4096,346,34.1887
4,4,4096,346,60.1434
6,4,4096,346,72.6929
10,4,4096,346,79.2833
12,4,4096,346,82.193
14,4,4096,346,76.9696
18,4,4096,346,85.943
20,4,4096,346,96.7949
22,4,4096,346,93.7647
26,4,4096,346,87.4246
28,4,4096,346,85.0029
30,4,4096,346,102.7076
34,4,4096,346,94.7568
36,4,4096,346,98.4709
38,4,4096,346,88.722
42,4,4096,346,89.0159
44,4,4096,346,74.3968
46,4,4096,346,86.1442
50,4,4096,346,81.4173
52,4,4096,346,82.4504
54,4,4096,346,74.0111
58,4,4096,346,86.5046
60,4,4096,346,84.3433
62,4,4096,346,76.6371
66,4,4096,346,80.8842
68,4,4096,346,66.9005
70,4,4096,346,75.0833
74,4,4096,346,68.2693
76,4,4096,346,88.5821
78,4,4096,346,77.2882
82,4,4096,346,80.2354
84,4,4096,346,70.9449
86,4,4096,346,66.7436
90,4,4096,346,65.9355
92,4,4096,346,74.4408
94,4,4096,346,68.0217
98,4,4096,346,81.0113
100,4,4096,346,71.8425
102,4,4096,346,66.3162
106,4,4096,346,80.4657
108,4,4096,346,70.0507
110,4,4096,346,80.7396
114,4,4096,346,69.9648
116,4,4096,346,64.1665
118,4,4096,346,79.0929
122,4,4096,346,73.2808
124,4,4096,346,71.9074
126,4,4096,346,74.2397
130,4,4096,346,65.4824
132,4,4096,346,60.667
134,4,4096,346,75.9478
138,4,4096,346,68.2936
140,4,4096,346,66.8774
142,4,4096,346,78.7811
146,4,4096,346,64.9606
148,4,4096,346,70.4188
150,4,4096,346,71.5194
154,4,4096,346,65.1862
156,4,4096,346,67.9846
158,4,4096,346,76.3073
162,4,4096,346,67.7285
164,4,4096,346,73.7879
166,4,4096,346,73.0579
170,4,4096,346,65.6625
172,4,4096,346,73.2378
174,4,4096,346,67.1682
178,4,4096,346,69.4234
180,4,4096,346,76.5365
182,4,4096,346,67.0875
186,4,4096,346,76.1043
188,4,4096,346,67.6266
190,4,4096,346,69.3995
194,4,4096,346,71.4529
196,4,4096,346,64.803
198,4,4096,346,65.4999
202,4,4096,346,68.2556
204,4,4096,346,66.7928
206,4,4096,346,71.0423
210,4,4096,346,68.6627
212,4,4096,346,72.4542
214,4,4096,346,71.2076
218,4,4096,346,58.0307
220,4,4096,346,62.4735
222,4,4096,346,68.6478
226,4,4096,346,61.7691
228,4,4096,346,58.9476
230,4,4096,346,59.0468
234,4,4096,346,69.6298
236,4,4096,346,67.6024
238,4,4096,346,65.0823
242,4,4096,346,65.3419
244,4,4096,346,58.5255
246,4,4096,346,68.1903
250,4,4096,346,58.7676
252,4,4096,346,57.8631
254,4,4096,346,63.2027
258,4,4096,346,60.1988
260,4,4096,346,61.2052
262,4,4096,346,58.5353
266,4,4096,346,65.779
268,4,4096,346,62.6001
270,4,4096,346,58.0711
274,4,4096,346,62.9695
276,4,4096,346,64.512
278,4,4096,346,65.5742
282,4,4096,346,64.795
284,4,4096,346,65.241
286,4,4096,346,63.3468
290,4,4096,346,63.0157
292,4,4096,346,63.4375
294,4,4096,346,55.0088
298,4,4096,346,60.6883
300,4,4096,346,65.3317
302,4,4096,346,64.6815
306,4,4096,346,63.4058
308,4,4096,346,55.1868
310,4,4096,346,60.7941
314,4,4096,346,62.838
316,4,4096,346,61.9711
318,4,4096,346,61.4399
322,4,4096,346,61.4306
324,4,4096,346,60.8261
326,4,4096,346,59.8382
330,4,4096,346,60.3028
332,4,4096,346,54.5354
334,4,4096,346,62.528
338,4,4096,346,57.6399
340,4,4096,346,53.4962
342,4,4096,346,54.8309
2,4,4096,348,33.8305
4,4,4096,348,54.6146
6,4,4096,348,78.2291
10,4,4096,348,79.1645
12,4,4096,348,89.1438
14,4,4096,348,87.5494
18,4,4096,348,87.778
20,4,4096,348,79.4423
22,4,4096,348,94.4575
26,4,4096,348,88.8994
28,4,4096,348,83.701
30,4,4096,348,89.7635
34,4,4096,348,87.9582
36,4,4096,348,96.1188
38,4,4096,348,92.5549
42,4,4096,348,90.5403
44,4,4096,348,87.9767
46,4,4096,348,85.3299
50,4,4096,348,89.4435
52,4,4096,348,89.2611
54,4,4096,348,84.6847
58,4,4096,348,86.8641
60,4,4096,348,88.3122
62,4,4096,348,68.6474
66,4,4096,348,80.1438
68,4,4096,348,78.5613
70,4,4096,348,66.6747
74,4,4096,348,82.6334
76,4,4096,348,75.4849
78,4,4096,348,68.7522
82,4,4096,348,78.8153
84,4,4096,348,81.2448
86,4,4096,348,73.9792
90,4,4096,348,82.0042
92,4,4096,348,61.7834
94,4,4096,348,78.6499
98,4,4096,348,72.4315
100,4,4096,348,82.7902
102,4,4096,348,69.8188
106,4,4096,348,78.4207
108,4,4096,348,69.0763
110,4,4096,348,72.283
114,4,4096,348,80.3891
116,4,4096,348,64.7782
118,4,4096,348,76.0377
122,4,4096,348,81.253
124,4,4096,348,70.4624
126,4,4096,348,80.8872
130,4,4096,348,78.9934
132,4,4096,348,77.8902
134,4,4096,348,67.6085
138,4,4096,348,67.7941
140,4,4096,348,63.5321
142,4,4096,348,76.0665
146,4,4096,348,75.3409
148,4,4096,348,61.4436
150,4,4096,348,68.0228
154,4,4096,348,73.8754
156,4,4096,348,61.617
158,4,4096,348,74.3051
162,4,4096,348,75.9629
164,4,4096,348,75.728
166,4,4096,348,65.4707
170,4,4096,348,73.747
172,4,4096,348,75.7131
174,4,4096,348,64.7917
178,4,4096,348,75.3891
180,4,4096,348,70.8193
182,4,4096,348,61.6502
186,4,4096,348,78.2728
188,4,4096,348,77.8574
190,4,4096,348,64.8609
194,4,4096,348,71.0253
196,4,4096,348,70.3319
198,4,4096,348,59.6779
202,4,4096,348,65.3444
204,4,4096,348,64.9175
206,4,4096,348,72.1816
210,4,4096,348,66.0573
212,4,4096,348,65.2732
214,4,4096,348,66.003
218,4,4096,348,67.9653
220,4,4096,348,69.997
222,4,4096,348,63.813
226,4,4096,348,67.0838
228,4,4096,348,54.7243
230,4,4096,348,62.5018
234,4,4096,348,66.354
236,4,4096,348,63.0827
238,4,4096,348,67.3272
242,4,4096,348,68.4825
244,4,4096,348,58.7774
246,4,4096,348,60.7086
250,4,4096,348,57.9478
252,4,4096,348,64.7119
254,4,4096,348,61.2653
258,4,4096,348,65.1723
260,4,4096,348,68.1056
262,4,4096,348,59.3787
266,4,4096,348,62.2957
268,4,4096,348,66.605
270,4,4096,348,67.4854
274,4,4096,348,53.8181
276,4,4096,348,59.7831
278,4,4096,348,65.727
282,4,4096,348,50.1211
284,4,4096,348,63.7666
286,4,4096,348,54.3119
290,4,4096,348,64.6615
292,4,4096,348,63.3483
294,4,4096,348,64.7656
298,4,4096,348,63.6385
300,4,4096,348,55.4602
302,4,4096,348,62.5939
306,4,4096,348,61.9092
308,4,4096,348,60.8153
310,4,4096,348,63.3209
314,4,4096,348,57.2635
316,4,4096,348,55.3464
318,4,4096,348,59.5958
322,4,4096,348,47.2917
324,4,4096,348,49.2617
326,4,4096,348,57.4429
330,4,4096,348,59.4489
332,4,4096,348,56.9752
334,4,4096,348,59.8054
338,4,4096,348,45.4659
340,4,4096,348,55.343
342,4,4096,348,53.0325
346,4,4096,348,48.1132
2,4,4096,350,34.4741
4,4,4096,350,59.8958
6,4,4096,350,75.3198
10,4,4096,350,66.8793
12,4,4096,350,88.5889
14,4,4096,350,85.6382
18,4,4096,350,88.0111
20,4,4096,350,87.6523
22,4,4096,350,92.9512
26,4,4096,350,84.6479
28,4,4096,350,92.5462
30,4,4096,350,90.4737
34,4,4096,350,94.0071
36,4,4096,350,97.0824
38,4,4096,350,94.463
42,4,4096,350,81.3363
44,4,4096,350,95.1768
46,4,4096,350,81.0355
50,4,4096,350,83.691
52,4,4096,350,73.9729
54,4,4096,350,88.3303
58,4,4096,350,79.981
60,4,4096,350,82.5676
62,4,4096,350,68.2313
66,4,4096,350,70.3321
68,4,4096,350,74.8354
70,4,4096,350,69.5488
74,4,4096,350,82.5313
76,4,4096,350,64.3671
78,4,4096,350,67.8229
82,4,4096,350,74.7311
84,4,4096,350,77.6033
86,4,4096,350,79.4355
90,4,4096,350,80.4676
92,4,4096,350,63.3126
94,4,4096,350,82.6763
98,4,4096,350,75.9874
100,4,4096,350,69.9173
102,4,4096,350,77.5505
106,4,4096,350,69.1688
108,4,4096,350,67.7089
110,4,4096,350,70.0242
114,4,4096,350,78.1064
116,4,4096,350,77.9031
118,4,4096,350,76.0359
122,4,4096,350,77.4408
124,4,4096,350,61.9845
126,4,4096,350,76.2388
130,4,4096,350,57.4841
132,4,4096,350,73.3781
134,4,4096,350,81.1889
138,4,4096,350,62.3418
140,4,4096,350,73.7068
142,4,4096,350,74.4051
146,4,4096,350,65.7844
148,4,4096,350,77.4101
150,4,4096,350,64.8748
154,4,4096,350,73.7389
156,4,4096,350,72.1363
158,4,4096,350,71.3898
162,4,4096,350,64.8547
164,4,4096,350,73.2611
166,4,4096,350,64.8532
170,4,4096,350,70.2377
172,4,4096,350,69.9861
174,4,4096,350,62.6096
178,4,4096,350,66.876
180,4,4096,350,65.7349
182,4,4096,350,60.9844
186,4,4096,350,68.4075
188,4,4096,350,76.9303
190,4,4096,350,63.7821
194,4,4096,350,75.164
196,4,4096,350,67.1024
198,4,4096,350,64.0922
202,4,4096,350,66.2097
204,4,4096,350,73.3156
206,4,4096,350,70.1641
210,4,4096,350,63.3305
212,4,4096,350,66.8414
214,4,4096,350,69.1025
218,4,4096,350,61.4917
220,4,4096,350,58.9684
222,4,4096,350,62.5638
226,4,4096,350,66.0948
228,4,4096,350,66.8353
230,4,4096,350,72.895
234,4,4096,350,57.5328
236,4,4096,350,61.6385
238,4,4096,350,66.6089
242,4,4096,350,60.1651
244,4,4096,350,65.2531
246,4,4096,350,72.3121
250,4,4096,350,64.9654
252,4,4096,350,65.0267
254,4,4096,350,57.8992
258,4,4096,350,58.7693
260,4,4096,350,50.6595
262,4,4096,350,60.9518
266,4,4096,350,64.8626
268,4,4096,350,69.162
270,4,4096,350,56.0493
274,4,4096,350,62.7568
276,4,4096,350,63.3005
278,4,4096,350,67.9105
282,4,4096,350,63.3227
284,4,4096,350,61.1734
286,4,4096,350,62.2675
290,4,4096,350,67.9699
292,4,4096,350,65.2809
294,4,4096,350,61.5047
298,4,4096,350,61.0269
300,4,4096,350,54.4552
302,4,4096,350,64.3275
306,4,4096,350,64.8757
308,4,4096,350,62.9169
310,4,4096,350,59.4107
314,4,4096,350,57.97
316,4,4096,350,58.3595
318,4,4096,350,58.228
322,4,4096,350,58.0568
324,4,4096,350,56.3862
326,4,4096,350,62.1876
330,4,4096,350,59.5283
332,4,4096,350,54.6211
334,4,4096,350,57.4664
338,4,4096,350,49.0986
340,4,4096,350,56.5912
342,4,4096,350,54.3423
346,4,4096,350,51.0366
348,4,4096,350,48.0826
2,4,4096,354,35.4514
4,4,4096,354,63.3043
6,4,4096,354,82.393
10,4,4096,354,75.4999
12,4,4096,354,82.1561
14,4,4096,354,90.2386
18,4,4096,354,89.6558
20,4,4096,354,94.8532
22,4,4096,354,95.0796
26,4,4096,354,88.3286
28,4,4096,354,87.7803
30,4,4096,354,92.5018
34,4,4096,354,93.0053
36,4,4096,354,93.8111
38,4,4096,354,91.4337
42,4,4096,354,75.4526
44,4,4096,354,89.3804
46,4,4096,354,76.2176
50,4,4096,354,75.2319
52,4,4096,354,89.1438
54,4,4096,354,90.7092
58,4,4096,354,74.2419
60,4,4096,354,81.5937
62,4,4096,354,72.7256
66,4,4096,354,88.6123
68,4,4096,354,83.0129
70,4,4096,354,82.5127
74,4,4096,354,70.5306
76,4,4096,354,66.6427
78,4,4096,354,78.1901
82,4,4096,354,83.9917
84,4,4096,354,77.516
86,4,4096,354,80.3977
90,4,4096,354,67.6686
92,4,4096,354,81.5301
94,4,4096,354,75.0757
98,4,4096,354,78.881
100,4,4096,354,78.2638
102,4,4096,354,79.9211
106,4,4096,354,61.982
108,4,4096,354,66.9967
110,4,4096,354,77.3427
114,4,4096,354,72.7937
116,4,4096,354,80.1292
118,4,4096,354,61.6645
122,4,4096,354,71.3463
124,4,4096,354,74.6447
126,4,4096,354,70.1084
130,4,4096,354,66.4181
132,4,4096,354,69.2749
134,4,4096,354,66.7134
138,4,4096,354,69.2733
140,4,4096,354,79.8393
142,4,4096,354,75.4814
146,4,4096,354,75.3028
148,4,4096,354,65.6859
150,4,4096,354,64.9357
154,4,4096,354,72.9428
156,4,4096,354,62.4054
158,4,4096,354,74.4215
162,4,4096,354,74.9261
164,4,4096,354,69.2538
166,4,4096,354,61.9307
170,4,4096,354,74.4525
172,4,4096,354,73.6707
174,4,4096,354,60.8754
178,4,4096,354,73.0547
180,4,4096,354,75.0025
182,4,4096,354,74.4069
186,4,4096,354,76.7521
188,4,4096,354,61.7952
190,4,4096,354,72.1151
194,4,4096,354,64.4893
196,4,4096,354,69.3283
198,4,4096,354,69.7816
202,4,4096,354,73.0544
204,4,4096,354,57.8031
206,4,4096,354,59.8987
210,4,4096,354,70.431
212,4,4096,354,70.946
214,4,4096,354,72.6241
218,4,4096,354,68.2577
220,4,4096,354,60.5102
222,4,4096,354,65.9219
226,4,4096,354,69.8053
228,4,4096,354,68.2451
230,4,4096,354,68.3363
234,4,4096,354,67.1344
236,4,4096,354,68.1245
238,4,4096,354,60.4893
242,4,4096,354,60.2971
244,4,4096,354,60.2033
246,4,4096,354,62.7579
250,4,4096,354,64.2085
252,4,4096,354,67.6453
254,4,4096,354,66.6557
258,4,4096,354,64.0147
260,4,4096,354,61.7176
262,4,4096,354,60.385
266,4,4096,354,68.6944
268,4,4096,354,66.4082
270,4,4096,354,55.9986
274,4,4096,354,54.3855
276,4,4096,354,63.9977
278,4,4096,354,59.2026
282,4,4096,354,64.9037
284,4,4096,354,65.7689
286,4,4096,354,60.0071
290,4,4096,354,64.1599
292,4,4096,354,63.5856
294,4,4096,354,64.1571
298,4,4096,354,61.1696
300,4,4096,354,52.6021
302,4,4096,354,40.4401
306,4,4096,354,57.2881
308,4,4096,354,53.4442
310,4,4096,354,60.6233
314,4,4096,354,60.8293
316,4,4096,354,61.8671
318,4,4096,354,57.5557
322,4,4096,354,53.1486
324,4,4096,354,59.9591
326,4,4096,354,56.7487
330,4,4096,354,60.9777
332,4,4096,354,55.1067
334,4,4096,354,48.9292
338,4,4096,354,58.5749
340,4,4096,354,56.7943
342,4,4096,354,53.167
346,4,4096,354,50.5897
348,4,4096,354,52.8649
350,4,4096,354,57.3948
2,4,4096,356,32.1299
4,4,4096,356,42.2798
6,4,4096,356,75.6632
10,4,4096,356,78.1236
12,4,4096,356,85.2632
14,4,4096,356,81.9242
18,4,4096,356,91.0622
20,4,4096,356,94.7547
22,4,4096,356,77.5555
26,4,4096,356,83.2905
28,4,4096,356,75.0981
30,4,4096,356,81.0322
34,4,4096,356,76.7147
36,4,4096,356,82.6696
38,4,4096,356,93.4753
42,4,4096,356,89.9237
44,4,4096,356,84.7497
46,4,4096,356,93.3616
50,4,4096,356,78.0595
52,4,4096,356,87.6893
54,4,4096,356,73.4597
58,4,4096,356,84.4549
60,4,4096,356,81.2344
62,4,4096,356,67.9106
66,4,4096,356,64.3322
68,4,4096,356,62.3055
70,4,4096,356,59.0237
74,4,4096,356,86.0089
76,4,4096,356,63.2486
78,4,4096,356,72.916
82,4,4096,356,84.6536
84,4,4096,356,70.6791
86,4,4096,356,84.7181
90,4,4096,356,72.2888
92,4,4096,356,74.0465
94,4,4096,356,68.4985
98,4,4096,356,75.565
100,4,4096,356,62.4212
102,4,4096,356,81.7689
106,4,4096,356,58.3444
108,4,4096,356,66.6821
110,4,4096,356,79.6653
114,4,4096,356,70.6217
116,4,4096,356,82.4371
118,4,4096,356,62.7305
122,4,4096,356,64.5395
124,4,4096,356,80.5051
126,4,4096,356,71.7359
130,4,4096,356,81.3671
132,4,4096,356,61.2809
134,4,4096,356,74.524
138,4,4096,356,67.8272
140,4,4096,356,71.5917
142,4,4096,356,77.3268
146,4,4096,356,64.2295
148,4,4096,356,78.4836
150,4,4096,356,66.4392
154,4,4096,356,73.7899
156,4,4096,356,72.5027
158,4,4096,356,67.4838
162,4,4096,356,67.2862
164,4,4096,356,71.5355
166,4,4096,356,61.7757
170,4,4096,356,67.772
172,4,4096,356,70.2024
174,4,4096,356,76.8553
178,4,4096,356,64.875
180,4,4096,356,71.5043
182,4,4096,356,73.1086
186,4,4096,356,64.6351
188,4,4096,356,70.1124
190,4,4096,356,73.0646
194,4,4096,356,69.3735
196,4,4096,356,65.5222
198,4,4096,356,59.651
202,4,4096,356,58.306
204,4,4096,356,70.9374
206,4,4096,356,60.562
210,4,4096,356,72.7766
212,4,4096,356,65.7052
214,4,4096,356,71.4483
218,4,4096,356,71.9975
220,4,4096,356,58.4191
222,4,4096,356,60.6186
226,4,4096,356,64.8681
228,4,4096,356,64.8207
230,4,4096,356,70.8447
234,4,4096,356,68.8124
236,4,4096,356,67.7524
238,4,4096,356,65.5688
242,4,4096,356,62.9806
244,4,4096,356,62.5485
246,4,4096,356,66.3834
250,4,4096,356,62.7467
252,4,4096,356,68.8753
254,4,4096,356,56.928
258,4,4096,356,59.0782
260,4,4096,356,67.746
262,4,4096,356,58.8604
266,4,4096,356,62.5649
268,4,4096,356,66.8155
270,4,4096,356,62.6898
274,4,4096,356,64.8917
276,4,4096,356,67.2574
278,4,4096,356,65.9939
282,4,4096,356,65.2555
284,4,4096,356,57.4599
286,4,4096,356,57.8353
290,4,4096,356,54.0868
292,4,4096,356,54.267
294,4,4096,356,64.6836
298,4,4096,356,51.7792
300,4,4096,356,53.3611
302,4,4096,356,60.1879
306,4,4096,356,52.5598
308,4,4096,356,63.8081
310,4,4096,356,61.9044
314,4,4096,356,54.4358
316,4,4096,356,61.91
318,4,4096,356,58.7985
322,4,4096,356,54.9295
324,4,4096,356,54.5374
326,4,4096,356,60.1297
330,4,4096,356,63.0873
332,4,4096,356,59.8145
334,4,4096,356,59.8137
338,4,4096,356,50.058
340,4,4096,356,52.3095
342,4,4096,356,50.8423
346,4,4096,356,58.91
348,4,4096,356,58.2928
350,4,4096,356,57.0314
354,4,4096,356,55.4052
2,4,4096,358,34.2091
4,4,4096,358,61.408
6,4,4096,358,68.6113
10,4,4096,358,72.7956
12,4,4096,358,79.6227
14,4,4096,358,85.1288
18,4,4096,358,92.7872
20,4,4096,358,81.1248
22,4,4096,358,92.063
26,4,4096,358,78.6438
28,4,4096,358,92.7234
30,4,4096,358,93.0676
34,4,4096,358,89.7559
36,4,4096,358,86.4692
38,4,4096,358,88.8261
42,4,4096,358,79.6695
44,4,4096,358,91.0521
46,4,4096,358,89.7731
50,4,4096,358,83.6468
52,4,4096,358,72.6098
54,4,4096,358,80.4628
58,4,4096,358,70.7054
60,4,4096,358,93.1025
62,4,4096,358,82.0427
66,4,4096,358,77.9374
68,4,4096,358,75.6178
70,4,4096,358,85.2919
74,4,4096,358,78.2084
76,4,4096,358,76.4432
78,4,4096,358,88.2168
82,4,4096,358,63.5352
84,4,4096,358,72.1397
86,4,4096,358,80.4803
90,4,4096,358,68.2749
92,4,4096,358,86.0223
94,4,4096,358,79.5246
98,4,4096,358,74.6032
100,4,4096,358,70.7859
102,4,4096,358,82.9919
106,4,4096,358,78.3954
108,4,4096,358,82.3605
110,4,4096,358,65.1229
114,4,4096,358,75.0311
116,4,4096,358,75.0198
118,4,4096,358,68.7271
122,4,4096,358,79.9457
124,4,4096,358,64.1233
126,4,4096,358,82.3542
130,4,4096,358,66.4214
132,4,4096,358,74.2134
134,4,4096,358,72.5357
138,4,4096,358,72.01
140,4,4096,358,71.9103
142,4,4096,358,79.3136
146,4,4096,358,64.8095
148,4,4096,358,79.0119
150,4,4096,358,71.3272
154,4,4096,358,62.7896
156,4,4096,358,77.5797
158,4,4096,358,60.2355
162,4,4096,358,64.7022
164,4,4096,358,71.1756
166,4,4096,358,78.0109
170,4,4096,358,70.9722
172,4,4096,358,75.8576
174,4,4096,358,61.6821
178,4,4096,358,74.5607
180,4,4096,358,69.1815
182,4,4096,358,73.189
186,4,4096,358,79.9084
188,4,4096,358,64.9038
190,4,4096,358,75.5188
194,4,4096,358,58.5468
196,4,4096,358,64.5611
198,4,4096,358,71.6323
202,4,4096,358,61.5246
204,4,4096,358,56.5211
206,4,4096,358,72.5901
210,4,4096,358,66.956
212,4,4096,358,60.783
214,4,4096,358,61.3189
218,4,4096,358,61.3744
220,4,4096,358,66.3125
222,4,4096,358,63.2445
226,4,4096,358,68.3682
228,4,4096,358,68.695
230,4,4096,358,64.3152
234,4,4096,358,66.9421
236,4,4096,358,73.3499
238,4,4096,358,65.1888
242,4,4096,358,66.5587
244,4,4096,358,62.6579
246,4,4096,358,57.9222
250,4,4096,358,63.6886
252,4,4096,358,66.431
254,4,4096,358,62.1318
258,4,4096,358,60.0761
260,4,4096,358,66.2011
262,4,4096,358,61.9487
266,4,4096,358,63.1199
268,4,4096,358,59.3078
270,4,4096,358,55.2289
274,4,4096,358,69.9473
276,4,4096,358,67.1992
278,4,4096,358,62.451
282,4,4096,358,58.7053
284,4,4096,358,55.9086
286,4,4096,358,52.3829
290,4,4096,358,56.6603
292,4,4096,358,59.8305
294,4,4096,358,52.7704
298,4,4096,358,53.6621
300,4,4096,358,64.2681
302,4,4096,358,64.6403
306,4,4096,358,64.4224
308,4,4096,358,62.3785
310,4,4096,358,60.4042
314,4,4096,358,62.3052
316,4,4096,358,62.0288
318,4,4096,358,64.4233
322,4,4096,358,53.0607
324,4,4096,358,61.4953
326,4,4096,358,59.9671
330,4,4096,358,57.5648
332,4,4096,358,61.5852
334,4,4096,358,55.6255
338,4,4096,358,52.4879
340,4,4096,358,55.1769
342,4,4096,358,49.7966
346,4,4096,358,51.7653
348,4,4096,358,56.8789
350,4,4096,358,49.3717
354,4,4096,358,52.4881
356,4,4096,358,58.0399
2,4,4096,362,34.3946
4,4,4096,362,64.8812
6,4,4096,362,78.6277
10,4,4096,362,69.7508
12,4,4096,362,79.0926
14,4,4096,362,81.7358
18,4,4096,362,92.4608
20,4,4096,362,81.9634
22,4,4096,362,94.6061
26,4,4096,362,79.9833
28,4,4096,362,90.2999
30,4,4096,362,90.7766
34,4,4096,362,88.8322
36,4,4096,362,83.7027
38,4,4096,362,96.8295
42,4,4096,362,92.8617
44,4,4096,362,92.0723
46,4,4096,362,77.5779
50,4,4096,362,86.8312
52,4,4096,362,84.2522
54,4,4096,362,78.482
58,4,4096,362,81.0502
60,4,4096,362,87.0977
62,4,4096,362,69.266
66,4,4096,362,79.5436
68,4,4096,362,79.4597
70,4,4096,362,78.4932
74,4,4096,362,71.1472
76,4,4096,362,68.5225
78,4,4096,362,75.1887
82,4,4096,362,73.7779
84,4,4096,362,77.5305
86,4,4096,362,62.2194
90,4,4096,362,73.9895
92,4,4096,362,69.0029
94,4,4096,362,67.2855
98,4,4096,362,83.2615
100,4,4096,362,80.3198
102,4,4096,362,77.7198
106,4,4096,362,69.7383
108,4,4096,362,69.4936
110,4,4096,362,69.3978
114,4,4096,362,81.1195
116,4,4096,362,78.3737
118,4,4096,362,74.6963
122,4,4096,362,67.8735
124,4,4096,362,63.5873
126,4,4096,362,77.0719
130,4,4096,362,72.8498
132,4,4096,362,75.3053
134,4,4096,362,69.3218
138,4,4096,362,79.4812
140,4,4096,362,75.4349
142,4,4096,362,75.9868
146,4,4096,362,74.3631
148,4,4096,362,75.3446
150,4,4096,362,78.531
154,4,4096,362,61.9393
156,4,4096,362,77.0774
158,4,4096,362,72.5036
162,4,4096,362,75.9098
164,4,4096,362,73.2009
166,4,4096,362,63.8793
170,4,4096,362,74.5149
172,4,4096,362,74.619
174,4,4096,362,63.2629
178,4,4096,362,74.0686
180,4,4096,362,76.0108
182,4,4096,362,63.4144
186,4,4096,362,69.8481
188,4,4096,362,63.5468
190,4,4096,362,68.0426
194,4,4096,362,60.3526
196,4,4096,362,65.4731
198,4,4096,362,73.1053
202,4,4096,362,72.9613
204,4,4096,362,67.8024
206,4,4096,362,69.1886
210,4,4096,362,73.0846
212,4,4096,362,70.0257
214,4,4096,362,66.8657
218,4,4096,362,67.374
220,4,4096,362,73.1257
222,4,4096,362,55.7725
226,4,4096,362,56.2118
228,4,4096,362,66.1171
230,4,4096,362,71.3872
234,4,4096,362,62.2964
236,4,4096,362,66.8098
238,4,4096,362,58.0691
242,4,4096,362,61.3349
244,4,4096,362,68.2173
246,4,4096,362,71.057
250,4,4096,362,58.2188
252,4,4096,362,59.0964
254,4,4096,362,65.8329
258,4,4096,362,63.2747
260,4,4096,362,69.2731
262,4,4096,362,59.0557
266,4,4096,362,53.5137
268,4,4096,362,64.3899
270,4,4096,362,59.3458
274,4,4096,362,60.7368
276,4,4096,362,66.8919
278,4,4096,362,63.6879
282,4,4096,362,65.9862
284,4,4096,362,47.9319
286,4,4096,362,65.6998
290,4,4096,362,54.7618
292,4,4096,362,63.7069
294,4,4096,362,63.7352
298,4,4096,362,64.0391
300,4,4096,362,63.4103
302,4,4096,362,58.4161
306,4,4096,362,62.6869
308,4,4096,362,63.6437
310,4,4096,362,64.637
314,4,4096,362,60.8703
316,4,4096,362,55.681
318,4,4096,362,61.6245
322,4,4096,362,61.8529
324,4,4096,362,63.2417
326,4,4096,362,60.7081
330,4,4096,362,60.3947
332,4,4096,362,61.1039
334,4,4096,362,62.278
338,4,4096,362,62.0231
340,4,4096,362,55.7097
342,4,4096,362,59.6497
346,4,4096,362,61.0778
348,4,4096,362,60.3822
350,4,4096,362,58.656
354,4,4096,362,55.4166
356,4,4096,362,58.9853
358,4,4096,362,52.6314
2,4,4096,364,33.9939
4,4,4096,364,55.8135
6,4,4096,364,65.832
10,4,4096,364,79.1757
12,4,4096,364,85.4364
14,4,4096,364,91.0582
18,4,4096,364,75.3491
20,4,4096,364,90.3844
22,4,4096,364,92.1294
26,4,4096,364,89.9764
28,4,4096,364,94.9122
30,4,4096,364,98.2829
34,4,4096,364,92.5982
36,4,4096,364,84.4092
38,4,4096,364,91.244
42,4,4096,364,87.8236
44,4,4096,364,85.268
46,4,4096,364,88.9629
50,4,4096,364,65.907
52,4,4096,364,73.4429
54,4,4096,364,75.6848
58,4,4096,364,81.8571
60,4,4096,364,66.1677
62,4,4096,364,87.0344
66,4,4096,364,76.6819
68,4,4096,364,71.3304
70,4,4096,364,71.7159
74,4,4096,364,80.947
76,4,4096,364,74.9396
78,4,4096,364,83.7663
82,4,4096,364,71.3988
84,4,4096,364,77.5227
86,4,4096,364,67.8237
90,4,4096,364,71.2084
92,4,4096,364,65.5233
94,4,4096,364,79.734
98,4,4096,364,65.6971
100,4,4096,364,75.4149
102,4,4096,364,71.9017
106,4,4096,364,72.9799
108,4,4096,364,75.7029
110,4,4096,364,74.764
114,4,4096,364,70.2159
116,4,4096,364,80.5106
118,4,4096,364,75.986
122,4,4096,364,66.5506
124,4,4096,364,78.7871
126,4,4096,364,65.4561
130,4,4096,364,72.4589
132,4,4096,364,61.9911
134,4,4096,364,84.2011
138,4,4096,364,68.521
140,4,4096,364,76.06
142,4,4096,364,69.8196
146,4,4096,364,73.691
148,4,4096,364,76.3298
150,4,4096,364,75.9796
154,4,4096,364,69.5894
156,4,4096,364,78.4316
158,4,4096,364,71.9336
162,4,4096,364,76.62
164,4,4096,364,73.2605
166,4,4096,364,68.4011
170,4,4096,364,68.2784
172,4,4096,364,64.7619
174,4,4096,364,65.3405
178,4,4096,364,70.9295
180,4,4096,364,69.759
182,4,4096,364,64.847
186,4,4096,364,68.1329
188,4,4096,364,74.7381
190,4,4096,364,57.793
194,4,4096,364,61.6224
196,4,4096,364,72.1585
198,4,4096,364,73.4195
202,4,4096,364,60.1333
204,4,4096,364,72.1932
206,4,4096,364,65.9766
210,4,4096,364,73.9569
212,4,4096,364,61.2682
214,4,4096,364,72.5148
218,4,4096,364,67.255
220,4,4096,364,72.0513
222,4,4096,364,65.385
226,4,4096,364,67.3664
228,4,4096,364,61.8021
230,4,4096,364,57.7635
234,4,4096,364,70.4379
236,4,4096,364,65.3142
238,4,4096,364,67.3242
242,4,4096,364,57.8845
244,4,4096,364,59.5123
246,4,4096,364,63.6035
250,4,4096,364,63.7469
252,4,4096,364,59.3235
254,4,4096,364,70.0981
258,4,4096,364,64.9908
260,4,4096,364,64.7496
262,4,4096,364,65.8193
266,4,4096,364,55.0863
268,4,4096,364,59.8675
270,4,4096,364,55.6753
274,4,4096,364,55.4786
276,4,4096,364,60.6059
278,4,4096,364,50.196
282,4,4096,364,52.5358
284,4,4096,364,63.6331
286,4,4096,364,67.3883
290,4,4096,364,63.66
292,4,4096,364,62.2967
294,4,4096,364,53.8163
298,4,4096,364,64.9495
300,4,4096,364,63.371
302,4,4096,364,61.3992
306,4,4096,364,61.4866
308,4,4096,364,57.1267
310,4,4096,364,65.3998
314,4,4096,364,63.8004
316,4,4096,364,63.127
318,4,4096,364,60.0323
322,4,4096,364,56.6697
324,4,4096,364,60.4725
326,4,4096,364,61.1922
330,4,4096,364,63.6097
332,4,4096,364,53.6338
334,4,4096,364,60.0299
338,4,4096,364,55.4306
340,4,4096,364,56.9294
342,4,4096,364,53.9572
346,4,4096,364,52.7989
348,4,4096,364,51.6634
350,4,4096,364,45.9227
354,4,4096,364,59.6067
356,4,4096,364,52.1241
358,4,4096,364,61.4302
362,4,4096,364,58.1258
2,4,4096,366,33.4349
4,4,4096,366,58.8001
6,4,4096,366,72.2298
10,4,4096,366,64.2804
12,4,4096,366,79.9795
14,4,4096,366,87.1841
18,4,4096,366,88.504
20,4,4096,366,82.0045
22,4,4096,366,86.501
26,4,4096,366,67.8818
28,4,4096,366,89.4277
30,4,4096,366,87.4997
34,4,4096,366,90.6826
36,4,4096,366,84.4943
38,4,4096,366,97.8913
42,4,4096,366,92.8296
44,4,4096,366,81.9837
46,4,4096,366,87.0316
50,4,4096,366,80.3835
52,4,4096,366,71.1663
54,4,4096,366,87.9862
58,4,4096,366,78.0126
60,4,4096,366,77.7501
62,4,4096,366,77.6429
66,4,4096,366,83.0366
68,4,4096,366,69.8846
70,4,4096,366,84.6398
74,4,4096,366,76.6641
76,4,4096,366,77.7149
78,4,4096,366,62.5915
82,4,4096,366,64.7776
84,4,4096,366,72.8361
86,4,4096,366,76.8442
90,4,4096,366,78.5704
92,4,4096,366,77.4737
94,4,4096,366,68.3024
98,4,4096,366,73.4537
100,4,4096,366,62.4471
102,4,4096,366,71.5732
106,4,4096,366,73.8397
108,4,4096,366,72.1135
110,4,4096,366,66.0933
114,4,4096,366,65.8475
116,4,4096,366,72.9688
118,4,4096,366,69.8824
122,4,4096,366,73.9146
124,4,4096,366,78.1044
126,4,4096,366,78.3995
130,4,4096,366,79.797
132,4,4096,366,74.7285
134,4,4096,366,77.5796
138,4,4096,366,73.053
140,4,4096,366,64.0467
142,4,4096,366,74.9058
146,4,4096,366,74.155
148,4,4096,366,59.6712
150,4,4096,366,72.472
154,4,4096,366,66.2898
156,4,4096,366,56.2164
158,4,4096,366,64.0048
162,4,4096,366,69.9911
164,4,4096,366,60.3939
166,4,4096,366,71.4087
170,4,4096,366,71.2674
172,4,4096,366,62.5126
174,4,4096,366,64.6758
178,4,4096,366,72.1186
180,4,4096,366,66.6815
182,4,4096,366,64.266
186,4,4096,366,71.646
188,4,4096,366,73.7804
190,4,4096,366,65.8904
194,4,4096,366,68.1506
196,4,4096,366,60.9608
198,4,4096,366,55.992
202,4,4096,366,69.6483
204,4,4096,366,67.1496
206,4,4096,366,74.5151
210,4,4096,366,63.1879
212,4,4096,366,62.0648
214,4,4096,366,61.38
218,4,4096,366,60.9245
220,4,4096,366,70.6426
222,4,4096,366,64.7046
226,4,4096,366,59.9185
228,4,4096,366,69.4895
230,4,4096,366,66.0898
234,4,4096,366,61.9871
236,4,4096,366,62.5194
238,4,4096,366,69.1919
242,4,4096,366,69.356
244,4,4096,366,65.8399
246,4,4096,366,60.2503
250,4,4096,366,60.2386
252,4,4096,366,63.0594
254,4,4096,366,64.312
258,4,4096,366,53.2558
260,4,4096,366,63.8951
262,4,4096,366,52.8464
266,4,4096,366,57.7368
268,4,4096,366,63.5981
270,4,4096,366,68.6743
274,4,4096,366,66.2187
276,4,4096,366,55.5885
278,4,4096,366,65.0171
282,4,4096,366,56.8855
284,4,4096,366,57.8263
286,4,4096,366,52.8093
290,4,4096,366,55.4858
292,4,4096,366,52.537
294,4,4096,366,64.3587
298,4,4096,366,62.5364
300,4,4096,366,58.6335
302,4,4096,366,63.0768
306,4,4096,366,61.2808
308,4,4096,366,62.7511
310,4,4096,366,62.7432
314,4,4096,366,54.593
316,4,4096,366,61.2598
318,4,4096,366,61.7579
322,4,4096,366,61.7785
324,4,4096,366,57.5335
326,4,4096,366,59.3693
330,4,4096,366,60.6664
332,4,4096,366,60.7171
334,4,4096,366,61.2972
338,4,4096,366,50.5342
340,4,4096,366,57.5674
342,4,4096,366,54.2205
346,4,4096,366,55.5265
348,4,4096,366,52.0048
350,4,4096,366,59.5548
354,4,4096,366,59.1337
356,4,4096,366,59.2681
358,4,4096,366,59.4524
362,4,4096,366,50.1895
364,4,4096,366,52.2712
2,4,4096,370,33.6122
4,4,4096,370,57.424
6,4,4096,370,74.8887
10,4,4096,370,73.2815
12,4,4096,370,81.633
14,4,4096,370,78.5638
18,4,4096,370,87.0242
20,4,4096,370,90.7347
22,4,4096,370,79.2714
26,4,4096,370,88.594
28,4,4096,370,90.1542
30,4,4096,370,89.7778
34,4,4096,370,76.2652
36,4,4096,370,90.0384
38,4,4096,370,80.6942
42,4,4096,370,82.0175
44,4,4096,370,90.6694
46,4,4096,370,90.0842
50,4,4096,370,76.3495
52,4,4096,370,81.1968
54,4,4096,370,73.476
58,4,4096,370,80.2492
60,4,4096,370,72.5205
62,4,4096,370,85.6405
66,4,4096,370,62.274
68,4,4096,370,75.8994
70,4,4096,370,82.582
74,4,4096,370,75.2119
76,4,4096,370,67.2705
78,4,4096,370,77.684
82,4,4096,370,74.2519
84,4,4096,370,74.2025
86,4,4096,370,79.2908
90,4,4096,370,63.8976
92,4,4096,370,79.521
94,4,4096,370,64.1963
98,4,4096,370,74.2195
100,4,4096,370,69.8795
102,4,4096,370,70.3164
106,4,4096,370,80.0046
108,4,4096,370,72.1175
110,4,4096,370,75.5887
114,4,4096,370,71.674
116,4,4096,370,72.6837
118,4,4096,370,76.3813
122,4,4096,370,75.9547
124,4,4096,370,80.9723
126,4,4096,370,75.4805
130,4,4096,370,74.4742
132,4,4096,370,67.4836
134,4,4096,370,77.196
138,4,4096,370,63.53
140,4,4096,370,69.2301
142,4,4096,370,63.8811
146,4,4096,370,64.5561
148,4,4096,370,74.2059
150,4,4096,370,72.351
154,4,4096,370,67.5337
156,4,4096,370,72.4817
158,4,4096,370,71.4869
162,4,4096,370,66.7563
164,4,4096,370,66.7986
166,4,4096,370,76.253
170,4,4096,370,64.4688
172,4,4096,370,62.4729
174,4,4096,370,59.1949
178,4,4096,370,62.9941
180,4,4096,370,68.5627
182,4,4096,370,70.534
186,4,4096,370,67.98
188,4,4096,370,63.9854
190,4,4096,370,71.4263
194,4,4096,370,69.8195
196,4,4096,370,59.8536
198,4,4096,370,67.7941
202,4,4096,370,75.359
204,4,4096,370,56.685
206,4,4096,370,69.4479
210,4,4096,370,61.2184
212,4,4096,370,68.119
214,4,4096,370,72.3811
218,4,4096,370,67.1821
220,4,4096,370,61.9102
222,4,4096,370,70.5219
226,4,4096,370,66.1459
228,4,4096,370,66.7074
230,4,4096,370,65.3182
234,4,4096,370,61.415
236,4,4096,370,68.8752
238,4,4096,370,60.0569
242,4,4096,370,65.3143
244,4,4096,370,58.1014
246,4,4096,370,56.8748
250,4,4096,370,62.3219
252,4,4096,370,64.9305
254,4,4096,370,59.7462
258,4,4096,370,65.0844
260,4,4096,370,68.0436
262,4,4096,370,55.7518
266,4,4096,370,51.0294
268,4,4096,370,66.7022
270,4,4096,370,54.817
274,4,4096,370,52.2162
276,4,4096,370,57.7954
278,4,4096,370,56.888
282,4,4096,370,66.9284
284,4,4096,370,62.7225
286,4,4096,370,61.738
290,4,4096,370,67.2488
292,4,4096,370,56.366
294,4,4096,370,63.9487
298,4,4096,370,61.6797
300,4,4096,370,63.4245
302,4,4096,370,62.8399
306,4,4096,370,53.8983
308,4,4096,370,61.8288
310,4,4096,370,60.8426
314,4,4096,370,60.4542
316,4,4096,370,62.3294
318,4,4096,370,61.5503
322,4,4096,370,60.0256
324,4,4096,370,60.1858
326,4,4096,370,59.4667
330,4,4096,370,55.635
332,4,4096,370,55.1143
334,4,4096,370,47.0519
338,4,4096,370,56.7655
340,4,4096,370,60.8726
342,4,4096,370,52.839
346,4,4096,370,55.3688
348,4,4096,370,50.1532
350,4,4096,370,50.6658
354,4,4096,370,59.7917
356,4,4096,370,57.7738
358,4,4096,370,60.2517
362,4,4096,370,55.332
364,4,4096,370,52.2506
366,4,4096,370,48.6502
2,4,4096,372,33.0375
4,4,4096,372,53.8303
6,4,4096,372,75.5732
10,4,4096,372,77.2213
12,4,4096,372,80.9698
14,4,4096,372,85.8995
18,4,4096,372,87.6919
20,4,4096,372,92.6889
22,4,4096,372,77.8403
26,4,4096,372,86.7889
28,4,4096,372,87.2503
30,4,4096,372,81.1536
34,4,4096,372,90.4063
36,4,4096,372,83.843
38,4,4096,372,95.4855
42,4,4096,372,70.3168
44,4,4096,372,82.2619
46,4,4096,372,81.0282
50,4,4096,372,76.2173
52,4,4096,372,84.6409
54,4,4096,372,67.5049
58,4,4096,372,81.1871
60,4,4096,372,78.0962
62,4,4096,372,70.5304
66,4,4096,372,82.4163
68,4,4096,372,67.9056
70,4,4096,372,68.9876
74,4,4096,372,64.5328
76,4,4096,372,74.1139
78,4,4096,372,80.742
82,4,4096,372,73.0466
84,4,4096,372,79.2162
86,4,4096,372,74.1167
90,4,4096,372,65.1344
92,4,4096,372,80.148
94,4,4096,372,74.1275
98,4,4096,372,76.0914
100,4,4096,372,62.6802
102,4,4096,372,70.2623
106,4,4096,372,64.6037
108,4,4096,372,78.7133
110,4,4096,372,64.6014
114,4,4096,372,70.2278
116,4,4096,372,67.0952
118,4,4096,372,75.4402
122,4,4096,372,71.0346
124,4,4096,372,69.1746
126,4,4096,372,71.7343
130,4,4096,372,69.6301
132,4,4096,372,64.6134
134,4,4096,372,69.2899
138,4,4096,372,57.5313
140,4,4096,372,70.4424
142,4,4096,372,68.0511
146,4,4096,372,63.1452
148,4,4096,372,75.3767
150,4,4096,372,67.6594
154,4,4096,372,74.909
156,4,4096,372,69.2553
158,4,4096,372,67.5883
162,4,4096,372,65.6868
164,4,4096,372,77.0098
166,4,4096,372,57.8239
170,4,4096,372,61.9581
172,4,4096,372,70.5173
174,4,4096,372,68.0091
178,4,4096,372,75.5316
180,4,4096,372,63.5495
182,4,4096,372,72.3809
186,4,4096,372,70.0416
188,4,4096,372,59.9344
190,4,4096,372,60.4225
194,4,4096,372,74.7882
196,4,4096,372,57.2187
198,4,4096,372,64.6647
202,4,4096,372,70.4666
204,4,4096,372,61.0582
206,4,4096,372,62.9129
210,4,4096,372,67.7528
212,4,4096,372,58.9598
214,4,4096,372,70.4325
218,4,4096,372,59.8882
220,4,4096,372,60.166
222,4,4096,372,63.586
226,4,4096,372,61.4375
228,4,4096,372,69.7785
230,4,4096,372,68.6292
234,4,4096,372,54.7141
236,4,4096,372,66.274
238,4,4096,372,57.0669
242,4,4096,372,61.3231
244,4,4096,372,67.0473
246,4,4096,372,63.7094
250,4,4096,372,59.9564
252,4,4096,372,54.1557
254,4,4096,372,59.5108
258,4,4096,372,57.8938
260,4,4096,372,54.9829
262,4,4096,372,62.7411
266,4,4096,372,60.388
268,4,4096,372,55.2598
270,4,4096,372,61.7988
274,4,4096,372,58.7046
276,4,4096,372,57.3955
278,4,4096,372,55.494
282,4,4096,372,51.9227
284,4,4096,372,63.6997
286,4,4096,372,62.3118
290,4,4096,372,58.3805
292,4,4096,372,64.4641
294,4,4096,372,62.1269
298,4,4096,372,54.7022
300,4,4096,372,60.6997
302,4,4096,372,52.1872
306,4,4096,372,50.1255
308,4,4096,372,61.3197
310,4,4096,372,63.9527
314,4,4096,372,62.0573
316,4,4096,372,57.2618
318,4,4096,372,60.5211
322,4,4096,372,54.8987
324,4,4096,372,56.8727
326,4,4096,372,51.8718
330,4,4096,372,54.5393
332,4,4096,372,47.1794
334,4,4096,372,58.4665
338,4,4096,372,58.228
340,4,4096,372,57.1915
342,4,4096,372,56.763
346,4,4096,372,56.9985
348,4,4096,372,50.616
350,4,4096,372,51.9749
354,4,4096,372,57.0217
356,4,4096,372,51.4104
358,4,4096,372,53.9838
362,4,4096,372,49.513
364,4,4096,372,52.4494
366,4,4096,372,47.6921
370,4,4096,372,53.3547
2,4,4096,374,35.0655
4,4,4096,374,59.6834
6,4,4096,374,70.4673
10,4,4096,374,79.1468
12,4,4096,374,71.596
14,4,4096,374,82.2076
18,4,4096,374,82.6377
20,4,4096,374,90.1103
22,4,4096,374,91.5058
26,4,4096,374,91.2722
28,4,4096,374,96.1405
30,4,4096,374,70.2021
34,4,4096,374,80.7351
36,4,4096,374,87.2138
38,4,4096,374,78.15
42,4,4096,374,91.1629
44,4,4096,374,92.3475
46,4,4096,374,81.3006
50,4,4096,374,68.8551
52,4,4096,374,79.8718
54,4,4096,374,86.205
58,4,4096,374,82.6999
60,4,4096,374,80.5325
62,4,4096,374,67.6848
66,4,4096,374,84.6355
68,4,4096,374,65.6041
70,4,4096,374,73.3452
74,4,4096,374,78.0065
76,4,4096,374,74.9795
78,4,4096,374,81.0433
82,4,4096,374,65.8154
84,4,4096,374,73.2049
86,4,4096,374,67.4831
90,4,4096,374,73.7635
92,4,4096,374,63.8086
94,4,4096,374,66.4813
98,4,4096,374,74.1906
100,4,4096,374,77.701
102,4,4096,374,74.7174
106,4,4096,374,67.0148
108,4,4096,374,75.0374
110,4,4096,374,67.2187
114,4,4096,374,78.0759
116,4,4096,374,74.5421
118,4,4096,374,74.5341
122,4,4096,374,75.8723
124,4,4096,374,65.1392
126,4,4096,374,75.4235
130,4,4096,374,76.0576
132,4,4096,374,76.9418
134,4,4096,374,70.6167
138,4,4096,374,65.1991
140,4,4096,374,67.458
142,4,4096,374,75.6451
146,4,4096,374,62.5807
148,4,4096,374,70.3836
150,4,4096,374,62.9144
154,4,4096,374,61.2987
156,4,4096,374,77.4419
158,4,4096,374,70.9157
162,4,4096,374,66.1938
164,4,4096,374,71.4051
166,4,4096,374,69.0249
170,4,4096,374,64.9141
172,4,4096,374,72.4396
174,4,4096,374,60.2571
178,4,4096,374,72.3791
180,4,4096,374,66.282
182,4,4096,374,65.9555
186,4,4096,374,72.3859
188,4,4096,374,76.7249
190,4,4096,374,73.7961
194,4,4096,374,66.731
196,4,4096,374,70.8492
198,4,4096,374,63.3653
202,4,4096,374,64.1445
204,4,4096,374,70.9399
206,4,4096,374,59.6708
210,4,4096,374,60.124
212,4,4096,374,65.7862
214,4,4096,374,69.0527
218,4,4096,374,68.0602
220,4,4096,374,69.9357
222,4,4096,374,60.4264
226,4,4096,374,69.4052
228,4,4096,374,71.9698
230,4,4096,374,66.916
234,4,4096,374,73.5297
236,4,4096,374,59.617
238,4,4096,374,60.5887
242,4,4096,374,64.2882
244,4,4096,374,65.1032
246,4,4096,374,67.3534
250,4,4096,374,59.6683
252,4,4096,374,65.2525
254,4,4096,374,65.2944
258,4,4096,374,55.0479
260,4,4096,374,59.2408
262,4,4096,374,70.5226
266,4,4096,374,68.2322
268,4,4096,374,66.6308
270,4,4096,374,69.0946
274,4,4096,374,53.6104
276,4,4096,374,58.8261
278,4,4096,374,66.1879
282,4,4096,374,56.9254
284,4,4096,374,63.585
286,4,4096,374,57.7074
290,4,4096,374,57.4365
292,4,4096,374,66.3173
294,4,4096,374,65.6959
298,4,4096,374,63.7715
300,4,4096,374,53.1518
302,4,4096,374,54.9637
306,4,4096,374,65.769
308,4,4096,374,62.6638
310,4,4096,374,60.0215
314,4,4096,374,66.2258
316,4,4096,374,63.3037
318,4,4096,374,61.5022
322,4,4096,374,63.8179
324,4,4096,374,60.1116
326,4,4096,374,63.3094
330,4,4096,374,60.7769
332,4,4096,374,58.4193
334,4,4096,374,61.482
338,4,4096,374,57.2556
340,4,4096,374,52.1498
342,4,4096,374,63.3267
346,4,4096,374,62.125
348,4,4096,374,60.7633
350,4,4096,374,60.6125
354,4,4096,374,58.6124
356,4,4096,374,59.6542
358,4,4096,374,61.7205
362,4,4096,374,59.215
364,4,4096,374,52.475
366,4,4096,374,52.2496
370,4,4096,374,48.1038
372,4,4096,374,50.2863
2,4,4096,378,34.8193
4,4,4096,378,62.3571
6,4,4096,378,78.7199
10,4,4096,378,65.8072
12,4,4096,378,88.6439
14,4,4096,378,86.3964
18,4,4096,378,89.932
20,4,4096,378,81.8487
22,4,4096,378,90.989
26,4,4096,378,72.167
28,4,4096,378,88.6724
30,4,4096,378,87.12
34,4,4096,378,90.0785
36,4,4096,378,93.1286
38,4,4096,378,96.4626
42,4,4096,378,88.7348
44,4,4096,378,76.9458
46,4,4096,378,82.1701
50,4,4096,378,70.3826
52,4,4096,378,72.5364
54,4,4096,378,83.1131
58,4,4096,378,71.852
60,4,4096,378,84.1906
62,4,4096,378,68.8773
66,4,4096,378,79.2065
68,4,4096,378,70.8152
70,4,4096,378,81.2033
74,4,4096,378,67.5475
76,4,4096,378,82.919
78,4,4096,378,67.9575
82,4,4096,378,74.9362
84,4,4096,378,80.2683
86,4,4096,378,62.8537
90,4,4096,378,78.3473
92,4,4096,378,58.9213
94,4,4096,378,72.2557
98,4,4096,378,74.178
100,4,4096,378,80.8576
102,4,4096,378,81.721
106,4,4096,378,65.0608
108,4,4096,378,80.3962
110,4,4096,378,73.06
114,4,4096,378,72.4979
116,4,4096,378,72.6539
118,4,4096,378,75.8787
122,4,4096,378,62.6604
124,4,4096,378,69.299
126,4,4096,378,79.7605
130,4,4096,378,68.1512
132,4,4096,378,78.606
134,4,4096,378,61.0802
138,4,4096,378,64.5485
140,4,4096,378,79.6865
142,4,4096,378,60.8069
146,4,4096,378,75.0349
148,4,4096,378,72.9146
150,4,4096,378,63.3969
154,4,4096,378,68.3493
156,4,4096,378,58.1499
158,4,4096,378,59.3671
162,4,4096,378,70.6616
164,4,4096,378,77.6995
166,4,4096,378,71.5342
170,4,4096,378,74.2327
172,4,4096,378,68.6794
174,4,4096,378,61.751
178,4,4096,378,62.4315
180,4,4096,378,73.2747
182,4,4096,378,70.0509
186,4,4096,378,65.9611
188,4,4096,378,62.5676
190,4,4096,378,77.2855
194,4,4096,378,57.924
196,4,4096,378,60.8782
198,4,4096,378,67.2058
202,4,4096,378,70.4466
204,4,4096,378,61.9511
206,4,4096,378,61.2997
210,4,4096,378,64.0209
212,4,4096,378,70.3545
214,4,4096,378,71.679
218,4,4096,378,65.9646
220,4,4096,378,74.8992
222,4,4096,378,57.2739
226,4,4096,378,72.5245
228,4,4096,378,57.4328
230,4,4096,378,67.0831
234,4,4096,378,72.4919
236,4,4096,378,61.2519
238,4,4096,378,69.6415
242,4,4096,378,57.0256
244,4,4096,378,56.3411
246,4,4096,378,71.0394
250,4,4096,378,60.8491
252,4,4096,378,66.1495
254,4,4096,378,72.5782
258,4,4096,378,56.704
260,4,4096,378,71.295
262,4,4096,378,61.0236
266,4,4096,378,66.2232
268,4,4096,378,51.3114
270,4,4096,378,65.6792
274,4,4096,378,57.3275
276,4,4096,378,56.5599
278,4,4096,378,55.6293
282,4,4096,378,61.1601
284,4,4096,378,52.9702
286,4,4096,378,58.4209
290,4,4096,378,54.8756
292,4,4096,378,54.2608
294,4,4096,378,61.7241
298,4,4096,378,64.892
300,4,4096,378,67.6325
302,4,4096,378,61.6461
306,4,4096,378,63.3103
308,4,4096,378,46.7123
310,4,4096,378,68.6071
314,4,4096,378,60.7796
316,4,4096,378,51.5791
318,4,4096,378,61.3136
322,4,4096,378,62.4867
324,4,4096,378,65.875
326,4,4096,378,60.7542
330,4,4096,378,55.5199
332,4,4096,378,59.6435
334,4,4096,378,60.4223
338,4,4096,378,64.5456
340,4,4096,378,59.2753
342,4,4096,378,50.8291
346,4,4096,378,53.3163
348,4,4096,378,54.0487
350,4,4096,378,47.7083
354,4,4096,378,58.4892
356,4,4096,378,48.1762
358,4,4096,378,57.5719
362,4,4096,378,55.746
364,4,4096,378,55.0707
366,4,4096,378,48.9841
370,4,4096,378,54.9204
372,4,4096,378,51.2872
374,4,4096,378,52.7036
2,4,4096,380,34.3452
4,4,4096,380,58.1832
6,4,4096,380,68.603
10,4,4096,380,69.5334
12,4,4096,380,68.3891
14,4,4096,380,86.2666
18,4,4096,380,71.1238
20,4,4096,380,93.928
22,4,4096,380,98.7596
26,4,4096,380,78.6976
28,4,4096,380,91.9268
30,4,4096,380,73.1706
34,4,4096,380,82.7068
36,4,4096,380,87.9269
38,4,4096,380,77.1683
42,4,4096,380,67.6935
44,4,4096,380,71.5519
46,4,4096,380,73.8894
50,4,4096,380,89.597
52,4,4096,380,72.5742
54,4,4096,380,83.524
58,4,4096,380,66.4682
60,4,4096,380,76.692
62,4,4096,380,69.0837
66,4,4096,380,77.0519
68,4,4096,380,82.0218
70,4,4096,380,78.8102
74,4,4096,380,82.6881
76,4,4096,380,73.7992
78,4,4096,380,78.7617
82,4,4096,380,78.0572
84,4,4096,380,77.3086
86,4,4096,380,74.4762
90,4,4096,380,82.0415
92,4,4096,380,60.3294
94,4,4096,380,67.6319
98,4,4096,380,76.2307
100,4,4096,380,65.1451
102,4,4096,380,78.741
106,4,4096,380,63.0309
108,4,4096,380,66.967
110,4,4096,380,71.8419
114,4,4096,380,82.1764
116,4,4096,380,67.3184
118,4,4096,380,78.4509
122,4,4096,380,68.9252
124,4,4096,380,70.5352
126,4,4096,380,80.1902
130,4,4096,380,73.407
132,4,4096,380,68.017
134,4,4096,380,82.1375
138,4,4096,380,63.3201
140,4,4096,380,76.4403
142,4,4096,380,74.1086
146,4,4096,380,74.4914
148,4,4096,380,81.2761
150,4,4096,380,61.4397
154,4,4096,380,81.005
156,4,4096,380,71.6194
158,4,4096,380,75.7113
162,4,4096,380,76.9346
164,4,4096,380,60.2176
166,4,4096,380,74.2153
170,4,4096,380,73.757
172,4,4096,380,77.3176
174,4,4096,380,69.9877
178,4,4096,380,77.7201
180,4,4096,380,64.976
182,4,4096,380,72.4486
186,4,4096,380,70.7078
188,4,4096,380,72.2302
190,4,4096,380,68.3135
194,4,4096,380,63.1283
196,4,4096,380,68.7125
198,4,4096,380,63.0576
202,4,4096,380,62.6978
204,4,4096,380,74.0088
206,4,4096,380,61.5383
210,4,4096,380,62.3782
212,4,4096,380,62.5142
214,4,4096,380,69.6615
218,4,4096,380,68.0222
220,4,4096,380,65.2241
222,4,4096,380,70.0693
226,4,4096,380,64.8449
228,4,4096,380,70.2695
230,4,4096,380,66.9261
234,4,4096,380,60.2546
236,4,4096,380,59.3715
238,4,4096,380,67.473
242,4,4096,380,70.3376
244,4,4096,380,63.8011
246,4,4096,380,70.5606
250,4,4096,380,56.68
252,4,4096,380,69.1604
254,4,4096,380,70.7421
258,4,4096,380,66.6626
260,4,4096,380,58.438
262,4,4096,380,70.7962
266,4,4096,380,60.506
268,4,4096,380,65.5014
270,4,4096,380,61.5528
274,4,4096,380,65.2019
276,4,4096,380,65.0821
278,4,4096,380,59.9817
282,4,4096,380,67.2673
284,4,4096,380,59.0527
286,4,4096,380,63.6749
290,4,4096,380,68.2811
292,4,4096,380,57.5109
294,4,4096,380,64.3578
298,4,4096,380,62.6518
300,4,4096,380,57.5954
302,4,4096,380,63.7578
306,4,4096,380,57.9817
308,4,4096,380,63.9202
310,4,4096,380,65.7687
314,4,4096,380,64.6665
316,4,4096,380,60.3435
318,4,4096,380,60.9299
322,4,4096,380,63.9635
324,4,4096,380,62.534
326,4,4096,380,61.1712
330,4,4096,380,61.7075
332,4,4096,380,60.6524
334,4,4096,380,64.9491
338,4,4096,380,55.2154
340,4,4096,380,62.8944
342,4,4096,380,60.6995
346,4,4096,380,54.344
348,4,4096,380,51.4438
350,4,4096,380,49.6751
354,4,4096,380,59.4291
356,4,4096,380,58.6169
358,4,4096,380,62.0674
362,4,4096,380,54.6349
364,4,4096,380,57.8048
366,4,4096,380,56.7035
370,4,4096,380,58.6913
372,4,4096,380,56.2038
374,4,4096,380,57.2881
378,4,4096,380,54.3551
2,4,4096,382,33.8574
4,4,4096,382,54.8483
6,4,4096,382,74.9683
10,4,4096,382,74.1678
12,4,4096,382,79.741
14,4,4096,382,89.1459
18,4,4096,382,87.432
20,4,4096,382,80.5318
22,4,4096,382,84.6221
26,4,4096,382,91.3756
28,4,4096,382,94.905
30,4,4096,382,87.7412
34,4,4096,382,76.1014
36,4,4096,382,87.8466
38,4,4096,382,88.8896
42,4,4096,382,88.546
44,4,4096,382,90.4947
46,4,4096,382,91.9412
50,4,4096,382,78.0504
52,4,4096,382,82.5803
54,4,4096,382,71.4815
58,4,4096,382,85.2848
60,4,4096,382,69.6508
62,4,4096,382,84.2652
66,4,4096,382,60.8376
68,4,4096,382,66.9665
70,4,4096,382,82.1494
74,4,4096,382,74.2148
76,4,4096,382,76.2449
78,4,4096,382,71.0744
82,4,4096,382,76.3629
84,4,4096,382,73.3815
86,4,4096,382,74.975
90,4,4096,382,76.1481
92,4,4096,382,65.7357
94,4,4096,382,77.3522
98,4,4096,382,65.6074
100,4,4096,382,74.7653
102,4,4096,382,79.3792
106,4,4096,382,74.7497
108,4,4096,382,74.3651
110,4,4096,382,73.244
114,4,4096,382,60.7884
116,4,4096,382,78.3284
118,4,4096,382,71.6064
122,4,4096,382,77.5894
124,4,4096,382,70.8067
126,4,4096,382,72.6082
130,4,4096,382,81.6589
132,4,4096,382,66.4185
134,4,4096,382,80.5513
138,4,4096,382,68.536
140,4,4096,382,74.1043
142,4,4096,382,67.9134
146,4,4096,382,69.1793
148,4,4096,382,78.1799
150,4,4096,382,66.2961
154,4,4096,382,74.5333
156,4,4096,382,69.7719
158,4,4096,382,70.387
162,4,4096,382,75.9596
164,4,4096,382,65.4537
166,4,4096,382,70.6192
170,4,4096,382,72.5447
172,4,4096,382,76.6946
174,4,4096,382,72.942
178,4,4096,382,75.5033
180,4,4096,382,64.5648
182,4,4096,382,71.4361
186,4,4096,382,62.3677
188,4,4096,382,63.6125
190,4,4096,382,63.3336
194,4,4096,382,73.0894
196,4,4096,382,59.0336
198,4,4096,382,70.8498
202,4,4096,382,71.2383
204,4,4096,382,64.6336
206,4,4096,382,64.4827
210,4,4096,382,67.6769
212,4,4096,382,56.6391
214,4,4096,382,63.044
218,4,4096,382,71.4127
220,4,4096,382,71.7732
222,4,4096,382,62.6159
226,4,4096,382,63.9967
228,4,4096,382,63.9054
230,4,4096,382,66.0007
234,4,4096,382,72.8395
236,4,4096,382,68.3179
238,4,4096,382,63.3191
242,4,4096,382,60.8578
244,4,4096,382,67.2922
246,4,4096,382,71.3314
250,4,4096,382,68.7746
252,4,4096,382,68.2044
254,4,4096,382,59.7811
258,4,4096,382,62.8194
260,4,4096,382,70.4543
262,4,4096,382,66.4059
266,4,4096,382,68.4585
268,4,4096,382,56.7955
270,4,4096,382,58.8124
274,4,4096,382,67.6525
276,4,4096,382,62.5406
278,4,4096,382,62.738
282,4,4096,382,57.7776
284,4,4096,382,65.9877
286,4,4096,382,66.0827
290,4,4096,382,66.3147
292,4,4096,382,52.0546
294,4,4096,382,66.5304
298,4,4096,382,63.0898
300,4,4096,382,49.5345
302,4,4096,382,67.1497
306,4,4096,382,62.9982
308,4,4096,382,64.6198
310,4,4096,382,64.3041
314,4,4096,382,66.8667
316,4,4096,382,61.9603
318,4,4096,382,55.5841
322,4,4096,382,64.56
324,4,4096,382,64.0828
326,4,4096,382,60.9013
330,4,4096,382,63.4245
332,4,4096,382,53.7852
334,4,4096,382,65.3735
338,4,4096,382,62.8724
340,4,4096,382,58.8508
342,4,4096,382,56.5336
346,4,4096,382,57.3541
348,4,4096,382,57.0662
350,4,4096,382,60.7823
354,4,4096,382,62.7035
356,4,4096,382,55.5205
358,4,4096,382,59.76
362,4,4096,382,52.6999
364,4,4096,382,56.1266
366,4,4096,382,51.3167
370,4,4096,382,55.0766
372,4,4096,382,54.5382
374,4,4096,382,49.1001
378,4,4096,382,50.9683
380,4,4096,382,49.3747
2,4,4096,386,33.2173
4,4,4096,386,58.0726
6,4,4096,386,74.3167
10,4,4096,386,74.7801
12,4,4096,386,83.6796
14,4,4096,386,89.0162
18,4,4096,386,83.9792
20,4,4096,386,86.8993
22,4,4096,386,94.0007
26,4,4096,386,78.8915
28,4,4096,386,92.9052
30,4,4096,386,96.2368
34,4,4096,386,80.3936
36,4,4096,386,85.7519
38,4,4096,386,85.8205
42,4,4096,386,82.877
44,4,4096,386,82.4819
46,4,4096,386,88.9514
50,4,4096,386,80.2801
52,4,4096,386,70.131
54,4,4096,386,79.2704
58,4,4096,386,69.5976
60,4,4096,386,78.6632
62,4,4096,386,67.1519
66,4,4096,386,83.3603
68,4,4096,386,55.5763
70,4,4096,386,85.2983
74,4,4096,386,63.9343
76,4,4096,386,78.3177
78,4,4096,386,83.9203
82,4,4096,386,59.738
84,4,4096,386,75.3684
86,4,4096,386,61.6293
90,4,4096,386,69.2917
92,4,4096,386,74.7966
94,4,4096,386,73.9359
98,4,4096,386,66.5006
100,4,4096,386,69.3604
102,4,4096,386,54.4179
106,4,4096,386,70.2067
108,4,4096,386,57.7619
110,4,4096,386,68.9122
114,4,4096,386,53.055
116,4,4096,386,61.4859
118,4,4096,386,53.8179
122,4,4096,386,61.5168
124,4,4096,386,58.0485
126,4,4096,386,57.4634
130,4,4096,386,63.0211
132,4,4096,386,62.4841
134,4,4096,386,70.9889
138,4,4096,386,80.5492
140,4,4096,386,67.8615
142,4,4096,386,74.8579
146,4,4096,386,71.1173
148,4,4096,386,69.5395
150,4,4096,386,78.4413
154,4,4096,386,67.446
156,4,4096,386,71.3463
158,4,4096,386,56.9584
162,4,4096,386,66.4912
164,4,4096,386,69.5496
166,4,4096,386,67.9727
170,4,4096,386,72.3362
172,4,4096,386,70.0099
174,4,4096,386,72.4926
178,4,4096,386,70.1335
180,4,4096,386,62.7627
182,4,4096,386,59.1778
186,4,4096,386,62.3721
188,4,4096,386,69.3545
190,4,4096,386,70.063
194,4,4096,386,68.2082
196,4,4096,386,69.885
198,4,4096,386,72.6613
202,4,4096,386,58.431
204,4,4096,386,65.3882
206,4,4096,386,72.5339
210,4,4096,386,72.3106
212,4,4096,386,60.9699
214,4,4096,386,73.2092
218,4,4096,386,72.2302
220,4,4096,386,59.9509
222,4,4096,386,72.3455
226,4,4096,386,64.0803
228,4,4096,386,68.3385
230,4,4096,386,69.9211
234,4,4096,386,72.5042
236,4,4096,386,61.1119
238,4,4096,386,61.9275
242,4,4096,386,73.5796
244,4,4096,386,66.7506
246,4,4096,386,68.8317
250,4,4096,386,62.6673
252,4,4096,386,61.0454
254,4,4096,386,57.8222
258,4,4096,386,67.891
260,4,4096,386,66.7309
262,4,4096,386,71.2641
266,4,4096,386,63.6207
268,4,4096,386,58.1268
270,4,4096,386,60.2378
274,4,4096,386,65.1633
276,4,4096,386,68.9938
278,4,4096,386,65.5682
282,4,4096,386,64.8547
284,4,4096,386,58.6908
286,4,4096,386,55.4939
290,4,4096,386,60.3981
292,4,4096,386,61.5608
294,4,4096,386,61.7057
298,4,4096,386,62.1714
300,4,4096,386,61.5594
302,4,4096,386,55.0057
306,4,4096,386,61.5833
308,4,4096,386,61.4566
310,4,4096,386,66.6428
314,4,4096,386,62.5913
316,4,4096,386,60.7922
318,4,4096,386,58.5069
322,4,4096,386,65.5546
324,4,4096,386,61.601
326,4,4096,386,60.8025
330,4,4096,386,59.4146
332,4,4096,386,54.0414
334,4,4096,386,66.8124
338,4,4096,386,62.3333
340,4,4096,386,59.3349
342,4,4096,386,59.2177
346,4,4096,386,57.2044
348,4,4096,386,59.1734
350,4,4096,386,57.8187
354,4,4096,386,62.4464
356,4,4096,386,52.6017
358,4,4096,386,55.6978
362,4,4096,386,45.7649
364,4,4096,386,56.2769
366,4,4096,386,53.3708
370,4,4096,386,59.7994
372,4,4096,386,56.3636
374,4,4096,386,58.9335
378,4,4096,386,52.8306
380,4,4096,386,49.8517
382,4,4096,386,54.3627
2,4,4096,388,33.352
4,4,4096,388,59.8183
6,4,4096,388,72.0851
10,4,4096,388,74.7612
12,4,4096,388,79.8734
14,4,4096,388,94.2646
18,4,4096,388,80.2131
20,4,4096,388,76.7539
22,4,4096,388,89.4155
26,4,4096,388,85.045
28,4,4096,388,91.7466
30,4,4096,388,98.4818
34,4,4096,388,96.0488
36,4,4096,388,84.5538
38,4,4096,388,81.3166
42,4,4096,388,79.2111
44,4,4096,388,84.6911
46,4,4096,388,82.7796
50,4,4096,388,87.9958
52,4,4096,388,77.9493
54,4,4096,388,77.1256
58,4,4096,388,80.0299
60,4,4096,388,77.4502
62,4,4096,388,72.6947
66,4,4096,388,83.9076
68,4,4096,388,63.0896
70,4,4096,388,82.7355
74,4,4096,388,81.3205
76,4,4096,388,62.4605
78,4,4096,388,75.5361
82,4,4096,388,64.9997
84,4,4096,388,74.7679
86,4,4096,388,74.8371
90,4,4096,388,67.4647
92,4,4096,388,76.8874
94,4,4096,388,65.0832
98,4,4096,388,75.2285
100,4,4096,388,66.6318
102,4,4096,388,71.5039
106,4,4096,388,77.9773
108,4,4096,388,72.5782
110,4,4096,388,79.4056
114,4,4096,388,72.3242
116,4,4096,388,74.272
118,4,4096,388,77.8797
122,4,4096,388,74.4652
124,4,4096,388,68.0705
126,4,4096,388,64.4591
130,4,4096,388,63.8241
132,4,4096,388,74.5344
134,4,4096,388,78.4498
138,4,4096,388,70.1873
140,4,4096,388,73.8592
142,4,4096,388,75.0009
146,4,4096,388,66.2054
148,4,4096,388,76.1781
150,4,4096,388,63.3629
154,4,4096,388,69.6739
156,4,4096,388,62.6748
158,4,4096,388,66.7636
162,4,4096,388,74.486
164,4,4096,388,60.3131
166,4,4096,388,72.1533
170,4,4096,388,66.318
172,4,4096,388,66.9594
174,4,4096,388,65.5913
178,4,4096,388,70.9498
180,4,4096,388,73.7065
182,4,4096,388,66.0834
186,4,4096,388,73.6564
188,4,4096,388,69.3822
190,4,4096,388,69.4819
194,4,4096,388,71.8946
196,4,4096,388,60.6538
198,4,4096,388,63.133
202,4,4096,388,74.1821
204,4,4096,388,58.3521
206,4,4096,388,68.3471
210,4,4096,388,72.7849
212,4,4096,388,63.384
214,4,4096,388,63.9149
218,4,4096,388,57.5428
220,4,4096,388,59.9597
222,4,4096,388,60.4686
226,4,4096,388,61.0288
228,4,4096,388,71.437
230,4,4096,388,69.7454
234,4,4096,388,72.4996
236,4,4096,388,68.4578
238,4,4096,388,55.6763
242,4,4096,388,68.5321
244,4,4096,388,71.7825
246,4,4096,388,60.3518
250,4,4096,388,62.6408
252,4,4096,388,61.3445
254,4,4096,388,69.1743
258,4,4096,388,68.3753
260,4,4096,388,61.0282
262,4,4096,388,64.4234
266,4,4096,388,60.2819
268,4,4096,388,70.0297
270,4,4096,388,64.436
274,4,4096,388,68.9569
276,4,4096,388,68.1707
278,4,4096,388,58.2244
282,4,4096,388,68.5708
284,4,4096,388,53.5131
286,4,4096,388,55.4316
290,4,4096,388,61.9135
292,4,4096,388,55.5787
294,4,4096,388,57.8503
298,4,4096,388,63.4816
300,4,4096,388,59.9156
302,4,4096,388,58.2328
306,4,4096,388,56.0551
308,4,4096,388,59.2416
310,4,4096,388,55.5158
314,4,4096,388,61.5876
316,4,4096,388,57.4461
318,4,4096,388,50.7632
322,4,4096,388,63.9092
324,4,4096,388,62.9222
326,4,4096,388,60.8088
330,4,4096,388,61.7051
332,4,4096,388,57.646
334,4,4096,388,57.2406
338,4,4096,388,59.524
340,4,4096,388,60.211
342,4,4096,388,53.5926
346,4,4096,388,59.0404
348,4,4096,388,56.6304
350,4,4096,388,59.3461
354,4,4096,388,53.148
356,4,4096,388,52.938
358,4,4096,388,48.1801
362,4,4096,388,55.9747
364,4,4096,388,52.3726
366,4,4096,388,46.0103
370,4,4096,388,58.2961
372,4,4096,388,53.3488
374,4,4096,388,52.7481
378,4,4096,388,45.4697
380,4,4096,388,52.3834
382,4,4096,388,55.1446
386,4,4096,388,55.4542
2,4,4096,390,31.6359
4,4,4096,390,59.9961
6,4,4096,390,71.802
10,4,4096,390,76.7714
12,4,4096,390,81.9752
14,4,4096,390,90.7147
18,4,4096,390,74.5529
20,4,4096,390,92.369
22,4,4096,390,91.589
26,4,4096,390,72.5065
28,4,4096,390,89.4981
30,4,4096,390,78.1927
34,4,4096,390,74.2197
36,4,4096,390,88.7983
38,4,4096,390,86.7054
42,4,4096,390,65.8105
44,4,4096,390,85.2472
46,4,4096,390,73.7684
50,4,4096,390,82.6677
52,4,4096,390,63.5541
54,4,4096,390,81.471
58,4,4096,390,71.7289
60,4,4096,390,58.4825
62,4,4096,390,63.1008
66,4,4096,390,84.9809
68,4,4096,390,75.1067
70,4,4096,390,79.6981
74,4,4096,390,62.2228
76,4,4096,390,67.1862
78,4,4096,390,80.6148
82,4,4096,390,76.28
84,4,4096,390,81.2022
86,4,4096,390,72.822
90,4,4096,390,66.5737
92,4,4096,390,70.7995
94,4,4096,390,60.5357
98,4,4096,390,63.8198
100,4,4096,390,74.8492
102,4,4096,390,61.0524
106,4,4096,390,57.8955
108,4,4096,390,62.5314
110,4,4096,390,69.5705
114,4,4096,390,53.876
116,4,4096,390,75.2218
118,4,4096,390,74.3251
122,4,4096,390,61.2463
124,4,4096,390,64.0892
126,4,4096,390,70.9999
130,4,4096,390,75.4939
132,4,4096,390,65.9815
134,4,4096,390,73.8665
138,4,4096,390,69.8343
140,4,4096,390,69.1504
142,4,4096,390,65.219
146,4,4096,390,63.0438
148,4,4096,390,71.2041
150,4,4096,390,68.6942
154,4,4096,390,60.8008
156,4,4096,390,61.1657
158,4,4096,390,62.5771
162,4,4096,390,66.0239
164,4,4096,390,61.8477
166,4,4096,390,62.0359
170,4,4096,390,63.1936
172,4,4096,390,63.9578
174,4,4096,390,59.6949
178,4,4096,390,65.6154
180,4,4096,390,66.1548
182,4,4096,390,72.4967
186,4,4096,390,70.3086
188,4,4096,390,61.297
190,4,4096,390,56.8098
194,4,4096,390,69.86
196,4,4096,390,70.847
198,4,4096,390,78.2956
202,4,4096,390,68.5196
204,4,4096,390,73.2769
206,4,4096,390,63.5738
210,4,4096,390,74.1921
212,4,4096,390,70.375
214,4,4096,390,67.7182
218,4,4096,390,60.3823
220,4,4096,390,66.2803
222,4,4096,390,71.014
226,4,4096,390,69.5092
228,4,4096,390,60.7616
230,4,4096,390,64.532
234,4,4096,390,60.673
236,4,4096,390,56.4325
238,4,4096,390,63.1838
242,4,4096,390,65.1199
244,4,4096,390,65.3028
246,4,4096,390,69.8595
250,4,4096,390,74.2062
252,4,4096,390,55.6649
254,4,4096,390,62.0949
258,4,4096,390,67.2799
260,4,4096,390,69.7992
262,4,4096,390,71.7011
266,4,4096,390,60.8015
268,4,4096,390,52.1063
270,4,4096,390,60.0789
274,4,4096,390,59.4501
276,4,4096,390,60.5379
278,4,4096,390,66.8165
282,4,4096,390,59.5073
284,4,4096,390,60.7482
286,4,4096,390,68.1085
290,4,4096,390,64.2886
292,4,4096,390,60.4593
294,4,4096,390,60.821
298,4,4096,390,66.5278
300,4,4096,390,65.0048
302,4,4096,390,52.9896
306,4,4096,390,53.791
308,4,4096,390,64.8152
310,4,4096,390,68.8242
314,4,4096,390,61.3728
316,4,4096,390,60.6768
318,4,4096,390,53.0223
322,4,4096,390,62.5283
324,4,4096,390,65.2714
326,4,4096,390,60.1456
330,4,4096,390,58.8725
332,4,4096,390,57.7412
334,4,4096,390,55.0372
338,4,4096,390,58.2814
340,4,4096,390,51.9169
342,4,4096,390,47.0817
346,4,4096,390,55.4015
348,4,4096,390,56.9096
350,4,4096,390,59.8039
354,4,4096,390,55.7528
356,4,4096,390,50.3882
358,4,4096,390,48.2356
362,4,4096,390,58.0923
364,4,4096,390,53.3903
366,4,4096,390,47.5042
370,4,4096,390,56.0802
372,4,4096,390,50.5051
374,4,4096,390,51.3256
378,4,4096,390,52.7859
380,4,4096,390,48.1164
382,4,4096,390,45.9245
386,4,4096,390,53.8107
388,4,4096,390,52.2193
2,4,4096,394,31.1417
4,4,4096,394,51.6604
6,4,4096,394,70.9165
10,4,4096,394,80.7441
12,4,4096,394,74.5483
14,4,4096,394,79.3359
18,4,4096,394,86.792
20,4,4096,394,92.8425
22,4,4096,394,96.3741
26,4,4096,394,88.8199
28,4,4096,394,82.6702
30,4,4096,394,72.4939
34,4,4096,394,90.3045
36,4,4096,394,95.4612
38,4,4096,394,88.6439
42,4,4096,394,82.7979
44,4,4096,394,80.9208
46,4,4096,394,75.7657
50,4,4096,394,81.6165
52,4,4096,394,88.8191
54,4,4096,394,61.2163
58,4,4096,394,76.862
60,4,4096,394,67.3055
62,4,4096,394,78.1989
66,4,4096,394,86.2801
68,4,4096,394,72.2847
70,4,4096,394,79.4331
74,4,4096,394,79.7654
76,4,4096,394,69.1915
78,4,4096,394,71.0882
82,4,4096,394,73.6251
84,4,4096,394,77.6526
86,4,4096,394,82.1608
90,4,4096,394,70.2466
92,4,4096,394,77.1462
94,4,4096,394,76.7842
98,4,4096,394,76.9556
100,4,4096,394,64.8512
102,4,4096,394,73.8975
106,4,4096,394,65.7371
108,4,4096,394,71.1651
110,4,4096,394,79.9308
114,4,4096,394,63.7826
116,4,4096,394,77.3161
118,4,4096,394,66.8909
122,4,4096,394,71.0765
124,4,4096,394,74.4488
126,4,4096,394,65.4996
130,4,4096,394,69.3103
132,4,4096,394,65.9411
134,4,4096,394,63.9993
138,4,4096,394,73.558
140,4,4096,394,76.2711
142,4,4096,394,65.4547
146,4,4096,394,80.6584
148,4,4096,394,66.7398
150,4,4096,394,73.5235
154,4,4096,394,74.7567
156,4,4096,394,68.1461
158,4,4096,394,72.6739
162,4,4096,394,69.9756
164,4,4096,394,65.5559
166,4,4096,394,64.3165
170,4,4096,394,76.8745
172,4,4096,394,62.1596
174,4,4096,394,69.9562
178,4,4096,394,70.5671
180,4,4096,394,63.8322
182,4,4096,394,71.4216
186,4,4096,394,73.5948
188,4,4096,394,63.3764
190,4,4096,394,72.1264
194,4,4096,394,71.4052
196,4,4096,394,56.8366
198,4,4096,394,65.4565
202,4,4096,394,72.9149
204,4,4096,394,60.7667
206,4,4096,394,74.7061
210,4,4096,394,70.3408
212,4,4096,394,77.2371
214,4,4096,394,74.2358
218,4,4096,394,74.5278
220,4,4096,394,64.2527
222,4,4096,394,67.9291
226,4,4096,394,75.0587
228,4,4096,394,63.74
230,4,4096,394,74.4927
234,4,4096,394,67.8533
236,4,4096,394,56.2895
238,4,4096,394,71.0619
242,4,4096,394,73.8836
244,4,4096,394,61.2988
246,4,4096,394,66.8104
250,4,4096,394,66.9547
252,4,4096,394,68.224
254,4,4096,394,74.014
258,4,4096,394,61.0491
260,4,4096,394,73.0544
262,4,4096,394,62.8687
266,4,4096,394,63.9472
268,4,4096,394,62.9945
270,4,4096,394,64.4189
274,4,4096,394,67.0162
276,4,4096,394,60.2226
278,4,4096,394,66.3847
282,4,4096,394,59.474
284,4,4096,394,58.8665
286,4,4096,394,61.7539
290,4,4096,394,61.6938
292,4,4096,394,68.2305
294,4,4096,394,67.6557
298,4,4096,394,49.7518
300,4,4096,394,57.552
302,4,4096,394,64.7133
306,4,4096,394,65.6881
308,4,4096,394,66.9838
310,4,4096,394,64.9553
314,4,4096,394,53.8275
316,4,4096,394,67.1446
318,4,4096,394,66.3641
322,4,4096,394,64.1814
324,4,4096,394,56.5852
326,4,4096,394,52.2508
330,4,4096,394,55.846
332,4,4096,394,64.8398
334,4,4096,394,63.8587
338,4,4096,394,61.045
340,4,4096,394,58.6105
342,4,4096,394,59.1143
346,4,4096,394,63.3815
348,4,4096,394,63.395
350,4,4096,394,60.2682
354,4,4096,394,59.6375
356,4,4096,394,57.7199
358,4,4096,394,50.5873
362,4,4096,394,54.4353
364,4,4096,394,50.9976
366,4,4096,394,57.7815
370,4,4096,394,52.3122
372,4,4096,394,46.4157
374,4,4096,394,56.6596
378,4,4096,394,50.117
380,4,4096,394,49.3492
382,4,4096,394,56.4293
386,4,4096,394,57.264
388,4,4096,394,51.7127
390,4,4096,394,48.1926
2,4,4096,396,31.3562
4,4,4096,396,55.5867
6,4,4096,396,71.8361
10,4,4096,396,73.1067
12,4,4096,396,77.0536
14,4,4096,396,70.0931
18,4,4096,396,89.0512
20,4,4096,396,81.9601
22,4,4096,396,80.9458
26,4,4096,396,67.5769
28,4,4096,396,87.5752
30,4,4096,396,93.8936
34,4,4096,396,81.8515
36,4,4096,396,75.587
38,4,4096,396,87.1171
42,4,4096,396,70.7455
44,4,4096,396,89.7467
46,4,4096,396,79.3039
50,4,4096,396,70.9152
52,4,4096,396,67.8069
54,4,4096,396,68.3143
58,4,4096,396,78.9315
60,4,4096,396,74.2812
62,4,4096,396,78.6492
66,4,4096,396,59.8967
68,4,4096,396,75.8814
70,4,4096,396,82.7409
74,4,4096,396,60.1064
76,4,4096,396,78.9017
78,4,4096,396,60.8188
82,4,4096,396,77.5894
84,4,4096,396,66.5905
86,4,4096,396,77.1531
90,4,4096,396,69.2051
92,4,4096,396,78.1369
94,4,4096,396,70.4215
98,4,4096,396,71.3491
100,4,4096,396,75.1876
102,4,4096,396,68.9011
106,4,4096,396,72.337
108,4,4096,396,61.1391
110,4,4096,396,68.553
114,4,4096,396,74.5708
116,4,4096,396,67.6813
118,4,4096,396,75.1632
122,4,4096,396,55.8368
124,4,4096,396,75.6095
126,4,4096,396,75.432
130,4,4096,396,77.8993
132,4,4096,396,63.1455
134,4,4096,396,66.5399
138,4,4096,396,72.1451
140,4,4096,396,78.5095
142,4,4096,396,62.0939
146,4,4096,396,77.479
148,4,4096,396,60.7761
150,4,4096,396,67.7894
154,4,4096,396,75.6695
156,4,4096,396,60.4942
158,4,4096,396,67.0228
162,4,4096,396,76.6981
164,4,4096,396,72.5749
166,4,4096,396,60.9628
170,4,4096,396,69.107
172,4,4096,396,76.0925
174,4,4096,396,62.6166
178,4,4096,396,61.3295
180,4,4096,396,69.462
182,4,4096,396,75.0218
186,4,4096,396,71.6186
188,4,4096,396,61.8208
190,4,4096,396,70.9517
194,4,4096,396,66.8012
196,4,4096,396,62.5026
198,4,4096,396,59.3838
202,4,4096,396,63.51
204,4,4096,396,72.3193
206,4,4096,396,61.4761
210,4,4096,396,62.3858
212,4,4096,396,72.1958
214,4,4096,396,62.7316
218,4,4096,396,69.9087
220,4,4096,396,76.1994
222,4,4096,396,65.8127
226,4,4096,396,69.9039
228,4,4096,396,65.1012
230,4,4096,396,71.7205
234,4,4096,396,64.0261
236,4,4096,396,68.5911
238,4,4096,396,71.0396
242,4,4096,396,68.202
244,4,4096,396,71.7492
246,4,4096,396,74.8343
250,4,4096,396,63.0044
252,4,4096,396,68.5834
254,4,4096,396,68.9521
258,4,4096,396,66.2845
260,4,4096,396,56.2132
262,4,4096,396,67.7846
266,4,4096,396,54.3562
268,4,4096,396,68.9939
270,4,4096,396,65.3573
274,4,4096,396,67.8494
276,4,4096,396,68.1592
278,4,4096,396,59.3768
282,4,4096,396,56.4778
284,4,4096,396,66.5265
286,4,4096,396,59.2391
290,4,4096,396,58.3858
292,4,4096,396,64.3523
294,4,4096,396,67.1559
298,4,4096,396,63.4005
300,4,4096,396,61.7629
302,4,4096,396,58.0359
306,4,4096,396,60.1857
308,4,4096,396,67.2581
310,4,4096,396,52.5432
314,4,4096,396,52.5109
316,4,4096,396,66.3873
318,4,4096,396,64.8501
322,4,4096,396,56.394
324,4,4096,396,55.3623
326,4,4096,396,52.8005
330,4,4096,396,64.6525
332,4,4096,396,63.4741
334,4,4096,396,60.8355
338,4,4096,396,60.0661
340,4,4096,396,57.2914
342,4,4096,396,54.1076
346,4,4096,396,56.2139
348,4,4096,396,52.8515
350,4,4096,396,49.6465
354,4,4096,396,60.3563
356,4,4096,396,59.7201
358,4,4096,396,55.0876
362,4,4096,396,51.4268
364,4,4096,396,51.0081
366,4,4096,396,58.4717
370,4,4096,396,57.2209
372,4,4096,396,53.5878
374,4,4096,396,59.2254
378,4,4096,396,51.0776
380,4,4096,396,52.758
382,4,4096,396,48.9645
386,4,4096,396,54.2093
388,4,4096,396,53.5914
390,4,4096,396,54.8298
394,4,4096,396,51.291
2,4,4096,398,29.9282
4,4,4096,398,53.1623
6,4,4096,398,72.0583
10,4,4096,398,65.3722
12,4,4096,398,81.6081
14,4,4096,398,74.3447
18,4,4096,398,78.0613
20,4,4096,398,69.9461
22,4,4096,398,83.8082
26,4,4096,398,79.184
28,4,4096,398,90.6539
30,4,4096,398,94.7468
34,4,4096,398,72.5412
36,4,4096,398,83.6931
38,4,4096,398,77.2562
42,4,4096,398,78.7624
44,4,4096,398,87.4432
46,4,4096,398,81.6896
50,4,4096,398,75.123
52,4,4096,398,72.6733
54,4,4096,398,65.9477
58,4,4096,398,79.1578
60,4,4096,398,83.2963
62,4,4096,398,57.4416
66,4,4096,398,65.3358
68,4,4096,398,67.7141
70,4,4096,398,70.7272
74,4,4096,398,63.1679
76,4,4096,398,67.186
78,4,4096,398,73.2747
82,4,4096,398,75.4052
84,4,4096,398,75.2956
86,4,4096,398,57.1119
90,4,4096,398,54.401
92,4,4096,398,71.1005
94,4,4096,398,72.8987
98,4,4096,398,80.6791
100,4,4096,398,73.999
102,4,4096,398,73.8646
106,4,4096,398,65.4777
108,4,4096,398,77.074
110,4,4096,398,68.3526
114,4,4096,398,64.992
116,4,4096,398,76.0914
118,4,4096,398,62.0789
122,4,4096,398,66.5226
124,4,4096,398,75.3726
126,4,4096,398,69.5504
130,4,4096,398,68.0433
132,4,4096,398,76.4238
134,4,4096,398,64.9022
138,4,4096,398,72.7117
140,4,4096,398,61.7182
142,4,4096,398,68.4286
146,4,4096,398,75.9073
148,4,4096,398,57.1438
150,4,4096,398,68.8966
154,4,4096,398,73.5685
156,4,4096,398,73.8058
158,4,4096,398,67.7873
162,4,4096,398,63.4923
164,4,4096,398,64.162
166,4,4096,398,72.2081
170,4,4096,398,62.4778
172,4,4096,398,63.4444
174,4,4096,398,73.1031
178,4,4096,398,72.7414
180,4,4096,398,73.3041
182,4,4096,398,61.2161
186,4,4096,398,70.5766
188,4,4096,398,62.2848
190,4,4096,398,58.6882
194,4,4096,398,72.3163
196,4,4096,398,70.8116
198,4,4096,398,60.539
202,4,4096,398,60.9781
204,4,4096,398,59.0517
206,4,4096,398,77.4057
210,4,4096,398,71.4271
212,4,4096,398,59.9784
214,4,4096,398,71.4765
218,4,4096,398,65.9856
220,4,4096,398,64.557
222,4,4096,398,70.2061
226,4,4096,398,62.4294
228,4,4096,398,69.1843
230,4,4096,398,59.6837
234,4,4096,398,68.1548
236,4,4096,398,70.4152
238,4,4096,398,72.4687
242,4,4096,398,68.0999
244,4,4096,398,74.1332
246,4,4096,398,69.7494
250,4,4096,398,61.8646
252,4,4096,398,73.7784
254,4,4096,398,58.3956
258,4,4096,398,70.84
260,4,4096,398,68.106
262,4,4096,398,65.0544
266,4,4096,398,67.6529
268,4,4096,398,68.8656
270,4,4096,398,59.5299
274,4,4096,398,62.0753
276,4,4096,398,63.6607
278,4,4096,398,66.455
282,4,4096,398,68.375
284,4,4096,398,51.4687
286,4,4096,398,69.6975
290,4,4096,398,61.483
292,4,4096,398,63.2317
294,4,4096,398,56.9615
298,4,4096,398,55.2867
300,4,4096,398,57.4078
302,4,4096,398,56.4169
306,4,4096,398,57.6493
308,4,4096,398,61.7016
310,4,4096,398,59.6249
314,4,4096,398,56.5297
316,4,4096,398,52.2528
318,4,4096,398,57.0164
322,4,4096,398,55.7032
324,4,4096,398,53.1203
326,4,4096,398,57.6529
330,4,4096,398,48.1903
332,4,4096,398,56.0784
334,4,4096,398,59.5903
338,4,4096,398,53.212
340,4,4096,398,58.7587
342,4,4096,398,56.4438
346,4,4096,398,51.2295
348,4,4096,398,52.646
350,4,4096,398,50.153
354,4,4096,398,57.0255
356,4,4096,398,53.1519
358,4,4096,398,56.1862
362,4,4096,398,48.2927
364,4,4096,398,54.0352
366,4,4096,398,52.2837
370,4,4096,398,49.4583
372,4,4096,398,56.7876
374,4,4096,398,57.1166
378,4,4096,398,56.7102
380,4,4096,398,48.4668
382,4,4096,398,45.5194
386,4,4096,398,52.0723
388,4,4096,398,51.871
390,4,4096,398,49.8636
394,4,4096,398,52.1039
396,4,4096,398,46.9693
2,4,4096,402,31.74
4,4,4096,402,45.1561
6,4,4096,402,71.5488
10,4,4096,402,62.3209
12,4,4096,402,77.831
14,4,4096,402,81.8672
18,4,4096,402,90.0623
20,4,4096,402,87.3302
22,4,4096,402,77.0987
26,4,4096,402,71.9186
28,4,4096,402,92.8653
30,4,4096,402,69.8523
34,4,4096,402,81.216
36,4,4096,402,73.0051
38,4,4096,402,61.4169
42,4,4096,402,78.7371
44,4,4096,402,85.8924
46,4,4096,402,91.6918
50,4,4096,402,70.6153
52,4,4096,402,75.6351
54,4,4096,402,63.7999
58,4,4096,402,61.9486
60,4,4096,402,79.9144
62,4,4096,402,60.9314
66,4,4096,402,72.6758
68,4,4096,402,64.6705
70,4,4096,402,75.7696
74,4,4096,402,79.4534
76,4,4096,402,67.6192
78,4,4096,402,68.8763
82,4,4096,402,65.939
84,4,4096,402,56.0762
86,4,4096,402,77.9224
90,4,4096,402,73.8243
92,4,4096,402,76.8722
94,4,4096,402,64.8894
98,4,4096,402,56.5772
100,4,4096,402,68.6464
102,4,4096,402,73.3234
106,4,4096,402,74.0514
108,4,4096,402,61.1972
110,4,4096,402,63.0655
114,4,4096,402,76.3666
116,4,4096,402,60.2117
118,4,4096,402,66.2834
122,4,4096,402,73.579
124,4,4096,402,66.2782
126,4,4096,402,67.1171
130,4,4096,402,65.8409
132,4,4096,402,55.5185
134,4,4096,402,71.5495
138,4,4096,402,62.6048
140,4,4096,402,66.487
142,4,4096,402,58.9364
146,4,4096,402,68.2443
148,4,4096,402,71.4828
150,4,4096,402,74.603
154,4,4096,402,61.9032
156,4,4096,402,63.1095
158,4,4096,402,72.746
162,4,4096,402,59.7725
164,4,4096,402,57.519
166,4,4096,402,57.7574
170,4,4096,402,61.3508
172,4,4096,402,67.1471
174,4,4096,402,64.4108
178,4,4096,402,73.8351
180,4,4096,402,54.8796
182,4,4096,402,61.0516
186,4,4096,402,69.6412
188,4,4096,402,71.6867
190,4,4096,402,65.6623
194,4,4096,402,69.717
196,4,4096,402,73.1649
198,4,4096,402,62.8143
202,4,4096,402,76.0561
204,4,4096,402,67.0683
206,4,4096,402,74.0632
210,4,4096,402,70.6992
212,4,4096,402,73.5406
214,4,4096,402,61.3779
218,4,4096,402,69.357
220,4,4096,402,63.6703
222,4,4096,402,77.121
226,4,4096,402,64.9018
228,4,4096,402,64.4799
230,4,4096,402,70.0281
234,4,4096,402,61.4196
236,4,4096,402,73.666
238,4,4096,402,71.7408
242,4,4096,402,69.4461
244,4,4096,402,70.9237
246,4,4096,402,64.4911
250,4,4096,402,62.5338
252,4,4096,402,67.7651
254,4,4096,402,64.432
258,4,4096,402,63.0001
260,4,4096,402,63.8658
262,4,4096,402,64.3293
266,4,4096,402,72.8749
268,4,4096,402,61.6381
270,4,4096,402,64.5748
274,4,4096,402,61.498
276,4,4096,402,63.4229
278,4,4096,402,60.7704
282,4,4096,402,59.074
284,4,4096,402,61.5887
286,4,4096,402,64.3014
290,4,4096,402,62.404
292,4,4096,402,63.9094
294,4,4096,402,68.6207
298,4,4096,402,57.0963
300,4,4096,402,56.4703
302,4,4096,402,62.0465
306,4,4096,402,68.6314
308,4,4096,402,64.0055
310,4,4096,402,52.9362
314,4,4096,402,60.6069
316,4,4096,402,60.6564
318,4,4096,402,65.889
322,4,4096,402,62.7142
324,4,4096,402,57.1397
326,4,4096,402,61.2584
330,4,4096,402,57.9376
332,4,4096,402,53.7569
334,4,4096,402,57.0753
338,4,4096,402,53.5103
340,4,4096,402,51.495
342,4,4096,402,51.3523
346,4,4096,402,59.1049
348,4,4096,402,62.4503
350,4,4096,402,49.6046
354,4,4096,402,51.1736
356,4,4096,402,52.5111
358,4,4096,402,59.3618
362,4,4096,402,51.2344
364,4,4096,402,56.0099
366,4,4096,402,53.2196
370,4,4096,402,56.0183
372,4,4096,402,51.7162
374,4,4096,402,55.0722
378,4,4096,402,52.8298
380,4,4096,402,48.9767
382,4,4096,402,50.5165
386,4,4096,402,52.1338
388,4,4096,402,54.0288
390,4,4096,402,47.5449
394,4,4096,402,46.081
396,4,4096,402,47.3455
398,4,4096,402,46.9535
2,4,4096,404,28.6617
4,4,4096,404,52.1391
6,4,4096,404,74.0836
10,4,4096,404,65.2935
12,4,4096,404,80.6248
14,4,4096,404,88.5981
18,4,4096,404,72.8372
20,4,4096,404,65.4864
22,4,4096,404,78.8153
26,4,4096,404,83.2425
28,4,4096,404,83.7199
30,4,4096,404,71.8112
34,4,4096,404,79.7251
36,4,4096,404,73.5346
38,4,4096,404,93.1396
42,4,4096,404,70.7531
44,4,4096,404,78.7314
46,4,4096,404,65.0446
50,4,4096,404,66.4267
52,4,4096,404,80.1492
54,4,4096,404,65.6206
58,4,4096,404,76.9247
60,4,4096,404,67.8735
62,4,4096,404,71.349
66,4,4096,404,71.0881
68,4,4096,404,81.7477
70,4,4096,404,67.2166
74,4,4096,404,74.4393
76,4,4096,404,67.7853
78,4,4096,404,65.2584
82,4,4096,404,75.5898
84,4,4096,404,66.9121
86,4,4096,404,71.4101
90,4,4096,404,63.5168
92,4,4096,404,70.9303
94,4,4096,404,66.1291
98,4,4096,404,72.5633
100,4,4096,404,69.7799
102,4,4096,404,65.3741
106,4,4096,404,63.8125
108,4,4096,404,67.6218
110,4,4096,404,77.2021
114,4,4096,404,70.9657
116,4,4096,404,62.1719
118,4,4096,404,68.6782
122,4,4096,404,75.1121
124,4,4096,404,57.9723
126,4,4096,404,73.1231
130,4,4096,404,65.3381
132,4,4096,404,64.0834
134,4,4096,404,73.7622
138,4,4096,404,77.3697
140,4,4096,404,66.2204
142,4,4096,404,76.3411
146,4,4096,404,72.3993
148,4,4096,404,64.3737
150,4,4096,404,70.0053
154,4,4096,404,76.8786
156,4,4096,404,60.8856
158,4,4096,404,70.2637
162,4,4096,404,58.9854
164,4,4096,404,53.8939
166,4,4096,404,68.4869
170,4,4096,404,76.3782
172,4,4096,404,62.6113
174,4,4096,404,64.7925
178,4,4096,404,69.554
180,4,4096,404,65.8131
182,4,4096,404,61.4816
186,4,4096,404,63.7869
188,4,4096,404,63.3494
190,4,4096,404,69.6233
194,4,4096,404,61.5347
196,4,4096,404,63.4541
198,4,4096,404,71.7681
202,4,4096,404,71.8893
204,4,4096,404,72.0229
206,4,4096,404,71.6261
210,4,4096,404,67.8274
212,4,4096,404,62.3035
214,4,4096,404,66.997
218,4,4096,404,64.9003
220,4,4096,404,72.93
222,4,4096,404,51.9284
226,4,4096,404,61.4254
228,4,4096,404,66.5833
230,4,4096,404,60.1284
234,4,4096,404,72.0219
236,4,4096,404,70.7228
238,4,4096,404,63.8238
242,4,4096,404,62.206
244,4,4096,404,54.5024
246,4,4096,404,64.1431
250,4,4096,404,67.6756
252,4,4096,404,69.0231
254,4,4096,404,58.3302
258,4,4096,404,59.2348
260,4,4096,404,66.9279
262,4,4096,404,66.5639
266,4,4096,404,63.1872
268,4,4096,404,61.3711
270,4,4096,404,57.8333
274,4,4096,404,70.9289
276,4,4096,404,55.9369
278,4,4096,404,62.441
282,4,4096,404,65.6162
284,4,4096,404,57.7506
286,4,4096,404,53.497
290,4,4096,404,54.7149
292,4,4096,404,55.0467
294,4,4096,404,53.062
298,4,4096,404,58.6175
300,4,4096,404,61.7192
302,4,4096,404,60.3263
306,4,4096,404,69.3334
308,4,4096,404,65.8139
310,4,4096,404,62.8011
314,4,4096,404,58.3735
316,4,4096,404,58.5501
318,4,4096,404,58.2855
322,4,4096,404,56.2419
324,4,4096,404,61.4975
326,4,4096,404,59.8815
330,4,4096,404,59.8853
332,4,4096,404,65.9962
334,4,4096,404,59.8201
338,4,4096,404,59.2912
340,4,4096,404,52.8657
342,4,4096,404,48.6665
346,4,4096,404,51.2537
348,4,4096,404,58.7492
350,4,4096,404,57.3242
354,4,4096,404,57.9552
356,4,4096,404,60.6489
358,4,4096,404,52.9999
362,4,4096,404,57.6045
364,4,4096,404,49.5878
366,4,4096,404,51.9033
370,4,4096,404,55.6146
372,4,4096,404,50.7919
374,4,4096,404,46.0127
378,4,4096,404,54.3925
380,4,4096,404,54.7197
382,4,4096,404,49.3905
386,4,4096,404,52.1636
388,4,4096,404,49.7037
390,4,4096,404,49.4818
394,4,4096,404,47.9237
396,4,4096,404,54.1712
398,4,4096,404,53.0992
402,4,4096,404,49.5383
2,4,4096,406,32.5112
4,4,4096,406,45.5613
6,4,4096,406,70.1106
10,4,4096,406,72.5696
12,4,4096,406,79.462
14,4,4096,406,83.5521
18,4,4096,406,63.2434
20,4,4096,406,89.8811
22,4,4096,406,88.8257
26,4,4096,406,90.0919
28,4,4096,406,79.1198
30,4,4096,406,76.6496
34,4,4096,406,86.7939
36,4,4096,406,71.8586
38,4,4096,406,76.7523
42,4,4096,406,70.1408
44,4,4096,406,67.6524
46,4,4096,406,81.3732
50,4,4096,406,71.9083
52,4,4096,406,75.8143
54,4,4096,406,65.1681
58,4,4096,406,81.8991
60,4,4096,406,76.5444
62,4,4096,406,74.0652
66,4,4096,406,57.6479
68,4,4096,406,74.7983
70,4,4096,406,81.493
74,4,4096,406,57.661
76,4,4096,406,72.9986
78,4,4096,406,74.6446
82,4,4096,406,72.6393
84,4,4096,406,80.5925
86,4,4096,406,55.3596
90,4,4096,406,70.1289
92,4,4096,406,70.1654
94,4,4096,406,74.4175
98,4,4096,406,60.2746
100,4,4096,406,77.1445
102,4,4096,406,60.7101
106,4,4096,406,78.2039
108,4,4096,406,74.2086
110,4,4096,406,73.1859
114,4,4096,406,74.3297
116,4,4096,406,69.7357
118,4,4096,406,72.997
122,4,4096,406,65.1444
124,4,4096,406,59.3631
126,4,4096,406,72.1648
130,4,4096,406,64.0416
132,4,4096,406,66.9261
134,4,4096,406,65.9471
138,4,4096,406,80.4905
140,4,4096,406,62.8702
142,4,4096,406,70.4318
146,4,4096,406,69.291
148,4,4096,406,71.3093
150,4,4096,406,71.991
154,4,4096,406,61.5005
156,4,4096,406,60.5961
158,4,4096,406,60.8248
162,4,4096,406,75.1066
164,4,4096,406,71.4618
166,4,4096,406,58.0931
170,4,4096,406,75.7101
172,4,4096,406,62.5131
174,4,4096,406,67.0584
178,4,4096,406,69.9195
180,4,4096,406,62.9273
182,4,4096,406,70.4216
186,4,4096,406,56.8635
188,4,4096,406,69.174
190,4,4096,406,71.0311
194,4,4096,406,62.6064
196,4,4096,406,69.2438
198,4,4096,406,63.5096
202,4,4096,406,71.6731
204,4,4096,406,71.9329
206,4,4096,406,62.6335
210,4,4096,406,60.0572
212,4,4096,406,66.175
214,4,4096,406,69.4871
218,4,4096,406,71.918
220,4,4096,406,61.8423
222,4,4096,406,74.0836
226,4,4096,406,58.3902
228,4,4096,406,59.2974
230,4,4096,406,64.2221
234,4,4096,406,66.1762
236,4,4096,406,72.7977
238,4,4096,406,70.3074
242,4,4096,406,67.7492
244,4,4096,406,61.5611
246,4,4096,406,69.5871
250,4,4096,406,71.856
252,4,4096,406,69.9521
254,4,4096,406,70.0327
258,4,4096,406,67.8685
260,4,4096,406,62.2813
262,4,4096,406,63.8951
266,4,4096,406,71.1834
268,4,4096,406,57.7257
270,4,4096,406,60.2464
274,4,4096,406,64.8777
276,4,4096,406,66.1907
278,4,4096,406,68.514
282,4,4096,406,66.2248
284,4,4096,406,56.7209
286,4,4096,406,67.4403
290,4,4096,406,67.8297
292,4,4096,406,56.7335
294,4,4096,406,63.5914
298,4,4096,406,62.7932
300,4,4096,406,58.6425
302,4,4096,406,66.4453
306,4,4096,406,57.1449
308,4,4096,406,56.1822
310,4,4096,406,54.0899
314,4,4096,406,57.232
316,4,4096,406,54.9873
318,4,4096,406,52.5163
322,4,4096,406,64.0013
324,4,4096,406,61.8071
326,4,4096,406,62.9302
330,4,4096,406,62.2933
332,4,4096,406,58.1996
334,4,4096,406,62.5184
338,4,4096,406,55.7895
340,4,4096,406,55.1042
342,4,4096,406,52.1233
346,4,4096,406,55.1486
348,4,4096,406,58.7739
350,4,4096,406,58.7515
354,4,4096,406,58.1784
356,4,4096,406,50.1142
358,4,4096,406,48.5019
362,4,4096,406,56.747
364,4,4096,406,55.5338
366,4,4096,406,55.7626
370,4,4096,406,49.7575
372,4,4096,406,50.6551
374,4,4096,406,56.0262
378,4,4096,406,55.8155
380,4,4096,406,50.1431
382,4,4096,406,51.5324
386,4,4096,406,43.5091
388,4,4096,406,51.0449
390,4,4096,406,50.5793
394,4,4096,406,46.1838
396,4,4096,406,51.879
398,4,4096,406,54.942
402,4,4096,406,48.2257
404,4,4096,406,44.1872
2,4,4096,410,27.1173
4,4,4096,410,57.2785
6,4,4096,410,74.7265
10,4,4096,410,71.0671
12,4,4096,410,78.5092
14,4,4096,410,76.4684
18,4,4096,410,68.8488
20,4,4096,410,82.7186
22,4,4096,410,67.1855
26,4,4096,410,80.8322
28,4,4096,410,85.9154
30,4,4096,410,80.8118
34,4,4096,410,79.4134
36,4,4096,410,86.5008
38,4,4096,410,76.3163
42,4,4096,410,88.9365
44,4,4096,410,79.9157
46,4,4096,410,80.7208
50,4,4096,410,63.0194
52,4,4096,410,82.6169
54,4,4096,410,72.2729
58,4,4096,410,67.8435
60,4,4096,410,73.6759
62,4,4096,410,70.372
66,4,4096,410,74.1352
68,4,4096,410,64.05
70,4,4096,410,81.7554
74,4,4096,410,74.1363
76,4,4096,410,81.4264
78,4,4096,410,75.0666
82,4,4096,410,64.0387
84,4,4096,410,61.2499
86,4,4096,410,73.0595
90,4,4096,410,72.2744
92,4,4096,410,74.3958
94,4,4096,410,80.5953
98,4,4096,410,69.6525
100,4,4096,410,77.9604
102,4,4096,410,71.2945
106,4,4096,410,81.7889
108,4,4096,410,61.1866
110,4,4096,410,64.6704
114,4,4096,410,74.7624
116,4,4096,410,76.0738
118,4,4096,410,72.3496
122,4,4096,410,74.8109
124,4,4096,410,64.5027
126,4,4096,410,75.115
130,4,4096,410,80.8512
132,4,4096,410,51.8613
134,4,4096,410,64.7813
138,4,4096,410,73.8315
140,4,4096,410,78.4215
142,4,4096,410,65.6513
146,4,4096,410,59.2369
148,4,4096,410,62.7469
150,4,4096,410,71.5565
154,4,4096,410,66.0742
156,4,4096,410,66.5986
158,4,4096,410,64.5233
162,4,4096,410,63.9246
164,4,4096,410,60.0879
166,4,4096,410,68.0741
170,4,4096,410,71.5392
172,4,4096,410,61.0846
174,4,4096,410,65.4282
178,4,4096,410,70.6565
180,4,4096,410,59.1262
182,4,4096,410,70.2023
186,4,4096,410,59.8911
188,4,4096,410,54.9489
190,4,4096,410,59.1393
194,4,4096,410,54.2129
196,4,4096,410,58.6318
198,4,4096,410,64.9732
202,4,4096,410,66.4159
204,4,4096,410,60.4654
206,4,4096,410,58.9658
210,4,4096,410,57.2059
212,4,4096,410,65.372
214,4,4096,410,68.8894
218,4,4096,410,64.1489
220,4,4096,410,60.2118
222,4,4096,410,68.2658
226,4,4096,410,59.4557
228,4,4096,410,66.1487
230,4,4096,410,64.2554
234,4,4096,410,63.3406
236,4,4096,410,63.5028
238,4,4096,410,68.8884
242,4,4096,410,53.6153
244,4,4096,410,58.1556
246,4,4096,410,64.6917
250,4,4096,410,58.6353
252,4,4096,410,61.8777
254,4,4096,410,64.3062
258,4,4096,410,66.8851
260,4,4096,410,63.0687
262,4,4096,410,66.5015
266,4,4096,410,56.7304
268,4,4096,410,61.421
270,4,4096,410,65.1876
274,4,4096,410,61.3171
276,4,4096,410,68.6707
278,4,4096,410,67.4476
282,4,4096,410,54.9359
284,4,4096,410,53.3155
286,4,4096,410,57.8629
290,4,4096,410,51.1579
292,4,4096,410,52.6493
294,4,4096,410,53.1904
298,4,4096,410,52.3353
300,4,4096,410,68.2552
302,4,4096,410,56.4051
306,4,4096,410,49.6938
308,4,4096,410,64.2326
310,4,4096,410,69.0155
314,4,4096,410,56.2524
316,4,4096,410,53.1345
318,4,4096,410,57.1344
322,4,4096,410,63.4883
324,4,4096,410,64.6601
326,4,4096,410,62.4647
330,4,4096,410,60.2187
332,4,4096,410,51.192
334,4,4096,410,51.6839
338,4,4096,410,50.6525
340,4,4096,410,51.651
342,4,4096,410,62.8474
346,4,4096,410,60.8199
348,4,4096,410,59.3797
350,4,4096,410,61.249
354,4,4096,410,56.7575
356,4,4096,410,60.7525
358,4,4096,410,59.1354
362,4,4096,410,61.2939
364,4,4096,410,60.9845
366,4,4096,410,49.1581
370,4,4096,410,43.6866
372,4,4096,410,42.1673
374,4,4096,410,57.1615
378,4,4096,410,57.8871
380,4,4096,410,51.1153
382,4,4096,410,53.4177
386,4,4096,410,46.7883
388,4,4096,410,57.1386
390,4,4096,410,56.9711
394,4,4096,410,58.2354
396,4,4096,410,57.0919
398,4,4096,410,56.3994
402,4,4096,410,56.0461
404,4,4096,410,43.5924
406,4,4096,410,45.7141
2,4,4096,412,30.4811
4,4,4096,412,50.8244
6,4,4096,412,63.9727
10,4,4096,412,73.2674
12,4,4096,412,63.0056
14,4,4096,412,83.9528
18,4,4096,412,76.3993
20,4,4096,412,58.0666
22,4,4096,412,70.3609
26,4,4096,412,84.7715
28,4,4096,412,83.5926
30,4,4096,412,76.5302
34,4,4096,412,74.9674
36,4,4096,412,83.4026
38,4,4096,412,87.2088
42,4,4096,412,79.4573
44,4,4096,412,63.7924
46,4,4096,412,67.6685
50,4,4096,412,70.0191
52,4,4096,412,54.8001
54,4,4096,412,67.1882
58,4,4096,412,72.1252
60,4,4096,412,65.289
62,4,4096,412,59.9862
66,4,4096,412,68.7322
68,4,4096,412,73.5241
70,4,4096,412,68.3026
74,4,4096,412,70.477
76,4,4096,412,66.0114
78,4,4096,412,67.4436
82,4,4096,412,62.6308
84,4,4096,412,72.7956
86,4,4096,412,68.7271
90,4,4096,412,67.1317
92,4,4096,412,75.1407
94,4,4096,412,59.4804
98,4,4096,412,62.9925
100,4,4096,412,72.7574
102,4,4096,412,69.9645
106,4,4096,412,66.3887
108,4,4096,412,74.883
110,4,4096,412,71.9632
114,4,4096,412,65.7552
116,4,4096,412,66.2102
118,4,4096,412,55.8989
122,4,4096,412,74.0927
124,4,4096,412,72.6967
126,4,4096,412,67.0195
130,4,4096,412,76.3362
132,4,4096,412,63.6237
134,4,4096,412,65.6163
138,4,4096,412,72.8625
140,4,4096,412,77.4332
142,4,4096,412,59.4992
146,4,4096,412,75.3027
148,4,4096,412,75.6681
150,4,4096,412,58.8231
154,4,4096,412,63.9247
156,4,4096,412,77.6765
158,4,4096,412,60.2921
162,4,4096,412,63.9258
164,4,4096,412,63.6674
166,4,4096,412,68.9109
170,4,4096,412,61.7665
172,4,4096,412,66.9736
174,4,4096,412,61.9631
178,4,4096,412,56.3157
180,4,4096,412,67.0883
182,4,4096,412,73.1573
186,4,4096,412,68.5929
188,4,4096,412,59.2678
190,4,4096,412,67.1218
194,4,4096,412,70.1756
196,4,4096,412,73.9406
198,4,4096,412,70.4524
202,4,4096,412,62.3823
204,4,4096,412,57.1423
206,4,4096,412,73.4119
210,4,4096,412,74.7232
212,4,4096,412,63.2537
214,4,4096,412,62.5685
218,4,4096,412,70.9622
220,4,4096,412,61.0311
222,4,4096,412,72.5174
226,4,4096,412,73.242
228,4,4096,412,62.2054
230,4,4096,412,63.894
234,4,4096,412,74.4205
236,4,4096,412,54.9467
238,4,4096,412,58.5122
242,4,4096,412,64.6867
244,4,4096,412,66.005
246,4,4096,412,61.8605
250,4,4096,412,64.3631
252,4,4096,412,68.9778
254,4,4096,412,53.2352
258,4,4096,412,63.6198
260,4,4096,412,63.9075
262,4,4096,412,61.4995
266,4,4096,412,64.223
268,4,4096,412,59.204
270,4,4096,412,60.1475
274,4,4096,412,70.9653
276,4,4096,412,69.9444
278,4,4096,412,71.5288
282,4,4096,412,64.3538
284,4,4096,412,53.1717
286,4,4096,412,60.3394
290,4,4096,412,67.5709
292,4,4096,412,66.3181
294,4,4096,412,56.6159
298,4,4096,412,56.9543
300,4,4096,412,62.3247
302,4,4096,412,63.3768
306,4,4096,412,50.2767
308,4,4096,412,61.511
310,4,4096,412,66.182
314,4,4096,412,62.1453
316,4,4096,412,54.7582
318,4,4096,412,66.3023
322,4,4096,412,62.1377
324,4,4096,412,52.0272
326,4,4096,412,56.0315
330,4,4096,412,52.7816
332,4,4096,412,64.2446
334,4,4096,412,64.2189
338,4,4096,412,54.341
340,4,4096,412,55.8616
342,4,4096,412,59.7935
346,4,4096,412,62.9791
348,4,4096,412,63.9688
350,4,4096,412,54.747
354,4,4096,412,59.3091
356,4,4096,412,58.4745
358,4,4096,412,58.641
362,4,4096,412,58.062
364,4,4096,412,56.6363
366,4,4096,412,53.3744
370,4,4096,412,53.9911
372,4,4096,412,52.104
374,4,4096,412,48.5024
378,4,4096,412,59.5958
380,4,4096,412,54.3079
382,4,4096,412,54.2296
386,4,4096,412,54.3212
388,4,4096,412,49.0565
390,4,4096,412,48.7917
394,4,4096,412,49.9392
396,4,4096,412,59.2957
398,4,4096,412,58.0579
402,4,4096,412,49.013
404,4,4096,412,55.9212
406,4,4096,412,54.5313
410,4,4096,412,50.8146
2,4,4096,414,30.2184
4,4,4096,414,54.9363
6,4,4096,414,59.8708
10,4,4096,414,70.7841
12,4,4096,414,68.9164
14,4,4096,414,91.164
18,4,4096,414,86.4048
20,4,4096,414,73.6513
22,4,4096,414,81.5732
26,4,4096,414,83.8913
28,4,4096,414,77.4046
30,4,4096,414,79.0931
34,4,4096,414,56.1076
36,4,4096,414,74.9007
38,4,4096,414,83.2797
42,4,4096,414,81.0203
44,4,4096,414,71.911
46,4,4096,414,92.0594
50,4,4096,414,82.8155
52,4,4096,414,70.056
54,4,4096,414,69.4685
58,4,4096,414,74.0076
60,4,4096,414,79.4129
62,4,4096,414,74.2878
66,4,4096,414,69.1661
68,4,4096,414,76.1112
70,4,4096,414,77.8975
74,4,4096,414,64.7192
76,4,4096,414,66.0985
78,4,4096,414,59.598
82,4,4096,414,77.1474
84,4,4096,414,69.3028
86,4,4096,414,62.7535
90,4,4096,414,79.6575
92,4,4096,414,64.4868
94,4,4096,414,77.169
98,4,4096,414,70.7
100,4,4096,414,63.7282
102,4,4096,414,62.2849
106,4,4096,414,77.4191
108,4,4096,414,66.1017
110,4,4096,414,69.9148
114,4,4096,414,75.3898
116,4,4096,414,72.5052
118,4,4096,414,70.8681
122,4,4096,414,59.689
124,4,4096,414,69.5572
126,4,4096,414,62.1196
130,4,4096,414,64.0276
132,4,4096,414,74.1227
134,4,4096,414,71.9373
138,4,4096,414,62.071
140,4,4096,414,68.7609
142,4,4096,414,68.1499
146,4,4096,414,68.2703
148,4,4096,414,72.69
150,4,4096,414,76.3621
154,4,4096,414,69.5554
156,4,4096,414,75.4929
158,4,4096,414,57.3738
162,4,4096,414,61.2928
164,4,4096,414,62.8749
166,4,4096,414,73.9604
170,4,4096,414,61.7168
172,4,4096,414,64.1093
174,4,4096,414,75.5946
178,4,4096,414,73.2003
180,4,4096,414,75.5012
182,4,4096,414,65.409
186,4,4096,414,61.6079
188,4,4096,414,65.9964
190,4,4096,414,71.981
194,4,4096,414,62.7186
196,4,4096,414,63.5471
198,4,4096,414,67.0841
202,4,4096,414,64.6987
204,4,4096,414,67.2879
206,4,4096,414,56.9188
210,4,4096,414,63.8291
212,4,4096,414,74.7368
214,4,4096,414,74.7868
218,4,4096,414,73.7072
220,4,4096,414,74.4629
222,4,4096,414,63.3628
226,4,4096,414,72.2216
228,4,4096,414,58.4388
230,4,4096,414,67.2567
234,4,4096,414,70.4247
236,4,4096,414,64.44
238,4,4096,414,73.5975
242,4,4096,414,60.5208
244,4,4096,414,69.2367
246,4,4096,414,61.1215
250,4,4096,414,61.6275
252,4,4096,414,71.7192
254,4,4096,414,62.7834
258,4,4096,414,65.8092
260,4,4096,414,64.4624
262,4,4096,414,69.3884
266,4,4096,414,61.5733
268,4,4096,414,54.4765
270,4,4096,414,54.7958
274,4,4096,414,64.5051
276,4,4096,414,65.238
278,4,4096,414,70.6217
282,4,4096,414,61.5427
284,4,4096,414,58.4582
286,4,4096,414,57.707
290,4,4096,414,58.028
292,4,4096,414,65.343
294,4,4096,414,59.4127
298,4,4096,414,66.326
300,4,4096,414,65.9482
302,4,4096,414,63.744
306,4,4096,414,59.7715
308,4,4096,414,57.4157
310,4,4096,414,59.6372
314,4,4096,414,66.4436
316,4,4096,414,63.7754
318,4,4096,414,65.6347
322,4,4096,414,63.1014
324,4,4096,414,63.5053
326,4,4096,414,57.5507
330,4,4096,414,64.5819
332,4,4096,414,55.0855
334,4,4096,414,63.5815
338,4,4096,414,57.5901
340,4,4096,414,54.0279
342,4,4096,414,49.1287
346,4,4096,414,54.2271
348,4,4096,414,58.9969
350,4,4096,414,58.6126
354,4,4096,414,60.51
356,4,4096,414,63.396
358,4,4096,414,58.315
362,4,4096,414,54.5063
364,4,4096,414,50.1613
366,4,4096,414,55.8068
370,4,4096,414,51.3799
372,4,4096,414,58.374
374,4,4096,414,53.8904
378,4,4096,414,53.1238
380,4,4096,414,51.0908
382,4,4096,414,51.5982
386,4,4096,414,53.4322
388,4,4096,414,51.4527
390,4,4096,414,56.2375
394,4,4096,414,51.3232
396,4,4096,414,55.5303
398,4,4096,414,48.5277
402,4,4096,414,54.4913
404,4,4096,414,60.1328
406,4,4096,414,47.6813
410,4,4096,414,49.4061
412,4,4096,414,57.394
2,4,4096,418,33.2115
4,4,4096,418,53.8384
6,4,4096,418,68.7852
10,4,4096,418,66.3123
12,4,4096,418,62.3111
14,4,4096,418,83.3886
18,4,4096,418,77.7176
20,4,4096,418,80.3156
22,4,4096,418,67.2707
26,4,4096,418,88.9323
28,4,4096,418,73.5834
30,4,4096,418,71.7514
34,4,4096,418,62.0328
36,4,4096,418,82.2141
38,4,4096,418,84.2371
42,4,4096,418,88.8549
44,4,4096,418,76.8157
46,4,4096,418,65.3032
50,4,4096,418,63.684
52,4,4096,418,63.4578
54,4,4096,418,81.8591
58,4,4096,418,60.1349
60,4,4096,418,78.3846
62,4,4096,418,71.4777
66,4,4096,418,60.3644
68,4,4096,418,78.2493
70,4,4096,418,79.421
74,4,4096,418,75.559
76,4,4096,418,65.4374
78,4,4096,418,72.0693
82,4,4096,418,66.0851
84,4,4096,418,69.0418
86,4,4096,418,69.968
90,4,4096,418,58.4065
92,4,4096,418,69.4506
94,4,4096,418,74.8421
98,4,4096,418,79.4081
100,4,4096,418,60.3815
102,4,4096,418,77.2608
106,4,4096,418,79.3201
108,4,4096,418,73.6537
110,4,4096,418,72.623
114,4,4096,418,69.7264
116,4,4096,418,80.0193
118,4,4096,418,65.8148
122,4,4096,418,79.72
124,4,4096,418,72.6283
126,4,4096,418,65.6437
130,4,4096,418,73.973
132,4,4096,418,76.9678
134,4,4096,418,67.8967
138,4,4096,418,59.6315
140,4,4096,418,74.6729
142,4,4096,418,78.6639
146,4,4096,418,68.7862
148,4,4096,418,69.1278
150,4,4096,418,67.7698
154,4,4096,418,68.8065
156,4,4096,418,78.6857
158,4,4096,418,55.2061
162,4,4096,418,63.9282
164,4,4096,418,73.2564
166,4,4096,418,76.4777
170,4,4096,418,60.571
172,4,4096,418,73.8888
174,4,4096,418,61.8045
178,4,4096,418,56.0464
180,4,4096,418,74.5283
182,4,4096,418,63.1684
186,4,4096,418,69.5272
188,4,4096,418,65.3041
190,4,4096,418,60.4916
194,4,4096,418,76.0028
196,4,4096,418,71.3849
198,4,4096,418,65.9321
202,4,4096,418,69.7658
204,4,4096,418,61.0385
206,4,4096,418,61.767
210,4,4096,418,72.3852
212,4,4096,418,65.1213
214,4,4096,418,69.8835
218,4,4096,418,64.3183
220,4,4096,418,70.2366
222,4,4096,418,69.6999
226,4,4096,418,60.363
228,4,4096,418,66.2399
230,4,4096,418,63.7654
234,4,4096,418,53.2336
236,4,4096,418,70.7536
238,4,4096,418,69.9627
242,4,4096,418,72.1268
244,4,4096,418,55.0958
246,4,4096,418,57.6621
250,4,4096,418,72.7438
252,4,4096,418,66.7997
254,4,4096,418,72.9791
258,4,4096,418,64.6385
260,4,4096,418,66.665
262,4,4096,418,69.0053
266,4,4096,418,73.4879
268,4,4096,418,54.4678
270,4,4096,418,63.0996
274,4,4096,418,63.8876
276,4,4096,418,65.4379
278,4,4096,418,71.3453
282,4,4096,418,66.94
284,4,4096,418,53.5542
286,4,4096,418,51.4098
290,4,4096,418,69.5031
292,4,4096,418,70.1333
294,4,4096,418,59.6515
298,4,4096,418,63.4779
300,4,4096,418,63.0107
302,4,4096,418,70.4645
306,4,4096,418,61.5643
308,4,4096,418,58.6966
310,4,4096,418,66.4892
314,4,4096,418,58.5211
316,4,4096,418,59.3538
318,4,4096,418,58.8893
322,4,4096,418,58.9188
324,4,4096,418,62.4048
326,4,4096,418,58.679
330,4,4096,418,54.5584
332,4,4096,418,62.9181
334,4,4096,418,58.1241
338,4,4096,418,54.2605
340,4,4096,418,56.6183
342,4,4096,418,53.9921
346,4,4096,418,66.5467
348,4,4096,418,62.0434
350,4,4096,418,60.1291
354,4,4096,418,62.3651
356,4,4096,418,58.5739
358,4,4096,418,63.1718
362,4,4096,418,59.7169
364,4,4096,418,47.8419
366,4,4096,418,49.2534
370,4,4096,418,51.6759
372,4,4096,418,50.4482
374,4,4096,418,60.3666
378,4,4096,418,56.9475
380,4,4096,418,58.5812
382,4,4096,418,53.4182
386,4,4096,418,52.9323
388,4,4096,418,50.0365
390,4,4096,418,52.4389
394,4,4096,418,54.7169
396,4,4096,418,55.5311
398,4,4096,418,53.893
402,4,4096,418,51.3875
404,4,4096,418,54.2818
406,4,4096,418,56.8157
410,4,4096,418,58.3409
412,4,4096,418,51.9313
414,4,4096,418,46.1117
2,4,4096,420,30.2496
4,4,4096,420,54.9698
6,4,4096,420,56.8832
10,4,4096,420,66.7053
12,4,4096,420,74.4584
14,4,4096,420,83.7458
18,4,4096,420,60.8917
20,4,4096,420,81.8052
22,4,4096,420,86.5578
26,4,4096,420,82.4795
28,4,4096,420,72.0095
30,4,4096,420,89.4085
34,4,4096,420,74.495
36,4,4096,420,77.3633
38,4,4096,420,83.902
42,4,4096,420,66.3926
44,4,4096,420,77.1365
46,4,4096,420,84.4953
50,4,4096,420,70.5541
52,4,4096,420,62.5706
54,4,4096,420,81.7917
58,4,4096,420,59.2467
60,4,4096,420,79.4906
62,4,4096,420,59.3859
66,4,4096,420,58.395
68,4,4096,420,72.9304
70,4,4096,420,68.0308
74,4,4096,420,67.5154
76,4,4096,420,72.7013
78,4,4096,420,72.7056
82,4,4096,420,72.4716
84,4,4096,420,65.2299
86,4,4096,420,80.5269
90,4,4096,420,60.5876
92,4,4096,420,77.7542
94,4,4096,420,66.1435
98,4,4096,420,71.385
100,4,4096,420,73.9841
102,4,4096,420,65.2628
106,4,4096,420,68.5478
108,4,4096,420,66.8007
110,4,4096,420,73.8715
114,4,4096,420,64.0458
116,4,4096,420,80.8564
118,4,4096,420,77.1172
122,4,4096,420,71.6926
124,4,4096,420,65.9742
126,4,4096,420,66.0406
130,4,4096,420,65.8373
132,4,4096,420,69.6337
134,4,4096,420,65.7342
138,4,4096,420,63.9434
140,4,4096,420,81.8151
142,4,4096,420,57.7138
146,4,4096,420,79.7053
148,4,4096,420,67.5834
150,4,4096,420,71.6057
154,4,4096,420,68.4374
156,4,4096,420,61.9473
158,4,4096,420,66.3335
162,4,4096,420,76.0214
164,4,4096,420,62.5001
166,4,4096,420,68.0385
170,4,4096,420,72.0114
172,4,4096,420,76.8292
174,4,4096,420,68.3932
178,4,4096,420,63.5694
180,4,4096,420,62.2323
182,4,4096,420,76.9557
186,4,4096,420,73.27
188,4,4096,420,62.5679
190,4,4096,420,70.3592
194,4,4096,420,64.4274
196,4,4096,420,66.9393
198,4,4096,420,60.2239
202,4,4096,420,58.7053
204,4,4096,420,69.5792
206,4,4096,420,62.2065
210,4,4096,420,63.7727
212,4,4096,420,73.0872
214,4,4096,420,72.2181
218,4,4096,420,75.4962
220,4,4096,420,73.176
222,4,4096,420,58.5885
226,4,4096,420,64.5081
228,4,4096,420,74.4883
230,4,4096,420,72.0963
234,4,4096,420,68.5449
236,4,4096,420,57.3542
238,4,4096,420,66.5377
242,4,4096,420,70.0562
244,4,4096,420,70.9509
246,4,4096,420,71.6686
250,4,4096,420,60.3632
252,4,4096,420,68.8949
254,4,4096,420,71.7843
258,4,4096,420,65.9072
260,4,4096,420,57.5263
262,4,4096,420,61.1905
266,4,4096,420,69.6534
268,4,4096,420,71.2218
270,4,4096,420,64.1146
274,4,4096,420,60.211
276,4,4096,420,63.7761
278,4,4096,420,68.382
282,4,4096,420,56.9055
284,4,4096,420,69.6604
286,4,4096,420,57.2852
290,4,4096,420,63.2463
292,4,4096,420,67.8499
294,4,4096,420,64.4046
298,4,4096,420,68.1134
300,4,4096,420,68.6634
302,4,4096,420,51.317
306,4,4096,420,61.4115
308,4,4096,420,67.4942
310,4,4096,420,66.9653
314,4,4096,420,57.353
316,4,4096,420,55.4272
318,4,4096,420,59.5784
322,4,4096,420,61.0443
324,4,4096,420,58.8195
326,4,4096,420,65.6177
330,4,4096,420,67.2358
332,4,4096,420,60.2498
334,4,4096,420,60.5681
338,4,4096,420,51.1757
340,4,4096,420,56.4716
342,4,4096,420,61.4646
346,4,4096,420,58.9872
348,4,4096,420,56.1345
350,4,4096,420,52.355
354,4,4096,420,56.4364
356,4,4096,420,53.5522
358,4,4096,420,53.4455
362,4,4096,420,61.211
364,4,4096,420,62.8326
366,4,4096,420,51.7809
370,4,4096,420,57.7942
372,4,4096,420,55.0151
374,4,4096,420,50.8976
378,4,4096,420,52.6909
380,4,4096,420,48.725
382,4,4096,420,58.4599
386,4,4096,420,55.9827
388,4,4096,420,58.9224
390,4,4096,420,52.1365
394,4,4096,420,59.2503
396,4,4096,420,53.7622
398,4,4096,420,57.4154
402,4,4096,420,46.8732
404,4,4096,420,51.0556
406,4,4096,420,57.3514
410,4,4096,420,57.3554
412,4,4096,420,59.152
414,4,4096,420,53.7897
418,4,4096,420,51.6985
2,4,4096,422,31.5611
4,4,4096,422,52.4016
6,4,4096,422,63.8585
10,4,4096,422,69.9417
12,4,4096,422,67.4531
14,4,4096,422,71.8254
18,4,4096,422,65.334
20,4,4096,422,75.2236
22,4,4096,422,93.6795
26,4,4096,422,78.4082
28,4,4096,422,78.8412
30,4,4096,422,84.6829
34,4,4096,422,65.3511
36,4,4096,422,79.932
38,4,4096,422,77.7156
42,4,4096,422,88.1894
44,4,4096,422,80.4728
46,4,4096,422,78.9308
50,4,4096,422,50.876
52,4,4096,422,62.1047
54,4,4096,422,72.3023
58,4,4096,422,66.8503
60,4,4096,422,73.1725
62,4,4096,422,65.7222
66,4,4096,422,80.5105
68,4,4096,422,66.345
70,4,4096,422,67.873
74,4,4096,422,69.7299
76,4,4096,422,66.7514
78,4,4096,422,67.8887
82,4,4096,422,54.9855
84,4,4096,422,70.2807
86,4,4096,422,72.5248
90,4,4096,422,65.1596
92,4,4096,422,72.8555
94,4,4096,422,78.3495
98,4,4096,422,69.4552
100,4,4096,422,71.8288
102,4,4096,422,69.1271
106,4,4096,422,65.127
108,4,4096,422,80.024
110,4,4096,422,73.5105
114,4,4096,422,69.1442
116,4,4096,422,72.5566
118,4,4096,422,77.8703
122,4,4096,422,74.5751
124,4,4096,422,70.1917
126,4,4096,422,63.8231
130,4,4096,422,65.0295
132,4,4096,422,69.4082
134,4,4096,422,56.0857
138,4,4096,422,66.0644
140,4,4096,422,71.7924
142,4,4096,422,61.8955
146,4,4096,422,64.5565
148,4,4096,422,69.088
150,4,4096,422,62.3633
154,4,4096,422,73.8209
156,4,4096,422,66.8078
158,4,4096,422,72.0506
162,4,4096,422,67.2789
164,4,4096,422,58.2739
166,4,4096,422,68.5745
170,4,4096,422,65.035
172,4,4096,422,62.0903
174,4,4096,422,64.0549
178,4,4096,422,68.9094
180,4,4096,422,50.763
182,4,4096,422,49.4583
186,4,4096,422,62.0334
188,4,4096,422,48.7009
190,4,4096,422,55.8751
194,4,4096,422,65.9842
196,4,4096,422,61.1957
198,4,4096,422,60.0996
202,4,4096,422,67.4947
204,4,4096,422,72.6502
206,4,4096,422,60.6128
210,4,4096,422,56.2261
212,4,4096,422,64.9573
214,4,4096,422,69.6548
218,4,4096,422,67.5955
220,4,4096,422,62.7483
222,4,4096,422,76.2169
226,4,4096,422,58.6184
228,4,4096,422,69.5729
230,4,4096,422,61.342
234,4,4096,422,66.0602
236,4,4096,422,69.3605
238,4,4096,422,65.4546
242,4,4096,422,69.3962
244,4,4096,422,73.986
246,4,4096,422,60.22
250,4,4096,422,63.6722
252,4,4096,422,65.7979
254,4,4096,422,61.1058
258,4,4096,422,70.2372
260,4,4096,422,59.9236
262,4,4096,422,58.8107
266,4,4096,422,68.314
268,4,4096,422,66.8516
270,4,4096,422,72.9242
274,4,4096,422,64.6114
276,4,4096,422,62.1388
278,4,4096,422,69.2205
282,4,4096,422,65.5364
284,4,4096,422,60.8473
286,4,4096,422,61.9925
290,4,4096,422,55.4223
292,4,4096,422,55.3954
294,4,4096,422,53.9196
298,4,4096,422,66.7014
300,4,4096,422,54.1928
302,4,4096,422,67.8862
306,4,4096,422,62.4127
308,4,4096,422,45.9705
310,4,4096,422,65.3545
314,4,4096,422,56.8389
316,4,4096,422,64.5985
318,4,4096,422,59.8729
322,4,4096,422,60.7119
324,4,4096,422,64.4512
326,4,4096,422,57.8577
330,4,4096,422,62.2828
332,4,4096,422,50.2839
334,4,4096,422,65.3796
338,4,4096,422,52.3006
340,4,4096,422,50.8588
342,4,4096,422,55.8187
346,4,4096,422,51.8567
348,4,4096,422,61.7
350,4,4096,422,61.1317
354,4,4096,422,63.2391
356,4,4096,422,61.6433
358,4,4096,422,51.9351
362,4,4096,422,50.7442
364,4,4096,422,52.5818
366,4,4096,422,53.6085
370,4,4096,422,50.1106
372,4,4096,422,60.4146
374,4,4096,422,55.6498
378,4,4096,422,57.7492
380,4,4096,422,50.5267
382,4,4096,422,55.7934
386,4,4096,422,52.6594
388,4,4096,422,50.1404
390,4,4096,422,56.8949
394,4,4096,422,52.8894
396,4,4096,422,57.371
398,4,4096,422,55.2225
402,4,4096,422,52.5447
404,4,4096,422,51.7769
406,4,4096,422,45.9465
410,4,4096,422,52.0055
412,4,4096,422,51.8832
414,4,4096,422,48.2702
418,4,4096,422,48.5357
420,4,4096,422,53.5306
2,4,4096,426,31.2879
4,4,4096,426,42.7709
6,4,4096,426,71.0726
10,4,4096,426,69.0384
12,4,4096,426,70.2672
14,4,4096,426,87.1961
18,4,4096,426,72.6326
20,4,4096,426,87.1909
22,4,4096,426,68.7321
26,4,4096,426,87.0932
28,4,4096,426,83.4616
30,4,4096,426,79.3141
34,4,4096,426,81.8381
36,4,4096,426,91.2336
38,4,4096,426,69.4275
42,4,4096,426,76.0405
44,4,4096,426,60.5016
46,4,4096,426,69.9636
50,4,4096,426,79.542
52,4,4096,426,73.6344
54,4,4096,426,83.4645
58,4,4096,426,69.812
60,4,4096,426,63.3783
62,4,4096,426,64.5464
66,4,4096,426,78.935
68,4,4096,426,54.7089
70,4,4096,426,74.0236
74,4,4096,426,61.1374
76,4,4096,426,78.2403
78,4,4096,426,75.5426
82,4,4096,426,65.9404
84,4,4096,426,75.1257
86,4,4096,426,64.9785
90,4,4096,426,67.0285
92,4,4096,426,75.7136
94,4,4096,426,65.5714
98,4,4096,426,63.8528
100,4,4096,426,75.8763
102,4,4096,426,63.388
106,4,4096,426,66.4068
108,4,4096,426,75.891
110,4,4096,426,74.9403
114,4,4096,426,70.7857
116,4,4096,426,68.6364
118,4,4096,426,61.9054
122,4,4096,426,63.3011
124,4,4096,426,72.577
126,4,4096,426,78.3407
130,4,4096,426,64.5854
132,4,4096,426,64.2865
134,4,4096,426,63.1846
138,4,4096,426,72.9952
140,4,4096,426,68.9673
142,4,4096,426,70.9828
146,4,4096,426,73.0467
148,4,4096,426,71.6345
150,4,4096,426,66.8103
154,4,4096,426,69.9031
156,4,4096,426,67.9545
158,4,4096,426,77.2774
162,4,4096,426,62.0237
164,4,4096,426,61.5536
166,4,4096,426,68.1438
170,4,4096,426,74.2282
172,4,4096,426,71.0378
174,4,4096,426,74.4813
178,4,4096,426,72.2599
180,4,4096,426,54.8562
182,4,4096,426,67.823
186,4,4096,426,60.6807
188,4,4096,426,68.5391
190,4,4096,426,70.486
194,4,4096,426,59.8257
196,4,4096,426,63.3103
198,4,4096,426,74.7811
202,4,4096,426,60.7144
204,4,4096,426,63.8688
206,4,4096,426,62.2355
210,4,4096,426,62.2134
212,4,4096,426,72.4482
214,4,4096,426,66.2364
218,4,4096,426,64.9483
220,4,4096,426,71.6059
222,4,4096,426,72.0971
226,4,4096,426,72.4761
228,4,4096,426,61.6705
230,4,4096,426,58.8038
234,4,4096,426,60.285
236,4,4096,426,62.5088
238,4,4096,426,73.133
242,4,4096,426,57.6441
244,4,4096,426,75.2679
246,4,4096,426,66.255
250,4,4096,426,57.2466
252,4,4096,426,58.0001
254,4,4096,426,56.7545
258,4,4096,426,65.4951
260,4,4096,426,63.1241
262,4,4096,426,73.9192
266,4,4096,426,61.9359
268,4,4096,426,67.2054
270,4,4096,426,62.1702
274,4,4096,426,70.095
276,4,4096,426,62.6515
278,4,4096,426,60.7396
282,4,4096,426,59.6214
284,4,4096,426,59.5048
286,4,4096,426,59.6016
290,4,4096,426,64.6268
292,4,4096,426,67.3935
294,4,4096,426,63.6239
298,4,4096,426,63.5103
300,4,4096,426,51.7837
302,4,4096,426,69.7322
306,4,4096,426,67.8411
308,4,4096,426,64.6954
310,4,4096,426,59.9467
314,4,4096,426,50.5297
316,4,4096,426,55.5235
318,4,4096,426,62.2842
322,4,4096,426,67.7358
324,4,4096,426,57.0164
326,4,4096,426,55.6841
330,4,4096,426,54.3774
332,4,4096,426,59.0223
334,4,4096,426,57.7511
338,4,4096,426,59.0019
340,4,4096,426,64.2805
342,4,4096,426,64.1243
346,4,4096,426,60.2115
348,4,4096,426,60.3975
350,4,4096,426,56.3259
354,4,4096,426,63.9107
356,4,4096,426,60.1076
358,4,4096,426,58.2745
362,4,4096,426,60.8779
364,4,4096,426,51.8806
366,4,4096,426,55.3963
370,4,4096,426,56.5705
372,4,4096,426,57.3735
374,4,4096,426,61.439
378,4,4096,426,55.3555
380,4,4096,426,55.0825
382,4,4096,426,52.1465
386,4,4096,426,45.886
388,4,4096,426,46.9079
390,4,4096,426,52.7902
394,4,4096,426,53.3301
396,4,4096,426,51.5494
398,4,4096,426,51.5918
402,4,4096,426,55.7501
404,4,4096,426,58.872
406,4,4096,426,57.1822
410,4,4096,426,54.7696
412,4,4096,426,51.1767
414,4,4096,426,55.6734
418,4,4096,426,50.9415
420,4,4096,426,51.9925
422,4,4096,426,47.4104
2,4,4096,428,34.0303
4,4,4096,428,52.1275
6,4,4096,428,62.5831
10,4,4096,428,63.8598
12,4,4096,428,72.7973
14,4,4096,428,64.9629
18,4,4096,428,86.1376
20,4,4096,428,82.7976
22,4,4096,428,78.6659
26,4,4096,428,86.3051
28,4,4096,428,77.0317
30,4,4096,428,70.2985
34,4,4096,428,86.9243
36,4,4096,428,73.3715
38,4,4096,428,75.964
42,4,4096,428,82.1089
44,4,4096,428,82.3509
46,4,4096,428,71.3992
50,4,4096,428,76.5723
52,4,4096,428,62.9972
54,4,4096,428,68.4804
58,4,4096,428,76.7086
60,4,4096,428,59.2088
62,4,4096,428,69.8687
66,4,4096,428,68.413
68,4,4096,428,74.4208
70,4,4096,428,66.8433
74,4,4096,428,82.2976
76,4,4096,428,59.1804
78,4,4096,428,78.762
82,4,4096,428,60.9351
84,4,4096,428,64.1805
86,4,4096,428,61.5575
90,4,4096,428,77.3481
92,4,4096,428,72.1643
94,4,4096,428,71.8229
98,4,4096,428,79.5627
100,4,4096,428,63.1367
102,4,4096,428,56.5027
106,4,4096,428,78.2705
108,4,4096,428,73.0071
110,4,4096,428,73.092
114,4,4096,428,78.2985
116,4,4096,428,82.2662
118,4,4096,428,67.149
122,4,4096,428,71.3265
124,4,4096,428,65.0086
126,4,4096,428,65.1752
130,4,4096,428,76.2062
132,4,4096,428,73.1154
134,4,4096,428,71.3872
138,4,4096,428,58.2444
140,4,4096,428,62.7846
142,4,4096,428,73.549
146,4,4096,428,70.5811
148,4,4096,428,66.6789
150,4,4096,428,78.1021
154,4,4096,428,64.4923
156,4,4096,428,77.1376
158,4,4096,428,73.872
162,4,4096,428,69.7059
164,4,4096,428,54.4453
166,4,4096,428,66.9768
170,4,4096,428,70.8961
172,4,4096,428,75.7479
174,4,4096,428,68.7665
178,4,4096,428,69.0625
180,4,4096,428,65.3649
182,4,4096,428,74.421
186,4,4096,428,59.7154
188,4,4096,428,67.2505
190,4,4096,428,67.0786
194,4,4096,428,73.9524
196,4,4096,428,69.5139
198,4,4096,428,66.4049
202,4,4096,428,69.9801
204,4,4096,428,61.2397
206,4,4096,428,74.3327
210,4,4096,428,70.0991
212,4,4096,428,65.469
214,4,4096,428,68.2584
218,4,4096,428,75.8958
220,4,4096,428,56.8851
222,4,4096,428,60.1163
226,4,4096,428,68.3791
228,4,4096,428,68.8548
230,4,4096,428,70.5838
234,4,4096,428,66.2338
236,4,4096,428,63.7259
238,4,4096,428,69.2536
242,4,4096,428,73.4448
244,4,4096,428,55.9654
246,4,4096,428,60.3307
250,4,4096,428,60.5742
252,4,4096,428,73.0484
254,4,4096,428,73.8816
258,4,4096,428,63.7437
260,4,4096,428,59.5304
262,4,4096,428,55.6676
266,4,4096,428,61.96
268,4,4096,428,62.0661
270,4,4096,428,65.9587
274,4,4096,428,67.7943
276,4,4096,428,63.5853
278,4,4096,428,58.7429
282,4,4096,428,59.2125
284,4,4096,428,57.6961
286,4,4096,428,67.6314
290,4,4096,428,57.7125
292,4,4096,428,66.5764
294,4,4096,428,62.1384
298,4,4096,428,56.1481
300,4,4096,428,64.9791
302,4,4096,428,60.4863
306,4,4096,428,49.4223
308,4,4096,428,61.5251
310,4,4096,428,56.6748
314,4,4096,428,67.5203
316,4,4096,428,58.8575
318,4,4096,428,63.6893
322,4,4096,428,52.8808
324,4,4096,428,61.7392
326,4,4096,428,54.0272
330,4,4096,428,60.2929
332,4,4096,428,59.7381
334,4,4096,428,65.1561
338,4,4096,428,64.8801
340,4,4096,428,56.1077
342,4,4096,428,62.493
346,4,4096,428,63.6554
348,4,4096,428,63.404
350,4,4096,428,54.2064
354,4,4096,428,50.8137
356,4,4096,428,53.3451
358,4,4096,428,51.038
362,4,4096,428,55.7392
364,4,4096,428,58.7949
366,4,4096,428,62.2107
370,4,4096,428,50.698
372,4,4096,428,53.207
374,4,4096,428,52.1227
378,4,4096,428,50.154
380,4,4096,428,58.6149
382,4,4096,428,59.7289
386,4,4096,428,55.4162
388,4,4096,428,56.9901
390,4,4096,428,56.9578
394,4,4096,428,51.4354
396,4,4096,428,54.3336
398,4,4096,428,52.9481
402,4,4096,428,47.8534
404,4,4096,428,46.2179
406,4,4096,428,55.2013
410,4,4096,428,52.7973
412,4,4096,428,50.4018
414,4,4096,428,52.7133
418,4,4096,428,56.6519
420,4,4096,428,58.4801
422,4,4096,428,54.2485
426,4,4096,428,51.7896
2,4,4096,430,31.942
4,4,4096,430,46.4464
6,4,4096,430,53.0465
10,4,4096,430,70.2191
12,4,4096,430,73.2125
14,4,4096,430,90.8358
18,4,4096,430,86.9579
20,4,4096,430,76.8915
22,4,4096,430,84.5904
26,4,4096,430,78.6413
28,4,4096,430,68.1395
30,4,4096,430,84.8821
34,4,4096,430,78.7009
36,4,4096,430,71.3047
38,4,4096,430,84.4652
42,4,4096,430,86.1238
44,4,4096,430,70.7324
46,4,4096,430,72.93
50,4,4096,430,80.2832
52,4,4096,430,57.9134
54,4,4096,430,69.9135
58,4,4096,430,66.2606
60,4,4096,430,79.6278
62,4,4096,430,65.4331
66,4,4096,430,73.1109
68,4,4096,430,59.4928
70,4,4096,430,70.8264
74,4,4096,430,74.978
76,4,4096,430,67.7501
78,4,4096,430,58.6727
82,4,4096,430,77.5832
84,4,4096,430,71.259
86,4,4096,430,78.1634
90,4,4096,430,71.2006
92,4,4096,430,72.575
94,4,4096,430,72.103
98,4,4096,430,72.1493
100,4,4096,430,69.3949
102,4,4096,430,77.8844
106,4,4096,430,64.0539
108,4,4096,430,69.7553
110,4,4096,430,71.787
114,4,4096,430,68.8721
116,4,4096,430,61.3004
118,4,4096,430,68.4979
122,4,4096,430,62.2953
124,4,4096,430,65.7619
126,4,4096,430,77.4058
130,4,4096,430,73.1454
132,4,4096,430,58.6031
134,4,4096,430,71.5868
138,4,4096,430,65.614
140,4,4096,430,57.2361
142,4,4096,430,72.054
146,4,4096,430,75.1162
148,4,4096,430,63.9588
150,4,4096,430,65.3396
154,4,4096,430,75.6712
156,4,4096,430,61.7165
158,4,4096,430,74.2677
162,4,4096,430,71.8088
164,4,4096,430,56.7921
166,4,4096,430,67.4203
170,4,4096,430,69.7684
172,4,4096,430,62.2036
174,4,4096,430,75.4699
178,4,4096,430,64.1642
180,4,4096,430,75.8603
182,4,4096,430,65.0308
186,4,4096,430,69.3507
188,4,4096,430,60.8258
190,4,4096,430,63.2733
194,4,4096,430,67.8867
196,4,4096,430,63.3949
198,4,4096,430,68.3275
202,4,4096,430,63.6422
204,4,4096,430,65.4564
206,4,4096,430,64.4544
210,4,4096,430,69.9007
212,4,4096,430,67.935
214,4,4096,430,64.1582
218,4,4096,430,73.7009
220,4,4096,430,62.5566
222,4,4096,430,69.7784
226,4,4096,430,65.6116
228,4,4096,430,70.6356
230,4,4096,430,65.6245
234,4,4096,430,66.2938
236,4,4096,430,58.9023
238,4,4096,430,62.8474
242,4,4096,430,69.2028
244,4,4096,430,65.5624
246,4,4096,430,56.2688
250,4,4096,430,58.5962
252,4,4096,430,60.4632
254,4,4096,430,70.0529
258,4,4096,430,71.883
260,4,4096,430,55.7115
262,4,4096,430,68.9298
266,4,4096,430,55.474
268,4,4096,430,64.8659
270,4,4096,430,68.0666
274,4,4096,430,57.6837
276,4,4096,430,63.8035
278,4,4096,430,65.2788
282,4,4096,430,66.3576
284,4,4096,430,62.6893
286,4,4096,430,67.4293
290,4,4096,430,62.3981
292,4,4096,430,62.4053
294,4,4096,430,65.2319
298,4,4096,430,69.4303
300,4,4096,430,56.1444
302,4,4096,430,60.7489
306,4,4096,430,57.326
308,4,4096,430,56.2302
310,4,4096,430,61.9827
314,4,4096,430,62.5452
316,4,4096,430,59.4561
318,4,4096,430,63.4761
322,4,4096,430,65.9144
324,4,4096,430,61.8041
326,4,4096,430,62.1165
330,4,4096,430,66.791
332,4,4096,430,53.1646
334,4,4096,430,63.895
338,4,4096,430,48.0698
340,4,4096,430,53.5588
342,4,4096,430,47.2018
346,4,4096,430,52.2032
348,4,4096,430,58.6538
350,4,4096,430,56.3639
354,4,4096,430,56.8828
356,4,4096,430,54.2307
358,4,4096,430,62.7585
362,4,4096,430,57.7382
364,4,4096,430,48.6061
366,4,4096,430,51.1088
370,4,4096,430,56.9116
372,4,4096,430,50.5151
374,4,4096,430,55.0437
378,4,4096,430,58.2929
380,4,4096,430,58.8647
382,4,4096,430,57.422
386,4,4096,430,61.7166
388,4,4096,430,50.5235
390,4,4096,430,53.4004
394,4,4096,430,52.388
396,4,4096,430,50.5903
398,4,4096,430,57.0837
402,4,4096,430,46.0396
404,4,4096,430,53.5335
406,4,4096,430,49.3228
410,4,4096,430,56.6205
412,4,4096,430,49.2112
414,4,4096,430,49.0529
418,4,4096,430,49.0599
420,4,4096,430,51.5361
422,4,4096,430,49.1684
426,4,4096,430,55.921
428,4,4096,430,48.9872
2,4,4096,434,31.0128
4,4,4096,434,59.2977
6,4,4096,434,68.3934
10,4,4096,434,70.0868
12,4,4096,434,62.4812
14,4,4096,434,65.6761
18,4,4096,434,73.1101
20,4,4096,434,77.6836
22,4,4096,434,88.5439
26,4,4096,434,62.3426
28,4,4096,434,76.9175
30,4,4096,434,90.5322
34,4,4096,434,66.9055
36,4,4096,434,74.9761
38,4,4096,434,60.3109
42,4,4096,434,76.6555
44,4,4096,434,87.2001
46,4,4096,434,84.6874
50,4,4096,434,68.9171
52,4,4096,434,74.9824
54,4,4096,434,81.4508
58,4,4096,434,77.3189
60,4,4096,434,68.771
62,4,4096,434,65.4857
66,4,4096,434,81.5348
68,4,4096,434,69.9618
70,4,4096,434,75.0203
74,4,4096,434,69.117
76,4,4096,434,81.312
78,4,4096,434,62.6651
82,4,4096,434,64.461
84,4,4096,434,68.3637
86,4,4096,434,81.6958
90,4,4096,434,67.3193
92,4,4096,434,73.9685
94,4,4096,434,69.4616
98,4,4096,434,71.2169
100,4,4096,434,67.6828
102,4,4096,434,75.3118
106,4,4096,434,68.0501
108,4,4096,434,78.4072
110,4,4096,434,68.4398
114,4,4096,434,68.686
116,4,4096,434,80.7019
118,4,4096,434,64.2363
122,4,4096,434,73.0732
124,4,4096,434,66.5016
126,4,4096,434,75.5499
130,4,4096,434,79.4662
132,4,4096,434,81.1196
134,4,4096,434,59.8547
138,4,4096,434,69.7151
140,4,4096,434,79.8777
142,4,4096,434,67.7741
146,4,4096,434,65.8747
148,4,4096,434,57.6585
150,4,4096,434,74.9853
154,4,4096,434,77.5671
156,4,4096,434,67.5413
158,4,4096,434,78.8714
162,4,4096,434,60.6903
164,4,4096,434,76.4312
166,4,4096,434,69.0827
170,4,4096,434,77.3352
172,4,4096,434,71.3802
174,4,4096,434,72.1689
178,4,4096,434,67.3079
180,4,4096,434,61.9199
182,4,4096,434,55.1428
186,4,4096,434,54.1813
188,4,4096,434,67.8543
190,4,4096,434,70.2867
194,4,4096,434,59.7202
196,4,4096,434,62.668
198,4,4096,434,65.5463
202,4,4096,434,61.7211
204,4,4096,434,61.9719
206,4,4096,434,63.9278
210,4,4096,434,68.7418
212,4,4096,434,64.1857
214,4,4096,434,74.398
218,4,4096,434,65.5209
220,4,4096,434,70.0061
222,4,4096,434,71.1129
226,4,4096,434,72.3604
228,4,4096,434,63.5881
230,4,4096,434,72.8324
234,4,4096,434,61.2751
236,4,4096,434,62.8306
238,4,4096,434,72.8361
242,4,4096,434,61.6887
244,4,4096,434,66.1366
246,4,4096,434,64.6449
250,4,4096,434,62.0031
252,4,4096,434,66.6046
254,4,4096,434,65.6925
258,4,4096,434,62.5295
260,4,4096,434,60.0581
262,4,4096,434,74.9392
266,4,4096,434,64.1914
268,4,4096,434,64.9037
270,4,4096,434,61.0043
274,4,4096,434,64.2823
276,4,4096,434,73.4065
278,4,4096,434,62.6767
282,4,4096,434,54.9782
284,4,4096,434,63.3826
286,4,4096,434,62.5286
290,4,4096,434,65.0482
292,4,4096,434,64.8148
294,4,4096,434,67.0713
298,4,4096,434,59.4096
300,4,4096,434,56.7433
302,4,4096,434,56.8232
306,4,4096,434,64.1652
308,4,4096,434,58.5727
310,4,4096,434,55.0645
314,4,4096,434,60.441
316,4,4096,434,58.0228
318,4,4096,434,60.3362
322,4,4096,434,56.3483
324,4,4096,434,53.1205
326,4,4096,434,54.8678
330,4,4096,434,63.8371
332,4,4096,434,58.9342
334,4,4096,434,55.2337
338,4,4096,434,66.7886
340,4,4096,434,53.6275
342,4,4096,434,56.4283
346,4,4096,434,50.841
348,4,4096,434,63.3114
350,4,4096,434,63.8123
354,4,4096,434,61.6841
356,4,4096,434,60.1269
358,4,4096,434,55.4748
362,4,4096,434,65.9578
364,4,4096,434,54.8851
366,4,4096,434,59.7842
370,4,4096,434,60.1786
372,4,4096,434,52.8749
374,4,4096,434,48.1901
378,4,4096,434,51.927
380,4,4096,434,53.0527
382,4,4096,434,53.8245
386,4,4096,434,59.1562
388,4,4096,434,61.3486
390,4,4096,434,57.1026
394,4,4096,434,52.1089
396,4,4096,434,53.3594
398,4,4096,434,48.6324
402,4,4096,434,50.9974
404,4,4096,434,58.5087
406,4,4096,434,56.1874
410,4,4096,434,54.8461
412,4,4096,434,59.8605
414,4,4096,434,54.0554
418,4,4096,434,55.9911
420,4,4096,434,55.0541
422,4,4096,434,45.655
426,4,4096,434,46.1215
428,4,4096,434,50.2541
430,4,4096,434,54.1346
2,4,4096,436,29.4267
4,4,4096,436,48.9116
6,4,4096,436,58.58
10,4,4096,436,56.7681
12,4,4096,436,79.5982
14,4,4096,436,71.9296
18,4,4096,436,65.7452
20,4,4096,436,82.5067
22,4,4096,436,73.1534
26,4,4096,436,66.8146
28,4,4096,436,83.7015
30,4,4096,436,80.7755
34,4,4096,436,60.1636
36,4,4096,436,79.1452
38,4,4096,436,72.5623
42,4,4096,436,85.8803
44,4,4096,436,64.113
46,4,4096,436,72.878
50,4,4096,436,67.1125
52,4,4096,436,74.8686
54,4,4096,436,61.8253
58,4,4096,436,67.0443
60,4,4096,436,76.7122
62,4,4096,436,72.0653
66,4,4096,436,80.5426
68,4,4096,436,61.6763
70,4,4096,436,76.119
74,4,4096,436,63.3926
76,4,4096,436,65.0558
78,4,4096,436,70.3531
82,4,4096,436,60.3575
84,4,4096,436,61.539
86,4,4096,436,70.3783
90,4,4096,436,67.5142
92,4,4096,436,68.0818
94,4,4096,436,63.339
98,4,4096,436,77.5751
100,4,4096,436,64.073
102,4,4096,436,76.2762
106,4,4096,436,71.9818
108,4,4096,436,59.7445
110,4,4096,436,74.4672
114,4,4096,436,77.3184
116,4,4096,436,68.6856
118,4,4096,436,59.8791
122,4,4096,436,61.9336
124,4,4096,436,62.6357
126,4,4096,436,72.9091
130,4,4096,436,63.892
132,4,4096,436,65.4738
134,4,4096,436,75.1478
138,4,4096,436,67.251
140,4,4096,436,64.0609
142,4,4096,436,70.711
146,4,4096,436,61.628
148,4,4096,436,67.4916
150,4,4096,436,69.5834
154,4,4096,436,68.5455
156,4,4096,436,64.5639
158,4,4096,436,67.7477
162,4,4096,436,73.9807
164,4,4096,436,57.894
166,4,4096,436,55.9566
170,4,4096,436,63.0195
172,4,4096,436,74.4523
174,4,4096,436,69.9507
178,4,4096,436,61.4133
180,4,4096,436,63.7052
182,4,4096,436,67.9223
186,4,4096,436,60.2734
188,4,4096,436,60.1907
190,4,4096,436,63.4064
194,4,4096,436,63.6724
196,4,4096,436,68.3888
198,4,4096,436,68.6389
202,4,4096,436,66.9368
204,4,4096,436,59.6978
206,4,4096,436,61.3342
210,4,4096,436,71.1062
212,4,4096,436,69.9816
214,4,4096,436,61.4269
218,4,4096,436,64.4691
220,4,4096,436,67.2575
222,4,4096,436,72.8192
226,4,4096,436,69.7981
228,4,4096,436,63.5119
230,4,4096,436,66.9427
234,4,4096,436,51.8629
236,4,4096,436,59.9003
238,4,4096,436,68.0855
242,4,4096,436,73.1993
244,4,4096,436,61.2966
246,4,4096,436,68.3018
250,4,4096,436,64.9745
252,4,4096,436,68.7932
254,4,4096,436,54.5011
258,4,4096,436,59.8743
260,4,4096,436,61.0424
262,4,4096,436,60.1234
266,4,4096,436,66.2496
268,4,4096,436,67.1911
270,4,4096,436,61.4247
274,4,4096,436,67.5388
276,4,4096,436,55.4896
278,4,4096,436,56.0818
282,4,4096,436,57.6824
284,4,4096,436,60.6333
286,4,4096,436,62.2977
290,4,4096,436,66.5094
292,4,4096,436,70.0302
294,4,4096,436,59.2863
298,4,4096,436,59.9037
300,4,4096,436,65.4012
302,4,4096,436,50.7923
306,4,4096,436,55.8356
308,4,4096,436,60.2543
310,4,4096,436,61.6252
314,4,4096,436,59.0647
316,4,4096,436,65.729
318,4,4096,436,66.7048
322,4,4096,436,59.8932
324,4,4096,436,62.8256
326,4,4096,436,54.2506
330,4,4096,436,52.0389
332,4,4096,436,51.8378
334,4,4096,436,62.827
338,4,4096,436,62.6619
340,4,4096,436,56.2207
342,4,4096,436,58.2479
346,4,4096,436,58.2309
348,4,4096,436,49.8535
350,4,4096,436,49.8979
354,4,4096,436,54.6619
356,4,4096,436,64.4792
358,4,4096,436,60.5758
362,4,4096,436,49.0314
364,4,4096,436,55.0749
366,4,4096,436,50.9932
370,4,4096,436,53.5208
372,4,4096,436,49.9942
374,4,4096,436,61.8585
378,4,4096,436,56.5482
380,4,4096,436,58.2755
382,4,4096,436,56.4488
386,4,4096,436,47.1933
388,4,4096,436,46.8416
390,4,4096,436,59.0059
394,4,4096,436,57.9126
396,4,4096,436,52.8152
398,4,4096,436,56.7845
402,4,4096,436,56.0389
404,4,4096,436,57.72
406,4,4096,436,53.8268
410,4,4096,436,45.1974
412,4,4096,436,51.3599
414,4,4096,436,54.1408
418,4,4096,436,57.1634
420,4,4096,436,49.8464
422,4,4096,436,54.7067
426,4,4096,436,49.7273
428,4,4096,436,47.9895
430,4,4096,436,48.2576
434,4,4096,436,46.9537
2,4,4096,438,28.7314
4,4,4096,438,50.5754
6,4,4096,438,67.3773
10,4,4096,438,69.2238
12,4,4096,438,75.187
14,4,4096,438,58.9994
18,4,4096,438,76.9579
20,4,4096,438,70.2264
22,4,4096,438,74.3796
26,4,4096,438,79.6518
28,4,4096,438,82.5631
30,4,4096,438,83.0148
34,4,4096,438,60.6547
36,4,4096,438,69.0342
38,4,4096,438,76.3346
42,4,4096,438,57.7622
44,4,4096,438,82.4354
46,4,4096,438,84.301
50,4,4096,438,70.8772
52,4,4096,438,76.39
54,4,4096,438,74.025
58,4,4096,438,67.3758
60,4,4096,438,67.7983
62,4,4096,438,66.8744
66,4,4096,438,76.0932
68,4,4096,438,77.1536
70,4,4096,438,67.2575
74,4,4096,438,71.9211
76,4,4096,438,74.0807
78,4,4096,438,60.9448
82,4,4096,438,59.2693
84,4,4096,438,64.5991
86,4,4096,438,74.2068
90,4,4096,438,66.5402
92,4,4096,438,63.1663
94,4,4096,438,77.6552
98,4,4096,438,64.6353
100,4,4096,438,62.6708
102,4,4096,438,76.3633
106,4,4096,438,73.1518
108,4,4096,438,75.8111
110,4,4096,438,77.5187
114,4,4096,438,68.5798
116,4,4096,438,69.0955
118,4,4096,438,72.2302
122,4,4096,438,63.8919
124,4,4096,438,65.8653
126,4,4096,438,62.7483
130,4,4096,438,69.2052
132,4,4096,438,75.6814
134,4,4096,438,65.3133
138,4,4096,438,70.2117
140,4,4096,438,68.7851
142,4,4096,438,63.4237
146,4,4096,438,68.88
148,4,4096,438,66.1997
150,4,4096,438,72.0224
154,4,4096,438,64.4562
156,4,4096,438,71.7871
158,4,4096,438,72.8603
162,4,4096,438,66.926
164,4,4096,438,64.6063
166,4,4096,438,68.6278
170,4,4096,438,77.6885
172,4,4096,438,71.6933
174,4,4096,438,69.5046
178,4,4096,438,65.026
180,4,4096,438,56.8588
182,4,4096,438,66.0616
186,4,4096,438,67.5405
188,4,4096,438,73.9535
190,4,4096,438,62.674
194,4,4096,438,67.3982
196,4,4096,438,70.7726
198,4,4096,438,62.975
202,4,4096,438,51.397
204,4,4096,438,58.4928
206,4,4096,438,65.3286
210,4,4096,438,64.7224
212,4,4096,438,72.584
214,4,4096,438,61.9054
218,4,4096,438,57.6606
220,4,4096,438,56.3933
222,4,4096,438,64.6464
226,4,4096,438,70.1033
228,4,4096,438,68.2507
230,4,4096,438,64.684
234,4,4096,438,63.8073
236,4,4096,438,74.4188
238,4,4096,438,71.5797
242,4,4096,438,53.6445
244,4,4096,438,60.2173
246,4,4096,438,64.2095
250,4,4096,438,71.4255
252,4,4096,438,69.1669
254,4,4096,438,56.0977
258,4,4096,438,59.4986
260,4,4096,438,67.4822
262,4,4096,438,63.9313
266,4,4096,438,57.7063
268,4,4096,438,65.3632
270,4,4096,438,70.3197
274,4,4096,438,61.2298
276,4,4096,438,63.3816
278,4,4096,438,63.2656
282,4,4096,438,66.3182
284,4,4096,438,66.3169
286,4,4096,438,63.0628
290,4,4096,438,66.6088
292,4,4096,438,66.486
294,4,4096,438,64.1473
298,4,4096,438,57.6499
300,4,4096,438,56.0049
302,4,4096,438,67.3283
306,4,4096,438,59.6184
308,4,4096,438,50.7159
310,4,4096,438,57.7358
314,4,4096,438,66.1516
316,4,4096,438,60.806
318,4,4096,438,63.6223
322,4,4096,438,63.8464
324,4,4096,438,64.2997
326,4,4096,438,64.8555
330,4,4096,438,56.227
332,4,4096,438,63.0195
334,4,4096,438,58.5714
338,4,4096,438,55.4855
340,4,4096,438,62.7437
342,4,4096,438,60.1505
346,4,4096,438,62.3139
348,4,4096,438,60.2343
350,4,4096,438,54.2376
354,4,4096,438,62.6908
356,4,4096,438,54.6037
358,4,4096,438,54.215
362,4,4096,438,58.5215
364,4,4096,438,54.4124
366,4,4096,438,52.7247
370,4,4096,438,53.0415
372,4,4096,438,57.5472
374,4,4096,438,53.9123
378,4,4096,438,59.8966
380,4,4096,438,51.1813
382,4,4096,438,53.0702
386,4,4096,438,55.4709
388,4,4096,438,50.8087
390,4,4096,438,58.051
394,4,4096,438,57.6664
396,4,4096,438,54.9185
398,4,4096,438,51.9731
402,4,4096,438,58.1262
404,4,4096,438,54.4379
406,4,4096,438,57.4025
410,4,4096,438,55.0076
412,4,4096,438,49.2703
414,4,4096,438,49.5563
418,4,4096,438,53.8362
420,4,4096,438,52.8201
422,4,4096,438,47.9087
426,4,4096,438,54.4005
428,4,4096,438,48.8717
430,4,4096,438,47.1196
434,4,4096,438,50.6366
436,4,4096,438,47.6924
2,4,4096,442,30.2774
4,4,4096,442,52.8746
6,4,4096,442,64.8213
10,4,4096,442,74.4999
12,4,4096,442,70.7816
14,4,4096,442,67.1726
18,4,4096,442,72.7031
20,4,4096,442,67.1438
22,4,4096,442,78.6316
26,4,4096,442,59.8496
28,4,4096,442,64.7593
30,4,4096,442,77.2509
34,4,4096,442,63.3787
36,4,4096,442,80.7843
38,4,4096,442,71.866
42,4,4096,442,75.6814
44,4,4096,442,77.5259
46,4,4096,442,72.6403
50,4,4096,442,59.1395
52,4,4096,442,65.0297
54,4,4096,442,63.5534
58,4,4096,442,70.0728
60,4,4096,442,78.5101
62,4,4096,442,57.2672
66,4,4096,442,67.8411
68,4,4096,442,75.5975
70,4,4096,442,67.7989
74,4,4096,442,65.0308
76,4,4096,442,66.6493
78,4,4096,442,71.3962
82,4,4096,442,71.0964
84,4,4096,442,64.617
86,4,4096,442,76.9387
90,4,4096,442,63.6909
92,4,4096,442,72.2228
94,4,4096,442,53.1116
98,4,4096,442,70.709
100,4,4096,442,73.386
102,4,4096,442,68.3818
106,4,4096,442,69.8186
108,4,4096,442,71.4203
110,4,4096,442,59.5032
114,4,4096,442,61.5375
116,4,4096,442,65.447
118,4,4096,442,79.965
122,4,4096,442,63.8626
124,4,4096,442,76.8047
126,4,4096,442,59.7477
130,4,4096,442,70.8521
132,4,4096,442,63.8777
134,4,4096,442,79.7889
138,4,4096,442,71.8059
140,4,4096,442,75.795
142,4,4096,442,70.4083
146,4,4096,442,70.2199
148,4,4096,442,58.6209
150,4,4096,442,56.3896
154,4,4096,442,72.109
156,4,4096,442,59.3069
158,4,4096,442,59.1337
162,4,4096,442,59.5793
164,4,4096,442,61.3765
166,4,4096,442,64.4576
170,4,4096,442,65.9876
172,4,4096,442,68.6979
174,4,4096,442,62.181
178,4,4096,442,47.7838
180,4,4096,442,54.9142
182,4,4096,442,68.269
186,4,4096,442,73.9795
188,4,4096,442,64.8967
190,4,4096,442,65.1283
194,4,4096,442,71.6247
196,4,4096,442,74.9234
198,4,4096,442,64.106
202,4,4096,442,66.2244
204,4,4096,442,58.2732
206,4,4096,442,58.8135
210,4,4096,442,62.1826
212,4,4096,442,59.1106
214,4,4096,442,65.4022
218,4,4096,442,71.8517
220,4,4096,442,69.5552
222,4,4096,442,74.6342
226,4,4096,442,72.8273
228,4,4096,442,67.3295
230,4,4096,442,72.463
234,4,4096,442,64.9763
236,4,4096,442,68.1516
238,4,4096,442,63.4568
242,4,4096,442,68.1884
244,4,4096,442,69.1004
246,4,4096,442,72.9251
250,4,4096,442,71.2079
252,4,4096,442,68.974
254,4,4096,442,72.4604
258,4,4096,442,69.1137
260,4,4096,442,65.0455
262,4,4096,442,63.8475
266,4,4096,442,68.7899
268,4,4096,442,68.5475
270,4,4096,442,65.5327
274,4,4096,442,67.1471
276,4,4096,442,59.5845
278,4,4096,442,67.1771
282,4,4096,442,73.7982
284,4,4096,442,57.3595
286,4,4096,442,64.6012
290,4,4096,442,65.3078
292,4,4096,442,65.4236
294,4,4096,442,69.9885
298,4,4096,442,59.0152
300,4,4096,442,63.0512
302,4,4096,442,70.3184
306,4,4096,442,63.8977
308,4,4096,442,70.3118
310,4,4096,442,62.8202
314,4,4096,442,58.1818
316,4,4096,442,65.9954
318,4,4096,442,57.3671
322,4,4096,442,59.3555
324,4,4096,442,66.8401
326,4,4096,442,54.4375
330,4,4096,442,62.5865
332,4,4096,442,60.8647
334,4,4096,442,64.9916
338,4,4096,442,58.3973
340,4,4096,442,56.4306
342,4,4096,442,52.0275
346,4,4096,442,66.309
348,4,4096,442,58.9385
350,4,4096,442,60.8426
354,4,4096,442,62.9606
356,4,4096,442,60.7276
358,4,4096,442,60.2095
362,4,4096,442,53.5413
364,4,4096,442,59.3556
366,4,4096,442,60.9245
370,4,4096,442,60.6616
372,4,4096,442,58.5599
374,4,4096,442,53.336
378,4,4096,442,55.5741
380,4,4096,442,48.0049
382,4,4096,442,57.283
386,4,4096,442,57.3118
388,4,4096,442,61.5999
390,4,4096,442,58.7833
394,4,4096,442,51.6036
396,4,4096,442,52.7433
398,4,4096,442,56.8101
402,4,4096,442,56.2135
404,4,4096,442,53.9232
406,4,4096,442,58.6252
410,4,4096,442,57.6759
412,4,4096,442,56.496
414,4,4096,442,50.7965
418,4,4096,442,58.3734
420,4,4096,442,56.4032
422,4,4096,442,53.0071
426,4,4096,442,53.5888
428,4,4096,442,50.4896
430,4,4096,442,53.3858
434,4,4096,442,46.0541
436,4,4096,442,52.01
438,4,4096,442,49.6159
2,4,4096,444,29.5531
4,4,4096,444,43.7897
6,4,4096,444,55.0006
10,4,4096,444,65.4892
12,4,4096,444,72.8912
14,4,4096,444,80.1907
18,4,4096,444,84.537
20,4,4096,444,80.9817
22,4,4096,444,73.5267
26,4,4096,444,79.9079
28,4,4096,444,73.1478
30,4,4096,444,72.1068
34,4,4096,444,84.0977
36,4,4096,444,75.3225
38,4,4096,444,81.5634
42,4,4096,444,85.6457
44,4,4096,444,80.2164
46,4,4096,444,70.0209
50,4,4096,444,71.9897
52,4,4096,444,72.1361
54,4,4096,444,78.4609
58,4,4096,444,70.3612
60,4,4096,444,81.8033
62,4,4096,444,74.5049
66,4,4096,444,76.6722
68,4,4096,444,65.3094
70,4,4096,444,71.4288
74,4,4096,444,75.7741
76,4,4096,444,75.7297
78,4,4096,444,80.9013
82,4,4096,444,62.9785
84,4,4096,444,76.1971
86,4,4096,444,67.7721
90,4,4096,444,71.6213
92,4,4096,444,75.5612
94,4,4096,444,75.9021
98,4,4096,444,79.6721
100,4,4096,444,73.9848
102,4,4096,444,70.9283
106,4,4096,444,76.6181
108,4,4096,444,69.2664
110,4,4096,444,64.9778
114,4,4096,444,73.9009
116,4,4096,444,81.608
118,4,4096,444,75.4575
122,4,4096,444,75.1898
124,4,4096,444,79.6498
126,4,4096,444,73.6435
130,4,4096,444,73.3424
132,4,4096,444,76.4359
134,4,4096,444,63.5921
138,4,4096,444,69.8256
140,4,4096,444,75.3232
142,4,4096,444,79.1103
146,4,4096,444,75.1207
148,4,4096,444,75.5656
150,4,4096,444,76.2422
154,4,4096,444,69.3609
156,4,4096,444,75.1286
158,4,4096,444,63.9006
162,4,4096,444,75.9243
164,4,4096,444,72.1862
166,4,4096,444,75.1991
170,4,4096,444,73.1151
172,4,4096,444,66.552
174,4,4096,444,69.0821
178,4,4096,444,73.9972
180,4,4096,444,72.7324
182,4,4096,444,73.9645
186,4,4096,444,72.4893
188,4,4096,444,68.1607
190,4,4096,444,61.1575
194,4,4096,444,72.6221
196,4,4096,444,57.8431
198,4,4096,444,75.5093
202,4,4096,444,65.7014
204,4,4096,444,67.8907
206,4,4096,444,68.2869
210,4,4096,444,66.2694
212,4,4096,444,69.978
214,4,4096,444,76.49
218,4,4096,444,58.7325
220,4,4096,444,69.0535
222,4,4096,444,67.3692
226,4,4096,444,76.9847
228,4,4096,444,70.1412
230,4,4096,444,69.6369
234,4,4096,444,75.4438
236,4,4096,444,67.5358
238,4,4096,444,75.436
242,4,4096,444,59.1336
244,4,4096,444,66.2902
246,4,4096,444,63.5965
250,4,4096,444,69.6748
252,4,4096,444,67.44
254,4,4096,444,64.2101
258,4,4096,444,65.2863
260,4,4096,444,61.4648
262,4,4096,444,71.8896
266,4,4096,444,64.3504
268,4,4096,444,72.4529
270,4,4096,444,64.799
274,4,4096,444,64.0521
276,4,4096,444,67.3105
278,4,4096,444,54.7208
282,4,4096,444,67.1703
284,4,4096,444,68.3657
286,4,4096,444,64.7981
290,4,4096,444,68.3235
292,4,4096,444,59.8839
294,4,4096,444,69.3978
298,4,4096,444,65.4689
300,4,4096,444,57.8033
302,4,4096,444,68.9826
306,4,4096,444,57.3352
308,4,4096,444,66.9953
310,4,4096,444,63.7565
314,4,4096,444,62.474
316,4,4096,444,62.0453
318,4,4096,444,54.6267
322,4,4096,444,62.4507
324,4,4096,444,68.8376
326,4,4096,444,59.8212
330,4,4096,444,65.0058
332,4,4096,444,60.5575
334,4,4096,444,54.9251
338,4,4096,444,57.609
340,4,4096,444,64.9707
342,4,4096,444,60.8438
346,4,4096,444,60.8246
348,4,4096,444,65.1254
350,4,4096,444,60.1066
354,4,4096,444,56.1273
356,4,4096,444,57.1044
358,4,4096,444,61.157
362,4,4096,444,60.4741
364,4,4096,444,57.5832
366,4,4096,444,56.1127
370,4,4096,444,61.677
372,4,4096,444,59.1574
374,4,4096,444,56.4531
378,4,4096,444,53.5504
380,4,4096,444,56.6192
382,4,4096,444,53.9115
386,4,4096,444,57.8428
388,4,4096,444,59.1614
390,4,4096,444,57.9584
394,4,4096,444,57.7862
396,4,4096,444,51.6282
398,4,4096,444,53.8565
402,4,4096,444,54.074
404,4,4096,444,58.7514
406,4,4096,444,56.4793
410,4,4096,444,50.1859
412,4,4096,444,53.9625
414,4,4096,444,54.571
418,4,4096,444,53.3312
420,4,4096,444,56.095
422,4,4096,444,54.6214
426,4,4096,444,52.5106
428,4,4096,444,49.9088
430,4,4096,444,45.1636
434,4,4096,444,55.0911
436,4,4096,444,53.027
438,4,4096,444,54.7703
442,4,4096,444,49.8454
2,4,4096,446,30.1001
4,4,4096,446,49.5738
6,4,4096,446,69.9366
10,4,4096,446,70.9481
12,4,4096,446,64.1612
14,4,4096,446,79.0194
18,4,4096,446,63.5395
20,4,4096,446,80.4351
22,4,4096,446,81.1697
26,4,4096,446,72.0212
28,4,4096,446,76.9428
30,4,4096,446,88.4091
34,4,4096,446,74.0544
36,4,4096,446,75.7377
38,4,4096,446,75.0731
42,4,4096,446,80.1128
44,4,4096,446,83.8981
46,4,4096,446,67.7404
50,4,4096,446,72.9047
52,4,4096,446,66.4113
54,4,4096,446,71.6403
58,4,4096,446,64.1529
60,4,4096,446,74.9956
62,4,4096,446,71.2227
66,4,4096,446,79.9754
68,4,4096,446,64.0593
70,4,4096,446,70.8635
74,4,4096,446,70.6719
76,4,4096,446,71.465
78,4,4096,446,74.1543
82,4,4096,446,72.9135
84,4,4096,446,73.3055
86,4,4096,446,74.2129
90,4,4096,446,67.9717
92,4,4096,446,68.5734
94,4,4096,446,62.4317
98,4,4096,446,75.4181
100,4,4096,446,72.6183
102,4,4096,446,61.4379
106,4,4096,446,73.5245
108,4,4096,446,71.5756
110,4,4096,446,75.8689
114,4,4096,446,70.511
116,4,4096,446,70.3543
118,4,4096,446,68.1706
122,4,4096,446,77.1436
124,4,4096,446,74.1838
126,4,4096,446,74.3427
130,4,4096,446,75.5655
132,4,4096,446,68.3
134,4,4096,446,70.9741
138,4,4096,446,71.9256
140,4,4096,446,65.5079
142,4,4096,446,75.9228
146,4,4096,446,66.2035
148,4,4096,446,74.6192
150,4,4096,446,72.949
154,4,4096,446,68.185
156,4,4096,446,73.4636
158,4,4096,446,72.715
162,4,4096,446,67.3077
164,4,4096,446,72.71
166,4,4096,446,70.5569
170,4,4096,446,72.4738
172,4,4096,446,74.1564
174,4,4096,446,67.7205
178,4,4096,446,68.1145
180,4,4096,446,66.0987
182,4,4096,446,72.7516
186,4,4096,446,69.4087
188,4,4096,446,73.0181
190,4,4096,446,72.6109
194,4,4096,446,69.8527
196,4,4096,446,75.0801
198,4,4096,446,65.6943
202,4,4096,446,67.1181
204,4,4096,446,68.2042
206,4,4096,446,72.7248
210,4,4096,446,69.594
212,4,4096,446,73.2844
214,4,4096,446,68.9215
218,4,4096,446,66.3387
220,4,4096,446,71.36
222,4,4096,446,50.4585
226,4,4096,446,68.7679
228,4,4096,446,70.476
230,4,4096,446,73.5161
234,4,4096,446,71.479
236,4,4096,446,64.0382
238,4,4096,446,61.8657
242,4,4096,446,73.9962
244,4,4096,446,67.5981
246,4,4096,446,73.4054
250,4,4096,446,73.8414
252,4,4096,446,66.1092
254,4,4096,446,64.9428
258,4,4096,446,65.4546
260,4,4096,446,65.4401
262,4,4096,446,69.8286
266,4,4096,446,71.3054
268,4,4096,446,67.7418
270,4,4096,446,69.5232
274,4,4096,446,68.7947
276,4,4096,446,61.9631
278,4,4096,446,62.7302
282,4,4096,446,63.7782
284,4,4096,446,66.3667
286,4,4096,446,67.904
290,4,4096,446,66.7058
292,4,4096,446,61.009
294,4,4096,446,66.083
298,4,4096,446,65.626
300,4,4096,446,62.7209
302,4,4096,446,68.5471
306,4,4096,446,65.8489
308,4,4096,446,69.0719
310,4,4096,446,65.446
314,4,4096,446,60.5646
316,4,4096,446,66.8355
318,4,4096,446,66.3372
322,4,4096,446,61.9828
324,4,4096,446,67.9832
326,4,4096,446,62.1788
330,4,4096,446,63.6158
332,4,4096,446,64.8963
334,4,4096,446,54.9158
338,4,4096,446,58.6671
340,4,4096,446,61.1456
342,4,4096,446,64.7702
346,4,4096,446,59.6094
348,4,4096,446,60.9234
350,4,4096,446,62.9908
354,4,4096,446,60.9636
356,4,4096,446,51.2981
358,4,4096,446,58.8337
362,4,4096,446,56.7015
364,4,4096,446,63.4404
366,4,4096,446,62.8233
370,4,4096,446,53.8843
372,4,4096,446,59.0704
374,4,4096,446,55.5837
378,4,4096,446,57.1721
380,4,4096,446,58.965
382,4,4096,446,59.8288
386,4,4096,446,56.9895
388,4,4096,446,51.9905
390,4,4096,446,54.8571
394,4,4096,446,54.0175
396,4,4096,446,57.6639
398,4,4096,446,59.8514
402,4,4096,446,60.152
404,4,4096,446,56.9796
406,4,4096,446,55.425
410,4,4096,446,48.0381
412,4,4096,446,53.6074
414,4,4096,446,55.0192
418,4,4096,446,50.6175
420,4,4096,446,50.0207
422,4,4096,446,53.6784
426,4,4096,446,55.5662
428,4,4096,446,50.3615
430,4,4096,446,54.4704
434,4,4096,446,55.7239
436,4,4096,446,52.8494
438,4,4096,446,50.2737
442,4,4096,446,45.5903
444,4,4096,446,48.6207
2,4,4096,450,28.2016
4,4,4096,450,43.1397
6,4,4096,450,60.9364
10,4,4096,450,61.9555
12,4,4096,450,62.0657
14,4,4096,450,77.5928
18,4,4096,450,74.5991
20,4,4096,450,71.0938
22,4,4096,450,82.3051
26,4,4096,450,80.6203
28,4,4096,450,71.7251
30,4,4096,450,80.3883
34,4,4096,450,76.7309
36,4,4096,450,70.7869
38,4,4096,450,75.7218
42,4,4096,450,68.8918
44,4,4096,450,80.5448
46,4,4096,450,80.7175
50,4,4096,450,69.8092
52,4,4096,450,75.1856
54,4,4096,450,63.6411
58,4,4096,450,64.37
60,4,4096,450,55.7816
62,4,4096,450,67.5656
66,4,4096,450,74.0674
68,4,4096,450,73.8215
70,4,4096,450,72.3279
74,4,4096,450,55.4544
76,4,4096,450,75.7789
78,4,4096,450,69.1799
82,4,4096,450,72.2965
84,4,4096,450,74.2994
86,4,4096,450,73.6398
90,4,4096,450,74.7769
92,4,4096,450,70.651
94,4,4096,450,65.7693
98,4,4096,450,61.3532
100,4,4096,450,72.4066
102,4,4096,450,74.0827
106,4,4096,450,72.0311
108,4,4096,450,75.2961
110,4,4096,450,69.8098
114,4,4096,450,76.8112
116,4,4096,450,67.4296
118,4,4096,450,75.5632
122,4,4096,450,70.4736
124,4,4096,450,73.6332
126,4,4096,450,74.4143
130,4,4096,450,73.3099
132,4,4096,450,67.8976
134,4,4096,450,65.4974
138,4,4096,450,72.3693
140,4,4096,450,73.746
142,4,4096,450,73.6283
146,4,4096,450,73.6565
148,4,4096,450,73.7983
150,4,4096,450,74.9564
154,4,4096,450,74.8211
156,4,4096,450,67.0654
158,4,4096,450,59.0677
162,4,4096,450,74.2018
164,4,4096,450,73.8651
166,4,4096,450,69.5783
170,4,4096,450,73.9663
172,4,4096,450,72.2533
174,4,4096,450,71.5932
178,4,4096,450,69.163
180,4,4096,450,66.315
182,4,4096,450,66.3859
186,4,4096,450,73.4577
188,4,4096,450,71.1535
190,4,4096,450,69.0596
194,4,4096,450,74.5837
196,4,4096,450,68.8255
198,4,4096,450,72.8844
202,4,4096,450,66.3035
204,4,4096,450,63.7419
206,4,4096,450,70.5973
210,4,4096,450,70.2439
212,4,4096,450,73.1038
214,4,4096,450,69.5078
218,4,4096,450,71.5576
220,4,4096,450,70.5611
222,4,4096,450,67.9743
226,4,4096,450,63.6057
228,4,4096,450,66.4564
230,4,4096,450,69.6841
234,4,4096,450,72.7775
236,4,4096,450,72.4767
238,4,4096,450,72.2017
242,4,4096,450,65.5669
244,4,4096,450,67.2568
246,4,4096,450,71.6939
250,4,4096,450,72.3142
252,4,4096,450,70.1846
254,4,4096,450,74.2844
258,4,4096,450,65.0937
260,4,4096,450,69.1105
262,4,4096,450,62.5149
266,4,4096,450,63.8682
268,4,4096,450,70.0463
270,4,4096,450,69.7794
274,4,4096,450,68.9776
276,4,4096,450,68.4354
278,4,4096,450,68.1492
282,4,4096,450,69.1182
284,4,4096,450,69.0723
286,4,4096,450,60.5004
290,4,4096,450,66.015
292,4,4096,450,59.5637
294,4,4096,450,65.5083
298,4,4096,450,66.799
300,4,4096,450,67.9369
302,4,4096,450,58.6763
306,4,4096,450,58.1633
308,4,4096,450,66.8963
310,4,4096,450,65.1885
314,4,4096,450,63.6227
316,4,4096,450,64.4921
318,4,4096,450,64.4986
322,4,4096,450,59.4667
324,4,4096,450,58.4697
326,4,4096,450,61.8795
330,4,4096,450,65.6203
332,4,4096,450,62.4605
334,4,4096,450,66.1065
338,4,4096,450,62.3531
340,4,4096,450,58.6924
342,4,4096,450,59.6055
346,4,4096,450,59.0357
348,4,4096,450,62.4084
350,4,4096,450,54.7084
354,4,4096,450,61.8053
356,4,4096,450,61.2174
358,4,4096,450,52.5258
362,4,4096,450,51.7368
364,4,4096,450,50.1594
366,4,4096,450,59.7585
370,4,4096,450,59.5776
372,4,4096,450,54.6771
374,4,4096,450,55.416
378,4,4096,450,61.3514
380,4,4096,450,57.2659
382,4,4096,450,56.9435
386,4,4096,450,55.6644
388,4,4096,450,55.7726
390,4,4096,450,52.4925
394,4,4096,450,53.0336
396,4,4096,450,57.6593
398,4,4096,450,47.7476
402,4,4096,450,55.3483
404,4,4096,450,59.8054
406,4,4096,450,55.7228
410,4,4096,450,54.9717
412,4,4096,450,51.3768
414,4,4096,450,55.2836
418,4,4096,450,53.4019
420,4,4096,450,54.8433
422,4,4096,450,52.2244
426,4,4096,450,51.891
428,4,4096,450,55.1038
430,4,4096,450,48.5892
434,4,4096,450,52.1915
436,4,4096,450,48.1155
438,4,4096,450,53.8863
442,4,4096,450,50.2385
444,4,4096,450,46.285
446,4,4096,450,49.5647
2,4,4096,452,27.2507
4,4,4096,452,42.6554
6,4,4096,452,53.0667
10,4,4096,452,62.7796
12,4,4096,452,68.4955
14,4,4096,452,59.0865
18,4,4096,452,54.5132
20,4,4096,452,74.7212
22,4,4096,452,77.0825
26,4,4096,452,76.3971
28,4,4096,452,64.7927
30,4,4096,452,67.4919
34,4,4096,452,66.1137
36,4,4096,452,77.0877
38,4,4096,452,75.8499
42,4,4096,452,80.1543
44,4,4096,452,83.2851
46,4,4096,452,76.122
50,4,4096,452,69.0761
52,4,4096,452,75.874
54,4,4096,452,63.2637
58,4,4096,452,64.6924
60,4,4096,452,62.7277
62,4,4096,452,70.2053
66,4,4096,452,73.7802
68,4,4096,452,64.1007
70,4,4096,452,70.9534
74,4,4096,452,64.3044
76,4,4096,452,80.9565
78,4,4096,452,67.4123
82,4,4096,452,75.2737
84,4,4096,452,74.408
86,4,4096,452,69.796
90,4,4096,452,76.6839
92,4,4096,452,63.8995
94,4,4096,452,73.4221
98,4,4096,452,69.9355
100,4,4096,452,76.0131
102,4,4096,452,62.5228
106,4,4096,452,74.5444
108,4,4096,452,72.3972
110,4,4096,452,70.206
114,4,4096,452,79.2198
116,4,4096,452,65.2728
118,4,4096,452,77.4818
122,4,4096,452,70.0086
124,4,4096,452,75.1348
126,4,4096,452,75.6437
130,4,4096,452,70.21
132,4,4096,452,74.5061
134,4,4096,452,69.4617
138,4,4096,452,70.3323
140,4,4096,452,63.943
142,4,4096,452,75.7327
146,4,4096,452,61.8391
148,4,4096,452,75.9932
150,4,4096,452,73.4338
154,4,4096,452,68.2351
156,4,4096,452,67.3492
158,4,4096,452,70.4264
162,4,4096,452,71.9352
164,4,4096,452,71.0278
166,4,4096,452,77.5461
170,4,4096,452,70.2259
172,4,4096,452,68.6908
174,4,4096,452,73.8891
178,4,4096,452,64.7393
180,4,4096,452,71.512
182,4,4096,452,69.4337
186,4,4096,452,73.8803
188,4,4096,452,60.0294
190,4,4096,452,75.5407
194,4,4096,452,70.5175
196,4,4096,452,73.7865
198,4,4096,452,62.4616
202,4,4096,452,56.3219
204,4,4096,452,74.3386
206,4,4096,452,70.9961
210,4,4096,452,69.6296
212,4,4096,452,70.8198
214,4,4096,452,69.3476
218,4,4096,452,67.9101
220,4,4096,452,68.4208
222,4,4096,452,60.9312
226,4,4096,452,72.2806
228,4,4096,452,69.2067
230,4,4096,452,73.1436
234,4,4096,452,72.2839
236,4,4096,452,62.4672
238,4,4096,452,65.6343
242,4,4096,452,74.0027
244,4,4096,452,70.4138
246,4,4096,452,70.661
250,4,4096,452,71.7229
252,4,4096,452,70.2385
254,4,4096,452,71.2739
258,4,4096,452,60.8529
260,4,4096,452,63.2311
262,4,4096,452,66.1424
266,4,4096,452,70.5611
268,4,4096,452,61.523
270,4,4096,452,61.5268
274,4,4096,452,69.3824
276,4,4096,452,66.3343
278,4,4096,452,67.7162
282,4,4096,452,60.734
284,4,4096,452,57.7253
286,4,4096,452,68.4966
290,4,4096,452,66.068
292,4,4096,452,67.3382
294,4,4096,452,65.2278
298,4,4096,452,68.0319
300,4,4096,452,65.9558
302,4,4096,452,67.9872
306,4,4096,452,61.104
308,4,4096,452,65.2985
310,4,4096,452,60.6136
314,4,4096,452,63.7732
316,4,4096,452,61.8842
318,4,4096,452,56.3188
322,4,4096,452,65.4381
324,4,4096,452,57.4021
326,4,4096,452,63.1484
330,4,4096,452,62.2955
332,4,4096,452,60.7286
334,4,4096,452,58.2568
338,4,4096,452,59.5726
340,4,4096,452,57.1549
342,4,4096,452,59.3532
346,4,4096,452,60.7383
348,4,4096,452,63.9149
350,4,4096,452,58.9809
354,4,4096,452,58.9059
356,4,4096,452,59.4892
358,4,4096,452,56.8542
362,4,4096,452,56.9081
364,4,4096,452,57.9022
366,4,4096,452,58.5466
370,4,4096,452,58.8461
372,4,4096,452,60.4934
374,4,4096,452,52.043
378,4,4096,452,56.7836
380,4,4096,452,51.9354
382,4,4096,452,54.2449
386,4,4096,452,56.7544
388,4,4096,452,57.1013
390,4,4096,452,59.1504
394,4,4096,452,54.203
396,4,4096,452,59.0312
398,4,4096,452,49.9993
402,4,4096,452,56.9331
404,4,4096,452,56.0566
406,4,4096,452,54.2481
410,4,4096,452,56.1922
412,4,4096,452,48.2648
414,4,4096,452,52.2693
418,4,4096,452,54.636
420,4,4096,452,54.4238
422,4,4096,452,49.4709
426,4,4096,452,55.1435
428,4,4096,452,56.7098
430,4,4096,452,49.9857
434,4,4096,452,49.7159
436,4,4096,452,52.1298
438,4,4096,452,50.8984
442,4,4096,452,50.0795
444,4,4096,452,51.2299
446,4,4096,452,48.307
450,4,4096,452,45.4772
2,4,4096,454,25.2624
4,4,4096,454,40.6001
6,4,4096,454,66.4294
10,4,4096,454,64.1108
12,4,4096,454,67.0276
14,4,4096,454,81.501
18,4,4096,454,61.7055
20,4,4096,454,75.5761
22,4,4096,454,73.7861
26,4,4096,454,78.5062
28,4,4096,454,75.8351
30,4,4096,454,67.7
34,4,4096,454,81.7633
36,4,4096,454,65.2149
38,4,4096,454,73.885
42,4,4096,454,72.1623
44,4,4096,454,76.6446
46,4,4096,454,79.1796
50,4,4096,454,69.7262
52,4,4096,454,70.0274
54,4,4096,454,68.4795
58,4,4096,454,66.1197
60,4,4096,454,61.7226
62,4,4096,454,63.9382
66,4,4096,454,68.6995
68,4,4096,454,74.0034
70,4,4096,454,56.4007
74,4,4096,454,69.5751
76,4,4096,454,72.9646
78,4,4096,454,72.8645
82,4,4096,454,73.0084
84,4,4096,454,74.059
86,4,4096,454,69.8561
90,4,4096,454,74.784
92,4,4096,454,73.9557
94,4,4096,454,68.1794
98,4,4096,454,64.7816
100,4,4096,454,74.5526
102,4,4096,454,70.6758
106,4,4096,454,74.4042
108,4,4096,454,71.5115
110,4,4096,454,69.2272
114,4,4096,454,75.1263
116,4,4096,454,71.9832
118,4,4096,454,67.5446
122,4,4096,454,66.4635
124,4,4096,454,76.3772
126,4,4096,454,69.5722
130,4,4096,454,74.2039
132,4,4096,454,77.6182
134,4,4096,454,71.8209
138,4,4096,454,75.5285
140,4,4096,454,72.7013
142,4,4096,454,60.7168
146,4,4096,454,67.6657
148,4,4096,454,72.6255
150,4,4096,454,68.6346
154,4,4096,454,76.5615
156,4,4096,454,70.7359
158,4,4096,454,70.8954
162,4,4096,454,74.3794
164,4,4096,454,72.2308
166,4,4096,454,67.2292
170,4,4096,454,69.1451
172,4,4096,454,75.4649
174,4,4096,454,76.4331
178,4,4096,454,69.2768
180,4,4096,454,72.3143
182,4,4096,454,69.5598
186,4,4096,454,66.2715
188,4,4096,454,69.9699
190,4,4096,454,67.6151
194,4,4096,454,69.4559
196,4,4096,454,73.2179
198,4,4096,454,64.9389
202,4,4096,454,74.0532
204,4,4096,454,70.4281
206,4,4096,454,67.9071
210,4,4096,454,73.9172
212,4,4096,454,61.2729
214,4,4096,454,62.2351
218,4,4096,454,71.7939
220,4,4096,454,68.603
222,4,4096,454,69.7803
226,4,4096,454,67.657
228,4,4096,454,73.7766
230,4,4096,454,62.0806
234,4,4096,454,71.3137
236,4,4096,454,68.6868
238,4,4096,454,73.5967
242,4,4096,454,67.2203
244,4,4096,454,71.3666
246,4,4096,454,71.2011
250,4,4096,454,69.0246
252,4,4096,454,73.2055
254,4,4096,454,53.5084
258,4,4096,454,64.7431
260,4,4096,454,69.4347
262,4,4096,454,69.0466
266,4,4096,454,69.5992
268,4,4096,454,67.4992
270,4,4096,454,69.675
274,4,4096,454,65.6704
276,4,4096,454,64.4768
278,4,4096,454,59.3034
282,4,4096,454,66.063
284,4,4096,454,62.9293
286,4,4096,454,65.2859
290,4,4096,454,67.9588
292,4,4096,454,65.3874
294,4,4096,454,65.7945
298,4,4096,454,59.6505
300,4,4096,454,59.0317
302,4,4096,454,57.6266
306,4,4096,454,66.9597
308,4,4096,454,63.2191
310,4,4096,454,62.907
314,4,4096,454,59.8827
316,4,4096,454,63.9332
318,4,4096,454,62.9819
322,4,4096,454,65.4867
324,4,4096,454,62.7028
326,4,4096,454,66.902
330,4,4096,454,62.1896
332,4,4096,454,62.244
334,4,4096,454,59.4237
338,4,4096,454,64.9065
340,4,4096,454,62.7545
342,4,4096,454,59.8766
346,4,4096,454,62.13
348,4,4096,454,58.2357
350,4,4096,454,60.0736
354,4,4096,454,61.3609
356,4,4096,454,56.9872
358,4,4096,454,62.3522
362,4,4096,454,58.7556
364,4,4096,454,59.2199
366,4,4096,454,54.8759
370,4,4096,454,58.6537
372,4,4096,454,58.9299
374,4,4096,454,53.3172
378,4,4096,454,53.5459
380,4,4096,454,57.6456
382,4,4096,454,57.2182
386,4,4096,454,52.3189
388,4,4096,454,59.5223
390,4,4096,454,57.3898
394,4,4096,454,55.7515
396,4,4096,454,51.5394
398,4,4096,454,56.7682
402,4,4096,454,54.8927
404,4,4096,454,56.7844
406,4,4096,454,58.3492
410,4,4096,454,50.3239
412,4,4096,454,55.2288
414,4,4096,454,56.6577
418,4,4096,454,54.9416
420,4,4096,454,52.9013
422,4,4096,454,54.7958
426,4,4096,454,53.423
428,4,4096,454,47.5799
430,4,4096,454,52.8113
434,4,4096,454,47.3179
436,4,4096,454,51.1663
438,4,4096,454,51.91
442,4,4096,454,49.3667
444,4,4096,454,51.027
446,4,4096,454,44.8865
450,4,4096,454,51.8405
452,4,4096,454,52.7373
2,4,4096,458,27.3651
4,4,4096,458,48.7205
6,4,4096,458,60.1778
10,4,4096,458,64.9869
12,4,4096,458,69.9925
14,4,4096,458,70.2404
18,4,4096,458,70.7174
20,4,4096,458,79.4641
22,4,4096,458,87.1144
26,4,4096,458,65.4974
28,4,4096,458,79.6333
30,4,4096,458,78.9457
34,4,4096,458,73.394
36,4,4096,458,73.8348
38,4,4096,458,63.83
42,4,4096,458,84.9963
44,4,4096,458,75.667
46,4,4096,458,76.8056
50,4,4096,458,77.1824
52,4,4096,458,65.7816
54,4,4096,458,63.1157
58,4,4096,458,69.4385
60,4,4096,458,78.6056
62,4,4096,458,68.2193
66,4,4096,458,77.6661
68,4,4096,458,68.4426
70,4,4096,458,74.9034
74,4,4096,458,68.3519
76,4,4096,458,66.3177
78,4,4096,458,71.9122
82,4,4096,458,73.2101
84,4,4096,458,74.5891
86,4,4096,458,69.4455
90,4,4096,458,78.5885
92,4,4096,458,70.6844
94,4,4096,458,75.432
98,4,4096,458,61.0295
100,4,4096,458,67.4636
102,4,4096,458,73.2333
106,4,4096,458,74.8237
108,4,4096,458,80.2993
110,4,4096,458,74.5484
114,4,4096,458,73.9711
116,4,4096,458,75.5605
118,4,4096,458,73.8973
122,4,4096,458,65.5278
124,4,4096,458,65.9782
126,4,4096,458,79.4744
130,4,4096,458,76.6891
132,4,4096,458,72.1751
134,4,4096,458,80.3016
138,4,4096,458,74.5928
140,4,4096,458,68.5738
142,4,4096,458,69.0711
146,4,4096,458,71.6397
148,4,4096,458,68.9369
150,4,4096,458,68.8848
154,4,4096,458,76.907
156,4,4096,458,76.2289
158,4,4096,458,72.6241
162,4,4096,458,78.524
164,4,4096,458,72.4961
166,4,4096,458,68.2241
170,4,4096,458,67.5666
172,4,4096,458,74.009
174,4,4096,458,78.1808
178,4,4096,458,71.0723
180,4,4096,458,74.759
182,4,4096,458,72.3063
186,4,4096,458,71.0443
188,4,4096,458,70.0009
190,4,4096,458,65.1604
194,4,4096,458,76.8055
196,4,4096,458,63.7814
198,4,4096,458,67.1281
202,4,4096,458,68.5441
204,4,4096,458,71.767
206,4,4096,458,74.4493
210,4,4096,458,67.4958
212,4,4096,458,69.7577
214,4,4096,458,64.5724
218,4,4096,458,76.2838
220,4,4096,458,69.097
222,4,4096,458,75.1369
226,4,4096,458,68.1258
228,4,4096,458,72.333
230,4,4096,458,71.9583
234,4,4096,458,68.4662
236,4,4096,458,70.0461
238,4,4096,458,65.0942
242,4,4096,458,69.1186
244,4,4096,458,69.6591
246,4,4096,458,73.3385
250,4,4096,458,76.8087
252,4,4096,458,70.4921
254,4,4096,458,68.9291
258,4,4096,458,63.7289
260,4,4096,458,74.5717
262,4,4096,458,70.2723
266,4,4096,458,76.2735
268,4,4096,458,72.8891
270,4,4096,458,64.0897
274,4,4096,458,74.8314
276,4,4096,458,68.9684
278,4,4096,458,67.173
282,4,4096,458,61.9868
284,4,4096,458,64.1894
286,4,4096,458,67.344
290,4,4096,458,70.6932
292,4,4096,458,67.0179
294,4,4096,458,74.9438
298,4,4096,458,67.1534
300,4,4096,458,71.8617
302,4,4096,458,59.5466
306,4,4096,458,66.9899
308,4,4096,458,67.7103
310,4,4096,458,67.9083
314,4,4096,458,66.7959
316,4,4096,458,69.2167
318,4,4096,458,66.8351
322,4,4096,458,67.6374
324,4,4096,458,60.7365
326,4,4096,458,63.2964
330,4,4096,458,65.5394
332,4,4096,458,68.1621
334,4,4096,458,60.0868
338,4,4096,458,66.3425
340,4,4096,458,62.4759
342,4,4096,458,65.2214
346,4,4096,458,61.3736
348,4,4096,458,54.2253
350,4,4096,458,63.8214
354,4,4096,458,66.7087
356,4,4096,458,62.839
358,4,4096,458,66.0845
362,4,4096,458,56.9584
364,4,4096,458,58.5645
366,4,4096,458,58.4552
370,4,4096,458,60.3641
372,4,4096,458,61.9195
374,4,4096,458,59.7829
378,4,4096,458,62.5425
380,4,4096,458,61.6172
382,4,4096,458,58.3046
386,4,4096,458,53.1979
388,4,4096,458,61.636
390,4,4096,458,57.3882
394,4,4096,458,58.5861
396,4,4096,458,58.9664
398,4,4096,458,62.2757
402,4,4096,458,57.1377
404,4,4096,458,52.3119
406,4,4096,458,49.4021
410,4,4096,458,57.0191
412,4,4096,458,62.2688
414,4,4096,458,57.0765
418,4,4096,458,57.3826
420,4,4096,458,57.1971
422,4,4096,458,60.3591
426,4,4096,458,55.2273
428,4,4096,458,46.9668
430,4,4096,458,54.3546
434,4,4096,458,55.1798
436,4,4096,458,56.7558
438,4,4096,458,56.6263
442,4,4096,458,44.7252
444,4,4096,458,44.7756
446,4,4096,458,53.7522
450,4,4096,458,54.1242
452,4,4096,458,52.3094
454,4,4096,458,52.9283
2,4,4096,460,28.1722
4,4,4096,460,40.9661
6,4,4096,460,60.3891
10,4,4096,460,70.2848
12,4,4096,460,65.9394
14,4,4096,460,79.2278
18,4,4096,460,68.6443
20,4,4096,460,83.663
22,4,4096,460,77.2063
26,4,4096,460,63.5719
28,4,4096,460,64.9969
30,4,4096,460,75.4954
34,4,4096,460,74.1318
36,4,4096,460,73.9343
38,4,4096,460,75.3544
42,4,4096,460,84.6274
44,4,4096,460,80.9638
46,4,4096,460,74.0146
50,4,4096,460,65.8565
52,4,4096,460,68.0802
54,4,4096,460,68.5397
58,4,4096,460,75.2601
60,4,4096,460,69.4529
62,4,4096,460,76.4273
66,4,4096,460,68.0994
68,4,4096,460,78.7129
70,4,4096,460,71.7298
74,4,4096,460,78.9599
76,4,4096,460,67.8191
78,4,4096,460,81.1917
82,4,4096,460,74.5484
84,4,4096,460,65.8498
86,4,4096,460,63.2153
90,4,4096,460,67.552
92,4,4096,460,72.8022
94,4,4096,460,71.9459
98,4,4096,460,77.0192
100,4,4096,460,70.9201
102,4,4096,460,76.3998
106,4,4096,460,74.7811
108,4,4096,460,72.3101
110,4,4096,460,75.5623
114,4,4096,460,72.4046
116,4,4096,460,77.8248
118,4,4096,460,71.9656
122,4,4096,460,73.6364
124,4,4096,460,79.4359
126,4,4096,460,74.9884
130,4,4096,460,56.5823
132,4,4096,460,66.323
134,4,4096,460,72.4923
138,4,4096,460,73.1616
140,4,4096,460,79.7426
142,4,4096,460,59.0303
146,4,4096,460,68.7516
148,4,4096,460,69.1202
150,4,4096,460,76.2297
154,4,4096,460,72.3202
156,4,4096,460,74.096
158,4,4096,460,77.4779
162,4,4096,460,71.3042
164,4,4096,460,73.282
166,4,4096,460,78.2744
170,4,4096,460,78.2437
172,4,4096,460,71.1394
174,4,4096,460,76.2917
178,4,4096,460,72.7332
180,4,4096,460,72.5062
182,4,4096,460,66.434
186,4,4096,460,69.1159
188,4,4096,460,69.0037
190,4,4096,460,72.2934
194,4,4096,460,74.92
196,4,4096,460,73.8916
198,4,4096,460,72.6983
202,4,4096,460,73.2392
204,4,4096,460,67.4636
206,4,4096,460,73.2596
210,4,4096,460,65.0319
212,4,4096,460,67.0362
214,4,4096,460,70.812
218,4,4096,460,73.8044
220,4,4096,460,70.2895
222,4,4096,460,71.6647
226,4,4096,460,69.9611
228,4,4096,460,65.1486
230,4,4096,460,53.3883
234,4,4096,460,68.0006
236,4,4096,460,66.8682
238,4,4096,460,65.1803
242,4,4096,460,71.7308
244,4,4096,460,75.6671
246,4,4096,460,66.5999
250,4,4096,460,74.3642
252,4,4096,460,71.6381
254,4,4096,460,68.0957
258,4,4096,460,73.5144
260,4,4096,460,63.8418
262,4,4096,460,55.3337
266,4,4096,460,67.0913
268,4,4096,460,60.8633
270,4,4096,460,72.5928
274,4,4096,460,66.0116
276,4,4096,460,72.7074
278,4,4096,460,66.9202
282,4,4096,460,68.5334
284,4,4096,460,61.4282
286,4,4096,460,69.3879
290,4,4096,460,65.9569
292,4,4096,460,70.4092
294,4,4096,460,66.3715
298,4,4096,460,72.0833
300,4,4096,460,67.4919
302,4,4096,460,70.5167
306,4,4096,460,60.7542
308,4,4096,460,60.7303
310,4,4096,460,67.9744
314,4,4096,460,65.5711
316,4,4096,460,65.1924
318,4,4096,460,66.3287
322,4,4096,460,64.5067
324,4,4096,460,67.8909
326,4,4096,460,63.8007
330,4,4096,460,59.7161
332,4,4096,460,67.9112
334,4,4096,460,63.5293
338,4,4096,460,66.0177
340,4,4096,460,62.475
342,4,4096,460,63.3848
346,4,4096,460,63.3954
348,4,4096,460,61.0278
350,4,4096,460,59.4885
354,4,4096,460,61.9051
356,4,4096,460,61.1522
358,4,4096,460,65.6579
362,4,4096,460,62.5552
364,4,4096,460,58.628
366,4,4096,460,61.8098
370,4,4096,460,62.3631
372,4,4096,460,54.3634
374,4,4096,460,58.5877
378,4,4096,460,59.5653
380,4,4096,460,57.8177
382,4,4096,460,59.825
386,4,4096,460,56.2896
388,4,4096,460,54.5964
390,4,4096,460,54.9825
394,4,4096,460,59.3559
396,4,4096,460,59.3304
398,4,4096,460,56.5236
402,4,4096,460,56.8517
404,4,4096,460,59.7169
406,4,4096,460,56.7751
410,4,4096,460,52.2437
412,4,4096,460,56.4005
414,4,4096,460,55.6979
418,4,4096,460,54.3562
420,4,4096,460,58.8421
422,4,4096,460,56.7511
426,4,4096,460,56.4871
428,4,4096,460,53.1532
430,4,4096,460,47.0039
434,4,4096,460,55.0388
436,4,4096,460,54.4151
438,4,4096,460,56.7379
442,4,4096,460,53.3793
444,4,4096,460,53.481
446,4,4096,460,54.6187
450,4,4096,460,49.2163
452,4,4096,460,53.3232
454,4,4096,460,53.9333
458,4,4096,460,51.5863
2,4,4096,462,29.716
4,4,4096,462,49.5703
6,4,4096,462,66.7473
10,4,4096,462,63.3783
12,4,4096,462,71.5749
14,4,4096,462,80.5679
18,4,4096,462,62.8121
20,4,4096,462,76.0501
22,4,4096,462,81.7439
26,4,4096,462,68.0226
28,4,4096,462,66.7673
30,4,4096,462,81.815
34,4,4096,462,81.4825
36,4,4096,462,76.4381
38,4,4096,462,80.969
42,4,4096,462,84.719
44,4,4096,462,78.6966
46,4,4096,462,66.6834
50,4,4096,462,61.414
52,4,4096,462,70.2482
54,4,4096,462,70.4485
58,4,4096,462,77.3743
60,4,4096,462,64.141
62,4,4096,462,77.0457
66,4,4096,462,71.1213
68,4,4096,462,71.3269
70,4,4096,462,74.3776
74,4,4096,462,67.5653
76,4,4096,462,67.7615
78,4,4096,462,79.0317
82,4,4096,462,71.623
84,4,4096,462,78.7455
86,4,4096,462,71.5679
90,4,4096,462,76.96
92,4,4096,462,67.1284
94,4,4096,462,68.3142
98,4,4096,462,63.8336
100,4,4096,462,78.0536
102,4,4096,462,68.3964
106,4,4096,462,80.7942
108,4,4096,462,73.8386
110,4,4096,462,69.2028
114,4,4096,462,77.7
116,4,4096,462,69.3773
118,4,4096,462,74.1445
122,4,4096,462,66.1614
124,4,4096,462,80.3381
126,4,4096,462,72.5654
130,4,4096,462,72.5431
132,4,4096,462,78.8593
134,4,4096,462,71.6221
138,4,4096,462,72.0821
140,4,4096,462,64.0936
142,4,4096,462,76.006
146,4,4096,462,73.3722
148,4,4096,462,79.0704
150,4,4096,462,70.5276
154,4,4096,462,78.1788
156,4,4096,462,79.3149
158,4,4096,462,72.4634
162,4,4096,462,79.4363
164,4,4096,462,67.8672
166,4,4096,462,69.9979
170,4,4096,462,65.7174
172,4,4096,462,72.2419
174,4,4096,462,71.2971
178,4,4096,462,79.299
180,4,4096,462,71.0038
182,4,4096,462,72.845
186,4,4096,462,75.2159
188,4,4096,462,62.7824
190,4,4096,462,66.9266
194,4,4096,462,75.0173
196,4,4096,462,72.5532
198,4,4096,462,69.9638
202,4,4096,462,72.3797
204,4,4096,462,70.2358
206,4,4096,462,74.5947
210,4,4096,462,68.4744
212,4,4096,462,63.755
214,4,4096,462,63.6311
218,4,4096,462,75.2391
220,4,4096,462,68.408
222,4,4096,462,68.9334
226,4,4096,462,73.032
228,4,4096,462,69.3683
230,4,4096,462,67.3421
234,4,4096,462,70.5118
236,4,4096,462,67.7798
238,4,4096,462,65.044
242,4,4096,462,75.7532
244,4,4096,462,66.5566
246,4,4096,462,74.7502
250,4,4096,462,73.9245
252,4,4096,462,70.1075
254,4,4096,462,75.0779
258,4,4096,462,70.5985
260,4,4096,462,67.7358
262,4,4096,462,63.5331
266,4,4096,462,71.2243
268,4,4096,462,66.8339
270,4,4096,462,74.5784
274,4,4096,462,66.9256
276,4,4096,462,72.82
278,4,4096,462,60.7094
282,4,4096,462,62.8166
284,4,4096,462,66.8512
286,4,4096,462,66.049
290,4,4096,462,69.5104
292,4,4096,462,69.4088
294,4,4096,462,60.1019
298,4,4096,462,66.2678
300,4,4096,462,66.121
302,4,4096,462,67.6519
306,4,4096,462,69.9504
308,4,4096,462,64.5532
310,4,4096,462,71.5902
314,4,4096,462,66.3541
316,4,4096,462,67.0378
318,4,4096,462,66.312
322,4,4096,462,70.5879
324,4,4096,462,57.3202
326,4,4096,462,61.5942
330,4,4096,462,66.7084
332,4,4096,462,65.0945
334,4,4096,462,67.0373
338,4,4096,462,63.835
340,4,4096,462,65.4934
342,4,4096,462,66.8375
346,4,4096,462,57.7442
348,4,4096,462,59.7986
350,4,4096,462,66.6847
354,4,4096,462,63.6773
356,4,4096,462,60.9278
358,4,4096,462,65.229
362,4,4096,462,60.8188
364,4,4096,462,57.1681
366,4,4096,462,64.6828
370,4,4096,462,60.669
372,4,4096,462,60.589
374,4,4096,462,63.5669
378,4,4096,462,62.8454
380,4,4096,462,54.9679
382,4,4096,462,58.586
386,4,4096,462,64.5243
388,4,4096,462,57.6562
390,4,4096,462,58.8767
394,4,4096,462,52.693
396,4,4096,462,60.2301
398,4,4096,462,57.1939
402,4,4096,462,61.6406
404,4,4096,462,56.1681
406,4,4096,462,53.01
410,4,4096,462,59.4492
412,4,4096,462,60.2775
414,4,4096,462,56.0365
418,4,4096,462,52.08
420,4,4096,462,53.8451
422,4,4096,462,58.4355
426,4,4096,462,59.3206
428,4,4096,462,55.4956
430,4,4096,462,49.9006
434,4,4096,462,47.9223
436,4,4096,462,49.4115
438,4,4096,462,53.3916
442,4,4096,462,51.9625
444,4,4096,462,53.413
446,4,4096,462,55.8051
450,4,4096,462,56.8015
452,4,4096,462,55.3044
454,4,4096,462,45.9566
458,4,4096,462,51.8817
460,4,4096,462,53.6413
2,4,4096,466,28.2005
4,4,4096,466,51.7686
6,4,4096,466,61.9453
10,4,4096,466,55.6945
12,4,4096,466,65.1891
14,4,4096,466,80.6893
18,4,4096,466,71.8266
20,4,4096,466,70.3817
22,4,4096,466,79.1556
26,4,4096,466,71.766
28,4,4096,466,79.7723
30,4,4096,466,76.2357
34,4,4096,466,67.6062
36,4,4096,466,71.5018
38,4,4096,466,81.0044
42,4,4096,466,78.6835
44,4,4096,466,62.2715
46,4,4096,466,77.8447
50,4,4096,466,67.8824
52,4,4096,466,74.0099
54,4,4096,466,66.192
58,4,4096,466,51.6461
60,4,4096,466,71.9847
62,4,4096,466,76.1003
66,4,4096,466,64.3304
68,4,4096,466,68.1771
70,4,4096,466,60.255
74,4,4096,466,68.0281
76,4,4096,466,71.3005
78,4,4096,466,69.091
82,4,4096,466,70.3423
84,4,4096,466,62.8677
86,4,4096,466,70.4688
90,4,4096,466,74.6109
92,4,4096,466,61.7369
94,4,4096,466,66.7143
98,4,4096,466,64.0242
100,4,4096,466,73.5184
102,4,4096,466,69.5588
106,4,4096,466,72.9854
108,4,4096,466,69.4628
110,4,4096,466,74.9467
114,4,4096,466,69.2656
116,4,4096,466,67.0792
118,4,4096,466,76.381
122,4,4096,466,75.6264
124,4,4096,466,75.1629
126,4,4096,466,72.1031
130,4,4096,466,74.2535
132,4,4096,466,73.3389
134,4,4096,466,75.1204
138,4,4096,466,67.9838
140,4,4096,466,58.4018
142,4,4096,466,75.5421
146,4,4096,466,74.8514
148,4,4096,466,72.2676
150,4,4096,466,72.2269
154,4,4096,466,71.7462
156,4,4096,466,65.3238
158,4,4096,466,71.5693
162,4,4096,466,66.9378
164,4,4096,466,76.2454
166,4,4096,466,71.6894
170,4,4096,466,73.7105
172,4,4096,466,73.7446
174,4,4096,466,69.4497
178,4,4096,466,74.2588
180,4,4096,466,68.839
182,4,4096,466,59.4305
186,4,4096,466,71.9306
188,4,4096,466,76.2745
190,4,4096,466,70.0608
194,4,4096,466,74.4195
196,4,4096,466,71.7994
198,4,4096,466,70.594
202,4,4096,466,72.2475
204,4,4096,466,59.9661
206,4,4096,466,63.2044
210,4,4096,466,64.4878
212,4,4096,466,62.4562
214,4,4096,466,68.5937
218,4,4096,466,70.0196
220,4,4096,466,71.0111
222,4,4096,466,71.6842
226,4,4096,466,69.097
228,4,4096,466,70.5343
230,4,4096,466,57.9182
234,4,4096,466,67.4386
236,4,4096,466,71.8048
238,4,4096,466,72.1508
242,4,4096,466,65.6323
244,4,4096,466,73.1788
246,4,4096,466,68.6557
250,4,4096,466,73.3285
252,4,4096,466,60.7856
254,4,4096,466,62.6021
258,4,4096,466,70.5126
260,4,4096,466,70.0036
262,4,4096,466,69.9188
266,4,4096,466,71.5055
268,4,4096,466,62.8437
270,4,4096,466,65.8128
274,4,4096,466,69.9267
276,4,4096,466,70.9753
278,4,4096,466,70.8091
282,4,4096,466,70.2967
284,4,4096,466,61.6187
286,4,4096,466,63.9609
290,4,4096,466,60.7308
292,4,4096,466,68.5748
294,4,4096,466,64.5129
298,4,4096,466,67.6112
300,4,4096,466,67.3006
302,4,4096,466,70.2043
306,4,4096,466,63.1271
308,4,4096,466,69.2867
310,4,4096,466,66.2516
314,4,4096,466,68.3143
316,4,4096,466,65.2903
318,4,4096,466,60.4843
322,4,4096,466,66.5918
324,4,4096,466,63.3463
326,4,4096,466,66.8685
330,4,4096,466,67.1589
332,4,4096,466,65.3654
334,4,4096,466,65.8083
338,4,4096,466,52.9961
340,4,4096,466,57.1594
342,4,4096,466,63.0037
346,4,4096,466,64.743
348,4,4096,466,62.6278
350,4,4096,466,62.7837
354,4,4096,466,62.85
356,4,4096,466,61.5722
358,4,4096,466,63.8142
362,4,4096,466,55.9172
364,4,4096,466,62.9038
366,4,4096,466,62.5494
370,4,4096,466,62.019
372,4,4096,466,55.3606
374,4,4096,466,60.0381
378,4,4096,466,62.2848
380,4,4096,466,61.2138
382,4,4096,466,53.6391
386,4,4096,466,57.8151
388,4,4096,466,59.8481
390,4,4096,466,58.961
394,4,4096,466,58.0561
396,4,4096,466,53.2374
398,4,4096,466,55.0159
402,4,4096,466,52.9888
404,4,4096,466,56.461
406,4,4096,466,59.6805
410,4,4096,466,49.2525
412,4,4096,466,58.6249
414,4,4096,466,57.3995
418,4,4096,466,51.8309
420,4,4096,466,51.6595
422,4,4096,466,55.6303
426,4,4096,466,53.531
428,4,4096,466,55.5309
430,4,4096,466,56.7191
434,4,4096,466,49.7847
436,4,4096,466,55.4916
438,4,4096,466,54.6084
442,4,4096,466,50.2976
444,4,4096,466,49.4061
446,4,4096,466,54.4424
450,4,4096,466,54.8294
452,4,4096,466,56.476
454,4,4096,466,54.823
458,4,4096,466,50.217
460,4,4096,466,51.3965
462,4,4096,466,47.5506
2,4,4096,468,28.8272
4,4,4096,468,50.5141
6,4,4096,468,62.157
10,4,4096,468,65.8266
12,4,4096,468,72.8372
14,4,4096,468,66.1515
18,4,4096,468,71.2358
20,4,4096,468,72.3466
22,4,4096,468,75.063
26,4,4096,468,75.4279
28,4,4096,468,75.4214
30,4,4096,468,78.8353
34,4,4096,468,71.9204
36,4,4096,468,71.8808
38,4,4096,468,59.3861
42,4,4096,468,66.3824
44,4,4096,468,75.3831
46,4,4096,468,80.8228
50,4,4096,468,69.0923
52,4,4096,468,65.3239
54,4,4096,468,70.2622
58,4,4096,468,73.0824
60,4,4096,468,69.6449
62,4,4096,468,75.1697
66,4,4096,468,70.5742
68,4,4096,468,75.837
70,4,4096,468,72.326
74,4,4096,468,66.0163
76,4,4096,468,62.7963
78,4,4096,468,76.0293
82,4,4096,468,71.1099
84,4,4096,468,65.1983
86,4,4096,468,71.7757
90,4,4096,468,74.561
92,4,4096,468,71.306
94,4,4096,468,65.3496
98,4,4096,468,63.5897
100,4,4096,468,70.8009
102,4,4096,468,76.6084
106,4,4096,468,72.0139
108,4,4096,468,73.8502
110,4,4096,468,76.9218
114,4,4096,468,69.9031
116,4,4096,468,74.8192
118,4,4096,468,65.1184
122,4,4096,468,69.2265
124,4,4096,468,71.5568
126,4,4096,468,78.0056
130,4,4096,468,72.8542
132,4,4096,468,75.3451
134,4,4096,468,72.4079
138,4,4096,468,72.0361
140,4,4096,468,63.0077
142,4,4096,468,69.7862
146,4,4096,468,76.4206
148,4,4096,468,69.4033
150,4,4096,468,74.2647
154,4,4096,468,70.9429
156,4,4096,468,77.3396
158,4,4096,468,74.7916
162,4,4096,468,65.2962
164,4,4096,468,66.9302
166,4,4096,468,69.314
170,4,4096,468,78.3093
172,4,4096,468,70.0361
174,4,4096,468,75.3368
178,4,4096,468,75.726
180,4,4096,468,71.1637
182,4,4096,468,68.8075
186,4,4096,468,63.4499
188,4,4096,468,64.9514
190,4,4096,468,73.3444
194,4,4096,468,77.7889
196,4,4096,468,67.9401
198,4,4096,468,75.8261
202,4,4096,468,68.8903
204,4,4096,468,72.1447
206,4,4096,468,67.603
210,4,4096,468,66.7916
212,4,4096,468,73.2918
214,4,4096,468,67.9653
218,4,4096,468,68.8855
220,4,4096,468,68.6088
222,4,4096,468,67.9375
226,4,4096,468,66.0493
228,4,4096,468,69.7563
230,4,4096,468,67.7125
234,4,4096,468,68.6046
236,4,4096,468,69.8476
238,4,4096,468,71.228
242,4,4096,468,69.3025
244,4,4096,468,65.0774
246,4,4096,468,61.6754
250,4,4096,468,73.6824
252,4,4096,468,69.9798
254,4,4096,468,70.7203
258,4,4096,468,74.3424
260,4,4096,468,71.3443
262,4,4096,468,71.2267
266,4,4096,468,71.14
268,4,4096,468,60.9368
270,4,4096,468,63.3854
274,4,4096,468,60.5117
276,4,4096,468,69.1173
278,4,4096,468,59.6868
282,4,4096,468,63.0843
284,4,4096,468,66.8636
286,4,4096,468,65.9344
290,4,4096,468,62.7218
292,4,4096,468,71.2308
294,4,4096,468,55.1105
298,4,4096,468,70.7774
300,4,4096,468,65.1891
302,4,4096,468,59.1959
306,4,4096,468,64.2736
308,4,4096,468,58.3217
310,4,4096,468,66.6978
314,4,4096,468,68.1687
316,4,4096,468,64.2028
318,4,4096,468,68.1277
322,4,4096,468,57.6145
324,4,4096,468,65.7646
326,4,4096,468,60.5188
330,4,4096,468,65.5947
332,4,4096,468,63.4226
334,4,4096,468,60.6877
338,4,4096,468,64.637
340,4,4096,468,64.9121
342,4,4096,468,56.0411
346,4,4096,468,64.694
348,4,4096,468,64.3734
350,4,4096,468,62.0888
354,4,4096,468,64.8638
356,4,4096,468,61.2246
358,4,4096,468,61.8352
362,4,4096,468,56.9824
364,4,4096,468,62.4624
366,4,4096,468,62.0619
370,4,4096,468,60.1989
372,4,4096,468,62.3504
374,4,4096,468,60.139
378,4,4096,468,57.8109
380,4,4096,468,55.0644
382,4,4096,468,61.3724
386,4,4096,468,59.7907
388,4,4096,468,58.8808
390,4,4096,468,56.4325
394,4,4096,468,62.5923
396,4,4096,468,59.0289
398,4,4096,468,51.9995
402,4,4096,468,59.425
404,4,4096,468,60.4568
406,4,4096,468,57.6933
410,4,4096,468,55.2308
412,4,4096,468,50.714
414,4,4096,468,58.9657
418,4,4096,468,51.9337
420,4,4096,468,54.9867
422,4,4096,468,51.2294
426,4,4096,468,58.222
428,4,4096,468,52.1706
430,4,4096,468,57.9775
434,4,4096,468,56.0793
436,4,4096,468,53.8317
438,4,4096,468,49.5263
442,4,4096,468,50.5489
444,4,4096,468,52.1732
446,4,4096,468,41.9586
450,4,4096,468,55.584
452,4,4096,468,54.3742
454,4,4096,468,53.2413
458,4,4096,468,46.9519
460,4,4096,468,50.9737
462,4,4096,468,51.6791
466,4,4096,468,43.3827
2,4,4096,470,23.4548
4,4,4096,470,49.0814
6,4,4096,470,61.7186
10,4,4096,470,68.1953
12,4,4096,470,74.9164
14,4,4096,470,71.895
18,4,4096,470,76.8227
20,4,4096,470,63.1815
22,4,4096,470,75.8665
26,4,4096,470,59.675
28,4,4096,470,78.2932
30,4,4096,470,73.9993
34,4,4096,470,78.5138
36,4,4096,470,75.8443
38,4,4096,470,79.5067
42,4,4096,470,84.6688
44,4,4096,470,66.637
46,4,4096,470,78.4878
50,4,4096,470,68.5952
52,4,4096,470,76.4349
54,4,4096,470,73.0649
58,4,4096,470,74.1919
60,4,4096,470,67.3524
62,4,4096,470,62.8415
66,4,4096,470,69.4142
68,4,4096,470,73.8727
70,4,4096,470,69.3373
74,4,4096,470,73.1574
76,4,4096,470,70.9538
78,4,4096,470,76.3744
82,4,4096,470,70.107
84,4,4096,470,78.8218
86,4,4096,470,62.2373
90,4,4096,470,62.8211
92,4,4096,470,71.973
94,4,4096,470,68.2384
98,4,4096,470,78.9404
100,4,4096,470,71.8281
102,4,4096,470,74.3671
106,4,4096,470,73.4734
108,4,4096,470,65.2869
110,4,4096,470,75.6305
114,4,4096,470,64.9082
116,4,4096,470,62.2346
118,4,4096,470,78.3468
122,4,4096,470,63.4416
124,4,4096,470,78.9294
126,4,4096,470,70.7923
130,4,4096,470,72.8412
132,4,4096,470,74.9288
134,4,4096,470,69.4223
138,4,4096,470,78.6268
140,4,4096,470,68.732
142,4,4096,470,78.3428
146,4,4096,470,71.4668
148,4,4096,470,66.0577
150,4,4096,470,60.4314
154,4,4096,470,73.3029
156,4,4096,470,72.5085
158,4,4096,470,74.0189
162,4,4096,470,72.1496
164,4,4096,470,65.6571
166,4,4096,470,75.9765
170,4,4096,470,70.9806
172,4,4096,470,75.4185
174,4,4096,470,72.8884
178,4,4096,470,74.8508
180,4,4096,470,70.2377
182,4,4096,470,69.2271
186,4,4096,470,70.0431
188,4,4096,470,65.9281
190,4,4096,470,74.1734
194,4,4096,470,61.338
196,4,4096,470,74.2055
198,4,4096,470,70.6375
202,4,4096,470,72.3085
204,4,4096,470,70.4877
206,4,4096,470,69.6001
210,4,4096,470,62.0436
212,4,4096,470,68.796
214,4,4096,470,71.3018
218,4,4096,470,68.9385
220,4,4096,470,71.1968
222,4,4096,470,71.2068
226,4,4096,470,61.4382
228,4,4096,470,65.3198
230,4,4096,470,70.2177
234,4,4096,470,66.423
236,4,4096,470,72.712
238,4,4096,470,68.5664
242,4,4096,470,72.9295
244,4,4096,470,70.2212
246,4,4096,470,73.6209
250,4,4096,470,68.0497
252,4,4096,470,63.7473
254,4,4096,470,66.5762
258,4,4096,470,66.52
260,4,4096,470,67.754
262,4,4096,470,59.5617
266,4,4096,470,68.0915
268,4,4096,470,69.7647
270,4,4096,470,67.8615
274,4,4096,470,69.4429
276,4,4096,470,67.6981
278,4,4096,470,72.5127
282,4,4096,470,66.2291
284,4,4096,470,69.799
286,4,4096,470,68.7454
290,4,4096,470,66.1685
292,4,4096,470,67.2966
294,4,4096,470,63.7386
298,4,4096,470,64.4645
300,4,4096,470,67.7024
302,4,4096,470,68.0014
306,4,4096,470,67.9413
308,4,4096,470,65.457
310,4,4096,470,70.4978
314,4,4096,470,63.6466
316,4,4096,470,68.9697
318,4,4096,470,59.1316
322,4,4096,470,66.3917
324,4,4096,470,68.2364
326,4,4096,470,64.0403
330,4,4096,470,67.1196
332,4,4096,470,63.7241
334,4,4096,470,63.3913
338,4,4096,470,65.9885
340,4,4096,470,63.2541
342,4,4096,470,64.7676
346,4,4096,470,65.2161
348,4,4096,470,63.5966
350,4,4096,470,63.2291
354,4,4096,470,55.9138
356,4,4096,470,63.7725
358,4,4096,470,61.65
362,4,4096,470,63.5601
364,4,4096,470,63.7737
366,4,4096,470,59.0993
370,4,4096,470,61.6453
372,4,4096,470,61.348
374,4,4096,470,58.3555
378,4,4096,470,60.5022
380,4,4096,470,60.4235
382,4,4096,470,54.0955
386,4,4096,470,62.6666
388,4,4096,470,58.0537
390,4,4096,470,59.5686
394,4,4096,470,59.5459
396,4,4096,470,47.4827
398,4,4096,470,58.1583
402,4,4096,470,61.9088
404,4,4096,470,55.8295
406,4,4096,470,58.4143
410,4,4096,470,54.5673
412,4,4096,470,58.3556
414,4,4096,470,59.1466
418,4,4096,470,57.8233
420,4,4096,470,50.0519
422,4,4096,470,55.758
426,4,4096,470,50.1731
428,4,4096,470,51.9567
430,4,4096,470,52.7083
434,4,4096,470,52.8708
436,4,4096,470,55.3027
438,4,4096,470,55.278
442,4,4096,470,55.9604
444,4,4096,470,50.709
446,4,4096,470,52.2361
450,4,4096,470,50.7181
452,4,4096,470,46.642
454,4,4096,470,52.417
458,4,4096,470,50.032
460,4,4096,470,51.3172
462,4,4096,470,48.9065
466,4,4096,470,49.2391
468,4,4096,470,43.9126
2,4,4096,474,22.2031
4,4,4096,474,47.6393
6,4,4096,474,55.2496
10,4,4096,474,70.8724
12,4,4096,474,67.2465
14,4,4096,474,80.1852
18,4,4096,474,61.384
20,4,4096,474,63.4115
22,4,4096,474,85.8087
26,4,4096,474,80.0278
28,4,4096,474,74.2594
30,4,4096,474,84.5892
34,4,4096,474,61.892
36,4,4096,474,79.6957
38,4,4096,474,73.0809
42,4,4096,474,71.4607
44,4,4096,474,83.5863
46,4,4096,474,73.7298
50,4,4096,474,75.9053
52,4,4096,474,66.6646
54,4,4096,474,67.4812
58,4,4096,474,68.3321
60,4,4096,474,69.5749
62,4,4096,474,65.9423
66,4,4096,474,67.0781
68,4,4096,474,75.7655
70,4,4096,474,69.8344
74,4,4096,474,78.0727
76,4,4096,474,64.8057
78,4,4096,474,63.9
82,4,4096,474,78.7991
84,4,4096,474,69.446
86,4,4096,474,75.1287
90,4,4096,474,76.1805
92,4,4096,474,70.5943
94,4,4096,474,75.1966
98,4,4096,474,68.8864
100,4,4096,474,66.7769
102,4,4096,474,68.1491
106,4,4096,474,72.6685
108,4,4096,474,73.3866
110,4,4096,474,74.8816
114,4,4096,474,70.6435
116,4,4096,474,64.2066
118,4,4096,474,76.122
122,4,4096,474,75.1202
124,4,4096,474,74.2354
126,4,4096,474,77.6247
130,4,4096,474,72.5201
132,4,4096,474,64.2321
134,4,4096,474,72.1422
138,4,4096,474,68.3978
140,4,4096,474,65.2483
142,4,4096,474,75.6129
146,4,4096,474,71.7302
148,4,4096,474,78.0136
150,4,4096,474,74.8111
154,4,4096,474,72.6212
156,4,4096,474,71.9974
158,4,4096,474,73.297
162,4,4096,474,67.1932
164,4,4096,474,74.1825
166,4,4096,474,75.0761
170,4,4096,474,74.7262
172,4,4096,474,75.5303
174,4,4096,474,69.3062
178,4,4096,474,74.2727
180,4,4096,474,72.6687
182,4,4096,474,72.9623
186,4,4096,474,65.9451
188,4,4096,474,64.3611
190,4,4096,474,70.2973
194,4,4096,474,74.4698
196,4,4096,474,71.1481
198,4,4096,474,73.7175
202,4,4096,474,64.9814
204,4,4096,474,63.9068
206,4,4096,474,66.039
210,4,4096,474,68.4245
212,4,4096,474,69.3425
214,4,4096,474,70.8624
218,4,4096,474,70.5896
220,4,4096,474,68.9531
222,4,4096,474,69.2576
226,4,4096,474,70.752
228,4,4096,474,63.6507
230,4,4096,474,62.1755
234,4,4096,474,63.439
236,4,4096,474,63.9537
238,4,4096,474,72.7122
242,4,4096,474,68.1963
244,4,4096,474,73.5068
246,4,4096,474,72.5627
250,4,4096,474,71.9125
252,4,4096,474,66.692
254,4,4096,474,62.1229
258,4,4096,474,67.9001
260,4,4096,474,72.1187
262,4,4096,474,69.2687
266,4,4096,474,73.4675
268,4,4096,474,68.2801
270,4,4096,474,64.5085
274,4,4096,474,68.341
276,4,4096,474,65.1418
278,4,4096,474,67.4662
282,4,4096,474,71.9745
284,4,4096,474,68.6386
286,4,4096,474,71.8632
290,4,4096,474,67.0384
292,4,4096,474,69.3819
294,4,4096,474,65.4388
298,4,4096,474,61.5625
300,4,4096,474,65.7211
302,4,4096,474,65.8504
306,4,4096,474,71.7879
308,4,4096,474,63.2095
310,4,4096,474,70.6518
314,4,4096,474,61.7357
316,4,4096,474,66.9298
318,4,4096,474,65.4775
322,4,4096,474,58.3981
324,4,4096,474,64.5685
326,4,4096,474,68.0655
330,4,4096,474,63.1646
332,4,4096,474,68.5449
334,4,4096,474,56.3833
338,4,4096,474,62.6421
340,4,4096,474,68.3556
342,4,4096,474,60.8949
346,4,4096,474,66.8153
348,4,4096,474,64.3326
350,4,4096,474,61.9414
354,4,4096,474,65.924
356,4,4096,474,58.2989
358,4,4096,474,61.6182
362,4,4096,474,60.6334
364,4,4096,474,62.8503
366,4,4096,474,60.8048
370,4,4096,474,60.5627
372,4,4096,474,62.927
374,4,4096,474,58.8647
378,4,4096,474,51.5151
380,4,4096,474,59.9825
382,4,4096,474,61.3095
386,4,4096,474,58.8256
388,4,4096,474,59.4306
390,4,4096,474,55.8953
394,4,4096,474,62.4511
396,4,4096,474,55.1984
398,4,4096,474,54.3727
402,4,4096,474,58.9022
404,4,4096,474,56.1291
406,4,4096,474,59.7565
410,4,4096,474,56.6787
412,4,4096,474,53.3518
414,4,4096,474,54.1673
418,4,4096,474,58.2232
420,4,4096,474,58.0566
422,4,4096,474,57.8294
426,4,4096,474,54.3595
428,4,4096,474,53.7794
430,4,4096,474,51.867
434,4,4096,474,53.9685
436,4,4096,474,49.7557
438,4,4096,474,55.1837
442,4,4096,474,54.2164
444,4,4096,474,56.2947
446,4,4096,474,55.8512
450,4,4096,474,55.3368
452,4,4096,474,49.3465
454,4,4096,474,52.3739
458,4,4096,474,51.1859
460,4,4096,474,51.6792
462,4,4096,474,51.775
466,4,4096,474,45.5642
468,4,4096,474,52.657
470,4,4096,474,52.7717
2,4,4096,476,26.7154
4,4,4096,476,47.7538
6,4,4096,476,58.2957
10,4,4096,476,55.6351
12,4,4096,476,64.3752
14,4,4096,476,78.1311
18,4,4096,476,71.8481
20,4,4096,476,80.0977
22,4,4096,476,81.5788
26,4,4096,476,61.3296
28,4,4096,476,79.8344
30,4,4096,476,62.3851
34,4,4096,476,71.7034
36,4,4096,476,73.2425
38,4,4096,476,72.2791
42,4,4096,476,73.2915
44,4,4096,476,79.6823
46,4,4096,476,78.2052
50,4,4096,476,68.3405
52,4,4096,476,74.352
54,4,4096,476,68.1283
58,4,4096,476,66.8896
60,4,4096,476,75.8951
62,4,4096,476,71.8287
66,4,4096,476,70.6613
68,4,4096,476,71.0126
70,4,4096,476,76.1985
74,4,4096,476,71.0305
76,4,4096,476,66.5928
78,4,4096,476,64.546
82,4,4096,476,70.9189
84,4,4096,476,68.5562
86,4,4096,476,76.7224
90,4,4096,476,70.9919
92,4,4096,476,74.185
94,4,4096,476,57.2275
98,4,4096,476,78.3527
100,4,4096,476,64.8257
102,4,4096,476,68.6131
106,4,4096,476,69.6327
108,4,4096,476,69.5759
110,4,4096,476,69.2789
114,4,4096,476,74.9238
116,4,4096,476,63.2576
118,4,4096,476,75.1723
122,4,4096,476,74.9427
124,4,4096,476,70.4522
126,4,4096,476,75.9244
130,4,4096,476,66.383
132,4,4096,476,75.5546
134,4,4096,476,70.4983
138,4,4096,476,68.9239
140,4,4096,476,66.0039
142,4,4096,476,77.6635
146,4,4096,476,67.9171
148,4,4096,476,75.1197
150,4,4096,476,59.7544
154,4,4096,476,72.3292
156,4,4096,476,74.8627
158,4,4096,476,68.461
162,4,4096,476,65.3495
164,4,4096,476,68.6744
166,4,4096,476,69.8476
170,4,4096,476,70.1262
172,4,4096,476,73.8789
174,4,4096,476,69.4774
178,4,4096,476,76.8918
180,4,4096,476,67.8778
182,4,4096,476,69.5256
186,4,4096,476,61.1158
188,4,4096,476,71.932
190,4,4096,476,63.312
194,4,4096,476,76.2215
196,4,4096,476,70.1849
198,4,4096,476,68.3939
202,4,4096,476,70.013
204,4,4096,476,71.814
206,4,4096,476,68.4706
210,4,4096,476,69.9513
212,4,4096,476,69.7941
214,4,4096,476,69.1678
218,4,4096,476,67.7798
220,4,4096,476,54.8229
222,4,4096,476,68.0437
226,4,4096,476,65.4417
228,4,4096,476,74.041
230,4,4096,476,66.6084
234,4,4096,476,71.3614
236,4,4096,476,66.1718
238,4,4096,476,74.0634
242,4,4096,476,67.1328
244,4,4096,476,66.4645
246,4,4096,476,67.5486
250,4,4096,476,74.2151
252,4,4096,476,69.8237
254,4,4096,476,73.9945
258,4,4096,476,67.2744
260,4,4096,476,71.1434
262,4,4096,476,67.4795
266,4,4096,476,62.4339
268,4,4096,476,59.0013
270,4,4096,476,73.6239
274,4,4096,476,67.164
276,4,4096,476,63.6514
278,4,4096,476,65.7995
282,4,4096,476,64.681
284,4,4096,476,67.078
286,4,4096,476,68.2555
290,4,4096,476,64.4247
292,4,4096,476,69.0829
294,4,4096,476,66.5574
298,4,4096,476,66.973
300,4,4096,476,67.637
302,4,4096,476,58.8644
306,4,4096,476,65.488
308,4,4096,476,66.5898
310,4,4096,476,67.3438
314,4,4096,476,65.1529
316,4,4096,476,66.862
318,4,4096,476,65.4676
322,4,4096,476,63.7799
324,4,4096,476,58.2762
326,4,4096,476,57.2738
330,4,4096,476,67.0375
332,4,4096,476,62.7182
334,4,4096,476,66.0086
338,4,4096,476,63.0097
340,4,4096,476,64.9795
342,4,4096,476,65.1182
346,4,4096,476,58.3823
348,4,4096,476,58.1128
350,4,4096,476,63.7077
354,4,4096,476,59.1152
356,4,4096,476,63.5815
358,4,4096,476,61.5616
362,4,4096,476,55.0481
364,4,4096,476,61.7771
366,4,4096,476,62.2291
370,4,4096,476,54.207
372,4,4096,476,58.244
374,4,4096,476,59.066
378,4,4096,476,62.3856
380,4,4096,476,52.0441
382,4,4096,476,55.7933
386,4,4096,476,61.0479
388,4,4096,476,58.2749
390,4,4096,476,60.3724
394,4,4096,476,58.4402
396,4,4096,476,60.4825
398,4,4096,476,58.6021
402,4,4096,476,51.8667
404,4,4096,476,58.5937
406,4,4096,476,55.2956
410,4,4096,476,58.0242
412,4,4096,476,56.8518
414,4,4096,476,55.0035
418,4,4096,476,56.157
420,4,4096,476,51.3173
422,4,4096,476,52.0428
426,4,4096,476,57.1581
428,4,4096,476,57.0909
430,4,4096,476,57.1466
434,4,4096,476,50.2507
436,4,4096,476,55.5548
438,4,4096,476,56.3694
442,4,4096,476,51.4584
444,4,4096,476,53.0493
446,4,4096,476,52.9884
450,4,4096,476,51.7882
452,4,4096,476,49.314
454,4,4096,476,46.4869
458,4,4096,476,48.6252
460,4,4096,476,50.1592
462,4,4096,476,51.362
466,4,4096,476,49.8919
468,4,4096,476,51.4982
470,4,4096,476,46.3192
474,4,4096,476,47.1474
2,4,4096,478,26.7342
4,4,4096,478,46.7434
6,4,4096,478,65.807
10,4,4096,478,69.345
12,4,4096,478,60.5064
14,4,4096,478,51.1081
18,4,4096,478,79.2962
20,4,4096,478,71.9137
22,4,4096,478,82.0298
26,4,4096,478,70.2897
28,4,4096,478,73.6718
30,4,4096,478,81.429
34,4,4096,478,70.1848
36,4,4096,478,79.8853
38,4,4096,478,64.4136
42,4,4096,478,72.9837
44,4,4096,478,77.601
46,4,4096,478,66.5363
50,4,4096,478,75.8874
52,4,4096,478,67.0854
54,4,4096,478,64.8447
58,4,4096,478,66.7161
60,4,4096,478,72.1826
62,4,4096,478,69.3345
66,4,4096,478,71.3167
68,4,4096,478,72.8309
70,4,4096,478,70.4332
74,4,4096,478,69.8137
76,4,4096,478,58.9966
78,4,4096,478,66.7937
82,4,4096,478,72.6011
84,4,4096,478,65.7273
86,4,4096,478,70.706
90,4,4096,478,73.2854
92,4,4096,478,72.7794
94,4,4096,478,69.8059
98,4,4096,478,74.3674
100,4,4096,478,66.3566
102,4,4096,478,75.0092
106,4,4096,478,72.5479
108,4,4096,478,64.5772
110,4,4096,478,74.1476
114,4,4096,478,69.5421
116,4,4096,478,71.8414
118,4,4096,478,68.9905
122,4,4096,478,67.0789
124,4,4096,478,64.7849
126,4,4096,478,74.1743
130,4,4096,478,62.8961
132,4,4096,478,66.5399
134,4,4096,478,68.9912
138,4,4096,478,73.604
140,4,4096,478,72.3724
142,4,4096,478,75.5756
146,4,4096,478,73.3641
148,4,4096,478,74.2815
150,4,4096,478,63.4511
154,4,4096,478,71.8395
156,4,4096,478,72.8581
158,4,4096,478,66.5669
162,4,4096,478,71.5952
164,4,4096,478,61.9248
166,4,4096,478,75.319
170,4,4096,478,70.401
172,4,4096,478,73.2863
174,4,4096,478,74.3089
178,4,4096,478,59.7476
180,4,4096,478,75.8452
182,4,4096,478,71.2142
186,4,4096,478,66.1168
188,4,4096,478,62.7293
190,4,4096,478,72.0095
194,4,4096,478,69.1812
196,4,4096,478,74.661
198,4,4096,478,69.8864
202,4,4096,478,71.1599
204,4,4096,478,72.2671
206,4,4096,478,71.1321
210,4,4096,478,62.4792
212,4,4096,478,62.9294
214,4,4096,478,69.8928
218,4,4096,478,68.453
220,4,4096,478,69.3943
222,4,4096,478,68.3087
226,4,4096,478,70.3345
228,4,4096,478,70.1314
230,4,4096,478,67.9
234,4,4096,478,59.9948
236,4,4096,478,69.4933
238,4,4096,478,63.4025
242,4,4096,478,72.508
244,4,4096,478,68.8097
246,4,4096,478,55.7203
250,4,4096,478,69.9868
252,4,4096,478,70.428
254,4,4096,478,70.6074
258,4,4096,478,71.7049
260,4,4096,478,70.4537
262,4,4096,478,68.7336
266,4,4096,478,70.7617
268,4,4096,478,62.3125
270,4,4096,478,65.5364
274,4,4096,478,68.9063
276,4,4096,478,67.1403
278,4,4096,478,69.5229
282,4,4096,478,68.6014
284,4,4096,478,69.6719
286,4,4096,478,66.9944
290,4,4096,478,70.6262
292,4,4096,478,60.2144
294,4,4096,478,68.889
298,4,4096,478,66.5403
300,4,4096,478,68.1411
302,4,4096,478,67.2191
306,4,4096,478,64.8806
308,4,4096,478,59.7165
310,4,4096,478,68.6834
314,4,4096,478,59.0707
316,4,4096,478,59.1981
318,4,4096,478,67.1424
322,4,4096,478,63.3255
324,4,4096,478,65.8637
326,4,4096,478,65.6259
330,4,4096,478,58.0892
332,4,4096,478,65.2677
334,4,4096,478,64.8676
338,4,4096,478,59.6428
340,4,4096,478,58.0729
342,4,4096,478,62.289
346,4,4096,478,65.223
348,4,4096,478,51.286
350,4,4096,478,58.8345
354,4,4096,478,63.3
356,4,4096,478,63.0877
358,4,4096,478,61.6958
362,4,4096,478,64.121
364,4,4096,478,61.976
366,4,4096,478,58.959
370,4,4096,478,56.7806
372,4,4096,478,59.4168
374,4,4096,478,61.1098
378,4,4096,478,59.4623
380,4,4096,478,55.6317
382,4,4096,478,60.5588
386,4,4096,478,61.913
388,4,4096,478,56.3609
390,4,4096,478,52.6984
394,4,4096,478,59.2424
396,4,4096,478,57.485
398,4,4096,478,61.251
402,4,4096,478,58.0252
404,4,4096,478,52.4536
406,4,4096,478,57.6347
410,4,4096,478,58.8632
412,4,4096,478,59.473
414,4,4096,478,58.687
418,4,4096,478,47.9695
420,4,4096,478,56.0854
422,4,4096,478,55.8698
426,4,4096,478,55.1367
428,4,4096,478,57.7815
430,4,4096,478,55.852
434,4,4096,478,54.7596
436,4,4096,478,56.0881
438,4,4096,478,50.7437
442,4,4096,478,43.289
444,4,4096,478,51.3768
446,4,4096,478,53.8903
450,4,4096,478,53.3864
452,4,4096,478,48.7286
454,4,4096,478,54.1254
458,4,4096,478,53.2378
460,4,4096,478,52.8193
462,4,4096,478,53.9684
466,4,4096,478,50.4972
468,4,4096,478,50.7051
470,4,4096,478,47.3045
474,4,4096,478,49.8118
476,4,4096,478,44.8372
2,4,4096,482,24.2332
4,4,4096,482,42.9188
6,4,4096,482,52.7508
10,4,4096,482,56.0385
12,4,4096,482,62.8664
14,4,4096,482,72.4789
18,4,4096,482,72.6694
20,4,4096,482,63.6548
22,4,4096,482,73.9519
26,4,4096,482,72.917
28,4,4096,482,65.8851
30,4,4096,482,66.3748
34,4,4096,482,64.9565
36,4,4096,482,79.1048
38,4,4096,482,73.5551
42,4,4096,482,76.3528
44,4,4096,482,63.5813
46,4,4096,482,70.9465
50,4,4096,482,70.4811
52,4,4096,482,71.564
54,4,4096,482,69.774
58,4,4096,482,67.3845
60,4,4096,482,70.5694
62,4,4096,482,68.3681
66,4,4096,482,58.2951
68,4,4096,482,73.3795
70,4,4096,482,71.3577
74,4,4096,482,71.9728
76,4,4096,482,71.6645
78,4,4096,482,69.8568
82,4,4096,482,71.7797
84,4,4096,482,73.6714
86,4,4096,482,56.5366
90,4,4096,482,69.1075
92,4,4096,482,72.4301
94,4,4096,482,72.5021
98,4,4096,482,71.2106
100,4,4096,482,63.5313
102,4,4096,482,73.1658
106,4,4096,482,72.0831
108,4,4096,482,67.244
110,4,4096,482,65.5582
114,4,4096,482,58.9385
116,4,4096,482,71.9259
118,4,4096,482,72.9974
122,4,4096,482,72.9044
124,4,4096,482,65.0915
126,4,4096,482,73.4292
130,4,4096,482,74.77
132,4,4096,482,73.271
134,4,4096,482,71.3531
138,4,4096,482,73.3145
140,4,4096,482,72.6297
142,4,4096,482,71.3741
146,4,4096,482,70.987
148,4,4096,482,74.4132
150,4,4096,482,72.8069
154,4,4096,482,69.74
156,4,4096,482,64.543
158,4,4096,482,70.9879
162,4,4096,482,74.3731
164,4,4096,482,66.2683
166,4,4096,482,66.8548
170,4,4096,482,63.6244
172,4,4096,482,71.759
174,4,4096,482,71.5689
178,4,4096,482,73.3478
180,4,4096,482,66.5239
182,4,4096,482,65.5339
186,4,4096,482,71.5808
188,4,4096,482,72.3302
190,4,4096,482,69.3796
194,4,4096,482,74.7515
196,4,4096,482,71.4317
198,4,4096,482,71.3803
202,4,4096,482,64.4818
204,4,4096,482,69.4903
206,4,4096,482,70.2878
210,4,4096,482,68.4627
212,4,4096,482,68.9526
214,4,4096,482,70.2495
218,4,4096,482,69.2531
220,4,4096,482,73.397
222,4,4096,482,61.2397
226,4,4096,482,62.7117
228,4,4096,482,69.8562
230,4,4096,482,65.7147
234,4,4096,482,71.0422
236,4,4096,482,65.5253
238,4,4096,482,70.5362
242,4,4096,482,68.4854
244,4,4096,482,75.2076
246,4,4096,482,60.3659
250,4,4096,482,70.2038
252,4,4096,482,64.2267
254,4,4096,482,68.8624
258,4,4096,482,69.8011
260,4,4096,482,65.2042
262,4,4096,482,67.7202
266,4,4096,482,61.8645
268,4,4096,482,70.1864
270,4,4096,482,67.2233
274,4,4096,482,71.48
276,4,4096,482,66.2402
278,4,4096,482,70.7216
282,4,4096,482,59.9564
284,4,4096,482,62.1943
286,4,4096,482,69.823
290,4,4096,482,67.747
292,4,4096,482,69.2008
294,4,4096,482,65.282
298,4,4096,482,67.9533
300,4,4096,482,64.7492
302,4,4096,482,71.6329
306,4,4096,482,60.2531
308,4,4096,482,65.2911
310,4,4096,482,66.5125
314,4,4096,482,64.7729
316,4,4096,482,67.2086
318,4,4096,482,65.4513
322,4,4096,482,64.2232
324,4,4096,482,68.3023
326,4,4096,482,59.433
330,4,4096,482,58.3563
332,4,4096,482,66.6384
334,4,4096,482,62.193
338,4,4096,482,64.6755
340,4,4096,482,58.361
342,4,4096,482,59.9028
346,4,4096,482,63.0619
348,4,4096,482,65.3017
350,4,4096,482,62.7183
354,4,4096,482,63.1497
356,4,4096,482,64.5831
358,4,4096,482,58.3129
362,4,4096,482,55.0384
364,4,4096,482,55.2829
366,4,4096,482,61.2846
370,4,4096,482,60.7538
372,4,4096,482,57.3034
374,4,4096,482,54.2617
378,4,4096,482,60.9346
380,4,4096,482,59.4075
382,4,4096,482,60.6777
386,4,4096,482,58.0758
388,4,4096,482,59.1981
390,4,4096,482,54.6056
394,4,4096,482,57.1605
396,4,4096,482,59.5239
398,4,4096,482,61.3636
402,4,4096,482,59.4983
404,4,4096,482,58.0429
406,4,4096,482,57.913
410,4,4096,482,55.2719
412,4,4096,482,52.8245
414,4,4096,482,58.7388
418,4,4096,482,58.9569
420,4,4096,482,56.8716
422,4,4096,482,51.987
426,4,4096,482,55.3052
428,4,4096,482,56.2754
430,4,4096,482,49.0235
434,4,4096,482,54.3349
436,4,4096,482,55.3813
438,4,4096,482,54.137
442,4,4096,482,53.844
444,4,4096,482,53.7295
446,4,4096,482,50.5229
450,4,4096,482,54.3346
452,4,4096,482,52.2344
454,4,4096,482,53.6403
458,4,4096,482,53.0674
460,4,4096,482,52.7503
462,4,4096,482,45.9718
466,4,4096,482,51.6313
468,4,4096,482,51.8484
470,4,4096,482,50.9336
474,4,4096,482,52.549
476,4,4096,482,51.7406
478,4,4096,482,51.9189
2,4,4096,484,20.7155
4,4,4096,484,45.2162
6,4,4096,484,62.6106
10,4,4096,484,62.4235
12,4,4096,484,59.7894
14,4,4096,484,67.7595
18,4,4096,484,70.9615
20,4,4096,484,72.1566
22,4,4096,484,80.9705
26,4,4096,484,68.5736
28,4,4096,484,64.2204
30,4,4096,484,68.5452
34,4,4096,484,79.0376
36,4,4096,484,74.9783
38,4,4096,484,75.9763
42,4,4096,484,73.0783
44,4,4096,484,76.3768
46,4,4096,484,73.0175
50,4,4096,484,51.2876
52,4,4096,484,72.1587
54,4,4096,484,71.0244
58,4,4096,484,71.3064
60,4,4096,484,69.1771
62,4,4096,484,61.4537
66,4,4096,484,72.4082
68,4,4096,484,70.8931
70,4,4096,484,66.4261
74,4,4096,484,66.9242
76,4,4096,484,61.7017
78,4,4096,484,72.3412
82,4,4096,484,71.2858
84,4,4096,484,73.9555
86,4,4096,484,70.2494
90,4,4096,484,74.8531
92,4,4096,484,68.4401
94,4,4096,484,56.9985
98,4,4096,484,72.5103
100,4,4096,484,76.5224
102,4,4096,484,75.2358
106,4,4096,484,72.8699
108,4,4096,484,65.7713
110,4,4096,484,69.3215
114,4,4096,484,72.4462
116,4,4096,484,72.5775
118,4,4096,484,73.8689
122,4,4096,484,75.1408
124,4,4096,484,75.6106
126,4,4096,484,64.727
130,4,4096,484,74.6736
132,4,4096,484,72.2194
134,4,4096,484,70.6168
138,4,4096,484,73.7833
140,4,4096,484,71.0134
142,4,4096,484,74.3438
146,4,4096,484,66.3882
148,4,4096,484,74.6606
150,4,4096,484,65.3646
154,4,4096,484,72.8072
156,4,4096,484,72.3794
158,4,4096,484,68.0443
162,4,4096,484,75.4628
164,4,4096,484,66.6571
166,4,4096,484,73.707
170,4,4096,484,73.159
172,4,4096,484,73.8624
174,4,4096,484,74.4133
178,4,4096,484,69.4925
180,4,4096,484,73.8512
182,4,4096,484,68.7342
186,4,4096,484,65.4123
188,4,4096,484,58.8866
190,4,4096,484,73.0919
194,4,4096,484,70.6436
196,4,4096,484,71.8359
198,4,4096,484,71.0471
202,4,4096,484,65.9375
204,4,4096,484,71.0446
206,4,4096,484,70.5786
210,4,4096,484,62.5979
212,4,4096,484,68.4389
214,4,4096,484,67.711
218,4,4096,484,73.279
220,4,4096,484,67.3959
222,4,4096,484,72.0627
226,4,4096,484,69.5286
228,4,4096,484,72.2888
230,4,4096,484,63.9742
234,4,4096,484,62.0647
236,4,4096,484,69.1899
238,4,4096,484,65.7528
242,4,4096,484,74.142
244,4,4096,484,67.0061
246,4,4096,484,66.1078
250,4,4096,484,70.0371
252,4,4096,484,75.457
254,4,4096,484,67.2274
258,4,4096,484,60.2528
260,4,4096,484,67.0119
262,4,4096,484,69.065
266,4,4096,484,70.0295
268,4,4096,484,62.5385
270,4,4096,484,58.1301
274,4,4096,484,68.3343
276,4,4096,484,66.0722
278,4,4096,484,70.1635
282,4,4096,484,66.3179
284,4,4096,484,69.9924
286,4,4096,484,59.6421
290,4,4096,484,62.3204
292,4,4096,484,68.482
294,4,4096,484,64.7233
298,4,4096,484,66.9028
300,4,4096,484,66.1297
302,4,4096,484,68.8978
306,4,4096,484,65.3791
308,4,4096,484,65.853
310,4,4096,484,58.5966
314,4,4096,484,65.8826
316,4,4096,484,66.8982
318,4,4096,484,65.6848
322,4,4096,484,67.5632
324,4,4096,484,64.1946
326,4,4096,484,57.2901
330,4,4096,484,58.7561
332,4,4096,484,66.5538
334,4,4096,484,63.3005
338,4,4096,484,69.2985
340,4,4096,484,62.4396
342,4,4096,484,63.1071
346,4,4096,484,67.152
348,4,4096,484,56.1919
350,4,4096,484,57.4419
354,4,4096,484,61.1943
356,4,4096,484,64.6542
358,4,4096,484,61.2067
362,4,4096,484,58.7663
364,4,4096,484,64.1364
366,4,4096,484,60.631
370,4,4096,484,54.0155
372,4,4096,484,55.4188
374,4,4096,484,64.0953
378,4,4096,484,58.5107
380,4,4096,484,58.8511
382,4,4096,484,60.0851
386,4,4096,484,62.8458
388,4,4096,484,58.0158
390,4,4096,484,47.2658
394,4,4096,484,57.2408
396,4,4096,484,60.3459
398,4,4096,484,62.4043
402,4,4096,484,56.4183
404,4,4096,484,52.4891
406,4,4096,484,57.5785
410,4,4096,484,51.4316
412,4,4096,484,57.4791
414,4,4096,484,58.7465
418,4,4096,484,59.4817
420,4,4096,484,54.5883
422,4,4096,484,48.0852
426,4,4096,484,53.6139
428,4,4096,484,51.1961
430,4,4096,484,53.2883
434,4,4096,484,52.5187
436,4,4096,484,53.4545
438,4,4096,484,55.7799
442,4,4096,484,52.4859
444,4,4096,484,50.4007
446,4,4096,484,54.4353
450,4,4096,484,57.2539
452,4,4096,484,53.7978
454,4,4096,484,53.2681
458,4,4096,484,51.6541
460,4,4096,484,51.6371
462,4,4096,484,46.3475
466,4,4096,484,50.2241
468,4,4096,484,49.8248
470,4,4096,484,50.8634
474,4,4096,484,45.4353
476,4,4096,484,53.885
478,4,4096,484,51.532
482,4,4096,484,51.8157
2,4,4096,486,24.3849
4,4,4096,486,47.1038
6,4,4096,486,58.341
10,4,4096,486,69.4899
12,4,4096,486,74.8898
14,4,4096,486,62.6288
18,4,4096,486,72.7226
20,4,4096,486,72.4028
22,4,4096,486,74.7806
26,4,4096,486,59.7655
28,4,4096,486,60.9418
30,4,4096,486,77.8536
34,4,4096,486,70.8354
36,4,4096,486,76.2248
38,4,4096,486,67.4022
42,4,4096,486,81.4621
44,4,4096,486,76.0446
46,4,4096,486,76.6273
50,4,4096,486,67.6341
52,4,4096,486,62.6081
54,4,4096,486,67.2875
58,4,4096,486,75.0025
60,4,4096,486,67.8393
62,4,4096,486,68.3104
66,4,4096,486,65.8176
68,4,4096,486,69.4114
70,4,4096,486,73.2166
74,4,4096,486,71.514
76,4,4096,486,71.6459
78,4,4096,486,74.2792
82,4,4096,486,72.9828
84,4,4096,486,74.632
86,4,4096,486,64.9617
90,4,4096,486,62.5368
92,4,4096,486,72.87
94,4,4096,486,71.1204
98,4,4096,486,72.9771
100,4,4096,486,72.5977
102,4,4096,486,74.7741
106,4,4096,486,72.0231
108,4,4096,486,60.9044
110,4,4096,486,66.7047
114,4,4096,486,73.5565
116,4,4096,486,72.5112
118,4,4096,486,73.8187
122,4,4096,486,69.6999
124,4,4096,486,73.9214
126,4,4096,486,79.247
130,4,4096,486,72.7255
132,4,4096,486,55.8601
134,4,4096,486,64.7145
138,4,4096,486,71.5373
140,4,4096,486,73.1844
142,4,4096,486,72.5073
146,4,4096,486,68.4505
148,4,4096,486,61.7777
150,4,4096,486,77.957
154,4,4096,486,69.7517
156,4,4096,486,74.7881
158,4,4096,486,70.6916
162,4,4096,486,72.9559
164,4,4096,486,72.0846
166,4,4096,486,71.5891
170,4,4096,486,71.2967
172,4,4096,486,65.4765
174,4,4096,486,73.0629
178,4,4096,486,64.8967
180,4,4096,486,77.6597
182,4,4096,486,69.1835
186,4,4096,486,71.4812
188,4,4096,486,62.3919
190,4,4096,486,69.7645
194,4,4096,486,69.3619
196,4,4096,486,72.5191
198,4,4096,486,69.4147
202,4,4096,486,63.8715
204,4,4096,486,62.118
206,4,4096,486,70.1245
210,4,4096,486,66.8603
212,4,4096,486,72.562
214,4,4096,486,66.4157
218,4,4096,486,71.9271
220,4,4096,486,63.9448
222,4,4096,486,54.9075
226,4,4096,486,65.9508
228,4,4096,486,66.4974
230,4,4096,486,67.1127
234,4,4096,486,63.1434
236,4,4096,486,53.8492
238,4,4096,486,68.5314
242,4,4096,486,65.5186
244,4,4096,486,67.5427
246,4,4096,486,57.5188
250,4,4096,486,65.9337
252,4,4096,486,71.4897
254,4,4096,486,67.8397
258,4,4096,486,61.1466
260,4,4096,486,64.8553
262,4,4096,486,63.4843
266,4,4096,486,66.5492
268,4,4096,486,68.4464
270,4,4096,486,69.7354
274,4,4096,486,59.3585
276,4,4096,486,70.8011
278,4,4096,486,68.0728
282,4,4096,486,65.5037
284,4,4096,486,59.5606
286,4,4096,486,52.2646
290,4,4096,486,58.9354
292,4,4096,486,69.5529
294,4,4096,486,67.0864
298,4,4096,486,68.4116
300,4,4096,486,60.0056
302,4,4096,486,67.4141
306,4,4096,486,60.3852
308,4,4096,486,60.7524
310,4,4096,486,62.8191
314,4,4096,486,58.5097
316,4,4096,486,67.2886
318,4,4096,486,61.1047
322,4,4096,486,62.3116
324,4,4096,486,61.9592
326,4,4096,486,53.7108
330,4,4096,486,61.3797
332,4,4096,486,66.4166
334,4,4096,486,61.9189
338,4,4096,486,62.0074
340,4,4096,486,65.2784
342,4,4096,486,64.8681
346,4,4096,486,62.2517
348,4,4096,486,58.1261
350,4,4096,486,66.4379
354,4,4096,486,60.4303
356,4,4096,486,60.2571
358,4,4096,486,66.1999
362,4,4096,486,59.245
364,4,4096,486,59.75
366,4,4096,486,59.9154
370,4,4096,486,62.7092
372,4,4096,486,61.2312
374,4,4096,486,58.4417
378,4,4096,486,61.5512
380,4,4096,486,55.9984
382,4,4096,486,56.0067
386,4,4096,486,60.343
388,4,4096,486,57.9453
390,4,4096,486,57.8172
394,4,4096,486,60.2997
396,4,4096,486,56.4199
398,4,4096,486,57.9665
402,4,4096,486,50.7156
404,4,4096,486,55.5129
406,4,4096,486,58.1711
410,4,4096,486,55.7794
412,4,4096,486,57.6497
414,4,4096,486,48.342
418,4,4096,486,58.2245
420,4,4096,486,56.8946
422,4,4096,486,56.6703
426,4,4096,486,54.4234
428,4,4096,486,55.2726
430,4,4096,486,55.3792
434,4,4096,486,51.3919
436,4,4096,486,54.5481
438,4,4096,486,50.735
442,4,4096,486,55.971
444,4,4096,486,52.4616
446,4,4096,486,54.9895
450,4,4096,486,53.4809
452,4,4096,486,48.3107
454,4,4096,486,50.8169
458,4,4096,486,53.5545
460,4,4096,486,51.7841
462,4,4096,486,54.4226
466,4,4096,486,52.5065
468,4,4096,486,51.6302
470,4,4096,486,52.3631
474,4,4096,486,41.4796
476,4,4096,486,50.4052
478,4,4096,486,51.2942
482,4,4096,486,49.9981
484,4,4096,486,47.1759
2,4,4096,490,25.6478
4,4,4096,490,35.7273
6,4,4096,490,51.7992
10,4,4096,490,61.9746
12,4,4096,490,65.45
14,4,4096,490,69.5595
18,4,4096,490,70.6381
20,4,4096,490,73.427
22,4,4096,490,72.3099
26,4,4096,490,72.3319
28,4,4096,490,68.3529
30,4,4096,490,73.0704
34,4,4096,490,65.821
36,4,4096,490,74.0232
38,4,4096,490,75.3441
42,4,4096,490,66.2044
44,4,4096,490,73.7125
46,4,4096,490,59.9044
50,4,4096,490,71.2723
52,4,4096,490,69.4461
54,4,4096,490,71.4634
58,4,4096,490,70.1845
60,4,4096,490,71.7138
62,4,4096,490,60.9819
66,4,4096,490,65.8836
68,4,4096,490,70.2053
70,4,4096,490,72.8822
74,4,4096,490,71.7712
76,4,4096,490,73.8746
78,4,4096,490,69.6973
82,4,4096,490,74.2174
84,4,4096,490,66.5594
86,4,4096,490,66.4473
90,4,4096,490,71.7205
92,4,4096,490,73.5933
94,4,4096,490,73.1029
98,4,4096,490,69.856
100,4,4096,490,74.572
102,4,4096,490,70.5157
106,4,4096,490,71.4496
108,4,4096,490,65.7368
110,4,4096,490,68.9755
114,4,4096,490,67.6316
116,4,4096,490,62.5437
118,4,4096,490,73.6134
122,4,4096,490,63.1564
124,4,4096,490,67.9736
126,4,4096,490,73.9705
130,4,4096,490,73.5285
132,4,4096,490,74.4031
134,4,4096,490,70.0231
138,4,4096,490,73.9859
140,4,4096,490,71.5576
142,4,4096,490,75.1281
146,4,4096,490,62.0855
148,4,4096,490,68.1293
150,4,4096,490,72.6429
154,4,4096,490,73.3746
156,4,4096,490,73.5131
158,4,4096,490,68.9057
162,4,4096,490,71.5572
164,4,4096,490,70.1377
166,4,4096,490,74.3235
170,4,4096,490,68.1753
172,4,4096,490,68.4449
174,4,4096,490,75.0111
178,4,4096,490,74.1903
180,4,4096,490,75.9621
182,4,4096,490,71.2559
186,4,4096,490,73.939
188,4,4096,490,68.3372
190,4,4096,490,73.6698
194,4,4096,490,68.2435
196,4,4096,490,73.71
198,4,4096,490,72.3724
202,4,4096,490,68.395
204,4,4096,490,72.901
206,4,4096,490,63.5853
210,4,4096,490,66.5411
212,4,4096,490,73.1166
214,4,4096,490,60.5
218,4,4096,490,72.8288
220,4,4096,490,67.3954
222,4,4096,490,72.8248
226,4,4096,490,68.9518
228,4,4096,490,72.4449
230,4,4096,490,68.5743
234,4,4096,490,71.666
236,4,4096,490,69.2389
238,4,4096,490,71.8621
242,4,4096,490,67.9635
244,4,4096,490,71.7042
246,4,4096,490,62.614
250,4,4096,490,65.3087
252,4,4096,490,70.6765
254,4,4096,490,70.6691
258,4,4096,490,70.8012
260,4,4096,490,65.0387
262,4,4096,490,65.0807
266,4,4096,490,70.876
268,4,4096,490,68.3816
270,4,4096,490,61.1793
274,4,4096,490,71.2624
276,4,4096,490,69.7039
278,4,4096,490,68.8586
282,4,4096,490,69.8002
284,4,4096,490,62.286
286,4,4096,490,61.0938
290,4,4096,490,67.6738
292,4,4096,490,67.7728
294,4,4096,490,66.0488
298,4,4096,490,68.0587
300,4,4096,490,69.3226
302,4,4096,490,67.7385
306,4,4096,490,66.0196
308,4,4096,490,62.2481
310,4,4096,490,68.005
314,4,4096,490,69.1482
316,4,4096,490,65.6623
318,4,4096,490,64.942
322,4,4096,490,66.9707
324,4,4096,490,66.7183
326,4,4096,490,68.3619
330,4,4096,490,59.0451
332,4,4096,490,63.9962
334,4,4096,490,66.3192
338,4,4096,490,62.748
340,4,4096,490,65.6337
342,4,4096,490,65.0237
346,4,4096,490,64.6175
348,4,4096,490,63.4517
350,4,4096,490,61.0323
354,4,4096,490,64.3649
356,4,4096,490,58.6995
358,4,4096,490,61.7507
362,4,4096,490,60.1813
364,4,4096,490,62.0739
366,4,4096,490,61.7322
370,4,4096,490,55.439
372,4,4096,490,60.3052
374,4,4096,490,59.3502
378,4,4096,490,58.0791
380,4,4096,490,61.9159
382,4,4096,490,59.8077
386,4,4096,490,56.2473
388,4,4096,490,57.3782
390,4,4096,490,51.0028
394,4,4096,490,58.55
396,4,4096,490,58.6827
398,4,4096,490,57.9555
402,4,4096,490,60.647
404,4,4096,490,58.4977
406,4,4096,490,59.0007
410,4,4096,490,51.8742
412,4,4096,490,54.0467
414,4,4096,490,51.9036
418,4,4096,490,59.8033
420,4,4096,490,57.6257
422,4,4096,490,53.6052
426,4,4096,490,56.8698
428,4,4096,490,52.7263
430,4,4096,490,52.3545
434,4,4096,490,57.3363
436,4,4096,490,55.5512
438,4,4096,490,55.911
442,4,4096,490,49.3495
444,4,4096,490,49.9711
446,4,4096,490,54.8921
450,4,4096,490,51.5718
452,4,4096,490,51.8959
454,4,4096,490,54.8951
458,4,4096,490,54.1529
460,4,4096,490,53.9331
462,4,4096,490,46.5322
466,4,4096,490,52.2519
468,4,4096,490,52.6246
470,4,4096,490,52.0891
474,4,4096,490,53.5418
476,4,4096,490,49.6848
478,4,4096,490,52.1381
482,4,4096,490,45.8669
484,4,4096,490,49.8875
486,4,4096,490,42.9845
2,4,4096,492,22.0264
4,4,4096,492,41.6148
6,4,4096,492,49.4325
10,4,4096,492,51.0167
12,4,4096,492,59.588
14,4,4096,492,63.1316
18,4,4096,492,62.2329
20,4,4096,492,71.4465
22,4,4096,492,67.4931
26,4,4096,492,71.5804
28,4,4096,492,61.0976
30,4,4096,492,54.6572
34,4,4096,492,74.1899
36,4,4096,492,67.8534
38,4,4096,492,74.0541
42,4,4096,492,79.9487
44,4,4096,492,61.3918
46,4,4096,492,64.7333
50,4,4096,492,75.2929
52,4,4096,492,67.0409
54,4,4096,492,73.2893
58,4,4096,492,61.0373
60,4,4096,492,74.8742
62,4,4096,492,67.3779
66,4,4096,492,77.713
68,4,4096,492,60.2709
70,4,4096,492,56.31
74,4,4096,492,70.5082
76,4,4096,492,67.3451
78,4,4096,492,74.9421
82,4,4096,492,70.7159
84,4,4096,492,77.5463
86,4,4096,492,68.5436
90,4,4096,492,76.3629
92,4,4096,492,62.973
94,4,4096,492,72.9163
98,4,4096,492,71.0842
100,4,4096,492,73.1427
102,4,4096,492,70.7928
106,4,4096,492,72.4688
108,4,4096,492,68.5787
110,4,4096,492,76.5252
114,4,4096,492,60.7545
116,4,4096,492,70.544
118,4,4096,492,71.1964
122,4,4096,492,76.3518
124,4,4096,492,72.2854
126,4,4096,492,66.2391
130,4,4096,492,70.0701
132,4,4096,492,71.5637
134,4,4096,492,77.768
138,4,4096,492,64.6682
140,4,4096,492,68.9184
142,4,4096,492,70.6499
146,4,4096,492,74.3016
148,4,4096,492,72.4391
150,4,4096,492,74.5935
154,4,4096,492,67.1375
156,4,4096,492,65.9338
158,4,4096,492,65.5918
162,4,4096,492,73.0502
164,4,4096,492,71.3635
166,4,4096,492,77.1308
170,4,4096,492,65.9118
172,4,4096,492,73.0309
174,4,4096,492,74.9697
178,4,4096,492,68.1693
180,4,4096,492,62.244
182,4,4096,492,69.023
186,4,4096,492,73.6167
188,4,4096,492,70.5815
190,4,4096,492,71.368
194,4,4096,492,70.3304
196,4,4096,492,73.492
198,4,4096,492,71.1108
202,4,4096,492,68.0504
204,4,4096,492,64.8584
206,4,4096,492,72.0284
210,4,4096,492,72.1089
212,4,4096,492,72.2718
214,4,4096,492,68.2022
218,4,4096,492,71.8904
220,4,4096,492,68.3159
222,4,4096,492,72.514
226,4,4096,492,56.9444
228,4,4096,492,64.3217
230,4,4096,492,71.2673
234,4,4096,492,67.6393
236,4,4096,492,68.8169
238,4,4096,492,57.1989
242,4,4096,492,64.7138
244,4,4096,492,64.5939
246,4,4096,492,72.7815
250,4,4096,492,66.98
252,4,4096,492,71.6485
254,4,4096,492,68.7243
258,4,4096,492,70.9419
260,4,4096,492,71.8175
262,4,4096,492,66.4846
266,4,4096,492,68.1834
268,4,4096,492,69.8618
270,4,4096,492,68.6199
274,4,4096,492,71.8143
276,4,4096,492,67.0422
278,4,4096,492,69.5006
282,4,4096,492,66.6596
284,4,4096,492,67.5614
286,4,4096,492,62.9595
290,4,4096,492,68.8126
292,4,4096,492,66.1748
294,4,4096,492,60.0722
298,4,4096,492,64.726
300,4,4096,492,70.4991
302,4,4096,492,65.1098
306,4,4096,492,69.5857
308,4,4096,492,55.0259
310,4,4096,492,61.2634
314,4,4096,492,69.5016
316,4,4096,492,64.393
318,4,4096,492,67.3543
322,4,4096,492,56.5643
324,4,4096,492,62.8036
326,4,4096,492,66.2155
330,4,4096,492,54.0732
332,4,4096,492,58.8813
334,4,4096,492,62.0231
338,4,4096,492,60.8742
340,4,4096,492,62.9557
342,4,4096,492,64.5407
346,4,4096,492,63.3153
348,4,4096,492,54.1072
350,4,4096,492,65.9531
354,4,4096,492,59.8812
356,4,4096,492,62.699
358,4,4096,492,61.9119
362,4,4096,492,57.725
364,4,4096,492,60.2096
366,4,4096,492,63.8165
370,4,4096,492,54.5774
372,4,4096,492,56.6044
374,4,4096,492,56.4497
378,4,4096,492,63.2771
380,4,4096,492,60.7898
382,4,4096,492,58.6933
386,4,4096,492,59.516
388,4,4096,492,60.6524
390,4,4096,492,58.6438
394,4,4096,492,52.2227
396,4,4096,492,50.7839
398,4,4096,492,51.3753
402,4,4096,492,60.1851
404,4,4096,492,56.7019
406,4,4096,492,57.1219
410,4,4096,492,59.6946
412,4,4096,492,59.4076
414,4,4096,492,53.6972
418,4,4096,492,57.0613
420,4,4096,492,54.884
422,4,4096,492,55.1462
426,4,4096,492,54.4054
428,4,4096,492,59.3583
430,4,4096,492,56.2583
434,4,4096,492,51.4206
436,4,4096,492,47.1608
438,4,4096,492,55.7364
442,4,4096,492,52.9147
444,4,4096,492,53.5621
446,4,4096,492,53.0906
450,4,4096,492,55.1232
452,4,4096,492,56.174
454,4,4096,492,49.0002
458,4,4096,492,55.1042
460,4,4096,492,49.9745
462,4,4096,492,54.0016
466,4,4096,492,50.3945
468,4,4096,492,51.8799
470,4,4096,492,47.6429
474,4,4096,492,51.1132
476,4,4096,492,51.6498
478,4,4096,492,50.7914
482,4,4096,492,51.0218
484,4,4096,492,48.7745
486,4,4096,492,49.135
490,4,4096,492,43.3743
2,4,4096,494,22.792
4,4,4096,494,44.0782
6,4,4096,494,56.2254
10,4,4096,494,61.3524
12,4,4096,494,53.6538
14,4,4096,494,64.216
18,4,4096,494,65.1712
20,4,4096,494,69.1575
22,4,4096,494,72.6543
26,4,4096,494,63.9721
28,4,4096,494,76.2092
30,4,4096,494,64.4952
34,4,4096,494,60.8474
36,4,4096,494,61.2859
38,4,4096,494,75.7917
42,4,4096,494,70.6923
44,4,4096,494,75.9959
46,4,4096,494,72.6934
50,4,4096,494,69.484
52,4,4096,494,68.6159
54,4,4096,494,68.6092
58,4,4096,494,64.438
60,4,4096,494,66.8509
62,4,4096,494,70.2779
66,4,4096,494,72.4833
68,4,4096,494,76.1091
70,4,4096,494,68.7839
74,4,4096,494,63.5223
76,4,4096,494,64.5432
78,4,4096,494,73.0207
82,4,4096,494,72.9008
84,4,4096,494,71.348
86,4,4096,494,76.2911
90,4,4096,494,71.5279
92,4,4096,494,68.8123
94,4,4096,494,70.4381
98,4,4096,494,63.4939
100,4,4096,494,76.8967
102,4,4096,494,70.5807
106,4,4096,494,72.9959
108,4,4096,494,70.7113
110,4,4096,494,75.7778
114,4,4096,494,71.9072
116,4,4096,494,73.589
118,4,4096,494,56.291
122,4,4096,494,67.8159
124,4,4096,494,73.661
126,4,4096,494,78.2682
130,4,4096,494,73.935
132,4,4096,494,74.3152
134,4,4096,494,74.6621
138,4,4096,494,70.3143
140,4,4096,494,76.3052
142,4,4096,494,62.8131
146,4,4096,494,67.8465
148,4,4096,494,74.1619
150,4,4096,494,77.2237
154,4,4096,494,66.3355
156,4,4096,494,78.3102
158,4,4096,494,63.8002
162,4,4096,494,68.2255
164,4,4096,494,71.2828
166,4,4096,494,74.5828
170,4,4096,494,69.6593
172,4,4096,494,75.8752
174,4,4096,494,68.8582
178,4,4096,494,76.8568
180,4,4096,494,63.7238
182,4,4096,494,70.8496
186,4,4096,494,69.8613
188,4,4096,494,73.7292
190,4,4096,494,69.2811
194,4,4096,494,71.1296
196,4,4096,494,74.7612
198,4,4096,494,69.5141
202,4,4096,494,74.7568
204,4,4096,494,55.4445
206,4,4096,494,69.6935
210,4,4096,494,72.0226
212,4,4096,494,72.8435
214,4,4096,494,70.096
218,4,4096,494,75.69
220,4,4096,494,68.5765
222,4,4096,494,72.7389
226,4,4096,494,52.1385
228,4,4096,494,69.3154
230,4,4096,494,74.5952
234,4,4096,494,66.7115
236,4,4096,494,73.2841
238,4,4096,494,63.4543
242,4,4096,494,55.4807
244,4,4096,494,60.5373
246,4,4096,494,51.6939
250,4,4096,494,54.6615
252,4,4096,494,63.8266
254,4,4096,494,65.7345
258,4,4096,494,61.8379
260,4,4096,494,60.8463
262,4,4096,494,62.5606
266,4,4096,494,59.9078
268,4,4096,494,60.8148
270,4,4096,494,61.7644
274,4,4096,494,54.9462
276,4,4096,494,74.4733
278,4,4096,494,63.6927
282,4,4096,494,71.1217
284,4,4096,494,66.6004
286,4,4096,494,69.66
290,4,4096,494,63.3557
292,4,4096,494,67.4282
294,4,4096,494,67.0467
298,4,4096,494,62.1632
300,4,4096,494,70.0432
302,4,4096,494,65.2721
306,4,4096,494,69.5464
308,4,4096,494,64.1781
310,4,4096,494,65.8426
314,4,4096,494,66.6244
316,4,4096,494,64.5304
318,4,4096,494,69.0999
322,4,4096,494,64.0892
324,4,4096,494,67.6299
326,4,4096,494,64.2598
330,4,4096,494,68.5917
332,4,4096,494,63.6779
334,4,4096,494,63.8661
338,4,4096,494,63.221
340,4,4096,494,60.5088
342,4,4096,494,66.4754
346,4,4096,494,61.195
348,4,4096,494,60.3916
350,4,4096,494,53.3645
354,4,4096,494,62.4951
356,4,4096,494,58.8518
358,4,4096,494,57.7947
362,4,4096,494,65.2848
364,4,4096,494,59.2216
366,4,4096,494,59.8934
370,4,4096,494,53.2758
372,4,4096,494,60.9349
374,4,4096,494,61.5553
378,4,4096,494,55.6456
380,4,4096,494,55.9178
382,4,4096,494,58.1797
386,4,4096,494,62.2994
388,4,4096,494,57.8043
390,4,4096,494,56.4039
394,4,4096,494,59.6773
396,4,4096,494,60.9192
398,4,4096,494,57.0507
402,4,4096,494,58.1107
404,4,4096,494,56.7277
406,4,4096,494,62.0162
410,4,4096,494,55.6406
412,4,4096,494,54.7883
414,4,4096,494,56.0622
418,4,4096,494,59.4886
420,4,4096,494,55.9013
422,4,4096,494,55.843
426,4,4096,494,49.3104
428,4,4096,494,50.2276
430,4,4096,494,55.4897
434,4,4096,494,56.6306
436,4,4096,494,56.7871
438,4,4096,494,56.3462
442,4,4096,494,53.9352
444,4,4096,494,54.1878
446,4,4096,494,52.6164
450,4,4096,494,49.4691
452,4,4096,494,51.6733
454,4,4096,494,53.153
458,4,4096,494,50.5774
460,4,4096,494,50.9683
462,4,4096,494,49.9583
466,4,4096,494,51.7427
468,4,4096,494,51.2241
470,4,4096,494,53.448
474,4,4096,494,45.5916
476,4,4096,494,51.1935
478,4,4096,494,52.3527
482,4,4096,494,49.8647
484,4,4096,494,51.5843
486,4,4096,494,50.4761
490,4,4096,494,49.9971
492,4,4096,494,48.3403
2,4,4096,498,19.9214
4,4,4096,498,36.6421
6,4,4096,498,51.4506
10,4,4096,498,52.3945
12,4,4096,498,63.7036
14,4,4096,498,65.4632
18,4,4096,498,60.6699
20,4,4096,498,64.036
22,4,4096,498,69.0696
26,4,4096,498,68.06
28,4,4096,498,65.9622
30,4,4096,498,73.7112
34,4,4096,498,66.337
36,4,4096,498,77.2953
38,4,4096,498,66.9091
42,4,4096,498,75.942
44,4,4096,498,67.4502
46,4,4096,498,77.3034
50,4,4096,498,62.8577
52,4,4096,498,70.6398
54,4,4096,498,65.3585
58,4,4096,498,58.9368
60,4,4096,498,74.3247
62,4,4096,498,62.4838
66,4,4096,498,71.566
68,4,4096,498,66.205
70,4,4096,498,70.0239
74,4,4096,498,67.8817
76,4,4096,498,68.6634
78,4,4096,498,68.8449
82,4,4096,498,67.4533
84,4,4096,498,76.5169
86,4,4096,498,69.6946
90,4,4096,498,71.019
92,4,4096,498,68.3612
94,4,4096,498,71.1307
98,4,4096,498,70.3301
100,4,4096,498,65.7118
102,4,4096,498,65.1554
106,4,4096,498,71.8608
108,4,4096,498,72.7161
110,4,4096,498,69.6077
114,4,4096,498,73.8557
116,4,4096,498,70.4355
118,4,4096,498,74.5923
122,4,4096,498,68.8894
124,4,4096,498,67.6871
126,4,4096,498,71.642
130,4,4096,498,72.978
132,4,4096,498,68.0555
134,4,4096,498,72.7292
138,4,4096,498,71.6874
140,4,4096,498,70.8095
142,4,4096,498,71.0944
146,4,4096,498,70.8131
148,4,4096,498,67.0834
150,4,4096,498,72.0937
154,4,4096,498,59.6295
156,4,4096,498,72.3905
158,4,4096,498,68.5488
162,4,4096,498,73.5476
164,4,4096,498,67.5329
166,4,4096,498,68.4883
170,4,4096,498,72.1695
172,4,4096,498,71.0505
174,4,4096,498,73.3218
178,4,4096,498,70.0916
180,4,4096,498,73.5846
182,4,4096,498,69.2184
186,4,4096,498,72.7785
188,4,4096,498,65.6175
190,4,4096,498,72.8921
194,4,4096,498,72.9898
196,4,4096,498,63.7795
198,4,4096,498,75.4434
202,4,4096,498,70.0489
204,4,4096,498,74.8991
206,4,4096,498,66.4242
210,4,4096,498,71.9148
212,4,4096,498,68.3824
214,4,4096,498,72.6078
218,4,4096,498,62.3263
220,4,4096,498,70.1469
222,4,4096,498,67.1309
226,4,4096,498,68.4049
228,4,4096,498,67.4229
230,4,4096,498,68.409
234,4,4096,498,66.62
236,4,4096,498,71.2055
238,4,4096,498,64.6134
242,4,4096,498,68.8702
244,4,4096,498,65.9376
246,4,4096,498,69.5693
250,4,4096,498,67.2499
252,4,4096,498,73.8747
254,4,4096,498,67.2503
258,4,4096,498,69.2814
260,4,4096,498,68.4771
262,4,4096,498,65.6434
266,4,4096,498,72.7724
268,4,4096,498,64.5365
270,4,4096,498,72.6602
274,4,4096,498,67.1655
276,4,4096,498,71.158
278,4,4096,498,59.6709
282,4,4096,498,72.4215
284,4,4096,498,65.0592
286,4,4096,498,68.096
290,4,4096,498,66.8162
292,4,4096,498,69.4036
294,4,4096,498,65.1432
298,4,4096,498,71.8206
300,4,4096,498,63.7851
302,4,4096,498,69.9436
306,4,4096,498,62.5062
308,4,4096,498,68.3727
310,4,4096,498,63.2679
314,4,4096,498,66.6557
316,4,4096,498,64.6121
318,4,4096,498,64.5074
322,4,4096,498,68.9557
324,4,4096,498,61.1609
326,4,4096,498,67.5234
330,4,4096,498,62.8523
332,4,4096,498,62.923
334,4,4096,498,67.535
338,4,4096,498,61.1282
340,4,4096,498,63.8878
342,4,4096,498,64.7734
346,4,4096,498,61.1094
348,4,4096,498,64.3941
350,4,4096,498,55.8381
354,4,4096,498,60.9629
356,4,4096,498,61.8002
358,4,4096,498,61.4949
362,4,4096,498,59.6498
364,4,4096,498,60.8075
366,4,4096,498,61.9882
370,4,4096,498,59.9092
372,4,4096,498,59.4885
374,4,4096,498,64.3685
378,4,4096,498,59.2059
380,4,4096,498,56.9544
382,4,4096,498,61.4052
386,4,4096,498,59.6096
388,4,4096,498,58.4548
390,4,4096,498,58.301
394,4,4096,498,62.2239
396,4,4096,498,60.2774
398,4,4096,498,54.5384
402,4,4096,498,57.1321
404,4,4096,498,61.7457
406,4,4096,498,56.882
410,4,4096,498,56.0445
412,4,4096,498,56.5504
414,4,4096,498,60.0667
418,4,4096,498,57.261
420,4,4096,498,49.3901
422,4,4096,498,54.939
426,4,4096,498,56.0386
428,4,4096,498,55.2032
430,4,4096,498,52.8323
434,4,4096,498,55.3924
436,4,4096,498,54.3704
438,4,4096,498,56.0019
442,4,4096,498,50.7753
444,4,4096,498,47.9353
446,4,4096,498,52.5787
450,4,4096,498,52.8017
452,4,4096,498,53.8866
454,4,4096,498,54.9089
458,4,4096,498,52.0775
460,4,4096,498,48.7047
462,4,4096,498,52.6063
466,4,4096,498,51.5351
468,4,4096,498,46.7021
470,4,4096,498,49.3051
474,4,4096,498,50.5074
476,4,4096,498,49.8802
478,4,4096,498,51.3513
482,4,4096,498,48.6887
484,4,4096,498,48.0211
486,4,4096,498,46.9411
490,4,4096,498,46.2196
492,4,4096,498,44.5901
494,4,4096,498,49.8053
2,4,4096,500,20.9357
4,4,4096,500,36.9304
6,4,4096,500,49.8377
10,4,4096,500,55.9782
12,4,4096,500,50.2796
14,4,4096,500,58.4219
18,4,4096,500,60.1388
20,4,4096,500,72.1488
22,4,4096,500,63.9875
26,4,4096,500,62.9799
28,4,4096,500,73.175
30,4,4096,500,64.8457
34,4,4096,500,75.2449
36,4,4096,500,67.9331
38,4,4096,500,70.7215
42,4,4096,500,68.053
44,4,4096,500,68.4608
46,4,4096,500,70.5949
50,4,4096,500,62.7326
52,4,4096,500,66.3681
54,4,4096,500,63.8474
58,4,4096,500,74.1341
60,4,4096,500,65.7706
62,4,4096,500,64.3232
66,4,4096,500,66.2482
68,4,4096,500,65.3833
70,4,4096,500,72.6659
74,4,4096,500,66.9963
76,4,4096,500,74.163
78,4,4096,500,58.8199
82,4,4096,500,69.1491
84,4,4096,500,69.6395
86,4,4096,500,73.1871
90,4,4096,500,68.6191
92,4,4096,500,74.735
94,4,4096,500,68.9584
98,4,4096,500,73.285
100,4,4096,500,68.2178
102,4,4096,500,75.3595
106,4,4096,500,71.9455
108,4,4096,500,74.7011
110,4,4096,500,71.5993
114,4,4096,500,70.586
116,4,4096,500,75.4991
118,4,4096,500,68.939
122,4,4096,500,69.9618
124,4,4096,500,68.0538
126,4,4096,500,75.7675
130,4,4096,500,73.6763
132,4,4096,500,73.7634
134,4,4096,500,75.1766
138,4,4096,500,70.8541
140,4,4096,500,73.6252
142,4,4096,500,72.8271
146,4,4096,500,73.611
148,4,4096,500,70.9274
150,4,4096,500,73.0431
154,4,4096,500,65.1756
156,4,4096,500,72.4522
158,4,4096,500,74.0279
162,4,4096,500,71.0747
164,4,4096,500,64.2978
166,4,4096,500,69.6671
170,4,4096,500,77.401
172,4,4096,500,67.2824
174,4,4096,500,74.6426
178,4,4096,500,72.2089
180,4,4096,500,69.6701
182,4,4096,500,74.3963
186,4,4096,500,69.5236
188,4,4096,500,72.7551
190,4,4096,500,73.7091
194,4,4096,500,69.5352
196,4,4096,500,74.2762
198,4,4096,500,70.5505
202,4,4096,500,73.2769
204,4,4096,500,70.9155
206,4,4096,500,69.7623
210,4,4096,500,72.9348
212,4,4096,500,68.246
214,4,4096,500,71.6395
218,4,4096,500,68.8407
220,4,4096,500,72.6593
222,4,4096,500,66.3722
226,4,4096,500,72.6504
228,4,4096,500,69.1946
230,4,4096,500,69.3977
234,4,4096,500,68.8643
236,4,4096,500,70.4767
238,4,4096,500,67.0389
242,4,4096,500,70.874
244,4,4096,500,67.6407
246,4,4096,500,70.0489
250,4,4096,500,58.3365
252,4,4096,500,71.7688
254,4,4096,500,67.7353
258,4,4096,500,73.0025
260,4,4096,500,68.4298
262,4,4096,500,66.9861
266,4,4096,500,72.8301
268,4,4096,500,66.0926
270,4,4096,500,70.5955
274,4,4096,500,65.453
276,4,4096,500,69.7837
278,4,4096,500,67.069
282,4,4096,500,70.9835
284,4,4096,500,69.4693
286,4,4096,500,67.3757
290,4,4096,500,68.7508
292,4,4096,500,57.1482
294,4,4096,500,67.414
298,4,4096,500,63.0611
300,4,4096,500,67.7294
302,4,4096,500,59.4615
306,4,4096,500,59.8183
308,4,4096,500,69.5311
310,4,4096,500,62.7075
314,4,4096,500,66.3422
316,4,4096,500,64.9097
318,4,4096,500,65.6647
322,4,4096,500,66.4147
324,4,4096,500,63.6495
326,4,4096,500,68.5868
330,4,4096,500,61.4057
332,4,4096,500,66.5555
334,4,4096,500,64.1182
338,4,4096,500,63.5138
340,4,4096,500,65.0022
342,4,4096,500,62.3461
346,4,4096,500,65.553
348,4,4096,500,61.2257
350,4,4096,500,62.5779
354,4,4096,500,64.3567
356,4,4096,500,61.6961
358,4,4096,500,62.216
362,4,4096,500,62.8583
364,4,4096,500,59.7067
366,4,4096,500,63.0929
370,4,4096,500,61.3468
372,4,4096,500,59.1263
374,4,4096,500,60.5722
378,4,4096,500,61.9233
380,4,4096,500,59.9843
382,4,4096,500,60.6616
386,4,4096,500,62.003
388,4,4096,500,56.9245
390,4,4096,500,61.2211
394,4,4096,500,59.7049
396,4,4096,500,57.9397
398,4,4096,500,59.7441
402,4,4096,500,59.564
404,4,4096,500,58.1414
406,4,4096,500,56.8531
410,4,4096,500,57.9087
412,4,4096,500,53.5605
414,4,4096,500,57.9755
418,4,4096,500,55.6831
420,4,4096,500,57.1821
422,4,4096,500,58.3932
426,4,4096,500,53.4135
428,4,4096,500,54.6889
430,4,4096,500,53.3564
434,4,4096,500,55.542
436,4,4096,500,56.5145
438,4,4096,500,55.7834
442,4,4096,500,55.4065
444,4,4096,500,54.1088
446,4,4096,500,54.31
450,4,4096,500,47.4112
452,4,4096,500,50.0393
454,4,4096,500,51.9428
458,4,4096,500,52.0271
460,4,4096,500,51.5331
462,4,4096,500,51.1103
466,4,4096,500,53.3717
468,4,4096,500,50.5204
470,4,4096,500,52.302
474,4,4096,500,46.5885
476,4,4096,500,52.2333
478,4,4096,500,50.6335
482,4,4096,500,49.9471
484,4,4096,500,47.6002
486,4,4096,500,48.4026
490,4,4096,500,47.6657
492,4,4096,500,47.5645
494,4,4096,500,46.1097
498,4,4096,500,46.5959
2,4,4096,502,19.3463
4,4,4096,502,37.8906
6,4,4096,502,45.2846
10,4,4096,502,55.5198
12,4,4096,502,57.7734
14,4,4096,502,52.2924
18,4,4096,502,60.9842
20,4,4096,502,72.5924
22,4,4096,502,70.6945
26,4,4096,502,62.5481
28,4,4096,502,61.2741
30,4,4096,502,66.7914
34,4,4096,502,65.7355
36,4,4096,502,74.5094
38,4,4096,502,72.9173
42,4,4096,502,68.0758
44,4,4096,502,74.9218
46,4,4096,502,70.4049
50,4,4096,502,70.687
52,4,4096,502,63.0754
54,4,4096,502,66.1899
58,4,4096,502,64.1693
60,4,4096,502,67.4336
62,4,4096,502,67.8559
66,4,4096,502,65.776
68,4,4096,502,70.6223
70,4,4096,502,67.0199
74,4,4096,502,72.7978
76,4,4096,502,66.2294
78,4,4096,502,70.6484
82,4,4096,502,64.2171
84,4,4096,502,67.9234
86,4,4096,502,76.0953
90,4,4096,502,67.2814
92,4,4096,502,74.2532
94,4,4096,502,57.5212
98,4,4096,502,74.4994
100,4,4096,502,65.8323
102,4,4096,502,77.7354
106,4,4096,502,69.0556
108,4,4096,502,75.3287
110,4,4096,502,69.4155
114,4,4096,502,70.644
116,4,4096,502,71.3575
118,4,4096,502,66.5247
122,4,4096,502,69.6356
124,4,4096,502,72.3034
126,4,4096,502,73.9338
130,4,4096,502,70.7599
132,4,4096,502,78.1881
134,4,4096,502,69.209
138,4,4096,502,61.2594
140,4,4096,502,70.5723
142,4,4096,502,72.4737
146,4,4096,502,73.6762
148,4,4096,502,72.4687
150,4,4096,502,73.3352
154,4,4096,502,69.1658
156,4,4096,502,67.1152
158,4,4096,502,67.1006
162,4,4096,502,72.4951
164,4,4096,502,71.5859
166,4,4096,502,68.7556
170,4,4096,502,74.204
172,4,4096,502,72.3641
174,4,4096,502,73.3666
178,4,4096,502,73.3076
180,4,4096,502,67.5382
182,4,4096,502,72.6895
186,4,4096,502,71.6779
188,4,4096,502,71.7297
190,4,4096,502,73.8301
194,4,4096,502,72.3646
196,4,4096,502,70.5795
198,4,4096,502,69.4278
202,4,4096,502,72.8239
204,4,4096,502,71.8126
206,4,4096,502,68.3186
210,4,4096,502,65.0112
212,4,4096,502,72.9329
214,4,4096,502,73.2747
218,4,4096,502,71.3097
220,4,4096,502,68.5167
222,4,4096,502,70.9558
226,4,4096,502,57.153
228,4,4096,502,70.8968
230,4,4096,502,69.6894
234,4,4096,502,69.4933
236,4,4096,502,69.671
238,4,4096,502,69.2133
242,4,4096,502,68.1238
244,4,4096,502,66.2545
246,4,4096,502,69.802
250,4,4096,502,68.5634
252,4,4096,502,67.2483
254,4,4096,502,70.9722
258,4,4096,502,70.4944
260,4,4096,502,67.5795
262,4,4096,502,67.8246
266,4,4096,502,70.8887
268,4,4096,502,66.2474
270,4,4096,502,72.1965
274,4,4096,502,67.424
276,4,4096,502,69.6217
278,4,4096,502,68.8933
282,4,4096,502,68.3299
284,4,4096,502,70.5728
286,4,4096,502,66.6894
290,4,4096,502,68.9207
292,4,4096,502,68.9226
294,4,4096,502,64.2061
298,4,4096,502,50.8383
300,4,4096,502,62.8826
302,4,4096,502,68.6443
306,4,4096,502,67.205
308,4,4096,502,60.7502
310,4,4096,502,67.7687
314,4,4096,502,67.4229
316,4,4096,502,66.8658
318,4,4096,502,64.9212
322,4,4096,502,62.4232
324,4,4096,502,64.243
326,4,4096,502,65.2357
330,4,4096,502,65.901
332,4,4096,502,65.4133
334,4,4096,502,63.9671
338,4,4096,502,62.0376
340,4,4096,502,64.0527
342,4,4096,502,64.8929
346,4,4096,502,64.1656
348,4,4096,502,56.8287
350,4,4096,502,61.5661
354,4,4096,502,61.2636
356,4,4096,502,62.5991
358,4,4096,502,62.4644
362,4,4096,502,56.4796
364,4,4096,502,60.6979
366,4,4096,502,63.0262
370,4,4096,502,60.7548
372,4,4096,502,59.8654
374,4,4096,502,55.0481
378,4,4096,502,58.9016
380,4,4096,502,59.7303
382,4,4096,502,60.895
386,4,4096,502,59.5839
388,4,4096,502,54.331
390,4,4096,502,56.7304
394,4,4096,502,57.3367
396,4,4096,502,60.0137
398,4,4096,502,59.5328
402,4,4096,502,56.1034
404,4,4096,502,57.7547
406,4,4096,502,56.6024
410,4,4096,502,57.6061
412,4,4096,502,57.1197
414,4,4096,502,56.9006
418,4,4096,502,55.7562
420,4,4096,502,54.737
422,4,4096,502,57.2457
426,4,4096,502,47.4554
428,4,4096,502,53.7409
430,4,4096,502,56.4812
434,4,4096,502,56.2936
436,4,4096,502,50.9465
438,4,4096,502,52.2835
442,4,4096,502,55.189
444,4,4096,502,51.9152
446,4,4096,502,53.0924
450,4,4096,502,52.3038
452,4,4096,502,52.1285
454,4,4096,502,45.8122
458,4,4096,502,50.0404
460,4,4096,502,48.0681
462,4,4096,502,50.7503
466,4,4096,502,50.7427
468,4,4096,502,47.308
470,4,4096,502,50.5074
474,4,4096,502,50.0661
476,4,4096,502,48.4627
478,4,4096,502,45.0148
482,4,4096,502,47.5607
484,4,4096,502,42.7017
486,4,4096,502,46.4927
490,4,4096,502,46.3425
492,4,4096,502,47.192
494,4,4096,502,43.304
498,4,4096,502,50.3729
500,4,4096,502,43.272
2,4,4096,506,18.598
4,4,4096,506,35.3498
6,4,4096,506,43.3436
10,4,4096,506,53.6365
12,4,4096,506,54.9308
14,4,4096,506,59.8057
18,4,4096,506,58.3472
20,4,4096,506,64.5854
22,4,4096,506,64.0805
26,4,4096,506,67.0542
28,4,4096,506,62.7027
30,4,4096,506,64.2044
34,4,4096,506,72.6631
36,4,4096,506,70.5688
38,4,4096,506,69.4135
42,4,4096,506,71.3301
44,4,4096,506,69.4045
46,4,4096,506,74.887
50,4,4096,506,64.6897
52,4,4096,506,70.6618
54,4,4096,506,68.8109
58,4,4096,506,62.1378
60,4,4096,506,60.2169
62,4,4096,506,69.8857
66,4,4096,506,68.0125
68,4,4096,506,74.4108
70,4,4096,506,63.4272
74,4,4096,506,69.3527
76,4,4096,506,67.1225
78,4,4096,506,72.8385
82,4,4096,506,66.7013
84,4,4096,506,66.4123
86,4,4096,506,64.1742
90,4,4096,506,65.6702
92,4,4096,506,73.6068
94,4,4096,506,58.7715
98,4,4096,506,75.1267
100,4,4096,506,66.5273
102,4,4096,506,75.251
106,4,4096,506,68.2782
108,4,4096,506,71.8811
110,4,4096,506,68.8187
114,4,4096,506,74.1078
116,4,4096,506,69.0243
118,4,4096,506,75.9268
122,4,4096,506,68.048
124,4,4096,506,74.7835
126,4,4096,506,66.13
130,4,4096,506,68.3611
132,4,4096,506,62.2496
134,4,4096,506,72.8507
138,4,4096,506,73.4874
140,4,4096,506,68.21
142,4,4096,506,76.3348
146,4,4096,506,68.3959
148,4,4096,506,73.3748
150,4,4096,506,67.0535
154,4,4096,506,70.0356
156,4,4096,506,70.4902
158,4,4096,506,72.6996
162,4,4096,506,70.844
164,4,4096,506,69.6626
166,4,4096,506,73.156
170,4,4096,506,71.7162
172,4,4096,506,70.4958
174,4,4096,506,67.4167
178,4,4096,506,72.6581
180,4,4096,506,71.5105
182,4,4096,506,71.0357
186,4,4096,506,70.5303
188,4,4096,506,70.5003
190,4,4096,506,72.6618
194,4,4096,506,72.0667
196,4,4096,506,73.977
198,4,4096,506,68.7048
202,4,4096,506,72.8827
204,4,4096,506,71.2117
206,4,4096,506,71.0421
210,4,4096,506,73.2455
212,4,4096,506,69.4085
214,4,4096,506,59.6469
218,4,4096,506,68.0266
220,4,4096,506,68.4608
222,4,4096,506,65.5631
226,4,4096,506,70.5227
228,4,4096,506,67.9076
230,4,4096,506,68.7549
234,4,4096,506,66.2633
236,4,4096,506,69.1297
238,4,4096,506,66.9101
242,4,4096,506,68.0174
244,4,4096,506,65.943
246,4,4096,506,66.8458
250,4,4096,506,67.6626
252,4,4096,506,66.6606
254,4,4096,506,67.7361
258,4,4096,506,71.7196
260,4,4096,506,63.2628
262,4,4096,506,68.9343
266,4,4096,506,71.4655
268,4,4096,506,68.24
270,4,4096,506,61.4156
274,4,4096,506,67.5283
276,4,4096,506,70.0403
278,4,4096,506,66.0939
282,4,4096,506,71.1571
284,4,4096,506,64.8738
286,4,4096,506,67.7218
290,4,4096,506,65.9202
292,4,4096,506,68.5755
294,4,4096,506,65.0171
298,4,4096,506,68.6166
300,4,4096,506,64.1275
302,4,4096,506,65.1602
306,4,4096,506,64.4209
308,4,4096,506,66.6096
310,4,4096,506,64.9606
314,4,4096,506,64.8972
316,4,4096,506,65.0029
318,4,4096,506,64.0704
322,4,4096,506,67.9223
324,4,4096,506,65.1392
326,4,4096,506,64.1169
330,4,4096,506,64.1328
332,4,4096,506,62.4804
334,4,4096,506,63.1729
338,4,4096,506,63.4693
340,4,4096,506,59.6569
342,4,4096,506,63.9372
346,4,4096,506,63.6369
348,4,4096,506,62.5599
350,4,4096,506,62.3767
354,4,4096,506,58.4039
356,4,4096,506,61.5462
358,4,4096,506,62.8452
362,4,4096,506,59.9724
364,4,4096,506,61.0792
366,4,4096,506,58.276
370,4,4096,506,62.2307
372,4,4096,506,59.2583
374,4,4096,506,60.1472
378,4,4096,506,59.6356
380,4,4096,506,58.7548
382,4,4096,506,58.664
386,4,4096,506,61.7591
388,4,4096,506,59.3423
390,4,4096,506,56.3123
394,4,4096,506,58.1898
396,4,4096,506,60.1257
398,4,4096,506,58.6247
402,4,4096,506,57.5727
404,4,4096,506,55.9757
406,4,4096,506,56.8674
410,4,4096,506,57.0997
412,4,4096,506,56.1817
414,4,4096,506,56.1879
418,4,4096,506,50.1348
420,4,4096,506,57.2044
422,4,4096,506,54.5619
426,4,4096,506,56.2917
428,4,4096,506,54.876
430,4,4096,506,47.407
434,4,4096,506,53.9357
436,4,4096,506,54.8865
438,4,4096,506,53.4311
442,4,4096,506,56.2171
444,4,4096,506,55.3111
446,4,4096,506,52.9237
450,4,4096,506,49.9463
452,4,4096,506,52.4752
454,4,4096,506,44.4795
458,4,4096,506,51.4409
460,4,4096,506,52.4367
462,4,4096,506,50.9793
466,4,4096,506,51.2814
468,4,4096,506,50.8916
470,4,4096,506,49.0029
474,4,4096,506,51.1468
476,4,4096,506,51.2016
478,4,4096,506,42.276
482,4,4096,506,48.9072
484,4,4096,506,47.8018
486,4,4096,506,47.7737
490,4,4096,506,43.6564
492,4,4096,506,47.1726
494,4,4096,506,46.7039
498,4,4096,506,44.8222
500,4,4096,506,44.6408
502,4,4096,506,47.9863
2,4,4096,508,16.4516
4,4,4096,508,29.7883
6,4,4096,508,46.3214
10,4,4096,508,50.5953
12,4,4096,508,57.4778
14,4,4096,508,59.2742
18,4,4096,508,60.1028
20,4,4096,508,69.1325
22,4,4096,508,54.1289
26,4,4096,508,70.2155
28,4,4096,508,61.3443
30,4,4096,508,71.5973
34,4,4096,508,63.926
36,4,4096,508,63.2935
38,4,4096,508,71.8578
42,4,4096,508,62.3703
44,4,4096,508,69.327
46,4,4096,508,66.1955
50,4,4096,508,60.2904
52,4,4096,508,68.7268
54,4,4096,508,64.8626
58,4,4096,508,64.3764
60,4,4096,508,70.1073
62,4,4096,508,63.383
66,4,4096,508,69.2433
68,4,4096,508,67.7208
70,4,4096,508,65.1525
74,4,4096,508,70.7882
76,4,4096,508,64.8373
78,4,4096,508,68.5701
82,4,4096,508,67.159
84,4,4096,508,68.9888
86,4,4096,508,71.4087
90,4,4096,508,69.2112
92,4,4096,508,68.9779
94,4,4096,508,67.1936
98,4,4096,508,62.8428
100,4,4096,508,67.4852
102,4,4096,508,72.0254
106,4,4096,508,72.3017
108,4,4096,508,68.9102
110,4,4096,508,70.0773
114,4,4096,508,68.9558
116,4,4096,508,71.7864
118,4,4096,508,62.9358
122,4,4096,508,71.5951
124,4,4096,508,69.908
126,4,4096,508,70.0938
130,4,4096,508,72.6092
132,4,4096,508,62.0297
134,4,4096,508,72.4808
138,4,4096,508,71.1989
140,4,4096,508,70.7998
142,4,4096,508,69.0145
146,4,4096,508,71.6746
148,4,4096,508,71.0022
150,4,4096,508,71.2372
154,4,4096,508,68.7507
156,4,4096,508,69.2124
158,4,4096,508,74.2039
162,4,4096,508,60.247
164,4,4096,508,72.314
166,4,4096,508,69.9613
170,4,4096,508,72.2227
172,4,4096,508,70.9381
174,4,4096,508,72.0842
178,4,4096,508,69.6427
180,4,4096,508,70.7575
182,4,4096,508,71.5802
186,4,4096,508,71.5561
188,4,4096,508,67.9549
190,4,4096,508,72.4729
194,4,4096,508,72.7766
196,4,4096,508,69.9023
198,4,4096,508,71.3714
202,4,4096,508,68.3684
204,4,4096,508,61.4298
206,4,4096,508,69.2299
210,4,4096,508,70.1501
212,4,4096,508,70.7173
214,4,4096,508,70.7677
218,4,4096,508,72.2913
220,4,4096,508,68.4224
222,4,4096,508,71.2332
226,4,4096,508,66.2852
228,4,4096,508,71.7571
230,4,4096,508,67.7947
234,4,4096,508,68.1777
236,4,4096,508,68.606
238,4,4096,508,68.6027
242,4,4096,508,68.9361
244,4,4096,508,66.8435
246,4,4096,508,57.1929
250,4,4096,508,65.0578
252,4,4096,508,67.2144
254,4,4096,508,67.0818
258,4,4096,508,70.2314
260,4,4096,508,66.8587
262,4,4096,508,67.6186
266,4,4096,508,67.1258
268,4,4096,508,68.3429
270,4,4096,508,67.0088
274,4,4096,508,69.6134
276,4,4096,508,67.2681
278,4,4096,508,69.3587
282,4,4096,508,67.1669
284,4,4096,508,67.5162
286,4,4096,508,64.7073
290,4,4096,508,67.6953
292,4,4096,508,64.8768
294,4,4096,508,67.2466
298,4,4096,508,64.4649
300,4,4096,508,69.016
302,4,4096,508,54.6342
306,4,4096,508,65.2538
308,4,4096,508,64.0641
310,4,4096,508,67.6219
314,4,4096,508,64.5369
316,4,4096,508,62.748
318,4,4096,508,65.6061
322,4,4096,508,63.935
324,4,4096,508,63.9522
326,4,4096,508,63.7239
330,4,4096,508,63.8202
332,4,4096,508,63.8223
334,4,4096,508,62.4142
338,4,4096,508,62.3324
340,4,4096,508,62.3642
342,4,4096,508,62.2764
346,4,4096,508,58.1352
348,4,4096,508,62.8349
350,4,4096,508,62.789
354,4,4096,508,63.3922
356,4,4096,508,61.4752
358,4,4096,508,63.3307
362,4,4096,508,54.3745
364,4,4096,508,58.7266
366,4,4096,508,60.2837
370,4,4096,508,59.8893
372,4,4096,508,60.433
374,4,4096,508,58.5206
378,4,4096,508,60.7374
380,4,4096,508,58.6977
382,4,4096,508,51.8135
386,4,4096,508,60.7605
388,4,4096,508,58.8382
390,4,4096,508,56.3355
394,4,4096,508,58.2548
396,4,4096,508,57.2223
398,4,4096,508,57.4473
402,4,4096,508,56.8615
404,4,4096,508,56.3703
406,4,4096,508,58.5294
410,4,4096,508,58.0443
412,4,4096,508,54.7084
414,4,4096,508,54.297
418,4,4096,508,55.3495
420,4,4096,508,52.2107
422,4,4096,508,57.8773
426,4,4096,508,53.5322
428,4,4096,508,54.7428
430,4,4096,508,54.5114
434,4,4096,508,47.1612
436,4,4096,508,55.7798
438,4,4096,508,55.731
442,4,4096,508,53.2542
444,4,4096,508,51.8389
446,4,4096,508,52.5844
450,4,4096,508,50.3356
452,4,4096,508,51.6058
454,4,4096,508,52.161
458,4,4096,508,45.2262
460,4,4096,508,53.1276
462,4,4096,508,51.6207
466,4,4096,508,52.4482
468,4,4096,508,51.1085
470,4,4096,508,53.2525
474,4,4096,508,49.9376
476,4,4096,508,51.2224
478,4,4096,508,49.3891
482,4,4096,508,43.5272
484,4,4096,508,49.8602
486,4,4096,508,49.6845
490,4,4096,508,48.7552
492,4,4096,508,44.5248
494,4,4096,508,43.7391
498,4,4096,508,46.298
500,4,4096,508,45.2521
502,4,4096,508,44.9213
506,4,4096,508,45.1447
2,4,4096,510,17.0691
4,4,4096,510,27.1252
6,4,4096,510,44.2492
10,4,4096,510,49.7548
12,4,4096,510,42.5773
14,4,4096,510,54.4301
18,4,4096,510,54.7334
20,4,4096,510,56.3512
22,4,4096,510,49.6071
26,4,4096,510,62.2212
28,4,4096,510,58.4405
30,4,4096,510,58.922
34,4,4096,510,69.2555
36,4,4096,510,69.1137
38,4,4096,510,67.9062
42,4,4096,510,62.9153
44,4,4096,510,72.5787
46,4,4096,510,69.0218
50,4,4096,510,59.6377
52,4,4096,510,62.6753
54,4,4096,510,70.5164
58,4,4096,510,65.9883
60,4,4096,510,62.5815
62,4,4096,510,65.8019
66,4,4096,510,64.6227
68,4,4096,510,64.8754
70,4,4096,510,71.9994
74,4,4096,510,64.7831
76,4,4096,510,69.7412
78,4,4096,510,67.0134
82,4,4096,510,68.6771
84,4,4096,510,71.7986
86,4,4096,510,66.645
90,4,4096,510,70.1458
92,4,4096,510,69.3803
94,4,4096,510,69.2221
98,4,4096,510,66.3808
100,4,4096,510,68.3804
102,4,4096,510,73.3088
106,4,4096,510,63.8962
108,4,4096,510,71.7467
110,4,4096,510,67.8611
114,4,4096,510,73.3031
116,4,4096,510,66.529
118,4,4096,510,71.8362
122,4,4096,510,69.7109
124,4,4096,510,72.4263
126,4,4096,510,69.5321
130,4,4096,510,66.4875
132,4,4096,510,70.9081
134,4,4096,510,71.276
138,4,4096,510,69.329
140,4,4096,510,72.2332
142,4,4096,510,60.5392
146,4,4096,510,69.9334
148,4,4096,510,70.1719
150,4,4096,510,68.1331
154,4,4096,510,67.1281
156,4,4096,510,69.4668
158,4,4096,510,69.8645
162,4,4096,510,71.536
164,4,4096,510,69.2366
166,4,4096,510,69.6913
170,4,4096,510,70.5478
172,4,4096,510,69.4834
174,4,4096,510,71.3982
178,4,4096,510,71.071
180,4,4096,510,70.8709
182,4,4096,510,66.8761
186,4,4096,510,61.3486
188,4,4096,510,68.4676
190,4,4096,510,72.4914
194,4,4096,510,70.5794
196,4,4096,510,69.1983
198,4,4096,510,69.262
202,4,4096,510,71.6203
204,4,4096,510,69.9368
206,4,4096,510,70.4749
210,4,4096,510,69.8132
212,4,4096,510,69.6915
214,4,4096,510,62.4844
218,4,4096,510,71.7779
220,4,4096,510,66.6789
222,4,4096,510,62.3777
226,4,4096,510,67.7317
228,4,4096,510,65.2079
230,4,4096,510,64.9416
234,4,4096,510,70.6106
236,4,4096,510,67.1566
238,4,4096,510,67.2828
242,4,4096,510,58.2653
244,4,4096,510,70.3274
246,4,4096,510,62.0763
250,4,4096,510,66.0275
252,4,4096,510,63.5589
254,4,4096,510,58.8493
258,4,4096,510,70.511
260,4,4096,510,64.5056
262,4,4096,510,71.2648
266,4,4096,510,65.3119
268,4,4096,510,71.1152
270,4,4096,510,65.0905
274,4,4096,510,69.1987
276,4,4096,510,63.7293
278,4,4096,510,68.6482
282,4,4096,510,64.2367
284,4,4096,510,69.2262
286,4,4096,510,64.2437
290,4,4096,510,69.6541
292,4,4096,510,63.9551
294,4,4096,510,70.6189
298,4,4096,510,59.3645
300,4,4096,510,70.1705
302,4,4096,510,64.2389
306,4,4096,510,69.5044
308,4,4096,510,63.8312
310,4,4096,510,63.0542
314,4,4096,510,62.6833
316,4,4096,510,67.0709
318,4,4096,510,61.539
322,4,4096,510,57.4195
324,4,4096,510,59.5002
326,4,4096,510,61.0897
330,4,4096,510,62.6129
332,4,4096,510,65.01
334,4,4096,510,60.8415
338,4,4096,510,59.7154
340,4,4096,510,60.9813
342,4,4096,510,61.0362
346,4,4096,510,64.2168
348,4,4096,510,62.1761
350,4,4096,510,53.1955
354,4,4096,510,59.1142
356,4,4096,510,63.1002
358,4,4096,510,59.4509
362,4,4096,510,60.4831
364,4,4096,510,54.3759
366,4,4096,510,56.2788
370,4,4096,510,58.3553
372,4,4096,510,62.8822
374,4,4096,510,55.1006
378,4,4096,510,55.4589
380,4,4096,510,55.8071
382,4,4096,510,58.1787
386,4,4096,510,61.4071
388,4,4096,510,54.9832
390,4,4096,510,55.61
394,4,4096,510,59.8827
396,4,4096,510,57.6344
398,4,4096,510,59.531
402,4,4096,510,54.398
404,4,4096,510,56.5608
406,4,4096,510,58.7896
410,4,4096,510,55.05
412,4,4096,510,55.539
414,4,4096,510,50.2407
418,4,4096,510,53.5458
420,4,4096,510,54.9747
422,4,4096,510,55.9795
426,4,4096,510,54.7411
428,4,4096,510,53.0845
430,4,4096,510,55.4
434,4,4096,510,52.7204
436,4,4096,510,52.1432
438,4,4096,510,48.432
442,4,4096,510,52.593
444,4,4096,510,48.2247
446,4,4096,510,51.9951
450,4,4096,510,48.1738
452,4,4096,510,49.3905
454,4,4096,510,50.4385
458,4,4096,510,50.2217
460,4,4096,510,50.239
462,4,4096,510,49.6995
466,4,4096,510,46.638
468,4,4096,510,48.8378
470,4,4096,510,47.8417
474,4,4096,510,42.6577
476,4,4096,510,43.7888
478,4,4096,510,47.6579
482,4,4096,510,47.5352
484,4,4096,510,42.3301
486,4,4096,510,45.4249
490,4,4096,510,46.8462
492,4,4096,510,44.5554
494,4,4096,510,46.3378
498,4,4096,510,45.2839
500,4,4096,510,47.1194
502,4,4096,510,45.7892
506,4,4096,510,43.4218
508,4,4096,510,43.7176
