threads,size,nb,ib,GFlops
8,4096,20,2,0.0
8,4096,20,4,7.6472
8,4096,20,6,9.6271
8,4096,20,8,9.5459
8,4096,20,10,9.5559
8,4096,20,12,9.7405
8,4096,20,14,9.1633
8,4096,20,16,10.4399
8,4096,20,18,8.8364
8,4096,22,2,6.4682
8,4096,22,4,9.1484
8,4096,22,6,10.8672
8,4096,22,8,12.8146
8,4096,22,10,11.9091
8,4096,22,12,14.1188
8,4096,22,14,10.3583
8,4096,22,16,14.3701
8,4096,22,18,11.9273
8,4096,22,20,10.303
8,4096,24,2,7.0913
8,4096,24,4,12.4078
8,4096,24,6,15.6025
8,4096,24,8,17.9826
8,4096,24,10,17.5013
8,4096,24,12,15.7427
8,4096,24,14,17.3178
8,4096,24,16,18.1645
8,4096,24,18,18.478
8,4096,24,20,17.4053
8,4096,24,22,19.0679
8,4096,26,2,8.1952
8,4096,26,4,13.306
8,4096,26,6,16.4624
8,4096,26,8,18.2342
8,4096,26,10,20.4744
8,4096,26,12,19.1446
8,4096,26,14,22.7079
8,4096,26,16,22.3685
8,4096,26,18,23.1305
8,4096,26,20,22.0972
8,4096,26,22,19.4655
8,4096,26,24,19.6154
8,4096,28,2,9.3854
8,4096,28,4,15.8245
8,4096,28,6,20.1721
8,4096,28,8,21.5465
8,4096,28,10,23.5544
8,4096,28,12,23.3854
8,4096,28,14,26.7272
8,4096,28,16,28.025
8,4096,28,18,24.7986
8,4096,28,20,27.4373
8,4096,28,22,27.4353
8,4096,28,24,27.6097
8,4096,28,26,28.1699
8,4096,30,2,9.4347
8,4096,30,4,16.7296
8,4096,30,6,23.1277
8,4096,30,8,26.0433
8,4096,30,10,27.3143
8,4096,30,12,27.3618
8,4096,30,14,25.6707
8,4096,30,16,33.4392
8,4096,30,18,32.2339
8,4096,30,20,33.0733
8,4096,30,22,33.7803
8,4096,30,24,32.8352
8,4096,30,26,30.1661
8,4096,30,28,33.1047
8,4096,32,2,11.9623
8,4096,32,4,20.3799
8,4096,32,6,24.0877
8,4096,32,8,30.2022
8,4096,32,10,29.6558
8,4096,32,12,34.7344
8,4096,32,14,30.91
8,4096,32,16,41.6088
8,4096,32,18,33.9538
8,4096,32,20,37.7748
8,4096,32,22,38.8781
8,4096,32,24,40.0094
8,4096,32,26,37.6155
8,4096,32,28,38.4703
8,4096,32,30,36.7031
8,4096,34,2,12.7761
8,4096,34,4,20.5715
8,4096,34,6,27.6668
8,4096,34,8,27.9952
8,4096,34,10,32.8245
8,4096,34,12,33.8489
8,4096,34,14,33.6011
8,4096,34,16,37.229
8,4096,34,18,41.4989
8,4096,34,20,42.2101
8,4096,34,22,41.4926
8,4096,34,24,43.3758
8,4096,34,26,42.1764
8,4096,34,28,41.3581
8,4096,34,30,40.6547
8,4096,34,32,41.2596
8,4096,36,2,13.9838
8,4096,36,4,23.247
8,4096,36,6,31.1363
8,4096,36,8,33.9905
8,4096,36,10,36.1138
8,4096,36,12,37.3645
8,4096,36,14,38.6118
8,4096,36,16,40.8943
8,4096,36,18,44.6158
8,4096,36,20,46.8838
8,4096,36,22,43.9262
8,4096,36,24,47.3778
8,4096,36,26,44.1603
8,4096,36,28,45.8069
8,4096,36,30,45.6371
8,4096,36,32,44.9017
8,4096,36,34,44.9316
8,4096,38,2,14.7432
8,4096,38,4,25.1255
8,4096,38,6,30.8617
8,4096,38,8,38.3967
8,4096,38,10,40.6363
8,4096,38,12,38.3906
8,4096,38,14,42.755
8,4096,38,16,46.0686
8,4096,38,18,42.2166
8,4096,38,20,50.1055
8,4096,38,22,51.0259
8,4096,38,24,48.2556
8,4096,38,26,47.7196
8,4096,38,28,49.4637
8,4096,38,30,48.9643
8,4096,38,32,51.4172
8,4096,38,34,46.3459
8,4096,38,36,48.3085
8,4096,40,2,16.1371
8,4096,40,4,28.1855
8,4096,40,6,34.0551
8,4096,40,8,42.9715
8,4096,40,10,44.188
8,4096,40,12,43.7882
8,4096,40,14,47.6209
8,4096,40,16,49.4624
8,4096,40,18,46.9269
8,4096,40,20,55.0657
8,4096,40,22,53.3025
8,4096,40,24,57.0368
8,4096,40,26,52.4185
8,4096,40,28,55.1395
8,4096,40,30,51.8395
8,4096,40,32,57.0971
8,4096,40,34,52.5338
8,4096,40,36,53.0326
8,4096,40,38,51.5144
8,4096,42,2,17.0893
8,4096,42,4,28.2671
8,4096,42,6,37.1416
8,4096,42,8,38.5369
8,4096,42,10,38.3206
8,4096,42,12,46.1632
8,4096,42,14,50.0518
8,4096,42,16,46.8196
8,4096,42,18,49.5429
8,4096,42,20,50.946
8,4096,42,22,56.6314
8,4096,42,24,56.6924
8,4096,42,26,56.1824
8,4096,42,28,55.9023
8,4096,42,30,54.3798
8,4096,42,32,56.9604
8,4096,42,34,55.6847
8,4096,42,36,56.5031
8,4096,42,38,52.4443
8,4096,42,40,56.0905
8,4096,44,2,17.5198
8,4096,44,4,31.0281
8,4096,44,6,38.247
8,4096,44,8,43.6211
8,4096,44,10,45.5861
8,4096,44,12,46.9996
8,4096,44,14,48.8929
8,4096,44,16,57.7197
8,4096,44,18,54.7995
8,4096,44,20,53.5276
8,4096,44,22,59.6191
8,4096,44,24,62.4342
8,4096,44,26,58.1204
8,4096,44,28,59.4953
8,4096,44,30,59.6871
8,4096,44,32,60.3409
8,4096,44,34,58.1848
8,4096,44,36,59.9751
8,4096,44,38,58.9542
8,4096,44,40,60.5947
8,4096,44,42,56.7301
8,4096,46,2,18.6517
8,4096,46,4,30.6841
8,4096,46,6,41.4042
8,4096,46,8,48.8898
8,4096,46,10,49.4046
8,4096,46,12,53.0771
8,4096,46,14,52.9139
8,4096,46,16,60.4969
8,4096,46,18,56.7359
8,4096,46,20,58.8575
8,4096,46,22,57.8928
8,4096,46,24,65.9237
8,4096,46,26,64.0298
8,4096,46,28,62.0902
8,4096,46,30,62.6958
8,4096,46,32,62.8845
8,4096,46,34,61.6092
8,4096,46,36,63.3368
8,4096,46,38,60.6716
8,4096,46,40,63.0433
8,4096,46,42,60.4808
8,4096,46,44,62.0954
8,4096,48,2,20.3142
8,4096,48,4,35.42
8,4096,48,6,46.4973
8,4096,48,8,54.1092
8,4096,48,10,55.1724
8,4096,48,12,52.5317
8,4096,48,14,59.2553
8,4096,48,16,64.5323
8,4096,48,18,62.7857
8,4096,48,20,63.4659
8,4096,48,22,62.8612
8,4096,48,24,74.388
8,4096,48,26,68.8242
8,4096,48,28,70.7111
8,4096,48,30,67.4013
8,4096,48,32,72.3412
8,4096,48,34,69.5793
8,4096,48,36,65.911
8,4096,48,38,68.1645
8,4096,48,40,72.2089
8,4096,48,42,66.3213
8,4096,48,44,68.9757
8,4096,48,46,65.5165
8,4096,50,2,21.0966
8,4096,50,4,35.8126
8,4096,50,6,42.6559
8,4096,50,8,50.4398
8,4096,50,10,51.4473
8,4096,50,12,55.0925
8,4096,50,14,60.4192
8,4096,50,16,64.268
8,4096,50,18,65.7554
8,4096,50,20,65.7992
8,4096,50,22,64.9324
8,4096,50,24,69.6555
8,4096,50,26,71.8003
8,4096,50,28,71.0212
8,4096,50,30,71.0685
8,4096,50,32,71.7649
8,4096,50,34,71.8769
8,4096,50,36,69.5658
8,4096,50,38,68.903
8,4096,50,40,71.2509
8,4096,50,42,71.2227
8,4096,50,44,67.6948
8,4096,50,46,61.6364
8,4096,50,48,65.9194
8,4096,52,2,21.7191
8,4096,52,4,36.028
8,4096,52,6,45.9503
8,4096,52,8,55.3348
8,4096,52,10,54.7695
8,4096,52,12,60.3838
8,4096,52,14,62.6766
8,4096,52,16,68.2453
8,4096,52,18,69.3636
8,4096,52,20,70.374
8,4096,52,22,69.7431
8,4096,52,24,73.4492
8,4096,52,26,73.0672
8,4096,52,28,77.0133
8,4096,52,30,73.7058
8,4096,52,32,75.5584
8,4096,52,34,72.6164
8,4096,52,36,72.823
8,4096,52,38,72.202
8,4096,52,40,74.4541
8,4096,52,42,71.9277
8,4096,52,44,72.7837
8,4096,52,46,70.8992
8,4096,52,48,73.4599
8,4096,52,50,69.5033
8,4096,54,2,22.4239
8,4096,54,4,36.1492
8,4096,54,6,51.7102
8,4096,54,8,58.4423
8,4096,54,10,53.9857
8,4096,54,12,62.2504
8,4096,54,14,66.9437
8,4096,54,16,70.863
8,4096,54,18,70.4582
8,4096,54,20,74.4603
8,4096,54,22,72.5108
8,4096,54,24,79.2198
8,4096,54,26,70.9318
8,4096,54,28,77.5378
8,4096,54,30,80.4249
8,4096,54,32,78.258
8,4096,54,34,75.9952
8,4096,54,36,78.0389
8,4096,54,38,78.6026
8,4096,54,40,78.9224
8,4096,54,42,77.7018
8,4096,54,44,74.3477
8,4096,54,46,75.9222
8,4096,54,48,80.3756
8,4096,54,50,72.3286
8,4096,54,52,74.0249
8,4096,56,2,23.5921
8,4096,56,4,40.5452
8,4096,56,6,50.4036
8,4096,56,8,58.3152
8,4096,56,10,62.8478
8,4096,56,12,66.9558
8,4096,56,14,69.5251
8,4096,56,16,77.9779
8,4096,56,18,68.9296
8,4096,56,20,78.6173
8,4096,56,22,78.3735
8,4096,56,24,81.2384
8,4096,56,26,73.8854
8,4096,56,28,83.5434
8,4096,56,30,83.4012
8,4096,56,32,86.831
8,4096,56,34,81.1077
8,4096,56,36,83.5713
8,4096,56,38,82.3975
8,4096,56,40,84.4813
8,4096,56,42,79.8351
8,4096,56,44,81.2266
8,4096,56,46,79.6551
8,4096,56,48,84.1184
8,4096,56,50,73.4282
8,4096,56,52,79.1613
8,4096,56,54,75.6774
8,4096,58,2,24.0355
8,4096,58,4,41.0752
8,4096,58,6,52.6086
8,4096,58,8,60.6716
8,4096,58,10,64.368
8,4096,58,12,67.8696
8,4096,58,14,67.9165
8,4096,58,16,79.0226
8,4096,58,18,71.9555
8,4096,58,20,79.5854
8,4096,58,22,81.283
8,4096,58,24,80.8413
8,4096,58,26,76.4072
8,4096,58,28,77.5227
8,4096,58,30,79.1123
8,4096,58,32,83.7119
8,4096,58,34,83.4415
8,4096,58,36,85.0766
8,4096,58,38,84.8809
8,4096,58,40,85.6538
8,4096,58,42,82.8115
8,4096,58,44,82.4822
8,4096,58,46,80.3562
8,4096,58,48,84.9756
8,4096,58,50,80.3879
8,4096,58,52,80.2338
8,4096,58,54,77.498
8,4096,58,56,75.4859
8,4096,60,2,24.7843
8,4096,60,4,42.5421
8,4096,60,6,56.2882
8,4096,60,8,63.8047
8,4096,60,10,66.4076
8,4096,60,12,71.5403
8,4096,60,14,72.0048
8,4096,60,16,79.0587
8,4096,60,18,73.7261
8,4096,60,20,81.0491
8,4096,60,22,84.5957
8,4096,60,24,85.5713
8,4096,60,26,79.5016
8,4096,60,28,80.1398
8,4096,60,30,86.9252
8,4096,60,32,89.3257
8,4096,60,34,85.7359
8,4096,60,36,87.6253
8,4096,60,38,84.7688
8,4096,60,40,89.1748
8,4096,60,42,85.3942
8,4096,60,44,88.52
8,4096,60,46,86.2031
8,4096,60,48,86.4489
8,4096,60,50,80.9624
8,4096,60,52,85.2537
8,4096,60,54,83.9847
8,4096,60,56,86.4347
8,4096,60,58,80.0674
8,4096,62,2,25.5378
8,4096,62,4,43.1146
8,4096,62,6,56.1125
8,4096,62,8,67.1628
8,4096,62,10,57.364
8,4096,62,12,70.8582
8,4096,62,14,73.7135
8,4096,62,16,86.0506
8,4096,62,18,77.7216
8,4096,62,20,77.9228
8,4096,62,22,85.2021
8,4096,62,24,88.19
8,4096,62,26,82.7999
8,4096,62,28,84.7636
8,4096,62,30,82.2989
8,4096,62,32,93.0739
8,4096,62,34,88.3112
8,4096,62,36,89.8258
8,4096,62,38,92.4748
8,4096,62,40,93.0597
8,4096,62,42,89.6315
8,4096,62,44,84.7612
8,4096,62,46,86.9105
8,4096,62,48,90.6683
8,4096,62,50,84.6051
8,4096,62,52,84.9079
8,4096,62,54,84.5797
8,4096,62,56,90.8781
8,4096,62,58,80.4191
8,4096,62,60,81.8333
8,4096,64,2,26.5618
8,4096,64,4,47.2545
8,4096,64,6,59.4153
8,4096,64,8,74.7692
8,4096,64,10,69.9226
8,4096,64,12,75.8227
8,4096,64,14,80.7793
8,4096,64,16,91.5331
8,4096,64,18,83.2101
8,4096,64,20,87.0398
8,4096,64,22,94.0353
8,4096,64,24,98.817
8,4096,64,26,87.179
8,4096,64,28,91.4354
8,4096,64,30,89.1726
8,4096,64,32,97.4927
8,4096,64,34,94.3998
8,4096,64,36,93.5136
8,4096,64,38,91.7065
8,4096,64,40,96.3766
8,4096,64,42,92.8581
8,4096,64,44,92.5233
8,4096,64,46,90.3751
8,4096,64,48,96.8684
8,4096,64,50,92.1282
8,4096,64,52,90.0606
8,4096,64,54,90.2618
8,4096,64,56,93.1407
8,4096,64,58,85.8074
8,4096,64,60,87.2485
8,4096,64,62,87.1753
8,4096,66,2,27.1035
8,4096,66,4,45.4633
8,4096,66,6,61.1297
8,4096,66,8,68.6306
8,4096,66,10,69.2066
8,4096,66,12,74.1627
8,4096,66,14,78.4056
8,4096,66,16,85.0842
8,4096,66,18,79.0573
8,4096,66,20,84.289
8,4096,66,22,78.2678
8,4096,66,24,95.7047
8,4096,66,26,86.9373
8,4096,66,28,88.5299
8,4096,66,30,89.9957
8,4096,66,32,92.1151
8,4096,66,34,93.8326
8,4096,66,36,90.9801
8,4096,66,38,92.2995
8,4096,66,40,93.8482
8,4096,66,42,92.9532
8,4096,66,44,88.0961
8,4096,66,46,88.7217
8,4096,66,48,93.5622
8,4096,66,50,91.3723
8,4096,66,52,89.7425
8,4096,66,54,87.7177
8,4096,66,56,91.8042
8,4096,66,58,87.5339
8,4096,66,60,90.1736
8,4096,66,62,87.3795
8,4096,66,64,90.4309
8,4096,68,2,27.5281
8,4096,68,4,48.2606
8,4096,68,6,59.5419
8,4096,68,8,73.0352
8,4096,68,10,72.1348
8,4096,68,12,78.5098
8,4096,68,14,82.5139
8,4096,68,16,87.856
8,4096,68,18,85.1251
8,4096,68,20,89.9706
8,4096,68,22,89.6127
8,4096,68,24,98.9432
8,4096,68,26,92.4359
8,4096,68,28,92.2593
8,4096,68,30,89.5254
8,4096,68,32,93.2132
8,4096,68,34,96.5907
8,4096,68,36,100.0317
8,4096,68,38,95.7108
8,4096,68,40,101.4649
8,4096,68,42,96.6647
8,4096,68,44,98.8394
8,4096,68,46,97.5749
8,4096,68,48,99.9887
8,4096,68,50,94.0888
8,4096,68,52,95.7615
8,4096,68,54,92.0361
8,4096,68,56,95.8396
8,4096,68,58,92.0358
8,4096,68,60,94.5707
8,4096,68,62,89.5768
8,4096,68,64,94.3573
8,4096,68,66,87.2869
8,4096,70,2,28.5948
8,4096,70,4,48.7804
8,4096,70,6,65.3326
8,4096,70,8,74.5115
8,4096,70,10,75.3573
8,4096,70,12,78.9936
8,4096,70,14,87.4394
8,4096,70,16,91.275
8,4096,70,18,92.6129
8,4096,70,20,92.0362
8,4096,70,22,93.8065
8,4096,70,24,99.6101
8,4096,70,26,94.3309
8,4096,70,28,97.2358
8,4096,70,30,94.0769
8,4096,70,32,90.056
8,4096,70,34,90.8585
8,4096,70,36,98.4108
8,4096,70,38,100.2072
8,4096,70,40,103.9242
8,4096,70,42,99.4185
8,4096,70,44,97.6766
8,4096,70,46,99.4626
8,4096,70,48,97.8194
8,4096,70,50,95.077
8,4096,70,52,95.0147
8,4096,70,54,95.7524
8,4096,70,56,98.7845
8,4096,70,58,92.7617
8,4096,70,60,93.0112
8,4096,70,62,92.5424
8,4096,70,64,95.345
8,4096,70,66,90.7522
8,4096,70,68,90.8065
8,4096,72,2,29.3699
8,4096,72,4,50.9828
8,4096,72,6,69.8966
8,4096,72,8,80.18
8,4096,72,10,76.1332
8,4096,72,12,84.4648
8,4096,72,14,85.1328
8,4096,72,16,97.347
8,4096,72,18,76.5353
8,4096,72,20,96.0769
8,4096,72,22,97.4437
8,4096,72,24,106.7322
8,4096,72,26,101.2557
8,4096,72,28,103.2739
8,4096,72,30,101.4226
8,4096,72,32,105.9327
8,4096,72,34,94.5731
8,4096,72,36,103.0894
8,4096,72,38,102.3481
8,4096,72,40,106.7706
8,4096,72,42,82.1424
8,4096,72,44,93.2506
8,4096,72,46,62.3091
8,4096,72,48,91.7992
8,4096,72,50,81.6338
8,4096,72,52,100.6433
8,4096,72,54,96.8039
8,4096,72,56,105.7216
8,4096,72,58,99.9453
8,4096,72,60,99.1277
8,4096,72,62,97.0506
8,4096,72,64,104.3033
8,4096,72,66,97.7688
8,4096,72,68,96.3161
8,4096,72,70,91.9956
8,4096,74,2,28.618
8,4096,74,4,49.1192
8,4096,74,6,64.6838
8,4096,74,8,76.5472
8,4096,74,10,74.4776
8,4096,74,12,80.9723
8,4096,74,14,85.5122
8,4096,74,16,93.8402
8,4096,74,18,86.434
8,4096,74,20,93.584
8,4096,74,22,89.9831
8,4096,74,24,97.4876
8,4096,74,26,96.5794
8,4096,74,28,93.1792
8,4096,74,30,94.7139
8,4096,74,32,101.9442
8,4096,74,34,95.9548
8,4096,74,36,94.6322
8,4096,74,38,103.2732
8,4096,74,40,106.5037
8,4096,74,42,99.3065
8,4096,74,44,101.7243
8,4096,74,46,95.7622
8,4096,74,48,96.4625
8,4096,74,50,98.6075
8,4096,74,52,98.0686
8,4096,74,54,99.3093
8,4096,74,56,98.9195
8,4096,74,58,100.1293
8,4096,74,60,97.809
8,4096,74,62,96.8819
8,4096,74,64,99.2153
8,4096,74,66,96.9895
8,4096,74,68,98.6146
8,4096,74,70,91.5021
8,4096,74,72,98.2809
8,4096,76,2,30.0212
8,4096,76,4,51.7513
8,4096,76,6,67.4102
8,4096,76,8,80.9788
8,4096,76,10,75.9862
8,4096,76,12,83.0374
8,4096,76,14,90.4214
8,4096,76,16,101.6426
8,4096,76,18,91.4702
8,4096,76,20,100.9002
8,4096,76,22,97.215
8,4096,76,24,99.2215
8,4096,76,26,100.4475
8,4096,76,28,99.5234
8,4096,76,30,101.7156
8,4096,76,32,104.7539
8,4096,76,34,100.8836
8,4096,76,36,100.3827
8,4096,76,38,103.634
8,4096,76,40,109.0963
8,4096,76,42,105.0565
8,4096,76,44,101.2032
8,4096,76,46,101.4203
8,4096,76,48,102.998
8,4096,76,50,98.9085
8,4096,76,52,104.0458
8,4096,76,54,103.0125
8,4096,76,56,104.8758
8,4096,76,58,99.7535
8,4096,76,60,102.0837
8,4096,76,62,96.4414
8,4096,76,64,99.2623
8,4096,76,66,96.9533
8,4096,76,68,93.8591
8,4096,76,70,97.868
8,4096,76,72,100.6821
8,4096,76,74,91.7921
8,4096,78,2,30.647
8,4096,78,4,50.9117
8,4096,78,6,70.1995
8,4096,78,8,83.2962
8,4096,78,10,80.5756
8,4096,78,12,84.1912
8,4096,78,14,91.2972
8,4096,78,16,100.4707
8,4096,78,18,92.3643
8,4096,78,20,97.8781
8,4096,78,22,97.8502
8,4096,78,24,100.0633
8,4096,78,26,100.0922
8,4096,78,28,103.6511
8,4096,78,30,103.4948
8,4096,78,32,108.2228
8,4096,78,34,98.5666
8,4096,78,36,99.6583
8,4096,78,38,96.5347
8,4096,78,40,107.7193
8,4096,78,42,102.2003
8,4096,78,44,107.6861
8,4096,78,46,105.4735
8,4096,78,48,106.5704
8,4096,78,50,98.9418
8,4096,78,52,101.1079
8,4096,78,54,105.6604
8,4096,78,56,107.2
8,4096,78,58,99.7387
8,4096,78,60,100.0395
8,4096,78,62,102.706
8,4096,78,64,104.0115
8,4096,78,66,96.8724
8,4096,78,68,98.96
8,4096,78,70,97.7354
8,4096,78,72,102.6574
8,4096,78,74,98.4445
8,4096,78,76,95.849
8,4096,80,2,31.2818
8,4096,80,4,55.1766
8,4096,80,6,69.0957
8,4096,80,8,83.2675
8,4096,80,10,83.4302
8,4096,80,12,90.3904
8,4096,80,14,94.3079
8,4096,80,16,109.704
8,4096,80,18,97.7709
8,4096,80,20,105.2969
8,4096,80,22,104.5399
8,4096,80,24,107.8826
8,4096,80,26,97.3644
8,4096,80,28,103.3441
8,4096,80,30,104.9309
8,4096,80,32,114.1024
8,4096,80,34,104.1248
8,4096,80,36,105.6718
8,4096,80,38,98.3984
8,4096,80,40,113.0455
8,4096,80,42,109.2772
8,4096,80,44,110.7393
8,4096,80,46,106.3374
8,4096,80,48,107.5292
8,4096,80,50,106.7901
8,4096,80,52,108.604
8,4096,80,54,96.3785
8,4096,80,56,97.5926
8,4096,80,58,93.1713
8,4096,80,60,105.2532
8,4096,80,62,101.823
8,4096,80,64,110.5833
8,4096,80,66,101.6284
8,4096,80,68,101.5463
8,4096,80,70,100.9623
8,4096,80,72,103.2879
8,4096,80,74,101.9839
8,4096,80,76,101.1519
8,4096,80,78,94.9661
8,4096,82,2,31.8389
8,4096,82,4,54.9301
8,4096,82,6,73.3571
8,4096,82,8,81.1978
8,4096,82,10,79.1853
8,4096,82,12,87.3314
8,4096,82,14,96.4563
8,4096,82,16,103.3207
8,4096,82,18,95.3561
8,4096,82,20,97.2576
8,4096,82,22,103.4706
8,4096,82,24,109.4335
8,4096,82,26,94.9997
8,4096,82,28,106.035
8,4096,82,30,109.4261
8,4096,82,32,112.3666
8,4096,82,34,105.2243
8,4096,82,36,102.6948
8,4096,82,38,102.8949
8,4096,82,40,106.7248
8,4096,82,42,113.0556
8,4096,82,44,109.9943
8,4096,82,46,109.5495
8,4096,82,48,107.4438
8,4096,82,50,106.3734
8,4096,82,52,108.5773
8,4096,82,54,110.6587
8,4096,82,56,108.6321
8,4096,82,58,105.4963
8,4096,82,60,104.7152
8,4096,82,62,107.274
8,4096,82,64,108.7642
8,4096,82,66,101.1083
8,4096,82,68,104.0879
8,4096,82,70,100.0429
8,4096,82,72,105.0221
8,4096,82,74,101.3484
8,4096,82,76,104.3543
8,4096,82,78,101.364
8,4096,82,80,100.4185
8,4096,84,2,31.9696
8,4096,84,4,56.8749
8,4096,84,6,74.6879
8,4096,84,8,84.8046
8,4096,84,10,80.4067
8,4096,84,12,93.5596
8,4096,84,14,98.4918
8,4096,84,16,103.1936
8,4096,84,18,92.5041
8,4096,84,20,99.5277
8,4096,84,22,105.7721
8,4096,84,24,112.0384
8,4096,84,26,99.9464
8,4096,84,28,108.85
8,4096,84,30,109.5777
8,4096,84,32,109.1982
8,4096,84,34,105.9881
8,4096,84,36,104.0673
8,4096,84,38,108.3936
8,4096,84,40,112.0148
8,4096,84,42,106.9308
8,4096,84,44,115.4852
8,4096,84,46,111.9069
8,4096,84,48,114.9281
8,4096,84,50,101.5048
8,4096,84,52,111.243
8,4096,84,54,107.8061
8,4096,84,56,113.3581
8,4096,84,58,97.8238
8,4096,84,60,108.2132
8,4096,84,62,105.4973
8,4096,84,64,110.4987
8,4096,84,66,80.3989
8,4096,84,68,102.0898
8,4096,84,70,102.7615
8,4096,84,72,107.7197
8,4096,84,74,103.8028
8,4096,84,76,101.49
8,4096,84,78,98.5072
8,4096,84,80,103.3395
8,4096,84,82,94.9976
8,4096,86,2,32.7042
8,4096,86,4,57.2823
8,4096,86,6,74.6015
8,4096,86,8,85.8341
8,4096,86,10,83.4035
8,4096,86,12,90.374
8,4096,86,14,96.7853
8,4096,86,16,108.5733
8,4096,86,18,97.3463
8,4096,86,20,103.072
8,4096,86,22,106.8733
8,4096,86,24,109.6162
8,4096,86,26,103.6254
8,4096,86,28,106.1303
8,4096,86,30,105.8827
8,4096,86,32,107.6816
8,4096,86,34,108.0985
8,4096,86,36,112.6603
8,4096,86,38,108.9351
8,4096,86,40,109.7798
8,4096,86,42,104.2184
8,4096,86,44,114.6227
8,4096,86,46,116.6287
8,4096,86,48,109.1446
8,4096,86,50,107.7417
8,4096,86,52,111.7577
8,4096,86,54,114.0288
8,4096,86,56,112.5083
8,4096,86,58,104.7497
8,4096,86,60,111.4606
8,4096,86,62,112.0572
8,4096,86,64,111.3176
8,4096,86,66,106.3976
8,4096,86,68,107.3639
8,4096,86,70,109.6216
8,4096,86,72,109.9083
8,4096,86,74,105.6102
8,4096,86,76,100.4443
8,4096,86,78,102.8711
8,4096,86,80,105.8687
8,4096,86,82,104.2101
8,4096,86,84,102.0134
8,4096,88,2,33.7106
8,4096,88,4,59.0542
8,4096,88,6,75.647
8,4096,88,8,93.7283
8,4096,88,10,89.0534
8,4096,88,12,93.5048
8,4096,88,14,99.7945
8,4096,88,16,112.0593
8,4096,88,18,100.7912
8,4096,88,20,107.965
8,4096,88,22,108.9745
8,4096,88,24,117.5478
8,4096,88,26,106.9443
8,4096,88,28,105.8516
8,4096,88,30,111.1751
8,4096,88,32,119.5014
8,4096,88,34,112.2022
8,4096,88,36,111.1347
8,4096,88,38,104.4849
8,4096,88,40,119.1344
8,4096,88,42,109.6065
8,4096,88,44,113.7753
8,4096,88,46,112.3545
8,4096,88,48,123.559
8,4096,88,50,113.9416
8,4096,88,52,112.2635
8,4096,88,54,112.6994
8,4096,88,56,120.0414
8,4096,88,58,107.4221
8,4096,88,60,114.2867
8,4096,88,62,109.8739
8,4096,88,64,116.6566
8,4096,88,66,107.6378
8,4096,88,68,112.1875
8,4096,88,70,104.3207
8,4096,88,72,116.322
8,4096,88,74,105.9795
8,4096,88,76,109.0924
8,4096,88,78,108.3342
8,4096,88,80,103.7642
8,4096,88,82,102.4071
8,4096,88,84,102.1291
8,4096,88,86,101.7794
8,4096,90,2,33.6354
8,4096,90,4,58.7941
8,4096,90,6,77.8365
8,4096,90,8,86.7632
8,4096,90,10,85.5382
8,4096,90,12,92.7804
8,4096,90,14,98.9775
8,4096,90,16,106.5594
8,4096,90,18,103.8273
8,4096,90,20,108.8788
8,4096,90,22,107.0639
8,4096,90,24,115.7183
8,4096,90,26,104.7196
8,4096,90,28,109.2423
8,4096,90,30,114.9221
8,4096,90,32,117.1765
8,4096,90,34,108.047
8,4096,90,36,106.4353
8,4096,90,38,108.2468
8,4096,90,40,116.2145
8,4096,90,42,107.5913
8,4096,90,44,110.3569
8,4096,90,46,111.7739
8,4096,90,48,117.5724
8,4096,90,50,112.758
8,4096,90,52,109.4964
8,4096,90,54,114.3353
8,4096,90,56,111.4627
8,4096,90,58,111.8645
8,4096,90,60,107.9277
8,4096,90,62,110.0944
8,4096,90,64,109.5563
8,4096,90,66,108.0027
8,4096,90,68,108.1177
8,4096,90,70,110.6242
8,4096,90,72,114.5102
8,4096,90,74,98.5098
8,4096,90,76,104.6511
8,4096,90,78,108.0343
8,4096,90,80,107.3406
8,4096,90,82,103.1755
8,4096,90,84,95.4519
8,4096,90,86,96.6374
8,4096,90,88,104.837
8,4096,92,2,33.8281
8,4096,92,4,58.8786
8,4096,92,6,74.5241
8,4096,92,8,88.0596
8,4096,92,10,84.9255
8,4096,92,12,92.5662
8,4096,92,14,100.6396
8,4096,92,16,108.1109
8,4096,92,18,99.9394
8,4096,92,20,110.2771
8,4096,92,22,110.3404
8,4096,92,24,115.8872
8,4096,92,26,106.0245
8,4096,92,28,111.8065
8,4096,92,30,109.8423
8,4096,92,32,116.8261
8,4096,92,34,111.6744
8,4096,92,36,114.7965
8,4096,92,38,115.9402
8,4096,92,40,111.8258
8,4096,92,42,104.5039
8,4096,92,44,111.4688
8,4096,92,46,116.7489
8,4096,92,48,114.7253
8,4096,92,50,111.396
8,4096,92,52,116.8216
8,4096,92,54,114.6934
8,4096,92,56,109.9012
8,4096,92,58,110.0265
8,4096,92,60,105.388
8,4096,92,62,110.6962
8,4096,92,64,113.1435
8,4096,92,66,110.4285
8,4096,92,68,111.8296
8,4096,92,70,106.0235
8,4096,92,72,111.2685
8,4096,92,74,108.185
8,4096,92,76,111.2953
8,4096,92,78,103.653
8,4096,92,80,107.8972
8,4096,92,82,106.9315
8,4096,92,84,106.758
8,4096,92,86,85.7904
8,4096,92,88,109.5773
8,4096,92,90,101.0489
8,4096,94,2,34.3502
8,4096,94,4,59.4924
8,4096,94,6,78.3373
8,4096,94,8,92.7927
8,4096,94,10,87.3173
8,4096,94,12,94.5176
8,4096,94,14,102.6167
8,4096,94,16,112.3838
8,4096,94,18,100.1327
8,4096,94,20,110.7287
8,4096,94,22,112.1242
8,4096,94,24,106.3216
8,4096,94,26,108.796
8,4096,94,28,112.5866
8,4096,94,30,112.4939
8,4096,94,32,115.5749
8,4096,94,34,97.7359
8,4096,94,36,112.1431
8,4096,94,38,111.5504
8,4096,94,40,114.0516
8,4096,94,42,112.6393
8,4096,94,44,113.9792
8,4096,94,46,108.1927
8,4096,94,48,122.9005
8,4096,94,50,115.8899
8,4096,94,52,108.6092
8,4096,94,54,119.091
8,4096,94,56,120.9683
8,4096,94,58,113.0338
8,4096,94,60,114.8537
8,4096,94,62,117.6496
8,4096,94,64,114.0481
8,4096,94,66,115.3078
8,4096,94,68,113.4628
8,4096,94,70,110.1799
8,4096,94,72,116.1163
8,4096,94,74,108.6821
8,4096,94,76,108.6266
8,4096,94,78,106.1506
8,4096,94,80,113.6337
8,4096,94,82,108.8031
8,4096,94,84,101.1265
8,4096,94,86,105.689
8,4096,94,88,110.7265
8,4096,94,90,104.5766
8,4096,94,92,100.8378
8,4096,96,2,35.0393
8,4096,96,4,59.4882
8,4096,96,6,83.2486
8,4096,96,8,99.0799
8,4096,96,10,93.1059
8,4096,96,12,98.4982
8,4096,96,14,108.1826
8,4096,96,16,119.856
8,4096,96,18,105.3005
8,4096,96,20,113.3857
8,4096,96,22,117.3332
8,4096,96,24,121.2155
8,4096,96,26,113.8554
8,4096,96,28,112.1933
8,4096,96,30,111.7827
8,4096,96,32,126.4231
8,4096,96,34,118.635
8,4096,96,36,118.392
8,4096,96,38,118.2469
8,4096,96,40,123.7254
8,4096,96,42,113.0536
8,4096,96,44,118.871
8,4096,96,46,115.475
8,4096,96,48,123.3918
8,4096,96,50,116.4593
8,4096,96,52,115.475
8,4096,96,54,114.7656
8,4096,96,56,125.9089
8,4096,96,58,115.7199
8,4096,96,60,120.9114
8,4096,96,62,115.822
8,4096,96,64,121.1931
8,4096,96,66,117.4198
8,4096,96,68,115.231
8,4096,96,70,116.5462
8,4096,96,72,117.1922
8,4096,96,74,113.7276
8,4096,96,76,114.3275
8,4096,96,78,113.7372
8,4096,96,80,114.5925
8,4096,96,82,108.4123
8,4096,96,84,107.2934
8,4096,96,86,106.4907
8,4096,96,88,108.2149
8,4096,96,90,108.8799
8,4096,96,92,107.3215
8,4096,96,94,104.1522
8,4096,98,2,35.2327
8,4096,98,4,61.909
8,4096,98,6,79.7034
8,4096,98,8,93.9731
8,4096,98,10,92.2718
8,4096,98,12,97.8296
8,4096,98,14,103.8136
8,4096,98,16,112.5628
8,4096,98,18,102.4332
8,4096,98,20,108.7058
8,4096,98,22,110.0922
8,4096,98,24,117.3667
8,4096,98,26,110.5579
8,4096,98,28,115.5495
8,4096,98,30,115.1362
8,4096,98,32,114.7121
8,4096,98,34,113.7521
8,4096,98,36,116.2104
8,4096,98,38,113.4847
8,4096,98,40,123.6956
8,4096,98,42,116.3226
8,4096,98,44,107.5353
8,4096,98,46,105.7628
8,4096,98,48,117.712
8,4096,98,50,117.207
8,4096,98,52,118.3694
8,4096,98,54,119.8025
8,4096,98,56,116.8133
8,4096,98,58,119.839
8,4096,98,60,116.1996
8,4096,98,62,112.7482
8,4096,98,64,116.9005
8,4096,98,66,115.7266
8,4096,98,68,110.4265
8,4096,98,70,113.7564
8,4096,98,72,117.6937
8,4096,98,74,109.8786
8,4096,98,76,112.5879
8,4096,98,78,113.5666
8,4096,98,80,110.0253
8,4096,98,82,111.2518
8,4096,98,84,110.9027
8,4096,98,86,105.0609
8,4096,98,88,107.7475
8,4096,98,90,108.2529
8,4096,98,92,108.0633
8,4096,98,94,99.6921
8,4096,98,96,108.3687
8,4096,100,2,35.5473
8,4096,100,4,61.7529
8,4096,100,6,80.0614
8,4096,100,8,93.651
8,4096,100,10,89.8997
8,4096,100,12,97.9448
8,4096,100,14,100.2718
8,4096,100,16,117.63
8,4096,100,18,106.6557
8,4096,100,20,114.4663
8,4096,100,22,113.2336
8,4096,100,24,116.7003
8,4096,100,26,114.7563
8,4096,100,28,110.9402
8,4096,100,30,113.9194
8,4096,100,32,121.7787
8,4096,100,34,116.3356
8,4096,100,36,120.1955
8,4096,100,38,113.8931
8,4096,100,40,113.5086
8,4096,100,42,118.9746
8,4096,100,44,118.1562
8,4096,100,46,115.3776
8,4096,100,48,122.4976
8,4096,100,50,120.3584
8,4096,100,52,119.7447
8,4096,100,54,120.5544
8,4096,100,56,119.9388
8,4096,100,58,118.1132
8,4096,100,60,121.0051
8,4096,100,62,111.9167
8,4096,100,64,120.2785
8,4096,100,66,108.1842
8,4096,100,68,116.9706
8,4096,100,70,117.0257
8,4096,100,72,116.1148
8,4096,100,74,113.1787
8,4096,100,76,115.2087
8,4096,100,78,110.112
8,4096,100,80,116.116
8,4096,100,82,112.1555
8,4096,100,84,106.2776
8,4096,100,86,107.2836
8,4096,100,88,113.5024
8,4096,100,90,106.176
8,4096,100,92,107.4822
8,4096,100,94,105.6104
8,4096,100,96,109.0359
8,4096,100,98,102.0274
8,4096,102,2,34.9079
8,4096,102,4,61.279
8,4096,102,6,83.5484
8,4096,102,8,99.1282
8,4096,102,10,90.9654
8,4096,102,12,102.2483
8,4096,102,14,108.3683
8,4096,102,16,115.305
8,4096,102,18,105.2134
8,4096,102,20,111.1835
8,4096,102,22,118.8812
8,4096,102,24,120.43
8,4096,102,26,117.8949
8,4096,102,28,118.1132
8,4096,102,30,115.1836
8,4096,102,32,121.8075
8,4096,102,34,118.8297
8,4096,102,36,114.118
8,4096,102,38,115.6903
8,4096,102,40,121.6313
8,4096,102,42,111.4836
8,4096,102,44,118.9295
8,4096,102,46,112.5114
8,4096,102,48,123.4154
8,4096,102,50,113.9123
8,4096,102,52,111.5897
8,4096,102,54,115.835
8,4096,102,56,107.9092
8,4096,102,58,113.6815
8,4096,102,60,119.7629
8,4096,102,62,113.8266
8,4096,102,64,118.005
8,4096,102,66,115.7022
8,4096,102,68,118.5656
8,4096,102,70,116.4936
8,4096,102,72,119.8966
8,4096,102,74,114.4545
8,4096,102,76,113.7368
8,4096,102,78,116.8136
8,4096,102,80,114.7121
8,4096,102,82,111.9174
8,4096,102,84,112.6716
8,4096,102,86,110.6296
8,4096,102,88,112.9402
8,4096,102,90,110.2228
8,4096,102,92,108.5058
8,4096,102,94,104.645
8,4096,102,96,109.9134
8,4096,102,98,102.9914
8,4096,102,100,103.3944
8,4096,104,2,36.0339
8,4096,104,4,64.3824
8,4096,104,6,82.3897
8,4096,104,8,101.6202
8,4096,104,10,92.6784
8,4096,104,12,105.4473
8,4096,104,14,104.853
8,4096,104,16,117.6035
8,4096,104,18,111.3145
8,4096,104,20,116.0904
8,4096,104,22,118.0364
8,4096,104,24,129.0643
8,4096,104,26,116.4065
8,4096,104,28,117.3571
8,4096,104,30,120.9674
8,4096,104,32,127.0783
8,4096,104,34,111.7385
8,4096,104,36,127.7868
8,4096,104,38,118.4515
8,4096,104,40,131.7394
8,4096,104,42,121.2256
8,4096,104,44,119.0317
8,4096,104,46,117.3855
8,4096,104,48,126.7674
8,4096,104,50,117.6744
8,4096,104,52,121.8163
8,4096,104,54,119.1529
8,4096,104,56,128.7028
8,4096,104,58,118.3944
8,4096,104,60,124.4505
8,4096,104,62,119.5369
8,4096,104,64,123.5018
8,4096,104,66,121.0442
8,4096,104,68,117.8675
8,4096,104,70,119.7161
8,4096,104,72,127.6302
8,4096,104,74,111.2078
8,4096,104,76,119.249
8,4096,104,78,113.6316
8,4096,104,80,121.9818
8,4096,104,82,118.0746
8,4096,104,84,113.6582
8,4096,104,86,114.2578
8,4096,104,88,119.8849
8,4096,104,90,107.995
8,4096,104,92,113.7155
8,4096,104,94,110.9938
8,4096,104,96,110.1771
8,4096,104,98,110.5575
8,4096,104,100,110.1641
8,4096,104,102,108.0245
8,4096,106,2,36.9544
8,4096,106,4,63.7168
8,4096,106,6,83.4741
8,4096,106,8,97.6875
8,4096,106,10,89.881
8,4096,106,12,100.9562
8,4096,106,14,106.2808
8,4096,106,16,107.9047
8,4096,106,18,111.9509
8,4096,106,20,109.9527
8,4096,106,22,115.6778
8,4096,106,24,123.3379
8,4096,106,26,112.93
8,4096,106,28,112.7856
8,4096,106,30,121.7415
8,4096,106,32,124.2422
8,4096,106,34,112.5404
8,4096,106,36,118.0
8,4096,106,38,115.4545
8,4096,106,40,127.3959
8,4096,106,42,116.518
8,4096,106,44,116.6559
8,4096,106,46,116.2912
8,4096,106,48,124.1338
8,4096,106,50,114.2411
8,4096,106,52,120.6421
8,4096,106,54,117.8824
8,4096,106,56,122.8794
8,4096,106,58,124.0243
8,4096,106,60,119.3692
8,4096,106,62,122.143
8,4096,106,64,120.5951
8,4096,106,66,118.1394
8,4096,106,68,118.7986
8,4096,106,70,114.1333
8,4096,106,72,121.7054
8,4096,106,74,119.8982
8,4096,106,76,107.5479
8,4096,106,78,117.2247
8,4096,106,80,117.5599
8,4096,106,82,114.0071
8,4096,106,84,115.9346
8,4096,106,86,111.6826
8,4096,106,88,114.7297
8,4096,106,90,114.7327
8,4096,106,92,112.5336
8,4096,106,94,108.7673
8,4096,106,96,114.3303
8,4096,106,98,112.7431
8,4096,106,100,107.7952
8,4096,106,102,104.3475
8,4096,106,104,110.2812
8,4096,108,2,36.0065
8,4096,108,4,64.0149
8,4096,108,6,86.6657
8,4096,108,8,101.1523
8,4096,108,10,97.7638
8,4096,108,12,106.2333
8,4096,108,14,113.9194
8,4096,108,16,116.8429
8,4096,108,18,112.6781
8,4096,108,20,116.8833
8,4096,108,22,116.8267
8,4096,108,24,126.6381
8,4096,108,26,112.8265
8,4096,108,28,120.4557
8,4096,108,30,118.6015
8,4096,108,32,127.7417
8,4096,108,34,114.4747
8,4096,108,36,125.8154
8,4096,108,38,123.0118
8,4096,108,40,125.2549
8,4096,108,42,122.8498
8,4096,108,44,121.8765
8,4096,108,46,126.2243
8,4096,108,48,121.4005
8,4096,108,50,121.2832
8,4096,108,52,120.9253
8,4096,108,54,115.6148
8,4096,108,56,127.4493
8,4096,108,58,116.3567
8,4096,108,60,124.7756
8,4096,108,62,119.4624
8,4096,108,64,120.2998
8,4096,108,66,118.7294
8,4096,108,68,116.4592
8,4096,108,70,124.3017
8,4096,108,72,124.0609
8,4096,108,74,120.2289
8,4096,108,76,121.226
8,4096,108,78,116.7763
8,4096,108,80,120.7019
8,4096,108,82,112.3288
8,4096,108,84,117.4094
8,4096,108,86,114.7591
8,4096,108,88,119.0163
8,4096,108,90,111.216
8,4096,108,92,116.1434
8,4096,108,94,114.0221
8,4096,108,96,112.693
8,4096,108,98,98.8091
8,4096,108,100,112.7559
8,4096,108,102,104.6945
8,4096,108,104,109.4079
8,4096,108,106,101.4483
8,4096,110,2,36.9039
8,4096,110,4,64.5794
8,4096,110,6,85.5247
8,4096,110,8,102.7189
8,4096,110,10,94.52
8,4096,110,12,104.7802
8,4096,110,14,113.5513
8,4096,110,16,119.8009
8,4096,110,18,109.0832
8,4096,110,20,116.0503
8,4096,110,22,117.332
8,4096,110,24,128.4728
8,4096,110,26,116.3771
8,4096,110,28,118.9127
8,4096,110,30,123.0964
8,4096,110,32,129.3972
8,4096,110,34,115.5089
8,4096,110,36,120.278
8,4096,110,38,118.7081
8,4096,110,40,128.1405
8,4096,110,42,122.3039
8,4096,110,44,120.6215
8,4096,110,46,124.0547
8,4096,110,48,123.746
8,4096,110,50,116.366
8,4096,110,52,119.6528
8,4096,110,54,116.1319
8,4096,110,56,126.7022
8,4096,110,58,122.2245
8,4096,110,60,124.0318
8,4096,110,62,84.7317
8,4096,110,64,108.3478
8,4096,110,66,98.0566
8,4096,110,68,104.0634
8,4096,110,70,122.2727
8,4096,110,72,124.1113
8,4096,110,74,119.8703
8,4096,110,76,119.4762
8,4096,110,78,117.3631
8,4096,110,80,121.6428
8,4096,110,82,117.3748
8,4096,110,84,110.3958
8,4096,110,86,115.6341
8,4096,110,88,96.8848
8,4096,110,90,97.4936
8,4096,110,92,73.7357
8,4096,110,94,88.3675
8,4096,110,96,103.502
8,4096,110,98,111.5213
8,4096,110,100,109.1688
8,4096,110,102,112.6898
8,4096,110,104,114.9809
8,4096,110,106,105.8003
8,4096,110,108,106.275
8,4096,112,2,37.8611
8,4096,112,4,66.1583
8,4096,112,6,87.0977
8,4096,112,8,106.946
8,4096,112,10,97.5053
8,4096,112,12,108.4327
8,4096,112,14,116.5747
8,4096,112,16,126.9613
8,4096,112,18,111.8038
8,4096,112,20,121.2744
8,4096,112,22,118.6416
8,4096,112,24,134.2428
8,4096,112,26,120.864
8,4096,112,28,123.7221
8,4096,112,30,120.0991
8,4096,112,32,125.3546
8,4096,112,34,122.7596
8,4096,112,36,125.1737
8,4096,112,38,125.7164
8,4096,112,40,136.9555
8,4096,112,42,122.6996
8,4096,112,44,128.8052
8,4096,112,46,124.0122
8,4096,112,48,132.1417
8,4096,112,50,123.3729
8,4096,112,52,124.6241
8,4096,112,54,122.7625
8,4096,112,56,128.2711
8,4096,112,58,127.6455
8,4096,112,60,123.8541
8,4096,112,62,126.4657
8,4096,112,64,131.4613
8,4096,112,66,124.8975
8,4096,112,68,127.6814
8,4096,112,70,124.6285
8,4096,112,72,128.1722
8,4096,112,74,120.6753
8,4096,112,76,125.1745
8,4096,112,78,114.112
8,4096,112,80,127.0132
8,4096,112,82,121.5429
8,4096,112,84,116.7284
8,4096,112,86,119.0177
8,4096,112,88,124.8083
8,4096,112,90,118.3058
8,4096,112,92,118.6157
8,4096,112,94,114.3652
8,4096,112,96,122.5009
8,4096,112,98,116.3808
8,4096,112,100,107.0379
8,4096,112,102,112.1635
8,4096,112,104,118.0848
8,4096,112,106,110.4895
8,4096,112,108,108.625
8,4096,112,110,109.735
8,4096,114,2,37.4475
8,4096,114,4,66.8203
8,4096,114,6,87.2772
8,4096,114,8,101.6479
8,4096,114,10,94.7786
8,4096,114,12,105.6297
8,4096,114,14,110.5809
8,4096,114,16,118.6143
8,4096,114,18,111.8011
8,4096,114,20,109.3128
8,4096,114,22,117.2831
8,4096,114,24,129.571
8,4096,114,26,114.3744
8,4096,114,28,121.4389
8,4096,114,30,126.3085
8,4096,114,32,126.7507
8,4096,114,34,119.4272
8,4096,114,36,120.6012
8,4096,114,38,128.173
8,4096,114,40,129.5074
8,4096,114,42,126.6579
8,4096,114,44,125.8868
8,4096,114,46,120.7507
8,4096,114,48,129.5834
8,4096,114,50,116.2123
8,4096,114,52,122.6169
8,4096,114,54,120.2245
8,4096,114,56,120.6397
8,4096,114,58,128.5499
8,4096,114,60,123.7704
8,4096,114,62,123.9344
8,4096,114,64,125.8218
8,4096,114,66,123.2871
8,4096,114,68,123.8639
8,4096,114,70,122.9813
8,4096,114,72,126.0436
8,4096,114,74,121.8846
8,4096,114,76,119.2845
8,4096,114,78,122.0721
8,4096,114,80,116.3752
8,4096,114,82,116.6413
8,4096,114,84,116.3643
8,4096,114,86,113.9962
8,4096,114,88,120.8763
8,4096,114,90,114.1664
8,4096,114,92,115.2573
8,4096,114,94,116.7272
8,4096,114,96,117.9467
8,4096,114,98,113.4719
8,4096,114,100,113.0219
8,4096,114,102,111.9572
8,4096,114,104,109.6491
8,4096,114,106,108.3938
8,4096,114,108,113.3322
8,4096,114,110,108.7664
8,4096,114,112,109.6018
8,4096,116,2,37.398
8,4096,116,4,65.0818
8,4096,116,6,86.3763
8,4096,116,8,103.5445
8,4096,116,10,95.381
8,4096,116,12,107.3323
8,4096,116,14,114.9567
8,4096,116,16,121.5636
8,4096,116,18,111.8604
8,4096,116,20,116.9112
8,4096,116,22,119.883
8,4096,116,24,130.7138
8,4096,116,26,117.9986
8,4096,116,28,115.0825
8,4096,116,30,124.4302
8,4096,116,32,126.909
8,4096,116,34,122.6277
8,4096,116,36,125.1487
8,4096,116,38,117.8951
8,4096,116,40,130.6265
8,4096,116,42,121.3469
8,4096,116,44,126.4913
8,4096,116,46,128.9049
8,4096,116,48,129.3262
8,4096,116,50,123.9237
8,4096,116,52,122.6492
8,4096,116,54,118.8824
8,4096,116,56,123.8296
8,4096,116,58,125.1096
8,4096,116,60,126.1779
8,4096,116,62,120.4459
8,4096,116,64,127.6328
8,4096,116,66,120.6909
8,4096,116,68,122.6424
8,4096,116,70,123.7208
8,4096,116,72,124.1247
8,4096,116,74,119.4059
8,4096,116,76,119.4241
8,4096,116,78,121.041
8,4096,116,80,121.5284
8,4096,116,82,114.878
8,4096,116,84,122.0123
8,4096,116,86,114.0329
8,4096,116,88,120.4609
8,4096,116,90,115.35
8,4096,116,92,115.5412
8,4096,116,94,116.3533
8,4096,116,96,114.3701
8,4096,116,98,106.9353
8,4096,116,100,117.8358
8,4096,116,102,113.7589
8,4096,116,104,106.3275
8,4096,116,106,111.1028
8,4096,116,108,111.8501
8,4096,116,110,107.2008
8,4096,116,112,107.3682
8,4096,116,114,104.3897
8,4096,118,2,38.9455
8,4096,118,4,68.9243
8,4096,118,6,86.9971
8,4096,118,8,106.7687
8,4096,118,10,99.8652
8,4096,118,12,106.1081
8,4096,118,14,113.1143
8,4096,118,16,127.2849
8,4096,118,18,110.9692
8,4096,118,20,119.5459
8,4096,118,22,121.4712
8,4096,118,24,132.9091
8,4096,118,26,121.3004
8,4096,118,28,125.75
8,4096,118,30,124.0171
8,4096,118,32,128.981
8,4096,118,34,123.74
8,4096,118,36,125.4059
8,4096,118,38,122.8787
8,4096,118,40,133.4987
8,4096,118,42,127.5338
8,4096,118,44,124.7963
8,4096,118,46,126.9231
8,4096,118,48,127.1157
8,4096,118,50,124.2627
8,4096,118,52,117.1699
8,4096,118,54,123.197
8,4096,118,56,129.7941
8,4096,118,58,117.6401
8,4096,118,60,125.8795
8,4096,118,62,122.079
8,4096,118,64,128.8296
8,4096,118,66,123.9064
8,4096,118,68,122.5297
8,4096,118,70,130.0702
8,4096,118,72,122.8124
8,4096,118,74,124.2451
8,4096,118,76,118.9332
8,4096,118,78,125.0492
8,4096,118,80,124.7564
8,4096,118,82,121.7962
8,4096,118,84,120.2846
8,4096,118,86,118.3603
8,4096,118,88,123.9401
8,4096,118,90,115.7515
8,4096,118,92,117.4642
8,4096,118,94,120.2199
8,4096,118,96,114.6484
8,4096,118,98,116.924
8,4096,118,100,114.6171
8,4096,118,102,111.1201
8,4096,118,104,116.9915
8,4096,118,106,115.5779
8,4096,118,108,107.8026
8,4096,118,110,113.9564
8,4096,118,112,117.7757
8,4096,118,114,106.7349
8,4096,118,116,102.7414
8,4096,120,2,38.4033
8,4096,120,4,68.4312
8,4096,120,6,92.4205
8,4096,120,8,106.6596
8,4096,120,10,99.5276
8,4096,120,12,109.2117
8,4096,120,14,115.2855
8,4096,120,16,129.8437
8,4096,120,18,109.8314
8,4096,120,20,122.5437
8,4096,120,22,123.8818
8,4096,120,24,133.3525
8,4096,120,26,124.9527
8,4096,120,28,122.2965
8,4096,120,30,130.2571
8,4096,120,32,133.1965
8,4096,120,34,125.6326
8,4096,120,36,127.4326
8,4096,120,38,123.2491
8,4096,120,40,137.4979
8,4096,120,42,124.4449
8,4096,120,44,130.3923
8,4096,120,46,125.9392
8,4096,120,48,138.5905
8,4096,120,50,120.0034
8,4096,120,52,126.3569
8,4096,120,54,126.4468
8,4096,120,56,128.3316
8,4096,120,58,123.5352
8,4096,120,60,124.0903
8,4096,120,62,128.1556
8,4096,120,64,128.0939
8,4096,120,66,125.898
8,4096,120,68,122.4485
8,4096,120,70,120.8907
8,4096,120,72,133.4811
8,4096,120,74,125.4931
8,4096,120,76,120.9186
8,4096,120,78,121.2689
8,4096,120,80,129.6447
8,4096,120,82,119.0824
8,4096,120,84,124.1389
8,4096,120,86,93.2371
8,4096,120,88,108.8243
8,4096,120,90,113.9905
8,4096,120,92,115.4701
8,4096,120,94,116.0079
8,4096,120,96,124.0982
8,4096,120,98,113.63
8,4096,120,100,112.5534
8,4096,120,102,115.006
8,4096,120,104,121.9628
8,4096,120,106,108.6349
8,4096,120,108,115.018
8,4096,120,110,113.3331
8,4096,120,112,114.1962
8,4096,120,114,108.1203
8,4096,120,116,110.8592
8,4096,120,118,105.8129
8,4096,122,2,39.3109
8,4096,122,4,67.968
8,4096,122,6,89.5622
8,4096,122,8,105.6788
8,4096,122,10,97.7731
8,4096,122,12,105.6676
8,4096,122,14,114.3652
8,4096,122,16,122.0005
8,4096,122,18,116.5166
8,4096,122,20,120.1668
8,4096,122,22,118.151
8,4096,122,24,130.3371
8,4096,122,26,121.5547
8,4096,122,28,122.5283
8,4096,122,30,122.6961
8,4096,122,32,129.7713
8,4096,122,34,123.8937
8,4096,122,36,120.2373
8,4096,122,38,127.3141
8,4096,122,40,125.6274
8,4096,122,42,125.9034
8,4096,122,44,127.0019
8,4096,122,46,124.3189
8,4096,122,48,131.0195
8,4096,122,50,120.8989
8,4096,122,52,124.2546
8,4096,122,54,125.8467
8,4096,122,56,125.5242
8,4096,122,58,114.6049
8,4096,122,60,118.0123
8,4096,122,62,122.9447
8,4096,122,64,123.8184
8,4096,122,66,122.4807
8,4096,122,68,126.1033
8,4096,122,70,121.2354
8,4096,122,72,126.4851
8,4096,122,74,123.834
8,4096,122,76,119.0379
8,4096,122,78,123.1336
8,4096,122,80,113.3128
8,4096,122,82,124.1552
8,4096,122,84,121.7588
8,4096,122,86,120.0521
8,4096,122,88,122.6664
8,4096,122,90,118.6275
8,4096,122,92,115.9944
8,4096,122,94,116.9182
8,4096,122,96,116.0854
8,4096,122,98,116.8803
8,4096,122,100,115.6969
8,4096,122,102,108.1007
8,4096,122,104,119.0342
8,4096,122,106,115.191
8,4096,122,108,110.7909
8,4096,122,110,111.0016
8,4096,122,112,114.8197
8,4096,122,114,109.7675
8,4096,122,116,111.2005
8,4096,122,118,105.8369
8,4096,122,120,108.2088
8,4096,124,2,38.5933
8,4096,124,4,65.9828
8,4096,124,6,88.8065
8,4096,124,8,105.191
8,4096,124,10,99.255
8,4096,124,12,108.4445
8,4096,124,14,115.0871
8,4096,124,16,123.3211
8,4096,124,18,117.1684
8,4096,124,20,117.076
8,4096,124,22,121.2368
8,4096,124,24,133.3494
8,4096,124,26,120.859
8,4096,124,28,120.522
8,4096,124,30,124.1725
8,4096,124,32,125.9876
8,4096,124,34,123.3386
8,4096,124,36,127.9025
8,4096,124,38,124.4225
8,4096,124,40,131.4206
8,4096,124,42,123.9362
8,4096,124,44,128.4982
8,4096,124,46,126.6532
8,4096,124,48,123.0807
8,4096,124,50,123.2049
8,4096,124,52,124.2759
8,4096,124,54,126.0903
8,4096,124,56,128.0814
8,4096,124,58,122.3204
8,4096,124,60,118.8631
8,4096,124,62,123.6402
8,4096,124,64,123.4799
8,4096,124,66,123.5482
8,4096,124,68,127.8922
8,4096,124,70,120.2187
8,4096,124,72,127.7382
8,4096,124,74,116.5469
8,4096,124,76,123.9359
8,4096,124,78,123.9981
8,4096,124,80,118.8715
8,4096,124,82,118.2923
8,4096,124,84,118.2892
8,4096,124,86,120.3145
8,4096,124,88,123.0032
8,4096,124,90,114.8036
8,4096,124,92,121.3277
8,4096,124,94,114.4856
8,4096,124,96,120.8776
8,4096,124,98,115.944
8,4096,124,100,114.0716
8,4096,124,102,113.9112
8,4096,124,104,109.2771
8,4096,124,106,107.7522
8,4096,124,108,113.3458
8,4096,124,110,112.6037
8,4096,124,112,114.7497
8,4096,124,114,106.1435
8,4096,124,116,105.9585
8,4096,124,118,108.222
8,4096,124,120,98.0287
8,4096,124,122,103.5737
8,4096,126,2,39.9618
8,4096,126,4,68.7085
8,4096,126,6,90.5231
8,4096,126,8,100.5596
8,4096,126,10,99.5262
8,4096,126,12,108.1244
8,4096,126,14,115.6322
8,4096,126,16,128.3055
8,4096,126,18,115.8009
8,4096,126,20,123.94
8,4096,126,22,130.2891
8,4096,126,24,132.1861
8,4096,126,26,122.7796
8,4096,126,28,123.8905
8,4096,126,30,127.0493
8,4096,126,32,137.7315
8,4096,126,34,129.847
8,4096,126,36,127.7773
8,4096,126,38,129.6274
8,4096,126,40,135.477
8,4096,126,42,125.9041
8,4096,126,44,130.9177
8,4096,126,46,127.3302
8,4096,126,48,134.7025
8,4096,126,50,118.8132
8,4096,126,52,129.6654
8,4096,126,54,126.6548
8,4096,126,56,133.0557
8,4096,126,58,124.1024
8,4096,126,60,122.7525
8,4096,126,62,124.598
8,4096,126,64,126.9783
8,4096,126,66,124.3415
8,4096,126,68,126.2507
8,4096,126,70,108.557
8,4096,126,72,130.2308
8,4096,126,74,120.2889
8,4096,126,76,126.6549
8,4096,126,78,122.0724
8,4096,126,80,125.7767
8,4096,126,82,123.3724
8,4096,126,84,119.4446
8,4096,126,86,122.9687
8,4096,126,88,122.4258
8,4096,126,90,122.5377
8,4096,126,92,119.9282
8,4096,126,94,118.8629
8,4096,126,96,122.7972
8,4096,126,98,113.0424
8,4096,126,100,112.8327
8,4096,126,102,118.5687
8,4096,126,104,116.631
8,4096,126,106,114.91
8,4096,126,108,114.5275
8,4096,126,110,111.9336
8,4096,126,112,114.4471
8,4096,126,114,113.0506
8,4096,126,116,109.4376
8,4096,126,118,112.2129
8,4096,126,120,112.0483
8,4096,126,122,104.543
8,4096,126,124,107.2363
8,4096,128,2,38.4468
8,4096,128,4,69.6757
8,4096,128,6,92.0476
8,4096,128,8,109.8681
8,4096,128,10,95.9033
8,4096,128,12,107.8533
8,4096,128,14,109.5996
8,4096,128,16,134.4025
8,4096,128,18,114.02
8,4096,128,20,125.4028
8,4096,128,22,130.2567
8,4096,128,24,134.5036
8,4096,128,26,124.2075
8,4096,128,28,121.7548
8,4096,128,30,130.6283
8,4096,128,32,134.2501
8,4096,128,34,130.2456
8,4096,128,36,127.3343
8,4096,128,38,131.1076
8,4096,128,40,135.9994
8,4096,128,42,126.6597
8,4096,128,44,132.917
8,4096,128,46,127.253
8,4096,128,48,136.5627
8,4096,128,50,125.6772
8,4096,128,52,131.1995
8,4096,128,54,108.3017
8,4096,128,56,133.84
8,4096,128,58,120.9439
8,4096,128,60,120.8414
8,4096,128,62,124.1987
8,4096,128,64,131.0682
8,4096,128,66,122.3145
8,4096,128,68,122.9913
8,4096,128,70,126.8835
8,4096,128,72,122.1521
8,4096,128,74,125.5865
8,4096,128,76,122.2628
8,4096,128,78,120.3049
8,4096,128,80,129.1706
8,4096,128,82,122.4721
8,4096,128,84,126.7821
8,4096,128,86,119.4728
8,4096,128,88,128.5178
8,4096,128,90,119.3841
8,4096,128,92,125.8201
8,4096,128,94,118.4575
8,4096,128,96,120.8966
8,4096,128,98,119.2681
8,4096,128,100,115.0851
8,4096,128,102,118.6485
8,4096,128,104,121.8028
8,4096,128,106,112.1942
8,4096,128,108,105.6793
8,4096,128,110,114.6299
8,4096,128,112,116.4761
8,4096,128,114,115.7399
8,4096,128,116,113.0639
8,4096,128,118,108.2352
8,4096,128,120,114.7988
8,4096,128,122,106.3434
8,4096,128,124,106.8284
8,4096,128,126,109.1584
8,4096,130,2,40.2752
8,4096,130,4,69.3453
8,4096,130,6,90.5371
8,4096,130,8,100.291
8,4096,130,10,101.4566
8,4096,130,12,109.0034
8,4096,130,14,117.5066
8,4096,130,16,128.5057
8,4096,130,18,109.8789
8,4096,130,20,118.9508
8,4096,130,22,127.6007
8,4096,130,24,128.141
8,4096,130,26,124.2481
8,4096,130,28,123.169
8,4096,130,30,127.7535
8,4096,130,32,130.6875
8,4096,130,34,127.9713
8,4096,130,36,128.3208
8,4096,130,38,129.7302
8,4096,130,40,134.3131
8,4096,130,42,123.9491
8,4096,130,44,128.6074
8,4096,130,46,124.8261
8,4096,130,48,132.2009
8,4096,130,50,126.5629
8,4096,130,52,129.6619
8,4096,130,54,127.1867
8,4096,130,56,125.0558
8,4096,130,58,127.4426
8,4096,130,60,121.8475
8,4096,130,62,124.3463
8,4096,130,64,119.3328
8,4096,130,66,129.6667
8,4096,130,68,127.2363
8,4096,130,70,121.9623
8,4096,130,72,128.7977
8,4096,130,74,121.0516
8,4096,130,76,126.8857
8,4096,130,78,119.1691
8,4096,130,80,123.2119
8,4096,130,82,125.1364
8,4096,130,84,118.873
8,4096,130,86,122.7747
8,4096,130,88,120.4104
8,4096,130,90,123.3849
8,4096,130,92,119.5872
8,4096,130,94,116.2238
8,4096,130,96,123.2712
8,4096,130,98,116.6265
8,4096,130,100,117.0891
8,4096,130,102,117.6494
8,4096,130,104,108.0497
8,4096,130,106,116.5298
8,4096,130,108,116.6449
8,4096,130,110,108.2497
8,4096,130,112,116.1003
8,4096,130,114,110.7177
8,4096,130,116,109.7561
8,4096,130,118,105.9705
8,4096,130,120,110.6872
8,4096,130,122,109.2732
8,4096,130,124,105.8648
8,4096,130,126,107.1345
8,4096,130,128,108.7477
8,4096,132,2,38.834
8,4096,132,4,63.4047
8,4096,132,6,89.567
8,4096,132,8,102.5395
8,4096,132,10,96.0244
8,4096,132,12,110.846
8,4096,132,14,106.7806
8,4096,132,16,128.2054
8,4096,132,18,114.7801
8,4096,132,20,124.1197
8,4096,132,22,127.6627
8,4096,132,24,133.5965
8,4096,132,26,120.5372
8,4096,132,28,123.9448
8,4096,132,30,129.3773
8,4096,132,32,130.2576
8,4096,132,34,128.4166
8,4096,132,36,129.8345
8,4096,132,38,126.6772
8,4096,132,40,133.7176
8,4096,132,42,123.5535
8,4096,132,44,130.5926
8,4096,132,46,128.1281
8,4096,132,48,131.8643
8,4096,132,50,124.723
8,4096,132,52,126.0351
8,4096,132,54,129.4694
8,4096,132,56,130.1034
8,4096,132,58,126.5083
8,4096,132,60,123.6597
8,4096,132,62,126.8014
8,4096,132,64,117.7955
8,4096,132,66,125.9378
8,4096,132,68,128.0297
8,4096,132,70,119.4406
8,4096,132,72,127.2104
8,4096,132,74,120.8746
8,4096,132,76,124.3485
8,4096,132,78,116.3536
8,4096,132,80,126.9403
8,4096,132,82,123.8221
8,4096,132,84,119.2453
8,4096,132,86,123.5765
8,4096,132,88,124.7281
8,4096,132,90,119.3509
8,4096,132,92,122.4743
8,4096,132,94,116.7975
8,4096,132,96,123.7301
8,4096,132,98,112.609
8,4096,132,100,115.9247
8,4096,132,102,117.0791
8,4096,132,104,119.089
8,4096,132,106,112.3832
8,4096,132,108,116.5953
8,4096,132,110,114.9134
8,4096,132,112,111.2728
8,4096,132,114,107.2396
8,4096,132,116,110.4446
8,4096,132,118,107.3505
8,4096,132,120,108.2938
8,4096,132,122,110.4242
8,4096,132,124,109.2427
8,4096,132,126,103.3493
8,4096,132,128,102.576
8,4096,132,130,106.4667
8,4096,134,2,41.125
8,4096,134,4,71.7581
8,4096,134,6,88.9382
8,4096,134,8,105.583
8,4096,134,10,101.5103
8,4096,134,12,111.6205
8,4096,134,14,120.2277
8,4096,134,16,125.8527
8,4096,134,18,117.5579
8,4096,134,20,125.5268
8,4096,134,22,123.9215
8,4096,134,24,138.1031
8,4096,134,26,122.0123
8,4096,134,28,129.7783
8,4096,134,30,130.0231
8,4096,134,32,129.4906
8,4096,134,34,133.5318
8,4096,134,36,126.7118
8,4096,134,38,132.5884
8,4096,134,40,134.902
8,4096,134,42,130.2151
8,4096,134,44,127.13
8,4096,134,46,131.2065
8,4096,134,48,138.2105
8,4096,134,50,124.2816
8,4096,134,52,132.778
8,4096,134,54,126.9714
8,4096,134,56,132.4359
8,4096,134,58,123.6572
8,4096,134,60,128.4787
8,4096,134,62,122.1038
8,4096,134,64,130.5622
8,4096,134,66,123.7546
8,4096,134,68,124.0661
8,4096,134,70,121.4896
8,4096,134,72,126.9033
8,4096,134,74,123.9145
8,4096,134,76,121.2684
8,4096,134,78,128.858
8,4096,134,80,118.7626
8,4096,134,82,124.2389
8,4096,134,84,121.1895
8,4096,134,86,126.9192
8,4096,134,88,126.6053
8,4096,134,90,121.8299
8,4096,134,92,123.8844
8,4096,134,94,118.5946
8,4096,134,96,122.8496
8,4096,134,98,121.038
8,4096,134,100,116.2584
8,4096,134,102,121.5109
8,4096,134,104,117.9995
8,4096,134,106,114.8889
8,4096,134,108,111.1343
8,4096,134,110,116.794
8,4096,134,112,113.6527
8,4096,134,114,114.8813
8,4096,134,116,112.2783
8,4096,134,118,112.339
8,4096,134,120,116.0478
8,4096,134,122,108.0389
8,4096,134,124,104.0557
8,4096,134,126,108.4631
8,4096,134,128,103.5403
8,4096,134,130,104.5158
8,4096,134,132,103.4481
8,4096,136,2,40.256
8,4096,136,4,70.6025
8,4096,136,6,92.4524
8,4096,136,8,111.4082
8,4096,136,10,101.669
8,4096,136,12,110.751
8,4096,136,14,116.4892
8,4096,136,16,133.1367
8,4096,136,18,119.6898
8,4096,136,20,129.6406
8,4096,136,22,124.6738
8,4096,136,24,141.4346
8,4096,136,26,123.322
8,4096,136,28,133.3177
8,4096,136,30,131.2431
8,4096,136,32,137.1816
8,4096,136,34,101.2083
8,4096,136,36,116.0872
8,4096,136,38,119.4426
8,4096,136,40,124.6243
8,4096,136,42,108.275
8,4096,136,44,115.7161
8,4096,136,46,121.9131
8,4096,136,48,120.8982
8,4096,136,50,115.5438
8,4096,136,52,132.2988
8,4096,136,54,128.5061
8,4096,136,56,131.3208
8,4096,136,58,121.3056
8,4096,136,60,131.3974
8,4096,136,62,123.9493
8,4096,136,64,134.4256
8,4096,136,66,123.1237
8,4096,136,68,129.0556
8,4096,136,70,124.5632
8,4096,136,72,129.9052
8,4096,136,74,127.3138
8,4096,136,76,124.3838
8,4096,136,78,122.364
8,4096,136,80,128.982
8,4096,136,82,128.7218
8,4096,136,84,125.9941
8,4096,136,86,124.2018
8,4096,136,88,128.511
8,4096,136,90,122.2055
8,4096,136,92,123.7181
8,4096,136,94,119.2189
8,4096,136,96,130.0192
8,4096,136,98,121.3466
8,4096,136,100,117.1778
8,4096,136,102,119.5808
8,4096,136,104,115.3002
8,4096,136,106,120.1829
8,4096,136,108,117.2441
8,4096,136,110,110.5831
8,4096,136,112,121.5152
8,4096,136,114,112.7943
8,4096,136,116,113.5041
8,4096,136,118,115.313
8,4096,136,120,117.3867
8,4096,136,122,111.6662
8,4096,136,124,112.3816
8,4096,136,126,105.3989
8,4096,136,128,109.2178
8,4096,136,130,108.557
8,4096,136,132,109.3236
8,4096,136,134,105.0467
8,4096,138,2,40.5581
8,4096,138,4,71.0009
8,4096,138,6,96.187
8,4096,138,8,111.5663
8,4096,138,10,103.8479
8,4096,138,12,110.8649
8,4096,138,14,114.3156
8,4096,138,16,129.9575
8,4096,138,18,117.6594
8,4096,138,20,125.2282
8,4096,138,22,129.4067
8,4096,138,24,131.8131
8,4096,138,26,125.8259
8,4096,138,28,125.7419
8,4096,138,30,130.108
8,4096,138,32,136.9767
8,4096,138,34,125.3157
8,4096,138,36,132.5477
8,4096,138,38,130.7989
8,4096,138,40,135.0399
8,4096,138,42,124.9409
8,4096,138,44,131.0663
8,4096,138,46,131.7315
8,4096,138,48,136.2151
8,4096,138,50,129.4696
8,4096,138,52,128.516
8,4096,138,54,126.1529
8,4096,138,56,131.7008
8,4096,138,58,128.3413
8,4096,138,60,128.2935
8,4096,138,62,128.6116
8,4096,138,64,125.9603
8,4096,138,66,121.7553
8,4096,138,68,120.6648
8,4096,138,70,124.4426
8,4096,138,72,121.9358
8,4096,138,74,119.099
8,4096,138,76,125.1313
8,4096,138,78,126.945
8,4096,138,80,127.3482
8,4096,138,82,122.568
8,4096,138,84,125.8339
8,4096,138,86,121.4362
8,4096,138,88,125.2282
8,4096,138,90,123.13
8,4096,138,92,123.5023
8,4096,138,94,123.598
8,4096,138,96,120.8417
8,4096,138,98,123.4697
8,4096,138,100,116.5682
8,4096,138,102,120.8056
8,4096,138,104,119.6484
8,4096,138,106,113.468
8,4096,138,108,118.8656
8,4096,138,110,112.475
8,4096,138,112,120.3573
8,4096,138,114,117.7296
8,4096,138,116,112.4017
8,4096,138,118,113.6977
8,4096,138,120,114.0264
8,4096,138,122,110.7805
8,4096,138,124,112.9051
8,4096,138,126,107.8727
8,4096,138,128,107.6396
8,4096,138,130,104.5333
8,4096,138,132,106.1963
8,4096,138,134,106.2672
8,4096,138,136,104.8099
8,4096,140,2,40.1206
8,4096,140,4,71.1742
8,4096,140,6,93.1275
8,4096,140,8,110.8237
8,4096,140,10,99.3388
8,4096,140,12,111.1263
8,4096,140,14,117.8301
8,4096,140,16,131.3157
8,4096,140,18,117.4863
8,4096,140,20,126.5498
8,4096,140,22,128.7963
8,4096,140,24,139.0107
8,4096,140,26,125.042
8,4096,140,28,126.2968
8,4096,140,30,131.7657
8,4096,140,32,128.8502
8,4096,140,34,125.6419
8,4096,140,36,127.9752
8,4096,140,38,133.1224
8,4096,140,40,132.4074
8,4096,140,42,129.7632
8,4096,140,44,129.9457
8,4096,140,46,128.6529
8,4096,140,48,132.2973
8,4096,140,50,133.9832
8,4096,140,52,130.159
8,4096,140,54,123.2765
8,4096,140,56,132.6068
8,4096,140,58,125.3915
8,4096,140,60,125.5275
8,4096,140,62,123.0253
8,4096,140,64,130.2658
8,4096,140,66,125.5865
8,4096,140,68,121.7667
8,4096,140,70,127.6066
8,4096,140,72,126.2697
8,4096,140,74,127.0181
8,4096,140,76,124.0218
8,4096,140,78,126.302
8,4096,140,80,127.4061
8,4096,140,82,124.5965
8,4096,140,84,126.1767
8,4096,140,86,120.9292
8,4096,140,88,124.7636
8,4096,140,90,118.4351
8,4096,140,92,122.6124
8,4096,140,94,122.9981
8,4096,140,96,119.624
8,4096,140,98,119.1165
8,4096,140,100,115.1139
8,4096,140,102,118.3576
8,4096,140,104,120.1758
8,4096,140,106,113.2831
8,4096,140,108,118.9801
8,4096,140,110,115.8874
8,4096,140,112,115.4615
8,4096,140,114,115.0126
8,4096,140,116,115.1938
8,4096,140,118,110.516
8,4096,140,120,115.3425
8,4096,140,122,109.972
8,4096,140,124,105.2798
8,4096,140,126,110.7797
8,4096,140,128,109.4892
8,4096,140,130,105.5542
8,4096,140,132,102.0606
8,4096,140,134,107.208
8,4096,140,136,103.3118
8,4096,140,138,101.4976
8,4096,142,2,42.0406
8,4096,142,4,58.1067
8,4096,142,6,94.8521
8,4096,142,8,102.6402
8,4096,142,10,101.1757
8,4096,142,12,112.9187
8,4096,142,14,117.3615
8,4096,142,16,129.0992
8,4096,142,18,122.8981
8,4096,142,20,119.4171
8,4096,142,22,130.9042
8,4096,142,24,140.2846
8,4096,142,26,127.2498
8,4096,142,28,128.8607
8,4096,142,30,128.2488
8,4096,142,32,129.0407
8,4096,142,34,110.5012
8,4096,142,36,110.6202
8,4096,142,38,120.7972
8,4096,142,40,140.4004
8,4096,142,42,126.667
8,4096,142,44,129.9846
8,4096,142,46,129.8213
8,4096,142,48,133.4954
8,4096,142,50,126.3261
8,4096,142,52,132.7945
8,4096,142,54,127.5475
8,4096,142,56,136.4336
8,4096,142,58,125.4902
8,4096,142,60,131.1492
8,4096,142,62,125.4596
8,4096,142,64,132.8697
8,4096,142,66,120.565
8,4096,142,68,128.8343
8,4096,142,70,125.0057
8,4096,142,72,130.3601
8,4096,142,74,129.322
8,4096,142,76,127.0508
8,4096,142,78,124.5913
8,4096,142,80,122.2007
8,4096,142,82,127.28
8,4096,142,84,121.9589
8,4096,142,86,130.3082
8,4096,142,88,125.8937
8,4096,142,90,123.7228
8,4096,142,92,123.9175
8,4096,142,94,120.6036
8,4096,142,96,119.7791
8,4096,142,98,120.35
8,4096,142,100,121.2882
8,4096,142,102,120.6212
8,4096,142,104,121.5354
8,4096,142,106,120.9367
8,4096,142,108,115.0074
8,4096,142,110,120.7103
8,4096,142,112,119.5635
8,4096,142,114,114.2577
8,4096,142,116,117.5933
8,4096,142,118,115.319
8,4096,142,120,114.0542
8,4096,142,122,114.4578
8,4096,142,124,107.4926
8,4096,142,126,109.7347
8,4096,142,128,113.8389
8,4096,142,130,106.0421
8,4096,142,132,105.229
8,4096,142,134,109.6763
8,4096,142,136,108.4451
8,4096,142,138,105.2527
8,4096,142,140,103.4883
8,4096,144,2,41.1054
8,4096,144,4,68.6336
8,4096,144,6,95.8698
8,4096,144,8,114.5112
8,4096,144,10,103.3174
8,4096,144,12,116.2394
8,4096,144,14,118.7964
8,4096,144,16,134.9115
8,4096,144,18,124.3293
8,4096,144,20,123.5892
8,4096,144,22,132.9795
8,4096,144,24,142.0471
8,4096,144,26,126.9908
8,4096,144,28,131.3562
8,4096,144,30,136.2728
8,4096,144,32,141.4342
8,4096,144,34,128.6266
8,4096,144,36,137.9608
8,4096,144,38,132.8455
8,4096,144,40,140.9119
8,4096,144,42,130.0183
8,4096,144,44,134.4155
8,4096,144,46,125.8866
8,4096,144,48,137.3914
8,4096,144,50,132.607
8,4096,144,52,135.7734
8,4096,144,54,128.8004
8,4096,144,56,141.1193
8,4096,144,58,125.2467
8,4096,144,60,132.9459
8,4096,144,62,132.0415
8,4096,144,64,136.608
8,4096,144,66,129.8263
8,4096,144,68,129.5611
8,4096,144,70,121.0713
8,4096,144,72,134.4669
8,4096,144,74,125.9351
8,4096,144,76,124.3735
8,4096,144,78,123.7967
8,4096,144,80,132.0294
8,4096,144,82,121.3205
8,4096,144,84,127.4265
8,4096,144,86,123.9887
8,4096,144,88,132.1017
8,4096,144,90,124.8543
8,4096,144,92,120.9874
8,4096,144,94,123.94
8,4096,144,96,122.6966
8,4096,144,98,122.3914
8,4096,144,100,121.8137
8,4096,144,102,118.706
8,4096,144,104,121.9719
8,4096,144,106,114.5375
8,4096,144,108,120.7583
8,4096,144,110,117.533
8,4096,144,112,117.7738
8,4096,144,114,116.2857
8,4096,144,116,114.7142
8,4096,144,118,113.6485
8,4096,144,120,116.5784
8,4096,144,122,109.7053
8,4096,144,124,115.5371
8,4096,144,126,112.1922
8,4096,144,128,108.6187
8,4096,144,130,108.1698
8,4096,144,132,105.4779
8,4096,144,134,109.1597
8,4096,144,136,107.5781
8,4096,144,138,109.0055
8,4096,144,140,104.2816
8,4096,144,142,102.2483
8,4096,146,2,41.629
8,4096,146,4,71.4104
8,4096,146,6,93.5484
8,4096,146,8,109.8081
8,4096,146,10,103.1602
8,4096,146,12,104.6071
8,4096,146,14,118.3469
8,4096,146,16,131.2147
8,4096,146,18,105.7499
8,4096,146,20,125.3393
8,4096,146,22,130.4546
8,4096,146,24,134.4212
8,4096,146,26,126.5909
8,4096,146,28,125.9443
8,4096,146,30,130.6536
8,4096,146,32,135.4882
8,4096,146,34,127.2503
8,4096,146,36,129.166
8,4096,146,38,129.9866
8,4096,146,40,132.6801
8,4096,146,42,124.863
8,4096,146,44,133.1905
8,4096,146,46,124.2956
8,4096,146,48,133.4404
8,4096,146,50,122.873
8,4096,146,52,126.2088
8,4096,146,54,128.9853
8,4096,146,56,132.2521
8,4096,146,58,126.7765
8,4096,146,60,129.1572
8,4096,146,62,128.9171
8,4096,146,64,126.1047
8,4096,146,66,126.5322
8,4096,146,68,122.2376
8,4096,146,70,125.0847
8,4096,146,72,123.8838
8,4096,146,74,127.1779
8,4096,146,76,126.8102
8,4096,146,78,119.4219
8,4096,146,80,127.1643
8,4096,146,82,120.267
8,4096,146,84,125.3157
8,4096,146,86,119.4466
8,4096,146,88,123.9971
8,4096,146,90,124.0975
8,4096,146,92,115.4142
8,4096,146,94,122.3777
8,4096,146,96,118.4088
8,4096,146,98,120.7868
8,4096,146,100,119.788
8,4096,146,102,116.4928
8,4096,146,104,119.7389
8,4096,146,106,117.2276
8,4096,146,108,114.8543
8,4096,146,110,111.7339
8,4096,146,112,113.504
8,4096,146,114,113.7027
8,4096,146,116,115.2465
8,4096,146,118,111.2233
8,4096,146,120,103.4158
8,4096,146,122,104.2175
8,4096,146,124,111.0816
8,4096,146,126,107.2287
8,4096,146,128,111.1623
8,4096,146,130,98.8665
8,4096,146,132,104.3114
8,4096,146,134,103.7983
8,4096,146,136,106.1814
8,4096,146,138,107.4116
8,4096,146,140,98.4992
8,4096,146,142,100.2381
8,4096,146,144,98.7439
8,4096,148,2,41.9775
8,4096,148,4,72.3366
8,4096,148,6,95.8856
8,4096,148,8,112.2322
8,4096,148,10,101.4035
8,4096,148,12,111.4086
8,4096,148,14,123.6485
8,4096,148,16,127.9429
8,4096,148,18,116.0434
8,4096,148,20,127.3943
8,4096,148,22,130.489
8,4096,148,24,131.7653
8,4096,148,26,123.9721
8,4096,148,28,125.8746
8,4096,148,30,129.3614
8,4096,148,32,140.2064
8,4096,148,34,123.7163
8,4096,148,36,133.0506
8,4096,148,38,129.0249
8,4096,148,40,141.7573
8,4096,148,42,134.7776
8,4096,148,44,136.0285
8,4096,148,46,132.6941
8,4096,148,48,138.5494
8,4096,148,50,134.5019
8,4096,148,52,131.1913
8,4096,148,54,134.8656
8,4096,148,56,131.074
8,4096,148,58,129.8863
8,4096,148,60,126.1967
8,4096,148,62,133.7443
8,4096,148,64,131.8142
8,4096,148,66,130.7806
8,4096,148,68,125.6907
8,4096,148,70,129.0621
8,4096,148,72,128.3109
8,4096,148,74,126.9629
8,4096,148,76,131.1385
8,4096,148,78,121.2866
8,4096,148,80,130.4224
8,4096,148,82,116.8969
8,4096,148,84,127.8881
8,4096,148,86,121.2347
8,4096,148,88,128.0601
8,4096,148,90,119.4177
8,4096,148,92,124.7437
8,4096,148,94,118.919
8,4096,148,96,117.0294
8,4096,148,98,122.5475
8,4096,148,100,113.1429
8,4096,148,102,120.751
8,4096,148,104,123.9078
8,4096,148,106,113.8853
8,4096,148,108,121.3277
8,4096,148,110,111.9174
8,4096,148,112,116.7636
8,4096,148,114,117.0495
8,4096,148,116,113.2539
8,4096,148,118,115.3169
8,4096,148,120,115.338
8,4096,148,122,106.1146
8,4096,148,124,114.3352
8,4096,148,126,111.1643
8,4096,148,128,109.9138
8,4096,148,130,109.2407
8,4096,148,132,110.48
8,4096,148,134,104.9912
8,4096,148,136,103.6079
8,4096,148,138,106.0647
8,4096,148,140,102.0357
8,4096,148,142,102.7826
8,4096,148,144,102.5577
8,4096,148,146,98.1696
8,4096,150,2,41.7143
8,4096,150,4,71.2932
8,4096,150,6,95.8799
8,4096,150,8,113.1145
8,4096,150,10,94.7153
8,4096,150,12,111.4425
8,4096,150,14,121.5547
8,4096,150,16,130.8928
8,4096,150,18,81.2842
8,4096,150,20,87.6939
8,4096,150,22,91.299
8,4096,150,24,110.0702
8,4096,150,26,126.8411
8,4096,150,28,127.6053
8,4096,150,30,134.9771
8,4096,150,32,137.5677
8,4096,150,34,130.595
8,4096,150,36,127.6871
8,4096,150,38,136.9915
8,4096,150,40,135.1973
8,4096,150,42,133.6392
8,4096,150,44,129.7397
8,4096,150,46,134.6697
8,4096,150,48,133.7026
8,4096,150,50,123.6702
8,4096,150,52,130.8015
8,4096,150,54,132.4398
8,4096,150,56,134.2755
8,4096,150,58,131.2499
8,4096,150,60,130.4894
8,4096,150,62,131.0911
8,4096,150,64,126.8072
8,4096,150,66,126.6266
8,4096,150,68,122.5801
8,4096,150,70,117.3271
8,4096,150,72,130.4996
8,4096,150,74,121.2839
8,4096,150,76,124.9973
8,4096,150,78,126.1159
8,4096,150,80,130.4805
8,4096,150,82,121.7923
8,4096,150,84,124.3738
8,4096,150,86,128.7017
8,4096,150,88,118.836
8,4096,150,90,125.0652
8,4096,150,92,119.8841
8,4096,150,94,126.2245
8,4096,150,96,121.2758
8,4096,150,98,122.8102
8,4096,150,100,120.8062
8,4096,150,102,116.5132
8,4096,150,104,122.2711
8,4096,150,106,117.7963
8,4096,150,108,120.5828
8,4096,150,110,112.4664
8,4096,150,112,117.6441
8,4096,150,114,117.5243
8,4096,150,116,114.7083
8,4096,150,118,113.7303
8,4096,150,120,114.8307
8,4096,150,122,112.8869
8,4096,150,124,109.5061
8,4096,150,126,116.1378
8,4096,150,128,109.7238
8,4096,150,130,107.3319
8,4096,150,132,110.3028
8,4096,150,134,109.3629
8,4096,150,136,104.5951
8,4096,150,138,102.5499
8,4096,150,140,105.099
8,4096,150,142,102.2019
8,4096,150,144,105.5837
8,4096,150,146,99.2733
8,4096,150,148,98.7562
8,4096,152,2,42.56
8,4096,152,4,74.8125
8,4096,152,6,95.457
8,4096,152,8,117.0109
8,4096,152,10,103.8694
8,4096,152,12,118.0758
8,4096,152,14,126.8609
8,4096,152,16,131.8338
8,4096,152,18,124.1656
8,4096,152,20,127.1822
8,4096,152,22,132.2969
8,4096,152,24,132.2578
8,4096,152,26,133.8959
8,4096,152,28,125.0795
8,4096,152,30,134.0883
8,4096,152,32,137.887
8,4096,152,34,130.0407
8,4096,152,36,129.7039
8,4096,152,38,138.2359
8,4096,152,40,133.2702
8,4096,152,42,136.4708
8,4096,152,44,135.1275
8,4096,152,46,131.715
8,4096,152,48,141.049
8,4096,152,50,131.6275
8,4096,152,52,136.4627
8,4096,152,54,131.184
8,4096,152,56,141.067
8,4096,152,58,133.773
8,4096,152,60,134.8347
8,4096,152,62,134.2906
8,4096,152,64,138.9794
8,4096,152,66,127.1289
8,4096,152,68,129.765
8,4096,152,70,128.9419
8,4096,152,72,133.6634
8,4096,152,74,125.774
8,4096,152,76,118.9519
8,4096,152,78,129.4643
8,4096,152,80,126.1611
8,4096,152,82,124.146
8,4096,152,84,124.4686
8,4096,152,86,126.8553
8,4096,152,88,123.2705
8,4096,152,90,127.9175
8,4096,152,92,125.3416
8,4096,152,94,125.3702
8,4096,152,96,130.7053
8,4096,152,98,116.4473
8,4096,152,100,124.676
8,4096,152,102,117.3409
8,4096,152,104,123.8476
8,4096,152,106,118.0979
8,4096,152,108,122.4941
8,4096,152,110,116.9049
8,4096,152,112,115.1357
8,4096,152,114,119.8722
8,4096,152,116,114.5417
8,4096,152,118,118.233
8,4096,152,120,118.9244
8,4096,152,122,110.0203
8,4096,152,124,114.1022
8,4096,152,126,115.7563
8,4096,152,128,112.4468
8,4096,152,130,112.1911
8,4096,152,132,110.3924
8,4096,152,134,107.4109
8,4096,152,136,107.0223
8,4096,152,138,101.6704
8,4096,152,140,107.1386
8,4096,152,142,103.1875
8,4096,152,144,107.8524
8,4096,152,146,103.4695
8,4096,152,148,101.3319
8,4096,152,150,98.593
8,4096,154,2,42.8642
8,4096,154,4,73.3306
8,4096,154,6,97.8032
8,4096,154,8,112.5383
8,4096,154,10,92.7405
8,4096,154,12,112.8172
8,4096,154,14,125.8195
8,4096,154,16,133.0992
8,4096,154,18,121.475
8,4096,154,20,132.1857
8,4096,154,22,118.7778
8,4096,154,24,133.0223
8,4096,154,26,128.5729
8,4096,154,28,130.4892
8,4096,154,30,131.9326
8,4096,154,32,137.5716
8,4096,154,34,132.9982
8,4096,154,36,133.4068
8,4096,154,38,128.8968
8,4096,154,40,140.7118
8,4096,154,42,134.4983
8,4096,154,44,129.4681
8,4096,154,46,135.9113
8,4096,154,48,140.2538
8,4096,154,50,124.0032
8,4096,154,52,130.7856
8,4096,154,54,135.3166
8,4096,154,56,128.6682
8,4096,154,58,132.4302
8,4096,154,60,131.0621
8,4096,154,62,128.5824
8,4096,154,64,134.6705
8,4096,154,66,129.8533
8,4096,154,68,117.6673
8,4096,154,70,130.7364
8,4096,154,72,126.542
8,4096,154,74,122.8254
8,4096,154,76,122.1298
8,4096,154,78,126.3959
8,4096,154,80,127.1021
8,4096,154,82,122.1137
8,4096,154,84,125.1339
8,4096,154,86,123.7609
8,4096,154,88,128.5461
8,4096,154,90,120.7597
8,4096,154,92,125.4625
8,4096,154,94,124.3502
8,4096,154,96,125.5736
8,4096,154,98,123.2699
8,4096,154,100,118.6034
8,4096,154,102,119.3173
8,4096,154,104,118.6346
8,4096,154,106,117.693
8,4096,154,108,117.8015
8,4096,154,110,116.6352
8,4096,154,112,118.6881
8,4096,154,114,116.7481
8,4096,154,116,114.7715
8,4096,154,118,114.9228
8,4096,154,120,114.4661
8,4096,154,122,113.4598
8,4096,154,124,110.4791
8,4096,154,126,107.2149
8,4096,154,128,110.5803
8,4096,154,130,107.6818
8,4096,154,132,110.3065
8,4096,154,134,105.032
8,4096,154,136,110.4007
8,4096,154,138,106.4223
8,4096,154,140,100.4067
8,4096,154,142,104.3432
8,4096,154,144,105.335
8,4096,154,146,100.4445
8,4096,154,148,102.7593
8,4096,154,150,94.9422
8,4096,154,152,98.1061
8,4096,156,2,42.5871
8,4096,156,4,73.4461
8,4096,156,6,96.9888
8,4096,156,8,112.3075
8,4096,156,10,101.2252
8,4096,156,12,117.3377
8,4096,156,14,122.3408
8,4096,156,16,129.9368
8,4096,156,18,122.2893
8,4096,156,20,126.3062
8,4096,156,22,129.1072
8,4096,156,24,140.6005
8,4096,156,26,130.2971
8,4096,156,28,130.6009
8,4096,156,30,130.091
8,4096,156,32,124.7477
8,4096,156,34,121.4312
8,4096,156,36,134.6276
8,4096,156,38,128.0744
8,4096,156,40,140.3079
8,4096,156,42,129.7921
8,4096,156,44,134.6734
8,4096,156,46,129.0016
8,4096,156,48,135.9662
8,4096,156,50,126.5624
8,4096,156,52,135.2762
8,4096,156,54,131.8996
8,4096,156,56,133.5166
8,4096,156,58,129.9072
8,4096,156,60,133.3886
8,4096,156,62,129.3163
8,4096,156,64,133.9686
8,4096,156,66,125.3788
8,4096,156,68,127.2487
8,4096,156,70,126.8414
8,4096,156,72,130.7567
8,4096,156,74,118.5957
8,4096,156,76,124.9244
8,4096,156,78,123.454
8,4096,156,80,119.3277
8,4096,156,82,124.5447
8,4096,156,84,123.8872
8,4096,156,86,125.1824
8,4096,156,88,123.3251
8,4096,156,90,126.2763
8,4096,156,92,121.7168
8,4096,156,94,125.077
8,4096,156,96,125.1197
8,4096,156,98,116.2565
8,4096,156,100,124.5801
8,4096,156,102,118.206
8,4096,156,104,123.9654
8,4096,156,106,115.3942
8,4096,156,108,113.0562
8,4096,156,110,118.8291
8,4096,156,112,118.8532
8,4096,156,114,108.402
8,4096,156,116,117.184
8,4096,156,118,111.9972
8,4096,156,120,115.6796
8,4096,156,122,112.6778
8,4096,156,124,107.4153
8,4096,156,126,114.7717
8,4096,156,128,111.8883
8,4096,156,130,102.0432
8,4096,156,132,106.6523
8,4096,156,134,110.1689
8,4096,156,136,107.8121
8,4096,156,138,102.7661
8,4096,156,140,106.5673
8,4096,156,142,106.5322
8,4096,156,144,103.2702
8,4096,156,146,100.2404
8,4096,156,148,98.2152
8,4096,156,150,101.9728
8,4096,156,152,102.0715
8,4096,156,154,98.3932
8,4096,158,2,43.7088
8,4096,158,4,73.9161
8,4096,158,6,100.3428
8,4096,158,8,115.2297
8,4096,158,10,105.9751
8,4096,158,12,114.1787
8,4096,158,14,126.6957
8,4096,158,16,135.3052
8,4096,158,18,125.8019
8,4096,158,20,132.6066
8,4096,158,22,129.6023
8,4096,158,24,146.0289
8,4096,158,26,125.0821
8,4096,158,28,136.1303
8,4096,158,30,130.9759
8,4096,158,32,144.4777
8,4096,158,34,124.7547
8,4096,158,36,136.095
8,4096,158,38,131.941
8,4096,158,40,144.0056
8,4096,158,42,135.9625
8,4096,158,44,136.8584
8,4096,158,46,130.9342
8,4096,158,48,141.0798
8,4096,158,50,135.0564
8,4096,158,52,132.6102
8,4096,158,54,132.2565
8,4096,158,56,141.2703
8,4096,158,58,127.2595
8,4096,158,60,134.9371
8,4096,158,62,128.7116
8,4096,158,64,137.9841
8,4096,158,66,126.5255
8,4096,158,68,131.3833
8,4096,158,70,127.5139
8,4096,158,72,128.9846
8,4096,158,74,121.9324
8,4096,158,76,128.2844
8,4096,158,78,120.216
8,4096,158,80,132.7666
8,4096,158,82,123.8007
8,4096,158,84,127.5329
8,4096,158,86,128.2429
8,4096,158,88,128.469
8,4096,158,90,126.9115
8,4096,158,92,122.0264
8,4096,158,94,127.7996
8,4096,158,96,116.7593
8,4096,158,98,124.2139
8,4096,158,100,119.2797
8,4096,158,102,117.4782
8,4096,158,104,122.8116
8,4096,158,106,120.7784
8,4096,158,108,119.9951
8,4096,158,110,114.309
8,4096,158,112,121.0964
8,4096,158,114,119.2189
8,4096,158,116,113.4334
8,4096,158,118,116.8446
8,4096,158,120,113.2048
8,4096,158,122,116.327
8,4096,158,124,108.0034
8,4096,158,126,109.9147
8,4096,158,128,108.8256
8,4096,158,130,112.5718
8,4096,158,132,109.7248
8,4096,158,134,106.5715
8,4096,158,136,111.0526
8,4096,158,138,111.0427
8,4096,158,140,103.3839
8,4096,158,142,105.5209
8,4096,158,144,105.2852
8,4096,158,146,104.823
8,4096,158,148,102.1142
8,4096,158,150,98.0715
8,4096,158,152,102.0266
8,4096,158,154,102.2407
8,4096,158,156,98.8713
8,4096,160,2,43.5261
8,4096,160,4,73.9915
8,4096,160,6,100.5361
8,4096,160,8,119.7111
8,4096,160,10,105.8301
8,4096,160,12,116.0714
8,4096,160,14,116.0938
8,4096,160,16,137.1159
8,4096,160,18,127.067
8,4096,160,20,128.0861
8,4096,160,22,127.782
8,4096,160,24,144.9137
8,4096,160,26,125.7045
8,4096,160,28,131.7644
8,4096,160,30,133.5114
8,4096,160,32,146.7316
8,4096,160,34,124.2981
8,4096,160,36,136.6319
8,4096,160,38,140.4959
8,4096,160,40,138.758
8,4096,160,42,137.0616
8,4096,160,44,137.0496
8,4096,160,46,139.9602
8,4096,160,48,138.9669
8,4096,160,50,119.5595
8,4096,160,52,127.9241
8,4096,160,54,136.9991
8,4096,160,56,140.5952
8,4096,160,58,136.0511
8,4096,160,60,136.4239
8,4096,160,62,133.2832
8,4096,160,64,140.4184
8,4096,160,66,134.3588
8,4096,160,68,134.1912
8,4096,160,70,130.1819
8,4096,160,72,133.7522
8,4096,160,74,130.0942
8,4096,160,76,123.3376
8,4096,160,78,122.9683
8,4096,160,80,133.0777
8,4096,160,82,122.1671
8,4096,160,84,127.8635
8,4096,160,86,123.9475
8,4096,160,88,128.6011
8,4096,160,90,124.9816
8,4096,160,92,128.0904
8,4096,160,94,122.3972
8,4096,160,96,129.5356
8,4096,160,98,124.8021
8,4096,160,100,119.5939
8,4096,160,102,121.7598
8,4096,160,104,122.363
8,4096,160,106,121.4595
8,4096,160,108,118.868
8,4096,160,110,120.7478
8,4096,160,112,120.0298
8,4096,160,114,116.101
8,4096,160,116,120.4677
8,4096,160,118,116.1818
8,4096,160,120,116.0827
8,4096,160,122,111.4265
8,4096,160,124,113.0631
8,4096,160,126,114.6682
8,4096,160,128,115.928
8,4096,160,130,109.4578
8,4096,160,132,112.3207
8,4096,160,134,111.9588
8,4096,160,136,109.0459
8,4096,160,138,106.6101
8,4096,160,140,107.8974
8,4096,160,142,107.853
8,4096,160,144,105.6982
8,4096,160,146,97.5597
8,4096,160,148,101.067
8,4096,160,150,103.7698
8,4096,160,152,100.1765
8,4096,160,154,98.1954
8,4096,160,156,95.8504
8,4096,160,158,96.1524
8,4096,162,2,42.9568
8,4096,162,4,76.3607
8,4096,162,6,98.6998
8,4096,162,8,115.5736
8,4096,162,10,105.032
8,4096,162,12,112.627
8,4096,162,14,121.6941
8,4096,162,16,135.8406
8,4096,162,18,119.6116
8,4096,162,20,126.5174
8,4096,162,22,133.9198
8,4096,162,24,130.1781
8,4096,162,26,125.8494
8,4096,162,28,122.6881
8,4096,162,30,133.3309
8,4096,162,32,134.1506
8,4096,162,34,131.6098
8,4096,162,36,131.1748
8,4096,162,38,136.0822
8,4096,162,40,131.8503
8,4096,162,42,133.0735
8,4096,162,44,133.8228
8,4096,162,46,137.203
8,4096,162,48,133.7772
8,4096,162,50,131.8992
8,4096,162,52,125.1576
8,4096,162,54,134.9381
8,4096,162,56,126.8342
8,4096,162,58,126.4936
8,4096,162,60,125.327
8,4096,162,62,131.0283
8,4096,162,64,132.9486
8,4096,162,66,128.0818
8,4096,162,68,127.76
8,4096,162,70,129.4619
8,4096,162,72,129.8779
8,4096,162,74,124.4346
8,4096,162,76,125.2241
8,4096,162,78,118.9823
8,4096,162,80,127.1092
8,4096,162,82,119.397
8,4096,162,84,123.724
8,4096,162,86,124.7225
8,4096,162,88,125.8752
8,4096,162,90,122.7772
8,4096,162,92,122.4153
8,4096,162,94,123.4051
8,4096,162,96,117.5054
8,4096,162,98,123.3485
8,4096,162,100,122.1782
8,4096,162,102,115.5369
8,4096,162,104,122.3975
8,4096,162,106,118.1458
8,4096,162,108,120.6861
8,4096,162,110,114.1949
8,4096,162,112,114.8987
8,4096,162,114,114.0939
8,4096,162,116,114.3904
8,4096,162,118,113.2778
8,4096,162,120,112.9871
8,4096,162,122,112.537
8,4096,162,124,109.319
8,4096,162,126,111.6202
8,4096,162,128,112.6326
8,4096,162,130,107.8557
8,4096,162,132,105.0467
8,4096,162,134,108.3479
8,4096,162,136,111.3591
8,4096,162,138,104.5562
8,4096,162,140,107.196
8,4096,162,142,103.4304
8,4096,162,144,106.9782
8,4096,162,146,101.8878
8,4096,162,148,99.3123
8,4096,162,150,99.1065
8,4096,162,152,98.8658
8,4096,162,154,100.1035
8,4096,162,156,99.5346
8,4096,162,158,96.1928
8,4096,162,160,96.5718
8,4096,164,2,43.2209
8,4096,164,4,76.619
8,4096,164,6,95.309
8,4096,164,8,114.2665
8,4096,164,10,107.9552
8,4096,164,12,119.0697
8,4096,164,14,117.3542
8,4096,164,16,137.2689
8,4096,164,18,124.4554
8,4096,164,20,125.8972
8,4096,164,22,133.6837
8,4096,164,24,128.2038
8,4096,164,26,130.0582
8,4096,164,28,131.1046
8,4096,164,30,139.9135
8,4096,164,32,129.2088
8,4096,164,34,133.9308
8,4096,164,36,134.7346
8,4096,164,38,137.7243
8,4096,164,40,129.004
8,4096,164,42,134.6685
8,4096,164,44,133.5627
8,4096,164,46,137.0729
8,4096,164,48,136.5916
8,4096,164,50,131.5284
8,4096,164,52,128.1905
8,4096,164,54,132.1135
8,4096,164,56,133.0466
8,4096,164,58,136.4359
8,4096,164,60,128.7348
8,4096,164,62,135.4155
8,4096,164,64,129.7983
8,4096,164,66,131.9503
8,4096,164,68,126.4453
8,4096,164,70,128.7514
8,4096,164,72,134.7566
8,4096,164,74,127.0214
8,4096,164,76,128.6907
8,4096,164,78,122.7609
8,4096,164,80,129.0702
8,4096,164,82,122.9975
8,4096,164,84,128.02
8,4096,164,86,121.4089
8,4096,164,88,131.1875
8,4096,164,90,118.8924
8,4096,164,92,127.5013
8,4096,164,94,123.6617
8,4096,164,96,123.9714
8,4096,164,98,120.0828
8,4096,164,100,119.6031
8,4096,164,102,118.2992
8,4096,164,104,114.6762
8,4096,164,106,121.0369
8,4096,164,108,120.5303
8,4096,164,110,115.7412
8,4096,164,112,121.5086
8,4096,164,114,117.4255
8,4096,164,116,113.5488
8,4096,164,118,117.1936
8,4096,164,120,116.0306
8,4096,164,122,112.3489
8,4096,164,124,110.1079
8,4096,164,126,108.0139
8,4096,164,128,111.8547
8,4096,164,130,112.2639
8,4096,164,132,110.8386
8,4096,164,134,107.8389
8,4096,164,136,107.815
8,4096,164,138,108.5549
8,4096,164,140,102.3566
8,4096,164,142,103.1599
8,4096,164,144,107.87
8,4096,164,146,104.7922
8,4096,164,148,102.2472
8,4096,164,150,99.6844
8,4096,164,152,104.0383
8,4096,164,154,102.0564
8,4096,164,156,96.0309
8,4096,164,158,99.0364
8,4096,164,160,93.4254
8,4096,164,162,99.4841
8,4096,166,2,43.6201
8,4096,166,4,76.9967
8,4096,166,6,100.9582
8,4096,166,8,119.0881
8,4096,166,10,106.8596
8,4096,166,12,115.1707
8,4096,166,14,127.8358
8,4096,166,16,138.3626
8,4096,166,18,120.1021
8,4096,166,20,131.7417
8,4096,166,22,130.7259
8,4096,166,24,143.2274
8,4096,166,26,128.4526
8,4096,166,28,135.145
8,4096,166,30,134.0959
8,4096,166,32,141.4724
8,4096,166,34,131.0823
8,4096,166,36,136.7871
8,4096,166,38,132.3156
8,4096,166,40,136.6472
8,4096,166,42,133.2912
8,4096,166,44,136.599
8,4096,166,46,133.3346
8,4096,166,48,137.7956
8,4096,166,50,132.464
8,4096,166,52,134.0085
8,4096,166,54,129.1398
8,4096,166,56,128.2178
8,4096,166,58,126.7397
8,4096,166,60,132.4321
8,4096,166,62,129.8829
8,4096,166,64,135.7628
8,4096,166,66,126.1164
8,4096,166,68,133.9022
8,4096,166,70,124.0354
8,4096,166,72,133.3866
8,4096,166,74,123.6327
8,4096,166,76,128.872
8,4096,166,78,125.3877
8,4096,166,80,128.2494
8,4096,166,82,123.8815
8,4096,166,84,123.009
8,4096,166,86,128.2885
8,4096,166,88,124.8297
8,4096,166,90,125.2229
8,4096,166,92,122.377
8,4096,166,94,127.3322
8,4096,166,96,126.6009
8,4096,166,98,115.4088
8,4096,166,100,122.9994
8,4096,166,102,121.4778
8,4096,166,104,121.0492
8,4096,166,106,119.312
8,4096,166,108,120.9272
8,4096,166,110,115.3897
8,4096,166,112,117.7391
8,4096,166,114,119.7677
8,4096,166,116,115.5338
8,4096,166,118,114.8501
8,4096,166,120,119.0544
8,4096,166,122,110.9814
8,4096,166,124,115.5902
8,4096,166,126,108.4146
8,4096,166,128,112.6037
8,4096,166,130,112.9513
8,4096,166,132,112.4067
8,4096,166,134,107.473
8,4096,166,136,113.6829
8,4096,166,138,110.6946
8,4096,166,140,84.2408
8,4096,166,142,98.3674
8,4096,166,144,90.8127
8,4096,166,146,91.3061
8,4096,166,148,103.3817
8,4096,166,150,99.4018
8,4096,166,152,107.3732
8,4096,166,154,103.7665
8,4096,166,156,91.4342
8,4096,166,158,98.2186
8,4096,166,160,103.1685
8,4096,166,162,101.8873
8,4096,166,164,101.4458
8,4096,168,2,34.0189
8,4096,168,4,58.0803
8,4096,168,6,102.0526
8,4096,168,8,122.0768
8,4096,168,10,108.6333
8,4096,168,12,116.9273
8,4096,168,14,130.3421
8,4096,168,16,138.2438
8,4096,168,18,127.5933
8,4096,168,20,133.4356
8,4096,168,22,139.0808
8,4096,168,24,147.4368
8,4096,168,26,131.205
8,4096,168,28,139.8661
8,4096,168,30,139.3703
8,4096,168,32,145.5519
8,4096,168,34,140.0792
8,4096,168,36,135.1923
8,4096,168,38,141.2398
8,4096,168,40,140.3384
8,4096,168,42,138.665
8,4096,168,44,135.2481
8,4096,168,46,139.2002
8,4096,168,48,140.8573
8,4096,168,50,135.5295
8,4096,168,52,131.2606
8,4096,168,54,137.2488
8,4096,168,56,134.0677
8,4096,168,58,137.9665
8,4096,168,60,134.271
8,4096,168,62,133.7207
8,4096,168,64,138.2897
8,4096,168,66,129.5845
8,4096,168,68,131.2866
8,4096,168,70,135.222
8,4096,168,72,136.203
8,4096,168,74,130.0139
8,4096,168,76,130.4348
8,4096,168,78,131.1091
8,4096,168,80,133.543
8,4096,168,82,128.7961
8,4096,168,84,124.5112
8,4096,168,86,129.0776
8,4096,168,88,126.8388
8,4096,168,90,126.9741
8,4096,168,92,123.3125
8,4096,168,94,126.3732
8,4096,168,96,123.8413
8,4096,168,98,126.2121
8,4096,168,100,123.8283
8,4096,168,102,125.9537
8,4096,168,104,129.6971
8,4096,168,106,120.2365
8,4096,168,108,119.1615
8,4096,168,110,117.3198
8,4096,168,112,124.19
8,4096,168,114,115.2795
8,4096,168,116,119.3885
8,4096,168,118,119.409
8,4096,168,120,114.581
8,4096,168,122,118.3349
8,4096,168,124,118.4171
8,4096,168,126,111.3617
8,4096,168,128,117.7414
8,4096,168,130,115.5518
8,4096,168,132,110.0632
8,4096,168,134,114.5929
8,4096,168,136,112.0031
8,4096,168,138,109.1473
8,4096,168,140,110.7584
8,4096,168,142,109.2587
8,4096,168,144,106.6389
8,4096,168,146,107.5298
8,4096,168,148,107.1558
8,4096,168,150,99.159
8,4096,168,152,103.0582
8,4096,168,154,104.9643
8,4096,168,156,104.6097
8,4096,168,158,102.7995
8,4096,168,160,100.6827
8,4096,168,162,96.3676
8,4096,168,164,97.0839
8,4096,168,166,100.3958
8,4096,170,2,43.336
8,4096,170,4,75.6377
8,4096,170,6,98.5912
8,4096,170,8,116.4709
8,4096,170,10,107.4211
8,4096,170,12,116.1253
8,4096,170,14,121.8602
8,4096,170,16,136.0645
8,4096,170,18,118.7874
8,4096,170,20,130.206
8,4096,170,22,136.3052
8,4096,170,24,136.5428
8,4096,170,26,129.7832
8,4096,170,28,131.1048
8,4096,170,30,134.8585
8,4096,170,32,138.382
8,4096,170,34,126.1779
8,4096,170,36,129.8165
8,4096,170,38,135.6836
8,4096,170,40,134.3849
8,4096,170,42,126.2349
8,4096,170,44,132.0404
8,4096,170,46,138.0722
8,4096,170,48,123.1351
8,4096,170,50,132.8561
8,4096,170,52,129.1391
8,4096,170,54,133.7994
8,4096,170,56,130.2594
8,4096,170,58,132.0191
8,4096,170,60,128.4252
8,4096,170,62,130.9503
8,4096,170,64,128.5541
8,4096,170,66,131.1192
8,4096,170,68,125.9037
8,4096,170,70,130.2015
8,4096,170,72,127.2247
8,4096,170,74,129.0634
8,4096,170,76,127.7271
8,4096,170,78,125.9399
8,4096,170,80,128.0653
8,4096,170,82,119.9627
8,4096,170,84,123.9252
8,4096,170,86,122.2505
8,4096,170,88,127.0818
8,4096,170,90,125.6969
8,4096,170,92,123.7744
8,4096,170,94,122.8734
8,4096,170,96,120.5162
8,4096,170,98,118.1746
8,4096,170,100,114.3547
8,4096,170,102,120.6102
8,4096,170,104,123.7575
8,4096,170,106,116.8931
8,4096,170,108,120.0633
8,4096,170,110,116.4838
8,4096,170,112,121.781
8,4096,170,114,118.8015
8,4096,170,116,114.7175
8,4096,170,118,118.1457
8,4096,170,120,113.198
8,4096,170,122,116.6646
8,4096,170,124,114.2588
8,4096,170,126,111.1101
8,4096,170,128,110.7477
8,4096,170,130,113.3451
8,4096,170,132,107.5581
8,4096,170,134,109.9884
8,4096,170,136,108.2392
8,4096,170,138,106.4259
8,4096,170,140,106.4973
8,4096,170,142,108.4364
8,4096,170,144,105.8178
8,4096,170,146,102.4928
8,4096,170,148,102.8734
8,4096,170,150,104.9346
8,4096,170,152,102.9701
8,4096,170,154,96.7457
8,4096,170,156,99.5159
8,4096,170,158,100.698
8,4096,170,160,104.4809
8,4096,170,162,97.2734
8,4096,170,164,95.3619
8,4096,170,166,95.0143
8,4096,170,168,94.4037
8,4096,172,2,43.2681
8,4096,172,4,76.276
8,4096,172,6,97.784
8,4096,172,8,115.2641
8,4096,172,10,106.0193
8,4096,172,12,117.9017
8,4096,172,14,120.2745
8,4096,172,16,139.6366
8,4096,172,18,120.6243
8,4096,172,20,129.0002
8,4096,172,22,135.5267
8,4096,172,24,130.6713
8,4096,172,26,129.3945
8,4096,172,28,130.8487
8,4096,172,30,134.9411
8,4096,172,32,139.6368
8,4096,172,34,131.2382
8,4096,172,36,129.973
8,4096,172,38,136.528
8,4096,172,40,130.2322
8,4096,172,42,120.3631
8,4096,172,44,127.5519
8,4096,172,46,137.1022
8,4096,172,48,130.6231
8,4096,172,50,132.9565
8,4096,172,52,129.0075
8,4096,172,54,129.7448
8,4096,172,56,131.9405
8,4096,172,58,133.2079
8,4096,172,60,125.8104
8,4096,172,62,131.3443
8,4096,172,64,129.4347
8,4096,172,66,128.8443
8,4096,172,68,127.4249
8,4096,172,70,131.3714
8,4096,172,72,124.7038
8,4096,172,74,128.4508
8,4096,172,76,123.3605
8,4096,172,78,125.2352
8,4096,172,80,126.4312
8,4096,172,82,126.33
8,4096,172,84,120.4332
8,4096,172,86,125.3503
8,4096,172,88,127.5594
8,4096,172,90,120.0373
8,4096,172,92,127.7328
8,4096,172,94,122.0235
8,4096,172,96,126.9512
8,4096,172,98,118.784
8,4096,172,100,124.9677
8,4096,172,102,122.3212
8,4096,172,104,119.0932
8,4096,172,106,123.9632
8,4096,172,108,117.2502
8,4096,172,110,121.4536
8,4096,172,112,119.0388
8,4096,172,114,119.8738
8,4096,172,116,118.4157
8,4096,172,118,109.364
8,4096,172,120,118.6662
8,4096,172,122,113.335
8,4096,172,124,117.5682
8,4096,172,126,115.2498
8,4096,172,128,109.9836
8,4096,172,130,110.1325
8,4096,172,132,114.9376
8,4096,172,134,108.9486
8,4096,172,136,113.6729
8,4096,172,138,110.8634
8,4096,172,140,108.8706
8,4096,172,142,102.4651
8,4096,172,144,109.2171
8,4096,172,146,107.0883
8,4096,172,148,101.8803
8,4096,172,150,102.9698
8,4096,172,152,104.9268
8,4096,172,154,104.5454
8,4096,172,156,100.7091
8,4096,172,158,98.3155
8,4096,172,160,100.2457
8,4096,172,162,100.9774
8,4096,172,164,102.1724
8,4096,172,166,98.4268
8,4096,172,168,95.1186
8,4096,172,170,94.7823
8,4096,174,2,44.5317
8,4096,174,4,77.1448
8,4096,174,6,102.0509
8,4096,174,8,121.2739
8,4096,174,10,108.0802
8,4096,174,12,112.8086
8,4096,174,14,128.9906
8,4096,174,16,136.4428
8,4096,174,18,123.1547
8,4096,174,20,132.7537
8,4096,174,22,132.7722
8,4096,174,24,143.2285
8,4096,174,26,130.3113
8,4096,174,28,135.6368
8,4096,174,30,135.1215
8,4096,174,32,139.7424
8,4096,174,34,128.328
8,4096,174,36,137.9771
8,4096,174,38,136.7883
8,4096,174,40,145.2097
8,4096,174,42,133.9093
8,4096,174,44,139.3818
8,4096,174,46,139.3369
8,4096,174,48,134.2372
8,4096,174,50,137.784
8,4096,174,52,102.5137
8,4096,174,54,113.6729
8,4096,174,56,140.9865
8,4096,174,58,130.5409
8,4096,174,60,135.2619
8,4096,174,62,131.6711
8,4096,174,64,134.175
8,4096,174,66,129.0765
8,4096,174,68,133.2118
8,4096,174,70,119.2242
8,4096,174,72,136.849
8,4096,174,74,125.6722
8,4096,174,76,125.666
8,4096,174,78,125.2193
8,4096,174,80,130.456
8,4096,174,82,124.7395
8,4096,174,84,127.1042
8,4096,174,86,126.7264
8,4096,174,88,118.7429
8,4096,174,90,121.0673
8,4096,174,92,121.2452
8,4096,174,94,129.0024
8,4096,174,96,122.0864
8,4096,174,98,125.2337
8,4096,174,100,124.1034
8,4096,174,102,126.4684
8,4096,174,104,124.5677
8,4096,174,106,115.1675
8,4096,174,108,122.0743
8,4096,174,110,118.1793
8,4096,174,112,121.512
8,4096,174,114,117.1369
8,4096,174,116,113.7993
8,4096,174,118,97.0671
8,4096,174,120,116.6824
8,4096,174,122,113.4965
8,4096,174,124,116.974
8,4096,174,126,114.9053
8,4096,174,128,109.6179
8,4096,174,130,113.2261
8,4096,174,132,110.089
8,4096,174,134,109.7585
8,4096,174,136,113.8416
8,4096,174,138,108.4822
8,4096,174,140,110.0401
8,4096,174,142,111.5478
8,4096,174,144,104.3323
8,4096,174,146,104.2003
8,4096,174,148,106.1286
8,4096,174,150,102.8071
8,4096,174,152,103.9044
8,4096,174,154,104.7689
8,4096,174,156,104.6632
8,4096,174,158,104.7339
8,4096,174,160,105.6993
8,4096,174,162,98.5275
8,4096,174,164,101.3582
8,4096,174,166,101.4682
8,4096,174,168,101.9798
8,4096,174,170,98.1501
8,4096,174,172,96.627
8,4096,176,2,43.936
8,4096,176,4,77.4642
8,4096,176,6,98.2176
8,4096,176,8,118.4931
8,4096,176,10,111.3546
8,4096,176,12,122.266
8,4096,176,14,127.8426
8,4096,176,16,144.4937
8,4096,176,18,124.5525
8,4096,176,20,135.6358
8,4096,176,22,135.3484
8,4096,176,24,146.505
8,4096,176,26,130.4072
8,4096,176,28,137.6435
8,4096,176,30,137.4773
8,4096,176,32,145.1904
8,4096,176,34,131.8765
8,4096,176,36,136.3939
8,4096,176,38,138.9874
8,4096,176,40,147.5441
8,4096,176,42,140.8792
8,4096,176,44,138.9072
8,4096,176,46,141.4911
8,4096,176,48,141.0963
8,4096,176,50,135.6444
8,4096,176,52,136.8376
8,4096,176,54,137.1806
8,4096,176,56,140.703
8,4096,176,58,133.0258
8,4096,176,60,139.1894
8,4096,176,62,133.7106
8,4096,176,64,138.2811
8,4096,176,66,131.0289
8,4096,176,68,129.709
8,4096,176,70,134.1841
8,4096,176,72,135.1911
8,4096,176,74,130.7386
8,4096,176,76,126.7977
8,4096,176,78,117.5018
8,4096,176,80,134.6246
8,4096,176,82,128.74
8,4096,176,84,127.9153
8,4096,176,86,123.0257
8,4096,176,88,131.6068
8,4096,176,90,123.1237
8,4096,176,92,127.9805
8,4096,176,94,120.6817
8,4096,176,96,132.5727
8,4096,176,98,120.336
8,4096,176,100,122.8247
8,4096,176,102,124.775
8,4096,176,104,118.8617
8,4096,176,106,121.6028
8,4096,176,108,120.4591
8,4096,176,110,118.7503
8,4096,176,112,119.2724
8,4096,176,114,120.181
8,4096,176,116,118.3674
8,4096,176,118,116.3541
8,4096,176,120,121.7916
8,4096,176,122,113.5561
8,4096,176,124,119.3403
8,4096,176,126,116.7386
8,4096,176,128,116.7367
8,4096,176,130,114.8189
8,4096,176,132,111.5958
8,4096,176,134,111.8735
8,4096,176,136,116.4191
8,4096,176,138,112.9602
8,4096,176,140,107.3149
8,4096,176,142,111.3794
8,4096,176,144,112.3294
8,4096,176,146,105.8863
8,4096,176,148,105.7623
8,4096,176,150,103.8978
8,4096,176,152,107.26
8,4096,176,154,104.1645
8,4096,176,156,106.7269
8,4096,176,158,103.9363
8,4096,176,160,101.0517
8,4096,176,162,102.4756
8,4096,176,164,102.1099
8,4096,176,166,102.8671
8,4096,176,168,100.3881
8,4096,176,170,92.0745
8,4096,176,172,100.3763
8,4096,176,174,98.6424
8,4096,178,2,44.2955
8,4096,178,4,75.6742
8,4096,178,6,102.2676
8,4096,178,8,119.3922
8,4096,178,10,106.0913
8,4096,178,12,112.1396
8,4096,178,14,119.1789
8,4096,178,16,133.2422
8,4096,178,18,124.3
8,4096,178,20,132.0218
8,4096,178,22,132.5265
8,4096,178,24,145.83
8,4096,178,26,127.2784
8,4096,178,28,136.749
8,4096,178,30,135.115
8,4096,178,32,140.8601
8,4096,178,34,132.2618
8,4096,178,36,137.6933
8,4096,178,38,135.2618
8,4096,178,40,142.4905
8,4096,178,42,134.1146
8,4096,178,44,134.9012
8,4096,178,46,139.3623
8,4096,178,48,137.433
8,4096,178,50,133.1431
8,4096,178,52,133.7235
8,4096,178,54,134.1664
8,4096,178,56,135.8918
8,4096,178,58,131.5447
8,4096,178,60,132.4146
8,4096,178,62,133.3943
8,4096,178,64,132.6913
8,4096,178,66,132.3162
8,4096,178,68,126.4269
8,4096,178,70,131.7447
8,4096,178,72,133.1732
8,4096,178,74,128.5559
8,4096,178,76,126.8232
8,4096,178,78,129.2912
8,4096,178,80,130.0676
8,4096,178,82,126.909
8,4096,178,84,119.7599
8,4096,178,86,120.4242
8,4096,178,88,126.0819
8,4096,178,90,122.8267
8,4096,178,92,126.1127
8,4096,178,94,118.9778
8,4096,178,96,126.8629
8,4096,178,98,119.6768
8,4096,178,100,121.9312
8,4096,178,102,122.1373
8,4096,178,104,119.2819
8,4096,178,106,123.0389
8,4096,178,108,117.4744
8,4096,178,110,120.9037
8,4096,178,112,117.5003
8,4096,178,114,114.7858
8,4096,178,116,118.0038
8,4096,178,118,113.5916
8,4096,178,120,117.7952
8,4096,178,122,115.837
8,4096,178,124,112.8607
8,4096,178,126,111.0416
8,4096,178,128,111.8993
8,4096,178,130,112.9009
8,4096,178,132,97.7457
8,4096,178,134,97.9526
8,4096,178,136,109.1958
8,4096,178,138,112.0171
8,4096,178,140,109.4116
8,4096,178,142,106.7865
8,4096,178,144,110.5308
8,4096,178,146,106.6303
8,4096,178,148,103.1275
8,4096,178,150,103.0262
8,4096,178,152,98.4549
8,4096,178,154,104.8942
8,4096,178,156,99.4707
8,4096,178,158,104.0288
8,4096,178,160,101.3265
8,4096,178,162,99.9357
8,4096,178,164,98.9908
8,4096,178,166,98.3109
8,4096,178,168,102.38
8,4096,178,170,94.756
8,4096,178,172,99.7603
8,4096,178,174,94.4636
8,4096,178,176,94.8877
8,4096,180,2,44.9643
8,4096,180,4,78.7256
8,4096,180,6,103.8454
8,4096,180,8,122.3718
8,4096,180,10,109.3364
8,4096,180,12,118.7278
8,4096,180,14,129.0699
8,4096,180,16,140.8866
8,4096,180,18,127.8097
8,4096,180,20,133.8353
8,4096,180,22,137.8704
8,4096,180,24,146.0505
8,4096,180,26,133.957
8,4096,180,28,134.9254
8,4096,180,30,141.2757
8,4096,180,32,145.0624
8,4096,180,34,134.7041
8,4096,180,36,135.0204
8,4096,180,38,141.3417
8,4096,180,40,139.5728
8,4096,180,42,136.4191
8,4096,180,44,132.8116
8,4096,180,46,143.1999
8,4096,180,48,138.0902
8,4096,180,50,134.4786
8,4096,180,52,135.0021
8,4096,180,54,132.2584
8,4096,180,56,135.1695
8,4096,180,58,127.044
8,4096,180,60,132.7218
8,4096,180,62,138.9824
8,4096,180,64,127.9441
8,4096,180,66,130.4374
8,4096,180,68,133.1193
8,4096,180,70,134.8776
8,4096,180,72,129.8724
8,4096,180,74,132.683
8,4096,180,76,132.1491
8,4096,180,78,126.5463
8,4096,180,80,132.552
8,4096,180,82,129.2434
8,4096,180,84,123.048
8,4096,180,86,123.3894
8,4096,180,88,123.4899
8,4096,180,90,123.5184
8,4096,180,92,121.8598
8,4096,180,94,128.044
8,4096,180,96,122.65
8,4096,180,98,122.86
8,4096,180,100,118.384
8,4096,180,102,123.5375
8,4096,180,104,121.4389
8,4096,180,106,120.4729
8,4096,180,108,125.1795
8,4096,180,110,121.5214
8,4096,180,112,123.0601
8,4096,180,114,113.8112
8,4096,180,116,118.7918
8,4096,180,118,116.677
8,4096,180,120,122.1144
8,4096,180,122,116.7515
8,4096,180,124,113.4886
8,4096,180,126,115.4335
8,4096,180,128,111.4973
8,4096,180,130,112.3141
8,4096,180,132,114.7171
8,4096,180,134,110.7568
8,4096,180,136,113.8767
8,4096,180,138,113.3181
8,4096,180,140,108.4921
8,4096,180,142,111.5071
8,4096,180,144,111.6731
8,4096,180,146,105.4369
8,4096,180,148,110.1046
8,4096,180,150,107.5575
8,4096,180,152,106.0994
8,4096,180,154,104.1284
8,4096,180,156,107.3539
8,4096,180,158,103.7453
8,4096,180,160,101.9702
8,4096,180,162,101.5557
8,4096,180,164,106.4325
8,4096,180,166,96.8154
8,4096,180,168,101.2301
8,4096,180,170,100.5295
8,4096,180,172,99.0305
8,4096,180,174,96.2718
8,4096,180,176,98.0217
8,4096,180,178,98.786
8,4096,182,2,44.9258
8,4096,182,4,77.4824
8,4096,182,6,104.7872
8,4096,182,8,124.1246
8,4096,182,10,105.9894
8,4096,182,12,114.3244
8,4096,182,14,130.3747
8,4096,182,16,134.4756
8,4096,182,18,126.5266
8,4096,182,20,128.4877
8,4096,182,22,136.8631
8,4096,182,24,145.1803
8,4096,182,26,133.0066
8,4096,182,28,138.7144
8,4096,182,30,138.7509
8,4096,182,32,144.9064
8,4096,182,34,129.1729
8,4096,182,36,133.3117
8,4096,182,38,135.3889
8,4096,182,40,141.6324
8,4096,182,42,124.3558
8,4096,182,44,137.0354
8,4096,182,46,134.8147
8,4096,182,48,144.366
8,4096,182,50,135.4238
8,4096,182,52,135.4196
8,4096,182,54,133.8396
8,4096,182,56,145.563
8,4096,182,58,133.2793
8,4096,182,60,132.9534
8,4096,182,62,135.0564
8,4096,182,64,138.6782
8,4096,182,66,134.7211
8,4096,182,68,135.5872
8,4096,182,70,133.5839
8,4096,182,72,126.0253
8,4096,182,74,131.0532
8,4096,182,76,126.9307
8,4096,182,78,130.5006
8,4096,182,80,128.2178
8,4096,182,82,126.4709
8,4096,182,84,125.121
8,4096,182,86,126.4838
8,4096,182,88,129.7142
8,4096,182,90,123.3832
8,4096,182,92,126.6581
8,4096,182,94,124.6434
8,4096,182,96,126.7592
8,4096,182,98,120.2804
8,4096,182,100,125.1874
8,4096,182,102,116.941
8,4096,182,104,126.1059
8,4096,182,106,119.2895
8,4096,182,108,116.5382
8,4096,182,110,121.2316
8,4096,182,112,122.0419
8,4096,182,114,120.8242
8,4096,182,116,116.4342
8,4096,182,118,121.511
8,4096,182,120,116.0372
8,4096,182,122,118.506
8,4096,182,124,117.7198
8,4096,182,126,114.186
8,4096,182,128,118.6062
8,4096,182,130,111.649
8,4096,182,132,116.3899
8,4096,182,134,115.1221
8,4096,182,136,108.2282
8,4096,182,138,113.5727
8,4096,182,140,113.2812
8,4096,182,142,105.3776
8,4096,182,144,113.0929
8,4096,182,146,111.0529
8,4096,182,148,106.0295
8,4096,182,150,109.4725
8,4096,182,152,107.3839
8,4096,182,154,105.0018
8,4096,182,156,101.1687
8,4096,182,158,108.9921
8,4096,182,160,105.2043
8,4096,182,162,104.0702
8,4096,182,164,101.2092
8,4096,182,166,104.5779
8,4096,182,168,104.083
8,4096,182,170,100.1555
8,4096,182,172,98.9234
8,4096,182,174,99.3847
8,4096,182,176,101.5858
8,4096,182,178,99.3737
8,4096,182,180,96.5591
8,4096,184,2,45.2618
8,4096,184,4,77.6921
8,4096,184,6,102.118
8,4096,184,8,121.0668
8,4096,184,10,110.6646
8,4096,184,12,121.7218
8,4096,184,14,123.2328
8,4096,184,16,144.6238
8,4096,184,18,123.2593
8,4096,184,20,131.6838
8,4096,184,22,122.2598
8,4096,184,24,149.1264
8,4096,184,26,128.8122
8,4096,184,28,142.5598
8,4096,184,30,140.8392
8,4096,184,32,149.9251
8,4096,184,34,132.3462
8,4096,184,36,139.6189
8,4096,184,38,139.1193
8,4096,184,40,144.2853
8,4096,184,42,136.1542
8,4096,184,44,136.0663
8,4096,184,46,143.6852
8,4096,184,48,144.0773
8,4096,184,50,136.5527
8,4096,184,52,132.0484
8,4096,184,54,139.0329
8,4096,184,56,137.22
8,4096,184,58,125.1339
8,4096,184,60,129.3344
8,4096,184,62,139.7343
8,4096,184,64,132.7157
8,4096,184,66,130.3206
8,4096,184,68,132.8586
8,4096,184,70,132.5274
8,4096,184,72,133.2631
8,4096,184,74,130.5561
8,4096,184,76,129.1968
8,4096,184,78,132.7995
8,4096,184,80,133.7998
8,4096,184,82,125.077
8,4096,184,84,131.2957
8,4096,184,86,125.7155
8,4096,184,88,126.0382
8,4096,184,90,124.3096
8,4096,184,92,121.4758
8,4096,184,94,122.7422
8,4096,184,96,125.3745
8,4096,184,98,123.7722
8,4096,184,100,119.7363
8,4096,184,102,124.6343
8,4096,184,104,126.1185
8,4096,184,106,122.2308
8,4096,184,108,116.5723
8,4096,184,110,115.1185
8,4096,184,112,123.9918
8,4096,184,114,114.3242
8,4096,184,116,121.4618
8,4096,184,118,121.7462
8,4096,184,120,107.5966
8,4096,184,122,116.198
8,4096,184,124,115.0897
8,4096,184,126,112.2577
8,4096,184,128,117.7382
8,4096,184,130,113.2941
8,4096,184,132,114.8953
8,4096,184,134,114.5899
8,4096,184,136,109.4811
8,4096,184,138,116.0453
8,4096,184,140,113.0418
8,4096,184,142,109.2207
8,4096,184,144,107.7215
8,4096,184,146,109.6721
8,4096,184,148,105.666
8,4096,184,150,109.8095
8,4096,184,152,109.7864
8,4096,184,154,101.4502
8,4096,184,156,104.996
8,4096,184,158,106.4278
8,4096,184,160,106.3822
8,4096,184,162,101.6026
8,4096,184,164,102.0769
8,4096,184,166,104.4765
8,4096,184,168,105.3315
8,4096,184,170,98.0638
8,4096,184,172,98.3239
8,4096,184,174,95.3668
8,4096,184,176,101.3314
8,4096,184,178,100.0624
8,4096,184,180,98.9063
8,4096,184,182,94.3124
8,4096,186,2,44.3977
8,4096,186,4,77.0197
8,4096,186,6,102.1232
8,4096,186,8,118.9335
8,4096,186,10,109.5157
8,4096,186,12,120.5387
8,4096,186,14,118.8528
8,4096,186,16,138.7757
8,4096,186,18,125.0457
8,4096,186,20,126.2533
8,4096,186,22,132.5257
8,4096,186,24,143.1874
8,4096,186,26,133.8313
8,4096,186,28,135.2527
8,4096,186,30,138.7732
8,4096,186,32,145.7845
8,4096,186,34,135.0909
8,4096,186,36,137.8138
8,4096,186,38,130.9837
8,4096,186,40,143.5197
8,4096,186,42,134.8599
8,4096,186,44,136.0216
8,4096,186,46,137.2591
8,4096,186,48,140.5306
8,4096,186,50,130.7838
8,4096,186,52,136.9594
8,4096,186,54,133.0043
8,4096,186,56,136.8602
8,4096,186,58,131.5333
8,4096,186,60,132.7668
8,4096,186,62,133.875
8,4096,186,64,137.0265
8,4096,186,66,129.5829
8,4096,186,68,131.9229
8,4096,186,70,113.0332
8,4096,186,72,134.2651
8,4096,186,74,130.7798
8,4096,186,76,130.245
8,4096,186,78,128.1539
8,4096,186,80,126.6584
8,4096,186,82,126.9405
8,4096,186,84,120.3399
8,4096,186,86,125.4474
8,4096,186,88,122.8723
8,4096,186,90,123.2143
8,4096,186,92,124.0597
8,4096,186,94,119.7273
8,4096,186,96,124.2659
8,4096,186,98,117.5016
8,4096,186,100,120.5387
8,4096,186,102,121.1662
8,4096,186,104,119.3337
8,4096,186,106,121.5971
8,4096,186,108,116.351
8,4096,186,110,119.2251
8,4096,186,112,120.2821
8,4096,186,114,117.2168
8,4096,186,116,118.344
8,4096,186,118,115.6347
8,4096,186,120,117.1284
8,4096,186,122,117.5238
8,4096,186,124,112.0877
8,4096,186,126,111.2855
8,4096,186,128,114.5165
8,4096,186,130,111.5308
8,4096,186,132,107.1
8,4096,186,134,113.048
8,4096,186,136,109.7962
8,4096,186,138,101.3255
8,4096,186,140,106.1189
8,4096,186,142,103.7613
8,4096,186,144,106.1997
8,4096,186,146,109.1332
8,4096,186,148,108.2418
8,4096,186,150,101.5082
8,4096,186,152,100.6852
8,4096,186,154,106.1727
8,4096,186,156,105.9131
8,4096,186,158,101.3118
8,4096,186,160,98.5899
8,4096,186,162,100.9704
8,4096,186,164,103.2628
8,4096,186,166,101.3285
8,4096,186,168,98.3626
8,4096,186,170,96.9515
8,4096,186,172,89.5729
8,4096,186,174,95.5714
8,4096,186,176,98.5321
8,4096,186,178,97.4064
8,4096,186,180,96.4546
8,4096,186,182,97.0081
8,4096,186,184,95.4754
8,4096,188,2,45.0528
8,4096,188,4,78.0848
8,4096,188,6,91.1695
8,4096,188,8,119.673
8,4096,188,10,110.2884
8,4096,188,12,116.0247
8,4096,188,14,127.8144
8,4096,188,16,138.8579
8,4096,188,18,123.1058
8,4096,188,20,133.2402
8,4096,188,22,137.6075
8,4096,188,24,148.1233
8,4096,188,26,127.1113
8,4096,188,28,138.3699
8,4096,188,30,137.4938
8,4096,188,32,148.0658
8,4096,188,34,129.8101
8,4096,188,36,141.0479
8,4096,188,38,134.7295
8,4096,188,40,141.7739
8,4096,188,42,134.1774
8,4096,188,44,136.3772
8,4096,188,46,134.4433
8,4096,188,48,138.0935
8,4096,188,50,130.7513
8,4096,188,52,134.3802
8,4096,188,54,132.1731
8,4096,188,56,139.7916
8,4096,188,58,129.9356
8,4096,188,60,133.3558
8,4096,188,62,130.6058
8,4096,188,64,140.0652
8,4096,188,66,136.0422
8,4096,188,68,132.0809
8,4096,188,70,134.5985
8,4096,188,72,135.308
8,4096,188,74,123.5618
8,4096,188,76,131.8992
8,4096,188,78,129.8614
8,4096,188,80,131.7464
8,4096,188,82,125.8579
8,4096,188,84,127.4016
8,4096,188,86,122.6681
8,4096,188,88,128.0721
8,4096,188,90,121.1287
8,4096,188,92,122.4439
8,4096,188,94,124.7933
8,4096,188,96,119.6361
8,4096,188,98,123.2463
8,4096,188,100,120.2368
8,4096,188,102,122.6177
8,4096,188,104,110.5768
8,4096,188,106,116.0045
8,4096,188,108,121.3238
8,4096,188,110,116.5228
8,4096,188,112,119.4805
8,4096,188,114,121.3868
8,4096,188,116,114.9818
8,4096,188,118,118.9198
8,4096,188,120,114.9705
8,4096,188,122,117.4255
8,4096,188,124,118.3637
8,4096,188,126,112.4747
8,4096,188,128,116.39
8,4096,188,130,112.5493
8,4096,188,132,111.2217
8,4096,188,134,114.6151
8,4096,188,136,110.3248
8,4096,188,138,109.5697
8,4096,188,140,113.5213
8,4096,188,142,107.9315
8,4096,188,144,108.4293
8,4096,188,146,103.433
8,4096,188,148,108.5299
8,4096,188,150,103.6921
8,4096,188,152,104.6098
8,4096,188,154,107.6186
8,4096,188,156,106.5912
8,4096,188,158,99.1122
8,4096,188,160,104.593
8,4096,188,162,98.54
8,4096,188,164,98.9632
8,4096,188,166,100.6374
8,4096,188,168,96.2488
8,4096,188,170,96.741
8,4096,188,172,101.7944
8,4096,188,174,99.8573
8,4096,188,176,99.9737
8,4096,188,178,91.9598
8,4096,188,180,95.3123
8,4096,188,182,93.6446
8,4096,188,184,96.4364
8,4096,188,186,75.536
8,4096,190,2,43.1346
8,4096,190,4,79.2931
8,4096,190,6,87.6512
8,4096,190,8,119.5087
8,4096,190,10,105.6504
8,4096,190,12,119.6258
8,4096,190,14,128.6764
8,4096,190,16,142.7514
8,4096,190,18,123.4422
8,4096,190,20,134.9256
8,4096,190,22,136.7486
8,4096,190,24,129.5673
8,4096,190,26,116.9573
8,4096,190,28,116.6671
8,4096,190,30,116.6106
8,4096,190,32,145.0077
8,4096,190,34,135.4296
8,4096,190,36,131.0418
8,4096,190,38,140.5106
8,4096,190,40,141.3666
8,4096,190,42,132.358
8,4096,190,44,135.3586
8,4096,190,46,139.9134
8,4096,190,48,132.8315
8,4096,190,50,136.2532
8,4096,190,52,124.8318
8,4096,190,54,122.8692
8,4096,190,56,132.1104
8,4096,190,58,135.8752
8,4096,190,60,123.56
8,4096,190,62,133.0629
8,4096,190,64,134.8577
8,4096,190,66,128.4899
8,4096,190,68,130.4888
8,4096,190,70,134.2857
8,4096,190,72,125.2869
8,4096,190,74,131.4253
8,4096,190,76,125.0455
8,4096,190,78,126.8056
8,4096,190,80,126.113
8,4096,190,82,128.0939
8,4096,190,84,121.1524
8,4096,190,86,126.483
8,4096,190,88,126.2175
8,4096,190,90,119.0036
8,4096,190,92,122.1077
8,4096,190,94,117.9418
8,4096,190,96,124.6836
8,4096,190,98,122.879
8,4096,190,100,122.7737
8,4096,190,102,122.3783
8,4096,190,104,115.4856
8,4096,190,106,120.5669
8,4096,190,108,117.9963
8,4096,190,110,120.4308
8,4096,190,112,120.6413
8,4096,190,114,115.3888
8,4096,190,116,118.2791
8,4096,190,118,112.8036
8,4096,190,120,119.2037
8,4096,190,122,118.9503
8,4096,190,124,111.9269
8,4096,190,126,115.0299
8,4096,190,128,116.0712
8,4096,190,130,108.9077
8,4096,190,132,115.4322
8,4096,190,134,110.6321
8,4096,190,136,110.3044
8,4096,190,138,111.5689
8,4096,190,140,110.9048
8,4096,190,142,106.9942
8,4096,190,144,111.3725
8,4096,190,146,111.0063
8,4096,190,148,107.7335
8,4096,190,150,101.4379
8,4096,190,152,107.3978
8,4096,190,154,103.0443
8,4096,190,156,102.7408
8,4096,190,158,99.7729
8,4096,190,160,102.8161
8,4096,190,162,102.6353
8,4096,190,164,100.8788
8,4096,190,166,99.9949
8,4096,190,168,100.3349
8,4096,190,170,98.9758
8,4096,190,172,101.1636
8,4096,190,174,100.463
8,4096,190,176,95.2169
8,4096,190,178,95.561
8,4096,190,180,94.697
8,4096,190,182,94.5534
8,4096,190,184,94.9354
8,4096,190,186,94.9988
8,4096,190,188,94.4798
8,4096,192,2,45.4526
8,4096,192,4,76.8963
8,4096,192,6,106.4571
8,4096,192,8,126.5046
8,4096,192,10,108.8012
8,4096,192,12,122.2284
8,4096,192,14,129.2851
8,4096,192,16,141.3783
8,4096,192,18,129.1396
8,4096,192,20,130.5345
8,4096,192,22,141.3718
8,4096,192,24,137.6371
8,4096,192,26,133.8533
8,4096,192,28,132.6751
8,4096,192,30,138.5776
8,4096,192,32,143.0339
8,4096,192,34,137.4869
8,4096,192,36,136.0731
8,4096,192,38,132.1028
8,4096,192,40,148.4014
8,4096,192,42,140.2831
8,4096,192,44,133.566
8,4096,192,46,135.8054
8,4096,192,48,141.7066
8,4096,192,50,121.5552
8,4096,192,52,130.8338
8,4096,192,54,130.442
8,4096,192,56,128.6553
8,4096,192,58,123.614
8,4096,192,60,128.7822
8,4096,192,62,126.6409
8,4096,192,64,127.9239
8,4096,192,66,129.1551
8,4096,192,68,119.8151
8,4096,192,70,126.7502
8,4096,192,72,126.1866
8,4096,192,74,120.9203
8,4096,192,76,120.0446
8,4096,192,78,116.1824
8,4096,192,80,123.5037
8,4096,192,82,108.9763
8,4096,192,84,116.9393
8,4096,192,86,117.3471
8,4096,192,88,114.0949
8,4096,192,90,108.5704
8,4096,192,92,111.6016
8,4096,192,94,110.1591
8,4096,192,96,109.4472
8,4096,192,98,109.8031
8,4096,192,100,113.1901
8,4096,192,102,104.8855
8,4096,192,104,113.5778
8,4096,192,106,110.8485
8,4096,192,108,100.4496
8,4096,192,110,103.8887
8,4096,192,112,109.6209
8,4096,192,114,108.3358
8,4096,192,116,101.3831
8,4096,192,118,104.2023
8,4096,192,120,103.0016
8,4096,192,122,101.3072
8,4096,192,124,100.2148
8,4096,192,126,97.3172
8,4096,192,128,98.2652
8,4096,192,130,99.3663
8,4096,192,132,100.2868
8,4096,192,134,101.0261
8,4096,192,136,99.8889
8,4096,192,138,97.8661
8,4096,192,140,95.8857
8,4096,192,142,96.2652
8,4096,192,144,100.2471
8,4096,192,146,102.8272
8,4096,192,148,102.7496
8,4096,192,150,104.6095
8,4096,192,152,100.2264
8,4096,192,154,98.0511
8,4096,192,156,92.273
8,4096,192,158,93.8841
8,4096,192,160,93.0102
8,4096,192,162,93.7292
8,4096,192,164,93.1233
8,4096,192,166,93.7166
8,4096,192,168,88.6225
8,4096,192,170,97.9345
8,4096,192,172,97.0206
8,4096,192,174,95.7437
8,4096,192,176,95.2506
8,4096,192,178,87.3873
8,4096,192,180,87.9364
8,4096,192,182,94.3587
8,4096,192,184,93.3561
8,4096,192,186,91.5554
8,4096,192,188,92.5651
8,4096,192,190,92.7259
8,4096,194,2,45.6439
8,4096,194,4,75.5255
8,4096,194,6,103.6041
8,4096,194,8,119.8879
8,4096,194,10,107.5316
8,4096,194,12,121.3221
8,4096,194,14,126.5637
8,4096,194,16,131.3168
8,4096,194,18,125.9527
8,4096,194,20,128.8355
8,4096,194,22,137.9253
8,4096,194,24,138.2412
8,4096,194,26,133.1937
8,4096,194,28,131.9866
8,4096,194,30,136.3391
8,4096,194,32,136.2945
8,4096,194,34,133.2741
8,4096,194,36,131.6133
8,4096,194,38,135.6065
8,4096,194,40,138.6296
8,4096,194,42,133.3202
8,4096,194,44,131.4549
8,4096,194,46,135.4936
8,4096,194,48,130.0709
8,4096,194,50,119.8159
8,4096,194,52,126.65
8,4096,194,54,130.0992
8,4096,194,56,129.6425
8,4096,194,58,119.2232
8,4096,194,60,122.8842
8,4096,194,62,119.6075
8,4096,194,64,123.9921
8,4096,194,66,119.3076
8,4096,194,68,117.5163
8,4096,194,70,121.1298
8,4096,194,72,116.7386
8,4096,194,74,115.1116
8,4096,194,76,114.5986
8,4096,194,78,107.8588
8,4096,194,80,109.7002
8,4096,194,82,105.4989
8,4096,194,84,107.8783
8,4096,194,86,104.0056
8,4096,194,88,103.5554
8,4096,194,90,104.5477
8,4096,194,92,98.2341
8,4096,194,94,100.196
8,4096,194,96,101.0831
8,4096,194,98,101.9688
8,4096,194,100,99.4957
8,4096,194,102,100.1077
8,4096,194,104,96.3195
8,4096,194,106,92.7967
8,4096,194,108,99.123
8,4096,194,110,97.4479
8,4096,194,112,95.823
8,4096,194,114,94.4743
8,4096,194,116,94.3405
8,4096,194,118,96.2149
8,4096,194,120,90.5418
8,4096,194,122,90.4141
8,4096,194,124,90.6641
8,4096,194,126,91.8288
8,4096,194,128,89.1068
8,4096,194,130,90.7344
8,4096,194,132,90.641
8,4096,194,134,90.739
8,4096,194,136,85.1392
8,4096,194,138,86.8764
8,4096,194,140,89.1703
8,4096,194,142,87.6742
8,4096,194,144,87.3634
8,4096,194,146,94.7144
8,4096,194,148,94.9372
8,4096,194,150,84.9505
8,4096,194,152,85.0042
8,4096,194,154,82.8136
8,4096,194,156,82.8001
8,4096,194,158,82.9678
8,4096,194,160,82.9729
8,4096,194,162,67.6628
8,4096,194,164,75.2358
8,4096,194,166,79.4245
8,4096,194,168,82.5476
8,4096,194,170,91.9248
8,4096,194,172,90.47
8,4096,194,174,90.7975
8,4096,194,176,84.9349
8,4096,194,178,80.1202
8,4096,194,180,75.2939
8,4096,194,182,73.4437
8,4096,194,184,74.0595
8,4096,194,186,84.7995
8,4096,194,188,81.7884
8,4096,194,190,82.6165
8,4096,194,192,83.4254
8,4096,196,2,45.6354
8,4096,196,4,78.3844
8,4096,196,6,104.9036
8,4096,196,8,119.2684
8,4096,196,10,110.4473
8,4096,196,12,121.0697
8,4096,196,14,125.8973
8,4096,196,16,143.3964
8,4096,196,18,123.4928
8,4096,196,20,133.5725
8,4096,196,22,135.9053
8,4096,196,24,141.7167
8,4096,196,26,131.6822
8,4096,196,28,136.6295
8,4096,196,30,134.5058
8,4096,196,32,144.4203
8,4096,196,34,131.6964
8,4096,196,36,135.2623
8,4096,196,38,133.68
8,4096,196,40,143.4056
8,4096,196,42,128.4481
8,4096,196,44,138.5398
8,4096,196,46,134.6558
8,4096,196,48,135.3827
8,4096,196,50,124.0572
8,4096,196,52,128.2676
8,4096,196,54,123.6675
8,4096,196,56,134.4699
8,4096,196,58,126.0022
8,4096,196,60,119.2428
8,4096,196,62,125.1016
8,4096,196,64,121.9264
8,4096,196,66,127.0327
8,4096,196,68,123.2126
8,4096,196,70,123.9845
8,4096,196,72,122.7709
8,4096,196,74,114.7912
8,4096,196,76,109.5101
8,4096,196,78,115.9282
8,4096,196,80,111.9485
8,4096,196,82,112.8497
8,4096,196,84,116.9337
8,4096,196,86,110.4252
8,4096,196,88,104.7851
8,4096,196,90,106.487
8,4096,196,92,109.7321
8,4096,196,94,103.5094
8,4096,196,96,102.9767
8,4096,196,98,106.4267
8,4096,196,100,104.6505
8,4096,196,102,101.8621
8,4096,196,104,105.5881
8,4096,196,106,99.8532
8,4096,196,108,101.8755
8,4096,196,110,103.9273
8,4096,196,112,101.8558
8,4096,196,114,96.2448
8,4096,196,116,97.2399
8,4096,196,118,98.1491
8,4096,196,120,95.7699
8,4096,196,122,99.2615
8,4096,196,124,97.8023
8,4096,196,126,95.0004
8,4096,196,128,99.6581
8,4096,196,130,95.1515
8,4096,196,132,97.1817
8,4096,196,134,95.6256
8,4096,196,136,94.0906
8,4096,196,138,91.5606
8,4096,196,140,91.5588
8,4096,196,142,90.9133
8,4096,196,144,91.785
8,4096,196,146,97.7208
8,4096,196,148,99.7649
8,4096,196,150,91.3419
8,4096,196,152,92.2525
8,4096,196,154,87.731
8,4096,196,156,91.5463
8,4096,196,158,91.1071
8,4096,196,160,86.3521
8,4096,196,162,88.0439
8,4096,196,164,86.8424
8,4096,196,166,86.635
8,4096,196,168,80.9509
8,4096,196,170,90.0417
8,4096,196,172,87.5591
8,4096,196,174,89.6452
8,4096,196,176,87.6798
8,4096,196,178,80.8663
8,4096,196,180,78.5201
8,4096,196,182,79.8415
8,4096,196,184,78.5204
8,4096,196,186,84.3945
8,4096,196,188,84.5208
8,4096,196,190,83.1811
8,4096,196,192,82.342
8,4096,196,194,72.8083
8,4096,198,2,46.0637
8,4096,198,4,78.2999
8,4096,198,6,103.5819
8,4096,198,8,122.4866
8,4096,198,10,109.6324
8,4096,198,12,117.4364
8,4096,198,14,129.5775
8,4096,198,16,140.6726
8,4096,198,18,128.5279
8,4096,198,20,131.2651
8,4096,198,22,135.1859
8,4096,198,24,143.3861
8,4096,198,26,133.0696
8,4096,198,28,132.6331
8,4096,198,30,131.2907
8,4096,198,32,143.2153
8,4096,198,34,129.8292
8,4096,198,36,138.5659
8,4096,198,38,133.0296
8,4096,198,40,143.2966
8,4096,198,42,135.9059
8,4096,198,44,138.1218
8,4096,198,46,137.5352
8,4096,198,48,136.8449
8,4096,198,50,128.1898
8,4096,198,52,130.2476
8,4096,198,54,123.5324
8,4096,198,56,131.6265
8,4096,198,58,117.9765
8,4096,198,60,118.7328
8,4096,198,62,119.9885
8,4096,198,64,126.4144
8,4096,198,66,121.5336
8,4096,198,68,113.565
8,4096,198,70,121.195
8,4096,198,72,120.5696
8,4096,198,74,114.9276
8,4096,198,76,112.5218
8,4096,198,78,112.9057
8,4096,198,80,110.3413
8,4096,198,82,110.1816
8,4096,198,84,107.8157
8,4096,198,86,105.2148
8,4096,198,88,98.5978
8,4096,198,90,107.2475
8,4096,198,92,105.9129
8,4096,198,94,102.7069
8,4096,198,96,99.9311
8,4096,198,98,96.9184
8,4096,198,100,96.8322
8,4096,198,102,101.0173
8,4096,198,104,104.1272
8,4096,198,106,97.7831
8,4096,198,108,95.5806
8,4096,198,110,98.9039
8,4096,198,112,94.9187
8,4096,198,114,94.239
8,4096,198,116,92.3708
8,4096,198,118,96.2713
8,4096,198,120,97.1191
8,4096,198,122,94.3112
8,4096,198,124,93.9997
8,4096,198,126,94.0989
8,4096,198,128,93.5177
8,4096,198,130,94.0342
8,4096,198,132,94.6138
8,4096,198,134,93.487
8,4096,198,136,93.2882
8,4096,198,138,93.4754
8,4096,198,140,91.6549
8,4096,198,142,93.0064
8,4096,198,144,92.3905
8,4096,198,146,98.5007
8,4096,198,148,94.2419
8,4096,198,150,84.5665
8,4096,198,152,85.4438
8,4096,198,154,83.6527
8,4096,198,156,85.6665
8,4096,198,158,85.2435
8,4096,198,160,86.1179
8,4096,198,162,86.7511
8,4096,198,164,85.2507
8,4096,198,166,84.2529
8,4096,198,168,83.6811
8,4096,198,170,92.7596
8,4096,198,172,90.6915
8,4096,198,174,92.3892
8,4096,198,176,89.9637
8,4096,198,178,83.3459
8,4096,198,180,80.1809
8,4096,198,182,77.7664
8,4096,198,184,77.5779
8,4096,198,186,86.7214
8,4096,198,188,85.0585
8,4096,198,190,85.0476
8,4096,198,192,82.4989
8,4096,198,194,70.0306
8,4096,198,196,70.9652
8,4096,200,2,46.5301
8,4096,200,4,80.8533
8,4096,200,6,104.5234
8,4096,200,8,126.2158
8,4096,200,10,108.2071
8,4096,200,12,119.836
8,4096,200,14,131.2627
8,4096,200,16,140.441
8,4096,200,18,124.9549
8,4096,200,20,132.1339
8,4096,200,22,136.3928
8,4096,200,24,146.0896
8,4096,200,26,133.9318
8,4096,200,28,135.3867
8,4096,200,30,139.5354
8,4096,200,32,141.82
8,4096,200,34,138.9967
8,4096,200,36,135.0709
8,4096,200,38,140.4873
8,4096,200,40,137.5066
8,4096,200,42,136.471
8,4096,200,44,132.1954
8,4096,200,46,143.3785
8,4096,200,48,132.1704
8,4096,200,50,130.7722
8,4096,200,52,125.0191
8,4096,200,54,131.3097
8,4096,200,56,127.3813
8,4096,200,58,126.4154
8,4096,200,60,123.2699
8,4096,200,62,126.3842
8,4096,200,64,127.8773
8,4096,200,66,119.0135
8,4096,200,68,123.4213
8,4096,200,70,118.1295
8,4096,200,72,125.2188
8,4096,200,74,116.7462
8,4096,200,76,108.5076
8,4096,200,78,112.0032
8,4096,200,80,116.1275
8,4096,200,82,108.8765
8,4096,200,84,111.642
8,4096,200,86,111.0047
8,4096,200,88,107.8974
8,4096,200,90,104.2958
8,4096,200,92,100.4016
8,4096,200,94,105.3098
8,4096,200,96,100.0916
8,4096,200,98,97.0269
8,4096,200,100,97.9279
8,4096,200,102,101.7893
8,4096,200,104,102.0924
8,4096,200,106,99.3638
8,4096,200,108,95.7295
8,4096,200,110,95.3303
8,4096,200,112,95.6748
8,4096,200,114,96.0056
8,4096,200,116,94.9857
8,4096,200,118,97.4608
8,4096,200,120,97.0377
8,4096,200,122,95.0845
8,4096,200,124,94.7383
8,4096,200,126,92.421
8,4096,200,128,94.4863
8,4096,200,130,92.2531
8,4096,200,132,89.705
8,4096,200,134,91.2728
8,4096,200,136,91.682
8,4096,200,138,92.4506
8,4096,200,140,90.7837
8,4096,200,142,90.6393
8,4096,200,144,89.3456
8,4096,200,146,96.2111
8,4096,200,148,95.7324
8,4096,200,150,88.3978
8,4096,200,152,88.7533
8,4096,200,154,89.3521
8,4096,200,156,90.1824
8,4096,200,158,86.3218
8,4096,200,160,76.692
8,4096,200,162,83.7973
8,4096,200,164,84.1527
8,4096,200,166,83.3792
8,4096,200,168,82.6842
8,4096,200,170,92.5015
8,4096,200,172,90.6112
8,4096,200,174,87.2503
8,4096,200,176,90.3078
8,4096,200,178,80.8181
8,4096,200,180,82.4566
8,4096,200,182,77.8051
8,4096,200,184,71.7285
8,4096,200,186,83.7903
8,4096,200,188,86.0403
8,4096,200,190,85.0185
8,4096,200,192,88.2056
8,4096,200,194,71.4689
8,4096,200,196,69.3534
8,4096,200,198,69.1779
8,4096,202,2,47.71
8,4096,202,4,80.1691
8,4096,202,6,102.115
8,4096,202,8,122.6806
8,4096,202,10,110.2048
8,4096,202,12,118.2712
8,4096,202,14,129.8881
8,4096,202,16,138.9065
8,4096,202,18,119.8589
8,4096,202,20,131.9133
8,4096,202,22,130.1888
8,4096,202,24,144.2043
8,4096,202,26,129.2259
8,4096,202,28,133.382
8,4096,202,30,134.4884
8,4096,202,32,142.8321
8,4096,202,34,132.4552
8,4096,202,36,139.0216
8,4096,202,38,134.0154
8,4096,202,40,142.7134
8,4096,202,42,123.8896
8,4096,202,44,136.2254
8,4096,202,46,132.6141
8,4096,202,48,134.8892
8,4096,202,50,123.4179
8,4096,202,52,128.9835
8,4096,202,54,113.5774
8,4096,202,56,127.6958
8,4096,202,58,126.7532
8,4096,202,60,115.6123
8,4096,202,62,124.3359
8,4096,202,64,122.4531
8,4096,202,66,119.1253
8,4096,202,68,122.8776
8,4096,202,70,111.5023
8,4096,202,72,122.2514
8,4096,202,74,116.5378
8,4096,202,76,107.6913
8,4096,202,78,110.5267
8,4096,202,80,111.1036
8,4096,202,82,106.818
8,4096,202,84,107.9818
8,4096,202,86,106.6219
8,4096,202,88,104.868
8,4096,202,90,102.1636
8,4096,202,92,100.5147
8,4096,202,94,102.4588
8,4096,202,96,100.7084
8,4096,202,98,98.2986
8,4096,202,100,91.2478
8,4096,202,102,99.3358
8,4096,202,104,97.6173
8,4096,202,106,94.2682
8,4096,202,108,93.3651
8,4096,202,110,92.3418
8,4096,202,112,90.7344
8,4096,202,114,91.9081
8,4096,202,116,94.6841
8,4096,202,118,94.2162
8,4096,202,120,95.1729
8,4096,202,122,94.134
8,4096,202,124,92.2197
8,4096,202,126,94.7338
8,4096,202,128,92.7376
8,4096,202,130,93.5201
8,4096,202,132,92.5939
8,4096,202,134,92.6788
8,4096,202,136,92.5329
8,4096,202,138,94.343
8,4096,202,140,93.3026
8,4096,202,142,91.5998
8,4096,202,144,85.8386
8,4096,202,146,94.335
8,4096,202,148,93.404
8,4096,202,150,88.2105
8,4096,202,152,86.78
8,4096,202,154,85.3856
8,4096,202,156,88.0999
8,4096,202,158,84.2197
8,4096,202,160,85.7933
8,4096,202,162,86.3435
8,4096,202,164,85.2106
8,4096,202,166,84.3716
8,4096,202,168,80.4841
8,4096,202,170,88.0611
8,4096,202,172,87.801
8,4096,202,174,86.178
8,4096,202,176,83.805
8,4096,202,178,79.4484
8,4096,202,180,79.6949
8,4096,202,182,78.5031
8,4096,202,184,75.1335
8,4096,202,186,80.955
8,4096,202,188,78.0831
8,4096,202,190,84.422
8,4096,202,192,83.9203
8,4096,202,194,62.0846
8,4096,202,196,61.7594
8,4096,202,198,61.7188
8,4096,202,200,59.9732
8,4096,204,2,49.7768
8,4096,204,4,74.6757
8,4096,204,6,104.2187
8,4096,204,8,120.4842
8,4096,204,10,105.8243
8,4096,204,12,116.5194
8,4096,204,14,129.28
8,4096,204,16,134.0524
8,4096,204,18,126.0148
8,4096,204,20,127.3214
8,4096,204,22,133.9284
8,4096,204,24,118.0219
8,4096,204,26,126.606
8,4096,204,28,133.2871
8,4096,204,30,134.8763
8,4096,204,32,141.7555
8,4096,204,34,125.0638
8,4096,204,36,135.5651
8,4096,204,38,134.5714
8,4096,204,40,138.8369
8,4096,204,42,130.3067
8,4096,204,44,138.0648
8,4096,204,46,133.4156
8,4096,204,48,133.9795
8,4096,204,50,121.7996
8,4096,204,52,127.8046
8,4096,204,54,123.2692
8,4096,204,56,123.9817
8,4096,204,58,121.1389
8,4096,204,60,116.0004
8,4096,204,62,121.873
8,4096,204,64,120.8268
8,4096,204,66,115.7419
8,4096,204,68,115.61
8,4096,204,70,116.7533
8,4096,204,72,114.5477
8,4096,204,74,110.5597
8,4096,204,76,113.6755
8,4096,204,78,104.1615
8,4096,204,80,110.3387
8,4096,204,82,108.2645
8,4096,204,84,102.6699
8,4096,204,86,97.3541
8,4096,204,88,100.6886
8,4096,204,90,105.703
8,4096,204,92,102.2123
8,4096,204,94,101.6911
8,4096,204,96,98.507
8,4096,204,98,92.6443
8,4096,204,100,94.396
8,4096,204,102,92.1421
8,4096,204,104,92.198
8,4096,204,106,91.6204
8,4096,204,108,92.4358
8,4096,204,110,91.4155
8,4096,204,112,96.8527
8,4096,204,114,94.0075
8,4096,204,116,91.2237
8,4096,204,118,92.767
8,4096,204,120,93.6099
8,4096,204,122,90.9309
8,4096,204,124,87.7567
8,4096,204,126,89.528
8,4096,204,128,92.9567
8,4096,204,130,91.1254
8,4096,204,132,91.9879
8,4096,204,134,91.64
8,4096,204,136,91.0445
8,4096,204,138,88.2469
8,4096,204,140,90.0706
8,4096,204,142,85.2581
8,4096,204,144,90.0288
8,4096,204,146,96.981
8,4096,204,148,94.8637
8,4096,204,150,81.2176
8,4096,204,152,84.212
8,4096,204,154,84.3742
8,4096,204,156,83.3059
8,4096,204,158,83.3754
8,4096,204,160,83.4673
8,4096,204,162,86.4582
8,4096,204,164,84.5073
8,4096,204,166,85.5857
8,4096,204,168,81.062
8,4096,204,170,89.8142
8,4096,204,172,86.2323
8,4096,204,174,87.9019
8,4096,204,176,85.6225
8,4096,204,178,79.9531
8,4096,204,180,78.5152
8,4096,204,182,77.1701
8,4096,204,184,75.4213
8,4096,204,186,83.0876
8,4096,204,188,79.2145
8,4096,204,190,80.8105
8,4096,204,192,85.4887
8,4096,204,194,61.0978
8,4096,204,196,60.3394
8,4096,204,198,59.3365
8,4096,204,200,57.7094
8,4096,204,202,66.9007
8,4096,206,2,51.6783
8,4096,206,4,79.5891
8,4096,206,6,100.4456
8,4096,206,8,124.0555
8,4096,206,10,110.2062
8,4096,206,12,111.6434
8,4096,206,14,130.0292
8,4096,206,16,142.9413
8,4096,206,18,121.9415
8,4096,206,20,134.3458
8,4096,206,22,130.5611
8,4096,206,24,144.2045
8,4096,206,26,129.2049
8,4096,206,28,133.5166
8,4096,206,30,131.6908
8,4096,206,32,142.4114
8,4096,206,34,129.9142
8,4096,206,36,136.1481
8,4096,206,38,135.6798
8,4096,206,40,142.9554
8,4096,206,42,131.2288
8,4096,206,44,139.2797
8,4096,206,46,131.4504
8,4096,206,48,134.4583
8,4096,206,50,124.8111
8,4096,206,52,130.0846
8,4096,206,54,125.1429
8,4096,206,56,129.8752
8,4096,206,58,127.2871
8,4096,206,60,118.8336
8,4096,206,62,125.3898
8,4096,206,64,119.0882
8,4096,206,66,116.9921
8,4096,206,68,118.8003
8,4096,206,70,111.562
8,4096,206,72,119.88
8,4096,206,74,113.7971
8,4096,206,76,111.8108
8,4096,206,78,115.7792
8,4096,206,80,112.3153
8,4096,206,82,108.8938
8,4096,206,84,112.5014
8,4096,206,86,108.0186
8,4096,206,88,101.2911
8,4096,206,90,103.0989
8,4096,206,92,105.2152
8,4096,206,94,104.7508
8,4096,206,96,103.6312
8,4096,206,98,100.7988
8,4096,206,100,94.8052
8,4096,206,102,97.4312
8,4096,206,104,97.3908
8,4096,206,106,96.7263
8,4096,206,108,100.0243
8,4096,206,110,97.5565
8,4096,206,112,101.0843
8,4096,206,114,89.9391
8,4096,206,116,90.7989
8,4096,206,118,98.7782
8,4096,206,120,94.0223
8,4096,206,122,91.4658
8,4096,206,124,89.371
8,4096,206,126,88.0307
8,4096,206,128,93.9665
8,4096,206,130,91.325
8,4096,206,132,94.1048
8,4096,206,134,94.2673
8,4096,206,136,92.1726
8,4096,206,138,92.6399
8,4096,206,140,92.2732
8,4096,206,142,93.2954
8,4096,206,144,91.4845
8,4096,206,146,96.1494
8,4096,206,148,95.5011
8,4096,206,150,85.4983
8,4096,206,152,89.52
8,4096,206,154,89.1911
8,4096,206,156,88.1015
8,4096,206,158,89.3256
8,4096,206,160,84.4433
8,4096,206,162,86.8292
8,4096,206,164,84.826
8,4096,206,166,85.6166
8,4096,206,168,85.1877
8,4096,206,170,87.2244
8,4096,206,172,87.0343
8,4096,206,174,87.0461
8,4096,206,176,86.2684
8,4096,206,178,80.8277
8,4096,206,180,67.3447
8,4096,206,182,75.0739
8,4096,206,184,71.1703
8,4096,206,186,85.4855
8,4096,206,188,85.7088
8,4096,206,190,83.639
8,4096,206,192,67.5057
8,4096,206,194,63.3967
8,4096,206,196,61.9784
8,4096,206,198,61.1209
8,4096,206,200,62.7052
8,4096,206,202,64.8428
8,4096,206,204,61.7846
8,4096,208,2,45.3224
8,4096,208,4,78.7859
8,4096,208,6,105.8264
8,4096,208,8,128.8725
8,4096,208,10,108.1828
8,4096,208,12,124.244
8,4096,208,14,131.9224
8,4096,208,16,137.2389
8,4096,208,18,130.2856
8,4096,208,20,130.3569
8,4096,208,22,137.8814
8,4096,208,24,138.5617
8,4096,208,26,131.7669
8,4096,208,28,132.721
8,4096,208,30,140.5187
8,4096,208,32,145.9089
8,4096,208,34,133.7767
8,4096,208,36,136.9093
8,4096,208,38,140.9379
8,4096,208,40,147.5293
8,4096,208,42,127.7508
8,4096,208,44,137.9029
8,4096,208,46,134.9939
8,4096,208,48,137.9447
8,4096,208,50,122.9028
8,4096,208,52,131.0365
8,4096,208,54,128.2754
8,4096,208,56,131.1789
8,4096,208,58,127.1899
8,4096,208,60,121.46
8,4096,208,62,120.487
8,4096,208,64,121.9057
8,4096,208,66,119.0033
8,4096,208,68,120.1231
8,4096,208,70,116.7904
8,4096,208,72,120.3342
8,4096,208,74,112.0769
8,4096,208,76,112.1382
8,4096,208,78,113.3317
8,4096,208,80,106.6245
8,4096,208,82,94.6719
8,4096,208,84,108.647
8,4096,208,86,109.2009
8,4096,208,88,106.1098
8,4096,208,90,101.0738
8,4096,208,92,97.7971
8,4096,208,94,104.8629
8,4096,208,96,99.5949
8,4096,208,98,101.6704
8,4096,208,100,98.6368
8,4096,208,102,95.5754
8,4096,208,104,95.6009
8,4096,208,106,96.8141
8,4096,208,108,93.0983
8,4096,208,110,98.693
8,4096,208,112,98.0659
8,4096,208,114,96.2137
8,4096,208,116,95.9214
8,4096,208,118,95.9304
8,4096,208,120,96.1133
8,4096,208,122,90.2067
8,4096,208,124,93.137
8,4096,208,126,93.0124
8,4096,208,128,90.4292
8,4096,208,130,92.2339
8,4096,208,132,88.8161
8,4096,208,134,89.6631
8,4096,208,136,86.7969
8,4096,208,138,92.3532
8,4096,208,140,89.3041
8,4096,208,142,91.3421
8,4096,208,144,89.7051
8,4096,208,146,95.1353
8,4096,208,148,96.7596
8,4096,208,150,87.9103
8,4096,208,152,90.4425
8,4096,208,154,87.0661
8,4096,208,156,86.948
8,4096,208,158,88.6332
8,4096,208,160,83.5681
8,4096,208,162,84.0988
8,4096,208,164,88.0751
8,4096,208,166,85.5462
8,4096,208,168,84.8926
8,4096,208,170,89.3578
8,4096,208,172,87.8713
8,4096,208,174,88.3809
8,4096,208,176,88.0337
8,4096,208,178,82.0089
8,4096,208,180,82.7146
8,4096,208,182,80.4159
8,4096,208,184,78.8776
8,4096,208,186,88.5432
8,4096,208,188,85.6101
8,4096,208,190,85.1341
8,4096,208,192,71.2294
8,4096,208,194,62.6142
8,4096,208,196,62.2477
8,4096,208,198,61.7925
8,4096,208,200,62.6805
8,4096,208,202,66.8775
8,4096,208,204,69.8403
8,4096,208,206,68.445
8,4096,210,2,51.35
8,4096,210,4,76.4923
8,4096,210,6,106.1649
8,4096,210,8,120.4929
8,4096,210,10,112.1852
8,4096,210,12,122.4692
8,4096,210,14,126.0476
8,4096,210,16,141.394
8,4096,210,18,126.0911
8,4096,210,20,130.4564
8,4096,210,22,130.5225
8,4096,210,24,136.6177
8,4096,210,26,130.9076
8,4096,210,28,127.8135
8,4096,210,30,139.5741
8,4096,210,32,137.8671
8,4096,210,34,129.0839
8,4096,210,36,134.3054
8,4096,210,38,137.9814
8,4096,210,40,134.1053
8,4096,210,42,133.5584
8,4096,210,44,130.2099
8,4096,210,46,128.8346
8,4096,210,48,127.5435
8,4096,210,50,125.2193
8,4096,210,52,116.2642
8,4096,210,54,127.3221
8,4096,210,56,122.8743
8,4096,210,58,122.18
8,4096,210,60,113.2259
8,4096,210,62,119.3347
8,4096,210,64,123.3216
8,4096,210,66,115.4917
8,4096,210,68,113.0815
8,4096,210,70,117.6848
8,4096,210,72,116.4906
8,4096,210,74,103.8125
8,4096,210,76,111.2755
8,4096,210,78,111.4528
8,4096,210,80,107.0867
8,4096,210,82,103.8827
8,4096,210,84,104.4854
8,4096,210,86,100.136
8,4096,210,88,105.1251
8,4096,210,90,98.1308
8,4096,210,92,100.1839
8,4096,210,94,99.4141
8,4096,210,96,100.7266
8,4096,210,98,96.068
8,4096,210,100,97.4754
8,4096,210,102,96.5096
8,4096,210,104,95.3023
8,4096,210,106,96.499
8,4096,210,108,91.5927
8,4096,210,110,95.3829
8,4096,210,112,94.1034
8,4096,210,114,90.7235
8,4096,210,116,92.9299
8,4096,210,118,91.5303
8,4096,210,120,92.7619
8,4096,210,122,78.1241
8,4096,210,124,87.2177
8,4096,210,126,87.4319
8,4096,210,128,87.8906
8,4096,210,130,89.865
8,4096,210,132,88.2268
8,4096,210,134,89.8654
8,4096,210,136,87.351
8,4096,210,138,91.3902
8,4096,210,140,91.9391
8,4096,210,142,90.86
8,4096,210,144,89.3888
8,4096,210,146,95.4003
8,4096,210,148,92.4149
8,4096,210,150,83.7826
8,4096,210,152,80.7478
8,4096,210,154,83.6645
8,4096,210,156,85.6337
8,4096,210,158,84.9344
8,4096,210,160,82.2797
8,4096,210,162,82.1407
8,4096,210,164,82.2056
8,4096,210,166,82.4205
8,4096,210,168,82.9512
8,4096,210,170,89.7867
8,4096,210,172,89.0733
8,4096,210,174,86.3189
8,4096,210,176,88.0252
8,4096,210,178,81.8192
8,4096,210,180,81.3737
8,4096,210,182,77.006
8,4096,210,184,76.8578
8,4096,210,186,86.3146
8,4096,210,188,85.2186
8,4096,210,190,81.4737
8,4096,210,192,71.2801
8,4096,210,194,60.4177
8,4096,210,196,62.4275
8,4096,210,198,61.3743
8,4096,210,200,60.0786
8,4096,210,202,60.5193
8,4096,210,204,61.5169
8,4096,210,206,59.4355
8,4096,210,208,59.2182
8,4096,212,2,49.7275
8,4096,212,4,77.7499
8,4096,212,6,103.2511
8,4096,212,8,123.3035
8,4096,212,10,105.9058
8,4096,212,12,113.7845
8,4096,212,14,126.8326
8,4096,212,16,134.952
8,4096,212,18,127.6983
8,4096,212,20,131.9174
8,4096,212,22,137.4237
8,4096,212,24,146.7652
8,4096,212,26,131.4402
8,4096,212,28,135.6374
8,4096,212,30,135.2256
8,4096,212,32,144.2726
8,4096,212,34,132.9617
8,4096,212,36,138.572
8,4096,212,38,138.4182
8,4096,212,40,140.5453
8,4096,212,42,131.4298
8,4096,212,44,114.7236
8,4096,212,46,131.1785
8,4096,212,48,133.8203
8,4096,212,50,119.2642
8,4096,212,52,121.9227
8,4096,212,54,127.3369
8,4096,212,56,118.5697
8,4096,212,58,122.475
8,4096,212,60,118.0416
8,4096,212,62,120.6974
8,4096,212,64,123.7191
8,4096,212,66,111.4414
8,4096,212,68,111.4144
8,4096,212,70,115.4571
8,4096,212,72,108.7984
8,4096,212,74,111.0606
8,4096,212,76,110.6466
8,4096,212,78,108.0227
8,4096,212,80,95.7382
8,4096,212,82,106.7938
8,4096,212,84,107.7059
8,4096,212,86,102.761
8,4096,212,88,103.5809
8,4096,212,90,104.3655
8,4096,212,92,102.2945
8,4096,212,94,96.9983
8,4096,212,96,101.0539
8,4096,212,98,97.1584
8,4096,212,100,93.9352
8,4096,212,102,91.434
8,4096,212,104,92.5023
8,4096,212,106,85.3671
8,4096,212,108,90.1668
8,4096,212,110,91.9193
8,4096,212,112,90.5633
8,4096,212,114,91.9558
8,4096,212,116,90.2104
8,4096,212,118,91.9859
8,4096,212,120,90.6686
8,4096,212,122,91.7464
8,4096,212,124,92.5384
8,4096,212,126,91.8898
8,4096,212,128,91.5278
8,4096,212,130,89.6391
8,4096,212,132,90.1574
8,4096,212,134,90.0932
8,4096,212,136,89.4443
8,4096,212,138,88.8758
8,4096,212,140,92.9219
8,4096,212,142,89.0101
8,4096,212,144,91.9988
8,4096,212,146,95.1487
8,4096,212,148,95.1115
8,4096,212,150,87.9564
8,4096,212,152,86.8679
8,4096,212,154,85.4706
8,4096,212,156,83.6295
8,4096,212,158,84.6138
8,4096,212,160,81.9098
8,4096,212,162,81.9743
8,4096,212,164,83.0983
8,4096,212,166,85.3567
8,4096,212,168,83.7843
8,4096,212,170,87.4569
8,4096,212,172,88.0465
8,4096,212,174,89.6222
8,4096,212,176,87.216
8,4096,212,178,82.5942
8,4096,212,180,82.3736
8,4096,212,182,78.0666
8,4096,212,184,73.137
8,4096,212,186,86.6415
8,4096,212,188,85.6336
8,4096,212,190,86.5829
8,4096,212,192,71.8525
8,4096,212,194,62.6636
8,4096,212,196,60.5896
8,4096,212,198,61.8939
8,4096,212,200,60.3973
8,4096,212,202,59.0838
8,4096,212,204,60.4522
8,4096,212,206,58.1644
8,4096,212,208,59.1829
8,4096,212,210,79.6816
8,4096,214,2,50.9849
8,4096,214,4,78.6341
8,4096,214,6,101.2762
8,4096,214,8,120.136
8,4096,214,10,106.9531
8,4096,214,12,117.6939
8,4096,214,14,124.9104
8,4096,214,16,139.3368
8,4096,214,18,118.5577
8,4096,214,20,131.4877
8,4096,214,22,138.4627
8,4096,214,24,141.8301
8,4096,214,26,124.9796
8,4096,214,28,129.1827
8,4096,214,30,133.708
8,4096,214,32,142.6592
8,4096,214,34,128.8936
8,4096,214,36,131.6008
8,4096,214,38,140.9382
8,4096,214,40,139.123
8,4096,214,42,130.7461
8,4096,214,44,135.2172
8,4096,214,46,137.7775
8,4096,214,48,132.6411
8,4096,214,50,125.9664
8,4096,214,52,121.2991
8,4096,214,54,124.8749
8,4096,214,56,115.6691
8,4096,214,58,119.8061
8,4096,214,60,118.7124
8,4096,214,62,114.0945
8,4096,214,64,121.5752
8,4096,214,66,115.7615
8,4096,214,68,108.5377
8,4096,214,70,110.6829
8,4096,214,72,114.8148
8,4096,214,74,104.5361
8,4096,214,76,103.2857
8,4096,214,78,107.1224
8,4096,214,80,107.8178
8,4096,214,82,102.5111
8,4096,214,84,97.5456
8,4096,214,86,93.7626
8,4096,214,88,102.9863
8,4096,214,90,99.714
8,4096,214,92,98.139
8,4096,214,94,98.8444
8,4096,214,96,96.7543
8,4096,214,98,95.1759
8,4096,214,100,95.4017
8,4096,214,102,93.3536
8,4096,214,104,92.9724
8,4096,214,106,90.7605
8,4096,214,108,93.9814
8,4096,214,110,95.3305
8,4096,214,112,85.4932
8,4096,214,114,88.349
8,4096,214,116,92.7381
8,4096,214,118,92.6504
8,4096,214,120,91.7867
8,4096,214,122,92.1111
8,4096,214,124,90.4614
8,4096,214,126,90.2477
8,4096,214,128,88.1379
8,4096,214,130,89.1784
8,4096,214,132,90.8755
8,4096,214,134,90.9963
8,4096,214,136,88.9815
8,4096,214,138,89.9548
8,4096,214,140,82.7674
8,4096,214,142,88.931
8,4096,214,144,86.5431
8,4096,214,146,95.1555
8,4096,214,148,93.8915
8,4096,214,150,86.2654
8,4096,214,152,85.5034
8,4096,214,154,84.7686
8,4096,214,156,82.3403
8,4096,214,158,80.3944
8,4096,214,160,81.2671
8,4096,214,162,81.3192
8,4096,214,164,81.8436
8,4096,214,166,81.7205
8,4096,214,168,82.6452
8,4096,214,170,88.1239
8,4096,214,172,86.7793
8,4096,214,174,83.9316
8,4096,214,176,82.4205
8,4096,214,178,79.2637
8,4096,214,180,75.5464
8,4096,214,182,79.1802
8,4096,214,184,76.3577
8,4096,214,186,81.913
8,4096,214,188,79.0667
8,4096,214,190,81.9511
8,4096,214,192,68.835
8,4096,214,194,62.099
8,4096,214,196,58.2212
8,4096,214,198,62.3869
8,4096,214,200,60.5539
8,4096,214,202,60.765
8,4096,214,204,58.4595
8,4096,214,206,60.0454
8,4096,214,208,58.3783
8,4096,214,210,76.2516
8,4096,214,212,81.792
8,4096,216,2,51.4677
8,4096,216,4,79.699
8,4096,216,6,106.1663
8,4096,216,8,120.219
8,4096,216,10,112.0515
8,4096,216,12,124.8582
8,4096,216,14,127.1412
8,4096,216,16,144.6818
8,4096,216,18,126.5996
8,4096,216,20,138.7961
8,4096,216,22,134.7154
8,4096,216,24,148.6778
8,4096,216,26,132.1228
8,4096,216,28,139.6572
8,4096,216,30,141.979
8,4096,216,32,141.0774
8,4096,216,34,129.9313
8,4096,216,36,140.0542
8,4096,216,38,133.96
8,4096,216,40,137.5445
8,4096,216,42,129.3809
8,4096,216,44,137.6526
8,4096,216,46,129.2026
8,4096,216,48,138.3286
8,4096,216,50,121.2365
8,4096,216,52,122.0115
8,4096,216,54,125.7398
8,4096,216,56,129.1735
8,4096,216,58,123.5868
8,4096,216,60,117.5646
8,4096,216,62,116.4086
8,4096,216,64,117.4463
8,4096,216,66,118.4665
8,4096,216,68,115.4546
8,4096,216,70,109.8185
8,4096,216,72,118.9318
8,4096,216,74,110.1317
8,4096,216,76,107.0934
8,4096,216,78,109.5312
8,4096,216,80,108.5584
8,4096,216,82,108.1314
8,4096,216,84,102.9562
8,4096,216,86,103.2832
8,4096,216,88,108.4917
8,4096,216,90,100.4135
8,4096,216,92,103.2585
8,4096,216,94,95.8302
8,4096,216,96,97.4052
8,4096,216,98,97.4902
8,4096,216,100,96.9718
8,4096,216,102,96.8706
8,4096,216,104,96.0838
8,4096,216,106,92.9691
8,4096,216,108,91.282
8,4096,216,110,94.1176
8,4096,216,112,94.0344
8,4096,216,114,93.3814
8,4096,216,116,93.5251
8,4096,216,118,93.1708
8,4096,216,120,91.9952
8,4096,216,122,91.1411
8,4096,216,124,92.6384
8,4096,216,126,87.7247
8,4096,216,128,92.5968
8,4096,216,130,91.001
8,4096,216,132,92.2412
8,4096,216,134,91.5731
8,4096,216,136,92.4919
8,4096,216,138,92.7378
8,4096,216,140,91.3572
8,4096,216,142,90.7927
8,4096,216,144,90.767
8,4096,216,146,95.1182
8,4096,216,148,91.4591
8,4096,216,150,86.8884
8,4096,216,152,87.485
8,4096,216,154,86.967
8,4096,216,156,85.7985
8,4096,216,158,85.2258
8,4096,216,160,84.6892
8,4096,216,162,86.1043
8,4096,216,164,84.1367
8,4096,216,166,81.684
8,4096,216,168,79.933
8,4096,216,170,88.8477
8,4096,216,172,86.4528
8,4096,216,174,85.7235
8,4096,216,176,86.5673
8,4096,216,178,81.5791
8,4096,216,180,81.8598
8,4096,216,182,79.5707
8,4096,216,184,77.4278
8,4096,216,186,81.7552
8,4096,216,188,85.4063
8,4096,216,190,81.9266
8,4096,216,192,67.809
8,4096,216,194,64.7544
8,4096,216,196,69.8792
8,4096,216,198,67.7437
8,4096,216,200,68.847
8,4096,216,202,67.515
8,4096,216,204,68.2476
8,4096,216,206,66.4392
8,4096,216,208,66.7657
8,4096,216,210,81.8174
8,4096,216,212,79.8894
8,4096,216,214,81.6699
8,4096,218,2,49.4754
8,4096,218,4,80.0602
8,4096,218,6,106.9402
8,4096,218,8,116.9943
8,4096,218,10,111.6321
8,4096,218,12,119.3272
8,4096,218,14,126.0143
8,4096,218,16,140.9895
8,4096,218,18,123.8527
8,4096,218,20,129.3024
8,4096,218,22,137.6987
8,4096,218,24,137.8814
8,4096,218,26,131.6584
8,4096,218,28,131.8784
8,4096,218,30,135.8688
8,4096,218,32,140.1942
8,4096,218,34,124.9844
8,4096,218,36,125.3827
8,4096,218,38,138.4591
8,4096,218,40,125.5413
8,4096,218,42,120.6878
8,4096,218,44,116.997
8,4096,218,46,114.3704
8,4096,218,48,121.7774
8,4096,218,50,97.4327
8,4096,218,52,109.8269
8,4096,218,54,102.6348
8,4096,218,56,115.9077
8,4096,218,58,109.297
8,4096,218,60,106.4199
8,4096,218,62,108.192
8,4096,218,64,107.8015
8,4096,218,66,107.3956
8,4096,218,68,106.4285
8,4096,218,70,108.1647
8,4096,218,72,115.6306
8,4096,218,74,111.5974
8,4096,218,76,106.2788
8,4096,218,78,105.9239
8,4096,218,80,105.5676
8,4096,218,82,109.2957
8,4096,218,84,106.2979
8,4096,218,86,103.5995
8,4096,218,88,107.6724
8,4096,218,90,107.7508
8,4096,218,92,96.4577
8,4096,218,94,97.0597
8,4096,218,96,98.8726
8,4096,218,98,101.7615
8,4096,218,100,94.067
8,4096,218,102,99.3504
8,4096,218,104,99.6751
8,4096,218,106,94.2249
8,4096,218,108,92.5983
8,4096,218,110,94.2657
8,4096,218,112,92.7445
8,4096,218,114,92.2054
8,4096,218,116,95.232
8,4096,218,118,94.5435
8,4096,218,120,97.5541
8,4096,218,122,96.1096
8,4096,218,124,92.6647
8,4096,218,126,95.0265
8,4096,218,128,92.8209
8,4096,218,130,93.235
8,4096,218,132,94.5175
8,4096,218,134,91.3368
8,4096,218,136,93.0672
8,4096,218,138,94.2823
8,4096,218,140,92.1028
8,4096,218,142,88.3303
8,4096,218,144,91.1684
8,4096,218,146,89.0506
8,4096,218,148,89.2513
8,4096,218,150,88.424
8,4096,218,152,89.7723
8,4096,218,154,92.6879
8,4096,218,156,90.4776
8,4096,218,158,92.3621
8,4096,218,160,86.0449
8,4096,218,162,88.6912
8,4096,218,164,84.3567
8,4096,218,166,85.6242
8,4096,218,168,85.2599
8,4096,218,170,89.4612
8,4096,218,172,83.6292
8,4096,218,174,85.0287
8,4096,218,176,83.0106
8,4096,218,178,87.835
8,4096,218,180,88.0357
8,4096,218,182,81.519
8,4096,218,184,80.0632
8,4096,218,186,87.2198
8,4096,218,188,85.2324
8,4096,218,190,82.1261
8,4096,218,192,71.2792
8,4096,218,194,71.632
8,4096,218,196,69.2984
8,4096,218,198,71.9565
8,4096,218,200,70.2307
8,4096,218,202,83.2026
8,4096,218,204,83.6412
8,4096,218,206,83.9949
8,4096,218,208,80.9961
8,4096,218,210,86.4206
8,4096,218,212,81.1807
8,4096,218,214,81.3603
8,4096,218,216,80.1958
8,4096,220,2,45.255
8,4096,220,4,79.8259
8,4096,220,6,102.8152
8,4096,220,8,121.3294
8,4096,220,10,112.6763
8,4096,220,12,120.1971
8,4096,220,14,126.0915
8,4096,220,16,129.1174
8,4096,220,18,123.3829
8,4096,220,20,135.0502
8,4096,220,22,133.2212
8,4096,220,24,142.1391
8,4096,220,26,127.867
8,4096,220,28,138.3484
8,4096,220,30,132.2666
8,4096,220,32,141.8013
8,4096,220,34,130.6078
8,4096,220,36,131.8374
8,4096,220,38,134.9191
8,4096,220,40,129.8717
8,4096,220,42,128.2791
8,4096,220,44,136.7699
8,4096,220,46,133.0785
8,4096,220,48,132.9871
8,4096,220,50,120.8661
8,4096,220,52,128.0936
8,4096,220,54,119.1908
8,4096,220,56,114.9463
8,4096,220,58,121.0687
8,4096,220,60,117.1507
8,4096,220,62,118.1429
8,4096,220,64,121.3953
8,4096,220,66,116.7318
8,4096,220,68,118.4174
8,4096,220,70,107.5339
8,4096,220,72,117.0931
8,4096,220,74,111.0744
8,4096,220,76,104.7296
8,4096,220,78,104.7125
8,4096,220,80,110.496
8,4096,220,82,108.2371
8,4096,220,84,108.0921
8,4096,220,86,109.9129
8,4096,220,88,108.9534
8,4096,220,90,101.9133
8,4096,220,92,102.3194
8,4096,220,94,106.1134
8,4096,220,96,104.5781
8,4096,220,98,86.6151
8,4096,220,100,91.3003
8,4096,220,102,84.7531
8,4096,220,104,95.4486
8,4096,220,106,95.0218
8,4096,220,108,93.4325
8,4096,220,110,86.347
8,4096,220,112,98.4579
8,4096,220,114,97.3437
8,4096,220,116,96.2179
8,4096,220,118,95.8802
8,4096,220,120,94.7635
8,4096,220,122,88.8829
8,4096,220,124,90.5285
8,4096,220,126,91.9008
8,4096,220,128,90.3575
8,4096,220,130,90.2432
8,4096,220,132,94.2485
8,4096,220,134,96.2105
8,4096,220,136,95.0037
8,4096,220,138,96.3379
8,4096,220,140,95.4994
8,4096,220,142,95.204
8,4096,220,144,94.327
8,4096,220,146,88.492
8,4096,220,148,89.0294
8,4096,220,150,87.9321
8,4096,220,152,87.1537
8,4096,220,154,85.2109
8,4096,220,156,86.1957
8,4096,220,158,86.4468
8,4096,220,160,85.2185
8,4096,220,162,86.0989
8,4096,220,164,83.9641
8,4096,220,166,85.3771
8,4096,220,168,83.4316
8,4096,220,170,90.3488
8,4096,220,172,85.2419
8,4096,220,174,86.695
8,4096,220,176,83.6465
8,4096,220,178,89.6864
8,4096,220,180,90.3662
8,4096,220,182,83.8385
8,4096,220,184,78.3394
8,4096,220,186,90.0142
8,4096,220,188,88.0777
8,4096,220,190,88.5076
8,4096,220,192,72.7104
8,4096,220,194,72.0509
8,4096,220,196,74.018
8,4096,220,198,72.8718
8,4096,220,200,70.1863
8,4096,220,202,83.896
8,4096,220,204,84.185
8,4096,220,206,84.3491
8,4096,220,208,82.4064
8,4096,220,210,82.8511
8,4096,220,212,79.8441
8,4096,220,214,80.6791
8,4096,220,216,79.6845
8,4096,220,218,68.0109
8,4096,222,2,46.8665
8,4096,222,4,81.3424
8,4096,222,6,106.4445
8,4096,222,8,124.8606
8,4096,222,10,98.6069
8,4096,222,12,116.0699
8,4096,222,14,129.9048
8,4096,222,16,134.4899
8,4096,222,18,124.4781
8,4096,222,20,124.3764
8,4096,222,22,134.4035
8,4096,222,24,138.8205
8,4096,222,26,132.4148
8,4096,222,28,130.1121
8,4096,222,30,138.5305
8,4096,222,32,141.5585
8,4096,222,34,127.7403
8,4096,222,36,134.0246
8,4096,222,38,138.8148
8,4096,222,40,137.7423
8,4096,222,42,134.0702
8,4096,222,44,132.0558
8,4096,222,46,133.0146
8,4096,222,48,131.725
8,4096,222,50,126.5568
8,4096,222,52,120.4893
8,4096,222,54,126.7895
8,4096,222,56,129.0356
8,4096,222,58,115.0326
8,4096,222,60,120.5758
8,4096,222,62,116.2404
8,4096,222,64,120.7928
8,4096,222,66,117.7779
8,4096,222,68,113.5904
8,4096,222,70,115.2379
8,4096,222,72,114.1211
8,4096,222,74,109.9944
8,4096,222,76,109.512
8,4096,222,78,108.1012
8,4096,222,80,102.1772
8,4096,222,82,107.6782
8,4096,222,84,101.1599
8,4096,222,86,100.2433
8,4096,222,88,98.6296
8,4096,222,90,99.7976
8,4096,222,92,103.2116
8,4096,222,94,105.9772
8,4096,222,96,95.3497
8,4096,222,98,96.6721
8,4096,222,100,93.8007
8,4096,222,102,98.3443
8,4096,222,104,98.08
8,4096,222,106,96.83
8,4096,222,108,96.4592
8,4096,222,110,93.7611
8,4096,222,112,93.5123
8,4096,222,114,89.3632
8,4096,222,116,92.7716
8,4096,222,118,91.6396
8,4096,222,120,90.9857
8,4096,222,122,94.6762
8,4096,222,124,94.6378
8,4096,222,126,93.7337
8,4096,222,128,90.9367
8,4096,222,130,94.1787
8,4096,222,132,92.9896
8,4096,222,134,93.8041
8,4096,222,136,87.3733
8,4096,222,138,91.3848
8,4096,222,140,89.9893
8,4096,222,142,89.8251
8,4096,222,144,91.1633
8,4096,222,146,92.5059
8,4096,222,148,91.6896
8,4096,222,150,71.9314
8,4096,222,152,81.136
8,4096,222,154,79.2983
8,4096,222,156,83.4213
8,4096,222,158,81.2
8,4096,222,160,89.2729
8,4096,222,162,87.7346
8,4096,222,164,90.1463
8,4096,222,166,89.3347
8,4096,222,168,87.8633
8,4096,222,170,91.9806
8,4096,222,172,85.902
8,4096,222,174,87.4413
8,4096,222,176,86.8626
8,4096,222,178,94.0074
8,4096,222,180,92.1336
8,4096,222,182,78.5381
8,4096,222,184,75.9359
8,4096,222,186,78.1337
8,4096,222,188,78.4011
8,4096,222,190,85.9112
8,4096,222,192,72.5824
8,4096,222,194,75.0383
8,4096,222,196,74.0735
8,4096,222,198,72.7232
8,4096,222,200,72.913
8,4096,222,202,72.308
8,4096,222,204,70.358
8,4096,222,206,74.0875
8,4096,222,208,71.4329
8,4096,222,210,83.1551
8,4096,222,212,83.2055
8,4096,222,214,82.8839
8,4096,222,216,81.9178
8,4096,222,218,70.0674
8,4096,222,220,71.0795
8,4096,224,2,46.9244
8,4096,224,4,81.4895
8,4096,224,6,104.3948
8,4096,224,8,122.8472
8,4096,224,10,112.2712
8,4096,224,12,119.033
8,4096,224,14,130.9787
8,4096,224,16,131.3093
8,4096,224,18,128.6616
8,4096,224,20,122.2269
8,4096,224,22,133.7623
8,4096,224,24,144.2669
8,4096,224,26,133.4616
8,4096,224,28,137.7376
8,4096,224,30,141.8569
8,4096,224,32,145.8437
8,4096,224,34,136.3947
8,4096,224,36,135.6472
8,4096,224,38,139.7087
8,4096,224,40,140.9991
8,4096,224,42,137.1617
8,4096,224,44,133.4427
8,4096,224,46,140.0909
8,4096,224,48,131.1684
8,4096,224,50,127.0818
8,4096,224,52,122.5714
8,4096,224,54,127.5093
8,4096,224,56,128.5313
8,4096,224,58,124.9355
8,4096,224,60,123.4563
8,4096,224,62,124.6046
8,4096,224,64,123.7135
8,4096,224,66,116.4803
8,4096,224,68,119.542
8,4096,224,70,115.0708
8,4096,224,72,112.613
8,4096,224,74,112.1548
8,4096,224,76,111.6209
8,4096,224,78,104.7521
8,4096,224,80,107.5934
8,4096,224,82,110.6029
8,4096,224,84,104.587
8,4096,224,86,105.1839
8,4096,224,88,106.3364
8,4096,224,90,99.7155
8,4096,224,92,102.7111
8,4096,224,94,102.7474
8,4096,224,96,106.4818
8,4096,224,98,100.4687
8,4096,224,100,99.733
8,4096,224,102,98.8529
8,4096,224,104,92.8341
8,4096,224,106,95.3457
8,4096,224,108,93.97
8,4096,224,110,93.757
8,4096,224,112,97.6197
8,4096,224,114,95.4643
8,4096,224,116,97.1694
8,4096,224,118,96.6446
8,4096,224,120,96.8231
8,4096,224,122,91.3148
8,4096,224,124,91.399
8,4096,224,126,90.2658
8,4096,224,128,91.7014
8,4096,224,130,92.9283
8,4096,224,132,94.9827
8,4096,224,134,94.3775
8,4096,224,136,95.007
8,4096,224,138,95.442
8,4096,224,140,94.7091
8,4096,224,142,92.2038
8,4096,224,144,90.8279
8,4096,224,146,89.8524
8,4096,224,148,89.7965
8,4096,224,150,87.7908
8,4096,224,152,91.5009
8,4096,224,154,89.3531
8,4096,224,156,91.2507
8,4096,224,158,90.6592
8,4096,224,160,88.7435
8,4096,224,162,88.0592
8,4096,224,164,87.1333
8,4096,224,166,87.6308
8,4096,224,168,86.9839
8,4096,224,170,92.4314
8,4096,224,172,81.7619
8,4096,224,174,85.5847
8,4096,224,176,85.077
8,4096,224,178,93.3772
8,4096,224,180,92.7102
8,4096,224,182,85.914
8,4096,224,184,84.8831
8,4096,224,186,90.6369
8,4096,224,188,88.7887
8,4096,224,190,88.6155
8,4096,224,192,73.9832
8,4096,224,194,71.5164
8,4096,224,196,71.3232
8,4096,224,198,76.4758
8,4096,224,200,73.3073
8,4096,224,202,69.6514
8,4096,224,204,70.6251
8,4096,224,206,69.6459
8,4096,224,208,68.0161
8,4096,224,210,83.4264
8,4096,224,212,81.2784
8,4096,224,214,81.8121
8,4096,224,216,81.7369
8,4096,224,218,68.9977
8,4096,224,220,68.4979
8,4096,224,222,68.1261
8,4096,226,2,47.557
8,4096,226,4,78.2209
8,4096,226,6,102.2254
8,4096,226,8,121.5521
8,4096,226,10,107.9093
8,4096,226,12,120.4101
8,4096,226,14,124.698
8,4096,226,16,139.842
8,4096,226,18,120.7001
8,4096,226,20,131.4419
8,4096,226,22,136.6908
8,4096,226,24,142.5984
8,4096,226,26,130.0091
8,4096,226,28,133.0047
8,4096,226,30,138.5833
8,4096,226,32,141.9856
8,4096,226,34,135.3917
8,4096,226,36,138.1091
8,4096,226,38,138.0508
8,4096,226,40,137.9637
8,4096,226,42,135.1516
8,4096,226,44,135.2813
8,4096,226,46,136.7123
8,4096,226,48,132.4476
8,4096,226,50,123.2815
8,4096,226,52,115.5307
8,4096,226,54,127.3706
8,4096,226,56,119.4591
8,4096,226,58,122.2018
8,4096,226,60,120.1405
8,4096,226,62,103.3804
8,4096,226,64,108.8041
8,4096,226,66,114.0187
8,4096,226,68,112.4921
8,4096,226,70,113.9183
8,4096,226,72,114.2007
8,4096,226,74,105.9536
8,4096,226,76,109.4075
8,4096,226,78,104.1982
8,4096,226,80,105.1271
8,4096,226,82,103.6773
8,4096,226,84,106.5862
8,4096,226,86,103.9953
8,4096,226,88,102.2731
8,4096,226,90,93.5911
8,4096,226,92,104.4803
8,4096,226,94,102.3277
8,4096,226,96,100.4223
8,4096,226,98,96.0413
8,4096,226,100,92.851
8,4096,226,102,94.6882
8,4096,226,104,93.9303
8,4096,226,106,93.4195
8,4096,226,108,92.9579
8,4096,226,110,93.4589
8,4096,226,112,90.5439
8,4096,226,114,92.791
8,4096,226,116,94.0423
8,4096,226,118,93.5955
8,4096,226,120,92.8692
8,4096,226,122,92.9355
8,4096,226,124,92.8634
8,4096,226,126,91.5285
8,4096,226,128,91.082
8,4096,226,130,89.0374
8,4096,226,132,93.1844
8,4096,226,134,92.7875
8,4096,226,136,94.0988
8,4096,226,138,93.778
8,4096,226,140,93.0557
8,4096,226,142,92.9389
8,4096,226,144,92.1847
8,4096,226,146,89.8399
8,4096,226,148,84.8166
8,4096,226,150,89.2223
8,4096,226,152,88.5814
8,4096,226,154,90.1412
8,4096,226,156,89.2674
8,4096,226,158,88.354
8,4096,226,160,87.6896
8,4096,226,162,88.2418
8,4096,226,164,86.0024
8,4096,226,166,86.3003
8,4096,226,168,84.4832
8,4096,226,170,88.1811
8,4096,226,172,83.3106
8,4096,226,174,79.1338
8,4096,226,176,78.8686
8,4096,226,178,86.9888
8,4096,226,180,87.0948
8,4096,226,182,80.8415
8,4096,226,184,80.3477
8,4096,226,186,88.2181
8,4096,226,188,88.0601
8,4096,226,190,86.6745
8,4096,226,192,70.6282
8,4096,226,194,70.8397
8,4096,226,196,71.7079
8,4096,226,198,72.3062
8,4096,226,200,70.0181
8,4096,226,202,68.8724
8,4096,226,204,68.0749
8,4096,226,206,68.4518
8,4096,226,208,68.7959
8,4096,226,210,83.092
8,4096,226,212,55.2491
8,4096,226,214,72.846
8,4096,226,216,76.9104
8,4096,226,218,60.5929
8,4096,226,220,60.9282
8,4096,226,222,61.0403
8,4096,226,224,61.3494
8,4096,228,2,52.5524
8,4096,228,4,80.8176
8,4096,228,6,99.1627
8,4096,228,8,120.6042
8,4096,228,10,112.0531
8,4096,228,12,115.6188
8,4096,228,14,124.1986
8,4096,228,16,137.5499
8,4096,228,18,121.9342
8,4096,228,20,132.9927
8,4096,228,22,131.5166
8,4096,228,24,144.1747
8,4096,228,26,125.936
8,4096,228,28,134.4208
8,4096,228,30,131.3409
8,4096,228,32,141.623
8,4096,228,34,128.2393
8,4096,228,36,135.8174
8,4096,228,38,128.9515
8,4096,228,40,143.0575
8,4096,228,42,128.6461
8,4096,228,44,134.7709
8,4096,228,46,132.997
8,4096,228,48,131.2166
8,4096,228,50,119.5874
8,4096,228,52,124.079
8,4096,228,54,116.4019
8,4096,228,56,119.1122
8,4096,228,58,117.8423
8,4096,228,60,121.0081
8,4096,228,62,118.7909
8,4096,228,64,113.5169
8,4096,228,66,118.3314
8,4096,228,68,109.3474
8,4096,228,70,112.4577
8,4096,228,72,112.6821
8,4096,228,74,104.2782
8,4096,228,76,107.3964
8,4096,228,78,107.3409
8,4096,228,80,106.9049
8,4096,228,82,104.0441
8,4096,228,84,102.6602
8,4096,228,86,105.048
8,4096,228,88,103.9297
8,4096,228,90,105.9932
8,4096,228,92,102.299
8,4096,228,94,100.0722
8,4096,228,96,98.5429
8,4096,228,98,100.784
8,4096,228,100,98.1302
8,4096,228,102,97.4324
8,4096,228,104,94.9323
8,4096,228,106,95.197
8,4096,228,108,91.4397
8,4096,228,110,91.7706
8,4096,228,112,91.827
8,4096,228,114,90.8964
8,4096,228,116,91.5171
8,4096,228,118,89.2185
8,4096,228,120,90.3715
8,4096,228,122,90.3359
8,4096,228,124,91.4095
8,4096,228,126,92.5485
8,4096,228,128,91.5061
8,4096,228,130,91.053
8,4096,228,132,94.2595
8,4096,228,134,91.9562
8,4096,228,136,89.6998
8,4096,228,138,95.4059
8,4096,228,140,90.0024
8,4096,228,142,92.8047
8,4096,228,144,91.7138
8,4096,228,146,90.0622
8,4096,228,148,90.1865
8,4096,228,150,90.1474
8,4096,228,152,89.2265
8,4096,228,154,87.3103
8,4096,228,156,88.363
8,4096,228,158,88.7047
8,4096,228,160,87.9567
8,4096,228,162,84.6784
8,4096,228,164,85.0704
8,4096,228,166,86.0722
8,4096,228,168,84.2167
8,4096,228,170,90.6654
8,4096,228,172,83.3453
8,4096,228,174,82.825
8,4096,228,176,81.4473
8,4096,228,178,88.7356
8,4096,228,180,85.7997
8,4096,228,182,82.5783
8,4096,228,184,78.6996
8,4096,228,186,88.9299
8,4096,228,188,88.4582
8,4096,228,190,87.1362
8,4096,228,192,72.3305
8,4096,228,194,71.9425
8,4096,228,196,67.7214
8,4096,228,198,72.2474
8,4096,228,200,68.3456
8,4096,228,202,69.3226
8,4096,228,204,68.9385
8,4096,228,206,68.6154
8,4096,228,208,71.0972
8,4096,228,210,78.2575
8,4096,228,212,81.0282
8,4096,228,214,79.6071
8,4096,228,216,80.3143
8,4096,228,218,61.8953
8,4096,228,220,62.3718
8,4096,228,222,60.2126
8,4096,228,224,60.5317
8,4096,228,226,66.2939
8,4096,230,2,53.2113
8,4096,230,4,80.2552
8,4096,230,6,105.7701
8,4096,230,8,123.444
8,4096,230,10,101.5145
8,4096,230,12,106.0081
8,4096,230,14,126.9238
8,4096,230,16,134.8518
8,4096,230,18,123.2046
8,4096,230,20,131.3152
8,4096,230,22,130.5801
8,4096,230,24,144.5542
8,4096,230,26,126.3764
8,4096,230,28,132.6572
8,4096,230,30,133.6796
8,4096,230,32,143.1138
8,4096,230,34,123.4578
8,4096,230,36,133.7705
8,4096,230,38,132.1196
8,4096,230,40,141.6014
8,4096,230,42,126.1821
8,4096,230,44,135.9032
8,4096,230,46,136.4903
8,4096,230,48,131.8123
8,4096,230,50,123.4427
8,4096,230,52,122.65
8,4096,230,54,124.3973
8,4096,230,56,120.555
8,4096,230,58,121.3947
8,4096,230,60,117.8096
8,4096,230,62,112.34
8,4096,230,64,122.9633
8,4096,230,66,113.9263
8,4096,230,68,107.3152
8,4096,230,70,106.9786
8,4096,230,72,111.1274
8,4096,230,74,102.1677
8,4096,230,76,102.0908
8,4096,230,78,104.6924
8,4096,230,80,106.0817
8,4096,230,82,103.1474
8,4096,230,84,104.6395
8,4096,230,86,105.4023
8,4096,230,88,101.4477
8,4096,230,90,97.0646
8,4096,230,92,100.527
8,4096,230,94,99.4553
8,4096,230,96,96.9658
8,4096,230,98,99.1318
8,4096,230,100,96.9222
8,4096,230,102,99.8997
8,4096,230,104,99.9225
8,4096,230,106,90.8499
8,4096,230,108,92.6512
8,4096,230,110,91.3377
8,4096,230,112,90.0129
8,4096,230,114,89.8591
8,4096,230,116,89.7962
8,4096,230,118,91.9085
8,4096,230,120,90.7482
8,4096,230,122,90.8134
8,4096,230,124,87.4305
8,4096,230,126,87.4136
8,4096,230,128,91.8557
8,4096,230,130,92.5111
8,4096,230,132,94.3777
8,4096,230,134,91.9997
8,4096,230,136,87.1602
8,4096,230,138,94.4795
8,4096,230,140,93.8226
8,4096,230,142,93.2188
8,4096,230,144,91.5031
8,4096,230,146,92.3075
8,4096,230,148,92.4625
8,4096,230,150,91.9842
8,4096,230,152,88.744
8,4096,230,154,91.4315
8,4096,230,156,89.2683
8,4096,230,158,89.3404
8,4096,230,160,87.6836
8,4096,230,162,88.0727
8,4096,230,164,88.0287
8,4096,230,166,86.0074
8,4096,230,168,85.753
8,4096,230,170,88.6911
8,4096,230,172,82.1183
8,4096,230,174,83.2645
8,4096,230,176,84.3423
8,4096,230,178,86.6704
8,4096,230,180,90.781
8,4096,230,182,83.2355
8,4096,230,184,83.5788
8,4096,230,186,87.3331
8,4096,230,188,85.0543
8,4096,230,190,85.6244
8,4096,230,192,72.0584
8,4096,230,194,75.9577
8,4096,230,196,72.1664
8,4096,230,198,72.5663
8,4096,230,200,72.9404
8,4096,230,202,68.5855
8,4096,230,204,71.3433
8,4096,230,206,69.8562
8,4096,230,208,68.201
8,4096,230,210,71.3231
8,4096,230,212,69.034
8,4096,230,214,70.8907
8,4096,230,216,67.769
8,4096,230,218,64.9295
8,4096,230,220,62.8575
8,4096,230,222,65.1118
8,4096,230,224,63.5493
8,4096,230,226,66.3086
8,4096,230,228,63.6706
8,4096,232,2,52.7293
8,4096,232,4,79.7307
8,4096,232,6,106.5774
8,4096,232,8,112.4593
8,4096,232,10,104.756
8,4096,232,12,122.5842
8,4096,232,14,130.8971
8,4096,232,16,137.7101
8,4096,232,18,110.7929
8,4096,232,20,128.0179
8,4096,232,22,137.6197
8,4096,232,24,141.7715
8,4096,232,26,135.6609
8,4096,232,28,134.1566
8,4096,232,30,139.1771
8,4096,232,32,138.5092
8,4096,232,34,139.034
8,4096,232,36,134.2112
8,4096,232,38,135.9823
8,4096,232,40,135.7354
8,4096,232,42,135.6041
8,4096,232,44,133.6669
8,4096,232,46,137.2161
8,4096,232,48,132.328
8,4096,232,50,125.7446
8,4096,232,52,120.7043
8,4096,232,54,126.2728
8,4096,232,56,122.5942
8,4096,232,58,121.5222
8,4096,232,60,122.1251
8,4096,232,62,113.4163
8,4096,232,64,120.8875
8,4096,232,66,113.6182
8,4096,232,68,111.9521
8,4096,232,70,115.7364
8,4096,232,72,108.8469
8,4096,232,74,103.7988
8,4096,232,76,107.4324
8,4096,232,78,107.7927
8,4096,232,80,103.2069
8,4096,232,82,103.4315
8,4096,232,84,108.2343
8,4096,232,86,101.8765
8,4096,232,88,105.9322
8,4096,232,90,99.6953
8,4096,232,92,98.691
8,4096,232,94,100.2843
8,4096,232,96,100.8727
8,4096,232,98,95.6999
8,4096,232,100,99.0451
8,4096,232,102,97.93
8,4096,232,104,94.6499
8,4096,232,106,94.2144
8,4096,232,108,93.6581
8,4096,232,110,91.8884
8,4096,232,112,90.128
8,4096,232,114,88.0958
8,4096,232,116,92.0621
8,4096,232,118,92.0936
8,4096,232,120,93.0696
8,4096,232,122,92.3971
8,4096,232,124,92.4656
8,4096,232,126,90.4542
8,4096,232,128,90.5939
8,4096,232,130,91.3352
8,4096,232,132,93.1113
8,4096,232,134,89.9625
8,4096,232,136,91.6006
8,4096,232,138,95.568
8,4096,232,140,93.4754
8,4096,232,142,93.2994
8,4096,232,144,90.6604
8,4096,232,146,90.4156
8,4096,232,148,90.2487
8,4096,232,150,82.1674
8,4096,232,152,87.8634
8,4096,232,154,89.9366
8,4096,232,156,89.607
8,4096,232,158,89.7227
8,4096,232,160,88.7054
8,4096,232,162,86.7061
8,4096,232,164,88.451
8,4096,232,166,88.7663
8,4096,232,168,86.5718
8,4096,232,170,89.653
8,4096,232,172,85.3095
8,4096,232,174,85.6831
8,4096,232,176,84.1135
8,4096,232,178,86.4085
8,4096,232,180,86.8281
8,4096,232,182,80.3206
8,4096,232,184,81.147
8,4096,232,186,88.2886
8,4096,232,188,85.9672
8,4096,232,190,84.6637
8,4096,232,192,72.184
8,4096,232,194,73.4514
8,4096,232,196,70.5854
8,4096,232,198,72.3536
8,4096,232,200,66.2399
8,4096,232,202,70.1548
8,4096,232,204,69.1455
8,4096,232,206,68.6887
8,4096,232,208,69.7996
8,4096,232,210,69.1409
8,4096,232,212,69.6182
8,4096,232,214,68.3701
8,4096,232,216,68.4532
8,4096,232,218,63.6055
8,4096,232,220,65.2255
8,4096,232,222,62.5537
8,4096,232,224,63.3197
8,4096,232,226,65.5481
8,4096,232,228,65.0416
8,4096,232,230,67.2008
8,4096,234,2,53.4578
8,4096,234,4,81.0876
8,4096,234,6,106.8768
8,4096,234,8,123.8104
8,4096,234,10,106.8607
8,4096,234,12,118.8871
8,4096,234,14,128.9646
8,4096,234,16,138.0413
8,4096,234,18,126.451
8,4096,234,20,133.6287
8,4096,234,22,138.6988
8,4096,234,24,141.5456
8,4096,234,26,128.7738
8,4096,234,28,134.4356
8,4096,234,30,134.6255
8,4096,234,32,140.6775
8,4096,234,34,128.7427
8,4096,234,36,133.4123
8,4096,234,38,130.4669
8,4096,234,40,142.0977
8,4096,234,42,130.2909
8,4096,234,44,134.0148
8,4096,234,46,130.1435
8,4096,234,48,128.27
8,4096,234,50,116.901
8,4096,234,52,122.6676
8,4096,234,54,121.0305
8,4096,234,56,118.7724
8,4096,234,58,113.8609
8,4096,234,60,115.1516
8,4096,234,62,113.7504
8,4096,234,64,117.6709
8,4096,234,66,97.5448
8,4096,234,68,105.1011
8,4096,234,70,105.9037
8,4096,234,72,109.0608
8,4096,234,74,98.766
8,4096,234,76,105.9392
8,4096,234,78,102.3962
8,4096,234,80,101.2456
8,4096,234,82,98.3389
8,4096,234,84,103.9238
8,4096,234,86,101.7287
8,4096,234,88,99.5115
8,4096,234,90,96.3731
8,4096,234,92,96.8095
8,4096,234,94,96.0723
8,4096,234,96,96.8619
8,4096,234,98,97.1498
8,4096,234,100,96.812
8,4096,234,102,95.793
8,4096,234,104,95.554
8,4096,234,106,95.9165
8,4096,234,108,94.6902
8,4096,234,110,91.6979
8,4096,234,112,90.6285
8,4096,234,114,91.2341
8,4096,234,116,90.9666
8,4096,234,118,89.297
8,4096,234,120,89.5501
8,4096,234,122,90.6751
8,4096,234,124,88.0664
8,4096,234,126,91.1666
8,4096,234,128,86.057
8,4096,234,130,90.435
8,4096,234,132,90.013
8,4096,234,134,88.1232
8,4096,234,136,88.3936
8,4096,234,138,91.5798
8,4096,234,140,92.7056
8,4096,234,142,89.001
8,4096,234,144,90.3318
8,4096,234,146,88.1056
8,4096,234,148,89.5232
8,4096,234,150,85.5938
8,4096,234,152,87.8408
8,4096,234,154,88.2853
8,4096,234,156,86.7948
8,4096,234,158,88.1089
8,4096,234,160,85.5664
8,4096,234,162,85.4225
8,4096,234,164,83.7301
8,4096,234,166,83.4713
8,4096,234,168,81.6128
8,4096,234,170,85.5653
8,4096,234,172,72.5936
8,4096,234,174,79.1274
8,4096,234,176,79.6605
8,4096,234,178,88.4663
8,4096,234,180,87.2705
8,4096,234,182,80.966
8,4096,234,184,80.8051
8,4096,234,186,84.7161
8,4096,234,188,84.8927
8,4096,234,190,85.7782
8,4096,234,192,70.4982
8,4096,234,194,72.1109
8,4096,234,196,69.3391
8,4096,234,198,68.7422
8,4096,234,200,68.5336
8,4096,234,202,68.2565
8,4096,234,204,68.7631
8,4096,234,206,68.1502
8,4096,234,208,69.9832
8,4096,234,210,67.241
8,4096,234,212,68.0736
8,4096,234,214,65.7637
8,4096,234,216,66.7751
8,4096,234,218,61.2147
8,4096,234,220,61.7476
8,4096,234,222,62.529
8,4096,234,224,59.7095
8,4096,234,226,60.888
8,4096,234,228,61.3266
8,4096,234,230,61.3501
8,4096,234,232,59.7496
8,4096,236,2,52.2933
8,4096,236,4,78.8131
8,4096,236,6,102.5743
8,4096,236,8,123.5136
8,4096,236,10,99.195
8,4096,236,12,121.4238
8,4096,236,14,129.6608
8,4096,236,16,133.8242
8,4096,236,18,124.8159
8,4096,236,20,129.3795
8,4096,236,22,138.8263
8,4096,236,24,135.6046
8,4096,236,26,126.4885
8,4096,236,28,132.4786
8,4096,236,30,137.6149
8,4096,236,32,133.3249
8,4096,236,34,132.6536
8,4096,236,36,134.1203
8,4096,236,38,132.4437
8,4096,236,40,139.1923
8,4096,236,42,134.2306
8,4096,236,44,130.7215
8,4096,236,46,135.2353
8,4096,236,48,128.2355
8,4096,236,50,115.2223
8,4096,236,52,120.6167
8,4096,236,54,117.3645
8,4096,236,56,121.1846
8,4096,236,58,116.4648
8,4096,236,60,112.7364
8,4096,236,62,116.532
8,4096,236,64,116.1983
8,4096,236,66,108.6143
8,4096,236,68,105.5556
8,4096,236,70,107.9132
8,4096,236,72,104.5946
8,4096,236,74,100.88
8,4096,236,76,105.2495
8,4096,236,78,101.2814
8,4096,236,80,103.5776
8,4096,236,82,101.5836
8,4096,236,84,99.459
8,4096,236,86,96.2282
8,4096,236,88,100.6314
8,4096,236,90,100.0425
8,4096,236,92,98.6883
8,4096,236,94,98.421
8,4096,236,96,94.5928
8,4096,236,98,95.6718
8,4096,236,100,93.6651
8,4096,236,102,94.103
8,4096,236,104,90.6426
8,4096,236,106,91.8563
8,4096,236,108,92.1249
8,4096,236,110,92.7944
8,4096,236,112,91.7334
8,4096,236,114,88.3179
8,4096,236,116,89.0458
8,4096,236,118,89.4208
8,4096,236,120,91.0422
8,4096,236,122,88.8792
8,4096,236,124,89.1461
8,4096,236,126,90.3781
8,4096,236,128,87.8772
8,4096,236,130,89.1817
8,4096,236,132,89.387
8,4096,236,134,90.2615
8,4096,236,136,88.6573
8,4096,236,138,85.4332
8,4096,236,140,85.3211
8,4096,236,142,90.5846
8,4096,236,144,89.7635
8,4096,236,146,88.7851
8,4096,236,148,87.868
8,4096,236,150,85.5232
8,4096,236,152,84.983
8,4096,236,154,86.9347
8,4096,236,156,84.422
8,4096,236,158,84.3173
8,4096,236,160,83.7513
8,4096,236,162,82.339
8,4096,236,164,85.3459
8,4096,236,166,85.6761
8,4096,236,168,81.2588
8,4096,236,170,84.9915
8,4096,236,172,81.1863
8,4096,236,174,77.9289
8,4096,236,176,79.0195
8,4096,236,178,81.8034
8,4096,236,180,85.7439
8,4096,236,182,79.9836
8,4096,236,184,78.7339
8,4096,236,186,83.747
8,4096,236,188,82.8854
8,4096,236,190,82.1026
8,4096,236,192,68.494
8,4096,236,194,71.2132
8,4096,236,196,68.5148
8,4096,236,198,59.0136
8,4096,236,200,63.7212
8,4096,236,202,70.3163
8,4096,236,204,67.3775
8,4096,236,206,61.9254
8,4096,236,208,61.5828
8,4096,236,210,67.7105
8,4096,236,212,65.6049
8,4096,236,214,64.884
8,4096,236,216,66.9427
8,4096,236,218,60.131
8,4096,236,220,59.9952
8,4096,236,222,58.2222
8,4096,236,224,56.5119
8,4096,236,226,57.7606
8,4096,236,228,54.4234
8,4096,236,230,58.3363
8,4096,236,232,58.8103
8,4096,236,234,73.9497
8,4096,238,2,52.5099
8,4096,238,4,79.7489
8,4096,238,6,104.9489
8,4096,238,8,120.7726
8,4096,238,10,99.0965
8,4096,238,12,115.4224
8,4096,238,14,130.4472
8,4096,238,16,135.2148
8,4096,238,18,117.3442
8,4096,238,20,132.4307
8,4096,238,22,130.313
8,4096,238,24,142.9757
8,4096,238,26,126.6019
8,4096,238,28,132.4928
8,4096,238,30,135.2856
8,4096,238,32,142.6627
8,4096,238,34,132.0575
8,4096,238,36,134.9554
8,4096,238,38,133.8158
8,4096,238,40,142.8181
8,4096,238,42,132.8072
8,4096,238,44,127.9325
8,4096,238,46,132.9883
8,4096,238,48,118.7323
8,4096,238,50,124.9367
8,4096,238,52,109.611
8,4096,238,54,117.4472
8,4096,238,56,117.0867
8,4096,238,58,110.3828
8,4096,238,60,112.3772
8,4096,238,62,112.7395
8,4096,238,64,112.0461
8,4096,238,66,106.4962
8,4096,238,68,105.7304
8,4096,238,70,105.5235
8,4096,238,72,99.8915
8,4096,238,74,100.714
8,4096,238,76,95.8547
8,4096,238,78,99.7352
8,4096,238,80,102.0926
8,4096,238,82,100.867
8,4096,238,84,100.6786
8,4096,238,86,94.6174
8,4096,238,88,85.5628
8,4096,238,90,92.6233
8,4096,238,92,94.0444
8,4096,238,94,89.4573
8,4096,238,96,95.4839
8,4096,238,98,90.6082
8,4096,238,100,91.5605
8,4096,238,102,91.0937
8,4096,238,104,90.6651
8,4096,238,106,90.4039
8,4096,238,108,91.34
8,4096,238,110,88.0582
8,4096,238,112,89.7878
8,4096,238,114,87.434
8,4096,238,116,88.4626
8,4096,238,118,85.6302
8,4096,238,120,85.8887
8,4096,238,122,77.7576
8,4096,238,124,83.9214
8,4096,238,126,84.4252
8,4096,238,128,85.5168
8,4096,238,130,85.9855
8,4096,238,132,85.7371
8,4096,238,134,84.4844
8,4096,238,136,83.4212
8,4096,238,138,86.3731
8,4096,238,140,89.5575
8,4096,238,142,88.9431
8,4096,238,144,87.332
8,4096,238,146,87.1913
8,4096,238,148,87.6481
8,4096,238,150,85.3557
8,4096,238,152,84.3852
8,4096,238,154,86.5092
8,4096,238,156,86.6968
8,4096,238,158,83.9723
8,4096,238,160,82.4247
8,4096,238,162,81.6301
8,4096,238,164,80.3678
8,4096,238,166,78.2623
8,4096,238,168,81.6904
8,4096,238,170,84.384
8,4096,238,172,81.0239
8,4096,238,174,79.6988
8,4096,238,176,78.6175
8,4096,238,178,82.7054
8,4096,238,180,82.6333
8,4096,238,182,77.3385
8,4096,238,184,78.542
8,4096,238,186,83.2787
8,4096,238,188,83.2223
8,4096,238,190,82.5994
8,4096,238,192,68.7818
8,4096,238,194,69.9004
8,4096,238,196,69.3594
8,4096,238,198,68.8732
8,4096,238,200,67.7148
8,4096,238,202,66.806
8,4096,238,204,67.1322
8,4096,238,206,67.2863
8,4096,238,208,68.4592
8,4096,238,210,65.9233
8,4096,238,212,64.7056
8,4096,238,214,64.4792
8,4096,238,216,61.3836
8,4096,238,218,60.0217
8,4096,238,220,60.0435
8,4096,238,222,58.781
8,4096,238,224,60.8723
8,4096,238,226,59.7596
8,4096,238,228,58.9798
8,4096,238,230,57.9236
8,4096,238,232,60.2504
8,4096,238,234,72.6032
8,4096,238,236,67.5123
8,4096,240,2,51.9221
8,4096,240,4,81.66
8,4096,240,6,106.9415
8,4096,240,8,126.8632
8,4096,240,10,108.8915
8,4096,240,12,118.0443
8,4096,240,14,128.4827
8,4096,240,16,141.3818
8,4096,240,18,127.8508
8,4096,240,20,133.3752
8,4096,240,22,134.4587
8,4096,240,24,145.6662
8,4096,240,26,131.1517
8,4096,240,28,134.5378
8,4096,240,30,128.3977
8,4096,240,32,141.9881
8,4096,240,34,127.1545
8,4096,240,36,136.8209
8,4096,240,38,130.0866
8,4096,240,40,140.9
8,4096,240,42,130.1965
8,4096,240,44,135.1621
8,4096,240,46,128.5908
8,4096,240,48,125.9388
8,4096,240,50,117.3699
8,4096,240,52,118.02
8,4096,240,54,120.5317
8,4096,240,56,114.2729
8,4096,240,58,115.2567
8,4096,240,60,114.7876
8,4096,240,62,107.4908
8,4096,240,64,110.4211
8,4096,240,66,110.6808
8,4096,240,68,105.7799
8,4096,240,70,92.2195
8,4096,240,72,99.0087
8,4096,240,74,102.0039
8,4096,240,76,100.5463
8,4096,240,78,102.0942
8,4096,240,80,97.6927
8,4096,240,82,94.0669
8,4096,240,84,95.3172
8,4096,240,86,98.0746
8,4096,240,88,98.406
8,4096,240,90,95.7909
8,4096,240,92,94.5584
8,4096,240,94,95.8827
8,4096,240,96,92.592
8,4096,240,98,93.4113
8,4096,240,100,88.0967
8,4096,240,102,90.1323
8,4096,240,104,89.7675
8,4096,240,106,86.1145
8,4096,240,108,87.5247
8,4096,240,110,86.942
8,4096,240,112,85.8158
8,4096,240,114,84.9996
8,4096,240,116,83.4676
8,4096,240,118,82.7104
8,4096,240,120,84.8201
8,4096,240,122,81.7354
8,4096,240,124,87.1986
8,4096,240,126,86.8103
8,4096,240,128,86.6872
8,4096,240,130,86.0773
8,4096,240,132,87.0797
8,4096,240,134,87.3641
8,4096,240,136,86.486
8,4096,240,138,84.8798
8,4096,240,140,88.799
8,4096,240,142,88.4013
8,4096,240,144,81.9785
8,4096,240,146,86.7618
8,4096,240,148,83.3047
8,4096,240,150,84.8783
8,4096,240,152,83.5688
8,4096,240,154,83.1989
8,4096,240,156,81.1827
8,4096,240,158,82.851
8,4096,240,160,81.4961
8,4096,240,162,80.0314
8,4096,240,164,81.8916
8,4096,240,166,80.506
8,4096,240,168,81.8373
8,4096,240,170,83.6642
8,4096,240,172,79.1371
8,4096,240,174,78.4929
8,4096,240,176,78.1256
8,4096,240,178,84.892
8,4096,240,180,84.9306
8,4096,240,182,78.0758
8,4096,240,184,78.8971
8,4096,240,186,81.6895
8,4096,240,188,81.9292
8,4096,240,190,81.806
8,4096,240,192,67.4796
8,4096,240,194,64.877
8,4096,240,196,68.1973
8,4096,240,198,63.5522
8,4096,240,200,69.2036
8,4096,240,202,67.074
8,4096,240,204,66.9095
8,4096,240,206,66.3872
8,4096,240,208,66.9543
8,4096,240,210,65.1867
8,4096,240,212,65.7199
8,4096,240,214,64.751
8,4096,240,216,64.7217
8,4096,240,218,63.0498
8,4096,240,220,64.0209
8,4096,240,222,63.4971
8,4096,240,224,62.5962
8,4096,240,226,63.704
8,4096,240,228,61.3708
8,4096,240,230,62.6059
8,4096,240,232,61.1601
8,4096,240,234,68.3161
8,4096,240,236,70.167
8,4096,240,238,68.1139
8,4096,242,2,54.441
8,4096,242,4,82.7207
8,4096,242,6,103.3461
8,4096,242,8,124.9018
8,4096,242,10,101.8978
8,4096,242,12,118.0897
8,4096,242,14,125.9009
8,4096,242,16,140.6909
8,4096,242,18,117.7335
8,4096,242,20,133.23
8,4096,242,22,138.5994
8,4096,242,24,137.3845
8,4096,242,26,129.861
8,4096,242,28,132.4332
8,4096,242,30,135.6269
8,4096,242,32,144.3125
8,4096,242,34,130.4103
8,4096,242,36,133.9975
8,4096,242,38,139.1828
8,4096,242,40,140.1385
8,4096,242,42,130.9102
8,4096,242,44,130.7198
8,4096,242,46,137.0834
8,4096,242,48,127.3421
8,4096,242,50,120.6169
8,4096,242,52,116.5137
8,4096,242,54,118.9568
8,4096,242,56,119.7874
8,4096,242,58,109.1846
8,4096,242,60,112.056
8,4096,242,62,114.2211
8,4096,242,64,106.4567
8,4096,242,66,111.034
8,4096,242,68,111.0219
8,4096,242,70,101.8657
8,4096,242,72,100.3226
8,4096,242,74,99.5646
8,4096,242,76,100.2186
8,4096,242,78,100.3816
8,4096,242,80,97.5157
8,4096,242,82,96.8874
8,4096,242,84,93.2713
8,4096,242,86,100.0434
8,4096,242,88,97.5452
8,4096,242,90,97.8124
8,4096,242,92,96.0697
8,4096,242,94,96.3394
8,4096,242,96,95.2853
8,4096,242,98,89.9127
8,4096,242,100,91.4893
8,4096,242,102,91.8633
8,4096,242,104,89.9327
8,4096,242,106,89.3775
8,4096,242,108,88.2963
8,4096,242,110,85.7702
8,4096,242,112,86.1384
8,4096,242,114,87.5658
8,4096,242,116,81.5774
8,4096,242,118,84.4146
8,4096,242,120,82.2859
8,4096,242,122,86.513
8,4096,242,124,84.3462
8,4096,242,126,85.235
8,4096,242,128,85.2853
8,4096,242,130,85.2387
8,4096,242,132,85.0105
8,4096,242,134,86.0399
8,4096,242,136,86.8268
8,4096,242,138,90.6664
8,4096,242,140,90.7138
8,4096,242,142,87.5175
8,4096,242,144,89.1604
8,4096,242,146,89.757
8,4096,242,148,84.9244
8,4096,242,150,87.0637
8,4096,242,152,85.5543
8,4096,242,154,86.7837
8,4096,242,156,87.4219
8,4096,242,158,85.5213
8,4096,242,160,83.1498
8,4096,242,162,83.0845
8,4096,242,164,80.3712
8,4096,242,166,80.8318
8,4096,242,168,78.9829
8,4096,242,170,81.1834
8,4096,242,172,80.4372
8,4096,242,174,81.241
8,4096,242,176,80.0146
8,4096,242,178,86.826
8,4096,242,180,86.5387
8,4096,242,182,81.3671
8,4096,242,184,80.0572
8,4096,242,186,82.5774
8,4096,242,188,82.0538
8,4096,242,190,81.3076
8,4096,242,192,70.9109
8,4096,242,194,70.337
8,4096,242,196,68.695
8,4096,242,198,70.0705
8,4096,242,200,66.9544
8,4096,242,202,66.9356
8,4096,242,204,67.5047
8,4096,242,206,68.1521
8,4096,242,208,67.5389
8,4096,242,210,66.9808
8,4096,242,212,65.8458
8,4096,242,214,64.3075
8,4096,242,216,63.091
8,4096,242,218,65.1476
8,4096,242,220,65.8801
8,4096,242,222,64.6028
8,4096,242,224,65.4078
8,4096,242,226,74.9775
8,4096,242,228,72.5094
8,4096,242,230,71.5915
8,4096,242,232,71.4382
8,4096,242,234,67.9635
8,4096,242,236,70.6384
8,4096,242,238,70.6526
8,4096,242,240,68.0784
8,4096,244,2,54.1463
8,4096,244,4,79.7907
8,4096,244,6,99.4646
8,4096,244,8,119.354
8,4096,244,10,101.6611
8,4096,244,12,121.0277
8,4096,244,14,124.2157
8,4096,244,16,138.2937
8,4096,244,18,122.6858
8,4096,244,20,126.9588
8,4096,244,22,128.4303
8,4096,244,24,139.3356
8,4096,244,26,130.563
8,4096,244,28,124.4529
8,4096,244,30,135.6643
8,4096,244,32,134.8799
8,4096,244,34,127.3412
8,4096,244,36,129.3324
8,4096,244,38,135.3808
8,4096,244,40,134.1547
8,4096,244,42,133.3458
8,4096,244,44,130.2076
8,4096,244,46,135.5536
8,4096,244,48,122.5724
8,4096,244,50,119.4376
8,4096,244,52,114.4525
8,4096,244,54,107.3098
8,4096,244,56,116.6548
8,4096,244,58,114.1615
8,4096,244,60,107.4524
8,4096,244,62,109.2199
8,4096,244,64,113.2172
8,4096,244,66,106.5447
8,4096,244,68,100.1134
8,4096,244,70,108.0706
8,4096,244,72,102.6349
8,4096,244,74,99.645
8,4096,244,76,98.7506
8,4096,244,78,97.459
8,4096,244,80,98.2872
8,4096,244,82,94.3044
8,4096,244,84,97.6336
8,4096,244,86,98.162
8,4096,244,88,97.5766
8,4096,244,90,93.9516
8,4096,244,92,93.3769
8,4096,244,94,94.336
8,4096,244,96,92.785
8,4096,244,98,94.5065
8,4096,244,100,94.9703
8,4096,244,102,93.3959
8,4096,244,104,89.6529
8,4096,244,106,91.0013
8,4096,244,108,91.4207
8,4096,244,110,88.3145
8,4096,244,112,91.293
8,4096,244,114,88.5553
8,4096,244,116,89.5128
8,4096,244,118,88.1896
8,4096,244,120,87.2764
8,4096,244,122,90.3606
8,4096,244,124,89.6716
8,4096,244,126,86.933
8,4096,244,128,89.8506
8,4096,244,130,88.4136
8,4096,244,132,86.463
8,4096,244,134,90.4565
8,4096,244,136,88.6835
8,4096,244,138,91.6884
8,4096,244,140,89.8583
8,4096,244,142,90.6583
8,4096,244,144,88.1661
8,4096,244,146,88.2213
8,4096,244,148,86.097
8,4096,244,150,89.6318
8,4096,244,152,87.3517
8,4096,244,154,84.8432
8,4096,244,156,86.861
8,4096,244,158,85.615
8,4096,244,160,84.2412
8,4096,244,162,86.0458
8,4096,244,164,84.8363
8,4096,244,166,84.4155
8,4096,244,168,82.8044
8,4096,244,170,84.3743
8,4096,244,172,84.2389
8,4096,244,174,81.506
8,4096,244,176,79.3149
8,4096,244,178,84.1287
8,4096,244,180,84.1818
8,4096,244,182,79.4899
8,4096,244,184,76.9889
8,4096,244,186,85.3895
8,4096,244,188,78.3749
8,4096,244,190,81.4408
8,4096,244,192,68.8294
8,4096,244,194,70.3331
8,4096,244,196,71.3835
8,4096,244,198,70.7131
8,4096,244,200,69.5704
8,4096,244,202,70.4133
8,4096,244,204,68.9886
8,4096,244,206,69.6657
8,4096,244,208,69.1812
8,4096,244,210,67.4263
8,4096,244,212,69.6567
8,4096,244,214,67.5217
8,4096,244,216,68.7836
8,4096,244,218,65.28
8,4096,244,220,63.3897
8,4096,244,222,66.1597
8,4096,244,224,66.135
8,4096,244,226,73.223
8,4096,244,228,72.6527
8,4096,244,230,72.589
8,4096,244,232,71.6405
8,4096,244,234,73.3936
8,4096,244,236,71.7517
8,4096,244,238,71.572
8,4096,244,240,70.6404
8,4096,244,242,62.2051
8,4096,246,2,53.2861
8,4096,246,4,79.3756
8,4096,246,6,102.8161
8,4096,246,8,116.4876
8,4096,246,10,108.2671
8,4096,246,12,121.0882
8,4096,246,14,129.3904
8,4096,246,16,137.3868
8,4096,246,18,123.8
8,4096,246,20,127.699
8,4096,246,22,133.3487
8,4096,246,24,140.2803
8,4096,246,26,125.5454
8,4096,246,28,129.2405
8,4096,246,30,134.7879
8,4096,246,32,136.7995
8,4096,246,34,131.1048
8,4096,246,36,130.0189
8,4096,246,38,136.8298
8,4096,246,40,134.1211
8,4096,246,42,132.0501
8,4096,246,44,122.9862
8,4096,246,46,128.2217
8,4096,246,48,120.5872
8,4096,246,50,116.7828
8,4096,246,52,120.4264
8,4096,246,54,113.4725
8,4096,246,56,118.5042
8,4096,246,58,114.805
8,4096,246,60,110.8137
8,4096,246,62,112.2808
8,4096,246,64,115.2192
8,4096,246,66,108.1868
8,4096,246,68,109.0925
8,4096,246,70,109.802
8,4096,246,72,105.6131
8,4096,246,74,93.4377
8,4096,246,76,97.9901
8,4096,246,78,103.6349
8,4096,246,80,97.3972
8,4096,246,82,98.7617
8,4096,246,84,98.9695
8,4096,246,86,97.2234
8,4096,246,88,96.3961
8,4096,246,90,97.6897
8,4096,246,92,97.7157
8,4096,246,94,95.2012
8,4096,246,96,95.7524
8,4096,246,98,93.209
8,4096,246,100,94.3786
8,4096,246,102,91.56
8,4096,246,104,89.4953
8,4096,246,106,91.2274
8,4096,246,108,88.4634
8,4096,246,110,89.1909
8,4096,246,112,86.7412
8,4096,246,114,89.3363
8,4096,246,116,87.218
8,4096,246,118,85.66
8,4096,246,120,82.7601
8,4096,246,122,81.2122
8,4096,246,124,88.056
8,4096,246,126,87.8789
8,4096,246,128,86.7693
8,4096,246,130,83.5635
8,4096,246,132,87.3231
8,4096,246,134,87.2823
8,4096,246,136,83.8144
8,4096,246,138,88.7893
8,4096,246,140,85.9768
8,4096,246,142,87.3292
8,4096,246,144,88.1521
8,4096,246,146,87.5543
8,4096,246,148,86.7737
8,4096,246,150,87.1561
8,4096,246,152,83.8459
8,4096,246,154,85.9987
8,4096,246,156,85.5191
8,4096,246,158,87.0224
8,4096,246,160,86.0961
8,4096,246,162,86.0627
8,4096,246,164,85.8501
8,4096,246,166,84.7414
8,4096,246,168,84.6236
8,4096,246,170,85.0733
8,4096,246,172,84.3739
8,4096,246,174,82.166
8,4096,246,176,82.8463
8,4096,246,178,86.199
8,4096,246,180,86.0445
8,4096,246,182,79.8617
8,4096,246,184,80.9347
8,4096,246,186,85.0861
8,4096,246,188,84.7076
8,4096,246,190,86.8648
8,4096,246,192,73.9786
8,4096,246,194,71.4115
8,4096,246,196,71.1557
8,4096,246,198,71.2357
8,4096,246,200,69.5138
8,4096,246,202,68.7868
8,4096,246,204,71.6653
8,4096,246,206,69.8481
8,4096,246,208,69.7546
8,4096,246,210,69.654
8,4096,246,212,69.4669
8,4096,246,214,70.6531
8,4096,246,216,67.8387
8,4096,246,218,68.6145
8,4096,246,220,66.5524
8,4096,246,222,69.2589
8,4096,246,224,67.1172
8,4096,246,226,62.773
8,4096,246,228,66.0167
8,4096,246,230,65.9687
8,4096,246,232,65.6814
8,4096,246,234,71.9665
8,4096,246,236,72.9647
8,4096,246,238,69.4878
8,4096,246,240,73.3101
8,4096,246,242,63.1389
8,4096,246,244,63.5508
8,4096,248,2,53.0825
8,4096,248,4,79.9494
8,4096,248,6,93.3971
8,4096,248,8,124.9314
8,4096,248,10,111.7767
8,4096,248,12,121.0455
8,4096,248,14,124.2968
8,4096,248,16,140.3475
8,4096,248,18,122.1854
8,4096,248,20,132.0603
8,4096,248,22,131.5553
8,4096,248,24,144.3496
8,4096,248,26,126.8321
8,4096,248,28,137.936
8,4096,248,30,138.6288
8,4096,248,32,144.3126
8,4096,248,34,128.5068
8,4096,248,36,135.1526
8,4096,248,38,138.4102
8,4096,248,40,138.7743
8,4096,248,42,132.8596
8,4096,248,44,135.8304
8,4096,248,46,131.7483
8,4096,248,48,124.4194
8,4096,248,50,121.3171
8,4096,248,52,115.1989
8,4096,248,54,116.2157
8,4096,248,56,122.8107
8,4096,248,58,108.9429
8,4096,248,60,111.5766
8,4096,248,62,113.1545
8,4096,248,64,95.1291
8,4096,248,66,111.7233
8,4096,248,68,111.2994
8,4096,248,70,102.6389
8,4096,248,72,101.4815
8,4096,248,74,105.5915
8,4096,248,76,103.2074
8,4096,248,78,97.0866
8,4096,248,80,96.3031
8,4096,248,82,96.8274
8,4096,248,84,100.0959
8,4096,248,86,100.0327
8,4096,248,88,100.6004
8,4096,248,90,98.7015
8,4096,248,92,93.838
8,4096,248,94,86.4616
8,4096,248,96,89.9498
8,4096,248,98,95.7653
8,4096,248,100,92.1365
8,4096,248,102,95.3494
8,4096,248,104,94.8041
8,4096,248,106,92.7921
8,4096,248,108,89.971
8,4096,248,110,91.5572
8,4096,248,112,90.4272
8,4096,248,114,90.3866
8,4096,248,116,89.0212
8,4096,248,118,90.1847
8,4096,248,120,88.1073
8,4096,248,122,88.7819
8,4096,248,124,91.2506
8,4096,248,126,89.094
8,4096,248,128,87.3659
8,4096,248,130,88.8843
8,4096,248,132,90.511
8,4096,248,134,89.1109
8,4096,248,136,89.5428
8,4096,248,138,92.3669
8,4096,248,140,92.4173
8,4096,248,142,91.6321
8,4096,248,144,89.0885
8,4096,248,146,89.5593
8,4096,248,148,88.0438
8,4096,248,150,87.7439
8,4096,248,152,88.8426
8,4096,248,154,86.8508
8,4096,248,156,87.4885
8,4096,248,158,88.0995
8,4096,248,160,86.4227
8,4096,248,162,86.8662
8,4096,248,164,86.714
8,4096,248,166,84.3576
8,4096,248,168,84.3007
8,4096,248,170,83.1099
8,4096,248,172,85.0238
8,4096,248,174,82.6883
8,4096,248,176,81.1636
8,4096,248,178,85.5192
8,4096,248,180,83.9421
8,4096,248,182,80.0465
8,4096,248,184,80.4667
8,4096,248,186,82.9978
8,4096,248,188,82.9269
8,4096,248,190,84.3687
8,4096,248,192,72.3086
8,4096,248,194,71.1844
8,4096,248,196,70.4379
8,4096,248,198,71.5535
8,4096,248,200,70.9837
8,4096,248,202,70.4051
8,4096,248,204,72.142
8,4096,248,206,66.6709
8,4096,248,208,71.604
8,4096,248,210,70.5484
8,4096,248,212,68.8901
8,4096,248,214,70.1442
8,4096,248,216,68.4449
8,4096,248,218,67.7731
8,4096,248,220,68.8445
8,4096,248,222,68.0069
8,4096,248,224,69.0008
8,4096,248,226,65.8831
8,4096,248,228,67.0776
8,4096,248,230,67.3856
8,4096,248,232,66.9582
8,4096,248,234,72.925
8,4096,248,236,73.4109
8,4096,248,238,73.5427
8,4096,248,240,70.7609
8,4096,248,242,62.948
8,4096,248,244,62.1838
8,4096,248,246,63.9863
8,4096,250,2,53.3805
8,4096,250,4,81.1656
8,4096,250,6,100.9239
8,4096,250,8,124.4735
8,4096,250,10,109.8364
8,4096,250,12,111.1827
8,4096,250,14,124.2838
8,4096,250,16,142.7416
8,4096,250,18,121.4888
8,4096,250,20,132.242
8,4096,250,22,134.7538
8,4096,250,24,145.4511
8,4096,250,26,131.6098
8,4096,250,28,135.9145
8,4096,250,30,135.0882
8,4096,250,32,138.5402
8,4096,250,34,131.7697
8,4096,250,36,129.6931
8,4096,250,38,136.7614
8,4096,250,40,140.6436
8,4096,250,42,134.3931
8,4096,250,44,129.7829
8,4096,250,46,136.2051
8,4096,250,48,123.4061
8,4096,250,50,119.5805
8,4096,250,52,110.5141
8,4096,250,54,116.7965
8,4096,250,56,119.2606
8,4096,250,58,105.9681
8,4096,250,60,113.6428
8,4096,250,62,106.7057
8,4096,250,64,109.6597
8,4096,250,66,108.781
8,4096,250,68,108.1059
8,4096,250,70,103.3651
8,4096,250,72,105.0222
8,4096,250,74,106.5145
8,4096,250,76,101.8784
8,4096,250,78,98.5478
8,4096,250,80,96.8212
8,4096,250,82,94.2582
8,4096,250,84,96.9351
8,4096,250,86,97.5246
8,4096,250,88,76.2642
8,4096,250,90,89.4824
8,4096,250,92,86.498
8,4096,250,94,85.1154
8,4096,250,96,91.5386
8,4096,250,98,94.086
8,4096,250,100,95.4474
8,4096,250,102,95.1699
8,4096,250,104,93.1856
8,4096,250,106,94.0702
8,4096,250,108,92.4476
8,4096,250,110,85.0675
8,4096,250,112,89.1815
8,4096,250,114,89.0531
8,4096,250,116,87.9779
8,4096,250,118,81.5946
8,4096,250,120,82.0289
8,4096,250,122,76.0109
8,4096,250,124,79.5088
8,4096,250,126,79.5687
8,4096,250,128,79.8351
8,4096,250,130,82.0981
8,4096,250,132,85.1691
8,4096,250,134,90.344
8,4096,250,136,87.9459
8,4096,250,138,92.3631
8,4096,250,140,89.9071
8,4096,250,142,90.9232
8,4096,250,144,89.8287
8,4096,250,146,91.0838
8,4096,250,148,87.2647
8,4096,250,150,90.3877
8,4096,250,152,89.1313
8,4096,250,154,89.3287
8,4096,250,156,87.9485
8,4096,250,158,86.5598
8,4096,250,160,87.2486
8,4096,250,162,87.0807
8,4096,250,164,85.5672
8,4096,250,166,83.8662
8,4096,250,168,84.1051
8,4096,250,170,85.0604
8,4096,250,172,83.8628
8,4096,250,174,83.2792
8,4096,250,176,82.8211
8,4096,250,178,85.3199
8,4096,250,180,83.7439
8,4096,250,182,80.7621
8,4096,250,184,80.4698
8,4096,250,186,85.8453
8,4096,250,188,83.5777
8,4096,250,190,84.2998
8,4096,250,192,70.5366
8,4096,250,194,73.0012
8,4096,250,196,69.5768
8,4096,250,198,71.3202
8,4096,250,200,69.361
8,4096,250,202,70.4001
8,4096,250,204,71.2439
8,4096,250,206,70.851
8,4096,250,208,69.835
8,4096,250,210,71.1111
8,4096,250,212,68.2293
8,4096,250,214,68.43
8,4096,250,216,67.9282
8,4096,250,218,67.033
8,4096,250,220,67.9822
8,4096,250,222,66.6403
8,4096,250,224,68.4315
8,4096,250,226,66.4874
8,4096,250,228,67.2259
8,4096,250,230,65.9318
8,4096,250,232,65.471
8,4096,250,234,73.9876
8,4096,250,236,71.6039
8,4096,250,238,73.3236
8,4096,250,240,70.0149
8,4096,250,242,61.6311
8,4096,250,244,60.0449
8,4096,250,246,59.7262
8,4096,250,248,61.6743
8,4096,252,2,52.3338
8,4096,252,4,75.3721
8,4096,252,6,103.1134
8,4096,252,8,122.2137
8,4096,252,10,109.0501
8,4096,252,12,116.0571
8,4096,252,14,128.4654
8,4096,252,16,132.0238
8,4096,252,18,120.0537
8,4096,252,20,132.4141
8,4096,252,22,130.8932
8,4096,252,24,141.9046
8,4096,252,26,124.6445
8,4096,252,28,131.2185
8,4096,252,30,136.0392
8,4096,252,32,141.5006
8,4096,252,34,131.9699
8,4096,252,36,133.3629
8,4096,252,38,137.8154
8,4096,252,40,139.2061
8,4096,252,42,130.5163
8,4096,252,44,132.4724
8,4096,252,46,135.1167
8,4096,252,48,121.2953
8,4096,252,50,115.7448
8,4096,252,52,111.5481
8,4096,252,54,108.0283
8,4096,252,56,117.4074
8,4096,252,58,109.2926
8,4096,252,60,105.0736
8,4096,252,62,110.0982
8,4096,252,64,111.3017
8,4096,252,66,105.7363
8,4096,252,68,101.7462
8,4096,252,70,104.1023
8,4096,252,72,104.5565
8,4096,252,74,100.1955
8,4096,252,76,100.7278
8,4096,252,78,100.2866
8,4096,252,80,97.4996
8,4096,252,82,98.6929
8,4096,252,84,94.9774
8,4096,252,86,96.8151
8,4096,252,88,94.4848
8,4096,252,90,97.7296
8,4096,252,92,95.9632
8,4096,252,94,93.1495
8,4096,252,96,95.9806
8,4096,252,98,94.8231
8,4096,252,100,93.9405
8,4096,252,102,92.7708
8,4096,252,104,92.3834
8,4096,252,106,88.2548
8,4096,252,108,88.206
8,4096,252,110,89.6977
8,4096,252,112,88.7576
8,4096,252,114,90.0572
8,4096,252,116,88.937
8,4096,252,118,86.8155
8,4096,252,120,89.6492
8,4096,252,122,87.9153
8,4096,252,124,88.3721
8,4096,252,126,87.743
8,4096,252,128,89.5001
8,4096,252,130,89.5198
8,4096,252,132,88.9287
8,4096,252,134,89.9119
8,4096,252,136,89.5078
8,4096,252,138,91.5822
8,4096,252,140,91.9436
8,4096,252,142,91.3597
8,4096,252,144,88.0548
8,4096,252,146,89.3924
8,4096,252,148,81.563
8,4096,252,150,88.7082
8,4096,252,152,88.6172
8,4096,252,154,89.6023
8,4096,252,156,89.8822
8,4096,252,158,88.6755
8,4096,252,160,86.8473
8,4096,252,162,87.3111
8,4096,252,164,85.528
8,4096,252,166,84.7355
8,4096,252,168,85.9583
8,4096,252,170,84.623
8,4096,252,172,78.2534
8,4096,252,174,83.0858
8,4096,252,176,81.657
8,4096,252,178,86.0611
8,4096,252,180,85.1661
8,4096,252,182,80.5168
8,4096,252,184,79.5246
8,4096,252,186,86.1638
8,4096,252,188,85.6869
8,4096,252,190,84.9461
8,4096,252,192,72.733
8,4096,252,194,71.5489
8,4096,252,196,69.8911
8,4096,252,198,72.576
8,4096,252,200,71.0081
8,4096,252,202,68.9527
8,4096,252,204,72.3999
8,4096,252,206,70.172
8,4096,252,208,70.3081
8,4096,252,210,69.7256
8,4096,252,212,68.6742
8,4096,252,214,69.7807
8,4096,252,216,67.9696
8,4096,252,218,69.0636
8,4096,252,220,67.4683
8,4096,252,222,66.8138
8,4096,252,224,68.4275
8,4096,252,226,66.2876
8,4096,252,228,65.896
8,4096,252,230,65.0001
8,4096,252,232,66.8444
8,4096,252,234,71.7034
8,4096,252,236,73.4119
8,4096,252,238,70.778
8,4096,252,240,70.3558
8,4096,252,242,62.3382
8,4096,252,244,60.7208
8,4096,252,246,59.733
8,4096,252,248,61.3191
8,4096,252,250,62.2958
8,4096,254,2,50.9239
8,4096,254,4,76.5678
8,4096,254,6,102.4879
8,4096,254,8,121.9792
8,4096,254,10,93.205
8,4096,254,12,115.3908
8,4096,254,14,125.6691
8,4096,254,16,114.8661
8,4096,254,18,105.0849
8,4096,254,20,101.8679
8,4096,254,22,127.6746
8,4096,254,24,139.5467
8,4096,254,26,124.6716
8,4096,254,28,128.3853
8,4096,254,30,136.4501
8,4096,254,32,140.5412
8,4096,254,34,129.7452
8,4096,254,36,127.1938
8,4096,254,38,135.1054
8,4096,254,40,135.1552
8,4096,254,42,128.1792
8,4096,254,44,127.31
8,4096,254,46,106.0606
8,4096,254,48,107.2754
8,4096,254,50,112.2239
8,4096,254,52,116.3972
8,4096,254,54,116.7668
8,4096,254,56,112.7443
8,4096,254,58,112.717
8,4096,254,60,109.8943
8,4096,254,62,105.1518
8,4096,254,64,107.589
8,4096,254,66,109.2543
8,4096,254,68,107.0139
8,4096,254,70,101.8155
8,4096,254,72,100.869
8,4096,254,74,104.5288
8,4096,254,76,104.1703
8,4096,254,78,101.3673
8,4096,254,80,94.7347
8,4096,254,82,94.5198
8,4096,254,84,90.0733
8,4096,254,86,96.7993
8,4096,254,88,98.1493
8,4096,254,90,95.999
8,4096,254,92,94.7573
8,4096,254,94,96.9984
8,4096,254,96,92.7701
8,4096,254,98,88.6497
8,4096,254,100,90.7812
8,4096,254,102,90.0341
8,4096,254,104,93.3128
8,4096,254,106,91.221
8,4096,254,108,91.727
8,4096,254,110,91.9679
8,4096,254,112,89.023
8,4096,254,114,89.0282
8,4096,254,116,88.9928
8,4096,254,118,87.0699
8,4096,254,120,87.0761
8,4096,254,122,87.3605
8,4096,254,124,87.5678
8,4096,254,126,84.7256
8,4096,254,128,88.8365
8,4096,254,130,87.8148
8,4096,254,132,91.8098
8,4096,254,134,90.9959
8,4096,254,136,89.7189
8,4096,254,138,89.8858
8,4096,254,140,89.4574
8,4096,254,142,89.7661
8,4096,254,144,89.6125
8,4096,254,146,88.8346
8,4096,254,148,86.5521
8,4096,254,150,89.5273
8,4096,254,152,88.8963
8,4096,254,154,88.8243
8,4096,254,156,84.2827
8,4096,254,158,87.2383
8,4096,254,160,86.5081
8,4096,254,162,85.9605
8,4096,254,164,83.8505
8,4096,254,166,85.7506
8,4096,254,168,84.2029
8,4096,254,170,84.9898
8,4096,254,172,83.5352
8,4096,254,174,82.6953
8,4096,254,176,80.9672
8,4096,254,178,84.118
8,4096,254,180,82.8848
8,4096,254,182,80.5289
8,4096,254,184,78.0308
8,4096,254,186,83.031
8,4096,254,188,84.3652
8,4096,254,190,84.4507
8,4096,254,192,74.0678
8,4096,254,194,70.0191
8,4096,254,196,70.9231
8,4096,254,198,70.4393
8,4096,254,200,69.4647
8,4096,254,202,68.8029
8,4096,254,204,71.2171
8,4096,254,206,69.2588
8,4096,254,208,72.0145
8,4096,254,210,70.1231
8,4096,254,212,68.4336
8,4096,254,214,70.8454
8,4096,254,216,67.369
8,4096,254,218,70.3133
8,4096,254,220,68.1575
8,4096,254,222,66.0241
8,4096,254,224,68.0792
8,4096,254,226,65.9297
8,4096,254,228,65.6937
8,4096,254,230,64.6304
8,4096,254,232,66.2792
8,4096,254,234,65.4523
8,4096,254,236,65.6756
8,4096,254,238,65.196
8,4096,254,240,66.0293
8,4096,254,242,60.4364
8,4096,254,244,59.5643
8,4096,254,246,62.5597
8,4096,254,248,58.7961
8,4096,254,250,62.5715
8,4096,254,252,60.9603
8,4096,256,2,50.6201
8,4096,256,4,78.1738
8,4096,256,6,100.9239
8,4096,256,8,118.81
8,4096,256,10,108.8544
8,4096,256,12,117.5826
8,4096,256,14,122.0368
8,4096,256,16,137.8689
8,4096,256,18,121.9125
8,4096,256,20,130.9199
8,4096,256,22,133.8764
8,4096,256,24,142.0193
8,4096,256,26,121.7032
8,4096,256,28,132.304
8,4096,256,30,134.7282
8,4096,256,32,137.5505
8,4096,256,34,125.308
8,4096,256,36,132.8445
8,4096,256,38,132.1261
8,4096,256,40,138.3958
8,4096,256,42,127.6595
8,4096,256,44,129.8103
8,4096,256,46,125.2255
8,4096,256,48,126.5563
8,4096,256,50,113.3814
8,4096,256,52,106.4441
8,4096,256,54,109.0732
8,4096,256,56,113.2631
8,4096,256,58,109.6119
8,4096,256,60,111.4548
8,4096,256,62,108.9258
8,4096,256,64,95.9507
8,4096,256,66,108.5457
8,4096,256,68,106.0342
8,4096,256,70,109.9374
8,4096,256,72,103.1201
8,4096,256,74,105.9655
8,4096,256,76,100.9758
8,4096,256,78,102.3174
8,4096,256,80,99.7118
8,4096,256,82,90.2906
8,4096,256,84,94.7487
8,4096,256,86,96.9825
8,4096,256,88,94.6091
8,4096,256,90,97.0281
8,4096,256,92,98.0895
8,4096,256,94,96.4432
8,4096,256,96,96.333
8,4096,256,98,94.111
8,4096,256,100,90.3061
8,4096,256,102,91.4463
8,4096,256,104,89.5508
8,4096,256,106,92.6302
8,4096,256,108,95.2351
8,4096,256,110,90.8818
8,4096,256,112,92.5073
8,4096,256,114,90.0031
8,4096,256,116,93.1941
8,4096,256,118,89.0464
8,4096,256,120,86.7636
8,4096,256,122,85.592
8,4096,256,124,89.1955
8,4096,256,126,87.3199
8,4096,256,128,88.2656
8,4096,256,130,90.7512
8,4096,256,132,91.3059
8,4096,256,134,89.3535
8,4096,256,136,88.4634
8,4096,256,138,91.1991
8,4096,256,140,90.2406
8,4096,256,142,91.1596
8,4096,256,144,84.9462
8,4096,256,146,89.8968
8,4096,256,148,89.1309
8,4096,256,150,90.1897
8,4096,256,152,87.2235
8,4096,256,154,88.5879
8,4096,256,156,89.1052
8,4096,256,158,88.4362
8,4096,256,160,87.5152
8,4096,256,162,84.7562
8,4096,256,164,86.1316
8,4096,256,166,82.7159
8,4096,256,168,85.026
8,4096,256,170,85.9893
8,4096,256,172,85.8117
8,4096,256,174,85.6084
8,4096,256,176,81.1178
8,4096,256,178,88.5677
8,4096,256,180,87.3519
8,4096,256,182,83.1985
8,4096,256,184,83.5059
8,4096,256,186,86.1909
8,4096,256,188,84.8711
8,4096,256,190,84.5582
8,4096,256,192,72.7716
8,4096,256,194,72.7178
8,4096,256,196,73.4595
8,4096,256,198,71.5176
8,4096,256,200,71.0061
8,4096,256,202,72.5871
8,4096,256,204,70.4422
8,4096,256,206,70.0279
8,4096,256,208,72.2697
8,4096,256,210,70.6556
8,4096,256,212,71.3751
8,4096,256,214,68.8722
8,4096,256,216,69.4088
8,4096,256,218,69.2886
8,4096,256,220,68.8069
8,4096,256,222,70.3355
8,4096,256,224,66.4638
8,4096,256,226,69.3793
8,4096,256,228,66.9571
8,4096,256,230,67.1379
8,4096,256,232,65.7277
8,4096,256,234,65.3048
8,4096,256,236,66.8889
8,4096,256,238,65.781
8,4096,256,240,64.6666
8,4096,256,242,61.9059
8,4096,256,244,62.3111
8,4096,256,246,62.6339
8,4096,256,248,61.4043
8,4096,256,250,64.1898
8,4096,256,252,62.4646
8,4096,256,254,62.3842
8,4096,258,2,52.775
8,4096,258,4,75.3056
8,4096,258,6,99.9776
8,4096,258,8,118.5233
8,4096,258,10,108.8522
8,4096,258,12,115.6823
8,4096,258,14,124.9823
8,4096,258,16,136.5866
8,4096,258,18,121.9157
8,4096,258,20,129.6907
8,4096,258,22,137.7875
8,4096,258,24,140.0139
8,4096,258,26,131.9106
8,4096,258,28,131.3793
8,4096,258,30,136.6069
8,4096,258,32,140.7961
8,4096,258,34,132.7633
8,4096,258,36,132.5638
8,4096,258,38,139.6957
8,4096,258,40,136.9721
8,4096,258,42,133.322
8,4096,258,44,133.7586
8,4096,258,46,137.2383
8,4096,258,48,119.7561
8,4096,258,50,118.8266
8,4096,258,52,112.6011
8,4096,258,54,117.8519
8,4096,258,56,116.2478
8,4096,258,58,106.6605
8,4096,258,60,109.3808
8,4096,258,62,106.501
8,4096,258,64,107.3976
8,4096,258,66,109.207
8,4096,258,68,99.3026
8,4096,258,70,108.1532
8,4096,258,72,102.6327
8,4096,258,74,101.1942
8,4096,258,76,101.0634
8,4096,258,78,101.7721
8,4096,258,80,99.0332
8,4096,258,82,94.0805
8,4096,258,84,97.2586
8,4096,258,86,95.422
8,4096,258,88,93.8347
8,4096,258,90,95.8853
8,4096,258,92,95.1288
8,4096,258,94,96.705
8,4096,258,96,94.7063
8,4096,258,98,95.5777
8,4096,258,100,91.036
8,4096,258,102,95.0239
8,4096,258,104,92.5433
8,4096,258,106,89.4507
8,4096,258,108,90.3651
8,4096,258,110,90.2334
8,4096,258,112,89.1399
8,4096,258,114,87.1214
8,4096,258,116,89.0294
8,4096,258,118,88.1454
8,4096,258,120,85.7837
8,4096,258,122,88.7245
8,4096,258,124,86.4927
8,4096,258,126,85.5986
8,4096,258,128,78.8007
8,4096,258,130,89.1363
8,4096,258,132,89.3098
8,4096,258,134,87.7703
8,4096,258,136,85.0915
8,4096,258,138,88.3087
8,4096,258,140,89.2846
8,4096,258,142,88.1193
8,4096,258,144,88.9512
8,4096,258,146,89.1491
8,4096,258,148,87.2132
8,4096,258,150,85.0714
8,4096,258,152,86.8599
8,4096,258,154,88.4181
8,4096,258,156,86.124
8,4096,258,158,84.8956
8,4096,258,160,84.833
8,4096,258,162,86.2016
8,4096,258,164,85.6514
8,4096,258,166,85.7707
8,4096,258,168,84.5049
8,4096,258,170,85.3272
8,4096,258,172,83.6335
8,4096,258,174,84.2178
8,4096,258,176,82.2395
8,4096,258,178,87.8535
8,4096,258,180,85.6314
8,4096,258,182,80.6133
8,4096,258,184,80.3321
8,4096,258,186,87.8232
8,4096,258,188,86.6203
8,4096,258,190,86.5441
8,4096,258,192,75.1647
8,4096,258,194,68.7913
8,4096,258,196,70.7307
8,4096,258,198,73.5082
8,4096,258,200,72.2199
8,4096,258,202,68.166
8,4096,258,204,71.0868
8,4096,258,206,70.43
8,4096,258,208,71.9889
8,4096,258,210,72.5166
8,4096,258,212,71.2835
8,4096,258,214,70.3308
8,4096,258,216,70.7387
8,4096,258,218,67.8252
8,4096,258,220,68.4962
8,4096,258,222,64.6886
8,4096,258,224,68.0991
8,4096,258,226,68.7213
8,4096,258,228,69.0055
8,4096,258,230,66.4925
8,4096,258,232,68.4293
8,4096,258,234,66.0357
8,4096,258,236,66.6838
8,4096,258,238,66.4411
8,4096,258,240,64.6376
8,4096,258,242,63.4589
8,4096,258,244,64.2736
8,4096,258,246,61.6378
8,4096,258,248,62.8059
8,4096,258,250,62.2013
8,4096,258,252,62.1593
8,4096,258,254,60.376
8,4096,258,256,61.6878
8,4096,260,2,52.3691
8,4096,260,4,79.4364
8,4096,260,6,100.5347
8,4096,260,8,123.2139
8,4096,260,10,111.02
8,4096,260,12,119.0227
8,4096,260,14,130.0899
8,4096,260,16,138.8714
8,4096,260,18,125.9963
8,4096,260,20,130.7657
8,4096,260,22,131.4733
8,4096,260,24,135.8813
8,4096,260,26,126.4528
8,4096,260,28,136.3496
8,4096,260,30,126.2041
8,4096,260,32,137.2264
8,4096,260,34,126.8534
8,4096,260,36,125.8665
8,4096,260,38,133.9917
8,4096,260,40,133.8156
8,4096,260,42,123.7896
8,4096,260,44,133.0939
8,4096,260,46,131.9837
8,4096,260,48,120.2796
8,4096,260,50,116.116
8,4096,260,52,111.125
8,4096,260,54,113.209
8,4096,260,56,114.5829
8,4096,260,58,106.0116
8,4096,260,60,107.7602
8,4096,260,62,105.0433
8,4096,260,64,106.3566
8,4096,260,66,103.5033
8,4096,260,68,97.7837
8,4096,260,70,105.3793
8,4096,260,72,103.9917
8,4096,260,74,103.499
8,4096,260,76,93.3649
8,4096,260,78,95.4706
8,4096,260,80,97.3954
8,4096,260,82,99.8569
8,4096,260,84,97.0798
8,4096,260,86,95.5317
8,4096,260,88,94.1279
8,4096,260,90,96.7187
8,4096,260,92,94.731
8,4096,260,94,93.9605
8,4096,260,96,94.4465
8,4096,260,98,92.4613
8,4096,260,100,82.0352
8,4096,260,102,90.6223
8,4096,260,104,91.2875
8,4096,260,106,87.2586
8,4096,260,108,85.3904
8,4096,260,110,91.1305
8,4096,260,112,89.4853
8,4096,260,114,90.9451
8,4096,260,116,91.9181
8,4096,260,118,80.5071
8,4096,260,120,86.6236
8,4096,260,122,87.9353
8,4096,260,124,86.4824
8,4096,260,126,85.8891
8,4096,260,128,82.2829
8,4096,260,130,86.4656
8,4096,260,132,87.2877
8,4096,260,134,88.2746
8,4096,260,136,87.0271
8,4096,260,138,90.4408
8,4096,260,140,90.0694
8,4096,260,142,93.7728
8,4096,260,144,90.4995
8,4096,260,146,88.0316
8,4096,260,148,90.5609
8,4096,260,150,88.1761
8,4096,260,152,88.3996
8,4096,260,154,88.3696
8,4096,260,156,88.8518
8,4096,260,158,89.0197
8,4096,260,160,88.1357
8,4096,260,162,88.1819
8,4096,260,164,87.9088
8,4096,260,166,87.2995
8,4096,260,168,85.3384
8,4096,260,170,86.9278
8,4096,260,172,85.266
8,4096,260,174,85.6871
8,4096,260,176,83.3181
8,4096,260,178,88.8097
8,4096,260,180,90.1637
8,4096,260,182,84.1796
8,4096,260,184,80.2759
8,4096,260,186,83.5597
8,4096,260,188,83.3278
8,4096,260,190,83.7966
8,4096,260,192,72.5474
8,4096,260,194,73.0235
8,4096,260,196,74.6922
8,4096,260,198,72.6499
8,4096,260,200,73.0669
8,4096,260,202,72.9701
8,4096,260,204,71.6787
8,4096,260,206,71.4425
8,4096,260,208,69.5576
8,4096,260,210,71.2753
8,4096,260,212,69.944
8,4096,260,214,70.5286
8,4096,260,216,70.0889
8,4096,260,218,68.8227
8,4096,260,220,68.512
8,4096,260,222,69.7679
8,4096,260,224,67.7647
8,4096,260,226,68.8224
8,4096,260,228,67.1967
8,4096,260,230,67.5419
8,4096,260,232,67.2575
8,4096,260,234,68.7834
8,4096,260,236,66.5241
8,4096,260,238,67.7467
8,4096,260,240,65.694
8,4096,260,242,63.3221
8,4096,260,244,61.1613
8,4096,260,246,62.4911
8,4096,260,248,63.055
8,4096,260,250,61.6697
8,4096,260,252,61.1501
8,4096,260,254,61.7942
8,4096,260,256,60.2037
8,4096,260,258,65.4121
8,4096,262,2,52.6894
8,4096,262,4,80.637
8,4096,262,6,102.0107
8,4096,262,8,124.1212
8,4096,262,10,109.1448
8,4096,262,12,114.963
8,4096,262,14,126.0653
8,4096,262,16,139.3273
8,4096,262,18,119.2053
8,4096,262,20,131.8819
8,4096,262,22,136.5251
8,4096,262,24,143.1346
8,4096,262,26,130.8577
8,4096,262,28,131.2986
8,4096,262,30,137.9127
8,4096,262,32,135.7897
8,4096,262,34,132.3244
8,4096,262,36,133.1005
8,4096,262,38,135.5489
8,4096,262,40,141.8224
8,4096,262,42,129.4239
8,4096,262,44,132.865
8,4096,262,46,135.0115
8,4096,262,48,120.3578
8,4096,262,50,117.6253
8,4096,262,52,109.5358
8,4096,262,54,117.5535
8,4096,262,56,114.352
8,4096,262,58,107.8575
8,4096,262,60,109.1986
8,4096,262,62,103.0257
8,4096,262,64,100.8374
8,4096,262,66,100.3766
8,4096,262,68,102.5782
8,4096,262,70,106.9064
8,4096,262,72,106.3049
8,4096,262,74,103.9368
8,4096,262,76,97.0298
8,4096,262,78,98.8124
8,4096,262,80,102.1011
8,4096,262,82,97.817
8,4096,262,84,98.5479
8,4096,262,86,94.2981
8,4096,262,88,95.7084
8,4096,262,90,96.0478
8,4096,262,92,94.6327
8,4096,262,94,96.1573
8,4096,262,96,96.5346
8,4096,262,98,97.0949
8,4096,262,100,95.1408
8,4096,262,102,94.8562
8,4096,262,104,90.736
8,4096,262,106,91.0096
8,4096,262,108,87.7115
8,4096,262,110,91.9563
8,4096,262,112,91.4063
8,4096,262,114,88.7739
8,4096,262,116,92.2423
8,4096,262,118,91.0139
8,4096,262,120,90.0896
8,4096,262,122,91.0729
8,4096,262,124,90.247
8,4096,262,126,88.7348
8,4096,262,128,88.7136
8,4096,262,130,85.9362
8,4096,262,132,89.4576
8,4096,262,134,92.4031
8,4096,262,136,90.8696
8,4096,262,138,92.9552
8,4096,262,140,81.5424
8,4096,262,142,83.3223
8,4096,262,144,88.755
8,4096,262,146,83.6641
8,4096,262,148,86.4266
8,4096,262,150,88.8907
8,4096,262,152,89.3901
8,4096,262,154,87.5582
8,4096,262,156,88.8852
8,4096,262,158,90.6149
8,4096,262,160,89.0185
8,4096,262,162,87.7122
8,4096,262,164,87.292
8,4096,262,166,87.6458
8,4096,262,168,74.5628
8,4096,262,170,77.7136
8,4096,262,172,75.3945
8,4096,262,174,80.5824
8,4096,262,176,86.0765
8,4096,262,178,88.9691
8,4096,262,180,90.4437
8,4096,262,182,84.9663
8,4096,262,184,84.0707
8,4096,262,186,88.9029
8,4096,262,188,86.6718
8,4096,262,190,87.5026
8,4096,262,192,75.1589
8,4096,262,194,74.3347
8,4096,262,196,72.0454
8,4096,262,198,75.5612
8,4096,262,200,73.9468
8,4096,262,202,72.9532
8,4096,262,204,73.5065
8,4096,262,206,75.1544
8,4096,262,208,72.6307
8,4096,262,210,73.284
8,4096,262,212,72.9322
8,4096,262,214,72.3878
8,4096,262,216,73.3725
8,4096,262,218,69.8618
8,4096,262,220,70.0942
8,4096,262,222,72.0053
8,4096,262,224,69.8306
8,4096,262,226,68.9152
8,4096,262,228,69.2201
8,4096,262,230,69.6946
8,4096,262,232,71.2265
8,4096,262,234,68.701
8,4096,262,236,69.3463
8,4096,262,238,67.7357
8,4096,262,240,68.2453
8,4096,262,242,63.7071
8,4096,262,244,64.0628
8,4096,262,246,64.5083
8,4096,262,248,64.7435
8,4096,262,250,63.3939
8,4096,262,252,63.8513
8,4096,262,254,62.7901
8,4096,262,256,61.7413
8,4096,262,258,70.9472
8,4096,262,260,70.4377
8,4096,264,2,53.0705
8,4096,264,4,77.94
8,4096,264,6,105.3133
8,4096,264,8,125.9118
8,4096,264,10,109.7211
8,4096,264,12,116.2186
8,4096,264,14,125.2628
8,4096,264,16,144.2215
8,4096,264,18,121.6741
8,4096,264,20,132.2855
8,4096,264,22,133.1009
8,4096,264,24,144.8327
8,4096,264,26,124.0211
8,4096,264,28,135.9539
8,4096,264,30,129.8824
8,4096,264,32,141.5773
8,4096,264,34,128.6981
8,4096,264,36,136.6911
8,4096,264,38,131.0366
8,4096,264,40,143.6076
8,4096,264,42,126.9634
8,4096,264,44,134.6161
8,4096,264,46,122.7282
8,4096,264,48,124.0859
8,4096,264,50,115.1552
8,4096,264,52,110.7323
8,4096,264,54,118.1896
8,4096,264,56,116.8833
8,4096,264,58,110.0299
8,4096,264,60,107.357
8,4096,264,62,108.5979
8,4096,264,64,102.7821
8,4096,264,66,104.88
8,4096,264,68,105.2349
8,4096,264,70,102.4005
8,4096,264,72,97.7978
8,4096,264,74,95.2584
8,4096,264,76,98.4989
8,4096,264,78,102.0233
8,4096,264,80,100.4167
8,4096,264,82,100.5675
8,4096,264,84,91.0833
8,4096,264,86,96.8181
8,4096,264,88,96.1695
8,4096,264,90,94.498
8,4096,264,92,94.1426
8,4096,264,94,96.1114
8,4096,264,96,96.7207
8,4096,264,98,95.3326
8,4096,264,100,95.1743
8,4096,264,102,95.7038
8,4096,264,104,95.2916
8,4096,264,106,91.0706
8,4096,264,108,89.8537
8,4096,264,110,92.9375
8,4096,264,112,91.9478
8,4096,264,114,90.3436
8,4096,264,116,90.4258
8,4096,264,118,87.0808
8,4096,264,120,91.216
8,4096,264,122,90.843
8,4096,264,124,92.2355
8,4096,264,126,88.9833
8,4096,264,128,88.0849
8,4096,264,130,87.9655
8,4096,264,132,90.6661
8,4096,264,134,91.3297
8,4096,264,136,89.6918
8,4096,264,138,91.9709
8,4096,264,140,93.0131
8,4096,264,142,91.7642
8,4096,264,144,88.4963
8,4096,264,146,88.3886
8,4096,264,148,91.0458
8,4096,264,150,89.6637
8,4096,264,152,89.084
8,4096,264,154,89.9838
8,4096,264,156,89.0639
8,4096,264,158,87.9237
8,4096,264,160,87.2408
8,4096,264,162,84.5859
8,4096,264,164,88.3679
8,4096,264,166,86.0044
8,4096,264,168,85.7876
8,4096,264,170,87.6063
8,4096,264,172,86.7468
8,4096,264,174,86.6836
8,4096,264,176,84.9739
8,4096,264,178,89.9376
8,4096,264,180,88.7145
8,4096,264,182,85.0312
8,4096,264,184,83.0547
8,4096,264,186,86.7231
8,4096,264,188,86.101
8,4096,264,190,87.2098
8,4096,264,192,74.7383
8,4096,264,194,73.543
8,4096,264,196,73.501
8,4096,264,198,70.7502
8,4096,264,200,72.9766
8,4096,264,202,73.9044
8,4096,264,204,74.5704
8,4096,264,206,72.192
8,4096,264,208,72.3519
8,4096,264,210,73.9189
8,4096,264,212,73.721
8,4096,264,214,72.0685
8,4096,264,216,72.7446
8,4096,264,218,72.6463
8,4096,264,220,70.5008
8,4096,264,222,70.9351
8,4096,264,224,70.2818
8,4096,264,226,69.6461
8,4096,264,228,69.592
8,4096,264,230,69.0724
8,4096,264,232,70.5864
8,4096,264,234,68.7191
8,4096,264,236,69.1435
8,4096,264,238,67.8472
8,4096,264,240,67.2
8,4096,264,242,68.1594
8,4096,264,244,66.0918
8,4096,264,246,67.424
8,4096,264,248,64.6479
8,4096,264,250,67.3693
8,4096,264,252,66.3481
8,4096,264,254,66.7867
8,4096,264,256,65.5674
8,4096,264,258,70.606
8,4096,264,260,69.4004
8,4096,264,262,69.299
8,4096,266,2,53.8082
8,4096,266,4,79.8434
8,4096,266,6,96.7431
8,4096,266,8,122.3329
8,4096,266,10,108.1401
8,4096,266,12,115.2753
8,4096,266,14,127.8554
8,4096,266,16,133.4837
8,4096,266,18,128.7418
8,4096,266,20,131.6482
8,4096,266,22,127.2468
8,4096,266,24,140.8377
8,4096,266,26,124.3487
8,4096,266,28,127.8734
8,4096,266,30,132.607
8,4096,266,32,141.2603
8,4096,266,34,124.0067
8,4096,266,36,134.5376
8,4096,266,38,130.8672
8,4096,266,40,138.5159
8,4096,266,42,126.0124
8,4096,266,44,132.8574
8,4096,266,46,128.7625
8,4096,266,48,124.4786
8,4096,266,50,118.4466
8,4096,266,52,109.0362
8,4096,266,54,115.8461
8,4096,266,56,114.9986
8,4096,266,58,87.2262
8,4096,266,60,95.456
8,4096,266,62,108.134
8,4096,266,64,108.1271
8,4096,266,66,102.8648
8,4096,266,68,102.5319
8,4096,266,70,102.8591
8,4096,266,72,104.3174
8,4096,266,74,104.2842
8,4096,266,76,100.6609
8,4096,266,78,98.2653
8,4096,266,80,102.2889
8,4096,266,82,99.2277
8,4096,266,84,98.3842
8,4096,266,86,95.5566
8,4096,266,88,96.1535
8,4096,266,90,95.7163
8,4096,266,92,93.2815
8,4096,266,94,92.4481
8,4096,266,96,93.4774
8,4096,266,98,96.4292
8,4096,266,100,95.7391
8,4096,266,102,94.4051
8,4096,266,104,93.0007
8,4096,266,106,94.1387
8,4096,266,108,93.9069
8,4096,266,110,94.2315
8,4096,266,112,90.2856
8,4096,266,114,87.7904
8,4096,266,116,87.2606
8,4096,266,118,89.1653
8,4096,266,120,89.0594
8,4096,266,122,88.4075
8,4096,266,124,88.6401
8,4096,266,126,87.9685
8,4096,266,128,86.4618
8,4096,266,130,86.2784
8,4096,266,132,84.1716
8,4096,266,134,88.598
8,4096,266,136,87.0378
8,4096,266,138,90.7097
8,4096,266,140,90.1939
8,4096,266,142,88.793
8,4096,266,144,89.9012
8,4096,266,146,93.0397
8,4096,266,148,90.9896
8,4096,266,150,88.1126
8,4096,266,152,91.1762
8,4096,266,154,91.0036
8,4096,266,156,89.7549
8,4096,266,158,89.332
8,4096,266,160,85.8107
8,4096,266,162,87.3691
8,4096,266,164,87.1013
8,4096,266,166,84.6885
8,4096,266,168,85.1207
8,4096,266,170,90.1403
8,4096,266,172,83.7171
8,4096,266,174,85.262
8,4096,266,176,82.3842
8,4096,266,178,90.5005
8,4096,266,180,89.4384
8,4096,266,182,85.0476
8,4096,266,184,83.8889
8,4096,266,186,88.445
8,4096,266,188,86.5702
8,4096,266,190,85.8137
8,4096,266,192,74.1261
8,4096,266,194,74.5245
8,4096,266,196,73.6991
8,4096,266,198,75.7495
8,4096,266,200,75.7592
8,4096,266,202,69.4473
8,4096,266,204,73.7972
8,4096,266,206,73.8748
8,4096,266,208,72.2584
8,4096,266,210,72.1318
8,4096,266,212,73.6303
8,4096,266,214,71.7117
8,4096,266,216,69.3737
8,4096,266,218,72.3503
8,4096,266,220,68.5289
8,4096,266,222,70.6229
8,4096,266,224,71.3052
8,4096,266,226,70.0757
8,4096,266,228,70.7901
8,4096,266,230,71.0348
8,4096,266,232,69.2271
8,4096,266,234,75.6152
8,4096,266,236,73.7751
8,4096,266,238,70.1054
8,4096,266,240,72.4138
8,4096,266,242,65.6857
8,4096,266,244,68.1252
8,4096,266,246,66.3953
8,4096,266,248,68.3717
8,4096,266,250,71.1614
8,4096,266,252,71.0787
8,4096,266,254,70.9738
8,4096,266,256,68.4215
8,4096,266,258,71.2006
8,4096,266,260,67.5513
8,4096,266,262,68.7961
8,4096,266,264,69.5749
8,4096,268,2,52.0444
8,4096,268,4,80.6316
8,4096,268,6,104.2955
8,4096,268,8,121.4143
8,4096,268,10,107.8525
8,4096,268,12,111.7336
8,4096,268,14,128.516
8,4096,268,16,140.2858
8,4096,268,18,121.3813
8,4096,268,20,131.9585
8,4096,268,22,129.7579
8,4096,268,24,139.5898
8,4096,268,26,125.5392
8,4096,268,28,134.7237
8,4096,268,30,132.3523
8,4096,268,32,140.8335
8,4096,268,34,126.3057
8,4096,268,36,134.4971
8,4096,268,38,129.9011
8,4096,268,40,137.6627
8,4096,268,42,124.3079
8,4096,268,44,130.4418
8,4096,268,46,134.3999
8,4096,268,48,117.6641
8,4096,268,50,116.3143
8,4096,268,52,105.9361
8,4096,268,54,114.3611
8,4096,268,56,114.6191
8,4096,268,58,105.5851
8,4096,268,60,107.8951
8,4096,268,62,104.3427
8,4096,268,64,102.4027
8,4096,268,66,102.5002
8,4096,268,68,99.2147
8,4096,268,70,101.0751
8,4096,268,72,99.3374
8,4096,268,74,102.095
8,4096,268,76,99.1104
8,4096,268,78,95.8009
8,4096,268,80,102.0039
8,4096,268,82,94.8832
8,4096,268,84,93.7427
8,4096,268,86,94.7602
8,4096,268,88,93.69
8,4096,268,90,97.0391
8,4096,268,92,98.4749
8,4096,268,94,96.2781
8,4096,268,96,95.0012
8,4096,268,98,95.4178
8,4096,268,100,92.3462
8,4096,268,102,90.5993
8,4096,268,104,92.0078
8,4096,268,106,90.4836
8,4096,268,108,90.3633
8,4096,268,110,87.8995
8,4096,268,112,88.318
8,4096,268,114,87.418
8,4096,268,116,90.318
8,4096,268,118,91.1285
8,4096,268,120,90.453
8,4096,268,122,91.4361
8,4096,268,124,90.4307
8,4096,268,126,90.599
8,4096,268,128,87.9229
8,4096,268,130,88.0517
8,4096,268,132,83.9827
8,4096,268,134,88.45
8,4096,268,136,87.2327
8,4096,268,138,89.7821
8,4096,268,140,90.6802
8,4096,268,142,92.1922
8,4096,268,144,91.6142
8,4096,268,146,89.5223
8,4096,268,148,90.3729
8,4096,268,150,90.8865
8,4096,268,152,88.6995
8,4096,268,154,86.7751
8,4096,268,156,87.6686
8,4096,268,158,89.3779
8,4096,268,160,88.6793
8,4096,268,162,87.797
8,4096,268,164,88.2568
8,4096,268,166,87.272
8,4096,268,168,87.0477
8,4096,268,170,91.2533
8,4096,268,172,86.6915
8,4096,268,174,87.008
8,4096,268,176,85.3738
8,4096,268,178,90.213
8,4096,268,180,85.9799
8,4096,268,182,83.7818
8,4096,268,184,82.9384
8,4096,268,186,85.9395
8,4096,268,188,78.2735
8,4096,268,190,84.9007
8,4096,268,192,73.7001
8,4096,268,194,73.8907
8,4096,268,196,74.8297
8,4096,268,198,70.0035
8,4096,268,200,71.3355
8,4096,268,202,74.0867
8,4096,268,204,72.6388
8,4096,268,206,71.9976
8,4096,268,208,73.3609
8,4096,268,210,71.903
8,4096,268,212,72.4979
8,4096,268,214,73.4243
8,4096,268,216,68.6389
8,4096,268,218,70.4451
8,4096,268,220,70.8047
8,4096,268,222,70.6291
8,4096,268,224,70.8696
8,4096,268,226,67.6523
8,4096,268,228,68.746
8,4096,268,230,69.2735
8,4096,268,232,68.9668
8,4096,268,234,69.6875
8,4096,268,236,68.7332
8,4096,268,238,69.2244
8,4096,268,240,66.9509
8,4096,268,242,66.4747
8,4096,268,244,65.5802
8,4096,268,246,65.5259
8,4096,268,248,65.8923
8,4096,268,250,70.1962
8,4096,268,252,71.0542
8,4096,268,254,66.9852
8,4096,268,256,71.5484
8,4096,268,258,69.2727
8,4096,268,260,68.8029
8,4096,268,262,67.6112
8,4096,268,264,67.6273
8,4096,268,266,61.8632
8,4096,270,2,53.7666
8,4096,270,4,79.0964
8,4096,270,6,98.7738
8,4096,270,8,115.5826
8,4096,270,10,103.0228
8,4096,270,12,107.6284
8,4096,270,14,126.2317
8,4096,270,16,138.9029
8,4096,270,18,125.2092
8,4096,270,20,125.4442
8,4096,270,22,132.4363
8,4096,270,24,137.9627
8,4096,270,26,127.7013
8,4096,270,28,124.5178
8,4096,270,30,137.7875
8,4096,270,32,132.5355
8,4096,270,34,124.2245
8,4096,270,36,125.2801
8,4096,270,38,135.0218
8,4096,270,40,128.28
8,4096,270,42,124.1689
8,4096,270,44,130.7894
8,4096,270,46,127.2415
8,4096,270,48,121.5271
8,4096,270,50,109.2644
8,4096,270,52,114.2274
8,4096,270,54,111.7416
8,4096,270,56,109.8333
8,4096,270,58,108.5479
8,4096,270,60,109.0623
8,4096,270,62,104.127
8,4096,270,64,98.6145
8,4096,270,66,98.9078
8,4096,270,68,99.1465
8,4096,270,70,100.9431
8,4096,270,72,102.6547
8,4096,270,74,97.3316
8,4096,270,76,95.371
8,4096,270,78,95.9463
8,4096,270,80,98.3762
8,4096,270,82,96.4833
8,4096,270,84,96.3313
8,4096,270,86,90.9474
8,4096,270,88,93.4665
8,4096,270,90,95.6051
8,4096,270,92,94.7634
8,4096,270,94,94.449
8,4096,270,96,90.8615
8,4096,270,98,91.9279
8,4096,270,100,89.9595
8,4096,270,102,90.4589
8,4096,270,104,89.8952
8,4096,270,106,89.0808
8,4096,270,108,91.7417
8,4096,270,110,92.5871
8,4096,270,112,91.1899
8,4096,270,114,89.6539
8,4096,270,116,91.5021
8,4096,270,118,88.1523
8,4096,270,120,87.7151
8,4096,270,122,87.7314
8,4096,270,124,88.4711
8,4096,270,126,87.6708
8,4096,270,128,87.7842
8,4096,270,130,84.4872
8,4096,270,132,86.8696
8,4096,270,134,85.9339
8,4096,270,136,88.1056
8,4096,270,138,88.0812
8,4096,270,140,86.9767
8,4096,270,142,91.6077
8,4096,270,144,88.62
8,4096,270,146,89.4589
8,4096,270,148,89.4132
8,4096,270,150,89.6574
8,4096,270,152,88.9899
8,4096,270,154,89.5783
8,4096,270,156,88.2291
8,4096,270,158,87.0989
8,4096,270,160,87.0869
8,4096,270,162,86.389
8,4096,270,164,85.9731
8,4096,270,166,83.7463
8,4096,270,168,83.2444
8,4096,270,170,88.3464
8,4096,270,172,86.2454
8,4096,270,174,85.1588
8,4096,270,176,84.323
8,4096,270,178,87.863
8,4096,270,180,87.9692
8,4096,270,182,85.2415
8,4096,270,184,81.6033
8,4096,270,186,77.5614
8,4096,270,188,83.2024
8,4096,270,190,84.4049
8,4096,270,192,72.1456
8,4096,270,194,73.913
8,4096,270,196,73.293
8,4096,270,198,72.1252
8,4096,270,200,73.1731
8,4096,270,202,72.754
8,4096,270,204,70.9545
8,4096,270,206,72.4966
8,4096,270,208,71.6157
8,4096,270,210,69.6963
8,4096,270,212,71.3513
8,4096,270,214,70.8195
8,4096,270,216,70.3617
8,4096,270,218,68.7839
8,4096,270,220,67.6123
8,4096,270,222,70.0232
8,4096,270,224,69.2921
8,4096,270,226,68.7063
8,4096,270,228,66.0739
8,4096,270,230,68.071
8,4096,270,232,67.5215
8,4096,270,234,67.5765
8,4096,270,236,68.7701
8,4096,270,238,67.2742
8,4096,270,240,67.7679
8,4096,270,242,66.1321
8,4096,270,244,66.1952
8,4096,270,246,64.9816
8,4096,270,248,66.3262
8,4096,270,250,64.0751
8,4096,270,252,65.5802
8,4096,270,254,63.6697
8,4096,270,256,64.5344
8,4096,270,258,68.2739
8,4096,270,260,67.3509
8,4096,270,262,67.7907
8,4096,270,264,68.4786
8,4096,270,266,60.4434
8,4096,270,268,61.208
8,4096,272,2,52.981
8,4096,272,4,77.2798
8,4096,272,6,96.8315
8,4096,272,8,106.3259
8,4096,272,10,109.7261
8,4096,272,12,121.6772
8,4096,272,14,123.4297
8,4096,272,16,139.4933
8,4096,272,18,119.8972
8,4096,272,20,133.1531
8,4096,272,22,135.9325
8,4096,272,24,142.9718
8,4096,272,26,127.4923
8,4096,272,28,127.4798
8,4096,272,30,135.0391
8,4096,272,32,135.2835
8,4096,272,34,130.3717
8,4096,272,36,127.5847
8,4096,272,38,125.5112
8,4096,272,40,132.4711
8,4096,272,42,131.8736
8,4096,272,44,117.6528
8,4096,272,46,132.7632
8,4096,272,48,118.7761
8,4096,272,50,106.8481
8,4096,272,52,108.9551
8,4096,272,54,107.9388
8,4096,272,56,107.4893
8,4096,272,58,108.9476
8,4096,272,60,89.367
8,4096,272,62,99.9514
8,4096,272,64,97.035
8,4096,272,66,95.9819
8,4096,272,68,99.3294
8,4096,272,70,99.8051
8,4096,272,72,97.2923
8,4096,272,74,101.1991
8,4096,272,76,95.1739
8,4096,272,78,97.3745
8,4096,272,80,97.5905
8,4096,272,82,93.9859
8,4096,272,84,90.4239
8,4096,272,86,88.46
8,4096,272,88,89.6983
8,4096,272,90,89.2057
8,4096,272,92,95.4904
8,4096,272,94,94.41
8,4096,272,96,94.1552
8,4096,272,98,93.4297
8,4096,272,100,93.9657
8,4096,272,102,93.8641
8,4096,272,104,93.4193
8,4096,272,106,92.4282
8,4096,272,108,90.1031
8,4096,272,110,91.073
8,4096,272,112,91.3407
8,4096,272,114,91.7726
8,4096,272,116,87.9534
8,4096,272,118,86.5384
8,4096,272,120,89.9032
8,4096,272,122,90.0039
8,4096,272,124,87.3164
8,4096,272,126,88.7425
8,4096,272,128,86.7442
8,4096,272,130,86.3318
8,4096,272,132,83.7361
8,4096,272,134,85.4607
8,4096,272,136,87.7317
8,4096,272,138,85.8357
8,4096,272,140,86.2827
8,4096,272,142,86.687
8,4096,272,144,89.5949
8,4096,272,146,90.3427
8,4096,272,148,88.515
8,4096,272,150,90.0453
8,4096,272,152,89.4468
8,4096,272,154,89.2443
8,4096,272,156,87.2434
8,4096,272,158,87.1681
8,4096,272,160,84.1985
8,4096,272,162,87.1796
8,4096,272,164,82.768
8,4096,272,166,84.8807
8,4096,272,168,85.9645
8,4096,272,170,89.4308
8,4096,272,172,84.385
8,4096,272,174,84.3915
8,4096,272,176,78.8723
8,4096,272,178,87.285
8,4096,272,180,87.251
8,4096,272,182,83.7207
8,4096,272,184,81.1123
8,4096,272,186,84.5631
8,4096,272,188,82.2547
8,4096,272,190,81.623
8,4096,272,192,73.2941
8,4096,272,194,71.0868
8,4096,272,196,73.4441
8,4096,272,198,72.3468
8,4096,272,200,70.0863
8,4096,272,202,73.0427
8,4096,272,204,71.5616
8,4096,272,206,73.0256
8,4096,272,208,71.8833
8,4096,272,210,71.5264
8,4096,272,212,71.1687
8,4096,272,214,70.541
8,4096,272,216,69.4584
8,4096,272,218,69.9435
8,4096,272,220,69.377
8,4096,272,222,69.3626
8,4096,272,224,69.7059
8,4096,272,226,69.0293
8,4096,272,228,68.683
8,4096,272,230,70.2273
8,4096,272,232,67.2848
8,4096,272,234,62.7168
8,4096,272,236,65.8858
8,4096,272,238,68.2407
8,4096,272,240,66.9757
8,4096,272,242,67.7242
8,4096,272,244,66.3117
8,4096,272,246,67.3683
8,4096,272,248,65.4437
8,4096,272,250,66.2272
8,4096,272,252,64.0191
8,4096,272,254,65.9237
8,4096,272,256,64.7246
8,4096,272,258,68.6912
8,4096,272,260,69.0246
8,4096,272,262,68.6698
8,4096,272,264,66.2348
8,4096,272,266,61.8857
8,4096,272,268,61.4729
8,4096,272,270,62.6956
8,4096,274,2,53.8051
8,4096,274,4,80.7675
8,4096,274,6,103.2153
8,4096,274,8,129.3992
8,4096,274,10,110.5841
8,4096,274,12,122.2628
8,4096,274,14,125.9457
8,4096,274,16,129.2197
8,4096,274,18,111.2554
8,4096,274,20,134.246
8,4096,274,22,128.778
8,4096,274,24,144.6396
8,4096,274,26,127.0471
8,4096,274,28,132.4924
8,4096,274,30,134.5829
8,4096,274,32,143.4356
8,4096,274,34,118.6656
8,4096,274,36,135.8231
8,4096,274,38,132.1703
8,4096,274,40,132.8424
8,4096,274,42,123.0818
8,4096,274,44,132.6481
8,4096,274,46,121.9277
8,4096,274,48,120.6739
8,4096,274,50,118.7241
8,4096,274,52,112.363
8,4096,274,54,115.1615
8,4096,274,56,117.9561
8,4096,274,58,110.3666
8,4096,274,60,110.0176
8,4096,274,62,111.1636
8,4096,274,64,105.4246
8,4096,274,66,101.9999
8,4096,274,68,104.9482
8,4096,274,70,105.6595
8,4096,274,72,100.9463
8,4096,274,74,102.3227
8,4096,274,76,103.9408
8,4096,274,78,102.2365
8,4096,274,80,98.799
8,4096,274,82,101.53
8,4096,274,84,102.085
8,4096,274,86,100.7848
8,4096,274,88,95.3782
8,4096,274,90,96.5677
8,4096,274,92,98.6251
8,4096,274,94,98.9994
8,4096,274,96,99.039
8,4096,274,98,99.6634
8,4096,274,100,92.569
8,4096,274,102,88.6832
8,4096,274,104,89.7704
8,4096,274,106,75.6897
8,4096,274,108,84.2805
8,4096,274,110,85.4607
8,4096,274,112,88.6488
8,4096,274,114,95.6855
8,4096,274,116,94.4222
8,4096,274,118,94.6215
8,4096,274,120,96.4076
8,4096,274,122,94.6927
8,4096,274,124,94.1952
8,4096,274,126,90.4709
8,4096,274,128,91.6111
8,4096,274,130,90.7258
8,4096,274,132,88.6978
8,4096,274,134,69.225
8,4096,274,136,77.3049
8,4096,274,138,83.4852
8,4096,274,140,83.5358
8,4096,274,142,85.309
8,4096,274,144,89.0461
8,4096,274,146,96.8173
8,4096,274,148,94.3151
8,4096,274,150,94.1048
8,4096,274,152,92.1567
8,4096,274,154,93.6628
8,4096,274,156,93.6989
8,4096,274,158,90.3785
8,4096,274,160,89.9274
8,4096,274,162,91.0786
8,4096,274,164,87.1502
8,4096,274,166,89.121
8,4096,274,168,87.2224
8,4096,274,170,92.5357
8,4096,274,172,89.786
8,4096,274,174,90.1187
8,4096,274,176,90.1153
8,4096,274,178,95.632
8,4096,274,180,93.4605
8,4096,274,182,88.7739
8,4096,274,184,88.1704
8,4096,274,186,89.75
8,4096,274,188,89.3818
8,4096,274,190,91.2675
8,4096,274,192,79.5672
8,4096,274,194,79.8291
8,4096,274,196,80.1985
8,4096,274,198,77.5389
8,4096,274,200,78.4849
8,4096,274,202,78.0368
8,4096,274,204,77.8488
8,4096,274,206,78.5398
8,4096,274,208,75.8721
8,4096,274,210,75.3962
8,4096,274,212,75.796
8,4096,274,214,77.5173
8,4096,274,216,75.347
8,4096,274,218,75.5896
8,4096,274,220,72.9707
8,4096,274,222,74.91
8,4096,274,224,69.7627
8,4096,274,226,72.4501
8,4096,274,228,71.435
8,4096,274,230,73.074
8,4096,274,232,72.3702
8,4096,274,234,73.3516
8,4096,274,236,74.553
8,4096,274,238,72.747
8,4096,274,240,72.1576
8,4096,274,242,72.1739
8,4096,274,244,69.9247
8,4096,274,246,70.2373
8,4096,274,248,72.6359
8,4096,274,250,69.3219
8,4096,274,252,69.4551
8,4096,274,254,67.5917
8,4096,274,256,69.4466
8,4096,274,258,74.6633
8,4096,274,260,72.32
8,4096,274,262,72.8096
8,4096,274,264,72.9959
8,4096,274,266,65.4312
8,4096,274,268,65.5686
8,4096,274,270,64.4035
8,4096,274,272,63.9412
8,4096,276,2,54.4059
8,4096,276,4,80.395
8,4096,276,6,97.2726
8,4096,276,8,110.3925
8,4096,276,10,108.2141
8,4096,276,12,112.4861
8,4096,276,14,130.3286
8,4096,276,16,133.4817
8,4096,276,18,121.9089
8,4096,276,20,132.1371
8,4096,276,22,130.7241
8,4096,276,24,140.3597
8,4096,276,26,132.986
8,4096,276,28,133.7918
8,4096,276,30,134.924
8,4096,276,32,136.157
8,4096,276,34,130.6347
8,4096,276,36,129.437
8,4096,276,38,136.0019
8,4096,276,40,134.0546
8,4096,276,42,130.5775
8,4096,276,44,126.8021
8,4096,276,46,135.3166
8,4096,276,48,116.2425
8,4096,276,50,119.9258
8,4096,276,52,117.6169
8,4096,276,54,111.8787
8,4096,276,56,117.3466
8,4096,276,58,111.8783
8,4096,276,60,109.2113
8,4096,276,62,111.4143
8,4096,276,64,109.6768
8,4096,276,66,104.7221
8,4096,276,68,96.8067
8,4096,276,70,103.189
8,4096,276,72,105.4409
8,4096,276,74,102.6913
8,4096,276,76,101.9268
8,4096,276,78,100.3505
8,4096,276,80,97.0956
8,4096,276,82,99.7377
8,4096,276,84,98.4441
8,4096,276,86,97.5017
8,4096,276,88,94.6278
8,4096,276,90,96.4225
8,4096,276,92,97.1528
8,4096,276,94,94.3591
8,4096,276,96,92.2111
8,4096,276,98,92.9614
8,4096,276,100,88.8711
8,4096,276,102,91.1483
8,4096,276,104,94.3506
8,4096,276,106,95.1809
8,4096,276,108,95.2218
8,4096,276,110,93.2788
8,4096,276,112,92.4314
8,4096,276,114,93.5324
8,4096,276,116,93.0068
8,4096,276,118,96.7569
8,4096,276,120,93.0389
8,4096,276,122,93.3472
8,4096,276,124,90.9027
8,4096,276,126,92.7603
8,4096,276,128,90.4493
8,4096,276,130,91.3603
8,4096,276,132,91.1883
8,4096,276,134,89.3331
8,4096,276,136,88.3087
8,4096,276,138,89.2019
8,4096,276,140,90.7816
8,4096,276,142,90.8749
8,4096,276,144,90.4564
8,4096,276,146,92.5024
8,4096,276,148,93.05
8,4096,276,150,86.6815
8,4096,276,152,92.2394
8,4096,276,154,92.1519
8,4096,276,156,80.89
8,4096,276,158,86.8495
8,4096,276,160,88.5054
8,4096,276,162,89.1686
8,4096,276,164,87.2787
8,4096,276,166,86.0368
8,4096,276,168,88.8061
8,4096,276,170,90.8126
8,4096,276,172,86.9197
8,4096,276,174,89.7371
8,4096,276,176,87.4313
8,4096,276,178,91.4987
8,4096,276,180,90.4675
8,4096,276,182,84.2227
8,4096,276,184,87.065
8,4096,276,186,89.5313
8,4096,276,188,89.1756
8,4096,276,190,88.9815
8,4096,276,192,77.912
8,4096,276,194,78.9378
8,4096,276,196,76.7927
8,4096,276,198,75.571
8,4096,276,200,76.3912
8,4096,276,202,78.09
8,4096,276,204,75.2415
8,4096,276,206,75.2324
8,4096,276,208,76.6507
8,4096,276,210,76.2785
8,4096,276,212,73.6562
8,4096,276,214,74.4761
8,4096,276,216,73.7599
8,4096,276,218,70.7378
8,4096,276,220,73.926
8,4096,276,222,74.9561
8,4096,276,224,72.0607
8,4096,276,226,73.5241
8,4096,276,228,70.5363
8,4096,276,230,71.0414
8,4096,276,232,73.0649
8,4096,276,234,71.0059
8,4096,276,236,70.8636
8,4096,276,238,72.7296
8,4096,276,240,67.8358
8,4096,276,242,68.6026
8,4096,276,244,69.3159
8,4096,276,246,69.8137
8,4096,276,248,67.9921
8,4096,276,250,69.3312
8,4096,276,252,69.707
8,4096,276,254,68.5691
8,4096,276,256,69.0594
8,4096,276,258,70.4047
8,4096,276,260,71.228
8,4096,276,262,61.1103
8,4096,276,264,67.9654
8,4096,276,266,63.7574
8,4096,276,268,63.3132
8,4096,276,270,61.0848
8,4096,276,272,62.625
8,4096,276,274,64.2855
8,4096,278,2,54.0201
8,4096,278,4,76.8348
8,4096,278,6,93.8528
8,4096,278,8,118.8554
8,4096,278,10,110.5564
8,4096,278,12,105.1949
8,4096,278,14,122.9311
8,4096,278,16,132.4217
8,4096,278,18,126.2029
8,4096,278,20,127.415
8,4096,278,22,136.0691
8,4096,278,24,139.3748
8,4096,278,26,130.1354
8,4096,278,28,128.1298
8,4096,278,30,137.9235
8,4096,278,32,132.5495
8,4096,278,34,128.7218
8,4096,278,36,128.1416
8,4096,278,38,130.5965
8,4096,278,40,131.9157
8,4096,278,42,131.4112
8,4096,278,44,126.625
8,4096,278,46,127.9827
8,4096,278,48,116.0087
8,4096,278,50,117.1396
8,4096,278,52,114.8416
8,4096,278,54,107.5614
8,4096,278,56,111.9038
8,4096,278,58,112.5241
8,4096,278,60,110.5681
8,4096,278,62,104.5356
8,4096,278,64,106.2439
8,4096,278,66,102.841
8,4096,278,68,100.6972
8,4096,278,70,102.4468
8,4096,278,72,99.0584
8,4096,278,74,96.6223
8,4096,278,76,100.1564
8,4096,278,78,101.8762
8,4096,278,80,100.5494
8,4096,278,82,97.4823
8,4096,278,84,93.23
8,4096,278,86,93.6859
8,4096,278,88,91.3119
8,4096,278,90,92.2942
8,4096,278,92,92.74
8,4096,278,94,94.7577
8,4096,278,96,96.2269
8,4096,278,98,92.2248
8,4096,278,100,94.6233
8,4096,278,102,93.3377
8,4096,278,104,93.4061
8,4096,278,106,91.7286
8,4096,278,108,92.6013
8,4096,278,110,93.0556
8,4096,278,112,92.6301
8,4096,278,114,94.3974
8,4096,278,116,91.185
8,4096,278,118,90.7906
8,4096,278,120,89.6009
8,4096,278,122,90.7589
8,4096,278,124,88.8262
8,4096,278,126,89.8593
8,4096,278,128,85.5367
8,4096,278,130,84.3467
8,4096,278,132,87.0323
8,4096,278,134,85.4334
8,4096,278,136,84.5463
8,4096,278,138,84.3643
8,4096,278,140,87.8481
8,4096,278,142,88.5677
8,4096,278,144,87.5486
8,4096,278,146,89.0908
8,4096,278,148,87.847
8,4096,278,150,87.8078
8,4096,278,152,88.2623
8,4096,278,154,85.9225
8,4096,278,156,84.4764
8,4096,278,158,87.6276
8,4096,278,160,85.884
8,4096,278,162,87.1873
8,4096,278,164,86.5296
8,4096,278,166,86.3898
8,4096,278,168,87.0583
8,4096,278,170,89.0509
8,4096,278,172,85.7076
8,4096,278,174,84.7694
8,4096,278,176,85.1629
8,4096,278,178,87.728
8,4096,278,180,87.9703
8,4096,278,182,82.8229
8,4096,278,184,83.0398
8,4096,278,186,87.0007
8,4096,278,188,86.8084
8,4096,278,190,85.7297
8,4096,278,192,76.7825
8,4096,278,194,76.6407
8,4096,278,196,72.0385
8,4096,278,198,75.6436
8,4096,278,200,76.4889
8,4096,278,202,74.0107
8,4096,278,204,73.1767
8,4096,278,206,73.1196
8,4096,278,208,76.3952
8,4096,278,210,72.7305
8,4096,278,212,73.4852
8,4096,278,214,73.7388
8,4096,278,216,73.6034
8,4096,278,218,71.9194
8,4096,278,220,73.0032
8,4096,278,222,72.4814
8,4096,278,224,72.5081
8,4096,278,226,72.2729
8,4096,278,228,70.3679
8,4096,278,230,69.9651
8,4096,278,232,73.2211
8,4096,278,234,72.5991
8,4096,278,236,71.9114
8,4096,278,238,71.3863
8,4096,278,240,68.5132
8,4096,278,242,68.3971
8,4096,278,244,68.5032
8,4096,278,246,68.0265
8,4096,278,248,67.4704
8,4096,278,250,67.3354
8,4096,278,252,68.889
8,4096,278,254,67.859
8,4096,278,256,69.2117
8,4096,278,258,62.353
8,4096,278,260,67.428
8,4096,278,262,67.4356
8,4096,278,264,67.1737
8,4096,278,266,62.2827
8,4096,278,268,63.2519
8,4096,278,270,61.5274
8,4096,278,272,62.4034
8,4096,278,274,65.1163
8,4096,278,276,63.7252
8,4096,280,2,53.0857
8,4096,280,4,79.9009
8,4096,280,6,102.5294
8,4096,280,8,120.7007
8,4096,280,10,101.8782
8,4096,280,12,110.6134
8,4096,280,14,126.7976
8,4096,280,16,124.1034
8,4096,280,18,124.7567
8,4096,280,20,129.1862
8,4096,280,22,136.802
8,4096,280,24,141.77
8,4096,280,26,131.1905
8,4096,280,28,135.4078
8,4096,280,30,138.2549
8,4096,280,32,142.6286
8,4096,280,34,134.3454
8,4096,280,36,133.1554
8,4096,280,38,138.3056
8,4096,280,40,125.3604
8,4096,280,42,131.9866
8,4096,280,44,129.5713
8,4096,280,46,131.1905
8,4096,280,48,113.6659
8,4096,280,50,114.2404
8,4096,280,52,114.3944
8,4096,280,54,109.879
8,4096,280,56,117.3815
8,4096,280,58,111.1159
8,4096,280,60,105.4523
8,4096,280,62,109.2855
8,4096,280,64,109.0405
8,4096,280,66,108.3629
8,4096,280,68,93.343
8,4096,280,70,101.7228
8,4096,280,72,104.8483
8,4096,280,74,102.3605
8,4096,280,76,102.6221
8,4096,280,78,98.9188
8,4096,280,80,94.9442
8,4096,280,82,99.2686
8,4096,280,84,100.0681
8,4096,280,86,95.5373
8,4096,280,88,98.9281
8,4096,280,90,96.4509
8,4096,280,92,92.3822
8,4096,280,94,93.9949
8,4096,280,96,93.7758
8,4096,280,98,96.3283
8,4096,280,100,96.0571
8,4096,280,102,94.2373
8,4096,280,104,94.5799
8,4096,280,106,95.4684
8,4096,280,108,93.6497
8,4096,280,110,94.819
8,4096,280,112,94.0314
8,4096,280,114,88.5049
8,4096,280,116,90.6734
8,4096,280,118,91.8693
8,4096,280,120,90.0948
8,4096,280,122,90.6443
8,4096,280,124,90.5039
8,4096,280,126,92.0086
8,4096,280,128,91.0902
8,4096,280,130,91.2974
8,4096,280,132,87.424
8,4096,280,134,87.787
8,4096,280,136,89.0283
8,4096,280,138,87.8853
8,4096,280,140,90.2895
8,4096,280,142,90.5427
8,4096,280,144,89.6886
8,4096,280,146,93.3849
8,4096,280,148,92.7569
8,4096,280,150,90.4341
8,4096,280,152,92.1806
8,4096,280,154,89.0351
8,4096,280,156,89.455
8,4096,280,158,91.7219
8,4096,280,160,90.3435
8,4096,280,162,89.1267
8,4096,280,164,89.6039
8,4096,280,166,89.8689
8,4096,280,168,89.2857
8,4096,280,170,92.3259
8,4096,280,172,86.9942
8,4096,280,174,89.1264
8,4096,280,176,88.5303
8,4096,280,178,90.1524
8,4096,280,180,89.3037
8,4096,280,182,86.5277
8,4096,280,184,85.6629
8,4096,280,186,90.0494
8,4096,280,188,88.482
8,4096,280,190,88.8255
8,4096,280,192,77.4179
8,4096,280,194,77.8964
8,4096,280,196,75.9765
8,4096,280,198,76.4459
8,4096,280,200,77.0118
8,4096,280,202,77.9653
8,4096,280,204,75.2089
8,4096,280,206,75.2504
8,4096,280,208,77.8223
8,4096,280,210,76.2774
8,4096,280,212,74.1344
8,4096,280,214,75.6631
8,4096,280,216,76.1398
8,4096,280,218,73.2332
8,4096,280,220,72.821
8,4096,280,222,74.9587
8,4096,280,224,72.1506
8,4096,280,226,71.453
8,4096,280,228,72.0783
8,4096,280,230,73.3211
8,4096,280,232,70.68
8,4096,280,234,74.4888
8,4096,280,236,72.0718
8,4096,280,238,71.2633
8,4096,280,240,72.3931
8,4096,280,242,68.7257
8,4096,280,244,69.7419
8,4096,280,246,71.0345
8,4096,280,248,69.7389
8,4096,280,250,69.4932
8,4096,280,252,68.3939
8,4096,280,254,68.8686
8,4096,280,256,66.8984
8,4096,280,258,68.0518
8,4096,280,260,69.3353
8,4096,280,262,68.1741
8,4096,280,264,68.9849
8,4096,280,266,63.8002
8,4096,280,268,63.084
8,4096,280,270,64.0314
8,4096,280,272,62.6175
8,4096,280,274,64.584
8,4096,280,276,62.7531
8,4096,280,278,64.2286
8,4096,282,2,54.0962
8,4096,282,4,81.0218
8,4096,282,6,103.1138
8,4096,282,8,124.96
8,4096,282,10,98.9444
8,4096,282,12,109.6916
8,4096,282,14,124.8473
8,4096,282,16,138.9349
8,4096,282,18,108.2783
8,4096,282,20,126.51
8,4096,282,22,133.4441
8,4096,282,24,139.0542
8,4096,282,26,132.421
8,4096,282,28,132.2515
8,4096,282,30,134.6805
8,4096,282,32,137.5119
8,4096,282,34,128.083
8,4096,282,36,128.2238
8,4096,282,38,133.2371
8,4096,282,40,127.4207
8,4096,282,42,130.697
8,4096,282,44,122.9061
8,4096,282,46,129.5992
8,4096,282,48,113.7564
8,4096,282,50,113.1157
8,4096,282,52,108.1335
8,4096,282,54,110.9191
8,4096,282,56,106.3544
8,4096,282,58,106.9633
8,4096,282,60,106.6287
8,4096,282,62,102.6485
8,4096,282,64,102.6862
8,4096,282,66,99.8866
8,4096,282,68,99.957
8,4096,282,70,97.2831
8,4096,282,72,100.9316
8,4096,282,74,100.2563
8,4096,282,76,98.3981
8,4096,282,78,96.0979
8,4096,282,80,95.287
8,4096,282,82,94.5131
8,4096,282,84,97.4791
8,4096,282,86,94.4114
8,4096,282,88,96.1405
8,4096,282,90,93.3235
8,4096,282,92,92.6784
8,4096,282,94,95.2859
8,4096,282,96,94.1629
8,4096,282,98,86.9829
8,4096,282,100,87.8365
8,4096,282,102,91.2664
8,4096,282,104,91.071
8,4096,282,106,92.2997
8,4096,282,108,91.2642
8,4096,282,110,93.6482
8,4096,282,112,90.6762
8,4096,282,114,89.5953
8,4096,282,116,90.2831
8,4096,282,118,92.5661
8,4096,282,120,90.6261
8,4096,282,122,91.0991
8,4096,282,124,91.3338
8,4096,282,126,87.6296
8,4096,282,128,89.0326
8,4096,282,130,88.9973
8,4096,282,132,87.6746
8,4096,282,134,86.5272
8,4096,282,136,86.3567
8,4096,282,138,87.5066
8,4096,282,140,74.6688
8,4096,282,142,79.7678
8,4096,282,144,83.9113
8,4096,282,146,85.2424
8,4096,282,148,87.2311
8,4096,282,150,83.8745
8,4096,282,152,83.8345
8,4096,282,154,88.9091
8,4096,282,156,83.8248
8,4096,282,158,84.2941
8,4096,282,160,83.083
8,4096,282,162,82.9081
8,4096,282,164,81.5526
8,4096,282,166,85.7403
8,4096,282,168,82.9256
8,4096,282,170,87.2037
8,4096,282,172,85.0799
8,4096,282,174,84.407
8,4096,282,176,84.0435
8,4096,282,178,85.9242
8,4096,282,180,84.1234
8,4096,282,182,80.7088
8,4096,282,184,80.2322
8,4096,282,186,85.4389
8,4096,282,188,85.2925
8,4096,282,190,84.952
8,4096,282,192,74.4491
8,4096,282,194,73.2052
8,4096,282,196,75.1872
8,4096,282,198,75.4205
8,4096,282,200,73.3406
8,4096,282,202,73.6441
8,4096,282,204,70.8363
8,4096,282,206,72.044
8,4096,282,208,72.2471
8,4096,282,210,67.8301
8,4096,282,212,72.4228
8,4096,282,214,73.5404
8,4096,282,216,71.1752
8,4096,282,218,72.1664
8,4096,282,220,71.3293
8,4096,282,222,69.8566
8,4096,282,224,70.9301
8,4096,282,226,69.3295
8,4096,282,228,70.9653
8,4096,282,230,67.0286
8,4096,282,232,69.5719
8,4096,282,234,69.1576
8,4096,282,236,68.6383
8,4096,282,238,68.1878
8,4096,282,240,68.5385
8,4096,282,242,67.0087
8,4096,282,244,66.8738
8,4096,282,246,66.3956
8,4096,282,248,67.2017
8,4096,282,250,66.6353
8,4096,282,252,67.6683
8,4096,282,254,65.8186
8,4096,282,256,65.1263
8,4096,282,258,65.6038
8,4096,282,260,67.2567
8,4096,282,262,65.3093
8,4096,282,264,63.6592
8,4096,282,266,63.2554
8,4096,282,268,61.5777
8,4096,282,270,60.7802
8,4096,282,272,61.8561
8,4096,282,274,59.4558
8,4096,282,276,59.9019
8,4096,282,278,60.9779
8,4096,282,280,59.2195
8,4096,284,2,52.8354
8,4096,284,4,75.2913
8,4096,284,6,103.6381
8,4096,284,8,122.9348
8,4096,284,10,111.1601
8,4096,284,12,114.5879
8,4096,284,14,127.1954
8,4096,284,16,139.1735
8,4096,284,18,114.842
8,4096,284,20,131.597
8,4096,284,22,131.6282
8,4096,284,24,140.1953
8,4096,284,26,130.7644
8,4096,284,28,132.7141
8,4096,284,30,132.5853
8,4096,284,32,131.5152
8,4096,284,34,129.2511
8,4096,284,36,124.874
8,4096,284,38,131.5862
8,4096,284,40,127.8445
8,4096,284,42,128.8573
8,4096,284,44,122.8514
8,4096,284,46,128.9079
8,4096,284,48,111.2993
8,4096,284,50,107.5227
8,4096,284,52,107.4416
8,4096,284,54,109.303
8,4096,284,56,102.7146
8,4096,284,58,99.2372
8,4096,284,60,104.2498
8,4096,284,62,101.5999
8,4096,284,64,104.4158
8,4096,284,66,99.6894
8,4096,284,68,94.3841
8,4096,284,70,96.6997
8,4096,284,72,96.9318
8,4096,284,74,99.4413
8,4096,284,76,99.068
8,4096,284,78,96.0659
8,4096,284,80,98.657
8,4096,284,82,93.7555
8,4096,284,84,91.8434
8,4096,284,86,90.1932
8,4096,284,88,88.1527
8,4096,284,90,90.4642
8,4096,284,92,86.9119
8,4096,284,94,92.454
8,4096,284,96,92.1739
8,4096,284,98,90.5651
8,4096,284,100,91.6275
8,4096,284,102,92.2397
8,4096,284,104,90.3533
8,4096,284,106,92.1644
8,4096,284,108,90.2698
8,4096,284,110,91.5249
8,4096,284,112,90.7319
8,4096,284,114,90.7811
8,4096,284,116,91.099
8,4096,284,118,90.8333
8,4096,284,120,91.6767
8,4096,284,122,88.3953
8,4096,284,124,90.352
8,4096,284,126,88.4125
8,4096,284,128,88.0186
8,4096,284,130,89.4252
8,4096,284,132,88.7506
8,4096,284,134,86.6848
8,4096,284,136,82.9582
8,4096,284,138,82.7736
8,4096,284,140,85.1324
8,4096,284,142,89.0413
8,4096,284,144,88.3106
8,4096,284,146,89.9287
8,4096,284,148,89.1619
8,4096,284,150,90.1847
8,4096,284,152,86.1724
8,4096,284,154,88.9785
8,4096,284,156,88.273
8,4096,284,158,88.3886
8,4096,284,160,85.6262
8,4096,284,162,87.1819
8,4096,284,164,86.9105
8,4096,284,166,86.2591
8,4096,284,168,85.0092
8,4096,284,170,86.529
8,4096,284,172,80.736
8,4096,284,174,82.5831
8,4096,284,176,81.8262
8,4096,284,178,84.2538
8,4096,284,180,84.8399
8,4096,284,182,76.5511
8,4096,284,184,81.5101
8,4096,284,186,84.74
8,4096,284,188,84.6456
8,4096,284,190,85.8834
8,4096,284,192,71.3689
8,4096,284,194,74.2426
8,4096,284,196,69.7752
8,4096,284,198,72.0138
8,4096,284,200,71.462
8,4096,284,202,74.7922
8,4096,284,204,73.4996
8,4096,284,206,73.4981
8,4096,284,208,73.5849
8,4096,284,210,72.2126
8,4096,284,212,71.5263
8,4096,284,214,73.0461
8,4096,284,216,70.1195
8,4096,284,218,70.5898
8,4096,284,220,71.6209
8,4096,284,222,69.8094
8,4096,284,224,68.8699
8,4096,284,226,69.6556
8,4096,284,228,71.1588
8,4096,284,230,69.2297
8,4096,284,232,68.3839
8,4096,284,234,70.2329
8,4096,284,236,66.7034
8,4096,284,238,70.0611
8,4096,284,240,67.9584
8,4096,284,242,67.7365
8,4096,284,244,65.7633
8,4096,284,246,67.5505
8,4096,284,248,66.661
8,4096,284,250,69.3927
8,4096,284,252,67.4163
8,4096,284,254,67.1029
8,4096,284,256,64.9541
8,4096,284,258,66.2975
8,4096,284,260,59.8478
8,4096,284,262,60.3282
8,4096,284,264,61.5524
8,4096,284,266,55.2789
8,4096,284,268,61.8732
8,4096,284,270,61.9024
8,4096,284,272,61.6459
8,4096,284,274,61.5991
8,4096,284,276,62.7561
8,4096,284,278,55.8589
8,4096,284,280,56.574
8,4096,284,282,62.7254
8,4096,286,2,46.3755
8,4096,286,4,76.607
8,4096,286,6,102.4187
8,4096,286,8,121.9576
8,4096,286,10,105.8247
8,4096,286,12,119.6469
8,4096,286,14,126.8532
8,4096,286,16,136.4477
8,4096,286,18,126.1953
8,4096,286,20,127.958
8,4096,286,22,128.647
8,4096,286,24,140.337
8,4096,286,26,124.0797
8,4096,286,28,125.4705
8,4096,286,30,135.7601
8,4096,286,32,136.0132
8,4096,286,34,123.7616
8,4096,286,36,129.034
8,4096,286,38,130.5154
8,4096,286,40,128.2915
8,4096,286,42,125.9783
8,4096,286,44,121.9412
8,4096,286,46,126.3501
8,4096,286,48,112.5965
8,4096,286,50,107.3795
8,4096,286,52,107.9396
8,4096,286,54,103.1202
8,4096,286,56,100.5932
8,4096,286,58,102.6097
8,4096,286,60,101.3693
8,4096,286,62,103.6223
8,4096,286,64,103.3475
8,4096,286,66,95.2136
8,4096,286,68,93.6451
8,4096,286,70,94.7038
8,4096,286,72,99.0093
8,4096,286,74,99.5274
8,4096,286,76,97.4397
8,4096,286,78,99.215
8,4096,286,80,88.6416
8,4096,286,82,92.9257
8,4096,286,84,91.477
8,4096,286,86,91.4803
8,4096,286,88,86.2346
8,4096,286,90,91.4607
8,4096,286,92,88.7738
8,4096,286,94,86.8911
8,4096,286,96,91.6332
8,4096,286,98,90.8536
8,4096,286,100,92.7108
8,4096,286,102,91.5867
8,4096,286,104,90.3695
8,4096,286,106,91.6847
8,4096,286,108,90.3134
8,4096,286,110,89.4523
8,4096,286,112,87.7231
8,4096,286,114,89.9072
8,4096,286,116,87.5298
8,4096,286,118,89.3341
8,4096,286,120,90.3461
8,4096,286,122,90.0972
8,4096,286,124,86.3363
8,4096,286,126,90.2954
8,4096,286,128,88.9588
8,4096,286,130,88.3409
8,4096,286,132,87.3748
8,4096,286,134,85.268
8,4096,286,136,85.6174
8,4096,286,138,83.6608
8,4096,286,140,85.0821
8,4096,286,142,84.4231
8,4096,286,144,86.8623
8,4096,286,146,87.8647
8,4096,286,148,87.9227
8,4096,286,150,87.7874
8,4096,286,152,86.6158
8,4096,286,154,89.0848
8,4096,286,156,85.7934
8,4096,286,158,85.3387
8,4096,286,160,85.1437
8,4096,286,162,87.5629
8,4096,286,164,83.8899
8,4096,286,166,84.9628
8,4096,286,168,83.7399
8,4096,286,170,86.4125
8,4096,286,172,82.8088
8,4096,286,174,82.3937
8,4096,286,176,81.8138
8,4096,286,178,83.514
8,4096,286,180,84.4377
8,4096,286,182,82.0071
8,4096,286,184,80.7305
8,4096,286,186,84.9458
8,4096,286,188,82.6359
8,4096,286,190,86.6227
8,4096,286,192,76.892
8,4096,286,194,74.1514
8,4096,286,196,74.2549
8,4096,286,198,72.353
8,4096,286,200,73.9784
8,4096,286,202,72.8541
8,4096,286,204,71.871
8,4096,286,206,74.0017
8,4096,286,208,73.7917
8,4096,286,210,72.7599
8,4096,286,212,73.0723
8,4096,286,214,73.4781
8,4096,286,216,71.5086
8,4096,286,218,69.352
8,4096,286,220,69.6638
8,4096,286,222,70.4153
8,4096,286,224,70.1539
8,4096,286,226,70.5304
8,4096,286,228,69.4573
8,4096,286,230,70.7691
8,4096,286,232,68.5039
8,4096,286,234,70.4274
8,4096,286,236,69.0499
8,4096,286,238,69.3914
8,4096,286,240,69.0
8,4096,286,242,67.613
8,4096,286,244,67.8324
8,4096,286,246,67.4074
8,4096,286,248,69.7323
8,4096,286,250,67.733
8,4096,286,252,67.3852
8,4096,286,254,65.8551
8,4096,286,256,68.5342
8,4096,286,258,68.9029
8,4096,286,260,65.8912
8,4096,286,262,66.4787
8,4096,286,264,65.4352
8,4096,286,266,64.2848
8,4096,286,268,62.4576
8,4096,286,270,61.4788
8,4096,286,272,62.6349
8,4096,286,274,62.2241
8,4096,286,276,59.0361
8,4096,286,278,62.4268
8,4096,286,280,61.2784
8,4096,286,282,67.536
8,4096,286,284,67.1246
8,4096,288,2,53.2106
8,4096,288,4,77.5653
8,4096,288,6,92.8937
8,4096,288,8,122.503
8,4096,288,10,99.9061
8,4096,288,12,120.1267
8,4096,288,14,131.0229
8,4096,288,16,132.2855
8,4096,288,18,121.8464
8,4096,288,20,129.4327
8,4096,288,22,127.8533
8,4096,288,24,141.0694
8,4096,288,26,123.3432
8,4096,288,28,125.7203
8,4096,288,30,128.8835
8,4096,288,32,138.9579
8,4096,288,34,121.2277
8,4096,288,36,135.767
8,4096,288,38,125.9106
8,4096,288,40,128.6017
8,4096,288,42,129.2071
8,4096,288,44,127.3109
8,4096,288,46,127.2252
8,4096,288,48,109.5515
8,4096,288,50,110.2598
8,4096,288,52,108.5219
8,4096,288,54,103.1773
8,4096,288,56,96.5677
8,4096,288,58,104.2582
8,4096,288,60,103.8385
8,4096,288,62,98.5298
8,4096,288,64,98.9565
8,4096,288,66,96.7617
8,4096,288,68,100.6608
8,4096,288,70,98.8143
8,4096,288,72,97.1473
8,4096,288,74,94.7686
8,4096,288,76,94.3702
8,4096,288,78,94.8484
8,4096,288,80,93.8927
8,4096,288,82,97.7501
8,4096,288,84,95.4801
8,4096,288,86,92.3636
8,4096,288,88,94.4852
8,4096,288,90,93.03
8,4096,288,92,91.4318
8,4096,288,94,87.7082
8,4096,288,96,91.5726
8,4096,288,98,91.4912
8,4096,288,100,92.1941
8,4096,288,102,90.3955
8,4096,288,104,90.4641
8,4096,288,106,88.3295
8,4096,288,108,90.6166
8,4096,288,110,80.8683
8,4096,288,112,81.6282
8,4096,288,114,89.3015
8,4096,288,116,85.9991
8,4096,288,118,89.0858
8,4096,288,120,87.4752
8,4096,288,122,87.573
8,4096,288,124,89.5135
8,4096,288,126,90.7077
8,4096,288,128,88.5694
8,4096,288,130,87.7919
8,4096,288,132,85.5803
8,4096,288,134,86.0975
8,4096,288,136,86.0571
8,4096,288,138,82.1769
8,4096,288,140,84.1804
8,4096,288,142,82.126
8,4096,288,144,83.5071
8,4096,288,146,81.886
8,4096,288,148,83.9825
8,4096,288,150,85.9193
8,4096,288,152,84.8647
8,4096,288,154,85.0966
8,4096,288,156,84.5292
8,4096,288,158,85.8827
8,4096,288,160,83.8014
8,4096,288,162,83.3407
8,4096,288,164,84.2019
8,4096,288,166,83.1383
8,4096,288,168,78.7785
8,4096,288,170,88.1183
8,4096,288,172,83.9955
8,4096,288,174,86.0106
8,4096,288,176,84.0316
8,4096,288,178,85.7994
8,4096,288,180,86.2616
8,4096,288,182,82.7107
8,4096,288,184,83.3814
8,4096,288,186,84.9634
8,4096,288,188,84.707
8,4096,288,190,84.1007
8,4096,288,192,73.1293
8,4096,288,194,73.5291
8,4096,288,196,74.688
8,4096,288,198,75.5334
8,4096,288,200,73.2697
8,4096,288,202,75.3858
8,4096,288,204,74.3691
8,4096,288,206,70.8655
8,4096,288,208,72.795
8,4096,288,210,73.0037
8,4096,288,212,71.4027
8,4096,288,214,72.0859
8,4096,288,216,71.0803
8,4096,288,218,71.1622
8,4096,288,220,71.5718
8,4096,288,222,70.6893
8,4096,288,224,70.4301
8,4096,288,226,70.5716
8,4096,288,228,68.4199
8,4096,288,230,70.4462
8,4096,288,232,69.0487
8,4096,288,234,66.9367
8,4096,288,236,69.9227
8,4096,288,238,68.1514
8,4096,288,240,68.2643
8,4096,288,242,65.4293
8,4096,288,244,68.3489
8,4096,288,246,67.3585
8,4096,288,248,67.6648
8,4096,288,250,67.0444
8,4096,288,252,67.1172
8,4096,288,254,66.0097
8,4096,288,256,67.616
8,4096,288,258,65.2844
8,4096,288,260,67.0763
8,4096,288,262,66.308
8,4096,288,264,65.8757
8,4096,288,266,62.9286
8,4096,288,268,65.6491
8,4096,288,270,64.3704
8,4096,288,272,65.2485
8,4096,288,274,62.9786
8,4096,288,276,59.657
8,4096,288,278,63.7946
8,4096,288,280,64.1413
8,4096,288,282,67.5348
8,4096,288,284,65.3388
8,4096,288,286,65.5007
8,4096,290,2,53.5621
8,4096,290,4,78.7876
8,4096,290,6,101.5933
8,4096,290,8,121.11
8,4096,290,10,108.8154
8,4096,290,12,113.1176
8,4096,290,14,124.5415
8,4096,290,16,134.2633
8,4096,290,18,117.5727
8,4096,290,20,128.0616
8,4096,290,22,119.2263
8,4096,290,24,134.4504
8,4096,290,26,128.8175
8,4096,290,28,121.4607
8,4096,290,30,132.8128
8,4096,290,32,132.6381
8,4096,290,34,121.9909
8,4096,290,36,126.1043
8,4096,290,38,131.4592
8,4096,290,40,121.9232
8,4096,290,42,121.815
8,4096,290,44,126.119
8,4096,290,46,115.7649
8,4096,290,48,108.2942
8,4096,290,50,110.0751
8,4096,290,52,104.5314
8,4096,290,54,101.6492
8,4096,290,56,105.7442
8,4096,290,58,103.0451
8,4096,290,60,103.1249
8,4096,290,62,99.9627
8,4096,290,64,96.9731
8,4096,290,66,99.5401
8,4096,290,68,95.8072
8,4096,290,70,95.5456
8,4096,290,72,91.9155
8,4096,290,74,94.6797
8,4096,290,76,94.3592
8,4096,290,78,94.0618
8,4096,290,80,90.5536
8,4096,290,82,91.3628
8,4096,290,84,85.5899
8,4096,290,86,93.1932
8,4096,290,88,91.3328
8,4096,290,90,90.5195
8,4096,290,92,82.0187
8,4096,290,94,83.3614
8,4096,290,96,85.9849
8,4096,290,98,87.954
8,4096,290,100,88.7636
8,4096,290,102,90.3575
8,4096,290,104,86.8661
8,4096,290,106,88.0992
8,4096,290,108,89.7856
8,4096,290,110,89.7572
8,4096,290,112,90.8362
8,4096,290,114,91.0208
8,4096,290,116,87.9951
8,4096,290,118,86.9388
8,4096,290,120,87.9909
8,4096,290,122,87.4595
8,4096,290,124,80.5073
8,4096,290,126,88.6078
8,4096,290,128,85.4305
8,4096,290,130,87.9238
8,4096,290,132,86.3486
8,4096,290,134,84.4921
8,4096,290,136,80.4569
8,4096,290,138,84.3878
8,4096,290,140,79.4638
8,4096,290,142,81.5277
8,4096,290,144,79.5318
8,4096,290,146,86.1148
8,4096,290,148,78.0867
8,4096,290,150,81.5624
8,4096,290,152,85.0892
8,4096,290,154,86.5278
8,4096,290,156,82.9091
8,4096,290,158,83.4931
8,4096,290,160,85.2234
8,4096,290,162,79.4592
8,4096,290,164,82.3558
8,4096,290,166,83.1758
8,4096,290,168,81.1559
8,4096,290,170,83.6702
8,4096,290,172,83.1892
8,4096,290,174,83.5312
8,4096,290,176,82.5373
8,4096,290,178,85.0276
8,4096,290,180,84.7278
8,4096,290,182,82.1597
8,4096,290,184,80.5264
8,4096,290,186,82.6693
8,4096,290,188,79.0491
8,4096,290,190,80.8327
8,4096,290,192,74.0183
8,4096,290,194,73.1369
8,4096,290,196,72.477
8,4096,290,198,72.3849
8,4096,290,200,74.6387
8,4096,290,202,71.9664
8,4096,290,204,71.5445
8,4096,290,206,73.7801
8,4096,290,208,71.3913
8,4096,290,210,71.0529
8,4096,290,212,72.3099
8,4096,290,214,69.202
8,4096,290,216,68.56
8,4096,290,218,70.7156
8,4096,290,220,69.2876
8,4096,290,222,70.039
8,4096,290,224,71.0295
8,4096,290,226,68.8002
8,4096,290,228,70.3923
8,4096,290,230,69.2325
8,4096,290,232,70.5962
8,4096,290,234,66.1747
8,4096,290,236,66.1662
8,4096,290,238,69.1202
8,4096,290,240,67.8146
8,4096,290,242,67.4976
8,4096,290,244,67.1902
8,4096,290,246,68.1185
8,4096,290,248,66.6842
8,4096,290,250,67.1172
8,4096,290,252,66.726
8,4096,290,254,67.2348
8,4096,290,256,66.4099
8,4096,290,258,69.8742
8,4096,290,260,67.4495
8,4096,290,262,69.8729
8,4096,290,264,66.8854
8,4096,290,266,65.1986
8,4096,290,268,64.3755
8,4096,290,270,64.9827
8,4096,290,272,64.6173
8,4096,290,274,67.4892
8,4096,290,276,64.7648
8,4096,290,278,66.507
8,4096,290,280,66.7076
8,4096,290,282,67.3959
8,4096,290,284,65.6526
8,4096,290,286,66.2607
8,4096,290,288,63.8097
8,4096,292,2,52.0746
8,4096,292,4,72.3064
8,4096,292,6,105.3028
8,4096,292,8,119.433
8,4096,292,10,107.1457
8,4096,292,12,109.5963
8,4096,292,14,124.8606
8,4096,292,16,132.7153
8,4096,292,18,118.5776
8,4096,292,20,129.8242
8,4096,292,22,131.596
8,4096,292,24,136.3393
8,4096,292,26,127.0096
8,4096,292,28,122.0594
8,4096,292,30,130.295
8,4096,292,32,130.2887
8,4096,292,34,124.6668
8,4096,292,36,122.2877
8,4096,292,38,129.3533
8,4096,292,40,126.6437
8,4096,292,42,129.0439
8,4096,292,44,126.0674
8,4096,292,46,125.1576
8,4096,292,48,109.308
8,4096,292,50,104.7794
8,4096,292,52,104.6902
8,4096,292,54,106.8613
8,4096,292,56,107.2976
8,4096,292,58,98.493
8,4096,292,60,100.3616
8,4096,292,62,102.3116
8,4096,292,64,104.3617
8,4096,292,66,101.0589
8,4096,292,68,95.3831
8,4096,292,70,96.6413
8,4096,292,72,95.5571
8,4096,292,74,97.4949
8,4096,292,76,96.1767
8,4096,292,78,86.1905
8,4096,292,80,95.1341
8,4096,292,82,96.7855
8,4096,292,84,94.9921
8,4096,292,86,93.371
8,4096,292,88,91.8764
8,4096,292,90,87.8366
8,4096,292,92,90.4022
8,4096,292,94,90.777
8,4096,292,96,88.7269
8,4096,292,98,95.0517
8,4096,292,100,93.2547
8,4096,292,102,95.2241
8,4096,292,104,93.1089
8,4096,292,106,95.3366
8,4096,292,108,89.9671
8,4096,292,110,92.2773
8,4096,292,112,92.1552
8,4096,292,114,92.6239
8,4096,292,116,91.7047
8,4096,292,118,91.7037
8,4096,292,120,90.4862
8,4096,292,122,89.6789
8,4096,292,124,90.7624
8,4096,292,126,88.5675
8,4096,292,128,87.4045
8,4096,292,130,90.4518
8,4096,292,132,88.5543
8,4096,292,134,89.182
8,4096,292,136,86.8407
8,4096,292,138,87.4673
8,4096,292,140,85.8943
8,4096,292,142,85.7645
8,4096,292,144,84.4947
8,4096,292,146,87.5739
8,4096,292,148,84.948
8,4096,292,150,86.5113
8,4096,292,152,82.7735
8,4096,292,154,88.7299
8,4096,292,156,87.3386
8,4096,292,158,88.9926
8,4096,292,160,84.8446
8,4096,292,162,87.5272
8,4096,292,164,87.553
8,4096,292,166,87.644
8,4096,292,168,85.5149
8,4096,292,170,89.1877
8,4096,292,172,84.9451
8,4096,292,174,85.0101
8,4096,292,176,82.5174
8,4096,292,178,84.1923
8,4096,292,180,84.1447
8,4096,292,182,77.4392
8,4096,292,184,78.8288
8,4096,292,186,85.8437
8,4096,292,188,85.8105
8,4096,292,190,86.1754
8,4096,292,192,77.0446
8,4096,292,194,75.2742
8,4096,292,196,76.4026
8,4096,292,198,76.4734
8,4096,292,200,76.9887
8,4096,292,202,74.3288
8,4096,292,204,74.4022
8,4096,292,206,75.3986
8,4096,292,208,75.0973
8,4096,292,210,72.1563
8,4096,292,212,73.2299
8,4096,292,214,74.2233
8,4096,292,216,72.5225
8,4096,292,218,71.3098
8,4096,292,220,72.368
8,4096,292,222,70.8656
8,4096,292,224,73.182
8,4096,292,226,71.1965
8,4096,292,228,69.6231
8,4096,292,230,67.9269
8,4096,292,232,69.5203
8,4096,292,234,69.9514
8,4096,292,236,68.4675
8,4096,292,238,68.253
8,4096,292,240,69.0107
8,4096,292,242,67.8717
8,4096,292,244,67.2468
8,4096,292,246,67.2859
8,4096,292,248,70.4427
8,4096,292,250,67.0019
8,4096,292,252,68.2919
8,4096,292,254,67.4088
8,4096,292,256,66.8452
8,4096,292,258,66.0366
8,4096,292,260,67.1475
8,4096,292,262,65.4293
8,4096,292,264,66.0447
8,4096,292,266,65.1627
8,4096,292,268,66.3351
8,4096,292,270,64.0611
8,4096,292,272,62.6534
8,4096,292,274,66.8392
8,4096,292,276,66.9492
8,4096,292,278,68.0903
8,4096,292,280,66.3244
8,4096,292,282,65.0887
8,4096,292,284,66.0672
8,4096,292,286,67.1301
8,4096,292,288,64.1117
8,4096,292,290,61.7527
8,4096,294,2,54.4095
8,4096,294,4,76.6562
8,4096,294,6,101.25
8,4096,294,8,110.2051
8,4096,294,10,110.0127
8,4096,294,12,118.4141
8,4096,294,14,118.5074
8,4096,294,16,132.1737
8,4096,294,18,122.9072
8,4096,294,20,120.1957
8,4096,294,22,127.2293
8,4096,294,24,133.6683
8,4096,294,26,128.3334
8,4096,294,28,128.661
8,4096,294,30,121.3269
8,4096,294,32,130.6639
8,4096,294,34,112.8048
8,4096,294,36,122.1689
8,4096,294,38,128.8651
8,4096,294,40,126.7143
8,4096,294,42,120.3921
8,4096,294,44,119.0739
8,4096,294,46,121.3339
8,4096,294,48,104.714
8,4096,294,50,103.4947
8,4096,294,52,102.1826
8,4096,294,54,105.2831
8,4096,294,56,104.3419
8,4096,294,58,98.5773
8,4096,294,60,96.8292
8,4096,294,62,97.6251
8,4096,294,64,95.4829
8,4096,294,66,95.2466
8,4096,294,68,93.9888
8,4096,294,70,92.6253
8,4096,294,72,93.4984
8,4096,294,74,96.2562
8,4096,294,76,92.8269
8,4096,294,78,94.3884
8,4096,294,80,93.9775
8,4096,294,82,90.6844
8,4096,294,84,92.0811
8,4096,294,86,93.9049
8,4096,294,88,92.5964
8,4096,294,90,84.4486
8,4096,294,92,91.477
8,4096,294,94,87.4905
8,4096,294,96,89.13
8,4096,294,98,89.1475
8,4096,294,100,91.3656
8,4096,294,102,90.1239
8,4096,294,104,90.9921
8,4096,294,106,89.102
8,4096,294,108,90.3217
8,4096,294,110,90.1744
8,4096,294,112,90.5508
8,4096,294,114,90.4473
8,4096,294,116,89.4263
8,4096,294,118,90.2267
8,4096,294,120,86.4102
8,4096,294,122,87.5388
8,4096,294,124,87.0557
8,4096,294,126,88.6658
8,4096,294,128,88.9099
8,4096,294,130,89.6924
8,4096,294,132,87.8753
8,4096,294,134,87.6888
8,4096,294,136,83.4697
8,4096,294,138,83.5113
8,4096,294,140,82.7152
8,4096,294,142,81.4793
8,4096,294,144,80.1567
8,4096,294,146,83.194
8,4096,294,148,83.9146
8,4096,294,150,85.5947
8,4096,294,152,84.7097
8,4096,294,154,85.7852
8,4096,294,156,83.1245
8,4096,294,158,82.1897
8,4096,294,160,83.3994
8,4096,294,162,82.4627
8,4096,294,164,84.7546
8,4096,294,166,84.0203
8,4096,294,168,85.0135
8,4096,294,170,89.2824
8,4096,294,172,84.0211
8,4096,294,174,85.3094
8,4096,294,176,83.7505
8,4096,294,178,85.83
8,4096,294,180,84.2235
8,4096,294,182,81.0573
8,4096,294,184,80.7375
8,4096,294,186,83.596
8,4096,294,188,85.0016
8,4096,294,190,84.7347
8,4096,294,192,75.6543
8,4096,294,194,73.493
8,4096,294,196,73.568
8,4096,294,198,76.324
8,4096,294,200,73.4684
8,4096,294,202,73.1018
8,4096,294,204,73.9296
8,4096,294,206,72.0872
8,4096,294,208,72.0128
8,4096,294,210,70.6426
8,4096,294,212,71.9967
8,4096,294,214,73.1814
8,4096,294,216,69.0041
8,4096,294,218,69.0453
8,4096,294,220,70.3709
8,4096,294,222,68.0531
8,4096,294,224,68.7159
8,4096,294,226,69.8934
8,4096,294,228,69.4866
8,4096,294,230,68.7369
8,4096,294,232,70.8132
8,4096,294,234,69.1639
8,4096,294,236,68.6169
8,4096,294,238,67.0552
8,4096,294,240,68.3111
8,4096,294,242,67.2212
8,4096,294,244,67.1166
8,4096,294,246,68.3544
8,4096,294,248,68.0793
8,4096,294,250,67.704
8,4096,294,252,62.8699
8,4096,294,254,63.095
8,4096,294,256,66.1293
8,4096,294,258,65.699
8,4096,294,260,66.0133
8,4096,294,262,62.8935
8,4096,294,264,66.9135
8,4096,294,266,64.1755
8,4096,294,268,65.6449
8,4096,294,270,63.6338
8,4096,294,272,63.497
8,4096,294,274,67.1606
8,4096,294,276,65.2932
8,4096,294,278,67.5046
8,4096,294,280,65.3347
8,4096,294,282,66.0201
8,4096,294,284,62.184
8,4096,294,286,67.1028
8,4096,294,288,64.6392
8,4096,294,290,61.5483
8,4096,294,292,59.2367
8,4096,296,2,52.9103
8,4096,296,4,78.5373
8,4096,296,6,104.4685
8,4096,296,8,121.9543
8,4096,296,10,106.0921
8,4096,296,12,115.835
8,4096,296,14,121.9279
8,4096,296,16,134.3796
8,4096,296,18,122.3062
8,4096,296,20,128.1321
8,4096,296,22,127.0315
8,4096,296,24,139.3127
8,4096,296,26,120.2649
8,4096,296,28,95.0524
8,4096,296,30,116.786
8,4096,296,32,120.2075
8,4096,296,34,121.2762
8,4096,296,36,117.8625
8,4096,296,38,111.5321
8,4096,296,40,126.5628
8,4096,296,42,120.1749
8,4096,296,44,118.7415
8,4096,296,46,123.9693
8,4096,296,48,100.683
8,4096,296,50,100.5791
8,4096,296,52,97.691
8,4096,296,54,99.5998
8,4096,296,56,102.0361
8,4096,296,58,97.747
8,4096,296,60,89.9409
8,4096,296,62,88.216
8,4096,296,64,86.6311
8,4096,296,66,86.6844
8,4096,296,68,94.7273
8,4096,296,70,92.6169
8,4096,296,72,88.1128
8,4096,296,74,87.6176
8,4096,296,76,92.859
8,4096,296,78,91.3501
8,4096,296,80,91.1546
8,4096,296,82,91.7645
8,4096,296,84,91.3744
8,4096,296,86,90.773
8,4096,296,88,86.6719
8,4096,296,90,89.9206
8,4096,296,92,85.8179
8,4096,296,94,85.0738
8,4096,296,96,87.0404
8,4096,296,98,85.7461
8,4096,296,100,87.3583
8,4096,296,102,88.8986
8,4096,296,104,86.0756
8,4096,296,106,87.2114
8,4096,296,108,86.5352
8,4096,296,110,86.1031
8,4096,296,112,83.8138
8,4096,296,114,84.6136
8,4096,296,116,84.8261
8,4096,296,118,84.9181
8,4096,296,120,84.2528
8,4096,296,122,81.9123
8,4096,296,124,84.7011
8,4096,296,126,85.9009
8,4096,296,128,84.8971
8,4096,296,130,86.6846
8,4096,296,132,85.7845
8,4096,296,134,86.0393
8,4096,296,136,77.5484
8,4096,296,138,79.3981
8,4096,296,140,80.5641
8,4096,296,142,82.8139
8,4096,296,144,80.9545
8,4096,296,146,81.3923
8,4096,296,148,84.9819
8,4096,296,150,84.6751
8,4096,296,152,81.3568
8,4096,296,154,82.6462
8,4096,296,156,81.8811
8,4096,296,158,82.6675
8,4096,296,160,84.4358
8,4096,296,162,83.2141
8,4096,296,164,84.2029
8,4096,296,166,81.715
8,4096,296,168,83.3413
8,4096,296,170,87.1856
8,4096,296,172,80.8716
8,4096,296,174,80.8069
8,4096,296,176,76.3247
8,4096,296,178,82.2866
8,4096,296,180,81.9661
8,4096,296,182,81.4233
8,4096,296,184,79.6826
8,4096,296,186,82.674
8,4096,296,188,80.9959
8,4096,296,190,79.284
8,4096,296,192,70.7862
8,4096,296,194,74.0757
8,4096,296,196,70.7227
8,4096,296,198,73.0772
8,4096,296,200,73.9511
8,4096,296,202,73.4398
8,4096,296,204,71.1254
8,4096,296,206,73.875
8,4096,296,208,70.6141
8,4096,296,210,70.7962
8,4096,296,212,71.7878
8,4096,296,214,68.6929
8,4096,296,216,68.3558
8,4096,296,218,68.456
8,4096,296,220,70.0017
8,4096,296,222,69.1793
8,4096,296,224,68.3101
8,4096,296,226,68.0317
8,4096,296,228,67.2883
8,4096,296,230,67.327
8,4096,296,232,67.1338
8,4096,296,234,69.4097
8,4096,296,236,68.0
8,4096,296,238,69.4627
8,4096,296,240,65.9651
8,4096,296,242,67.005
8,4096,296,244,66.356
8,4096,296,246,67.2277
8,4096,296,248,66.6362
8,4096,296,250,67.9367
8,4096,296,252,65.8017
8,4096,296,254,67.1724
8,4096,296,256,65.7808
8,4096,296,258,65.8464
8,4096,296,260,64.4605
8,4096,296,262,66.1959
8,4096,296,264,64.3827
8,4096,296,266,63.7209
8,4096,296,268,63.313
8,4096,296,270,63.048
8,4096,296,272,64.3478
8,4096,296,274,61.9738
8,4096,296,276,62.5429
8,4096,296,278,62.9757
8,4096,296,280,62.3352
8,4096,296,282,65.8719
8,4096,296,284,65.721
8,4096,296,286,66.2288
8,4096,296,288,64.6577
8,4096,296,290,59.2946
8,4096,296,292,61.2494
8,4096,296,294,60.2367
8,4096,298,2,53.9841
8,4096,298,4,77.0212
8,4096,298,6,104.1659
8,4096,298,8,118.269
8,4096,298,10,103.1518
8,4096,298,12,119.2469
8,4096,298,14,127.0167
8,4096,298,16,123.7846
8,4096,298,18,121.7781
8,4096,298,20,124.2799
8,4096,298,22,119.8004
8,4096,298,24,128.0208
8,4096,298,26,122.0096
8,4096,298,28,123.9078
8,4096,298,30,122.1971
8,4096,298,32,133.2139
8,4096,298,34,122.8909
8,4096,298,36,125.6767
8,4096,298,38,126.2453
8,4096,298,40,123.7223
8,4096,298,42,117.9213
8,4096,298,44,115.0675
8,4096,298,46,121.2088
8,4096,298,48,104.2666
8,4096,298,50,97.9386
8,4096,298,52,97.274
8,4096,298,54,94.9205
8,4096,298,56,95.0566
8,4096,298,58,93.1291
8,4096,298,60,96.6014
8,4096,298,62,94.6998
8,4096,298,64,93.4867
8,4096,298,66,91.5278
8,4096,298,68,89.0518
8,4096,298,70,87.9776
8,4096,298,72,88.3609
8,4096,298,74,86.6959
8,4096,298,76,89.6889
8,4096,298,78,89.9496
8,4096,298,80,88.1636
8,4096,298,82,86.416
8,4096,298,84,88.4601
8,4096,298,86,86.6025
8,4096,298,88,85.6653
8,4096,298,90,85.0178
8,4096,298,92,88.2616
8,4096,298,94,85.2497
8,4096,298,96,85.3665
8,4096,298,98,86.2065
8,4096,298,100,88.0689
8,4096,298,102,88.2365
8,4096,298,104,86.9123
8,4096,298,106,86.4418
8,4096,298,108,85.4168
8,4096,298,110,86.053
8,4096,298,112,86.0134
8,4096,298,114,84.9614
8,4096,298,116,84.7946
8,4096,298,118,82.3887
8,4096,298,120,83.1467
8,4096,298,122,82.0308
8,4096,298,124,82.6763
8,4096,298,126,83.8408
8,4096,298,128,82.2263
8,4096,298,130,68.7828
8,4096,298,132,77.9736
8,4096,298,134,82.1004
8,4096,298,136,81.183
8,4096,298,138,80.4786
8,4096,298,140,79.8488
8,4096,298,142,79.3067
8,4096,298,144,80.5561
8,4096,298,146,79.6721
8,4096,298,148,79.3206
8,4096,298,150,80.5223
8,4096,298,152,79.838
8,4096,298,154,83.6947
8,4096,298,156,81.0338
8,4096,298,158,82.5833
8,4096,298,160,82.4049
8,4096,298,162,81.8331
8,4096,298,164,84.7554
8,4096,298,166,82.4375
8,4096,298,168,80.3209
8,4096,298,170,83.8286
8,4096,298,172,79.5505
8,4096,298,174,80.1648
8,4096,298,176,81.265
8,4096,298,178,82.4684
8,4096,298,180,84.2426
8,4096,298,182,80.5646
8,4096,298,184,78.1729
8,4096,298,186,80.1514
8,4096,298,188,80.3293
8,4096,298,190,81.3823
8,4096,298,192,73.1993
8,4096,298,194,72.1916
8,4096,298,196,72.0363
8,4096,298,198,73.4679
8,4096,298,200,71.5994
8,4096,298,202,66.3016
8,4096,298,204,71.9887
8,4096,298,206,69.3681
8,4096,298,208,68.0037
8,4096,298,210,69.1556
8,4096,298,212,72.0242
8,4096,298,214,70.0974
8,4096,298,216,69.4119
8,4096,298,218,70.8453
8,4096,298,220,68.5301
8,4096,298,222,65.7091
8,4096,298,224,69.7546
8,4096,298,226,63.5937
8,4096,298,228,64.0085
8,4096,298,230,67.8613
8,4096,298,232,67.0304
8,4096,298,234,68.8628
8,4096,298,236,67.3046
8,4096,298,238,66.6943
8,4096,298,240,66.8518
8,4096,298,242,66.0843
8,4096,298,244,65.9705
8,4096,298,246,67.3025
8,4096,298,248,65.8426
8,4096,298,250,69.1597
8,4096,298,252,66.6675
8,4096,298,254,67.7216
8,4096,298,256,66.09
8,4096,298,258,68.1675
8,4096,298,260,65.6215
8,4096,298,262,64.7934
8,4096,298,264,64.9547
8,4096,298,266,66.1725
8,4096,298,268,64.6595
8,4096,298,270,64.641
8,4096,298,272,64.7631
8,4096,298,274,64.3921
8,4096,298,276,63.7542
8,4096,298,278,65.3203
8,4096,298,280,64.2736
8,4096,298,282,66.4802
8,4096,298,284,66.8606
8,4096,298,286,64.7728
8,4096,298,288,67.0781
8,4096,298,290,59.5286
8,4096,298,292,60.6432
8,4096,298,294,59.7818
8,4096,298,296,59.1699
8,4096,300,2,52.048
8,4096,300,4,77.5059
8,4096,300,6,103.2481
8,4096,300,8,115.0497
8,4096,300,10,100.5745
8,4096,300,12,107.3208
8,4096,300,14,125.5796
8,4096,300,16,133.5602
8,4096,300,18,121.4357
8,4096,300,20,128.1613
8,4096,300,22,127.4428
8,4096,300,24,136.5564
8,4096,300,26,121.5325
8,4096,300,28,130.5275
8,4096,300,30,125.4708
8,4096,300,32,131.4628
8,4096,300,34,121.6375
8,4096,300,36,120.5311
8,4096,300,38,127.2696
8,4096,300,40,123.6944
8,4096,300,42,120.6491
8,4096,300,44,115.8209
8,4096,300,46,122.7775
8,4096,300,48,100.4151
8,4096,300,50,91.9172
8,4096,300,52,98.7042
8,4096,300,54,101.4092
8,4096,300,56,100.0129
8,4096,300,58,96.5634
8,4096,300,60,97.8624
8,4096,300,62,94.0734
8,4096,300,64,93.8171
8,4096,300,66,93.2373
8,4096,300,68,92.4022
8,4096,300,70,90.8554
8,4096,300,72,91.4938
8,4096,300,74,91.1717
8,4096,300,76,91.8405
8,4096,300,78,92.9346
8,4096,300,80,89.9034
8,4096,300,82,88.8822
8,4096,300,84,87.804
8,4096,300,86,91.9304
8,4096,300,88,89.2296
8,4096,300,90,90.7867
8,4096,300,92,89.1617
8,4096,300,94,89.4119
8,4096,300,96,86.7826
8,4096,300,98,82.2756
8,4096,300,100,88.6201
8,4096,300,102,82.5168
8,4096,300,104,82.416
8,4096,300,106,84.8401
8,4096,300,108,88.3152
8,4096,300,110,85.9788
8,4096,300,112,87.6102
8,4096,300,114,87.7483
8,4096,300,116,87.1594
8,4096,300,118,80.6238
8,4096,300,120,85.6928
8,4096,300,122,86.4907
8,4096,300,124,85.6326
8,4096,300,126,84.9759
8,4096,300,128,85.798
8,4096,300,130,86.0425
8,4096,300,132,84.4283
8,4096,300,134,85.7031
8,4096,300,136,81.6448
8,4096,300,138,81.808
8,4096,300,140,84.7016
8,4096,300,142,82.9416
8,4096,300,144,80.2069
8,4096,300,146,80.1621
8,4096,300,148,78.4823
8,4096,300,150,83.0453
8,4096,300,152,84.9781
8,4096,300,154,85.9904
8,4096,300,156,84.7651
8,4096,300,158,84.7986
8,4096,300,160,84.0472
8,4096,300,162,84.9272
8,4096,300,164,80.8755
8,4096,300,166,83.8959
8,4096,300,168,81.546
8,4096,300,170,83.7262
8,4096,300,172,79.9205
8,4096,300,174,79.3841
8,4096,300,176,79.6772
8,4096,300,178,81.5951
8,4096,300,180,82.0627
8,4096,300,182,80.7121
8,4096,300,184,81.0231
8,4096,300,186,83.8111
8,4096,300,188,81.8813
8,4096,300,190,80.2409
8,4096,300,192,73.1072
8,4096,300,194,72.004
8,4096,300,196,73.5944
8,4096,300,198,74.1461
8,4096,300,200,71.3679
8,4096,300,202,71.4125
8,4096,300,204,74.4259
8,4096,300,206,72.3751
8,4096,300,208,73.9824
8,4096,300,210,73.0655
8,4096,300,212,71.8429
8,4096,300,214,73.1172
8,4096,300,216,71.1013
8,4096,300,218,68.027
8,4096,300,220,71.0827
8,4096,300,222,68.927
8,4096,300,224,70.1301
8,4096,300,226,69.7876
8,4096,300,228,67.4718
8,4096,300,230,69.793
8,4096,300,232,66.3595
8,4096,300,234,69.0861
8,4096,300,236,70.003
8,4096,300,238,67.9153
8,4096,300,240,67.8799
8,4096,300,242,66.718
8,4096,300,244,68.7501
8,4096,300,246,65.7337
8,4096,300,248,66.5833
8,4096,300,250,67.2532
8,4096,300,252,67.1067
8,4096,300,254,68.2764
8,4096,300,256,66.046
8,4096,300,258,68.1952
8,4096,300,260,66.7596
8,4096,300,262,66.226
8,4096,300,264,64.9964
8,4096,300,266,65.5181
8,4096,300,268,64.6307
8,4096,300,270,64.9827
8,4096,300,272,63.5423
8,4096,300,274,64.293
8,4096,300,276,63.8894
8,4096,300,278,65.1775
8,4096,300,280,63.2948
8,4096,300,282,66.0413
8,4096,300,284,65.4795
8,4096,300,286,67.5431
8,4096,300,288,64.5225
8,4096,300,290,60.437
8,4096,300,292,60.9861
8,4096,300,294,59.8321
8,4096,300,296,60.2854
8,4096,300,298,61.3326
8,4096,302,2,53.5726
8,4096,302,4,75.3084
8,4096,302,6,98.9946
8,4096,302,8,118.3463
8,4096,302,10,107.2182
8,4096,302,12,116.8057
8,4096,302,14,122.7228
8,4096,302,16,137.421
8,4096,302,18,116.8563
8,4096,302,20,126.7206
8,4096,302,22,126.9197
8,4096,302,24,130.745
8,4096,302,26,126.0779
8,4096,302,28,121.314
8,4096,302,30,129.9579
8,4096,302,32,128.1142
8,4096,302,34,122.725
8,4096,302,36,123.4751
8,4096,302,38,123.8956
8,4096,302,40,130.6838
8,4096,302,42,124.3219
8,4096,302,44,126.8381
8,4096,302,46,117.7551
8,4096,302,48,110.5036
8,4096,302,50,102.4226
8,4096,302,52,103.115
8,4096,302,54,103.6244
8,4096,302,56,105.2057
8,4096,302,58,100.1784
8,4096,302,60,98.1668
8,4096,302,62,101.1997
8,4096,302,64,102.5448
8,4096,302,66,96.9669
8,4096,302,68,98.9268
8,4096,302,70,96.0686
8,4096,302,72,95.1247
8,4096,302,74,96.7314
8,4096,302,76,99.0644
8,4096,302,78,97.213
8,4096,302,80,96.7439
8,4096,302,82,93.5639
8,4096,302,84,92.8284
8,4096,302,86,95.2105
8,4096,302,88,96.2539
8,4096,302,90,94.3585
8,4096,302,92,95.7925
8,4096,302,94,95.5735
8,4096,302,96,93.8056
8,4096,302,98,92.5464
8,4096,302,100,91.7572
8,4096,302,102,92.5869
8,4096,302,104,90.4316
8,4096,302,106,93.215
8,4096,302,108,93.9424
8,4096,302,110,95.1903
8,4096,302,112,94.841
8,4096,302,114,94.2868
8,4096,302,116,93.8891
8,4096,302,118,86.6506
8,4096,302,120,89.3555
8,4096,302,122,86.5816
8,4096,302,124,90.3847
8,4096,302,126,89.3562
8,4096,302,128,91.426
8,4096,302,130,91.7733
8,4096,302,132,92.6324
8,4096,302,134,91.2253
8,4096,302,136,89.9764
8,4096,302,138,89.1602
8,4096,302,140,89.7306
8,4096,302,142,88.9084
8,4096,302,144,87.1304
8,4096,302,146,86.9382
8,4096,302,148,87.4168
8,4096,302,150,86.0218
8,4096,302,152,87.7
8,4096,302,154,90.1841
8,4096,302,156,90.605
8,4096,302,158,91.659
8,4096,302,160,91.5188
8,4096,302,162,90.8622
8,4096,302,164,91.0319
8,4096,302,166,89.8978
8,4096,302,168,89.7771
8,4096,302,170,92.1946
8,4096,302,172,85.7795
8,4096,302,174,86.7469
8,4096,302,176,88.2945
8,4096,302,178,87.4538
8,4096,302,180,89.0543
8,4096,302,182,82.4831
8,4096,302,184,81.9571
8,4096,302,186,89.4914
8,4096,302,188,89.657
8,4096,302,190,87.9762
8,4096,302,192,81.9074
8,4096,302,194,80.5849
8,4096,302,196,81.1112
8,4096,302,198,81.3805
8,4096,302,200,79.4923
8,4096,302,202,78.0134
8,4096,302,204,79.2254
8,4096,302,206,80.2016
8,4096,302,208,81.9007
8,4096,302,210,80.6978
8,4096,302,212,79.8028
8,4096,302,214,77.915
8,4096,302,216,77.1921
8,4096,302,218,75.5879
8,4096,302,220,75.2941
8,4096,302,222,77.5735
8,4096,302,224,76.0408
8,4096,302,226,75.6605
8,4096,302,228,76.4952
8,4096,302,230,76.8443
8,4096,302,232,74.5844
8,4096,302,234,72.9307
8,4096,302,236,76.2439
8,4096,302,238,72.8939
8,4096,302,240,73.3449
8,4096,302,242,70.9267
8,4096,302,244,73.6331
8,4096,302,246,72.7238
8,4096,302,248,72.793
8,4096,302,250,73.361
8,4096,302,252,73.3379
8,4096,302,254,73.0845
8,4096,302,256,73.1566
8,4096,302,258,73.4427
8,4096,302,260,71.6806
8,4096,302,262,72.9729
8,4096,302,264,72.2378
8,4096,302,266,69.7118
8,4096,302,268,71.7947
8,4096,302,270,70.0413
8,4096,302,272,63.1981
8,4096,302,274,70.3828
8,4096,302,276,68.0674
8,4096,302,278,70.1528
8,4096,302,280,69.0201
8,4096,302,282,70.9226
8,4096,302,284,71.182
8,4096,302,286,69.1428
8,4096,302,288,69.6605
8,4096,302,290,63.1703
8,4096,302,292,64.7175
8,4096,302,294,66.6537
8,4096,302,296,63.7099
8,4096,302,298,66.0857
8,4096,302,300,64.1986
8,4096,304,2,53.033
8,4096,304,4,77.6573
8,4096,304,6,103.7954
8,4096,304,8,122.1953
8,4096,304,10,107.1186
8,4096,304,12,118.631
8,4096,304,14,111.7621
8,4096,304,16,137.5743
8,4096,304,18,120.2663
8,4096,304,20,128.9995
8,4096,304,22,128.9739
8,4096,304,24,139.8287
8,4096,304,26,122.4315
8,4096,304,28,129.8535
8,4096,304,30,127.4469
8,4096,304,32,135.6087
8,4096,304,34,119.7661
8,4096,304,36,129.3293
8,4096,304,38,122.2294
8,4096,304,40,129.9448
8,4096,304,42,124.712
8,4096,304,44,122.4856
8,4096,304,46,126.6021
8,4096,304,48,105.3369
8,4096,304,50,105.5713
8,4096,304,52,105.831
8,4096,304,54,105.3318
8,4096,304,56,101.603
8,4096,304,58,98.5222
8,4096,304,60,97.1684
8,4096,304,62,100.5032
8,4096,304,64,101.5731
8,4096,304,66,100.8691
8,4096,304,68,96.1745
8,4096,304,70,96.7562
8,4096,304,72,91.9424
8,4096,304,74,94.207
8,4096,304,76,94.5421
8,4096,304,78,97.5632
8,4096,304,80,95.9929
8,4096,304,82,96.1034
8,4096,304,84,93.0372
8,4096,304,86,96.5756
8,4096,304,88,94.3338
8,4096,304,90,91.555
8,4096,304,92,91.5881
8,4096,304,94,90.0873
8,4096,304,96,90.7566
8,4096,304,98,89.5398
8,4096,304,100,87.4816
8,4096,304,102,91.9591
8,4096,304,104,92.03
8,4096,304,106,86.6206
8,4096,304,108,88.785
8,4096,304,110,91.3639
8,4096,304,112,92.0731
8,4096,304,114,91.1489
8,4096,304,116,90.8269
8,4096,304,118,91.7639
8,4096,304,120,86.6058
8,4096,304,122,89.6893
8,4096,304,124,88.1448
8,4096,304,126,90.0914
8,4096,304,128,85.5032
8,4096,304,130,89.5979
8,4096,304,132,88.5173
8,4096,304,134,88.7983
8,4096,304,136,88.1204
8,4096,304,138,89.2003
8,4096,304,140,89.3785
8,4096,304,142,88.5528
8,4096,304,144,85.8634
8,4096,304,146,85.9596
8,4096,304,148,85.8158
8,4096,304,150,85.5075
8,4096,304,152,87.9132
8,4096,304,154,88.0783
8,4096,304,156,87.9202
8,4096,304,158,88.3968
8,4096,304,160,85.0988
8,4096,304,162,87.5143
8,4096,304,164,87.2336
8,4096,304,166,88.6635
8,4096,304,168,87.5303
8,4096,304,170,89.897
8,4096,304,172,85.8704
8,4096,304,174,85.1747
8,4096,304,176,86.0845
8,4096,304,178,89.1157
8,4096,304,180,88.0457
8,4096,304,182,83.8732
8,4096,304,184,83.1332
8,4096,304,186,83.723
8,4096,304,188,84.1377
8,4096,304,190,84.186
8,4096,304,192,77.0613
8,4096,304,194,78.4828
8,4096,304,196,77.0745
8,4096,304,198,74.6764
8,4096,304,200,75.6595
8,4096,304,202,75.5056
8,4096,304,204,77.2293
8,4096,304,206,74.5911
8,4096,304,208,75.3642
8,4096,304,210,74.3375
8,4096,304,212,74.5518
8,4096,304,214,74.4402
8,4096,304,216,74.8755
8,4096,304,218,74.2306
8,4096,304,220,71.8151
8,4096,304,222,75.3422
8,4096,304,224,74.3497
8,4096,304,226,72.6703
8,4096,304,228,74.4391
8,4096,304,230,73.772
8,4096,304,232,72.1625
8,4096,304,234,73.8693
8,4096,304,236,73.3705
8,4096,304,238,71.6014
8,4096,304,240,71.3242
8,4096,304,242,69.6716
8,4096,304,244,70.0748
8,4096,304,246,71.8186
8,4096,304,248,70.4942
8,4096,304,250,69.6075
8,4096,304,252,69.2938
8,4096,304,254,67.9065
8,4096,304,256,65.076
8,4096,304,258,66.4774
8,4096,304,260,70.2543
8,4096,304,262,68.4069
8,4096,304,264,68.8819
8,4096,304,266,67.7578
8,4096,304,268,68.7303
8,4096,304,270,67.1624
8,4096,304,272,66.2493
8,4096,304,274,66.0759
8,4096,304,276,68.8824
8,4096,304,278,67.3234
8,4096,304,280,68.4665
8,4096,304,282,66.4729
8,4096,304,284,66.5813
8,4096,304,286,64.4694
8,4096,304,288,66.6009
8,4096,304,290,62.0267
8,4096,304,292,62.8754
8,4096,304,294,62.5027
8,4096,304,296,62.0464
8,4096,304,298,59.514
8,4096,304,300,62.9601
8,4096,304,302,61.8009
8,4096,306,2,53.3358
8,4096,306,4,76.2015
8,4096,306,6,99.9682
8,4096,306,8,114.7023
8,4096,306,10,105.8167
8,4096,306,12,108.6235
8,4096,306,14,127.2533
8,4096,306,16,130.8547
8,4096,306,18,90.9925
8,4096,306,20,115.6783
8,4096,306,22,115.0032
8,4096,306,24,137.3002
8,4096,306,26,118.7306
8,4096,306,28,123.6344
8,4096,306,30,129.8016
8,4096,306,32,125.5657
8,4096,306,34,125.2446
8,4096,306,36,125.2061
8,4096,306,38,125.3954
8,4096,306,40,128.3801
8,4096,306,42,117.1994
8,4096,306,44,121.2078
8,4096,306,46,116.981
8,4096,306,48,104.5143
8,4096,306,50,86.3912
8,4096,306,52,101.9337
8,4096,306,54,85.881
8,4096,306,56,84.1105
8,4096,306,58,89.2938
8,4096,306,60,91.4246
8,4096,306,62,88.126
8,4096,306,64,96.8049
8,4096,306,66,88.8471
8,4096,306,68,95.2505
8,4096,306,70,95.4486
8,4096,306,72,93.7687
8,4096,306,74,93.7622
8,4096,306,76,92.5119
8,4096,306,78,93.0921
8,4096,306,80,94.023
8,4096,306,82,89.5967
8,4096,306,84,93.2753
8,4096,306,86,92.604
8,4096,306,88,92.775
8,4096,306,90,93.0719
8,4096,306,92,93.0511
8,4096,306,94,91.7391
8,4096,306,96,90.3814
8,4096,306,98,90.4613
8,4096,306,100,84.987
8,4096,306,102,92.1573
8,4096,306,104,91.4258
8,4096,306,106,90.1646
8,4096,306,108,90.3043
8,4096,306,110,89.4654
8,4096,306,112,88.4682
8,4096,306,114,89.2468
8,4096,306,116,91.1635
8,4096,306,118,89.3888
8,4096,306,120,88.265
8,4096,306,122,79.4713
8,4096,306,124,87.3804
8,4096,306,126,86.5256
8,4096,306,128,86.3213
8,4096,306,130,87.98
8,4096,306,132,87.8678
8,4096,306,134,87.5385
8,4096,306,136,86.7174
8,4096,306,138,87.3213
8,4096,306,140,83.952
8,4096,306,142,83.3778
8,4096,306,144,81.9944
8,4096,306,146,82.3505
8,4096,306,148,82.6832
8,4096,306,150,83.0463
8,4096,306,152,81.4843
8,4096,306,154,85.7797
8,4096,306,156,85.6147
8,4096,306,158,89.3431
8,4096,306,160,84.0817
8,4096,306,162,84.6614
8,4096,306,164,82.7004
8,4096,306,166,84.2513
8,4096,306,168,83.2065
8,4096,306,170,85.5413
8,4096,306,172,81.6961
8,4096,306,174,84.9076
8,4096,306,176,82.9529
8,4096,306,178,87.2269
8,4096,306,180,83.6485
8,4096,306,182,83.5175
8,4096,306,184,77.5113
8,4096,306,186,83.4185
8,4096,306,188,82.1793
8,4096,306,190,82.9706
8,4096,306,192,70.7887
8,4096,306,194,72.236
8,4096,306,196,74.807
8,4096,306,198,76.3433
8,4096,306,200,76.2604
8,4096,306,202,75.8054
8,4096,306,204,76.1948
8,4096,306,206,75.5685
8,4096,306,208,72.3717
8,4096,306,210,74.2895
8,4096,306,212,72.7512
8,4096,306,214,72.9671
8,4096,306,216,73.392
8,4096,306,218,71.83
8,4096,306,220,71.6386
8,4096,306,222,72.8516
8,4096,306,224,71.8231
8,4096,306,226,71.812
8,4096,306,228,72.7906
8,4096,306,230,69.3773
8,4096,306,232,70.8432
8,4096,306,234,69.1059
8,4096,306,236,69.6744
8,4096,306,238,71.4957
8,4096,306,240,69.2592
8,4096,306,242,70.2659
8,4096,306,244,68.195
8,4096,306,246,69.415
8,4096,306,248,66.9893
8,4096,306,250,68.0204
8,4096,306,252,69.6979
8,4096,306,254,67.4959
8,4096,306,256,69.8079
8,4096,306,258,68.4975
8,4096,306,260,69.6158
8,4096,306,262,66.7531
8,4096,306,264,68.1371
8,4096,306,266,66.3343
8,4096,306,268,67.2441
8,4096,306,270,65.542
8,4096,306,272,66.9896
8,4096,306,274,65.3902
8,4096,306,276,63.8647
8,4096,306,278,64.9088
8,4096,306,280,64.6022
8,4096,306,282,65.5152
8,4096,306,284,65.1116
8,4096,306,286,64.772
8,4096,306,288,64.1242
8,4096,306,290,61.8822
8,4096,306,292,62.3013
8,4096,306,294,60.364
8,4096,306,296,59.8278
8,4096,306,298,60.4652
8,4096,306,300,62.0115
8,4096,306,302,58.9218
8,4096,306,304,60.1792
8,4096,308,2,52.3159
8,4096,308,4,73.059
8,4096,308,6,100.4531
8,4096,308,8,113.6982
8,4096,308,10,104.3779
8,4096,308,12,104.5871
8,4096,308,14,125.3615
8,4096,308,16,130.2557
8,4096,308,18,119.8498
8,4096,308,20,127.241
8,4096,308,22,118.7788
8,4096,308,24,134.8551
8,4096,308,26,120.5507
8,4096,308,28,126.8281
8,4096,308,30,128.0358
8,4096,308,32,125.0432
8,4096,308,34,123.3416
8,4096,308,36,114.5664
8,4096,308,38,122.9333
8,4096,308,40,126.7071
8,4096,308,42,114.8873
8,4096,308,44,119.1301
8,4096,308,46,114.1997
8,4096,308,48,102.4572
8,4096,308,50,99.2093
8,4096,308,52,90.3929
8,4096,308,54,100.4181
8,4096,308,56,96.6701
8,4096,308,58,93.2933
8,4096,308,60,92.1015
8,4096,308,62,94.0911
8,4096,308,64,92.6632
8,4096,308,66,92.6472
8,4096,308,68,90.21
8,4096,308,70,87.3953
8,4096,308,72,87.8024
8,4096,308,74,88.1013
8,4096,308,76,88.1901
8,4096,308,78,89.3281
8,4096,308,80,88.8541
8,4096,308,82,86.4206
8,4096,308,84,88.4024
8,4096,308,86,88.5039
8,4096,308,88,87.171
8,4096,308,90,87.5749
8,4096,308,92,87.3525
8,4096,308,94,88.3163
8,4096,308,96,83.2484
8,4096,308,98,84.6875
8,4096,308,100,83.7804
8,4096,308,102,84.0496
8,4096,308,104,70.689
8,4096,308,106,81.7022
8,4096,308,108,85.7718
8,4096,308,110,87.4143
8,4096,308,112,85.6426
8,4096,308,114,86.6356
8,4096,308,116,87.8449
8,4096,308,118,87.6113
8,4096,308,120,85.2226
8,4096,308,122,84.1323
8,4096,308,124,83.5579
8,4096,308,126,82.3573
8,4096,308,128,83.3331
8,4096,308,130,82.2736
8,4096,308,132,85.6456
8,4096,308,134,84.6685
8,4096,308,136,83.9078
8,4096,308,138,84.7565
8,4096,308,140,83.7284
8,4096,308,142,85.0053
8,4096,308,144,79.8488
8,4096,308,146,79.6977
8,4096,308,148,77.8822
8,4096,308,150,82.3857
8,4096,308,152,79.4825
8,4096,308,154,84.9152
8,4096,308,156,81.2138
8,4096,308,158,82.1785
8,4096,308,160,82.6166
8,4096,308,162,82.849
8,4096,308,164,83.868
8,4096,308,166,85.1991
8,4096,308,168,82.0701
8,4096,308,170,87.4121
8,4096,308,172,83.2369
8,4096,308,174,82.1109
8,4096,308,176,78.2663
8,4096,308,178,76.8552
8,4096,308,180,81.4118
8,4096,308,182,80.2445
8,4096,308,184,78.9104
8,4096,308,186,81.8256
8,4096,308,188,80.6903
8,4096,308,190,80.5125
8,4096,308,192,72.4466
8,4096,308,194,75.5311
8,4096,308,196,75.3953
8,4096,308,198,72.31
8,4096,308,200,74.7682
8,4096,308,202,74.0285
8,4096,308,204,72.3657
8,4096,308,206,73.8405
8,4096,308,208,71.6432
8,4096,308,210,71.2563
8,4096,308,212,73.3479
8,4096,308,214,71.1192
8,4096,308,216,69.189
8,4096,308,218,70.6019
8,4096,308,220,70.9105
8,4096,308,222,72.078
8,4096,308,224,71.5402
8,4096,308,226,69.929
8,4096,308,228,70.1709
8,4096,308,230,68.5598
8,4096,308,232,70.8573
8,4096,308,234,68.3385
8,4096,308,236,66.2061
8,4096,308,238,69.1001
8,4096,308,240,68.5046
8,4096,308,242,68.1803
8,4096,308,244,59.9431
8,4096,308,246,67.2345
8,4096,308,248,68.9871
8,4096,308,250,65.4077
8,4096,308,252,67.5004
8,4096,308,254,66.1253
8,4096,308,256,67.9095
8,4096,308,258,65.3216
8,4096,308,260,66.071
8,4096,308,262,66.5302
8,4096,308,264,63.4464
8,4096,308,266,64.5195
8,4096,308,268,65.3139
8,4096,308,270,65.8496
8,4096,308,272,66.1984
8,4096,308,274,63.7895
8,4096,308,276,64.6382
8,4096,308,278,64.7373
8,4096,308,280,63.3094
8,4096,308,282,65.2469
8,4096,308,284,62.6624
8,4096,308,286,64.4153
8,4096,308,288,62.5422
8,4096,308,290,60.7076
8,4096,308,292,61.4709
8,4096,308,294,60.0891
8,4096,308,296,59.8801
8,4096,308,298,61.0994
8,4096,308,300,58.7829
8,4096,308,302,59.6645
8,4096,308,304,60.0843
8,4096,308,306,63.9527
8,4096,310,2,51.9925
8,4096,310,4,72.7795
8,4096,310,6,98.0048
8,4096,310,8,115.5618
8,4096,310,10,99.8455
8,4096,310,12,111.4306
8,4096,310,14,123.4075
8,4096,310,16,127.7026
8,4096,310,18,118.199
8,4096,310,20,120.6547
8,4096,310,22,126.2439
8,4096,310,24,132.8297
8,4096,310,26,117.7092
8,4096,310,28,121.1998
8,4096,310,30,119.2395
8,4096,310,32,128.3587
8,4096,310,34,117.8252
8,4096,310,36,116.7694
8,4096,310,38,120.4471
8,4096,310,40,111.4781
8,4096,310,42,117.768
8,4096,310,44,116.455
8,4096,310,46,113.5302
8,4096,310,48,102.6602
8,4096,310,50,97.9709
8,4096,310,52,99.5632
8,4096,310,54,96.4516
8,4096,310,56,94.9315
8,4096,310,58,93.1041
8,4096,310,60,91.1509
8,4096,310,62,91.83
8,4096,310,64,90.9857
8,4096,310,66,89.5024
8,4096,310,68,87.4631
8,4096,310,70,92.652
8,4096,310,72,89.5782
8,4096,310,74,89.7171
8,4096,310,76,88.9447
8,4096,310,78,90.2379
8,4096,310,80,89.7921
8,4096,310,82,79.4388
8,4096,310,84,88.1077
8,4096,310,86,85.6248
8,4096,310,88,89.7208
8,4096,310,90,88.8331
8,4096,310,92,86.9415
8,4096,310,94,89.7679
8,4096,310,96,85.4629
8,4096,310,98,87.2488
8,4096,310,100,86.4321
8,4096,310,102,81.8118
8,4096,310,104,85.6901
8,4096,310,106,83.6361
8,4096,310,108,84.1605
8,4096,310,110,85.0325
8,4096,310,112,82.0765
8,4096,310,114,84.4435
8,4096,310,116,81.8559
8,4096,310,118,83.5664
8,4096,310,120,82.0901
8,4096,310,122,81.0601
8,4096,310,124,84.3458
8,4096,310,126,85.2314
8,4096,310,128,85.9056
8,4096,310,130,82.1407
8,4096,310,132,82.2694
8,4096,310,134,82.3548
8,4096,310,136,82.5558
8,4096,310,138,84.0932
8,4096,310,140,82.2883
8,4096,310,142,81.9645
8,4096,310,144,83.2747
8,4096,310,146,81.3481
8,4096,310,148,75.6234
8,4096,310,150,78.3724
8,4096,310,152,77.2021
8,4096,310,154,79.8653
8,4096,310,156,82.8815
8,4096,310,158,83.3555
8,4096,310,160,80.463
8,4096,310,162,81.8243
8,4096,310,164,81.5836
8,4096,310,166,81.4064
8,4096,310,168,80.6251
8,4096,310,170,85.0045
8,4096,310,172,81.5243
8,4096,310,174,80.2173
8,4096,310,176,80.8689
8,4096,310,178,79.3561
8,4096,310,180,79.9303
8,4096,310,182,80.0301
8,4096,310,184,79.5755
8,4096,310,186,81.5957
8,4096,310,188,81.6027
8,4096,310,190,82.1798
8,4096,310,192,74.2171
8,4096,310,194,72.6681
8,4096,310,196,74.5234
8,4096,310,198,71.5091
8,4096,310,200,72.5836
8,4096,310,202,72.8126
8,4096,310,204,73.4638
8,4096,310,206,71.1037
8,4096,310,208,72.2314
8,4096,310,210,70.3699
8,4096,310,212,71.2015
8,4096,310,214,72.5401
8,4096,310,216,69.4417
8,4096,310,218,71.5123
8,4096,310,220,70.6362
8,4096,310,222,69.5072
8,4096,310,224,70.7256
8,4096,310,226,67.8602
8,4096,310,228,70.0805
8,4096,310,230,69.3371
8,4096,310,232,68.7513
8,4096,310,234,68.8244
8,4096,310,236,68.254
8,4096,310,238,70.6698
8,4096,310,240,61.9702
8,4096,310,242,65.6381
8,4096,310,244,66.7072
8,4096,310,246,68.3221
8,4096,310,248,68.2928
8,4096,310,250,68.4226
8,4096,310,252,67.1248
8,4096,310,254,68.3113
8,4096,310,256,66.0805
8,4096,310,258,67.8172
8,4096,310,260,64.5269
8,4096,310,262,67.6296
8,4096,310,264,65.6347
8,4096,310,266,67.0107
8,4096,310,268,64.8811
8,4096,310,270,65.1056
8,4096,310,272,65.0295
8,4096,310,274,66.5621
8,4096,310,276,65.2077
8,4096,310,278,65.7074
8,4096,310,280,64.4672
8,4096,310,282,64.0631
8,4096,310,284,64.0345
8,4096,310,286,59.602
8,4096,310,288,64.9891
8,4096,310,290,60.3661
8,4096,310,292,61.3138
8,4096,310,294,62.0901
8,4096,310,296,61.1348
8,4096,310,298,61.7276
8,4096,310,300,59.3923
8,4096,310,302,58.6618
8,4096,310,304,53.0613
8,4096,310,306,61.1285
8,4096,310,308,65.1563
8,4096,312,2,51.8405
8,4096,312,4,77.5355
8,4096,312,6,99.3893
8,4096,312,8,119.9265
8,4096,312,10,98.6132
8,4096,312,12,101.1718
8,4096,312,14,116.3569
8,4096,312,16,130.6929
8,4096,312,18,117.4084
8,4096,312,20,120.8738
8,4096,312,22,127.2199
8,4096,312,24,124.1369
8,4096,312,26,117.7647
8,4096,312,28,122.5523
8,4096,312,30,119.7065
8,4096,312,32,127.5497
8,4096,312,34,114.7417
8,4096,312,36,122.1772
8,4096,312,38,115.2991
8,4096,312,40,120.2974
8,4096,312,42,114.2347
8,4096,312,44,110.0258
8,4096,312,46,118.3271
8,4096,312,48,98.724
8,4096,312,50,94.8301
8,4096,312,52,92.0386
8,4096,312,54,93.5307
8,4096,312,56,92.9484
8,4096,312,58,89.0013
8,4096,312,60,88.9947
8,4096,312,62,89.5281
8,4096,312,64,88.8499
8,4096,312,66,90.8371
8,4096,312,68,92.4631
8,4096,312,70,91.1605
8,4096,312,72,89.9388
8,4096,312,74,88.9384
8,4096,312,76,88.7015
8,4096,312,78,89.6771
8,4096,312,80,90.064
8,4096,312,82,88.7109
8,4096,312,84,85.6923
8,4096,312,86,88.3685
8,4096,312,88,84.0643
8,4096,312,90,88.5345
8,4096,312,92,87.0602
8,4096,312,94,88.6748
8,4096,312,96,87.2605
8,4096,312,98,81.4074
8,4096,312,100,85.936
8,4096,312,102,84.9113
8,4096,312,104,85.5031
8,4096,312,106,86.2669
8,4096,312,108,85.2436
8,4096,312,110,86.0095
8,4096,312,112,85.3823
8,4096,312,114,85.706
8,4096,312,116,80.868
8,4096,312,118,81.2102
8,4096,312,120,75.1428
8,4096,312,122,76.4953
8,4096,312,124,79.9387
8,4096,312,126,81.1463
8,4096,312,128,82.1832
8,4096,312,130,81.7123
8,4096,312,132,82.9612
8,4096,312,134,83.6002
8,4096,312,136,80.6472
8,4096,312,138,79.532
8,4096,312,140,78.3839
8,4096,312,142,79.9934
8,4096,312,144,80.4793
8,4096,312,146,80.7743
8,4096,312,148,80.7356
8,4096,312,150,80.7453
8,4096,312,152,76.8238
8,4096,312,154,76.4832
8,4096,312,156,76.0322
8,4096,312,158,83.1191
8,4096,312,160,81.5203
8,4096,312,162,83.4245
8,4096,312,164,83.142
8,4096,312,166,81.6667
8,4096,312,168,79.5582
8,4096,312,170,82.388
8,4096,312,172,78.7609
8,4096,312,174,80.7346
8,4096,312,176,80.5907
8,4096,312,178,83.376
8,4096,312,180,83.071
8,4096,312,182,78.6502
8,4096,312,184,76.4763
8,4096,312,186,77.6817
8,4096,312,188,78.9404
8,4096,312,190,77.0877
8,4096,312,192,71.9578
8,4096,312,194,72.0504
8,4096,312,196,71.8075
8,4096,312,198,73.4418
8,4096,312,200,72.3002
8,4096,312,202,71.9065
8,4096,312,204,72.7037
8,4096,312,206,71.1241
8,4096,312,208,71.3339
8,4096,312,210,72.6078
8,4096,312,212,69.8784
8,4096,312,214,70.4626
8,4096,312,216,70.6967
8,4096,312,218,69.6362
8,4096,312,220,70.764
8,4096,312,222,70.4627
8,4096,312,224,70.2692
8,4096,312,226,69.3998
8,4096,312,228,69.122
8,4096,312,230,70.2092
8,4096,312,232,67.926
8,4096,312,234,69.7095
8,4096,312,236,69.7162
8,4096,312,238,68.057
8,4096,312,240,68.9377
8,4096,312,242,66.9571
8,4096,312,244,68.111
8,4096,312,246,63.9946
8,4096,312,248,67.6608
8,4096,312,250,64.5711
8,4096,312,252,67.0085
8,4096,312,254,65.8736
8,4096,312,256,66.8607
8,4096,312,258,66.5408
8,4096,312,260,66.9387
8,4096,312,262,66.5002
8,4096,312,264,66.0239
8,4096,312,266,65.2283
8,4096,312,268,59.3872
8,4096,312,270,63.7896
8,4096,312,272,66.344
8,4096,312,274,63.1099
8,4096,312,276,65.3559
8,4096,312,278,63.9878
8,4096,312,280,66.0156
8,4096,312,282,64.299
8,4096,312,284,62.8337
8,4096,312,286,63.8399
8,4096,312,288,62.3804
8,4096,312,290,63.2448
8,4096,312,292,60.8947
8,4096,312,294,63.7956
8,4096,312,296,63.2029
8,4096,312,298,61.8465
8,4096,312,300,62.4379
8,4096,312,302,60.7772
8,4096,312,304,61.6547
8,4096,312,306,65.0382
8,4096,312,308,63.263
8,4096,312,310,64.3508
8,4096,314,2,51.5234
8,4096,314,4,75.6718
8,4096,314,6,97.4186
8,4096,314,8,110.5165
8,4096,314,10,96.884
8,4096,314,12,112.3501
8,4096,314,14,123.0678
8,4096,314,16,126.6261
8,4096,314,18,118.8774
8,4096,314,20,116.1397
8,4096,314,22,125.2289
8,4096,314,24,124.0089
8,4096,314,26,115.3442
8,4096,314,28,120.6534
8,4096,314,30,117.2585
8,4096,314,32,125.6118
8,4096,314,34,117.7037
8,4096,314,36,115.1315
8,4096,314,38,116.5061
8,4096,314,40,117.9834
8,4096,314,42,111.8712
8,4096,314,44,114.3565
8,4096,314,46,111.3284
8,4096,314,48,95.0054
8,4096,314,50,89.3145
8,4096,314,52,91.1621
8,4096,314,54,96.4577
8,4096,314,56,94.1183
8,4096,314,58,91.1042
8,4096,314,60,88.3822
8,4096,314,62,86.9092
8,4096,314,64,90.801
8,4096,314,66,89.7179
8,4096,314,68,91.3197
8,4096,314,70,90.3085
8,4096,314,72,88.2004
8,4096,314,74,88.2605
8,4096,314,76,87.6315
8,4096,314,78,84.4844
8,4096,314,80,86.237
8,4096,314,82,86.8912
8,4096,314,84,87.3
8,4096,314,86,83.8476
8,4096,314,88,84.2557
8,4096,314,90,87.6322
8,4096,314,92,88.2573
8,4096,314,94,85.8829
8,4096,314,96,84.0085
8,4096,314,98,86.3805
8,4096,314,100,85.973
8,4096,314,102,81.1368
8,4096,314,104,79.7789
8,4096,314,106,82.3162
8,4096,314,108,83.862
8,4096,314,110,82.5935
8,4096,314,112,80.8223
8,4096,314,114,83.9021
8,4096,314,116,82.0645
8,4096,314,118,83.6927
8,4096,314,120,82.7067
8,4096,314,122,80.9824
8,4096,314,124,82.9152
8,4096,314,126,81.492
8,4096,314,128,80.6724
8,4096,314,130,80.4037
8,4096,314,132,77.2328
8,4096,314,134,81.8862
8,4096,314,136,81.9297
8,4096,314,138,83.2627
8,4096,314,140,80.6928
8,4096,314,142,80.8096
8,4096,314,144,77.8588
8,4096,314,146,78.3292
8,4096,314,148,76.9709
8,4096,314,150,79.3969
8,4096,314,152,77.6658
8,4096,314,154,78.9844
8,4096,314,156,65.8286
8,4096,314,158,82.1896
8,4096,314,160,81.8263
8,4096,314,162,80.6146
8,4096,314,164,81.7582
8,4096,314,166,81.0063
8,4096,314,168,74.7797
8,4096,314,170,79.236
8,4096,314,172,78.8314
8,4096,314,174,81.4597
8,4096,314,176,80.0986
8,4096,314,178,79.8397
8,4096,314,180,80.5617
8,4096,314,182,75.6422
8,4096,314,184,78.6862
8,4096,314,186,81.7641
8,4096,314,188,79.3387
8,4096,314,190,79.5862
8,4096,314,192,71.5746
8,4096,314,194,75.401
8,4096,314,196,74.1153
8,4096,314,198,71.6931
8,4096,314,200,73.2869
8,4096,314,202,70.69
8,4096,314,204,70.8887
8,4096,314,206,72.82
8,4096,314,208,70.7086
8,4096,314,210,71.5071
8,4096,314,212,70.3491
8,4096,314,214,70.2518
8,4096,314,216,70.298
8,4096,314,218,69.1965
8,4096,314,220,69.358
8,4096,314,222,67.4574
8,4096,314,224,68.063
8,4096,314,226,70.3228
8,4096,314,228,67.5026
8,4096,314,230,66.8865
8,4096,314,232,69.1903
8,4096,314,234,68.3853
8,4096,314,236,69.2937
8,4096,314,238,65.1318
8,4096,314,240,64.001
8,4096,314,242,65.1073
8,4096,314,244,65.1892
8,4096,314,246,67.4115
8,4096,314,248,66.9871
8,4096,314,250,67.1855
8,4096,314,252,65.2326
8,4096,314,254,65.5143
8,4096,314,256,66.0899
8,4096,314,258,58.5447
8,4096,314,260,54.052
8,4096,314,262,63.5083
8,4096,314,264,60.7925
8,4096,314,266,68.1021
8,4096,314,268,67.1323
8,4096,314,270,69.5621
8,4096,314,272,69.0707
8,4096,314,274,69.2091
8,4096,314,276,67.988
8,4096,314,278,68.1561
8,4096,314,280,69.2384
8,4096,314,282,69.468
8,4096,314,284,70.5948
8,4096,314,286,69.3505
8,4096,314,288,68.2957
8,4096,314,290,66.331
8,4096,314,292,65.0164
8,4096,314,294,66.9248
8,4096,314,296,63.9535
8,4096,314,298,68.0937
8,4096,314,300,66.6659
8,4096,314,302,68.1016
8,4096,314,304,66.5646
8,4096,314,306,66.9909
8,4096,314,308,66.5281
8,4096,314,310,66.0709
8,4096,314,312,64.7641
8,4096,316,2,52.2057
8,4096,316,4,75.3327
8,4096,316,6,100.8621
8,4096,316,8,119.0427
8,4096,316,10,104.7285
8,4096,316,12,111.2555
8,4096,316,14,120.7645
8,4096,316,16,127.8358
8,4096,316,18,116.1633
8,4096,316,20,125.1212
8,4096,316,22,123.1779
8,4096,316,24,129.9019
8,4096,316,26,116.6939
8,4096,316,28,123.3977
8,4096,316,30,121.1559
8,4096,316,32,130.1997
8,4096,316,34,117.5472
8,4096,316,36,122.5424
8,4096,316,38,123.0657
8,4096,316,40,116.5433
8,4096,316,42,119.748
8,4096,316,44,113.0421
8,4096,316,46,119.9797
8,4096,316,48,102.0945
8,4096,316,50,95.5112
8,4096,316,52,95.1928
8,4096,316,54,98.5906
8,4096,316,56,99.1924
8,4096,316,58,99.3408
8,4096,316,60,95.7383
8,4096,316,62,95.3777
8,4096,316,64,90.8974
8,4096,316,66,94.9565
8,4096,316,68,89.4217
8,4096,316,70,96.5146
8,4096,316,72,91.6864
8,4096,316,74,93.5255
8,4096,316,76,89.6745
8,4096,316,78,93.1789
8,4096,316,80,95.2089
8,4096,316,82,93.0079
8,4096,316,84,90.8761
8,4096,316,86,90.3719
8,4096,316,88,90.1671
8,4096,316,90,90.7385
8,4096,316,92,92.533
8,4096,316,94,91.252
8,4096,316,96,89.9857
8,4096,316,98,92.5999
8,4096,316,100,91.2102
8,4096,316,102,91.6065
8,4096,316,104,88.7611
8,4096,316,106,90.4218
8,4096,316,108,91.8728
8,4096,316,110,89.9669
8,4096,316,112,91.154
8,4096,316,114,90.4587
8,4096,316,116,92.3599
8,4096,316,118,91.8883
8,4096,316,120,89.6694
8,4096,316,122,88.4602
8,4096,316,124,88.8848
8,4096,316,126,90.529
8,4096,316,128,89.5995
8,4096,316,130,89.8401
8,4096,316,132,86.4451
8,4096,316,134,88.4506
8,4096,316,136,89.1298
8,4096,316,138,90.3655
8,4096,316,140,89.3377
8,4096,316,142,87.884
8,4096,316,144,84.6769
8,4096,316,146,88.5845
8,4096,316,148,86.1676
8,4096,316,150,84.6386
8,4096,316,152,83.305
8,4096,316,154,84.7497
8,4096,316,156,84.8112
8,4096,316,158,86.0186
8,4096,316,160,85.7273
8,4096,316,162,89.1507
8,4096,316,164,85.7004
8,4096,316,166,89.1527
8,4096,316,168,88.5309
8,4096,316,170,87.7888
8,4096,316,172,87.7786
8,4096,316,174,87.034
8,4096,316,176,85.4618
8,4096,316,178,88.3703
8,4096,316,180,88.1012
8,4096,316,182,86.7015
8,4096,316,184,80.2328
8,4096,316,186,88.5049
8,4096,316,188,87.6276
8,4096,316,190,87.3081
8,4096,316,192,77.9417
8,4096,316,194,79.4481
8,4096,316,196,74.5835
8,4096,316,198,78.356
8,4096,316,200,76.9162
8,4096,316,202,79.6883
8,4096,316,204,76.7991
8,4096,316,206,73.5139
8,4096,316,208,74.4481
8,4096,316,210,79.0259
8,4096,316,212,77.2446
8,4096,316,214,77.8369
8,4096,316,216,75.1747
8,4096,316,218,73.3364
8,4096,316,220,76.8541
8,4096,316,222,74.1671
8,4096,316,224,72.9248
8,4096,316,226,76.0372
8,4096,316,228,74.564
8,4096,316,230,74.3701
8,4096,316,232,73.4798
8,4096,316,234,74.7702
8,4096,316,236,75.6931
8,4096,316,238,73.1862
8,4096,316,240,73.9582
8,4096,316,242,74.2537
8,4096,316,244,71.8783
8,4096,316,246,71.9091
8,4096,316,248,73.7485
8,4096,316,250,72.344
8,4096,316,252,67.9375
8,4096,316,254,71.5778
8,4096,316,256,73.8027
8,4096,316,258,71.6102
8,4096,316,260,73.0696
8,4096,316,262,72.4308
8,4096,316,264,70.5507
8,4096,316,266,71.1877
8,4096,316,268,70.154
8,4096,316,270,70.0426
8,4096,316,272,71.9602
8,4096,316,274,69.015
8,4096,316,276,70.1391
8,4096,316,278,72.1425
8,4096,316,280,69.9272
8,4096,316,282,72.42
8,4096,316,284,70.4504
8,4096,316,286,70.4651
8,4096,316,288,71.5902
8,4096,316,290,67.0643
8,4096,316,292,68.2454
8,4096,316,294,67.5252
8,4096,316,296,65.2195
8,4096,316,298,66.2574
8,4096,316,300,70.6039
8,4096,316,302,69.4162
8,4096,316,304,68.5768
8,4096,316,306,70.0537
8,4096,316,308,68.4462
8,4096,316,310,68.7082
8,4096,316,312,67.7548
8,4096,316,314,65.2869
8,4096,318,2,50.4952
8,4096,318,4,78.0439
8,4096,318,6,98.4179
8,4096,318,8,121.1399
8,4096,318,10,98.8764
8,4096,318,12,109.6625
8,4096,318,14,117.761
8,4096,318,16,135.6683
8,4096,318,18,117.8438
8,4096,318,20,123.2835
8,4096,318,22,129.0231
8,4096,318,24,126.9653
8,4096,318,26,123.601
8,4096,318,28,120.8726
8,4096,318,30,127.2798
8,4096,318,32,127.5091
8,4096,318,34,116.5307
8,4096,318,36,121.7402
8,4096,318,38,118.4008
8,4096,318,40,123.2984
8,4096,318,42,111.4566
8,4096,318,44,117.2781
8,4096,318,46,119.2048
8,4096,318,48,98.4525
8,4096,318,50,95.3656
8,4096,318,52,94.2935
8,4096,318,54,97.2815
8,4096,318,56,100.731
8,4096,318,58,95.7841
8,4096,318,60,91.9048
8,4096,318,62,89.3524
8,4096,318,64,91.1448
8,4096,318,66,92.2228
8,4096,318,68,93.8135
8,4096,318,70,90.4146
8,4096,318,72,91.0213
8,4096,318,74,92.7825
8,4096,318,76,92.0488
8,4096,318,78,90.4006
8,4096,318,80,92.3531
8,4096,318,82,92.1155
8,4096,318,84,91.7675
8,4096,318,86,88.7664
8,4096,318,88,90.721
8,4096,318,90,90.0351
8,4096,318,92,92.0175
8,4096,318,94,91.5861
8,4096,318,96,90.3922
8,4096,318,98,89.8362
8,4096,318,100,89.8063
8,4096,318,102,89.1363
8,4096,318,104,87.5041
8,4096,318,106,91.6088
8,4096,318,108,87.3958
8,4096,318,110,90.7096
8,4096,318,112,89.4782
8,4096,318,114,90.4057
8,4096,318,116,89.2929
8,4096,318,118,88.8999
8,4096,318,120,85.2018
8,4096,318,122,88.8529
8,4096,318,124,88.2845
8,4096,318,126,87.8178
8,4096,318,128,85.9213
8,4096,318,130,89.3841
8,4096,318,132,87.853
8,4096,318,134,87.9594
8,4096,318,136,87.5358
8,4096,318,138,89.0396
8,4096,318,140,86.6386
8,4096,318,142,86.9848
8,4096,318,144,85.5572
8,4096,318,146,86.7529
8,4096,318,148,85.2028
8,4096,318,150,85.345
8,4096,318,152,84.0532
8,4096,318,154,82.5892
8,4096,318,156,82.2353
8,4096,318,158,83.3178
8,4096,318,160,84.6615
8,4096,318,162,85.8378
8,4096,318,164,85.3559
8,4096,318,166,85.6722
8,4096,318,168,82.8905
8,4096,318,170,86.8241
8,4096,318,172,81.4575
8,4096,318,174,84.6219
8,4096,318,176,82.847
8,4096,318,178,84.757
8,4096,318,180,87.2823
8,4096,318,182,82.6704
8,4096,318,184,76.5357
8,4096,318,186,81.2562
8,4096,318,188,82.0744
8,4096,318,190,84.1539
8,4096,318,192,76.9571
8,4096,318,194,76.5223
8,4096,318,196,76.8465
8,4096,318,198,75.1417
8,4096,318,200,75.732
8,4096,318,202,72.8683
8,4096,318,204,75.032
8,4096,318,206,76.5217
8,4096,318,208,75.0459
8,4096,318,210,75.8012
8,4096,318,212,75.6361
8,4096,318,214,75.637
8,4096,318,216,73.3829
8,4096,318,218,74.6837
8,4096,318,220,73.3832
8,4096,318,222,73.9582
8,4096,318,224,74.7943
8,4096,318,226,74.3201
8,4096,318,228,73.5267
8,4096,318,230,73.4174
8,4096,318,232,74.1117
8,4096,318,234,72.5017
8,4096,318,236,73.042
8,4096,318,238,72.48
8,4096,318,240,72.4684
8,4096,318,242,71.5396
8,4096,318,244,72.4553
8,4096,318,246,70.0636
8,4096,318,248,71.3028
8,4096,318,250,71.369
8,4096,318,252,71.5157
8,4096,318,254,71.026
8,4096,318,256,72.6922
8,4096,318,258,68.89
8,4096,318,260,70.0536
8,4096,318,262,66.8255
8,4096,318,264,69.2921
8,4096,318,266,69.0986
8,4096,318,268,67.5898
8,4096,318,270,69.7813
8,4096,318,272,69.5667
8,4096,318,274,69.8535
8,4096,318,276,66.6668
8,4096,318,278,69.2385
8,4096,318,280,68.4568
8,4096,318,282,67.8102
8,4096,318,284,66.8163
8,4096,318,286,65.7418
8,4096,318,288,67.1019
8,4096,318,290,66.113
8,4096,318,292,66.5539
8,4096,318,294,65.1045
8,4096,318,296,66.5444
8,4096,318,298,67.7158
8,4096,318,300,67.3289
8,4096,318,302,67.8422
8,4096,318,304,69.6662
8,4096,318,306,67.8481
8,4096,318,308,68.6646
8,4096,318,310,65.3315
8,4096,318,312,66.0757
8,4096,318,314,60.7703
8,4096,318,316,62.9445
8,4096,320,2,52.7689
8,4096,320,4,73.5516
8,4096,320,6,97.5771
8,4096,320,8,111.9051
8,4096,320,10,100.7829
8,4096,320,12,117.0864
8,4096,320,14,124.1382
8,4096,320,16,120.6541
8,4096,320,18,120.7418
8,4096,320,20,120.9799
8,4096,320,22,128.5768
8,4096,320,24,129.8206
8,4096,320,26,120.4002
8,4096,320,28,122.9691
8,4096,320,30,117.3563
8,4096,320,32,128.3907
8,4096,320,34,116.9561
8,4096,320,36,120.3131
8,4096,320,38,121.3237
8,4096,320,40,113.1269
8,4096,320,42,118.657
8,4096,320,44,114.5112
8,4096,320,46,114.1596
8,4096,320,48,101.7578
8,4096,320,50,98.2664
8,4096,320,52,95.5987
8,4096,320,54,97.9575
8,4096,320,56,91.639
8,4096,320,58,92.3738
8,4096,320,60,91.488
8,4096,320,62,89.1827
8,4096,320,64,89.5038
8,4096,320,66,90.4984
8,4096,320,68,90.7273
8,4096,320,70,90.5394
8,4096,320,72,90.0921
8,4096,320,74,90.5384
8,4096,320,76,89.674
8,4096,320,78,89.7984
8,4096,320,80,91.5601
8,4096,320,82,90.6652
8,4096,320,84,90.742
8,4096,320,86,87.8674
8,4096,320,88,89.4575
8,4096,320,90,82.4681
8,4096,320,92,88.5315
8,4096,320,94,91.1959
8,4096,320,96,86.5905
8,4096,320,98,89.8527
8,4096,320,100,87.4033
8,4096,320,102,87.0408
8,4096,320,104,86.549
8,4096,320,106,85.958
8,4096,320,108,89.4178
8,4096,320,110,89.0142
8,4096,320,112,87.8658
8,4096,320,114,89.2888
8,4096,320,116,88.4802
8,4096,320,118,82.3539
8,4096,320,120,86.8961
8,4096,320,122,85.2972
8,4096,320,124,85.1953
8,4096,320,126,85.1796
8,4096,320,128,85.6637
8,4096,320,130,85.4599
8,4096,320,132,83.991
8,4096,320,134,83.6011
8,4096,320,136,82.236
8,4096,320,138,82.9112
8,4096,320,140,84.4491
8,4096,320,142,82.7358
8,4096,320,144,82.6967
8,4096,320,146,83.264
8,4096,320,148,82.2655
8,4096,320,150,83.2377
8,4096,320,152,82.0611
8,4096,320,154,81.1498
8,4096,320,156,78.51
8,4096,320,158,80.4707
8,4096,320,160,81.5296
8,4096,320,162,86.1704
8,4096,320,164,84.2869
8,4096,320,166,85.6189
8,4096,320,168,83.2167
8,4096,320,170,83.5703
8,4096,320,172,85.1203
8,4096,320,174,85.8466
8,4096,320,176,84.5921
8,4096,320,178,86.4369
8,4096,320,180,85.5756
8,4096,320,182,82.9217
8,4096,320,184,79.6437
8,4096,320,186,83.7898
8,4096,320,188,82.2761
8,4096,320,190,84.574
8,4096,320,192,78.8693
8,4096,320,194,77.7614
8,4096,320,196,74.415
8,4096,320,198,74.8437
8,4096,320,200,77.8693
8,4096,320,202,77.513
8,4096,320,204,74.2537
8,4096,320,206,75.7412
8,4096,320,208,77.0603
8,4096,320,210,74.374
8,4096,320,212,74.5922
8,4096,320,214,72.8764
8,4096,320,216,75.5082
8,4096,320,218,73.4698
8,4096,320,220,73.5881
8,4096,320,222,74.5403
8,4096,320,224,71.5648
8,4096,320,226,72.7292
8,4096,320,228,72.1642
8,4096,320,230,72.8853
8,4096,320,232,72.9243
8,4096,320,234,72.7581
8,4096,320,236,71.6032
8,4096,320,238,71.654
8,4096,320,240,72.8014
8,4096,320,242,70.5168
8,4096,320,244,70.8839
8,4096,320,246,71.4876
8,4096,320,248,70.918
8,4096,320,250,69.3878
8,4096,320,252,69.7528
8,4096,320,254,69.538
8,4096,320,256,70.5413
8,4096,320,258,68.6232
8,4096,320,260,70.1516
8,4096,320,262,69.0912
8,4096,320,264,70.8167
8,4096,320,266,67.868
8,4096,320,268,67.4008
8,4096,320,270,67.5459
8,4096,320,272,70.3001
8,4096,320,274,68.5201
8,4096,320,276,69.1431
8,4096,320,278,68.1784
8,4096,320,280,67.3706
8,4096,320,282,64.335
8,4096,320,284,67.1635
8,4096,320,286,69.0248
8,4096,320,288,67.6835
8,4096,320,290,66.5253
8,4096,320,292,65.0122
8,4096,320,294,66.0038
8,4096,320,296,64.3886
8,4096,320,298,67.3071
8,4096,320,300,64.7502
8,4096,320,302,65.4307
8,4096,320,304,65.9495
8,4096,320,306,66.8764
8,4096,320,308,68.4767
8,4096,320,310,65.7158
8,4096,320,312,68.176
8,4096,320,314,62.8549
8,4096,320,316,60.6514
8,4096,320,318,60.0772
8,4096,322,2,53.2735
8,4096,322,4,76.8234
8,4096,322,6,97.4021
8,4096,322,8,117.4428
8,4096,322,10,104.8729
8,4096,322,12,116.77
8,4096,322,14,121.5329
8,4096,322,16,128.573
8,4096,322,18,112.5724
8,4096,322,20,118.5451
8,4096,322,22,127.5741
8,4096,322,24,124.8292
8,4096,322,26,120.1684
8,4096,322,28,116.3098
8,4096,322,30,116.9851
8,4096,322,32,120.2518
8,4096,322,34,112.8822
8,4096,322,36,122.9354
8,4096,322,38,118.0293
8,4096,322,40,119.7364
8,4096,322,42,104.9597
8,4096,322,44,110.8472
8,4096,322,46,112.1783
8,4096,322,48,99.665
8,4096,322,50,96.064
8,4096,322,52,90.969
8,4096,322,54,96.2083
8,4096,322,56,95.162
8,4096,322,58,94.5558
8,4096,322,60,91.2522
8,4096,322,62,89.9495
8,4096,322,64,88.87
8,4096,322,66,90.9002
8,4096,322,68,89.1861
8,4096,322,70,90.7943
8,4096,322,72,90.4313
8,4096,322,74,87.8149
8,4096,322,76,88.6807
8,4096,322,78,87.4193
8,4096,322,80,86.4467
8,4096,322,82,89.6782
8,4096,322,84,88.4082
8,4096,322,86,87.4253
8,4096,322,88,88.0226
8,4096,322,90,87.3586
8,4096,322,92,87.6722
8,4096,322,94,88.7997
8,4096,322,96,83.7274
8,4096,322,98,89.7389
8,4096,322,100,84.5243
8,4096,322,102,86.1702
8,4096,322,104,85.8623
8,4096,322,106,84.8264
8,4096,322,108,86.0246
8,4096,322,110,84.9345
8,4096,322,112,84.2188
8,4096,322,114,84.9699
8,4096,322,116,85.1536
8,4096,322,118,84.7077
8,4096,322,120,83.7203
8,4096,322,122,85.8445
8,4096,322,124,85.7259
8,4096,322,126,82.6752
8,4096,322,128,83.8396
8,4096,322,130,82.5902
8,4096,322,132,84.4165
8,4096,322,134,83.3848
8,4096,322,136,78.8035
8,4096,322,138,82.5081
8,4096,322,140,83.6352
8,4096,322,142,83.5037
8,4096,322,144,83.6137
8,4096,322,146,83.2172
8,4096,322,148,83.2616
8,4096,322,150,81.028
8,4096,322,152,76.9282
8,4096,322,154,78.9566
8,4096,322,156,77.7132
8,4096,322,158,79.5256
8,4096,322,160,79.3639
8,4096,322,162,82.0854
8,4096,322,164,82.1953
8,4096,322,166,82.2535
8,4096,322,168,82.23
8,4096,322,170,85.4042
8,4096,322,172,81.2575
8,4096,322,174,81.5837
8,4096,322,176,82.189
8,4096,322,178,86.1165
8,4096,322,180,73.351
8,4096,322,182,78.7331
8,4096,322,184,80.9801
8,4096,322,186,83.1927
8,4096,322,188,82.6667
8,4096,322,190,84.2303
8,4096,322,192,76.3874
8,4096,322,194,75.4437
8,4096,322,196,75.0822
8,4096,322,198,76.9135
8,4096,322,200,75.9471
8,4096,322,202,74.4561
8,4096,322,204,75.3588
8,4096,322,206,75.3159
8,4096,322,208,74.0741
8,4096,322,210,73.5724
8,4096,322,212,73.5076
8,4096,322,214,72.8412
8,4096,322,216,72.551
8,4096,322,218,73.362
8,4096,322,220,70.3456
8,4096,322,222,72.3184
8,4096,322,224,74.6947
8,4096,322,226,71.4092
8,4096,322,228,72.7315
8,4096,322,230,70.5848
8,4096,322,232,72.1495
8,4096,322,234,70.8386
8,4096,322,236,70.8189
8,4096,322,238,70.5809
8,4096,322,240,71.5119
8,4096,322,242,70.602
8,4096,322,244,69.6053
8,4096,322,246,69.6139
8,4096,322,248,68.9007
8,4096,322,250,70.2456
8,4096,322,252,68.8753
8,4096,322,254,71.736
8,4096,322,256,68.112
8,4096,322,258,70.3851
8,4096,322,260,68.522
8,4096,322,262,68.3798
8,4096,322,264,68.8651
8,4096,322,266,67.7226
8,4096,322,268,68.4968
8,4096,322,270,67.1325
8,4096,322,272,66.4461
8,4096,322,274,66.899
8,4096,322,276,67.5661
8,4096,322,278,67.1549
8,4096,322,280,68.329
8,4096,322,282,65.1946
8,4096,322,284,68.3638
8,4096,322,286,66.7239
8,4096,322,288,67.6186
8,4096,322,290,63.0623
8,4096,322,292,65.6168
8,4096,322,294,64.6281
8,4096,322,296,65.7132
8,4096,322,298,64.0383
8,4096,322,300,63.8133
8,4096,322,302,64.5734
8,4096,322,304,64.025
8,4096,322,306,66.3729
8,4096,322,308,64.6401
8,4096,322,310,66.6902
8,4096,322,312,65.1083
8,4096,322,314,60.0415
8,4096,322,316,61.4601
8,4096,322,318,60.3524
8,4096,322,320,60.1548
8,4096,324,2,51.8286
8,4096,324,4,76.0657
8,4096,324,6,92.809
8,4096,324,8,119.1671
8,4096,324,10,101.0931
8,4096,324,12,99.4764
8,4096,324,14,122.3659
8,4096,324,16,127.7779
8,4096,324,18,115.2431
8,4096,324,20,119.2003
8,4096,324,22,122.8478
8,4096,324,24,127.5208
8,4096,324,26,120.5797
8,4096,324,28,107.5644
8,4096,324,30,120.9578
8,4096,324,32,120.3897
8,4096,324,34,112.8394
8,4096,324,36,117.9259
8,4096,324,38,114.0607
8,4096,324,40,117.5181
8,4096,324,42,113.8909
8,4096,324,44,108.8992
8,4096,324,46,101.9161
8,4096,324,48,90.2604
8,4096,324,50,95.0037
8,4096,324,52,89.9137
8,4096,324,54,93.6542
8,4096,324,56,93.9437
8,4096,324,58,92.2381
8,4096,324,60,91.9062
8,4096,324,62,89.3593
8,4096,324,64,86.7822
8,4096,324,66,91.8534
8,4096,324,68,89.1507
8,4096,324,70,91.1482
8,4096,324,72,90.1338
8,4096,324,74,90.049
8,4096,324,76,86.5293
8,4096,324,78,87.4484
8,4096,324,80,84.6293
8,4096,324,82,89.2448
8,4096,324,84,89.5766
8,4096,324,86,89.502
8,4096,324,88,87.5978
8,4096,324,90,88.4967
8,4096,324,92,86.1415
8,4096,324,94,88.1641
8,4096,324,96,85.9763
8,4096,324,98,88.1881
8,4096,324,100,85.3608
8,4096,324,102,86.609
8,4096,324,104,84.521
8,4096,324,106,83.9532
8,4096,324,108,88.5901
8,4096,324,110,84.3878
8,4096,324,112,87.0238
8,4096,324,114,85.1969
8,4096,324,116,84.9186
8,4096,324,118,85.6968
8,4096,324,120,83.4401
8,4096,324,122,84.2908
8,4096,324,124,82.2491
8,4096,324,126,72.8597
8,4096,324,128,76.9177
8,4096,324,130,77.3655
8,4096,324,132,76.2354
8,4096,324,134,74.7926
8,4096,324,136,82.046
8,4096,324,138,82.805
8,4096,324,140,84.8282
8,4096,324,142,81.9966
8,4096,324,144,80.5614
8,4096,324,146,80.3841
8,4096,324,148,80.1754
8,4096,324,150,82.2633
8,4096,324,152,75.8437
8,4096,324,154,72.9018
8,4096,324,156,74.8985
8,4096,324,158,76.9948
8,4096,324,160,76.7126
8,4096,324,162,82.7665
8,4096,324,164,80.8273
8,4096,324,166,82.718
8,4096,324,168,82.0803
8,4096,324,170,85.5623
8,4096,324,172,83.1394
8,4096,324,174,82.9025
8,4096,324,176,79.4987
8,4096,324,178,80.0977
8,4096,324,180,81.0461
8,4096,324,182,81.0087
8,4096,324,184,80.4159
8,4096,324,186,82.9653
8,4096,324,188,81.7304
8,4096,324,190,80.6712
8,4096,324,192,73.4527
8,4096,324,194,74.659
8,4096,324,196,75.5897
8,4096,324,198,73.539
8,4096,324,200,74.2608
8,4096,324,202,74.9928
8,4096,324,204,76.56
8,4096,324,206,73.4276
8,4096,324,208,73.9372
8,4096,324,210,75.1632
8,4096,324,212,72.1714
8,4096,324,214,71.8704
8,4096,324,216,73.3019
8,4096,324,218,70.4016
8,4096,324,220,72.7893
8,4096,324,222,72.5989
8,4096,324,224,70.9915
8,4096,324,226,72.8212
8,4096,324,228,70.6887
8,4096,324,230,70.3837
8,4096,324,232,72.5592
8,4096,324,234,69.6477
8,4096,324,236,72.3902
8,4096,324,238,69.9127
8,4096,324,240,67.8417
8,4096,324,242,70.599
8,4096,324,244,68.9167
8,4096,324,246,70.2194
8,4096,324,248,68.6481
8,4096,324,250,69.7457
8,4096,324,252,68.8249
8,4096,324,254,67.7784
8,4096,324,256,69.0463
8,4096,324,258,67.4231
8,4096,324,260,67.4654
8,4096,324,262,67.2354
8,4096,324,264,68.7794
8,4096,324,266,66.8516
8,4096,324,268,68.3398
8,4096,324,270,65.7532
8,4096,324,272,66.7021
8,4096,324,274,66.1788
8,4096,324,276,66.3101
8,4096,324,278,66.0587
8,4096,324,280,67.2287
8,4096,324,282,64.1372
8,4096,324,284,66.4467
8,4096,324,286,65.734
8,4096,324,288,66.2935
8,4096,324,290,64.5158
8,4096,324,292,64.1056
8,4096,324,294,63.8916
8,4096,324,296,63.5197
8,4096,324,298,66.0162
8,4096,324,300,63.574
8,4096,324,302,61.2496
8,4096,324,304,64.9851
8,4096,324,306,65.7844
8,4096,324,308,66.9034
8,4096,324,310,65.6023
8,4096,324,312,66.7963
8,4096,324,314,60.9726
8,4096,324,316,59.8809
8,4096,324,318,61.2022
8,4096,324,320,45.3522
8,4096,324,322,55.577
8,4096,326,2,47.1522
8,4096,326,4,71.7787
8,4096,326,6,91.1689
8,4096,326,8,119.7643
8,4096,326,10,100.7296
8,4096,326,12,116.5476
8,4096,326,14,119.0996
8,4096,326,16,130.2237
8,4096,326,18,117.4106
8,4096,326,20,120.5626
8,4096,326,22,118.5267
8,4096,326,24,128.6809
8,4096,326,26,121.617
8,4096,326,28,108.1499
8,4096,326,30,119.7486
8,4096,326,32,122.2252
8,4096,326,34,118.5499
8,4096,326,36,115.6746
8,4096,326,38,119.7978
8,4096,326,40,121.3895
8,4096,326,42,112.7972
8,4096,326,44,116.6548
8,4096,326,46,99.4115
8,4096,326,48,93.6223
8,4096,326,50,95.3807
8,4096,326,52,95.0228
8,4096,326,54,89.0782
8,4096,326,56,90.6617
8,4096,326,58,94.8433
8,4096,326,60,92.3174
8,4096,326,62,93.6924
8,4096,326,64,90.3057
8,4096,326,66,90.3412
8,4096,326,68,90.7413
8,4096,326,70,94.3912
8,4096,326,72,92.2991
8,4096,326,74,91.6451
8,4096,326,76,90.9242
8,4096,326,78,90.5867
8,4096,326,80,89.6473
8,4096,326,82,92.8787
8,4096,326,84,92.3765
8,4096,326,86,87.2904
8,4096,326,88,87.3769
8,4096,326,90,90.4738
8,4096,326,92,90.5346
8,4096,326,94,90.7579
8,4096,326,96,91.0298
8,4096,326,98,91.3232
8,4096,326,100,91.1308
8,4096,326,102,89.9023
8,4096,326,104,88.6084
8,4096,326,106,88.6177
8,4096,326,108,88.1043
8,4096,326,110,88.0985
8,4096,326,112,90.3678
8,4096,326,114,86.4711
8,4096,326,116,90.2686
8,4096,326,118,80.7063
8,4096,326,120,87.2952
8,4096,326,122,86.677
8,4096,326,124,85.1745
8,4096,326,126,85.3434
8,4096,326,128,84.7194
8,4096,326,130,86.0131
8,4096,326,132,78.8782
8,4096,326,134,83.1489
8,4096,326,136,85.9706
8,4096,326,138,86.6918
8,4096,326,140,85.9344
8,4096,326,142,87.3675
8,4096,326,144,84.8512
8,4096,326,146,85.335
8,4096,326,148,80.1598
8,4096,326,150,83.624
8,4096,326,152,83.0045
8,4096,326,154,81.8701
8,4096,326,156,79.0147
8,4096,326,158,80.8238
8,4096,326,160,78.8969
8,4096,326,162,80.1193
8,4096,326,164,81.1557
8,4096,326,166,87.5329
8,4096,326,168,86.3654
8,4096,326,170,89.2048
8,4096,326,172,87.1278
8,4096,326,174,86.5269
8,4096,326,176,84.3386
8,4096,326,178,87.1303
8,4096,326,180,85.8638
8,4096,326,182,83.2507
8,4096,326,184,80.5695
8,4096,326,186,85.124
8,4096,326,188,84.4239
8,4096,326,190,84.7642
8,4096,326,192,80.1167
8,4096,326,194,79.2341
8,4096,326,196,76.8418
8,4096,326,198,78.0368
8,4096,326,200,76.8802
8,4096,326,202,77.9166
8,4096,326,204,76.4577
8,4096,326,206,75.7074
8,4096,326,208,77.2511
8,4096,326,210,77.8779
8,4096,326,212,74.7315
8,4096,326,214,76.6171
8,4096,326,216,76.7639
8,4096,326,218,76.7942
8,4096,326,220,74.5058
8,4096,326,222,75.1691
8,4096,326,224,75.4707
8,4096,326,226,73.6825
8,4096,326,228,72.1883
8,4096,326,230,74.4834
8,4096,326,232,73.1499
8,4096,326,234,74.8339
8,4096,326,236,72.3492
8,4096,326,238,72.4065
8,4096,326,240,73.6073
8,4096,326,242,71.5803
8,4096,326,244,71.1264
8,4096,326,246,73.6984
8,4096,326,248,71.6371
8,4096,326,250,70.2508
8,4096,326,252,71.3615
8,4096,326,254,73.0186
8,4096,326,256,72.2184
8,4096,326,258,70.1964
8,4096,326,260,71.0371
8,4096,326,262,69.1651
8,4096,326,264,69.948
8,4096,326,266,69.5633
8,4096,326,268,68.8529
8,4096,326,270,68.8496
8,4096,326,272,69.3894
8,4096,326,274,70.2208
8,4096,326,276,68.154
8,4096,326,278,68.3175
8,4096,326,280,68.603
8,4096,326,282,68.1378
8,4096,326,284,67.7937
8,4096,326,286,69.1997
8,4096,326,288,67.7202
8,4096,326,290,67.1216
8,4096,326,292,67.2505
8,4096,326,294,68.2999
8,4096,326,296,65.5457
8,4096,326,298,67.2475
8,4096,326,300,65.3603
8,4096,326,302,66.4708
8,4096,326,304,67.4252
8,4096,326,306,67.5739
8,4096,326,308,68.2676
8,4096,326,310,66.914
8,4096,326,312,67.1128
8,4096,326,314,62.0227
8,4096,326,316,61.8158
8,4096,326,318,63.5025
8,4096,326,320,62.1044
8,4096,326,322,62.5728
8,4096,326,324,63.9636
8,4096,328,2,52.2563
8,4096,328,4,76.7906
8,4096,328,6,98.9185
8,4096,328,8,115.5067
8,4096,328,10,96.0913
8,4096,328,12,114.6792
8,4096,328,14,122.7484
8,4096,328,16,123.5864
8,4096,328,18,116.2251
8,4096,328,20,118.4693
8,4096,328,22,112.7723
8,4096,328,24,121.56
8,4096,328,26,119.8189
8,4096,328,28,116.3135
8,4096,328,30,123.6881
8,4096,328,32,120.7192
8,4096,328,34,109.784
8,4096,328,36,115.8217
8,4096,328,38,116.5603
8,4096,328,40,111.8694
8,4096,328,42,101.311
8,4096,328,44,103.4245
8,4096,328,46,110.2268
8,4096,328,48,94.3657
8,4096,328,50,87.0314
8,4096,328,52,88.548
8,4096,328,54,91.1791
8,4096,328,56,91.1375
8,4096,328,58,91.8066
8,4096,328,60,88.7657
8,4096,328,62,88.6792
8,4096,328,64,88.854
8,4096,328,66,91.5873
8,4096,328,68,90.4585
8,4096,328,70,90.3185
8,4096,328,72,90.0762
8,4096,328,74,89.461
8,4096,328,76,88.3755
8,4096,328,78,87.9414
8,4096,328,80,86.8118
8,4096,328,82,87.0573
8,4096,328,84,85.6982
8,4096,328,86,85.1042
8,4096,328,88,83.9726
8,4096,328,90,83.8557
8,4096,328,92,86.2311
8,4096,328,94,86.7313
8,4096,328,96,87.6363
8,4096,328,98,85.9376
8,4096,328,100,85.9567
8,4096,328,102,86.7432
8,4096,328,104,86.1188
8,4096,328,106,85.5055
8,4096,328,108,80.3371
8,4096,328,110,83.3419
8,4096,328,112,85.7922
8,4096,328,114,84.2922
8,4096,328,116,84.5222
8,4096,328,118,85.1767
8,4096,328,120,83.9124
8,4096,328,122,85.2376
8,4096,328,124,85.7756
8,4096,328,126,81.3793
8,4096,328,128,84.1217
8,4096,328,130,81.6765
8,4096,328,132,81.2438
8,4096,328,134,81.4693
8,4096,328,136,82.1452
8,4096,328,138,81.9536
8,4096,328,140,83.822
8,4096,328,142,86.5887
8,4096,328,144,80.398
8,4096,328,146,81.3002
8,4096,328,148,78.7655
8,4096,328,150,80.8741
8,4096,328,152,78.8336
8,4096,328,154,77.5723
8,4096,328,156,77.0352
8,4096,328,158,79.1677
8,4096,328,160,74.4506
8,4096,328,162,80.4878
8,4096,328,164,81.8913
8,4096,328,166,80.2613
8,4096,328,168,81.8062
8,4096,328,170,81.9763
8,4096,328,172,81.2634
8,4096,328,174,83.6947
8,4096,328,176,81.1196
8,4096,328,178,84.5569
8,4096,328,180,77.9235
8,4096,328,182,80.0768
8,4096,328,184,77.9726
8,4096,328,186,83.8032
8,4096,328,188,80.537
8,4096,328,190,81.874
8,4096,328,192,74.8372
8,4096,328,194,75.5017
8,4096,328,196,75.5986
8,4096,328,198,76.5499
8,4096,328,200,76.0718
8,4096,328,202,76.764
8,4096,328,204,75.7799
8,4096,328,206,75.1255
8,4096,328,208,74.3862
8,4096,328,210,72.895
8,4096,328,212,74.2654
8,4096,328,214,73.2729
8,4096,328,216,74.8684
8,4096,328,218,71.3735
8,4096,328,220,71.5222
8,4096,328,222,72.5081
8,4096,328,224,72.3999
8,4096,328,226,70.4557
8,4096,328,228,68.9052
8,4096,328,230,71.5147
8,4096,328,232,72.6862
8,4096,328,234,71.277
8,4096,328,236,70.7028
8,4096,328,238,70.6823
8,4096,328,240,71.0893
8,4096,328,242,70.3687
8,4096,328,244,68.0095
8,4096,328,246,70.3762
8,4096,328,248,69.3039
8,4096,328,250,69.7522
8,4096,328,252,70.167
8,4096,328,254,68.269
8,4096,328,256,70.6114
8,4096,328,258,68.4736
8,4096,328,260,69.5132
8,4096,328,262,68.83
8,4096,328,264,69.9598
8,4096,328,266,67.1588
8,4096,328,268,68.6386
8,4096,328,270,67.6193
8,4096,328,272,69.0826
8,4096,328,274,66.1664
8,4096,328,276,67.9365
8,4096,328,278,66.774
8,4096,328,280,68.3921
8,4096,328,282,67.255
8,4096,328,284,67.7643
8,4096,328,286,64.8705
8,4096,328,288,64.0273
8,4096,328,290,65.5187
8,4096,328,292,66.2944
8,4096,328,294,64.5904
8,4096,328,296,65.8715
8,4096,328,298,64.4977
8,4096,328,300,64.9627
8,4096,328,302,65.8244
8,4096,328,304,65.4783
8,4096,328,306,65.32
8,4096,328,308,61.5424
8,4096,328,310,62.7416
8,4096,328,312,64.8676
8,4096,328,314,61.0731
8,4096,328,316,61.4029
8,4096,328,318,62.5336
8,4096,328,320,62.3486
8,4096,328,322,61.7818
8,4096,328,324,62.9892
8,4096,328,326,60.6204
8,4096,330,2,52.8839
8,4096,330,4,75.7273
8,4096,330,6,100.7799
8,4096,330,8,118.2638
8,4096,330,10,105.5511
8,4096,330,12,110.697
8,4096,330,14,117.5302
8,4096,330,16,128.0791
8,4096,330,18,101.5359
8,4096,330,20,113.2315
8,4096,330,22,121.1774
8,4096,330,24,125.6653
8,4096,330,26,105.4802
8,4096,330,28,121.812
8,4096,330,30,117.838
8,4096,330,32,115.4454
8,4096,330,34,115.524
8,4096,330,36,102.9315
8,4096,330,38,107.3695
8,4096,330,40,117.2257
8,4096,330,42,112.4107
8,4096,330,44,107.2681
8,4096,330,46,105.1357
8,4096,330,48,97.0208
8,4096,330,50,95.4704
8,4096,330,52,93.2021
8,4096,330,54,93.1916
8,4096,330,56,94.1561
8,4096,330,58,92.0289
8,4096,330,60,90.9627
8,4096,330,62,88.3379
8,4096,330,64,88.6629
8,4096,330,66,86.1409
8,4096,330,68,89.0948
8,4096,330,70,88.8529
8,4096,330,72,88.8033
8,4096,330,74,89.6852
8,4096,330,76,88.5197
8,4096,330,78,87.1238
8,4096,330,80,84.8481
8,4096,330,82,86.0185
8,4096,330,84,87.1859
8,4096,330,86,86.3189
8,4096,330,88,85.3766
8,4096,330,90,83.0383
8,4096,330,92,84.6876
8,4096,330,94,81.0982
8,4096,330,96,84.706
8,4096,330,98,86.0474
8,4096,330,100,84.7414
8,4096,330,102,85.147
8,4096,330,104,84.8277
8,4096,330,106,84.6875
8,4096,330,108,85.345
8,4096,330,110,87.2319
8,4096,330,112,83.4282
8,4096,330,114,83.7291
8,4096,330,116,82.816
8,4096,330,118,84.4557
8,4096,330,120,82.8452
8,4096,330,122,82.6865
8,4096,330,124,83.8025
8,4096,330,126,84.4178
8,4096,330,128,84.0686
8,4096,330,130,83.9976
8,4096,330,132,82.7835
8,4096,330,134,81.6915
8,4096,330,136,79.9988
8,4096,330,138,79.5525
8,4096,330,140,82.3447
8,4096,330,142,82.3021
8,4096,330,144,82.8219
8,4096,330,146,79.9113
8,4096,330,148,81.5819
8,4096,330,150,79.5601
8,4096,330,152,78.8707
8,4096,330,154,79.8883
8,4096,330,156,77.7106
8,4096,330,158,79.5159
8,4096,330,160,78.0595
8,4096,330,162,78.8348
8,4096,330,164,77.105
8,4096,330,166,83.2479
8,4096,330,168,82.8118
8,4096,330,170,86.2757
8,4096,330,172,84.4792
8,4096,330,174,83.1873
8,4096,330,176,77.8445
8,4096,330,178,83.4051
8,4096,330,180,82.9486
8,4096,330,182,82.5405
8,4096,330,184,82.3999
8,4096,330,186,82.5685
8,4096,330,188,85.1315
8,4096,330,190,84.3687
8,4096,330,192,71.5494
8,4096,330,194,74.8174
8,4096,330,196,75.3088
8,4096,330,198,74.3983
8,4096,330,200,74.5249
8,4096,330,202,75.6814
8,4096,330,204,75.1042
8,4096,330,206,72.6622
8,4096,330,208,74.6508
8,4096,330,210,72.5594
8,4096,330,212,73.3031
8,4096,330,214,72.8634
8,4096,330,216,71.7763
8,4096,330,218,72.3193
8,4096,330,220,74.1885
8,4096,330,222,71.7219
8,4096,330,224,71.9674
8,4096,330,226,73.4323
8,4096,330,228,70.6598
8,4096,330,230,71.3972
8,4096,330,232,71.5715
8,4096,330,234,72.1896
8,4096,330,236,71.0796
8,4096,330,238,70.3709
8,4096,330,240,68.9767
8,4096,330,242,70.5263
8,4096,330,244,69.1898
8,4096,330,246,70.3548
8,4096,330,248,68.4668
8,4096,330,250,67.0883
8,4096,330,252,68.9755
8,4096,330,254,69.9386
8,4096,330,256,68.6199
8,4096,330,258,69.6226
8,4096,330,260,68.266
8,4096,330,262,67.9839
8,4096,330,264,68.6971
8,4096,330,266,67.6623
8,4096,330,268,67.4279
8,4096,330,270,67.5189
8,4096,330,272,69.2173
8,4096,330,274,63.6834
8,4096,330,276,65.8795
8,4096,330,278,67.098
8,4096,330,280,68.1311
8,4096,330,282,66.1387
8,4096,330,284,69.0047
8,4096,330,286,67.0684
8,4096,330,288,68.5795
8,4096,330,290,63.6984
8,4096,330,292,64.7037
8,4096,330,294,64.8955
8,4096,330,296,64.747
8,4096,330,298,66.4056
8,4096,330,300,65.4136
8,4096,330,302,65.6639
8,4096,330,304,65.1906
8,4096,330,306,66.3921
8,4096,330,308,64.592
8,4096,330,310,64.2254
8,4096,330,312,64.3568
8,4096,330,314,62.6935
8,4096,330,316,61.4468
8,4096,330,318,61.8586
8,4096,330,320,62.0156
8,4096,330,322,61.6164
8,4096,330,324,63.6506
8,4096,330,326,61.9632
8,4096,330,328,62.6281
8,4096,332,2,52.0338
8,4096,332,4,75.9481
8,4096,332,6,90.1578
8,4096,332,8,116.0695
8,4096,332,10,104.5925
8,4096,332,12,103.0744
8,4096,332,14,118.1507
8,4096,332,16,128.5901
8,4096,332,18,116.548
8,4096,332,20,114.4783
8,4096,332,22,110.5851
8,4096,332,24,125.5331
8,4096,332,26,115.4897
8,4096,332,28,114.768
8,4096,332,30,109.8549
8,4096,332,32,116.0941
8,4096,332,34,110.8254
8,4096,332,36,103.9992
8,4096,332,38,112.0564
8,4096,332,40,107.1797
8,4096,332,42,111.2036
8,4096,332,44,111.2523
8,4096,332,46,110.55
8,4096,332,48,95.1674
8,4096,332,50,93.5874
8,4096,332,52,92.1885
8,4096,332,54,91.3369
8,4096,332,56,92.5515
8,4096,332,58,94.2575
8,4096,332,60,92.8308
8,4096,332,62,91.5288
8,4096,332,64,87.0518
8,4096,332,66,88.9401
8,4096,332,68,89.5839
8,4096,332,70,90.2927
8,4096,332,72,89.874
8,4096,332,74,87.1338
8,4096,332,76,87.3582
8,4096,332,78,85.0556
8,4096,332,80,85.5272
8,4096,332,82,83.4428
8,4096,332,84,88.7946
8,4096,332,86,86.1746
8,4096,332,88,87.6444
8,4096,332,90,88.5653
8,4096,332,92,86.7873
8,4096,332,94,85.5612
8,4096,332,96,83.6253
8,4096,332,98,86.1314
8,4096,332,100,85.1311
8,4096,332,102,83.5018
8,4096,332,104,82.4859
8,4096,332,106,82.4397
8,4096,332,108,84.2892
8,4096,332,110,84.5402
8,4096,332,112,86.1073
8,4096,332,114,87.5378
8,4096,332,116,85.2698
8,4096,332,118,86.7453
8,4096,332,120,82.695
8,4096,332,122,84.5222
8,4096,332,124,82.1792
8,4096,332,126,84.8684
8,4096,332,128,77.8071
8,4096,332,130,83.9468
8,4096,332,132,85.1804
8,4096,332,134,82.028
8,4096,332,136,80.4564
8,4096,332,138,79.577
8,4096,332,140,81.8178
8,4096,332,142,82.9286
8,4096,332,144,83.4565
8,4096,332,146,84.9016
8,4096,332,148,82.662
8,4096,332,150,80.6155
8,4096,332,152,80.3665
8,4096,332,154,82.1935
8,4096,332,156,81.5307
8,4096,332,158,82.2071
8,4096,332,160,78.8226
8,4096,332,162,76.9118
8,4096,332,164,80.5361
8,4096,332,166,84.244
8,4096,332,168,82.7441
8,4096,332,170,86.2639
8,4096,332,172,82.1403
8,4096,332,174,81.9294
8,4096,332,176,81.8479
8,4096,332,178,85.6042
8,4096,332,180,84.5169
8,4096,332,182,83.346
8,4096,332,184,80.5856
8,4096,332,186,80.9545
8,4096,332,188,81.6066
8,4096,332,190,82.4127
8,4096,332,192,77.3923
8,4096,332,194,76.4779
8,4096,332,196,75.6933
8,4096,332,198,74.0811
8,4096,332,200,75.6864
8,4096,332,202,73.7475
8,4096,332,204,74.6286
8,4096,332,206,73.9031
8,4096,332,208,72.9456
8,4096,332,210,74.2015
8,4096,332,212,75.9002
8,4096,332,214,69.7167
8,4096,332,216,72.0759
8,4096,332,218,74.6861
8,4096,332,220,72.7715
8,4096,332,222,74.0566
8,4096,332,224,71.273
8,4096,332,226,71.2933
8,4096,332,228,73.8371
8,4096,332,230,69.1788
8,4096,332,232,73.0773
8,4096,332,234,71.3404
8,4096,332,236,71.327
8,4096,332,238,67.109
8,4096,332,240,66.1077
8,4096,332,242,64.5365
8,4096,332,244,67.7377
8,4096,332,246,69.4875
8,4096,332,248,70.2251
8,4096,332,250,68.7463
8,4096,332,252,66.3184
8,4096,332,254,63.1885
8,4096,332,256,69.8496
8,4096,332,258,67.673
8,4096,332,260,64.7448
8,4096,332,262,61.0935
8,4096,332,264,63.5433
8,4096,332,266,67.7057
8,4096,332,268,68.3961
8,4096,332,270,66.7581
8,4096,332,272,68.1297
8,4096,332,274,66.3114
8,4096,332,276,68.1654
8,4096,332,278,66.6975
8,4096,332,280,68.3722
8,4096,332,282,66.2458
8,4096,332,284,66.9864
8,4096,332,286,67.5983
8,4096,332,288,64.6914
8,4096,332,290,65.7464
8,4096,332,292,65.183
8,4096,332,294,64.0491
8,4096,332,296,66.6584
8,4096,332,298,64.1962
8,4096,332,300,65.7045
8,4096,332,302,63.9927
8,4096,332,304,65.1243
8,4096,332,306,65.6586
8,4096,332,308,62.3953
8,4096,332,310,62.9769
8,4096,332,312,65.4331
8,4096,332,314,61.2863
8,4096,332,316,57.9287
8,4096,332,318,62.1977
8,4096,332,320,61.0814
8,4096,332,322,60.3217
8,4096,332,324,60.0479
8,4096,332,326,59.0458
8,4096,332,328,60.3994
8,4096,332,330,61.6854
8,4096,334,2,51.7558
8,4096,334,4,73.0549
8,4096,334,6,97.5568
8,4096,334,8,116.0178
8,4096,334,10,98.3179
8,4096,334,12,112.6976
8,4096,334,14,110.6573
8,4096,334,16,124.5134
8,4096,334,18,111.3388
8,4096,334,20,113.3817
8,4096,334,22,113.0484
8,4096,334,24,121.9892
8,4096,334,26,103.2297
8,4096,334,28,110.2586
8,4096,334,30,113.7844
8,4096,334,32,104.9412
8,4096,334,34,100.8103
8,4096,334,36,104.0556
8,4096,334,38,106.4688
8,4096,334,40,108.1373
8,4096,334,42,97.8219
8,4096,334,44,106.3607
8,4096,334,46,99.6372
8,4096,334,48,90.678
8,4096,334,50,88.4595
8,4096,334,52,87.6931
8,4096,334,54,88.6685
8,4096,334,56,89.583
8,4096,334,58,85.953
8,4096,334,60,88.7376
8,4096,334,62,87.5585
8,4096,334,64,85.9231
8,4096,334,66,83.651
8,4096,334,68,81.7488
8,4096,334,70,86.1662
8,4096,334,72,88.1252
8,4096,334,74,85.551
8,4096,334,76,84.3757
8,4096,334,78,85.6157
8,4096,334,80,81.4213
8,4096,334,82,81.9352
8,4096,334,84,85.3576
8,4096,334,86,86.6579
8,4096,334,88,83.8571
8,4096,334,90,84.5448
8,4096,334,92,81.6493
8,4096,334,94,81.4162
8,4096,334,96,82.6091
8,4096,334,98,85.2771
8,4096,334,100,85.0768
8,4096,334,102,84.0388
8,4096,334,104,83.4484
8,4096,334,106,83.0347
8,4096,334,108,80.4829
8,4096,334,110,79.2888
8,4096,334,112,85.7528
8,4096,334,114,84.2149
8,4096,334,116,85.2804
8,4096,334,118,85.4376
8,4096,334,120,82.2147
8,4096,334,122,81.5339
8,4096,334,124,82.9136
8,4096,334,126,84.4377
8,4096,334,128,83.0184
8,4096,334,130,81.998
8,4096,334,132,80.4923
8,4096,334,134,80.2333
8,4096,334,136,79.6391
8,4096,334,138,82.0165
8,4096,334,140,81.5373
8,4096,334,142,82.9416
8,4096,334,144,79.5844
8,4096,334,146,78.861
8,4096,334,148,79.2911
8,4096,334,150,80.5203
8,4096,334,152,80.4803
8,4096,334,154,79.1901
8,4096,334,156,79.7907
8,4096,334,158,75.3775
8,4096,334,160,78.2618
8,4096,334,162,78.963
8,4096,334,164,76.463
8,4096,334,166,76.5871
8,4096,334,168,82.1013
8,4096,334,170,84.6052
8,4096,334,172,78.2378
8,4096,334,174,81.0521
8,4096,334,176,80.1593
8,4096,334,178,83.0243
8,4096,334,180,82.7608
8,4096,334,182,81.1779
8,4096,334,184,78.0008
8,4096,334,186,79.1652
8,4096,334,188,80.0702
8,4096,334,190,83.5549
8,4096,334,192,76.0598
8,4096,334,194,69.8911
8,4096,334,196,73.2347
8,4096,334,198,74.5954
8,4096,334,200,71.3146
8,4096,334,202,74.9329
8,4096,334,204,72.9686
8,4096,334,206,70.1375
8,4096,334,208,73.2295
8,4096,334,210,72.1467
8,4096,334,212,74.1271
8,4096,334,214,74.8478
8,4096,334,216,72.4404
8,4096,334,218,71.5924
8,4096,334,220,71.9364
8,4096,334,222,67.2537
8,4096,334,224,69.0009
8,4096,334,226,69.1563
8,4096,334,228,71.0776
8,4096,334,230,69.3413
8,4096,334,232,70.763
8,4096,334,234,70.4755
8,4096,334,236,69.5123
8,4096,334,238,65.4272
8,4096,334,240,70.6489
8,4096,334,242,68.7617
8,4096,334,244,70.2027
8,4096,334,246,68.0036
8,4096,334,248,69.9116
8,4096,334,250,67.8586
8,4096,334,252,68.7087
8,4096,334,254,67.3698
8,4096,334,256,68.7315
8,4096,334,258,65.7761
8,4096,334,260,67.9763
8,4096,334,262,67.2213
8,4096,334,264,67.1498
8,4096,334,266,66.6486
8,4096,334,268,65.8624
8,4096,334,270,61.8298
8,4096,334,272,59.6344
8,4096,334,274,64.4443
8,4096,334,276,66.3131
8,4096,334,278,63.9998
8,4096,334,280,65.112
8,4096,334,282,65.3636
8,4096,334,284,64.9858
8,4096,334,286,66.4107
8,4096,334,288,64.8545
8,4096,334,290,63.8204
8,4096,334,292,63.3776
8,4096,334,294,63.5655
8,4096,334,296,64.9298
8,4096,334,298,64.7918
8,4096,334,300,62.6862
8,4096,334,302,64.2554
8,4096,334,304,62.4755
8,4096,334,306,63.3954
8,4096,334,308,63.9567
8,4096,334,310,63.2785
8,4096,334,312,63.3835
8,4096,334,314,61.0557
8,4096,334,316,60.9565
8,4096,334,318,61.4363
8,4096,334,320,61.0375
8,4096,334,322,61.3878
8,4096,334,324,59.9131
8,4096,334,326,60.732
8,4096,334,328,60.2779
8,4096,334,330,63.6786
8,4096,334,332,63.9875
8,4096,336,2,51.3225
8,4096,336,4,75.0956
8,4096,336,6,94.8233
8,4096,336,8,110.0607
8,4096,336,10,95.425
8,4096,336,12,111.8973
8,4096,336,14,121.0786
8,4096,336,16,114.8818
8,4096,336,18,114.0312
8,4096,336,20,110.6325
8,4096,336,22,106.2664
8,4096,336,24,102.5242
8,4096,336,26,113.0225
8,4096,336,28,113.4362
8,4096,336,30,109.0741
8,4096,336,32,102.8414
8,4096,336,34,111.1146
8,4096,336,36,108.302
8,4096,336,38,110.2916
8,4096,336,40,100.0085
8,4096,336,42,107.3306
8,4096,336,44,106.0575
8,4096,336,46,104.4328
8,4096,336,48,89.4396
8,4096,336,50,89.7111
8,4096,336,52,87.2151
8,4096,336,54,86.5951
8,4096,336,56,87.5866
8,4096,336,58,87.7343
8,4096,336,60,87.8432
8,4096,336,62,88.5557
8,4096,336,64,83.8892
8,4096,336,66,81.1776
8,4096,336,68,83.471
8,4096,336,70,82.8963
8,4096,336,72,84.0685
8,4096,336,74,85.5426
8,4096,336,76,83.8464
8,4096,336,78,83.6522
8,4096,336,80,79.977
8,4096,336,82,78.5653
8,4096,336,84,80.297
8,4096,336,86,86.4676
8,4096,336,88,84.676
8,4096,336,90,84.5133
8,4096,336,92,84.3526
8,4096,336,94,82.4063
8,4096,336,96,80.8656
8,4096,336,98,83.5043
8,4096,336,100,80.2513
8,4096,336,102,83.651
8,4096,336,104,83.6976
8,4096,336,106,82.7806
8,4096,336,108,79.3909
8,4096,336,110,79.739
8,4096,336,112,81.1436
8,4096,336,114,82.7014
8,4096,336,116,79.954
8,4096,336,118,84.2307
8,4096,336,120,81.6527
8,4096,336,122,82.5119
8,4096,336,124,80.8107
8,4096,336,126,79.5705
8,4096,336,128,79.0956
8,4096,336,130,79.2087
8,4096,336,132,80.037
8,4096,336,134,80.9254
8,4096,336,136,79.2885
8,4096,336,138,79.2682
8,4096,336,140,78.7162
8,4096,336,142,78.7947
8,4096,336,144,80.0681
8,4096,336,146,78.6483
8,4096,336,148,77.5053
8,4096,336,150,75.5836
8,4096,336,152,79.4772
8,4096,336,154,78.7887
8,4096,336,156,77.019
8,4096,336,158,77.082
8,4096,336,160,77.1034
8,4096,336,162,77.1633
8,4096,336,164,76.3692
8,4096,336,166,75.2659
8,4096,336,168,81.8073
8,4096,336,170,83.9418
8,4096,336,172,80.8038
8,4096,336,174,79.8744
8,4096,336,176,77.5154
8,4096,336,178,81.3042
8,4096,336,180,80.7809
8,4096,336,182,81.2712
8,4096,336,184,75.8536
8,4096,336,186,78.7933
8,4096,336,188,79.2728
8,4096,336,190,83.2948
8,4096,336,192,75.8887
8,4096,336,194,71.8832
8,4096,336,196,72.0724
8,4096,336,198,75.3816
8,4096,336,200,69.2978
8,4096,336,202,72.1316
8,4096,336,204,71.6628
8,4096,336,206,73.1807
8,4096,336,208,72.3492
8,4096,336,210,73.987
8,4096,336,212,71.8305
8,4096,336,214,72.4839
8,4096,336,216,71.2447
8,4096,336,218,71.0366
8,4096,336,220,71.6431
8,4096,336,222,70.7735
8,4096,336,224,71.5018
8,4096,336,226,68.8583
8,4096,336,228,69.8684
8,4096,336,230,68.496
8,4096,336,232,67.1225
8,4096,336,234,68.2708
8,4096,336,236,69.377
8,4096,336,238,70.0273
8,4096,336,240,68.4119
8,4096,336,242,69.272
8,4096,336,244,67.3189
8,4096,336,246,69.3738
8,4096,336,248,67.4978
8,4096,336,250,68.7818
8,4096,336,252,67.1409
8,4096,336,254,67.7611
8,4096,336,256,66.0086
8,4096,336,258,67.5841
8,4096,336,260,66.309
8,4096,336,262,67.3763
8,4096,336,264,64.2998
8,4096,336,266,66.9253
8,4096,336,268,66.1567
8,4096,336,270,67.8194
8,4096,336,272,66.1173
8,4096,336,274,66.3232
8,4096,336,276,64.0464
8,4096,336,278,63.8553
8,4096,336,280,64.9372
8,4096,336,282,64.9311
8,4096,336,284,65.2562
8,4096,336,286,65.1201
8,4096,336,288,66.2631
8,4096,336,290,63.1335
8,4096,336,292,66.6274
8,4096,336,294,63.9749
8,4096,336,296,66.1901
8,4096,336,298,63.8513
8,4096,336,300,64.0556
8,4096,336,302,64.963
8,4096,336,304,64.4867
8,4096,336,306,64.1439
8,4096,336,308,62.4226
8,4096,336,310,61.0161
8,4096,336,312,64.7087
8,4096,336,314,61.7821
8,4096,336,316,62.938
8,4096,336,318,62.2669
8,4096,336,320,62.5577
8,4096,336,322,61.268
8,4096,336,324,61.8096
8,4096,336,326,61.3486
8,4096,336,328,61.2271
8,4096,336,330,65.0026
8,4096,336,332,63.4853
8,4096,336,334,64.8771
8,4096,338,2,50.8042
8,4096,338,4,72.1985
8,4096,338,6,96.0378
8,4096,338,8,112.7442
8,4096,338,10,93.7893
8,4096,338,12,104.7139
8,4096,338,14,116.4139
8,4096,338,16,120.4542
8,4096,338,18,107.5801
8,4096,338,20,113.0476
8,4096,338,22,114.0576
8,4096,338,24,115.8978
8,4096,338,26,102.3446
8,4096,338,28,102.9306
8,4096,338,30,111.3396
8,4096,338,32,109.6245
8,4096,338,34,98.8177
8,4096,338,36,98.6975
8,4096,338,38,107.9093
8,4096,338,40,103.555
8,4096,338,42,104.5225
8,4096,338,44,104.8268
8,4096,338,46,99.4826
8,4096,338,48,84.3969
8,4096,338,50,79.6813
8,4096,338,52,85.0776
8,4096,338,54,84.279
8,4096,338,56,80.8083
8,4096,338,58,84.8143
8,4096,338,60,86.1126
8,4096,338,62,82.7472
8,4096,338,64,80.7157
8,4096,338,66,79.4909
8,4096,338,68,83.4806
8,4096,338,70,82.1893
8,4096,338,72,82.5144
8,4096,338,74,82.3914
8,4096,338,76,83.2594
8,4096,338,78,84.2543
8,4096,338,80,83.7355
8,4096,338,82,83.6184
8,4096,338,84,80.2264
8,4096,338,86,81.8636
8,4096,338,88,82.1342
8,4096,338,90,82.7654
8,4096,338,92,83.602
8,4096,338,94,84.5384
8,4096,338,96,82.9222
8,4096,338,98,84.4278
8,4096,338,100,82.9139
8,4096,338,102,82.1048
8,4096,338,104,80.9522
8,4096,338,106,79.0916
8,4096,338,108,81.6876
8,4096,338,110,83.0162
8,4096,338,112,80.3619
8,4096,338,114,80.287
8,4096,338,116,81.4376
8,4096,338,118,81.1781
8,4096,338,120,80.8959
8,4096,338,122,80.8873
8,4096,338,124,82.6278
8,4096,338,126,80.1799
8,4096,338,128,78.7728
8,4096,338,130,79.5524
8,4096,338,132,80.5875
8,4096,338,134,77.3216
8,4096,338,136,80.2965
8,4096,338,138,80.1899
8,4096,338,140,81.8395
8,4096,338,142,77.4585
8,4096,338,144,77.8871
8,4096,338,146,78.0054
8,4096,338,148,81.0115
8,4096,338,150,81.9065
8,4096,338,152,79.1351
8,4096,338,154,78.1725
8,4096,338,156,76.4569
8,4096,338,158,76.2925
8,4096,338,160,78.2505
8,4096,338,162,74.2584
8,4096,338,164,75.7737
8,4096,338,166,76.7328
8,4096,338,168,75.27
8,4096,338,170,80.9201
8,4096,338,172,79.2805
8,4096,338,174,77.2144
8,4096,338,176,78.6689
8,4096,338,178,81.0982
8,4096,338,180,82.507
8,4096,338,182,79.9176
8,4096,338,184,78.1623
8,4096,338,186,78.6768
8,4096,338,188,81.0747
8,4096,338,190,78.9076
8,4096,338,192,74.6827
8,4096,338,194,72.4558
8,4096,338,196,73.0888
8,4096,338,198,72.8588
8,4096,338,200,75.2367
8,4096,338,202,71.9738
8,4096,338,204,73.361
8,4096,338,206,74.4933
8,4096,338,208,72.9513
8,4096,338,210,73.0588
8,4096,338,212,71.8726
8,4096,338,214,72.5468
8,4096,338,216,71.8343
8,4096,338,218,71.909
8,4096,338,220,67.7215
8,4096,338,222,73.0946
8,4096,338,224,69.1707
8,4096,338,226,71.8082
8,4096,338,228,71.2848
8,4096,338,230,69.9553
8,4096,338,232,72.3888
8,4096,338,234,71.1716
8,4096,338,236,71.7851
8,4096,338,238,69.6492
8,4096,338,240,70.9008
8,4096,338,242,65.9484
8,4096,338,244,71.5888
8,4096,338,246,70.5723
8,4096,338,248,71.8144
8,4096,338,250,69.9178
8,4096,338,252,70.3271
8,4096,338,254,69.3149
8,4096,338,256,68.5932
8,4096,338,258,70.0108
8,4096,338,260,69.199
8,4096,338,262,68.7631
8,4096,338,264,68.9002
8,4096,338,266,68.0853
8,4096,338,268,67.6406
8,4096,338,270,66.068
8,4096,338,272,66.3626
8,4096,338,274,66.7233
8,4096,338,276,68.0773
8,4096,338,278,66.3178
8,4096,338,280,65.2281
8,4096,338,282,66.8371
8,4096,338,284,61.7022
8,4096,338,286,66.8634
8,4096,338,288,65.5209
8,4096,338,290,62.1642
8,4096,338,292,65.8251
8,4096,338,294,64.9874
8,4096,338,296,65.223
8,4096,338,298,66.038
8,4096,338,300,63.6303
8,4096,338,302,64.3146
8,4096,338,304,65.7943
8,4096,338,306,65.6395
8,4096,338,308,66.3782
8,4096,338,310,62.2672
8,4096,338,312,64.9503
8,4096,338,314,63.9879
8,4096,338,316,62.8404
8,4096,338,318,62.4205
8,4096,338,320,62.0443
8,4096,338,322,64.2866
8,4096,338,324,63.628
8,4096,338,326,64.2863
8,4096,338,328,61.4747
8,4096,338,330,63.0396
8,4096,338,332,64.1241
8,4096,338,334,62.6636
8,4096,338,336,61.511
8,4096,340,2,49.603
8,4096,340,4,72.5559
8,4096,340,6,91.9946
8,4096,340,8,108.3203
8,4096,340,10,101.2097
8,4096,340,12,107.3811
8,4096,340,14,105.7749
8,4096,340,16,113.4875
8,4096,340,18,101.3143
8,4096,340,20,113.7838
8,4096,340,22,114.4874
8,4096,340,24,113.201
8,4096,340,26,98.51
8,4096,340,28,102.1131
8,4096,340,30,104.9651
8,4096,340,32,108.7089
8,4096,340,34,106.9831
8,4096,340,36,102.1367
8,4096,340,38,102.8541
8,4096,340,40,99.5454
8,4096,340,42,97.219
8,4096,340,44,102.7782
8,4096,340,46,102.9922
8,4096,340,48,85.4984
8,4096,340,50,88.2231
8,4096,340,52,87.0631
8,4096,340,54,82.1007
8,4096,340,56,78.5532
8,4096,340,58,83.5366
8,4096,340,60,85.9145
8,4096,340,62,84.6145
8,4096,340,64,82.799
8,4096,340,66,77.4865
8,4096,340,68,80.9257
8,4096,340,70,82.1731
8,4096,340,72,82.8787
8,4096,340,74,82.5773
8,4096,340,76,80.0391
8,4096,340,78,80.6605
8,4096,340,80,79.7092
8,4096,340,82,80.2781
8,4096,340,84,77.9487
8,4096,340,86,80.0268
8,4096,340,88,80.5436
8,4096,340,90,81.9015
8,4096,340,92,78.2116
8,4096,340,94,79.9188
8,4096,340,96,77.3466
8,4096,340,98,80.5448
8,4096,340,100,81.3469
8,4096,340,102,79.6601
8,4096,340,104,77.9169
8,4096,340,106,81.3091
8,4096,340,108,79.4564
8,4096,340,110,77.582
8,4096,340,112,75.8264
8,4096,340,114,81.1535
8,4096,340,116,78.6189
8,4096,340,118,79.6541
8,4096,340,120,77.9224
8,4096,340,122,78.867
8,4096,340,124,75.9478
8,4096,340,126,80.0356
8,4096,340,128,75.4034
8,4096,340,130,76.8682
8,4096,340,132,77.1394
8,4096,340,134,78.3876
8,4096,340,136,75.0291
8,4096,340,138,76.9306
8,4096,340,140,77.2701
8,4096,340,142,78.3584
8,4096,340,144,75.8518
8,4096,340,146,76.8485
8,4096,340,148,79.8301
8,4096,340,150,76.0168
8,4096,340,152,75.5201
8,4096,340,154,78.3948
8,4096,340,156,74.6687
8,4096,340,158,74.953
8,4096,340,160,75.9518
8,4096,340,162,73.5264
8,4096,340,164,73.3979
8,4096,340,166,73.1113
8,4096,340,168,71.2096
8,4096,340,170,78.2469
8,4096,340,172,79.105
8,4096,340,174,79.5517
8,4096,340,176,75.7803
8,4096,340,178,78.0766
8,4096,340,180,77.5033
8,4096,340,182,77.3586
8,4096,340,184,74.7816
8,4096,340,186,79.6274
8,4096,340,188,79.1973
8,4096,340,190,76.9539
8,4096,340,192,71.0408
8,4096,340,194,72.2423
8,4096,340,196,72.3993
8,4096,340,198,72.8869
8,4096,340,200,70.4511
8,4096,340,202,70.6153
8,4096,340,204,67.0716
8,4096,340,206,72.5991
8,4096,340,208,70.5519
8,4096,340,210,71.9017
8,4096,340,212,70.3352
8,4096,340,214,70.5447
8,4096,340,216,67.4168
8,4096,340,218,69.3807
8,4096,340,220,68.2591
8,4096,340,222,69.7545
8,4096,340,224,68.6508
8,4096,340,226,67.7518
8,4096,340,228,67.1749
8,4096,340,230,69.7769
8,4096,340,232,67.7951
8,4096,340,234,68.957
8,4096,340,236,67.6537
8,4096,340,238,67.504
8,4096,340,240,65.2089
8,4096,340,242,65.1503
8,4096,340,244,67.4141
8,4096,340,246,63.943
8,4096,340,248,67.1066
8,4096,340,250,65.0356
8,4096,340,252,65.8604
8,4096,340,254,66.2209
8,4096,340,256,65.049
8,4096,340,258,66.2692
8,4096,340,260,60.8296
8,4096,340,262,58.4645
8,4096,340,264,58.5229
8,4096,340,266,56.3965
8,4096,340,268,63.3468
8,4096,340,270,64.1806
8,4096,340,272,65.4415
8,4096,340,274,64.1773
8,4096,340,276,63.4983
8,4096,340,278,64.6708
8,4096,340,280,64.6632
8,4096,340,282,60.2075
8,4096,340,284,55.7276
8,4096,340,286,61.3431
8,4096,340,288,61.8977
8,4096,340,290,62.5271
8,4096,340,292,60.1088
8,4096,340,294,63.3774
8,4096,340,296,62.4459
8,4096,340,298,62.408
8,4096,340,300,62.9779
8,4096,340,302,60.1785
8,4096,340,304,61.8527
8,4096,340,306,64.7446
8,4096,340,308,64.4538
8,4096,340,310,62.8259
8,4096,340,312,64.2066
8,4096,340,314,61.0095
8,4096,340,316,60.8071
8,4096,340,318,61.1113
8,4096,340,320,61.4612
8,4096,340,322,62.383
8,4096,340,324,64.1786
8,4096,340,326,61.8013
8,4096,340,328,62.0303
8,4096,340,330,63.5762
8,4096,340,332,59.9393
8,4096,340,334,62.4295
8,4096,340,336,60.9569
8,4096,340,338,59.844
8,4096,342,2,49.8395
8,4096,342,4,72.4759
8,4096,342,6,96.7009
8,4096,342,8,109.7015
8,4096,342,10,94.8472
8,4096,342,12,101.0519
8,4096,342,14,112.8987
8,4096,342,16,117.6504
8,4096,342,18,108.0784
8,4096,342,20,104.7451
8,4096,342,22,112.3542
8,4096,342,24,111.1221
8,4096,342,26,107.9478
8,4096,342,28,103.4651
8,4096,342,30,103.6364
8,4096,342,32,110.2346
8,4096,342,34,104.5407
8,4096,342,36,103.8737
8,4096,342,38,98.6601
8,4096,342,40,103.2891
8,4096,342,42,96.0132
8,4096,342,44,101.8246
8,4096,342,46,103.0626
8,4096,342,48,84.373
8,4096,342,50,85.7773
8,4096,342,52,86.4368
8,4096,342,54,84.6545
8,4096,342,56,84.0924
8,4096,342,58,79.7633
8,4096,342,60,83.4134
8,4096,342,62,82.8501
8,4096,342,64,82.8307
8,4096,342,66,82.9123
8,4096,342,68,83.1069
8,4096,342,70,82.1841
8,4096,342,72,81.6828
8,4096,342,74,81.3727
8,4096,342,76,83.1463
8,4096,342,78,84.914
8,4096,342,80,81.1735
8,4096,342,82,78.5999
8,4096,342,84,79.2047
8,4096,342,86,83.3575
8,4096,342,88,82.434
8,4096,342,90,84.1272
8,4096,342,92,83.0318
8,4096,342,94,81.4891
8,4096,342,96,78.4822
8,4096,342,98,78.5618
8,4096,342,100,81.9406
8,4096,342,102,84.381
8,4096,342,104,76.5943
8,4096,342,106,76.1966
8,4096,342,108,79.4958
8,4096,342,110,80.0658
8,4096,342,112,76.5183
8,4096,342,114,80.4911
8,4096,342,116,82.0151
8,4096,342,118,80.242
8,4096,342,120,78.8776
8,4096,342,122,83.2257
8,4096,342,124,78.5862
8,4096,342,126,81.9598
8,4096,342,128,78.1732
8,4096,342,130,79.6614
8,4096,342,132,78.3284
8,4096,342,134,79.2979
8,4096,342,136,78.7626
8,4096,342,138,79.3402
8,4096,342,140,77.9783
8,4096,342,142,80.7084
8,4096,342,144,78.9946
8,4096,342,146,79.0513
8,4096,342,148,75.96
8,4096,342,150,78.7117
8,4096,342,152,78.4608
8,4096,342,154,82.1502
8,4096,342,156,76.7557
8,4096,342,158,78.1686
8,4096,342,160,76.4082
8,4096,342,162,79.8489
8,4096,342,164,78.5661
8,4096,342,166,76.9829
8,4096,342,168,75.8921
8,4096,342,170,80.1628
8,4096,342,172,82.6525
8,4096,342,174,80.3236
8,4096,342,176,79.4229
8,4096,342,178,80.6695
8,4096,342,180,80.688
8,4096,342,182,82.4161
8,4096,342,184,80.9331
8,4096,342,186,81.4587
8,4096,342,188,79.9296
8,4096,342,190,80.0268
8,4096,342,192,75.0541
8,4096,342,194,76.3196
8,4096,342,196,71.7968
8,4096,342,198,71.3442
8,4096,342,200,74.7172
8,4096,342,202,74.0098
8,4096,342,204,73.3023
8,4096,342,206,75.3028
8,4096,342,208,74.4407
8,4096,342,210,72.4203
8,4096,342,212,73.7983
8,4096,342,214,71.5878
8,4096,342,216,73.9486
8,4096,342,218,74.0705
8,4096,342,220,72.028
8,4096,342,222,72.372
8,4096,342,224,73.0445
8,4096,342,226,73.3414
8,4096,342,228,72.4804
8,4096,342,230,71.8447
8,4096,342,232,74.041
8,4096,342,234,71.6179
8,4096,342,236,70.7947
8,4096,342,238,66.7935
8,4096,342,240,68.7955
8,4096,342,242,67.9087
8,4096,342,244,68.8044
8,4096,342,246,71.6755
8,4096,342,248,69.6891
8,4096,342,250,69.0294
8,4096,342,252,69.4486
8,4096,342,254,67.7294
8,4096,342,256,66.2181
8,4096,342,258,69.1274
8,4096,342,260,68.5255
8,4096,342,262,64.0622
8,4096,342,264,65.1993
8,4096,342,266,70.1656
8,4096,342,268,67.206
8,4096,342,270,68.3005
8,4096,342,272,67.5126
8,4096,342,274,68.8433
8,4096,342,276,67.2785
8,4096,342,278,66.9532
8,4096,342,280,67.9634
8,4096,342,282,63.5944
8,4096,342,284,66.173
8,4096,342,286,68.4469
8,4096,342,288,67.2904
8,4096,342,290,68.0645
8,4096,342,292,66.0323
8,4096,342,294,67.2476
8,4096,342,296,64.2354
8,4096,342,298,66.3366
8,4096,342,300,66.1017
8,4096,342,302,67.1489
8,4096,342,304,66.2581
8,4096,342,306,64.2834
8,4096,342,308,67.1695
8,4096,342,310,66.2632
8,4096,342,312,66.4983
8,4096,342,314,64.6909
8,4096,342,316,63.2023
8,4096,342,318,64.9755
8,4096,342,320,66.1791
8,4096,342,322,66.5795
8,4096,342,324,65.7825
8,4096,342,326,65.9776
8,4096,342,328,66.1438
8,4096,342,330,66.6953
8,4096,342,332,65.3508
8,4096,342,334,66.6684
8,4096,342,336,65.3011
8,4096,342,338,61.5497
8,4096,342,340,62.0138
8,4096,344,2,50.5924
8,4096,344,4,72.7191
8,4096,344,6,96.1832
8,4096,344,8,110.6813
8,4096,344,10,99.878
8,4096,344,12,108.3021
8,4096,344,14,116.6618
8,4096,344,16,111.7031
8,4096,344,18,106.2483
8,4096,344,20,108.5756
8,4096,344,22,119.1885
8,4096,344,24,113.393
8,4096,344,26,105.2953
8,4096,344,28,101.7644
8,4096,344,30,109.21
8,4096,344,32,104.0352
8,4096,344,34,98.8783
8,4096,344,36,100.4847
8,4096,344,38,98.8951
8,4096,344,40,96.0527
8,4096,344,42,101.844
8,4096,344,44,104.3336
8,4096,344,46,93.5574
8,4096,344,48,79.5162
8,4096,344,50,89.3892
8,4096,344,52,87.7701
8,4096,344,54,84.4134
8,4096,344,56,84.2003
8,4096,344,58,83.5085
8,4096,344,60,81.6094
8,4096,344,62,82.4329
8,4096,344,64,82.6288
8,4096,344,66,82.0012
8,4096,344,68,81.8169
8,4096,344,70,85.7884
8,4096,344,72,83.0998
8,4096,344,74,80.5238
8,4096,344,76,81.8984
8,4096,344,78,82.097
8,4096,344,80,82.2588
8,4096,344,82,81.0613
8,4096,344,84,82.2804
8,4096,344,86,83.0761
8,4096,344,88,81.3212
8,4096,344,90,84.8203
8,4096,344,92,83.1052
8,4096,344,94,83.7545
8,4096,344,96,83.0447
8,4096,344,98,80.7599
8,4096,344,100,82.0395
8,4096,344,102,82.969
8,4096,344,104,83.1247
8,4096,344,106,81.7767
8,4096,344,108,81.5585
8,4096,344,110,79.9828
8,4096,344,112,79.76
8,4096,344,114,81.3715
8,4096,344,116,84.9334
8,4096,344,118,86.1537
8,4096,344,120,83.347
8,4096,344,122,81.0698
8,4096,344,124,81.1587
8,4096,344,126,82.6711
8,4096,344,128,80.6913
8,4096,344,130,84.9466
8,4096,344,132,83.5548
8,4096,344,134,78.9792
8,4096,344,136,79.8202
8,4096,344,138,79.0726
8,4096,344,140,80.6379
8,4096,344,142,84.0573
8,4096,344,144,82.109
8,4096,344,146,79.667
8,4096,344,148,78.7078
8,4096,344,150,77.7691
8,4096,344,152,80.0116
8,4096,344,154,80.864
8,4096,344,156,81.4898
8,4096,344,158,79.9487
8,4096,344,160,79.9293
8,4096,344,162,77.5168
8,4096,344,164,78.9601
8,4096,344,166,79.9292
8,4096,344,168,76.0601
8,4096,344,170,75.534
8,4096,344,172,82.2045
8,4096,344,174,82.5563
8,4096,344,176,82.3179
8,4096,344,178,75.9529
8,4096,344,180,80.6104
8,4096,344,182,80.9769
8,4096,344,184,81.0727
8,4096,344,186,82.746
8,4096,344,188,82.6173
8,4096,344,190,81.8222
8,4096,344,192,74.3391
8,4096,344,194,72.4738
8,4096,344,196,77.3172
8,4096,344,198,75.3428
8,4096,344,200,71.7498
8,4096,344,202,73.5845
8,4096,344,204,73.8828
8,4096,344,206,74.2089
8,4096,344,208,76.8804
8,4096,344,210,74.3276
8,4096,344,212,74.5654
8,4096,344,214,75.9113
8,4096,344,216,72.1171
8,4096,344,218,74.1903
8,4096,344,220,73.097
8,4096,344,222,70.8946
8,4096,344,224,74.0456
8,4096,344,226,71.8234
8,4096,344,228,70.6257
8,4096,344,230,72.8028
8,4096,344,232,70.699
8,4096,344,234,73.7242
8,4096,344,236,71.0035
8,4096,344,238,71.96
8,4096,344,240,72.3523
8,4096,344,242,67.805
8,4096,344,244,69.8361
8,4096,344,246,69.1035
8,4096,344,248,68.8014
8,4096,344,250,69.979
8,4096,344,252,70.9214
8,4096,344,254,70.3781
8,4096,344,256,70.24
8,4096,344,258,69.5343
8,4096,344,260,70.0335
8,4096,344,262,68.7132
8,4096,344,264,70.0139
8,4096,344,266,67.4592
8,4096,344,268,68.7433
8,4096,344,270,68.8583
8,4096,344,272,68.7104
8,4096,344,274,68.5296
8,4096,344,276,67.3973
8,4096,344,278,68.1348
8,4096,344,280,67.2379
8,4096,344,282,68.5906
8,4096,344,284,66.7677
8,4096,344,286,67.7052
8,4096,344,288,65.7537
8,4096,344,290,63.7425
8,4096,344,292,67.4845
8,4096,344,294,67.2617
8,4096,344,296,62.1993
8,4096,344,298,63.6375
8,4096,344,300,64.2026
8,4096,344,302,65.3388
8,4096,344,304,67.7736
8,4096,344,306,64.4234
8,4096,344,308,67.9964
8,4096,344,310,66.2347
8,4096,344,312,65.5481
8,4096,344,314,64.7801
8,4096,344,316,64.4419
8,4096,344,318,65.3531
8,4096,344,320,63.0001
8,4096,344,322,66.017
8,4096,344,324,64.1475
8,4096,344,326,63.0977
8,4096,344,328,66.544
8,4096,344,330,64.4366
8,4096,344,332,67.1084
8,4096,344,334,65.4236
8,4096,344,336,65.7477
8,4096,344,338,61.2932
8,4096,344,340,60.4854
8,4096,344,342,62.98
8,4096,346,2,51.0761
8,4096,346,4,70.2929
8,4096,346,6,97.8475
8,4096,346,8,108.549
8,4096,346,10,97.704
8,4096,346,12,108.4127
8,4096,346,14,117.4829
8,4096,346,16,116.3009
8,4096,346,18,105.2351
8,4096,346,20,104.4664
8,4096,346,22,112.3973
8,4096,346,24,115.0176
8,4096,346,26,105.7826
8,4096,346,28,107.9733
8,4096,346,30,101.1432
8,4096,346,32,108.3248
8,4096,346,34,96.1509
8,4096,346,36,96.6594
8,4096,346,38,97.973
8,4096,346,40,104.0752
8,4096,346,42,99.8057
8,4096,346,44,100.7318
8,4096,346,46,101.8007
8,4096,346,48,84.6869
8,4096,346,50,88.9018
8,4096,346,52,85.7656
8,4096,346,54,85.7577
8,4096,346,56,81.6033
8,4096,346,58,85.9041
8,4096,346,60,84.5757
8,4096,346,62,81.8208
8,4096,346,64,79.8201
8,4096,346,66,80.6121
8,4096,346,68,82.7714
8,4096,346,70,85.4585
8,4096,346,72,84.1358
8,4096,346,74,81.109
8,4096,346,76,78.8669
8,4096,346,78,81.5071
8,4096,346,80,83.5588
8,4096,346,82,82.7281
8,4096,346,84,81.0055
8,4096,346,86,79.2866
8,4096,346,88,79.2807
8,4096,346,90,80.1878
8,4096,346,92,82.9259
8,4096,346,94,83.6626
8,4096,346,96,81.0598
8,4096,346,98,82.5612
8,4096,346,100,78.3332
8,4096,346,102,80.9607
8,4096,346,104,80.0949
8,4096,346,106,83.9692
8,4096,346,108,81.2653
8,4096,346,110,84.3517
8,4096,346,112,77.0255
8,4096,346,114,79.005
8,4096,346,116,81.4413
8,4096,346,118,83.3563
8,4096,346,120,79.7245
8,4096,346,122,84.5682
8,4096,346,124,80.3203
8,4096,346,126,81.8835
8,4096,346,128,80.3406
8,4096,346,130,80.0701
8,4096,346,132,80.9384
8,4096,346,134,81.4808
8,4096,346,136,76.9807
8,4096,346,138,70.0957
8,4096,346,140,80.8519
8,4096,346,142,81.958
8,4096,346,144,80.5417
8,4096,346,146,79.7056
8,4096,346,148,74.8424
8,4096,346,150,76.536
8,4096,346,152,78.8716
8,4096,346,154,79.9676
8,4096,346,156,80.088
8,4096,346,158,78.0367
8,4096,346,160,77.9982
8,4096,346,162,79.2947
8,4096,346,164,77.8062
8,4096,346,166,77.549
8,4096,346,168,74.2651
8,4096,346,170,80.0938
8,4096,346,172,75.9705
8,4096,346,174,81.5556
8,4096,346,176,79.016
8,4096,346,178,79.972
8,4096,346,180,81.5954
8,4096,346,182,81.9144
8,4096,346,184,78.5337
8,4096,346,186,80.8585
8,4096,346,188,79.1249
8,4096,346,190,79.324
8,4096,346,192,75.2166
8,4096,346,194,75.6899
8,4096,346,196,73.3022
8,4096,346,198,75.5747
8,4096,346,200,75.5779
8,4096,346,202,73.692
8,4096,346,204,75.8321
8,4096,346,206,73.4952
8,4096,346,208,74.595
8,4096,346,210,76.6624
8,4096,346,212,74.6374
8,4096,346,214,73.5414
8,4096,346,216,69.6813
8,4096,346,218,61.3824
8,4096,346,220,69.0479
8,4096,346,222,74.8205
8,4096,346,224,74.9443
8,4096,346,226,73.3118
8,4096,346,228,74.4243
8,4096,346,230,70.2418
8,4096,346,232,71.552
8,4096,346,234,72.901
8,4096,346,236,71.646
8,4096,346,238,71.7515
8,4096,346,240,67.1998
8,4096,346,242,69.9754
8,4096,346,244,72.7491
8,4096,346,246,70.0999
8,4096,346,248,72.4392
8,4096,346,250,67.9858
8,4096,346,252,72.0615
8,4096,346,254,68.9164
8,4096,346,256,69.807
8,4096,346,258,72.2633
8,4096,346,260,70.1605
8,4096,346,262,70.7479
8,4096,346,264,69.6266
8,4096,346,266,69.9246
8,4096,346,268,67.3422
8,4096,346,270,71.2839
8,4096,346,272,68.0459
8,4096,346,274,68.8013
8,4096,346,276,67.1572
8,4096,346,278,69.0802
8,4096,346,280,67.6311
8,4096,346,282,65.0153
8,4096,346,284,66.9199
8,4096,346,286,69.0183
8,4096,346,288,65.2845
8,4096,346,290,67.7553
8,4096,346,292,63.3577
8,4096,346,294,67.9198
8,4096,346,296,65.5291
8,4096,346,298,67.8841
8,4096,346,300,66.8009
8,4096,346,302,65.3045
8,4096,346,304,60.1619
8,4096,346,306,62.9986
8,4096,346,308,66.6519
8,4096,346,310,65.3721
8,4096,346,312,64.2915
8,4096,346,314,64.9099
8,4096,346,316,62.4863
8,4096,346,318,65.4809
8,4096,346,320,63.9979
8,4096,346,322,63.3922
8,4096,346,324,62.3332
8,4096,346,326,62.8335
8,4096,346,328,65.4707
8,4096,346,330,65.2884
8,4096,346,332,61.4481
8,4096,346,334,65.2501
8,4096,346,336,63.7932
8,4096,346,338,61.9435
8,4096,346,340,51.6677
8,4096,346,342,60.8989
8,4096,346,344,54.5251
8,4096,348,2,47.8491
8,4096,348,4,70.3092
8,4096,348,6,94.1539
8,4096,348,8,103.8579
8,4096,348,10,98.0627
8,4096,348,12,102.5072
8,4096,348,14,109.7843
8,4096,348,16,114.284
8,4096,348,18,101.4435
8,4096,348,20,103.7152
8,4096,348,22,111.8795
8,4096,348,24,108.8057
8,4096,348,26,106.2593
8,4096,348,28,98.9376
8,4096,348,30,103.3592
8,4096,348,32,107.2891
8,4096,348,34,101.7837
8,4096,348,36,99.6427
8,4096,348,38,102.5733
8,4096,348,40,97.9348
8,4096,348,42,98.157
8,4096,348,44,97.5119
8,4096,348,46,98.2301
8,4096,348,48,82.7405
8,4096,348,50,78.3964
8,4096,348,52,81.9078
8,4096,348,54,81.5884
8,4096,348,56,80.2426
8,4096,348,58,83.7093
8,4096,348,60,80.575
8,4096,348,62,81.8583
8,4096,348,64,79.9097
8,4096,348,66,80.1178
8,4096,348,68,80.2498
8,4096,348,70,80.7604
8,4096,348,72,81.5729
8,4096,348,74,79.8379
8,4096,348,76,81.8562
8,4096,348,78,82.1527
8,4096,348,80,78.4873
8,4096,348,82,81.4792
8,4096,348,84,81.2007
8,4096,348,86,79.1478
8,4096,348,88,78.8058
8,4096,348,90,80.7184
8,4096,348,92,81.9665
8,4096,348,94,81.414
8,4096,348,96,81.9949
8,4096,348,98,80.0966
8,4096,348,100,79.4839
8,4096,348,102,80.2647
8,4096,348,104,80.4537
8,4096,348,106,81.6355
8,4096,348,108,80.2703
8,4096,348,110,79.3969
8,4096,348,112,79.099
8,4096,348,114,79.9413
8,4096,348,116,81.8842
8,4096,348,118,82.6974
8,4096,348,120,79.4418
8,4096,348,122,79.4372
8,4096,348,124,78.962
8,4096,348,126,82.123
8,4096,348,128,79.9916
8,4096,348,130,78.4846
8,4096,348,132,76.9561
8,4096,348,134,78.2973
8,4096,348,136,78.9528
8,4096,348,138,80.98
8,4096,348,140,80.2256
8,4096,348,142,77.2356
8,4096,348,144,73.1387
8,4096,348,146,77.7131
8,4096,348,148,77.8352
8,4096,348,150,77.9313
8,4096,348,152,76.4283
8,4096,348,154,80.6494
8,4096,348,156,78.9734
8,4096,348,158,78.6762
8,4096,348,160,75.409
8,4096,348,162,76.901
8,4096,348,164,76.8764
8,4096,348,166,77.0561
8,4096,348,168,70.4604
8,4096,348,170,76.7734
8,4096,348,172,76.8273
8,4096,348,174,79.5066
8,4096,348,176,77.5132
8,4096,348,178,79.8084
8,4096,348,180,82.3669
8,4096,348,182,81.2032
8,4096,348,184,80.5205
8,4096,348,186,81.5878
8,4096,348,188,79.2273
8,4096,348,190,80.1141
8,4096,348,192,73.6592
8,4096,348,194,74.896
8,4096,348,196,74.2063
8,4096,348,198,74.729
8,4096,348,200,74.7674
8,4096,348,202,75.1228
8,4096,348,204,73.7238
8,4096,348,206,73.8231
8,4096,348,208,75.9815
8,4096,348,210,73.053
8,4096,348,212,74.1507
8,4096,348,214,71.8198
8,4096,348,216,72.6568
8,4096,348,218,73.0033
8,4096,348,220,72.7911
8,4096,348,222,72.7871
8,4096,348,224,73.4492
8,4096,348,226,70.9844
8,4096,348,228,67.9304
8,4096,348,230,72.0727
8,4096,348,232,70.1544
8,4096,348,234,71.4309
8,4096,348,236,67.7864
8,4096,348,238,69.4951
8,4096,348,240,71.3155
8,4096,348,242,69.5842
8,4096,348,244,71.8789
8,4096,348,246,68.7152
8,4096,348,248,70.6339
8,4096,348,250,67.5495
8,4096,348,252,70.4404
8,4096,348,254,67.297
8,4096,348,256,64.9698
8,4096,348,258,67.3651
8,4096,348,260,61.4437
8,4096,348,262,65.504
8,4096,348,264,61.9294
8,4096,348,266,66.7494
8,4096,348,268,64.7625
8,4096,348,270,68.142
8,4096,348,272,66.8073
8,4096,348,274,65.6925
8,4096,348,276,65.9713
8,4096,348,278,64.4617
8,4096,348,280,66.5915
8,4096,348,282,66.9285
8,4096,348,284,62.7833
8,4096,348,286,60.0062
8,4096,348,288,60.2322
8,4096,348,290,59.5805
8,4096,348,292,64.1511
8,4096,348,294,64.4071
8,4096,348,296,64.9991
8,4096,348,298,64.2383
8,4096,348,300,59.9779
8,4096,348,302,62.6313
8,4096,348,304,64.8853
8,4096,348,306,63.4348
8,4096,348,308,63.4205
8,4096,348,310,64.3992
8,4096,348,312,63.4039
8,4096,348,314,62.7011
8,4096,348,316,62.8064
8,4096,348,318,61.2749
8,4096,348,320,63.878
8,4096,348,322,61.2792
8,4096,348,324,62.0983
8,4096,348,326,64.1574
8,4096,348,328,61.9415
8,4096,348,330,62.572
8,4096,348,332,63.4172
8,4096,348,334,61.5181
8,4096,348,336,63.0809
8,4096,348,338,59.9461
8,4096,348,340,58.4642
8,4096,348,342,58.3402
8,4096,348,344,58.645
8,4096,348,346,53.7981
8,4096,350,2,51.8456
8,4096,350,4,71.9985
8,4096,350,6,95.4174
8,4096,350,8,102.0641
8,4096,350,10,100.6299
8,4096,350,12,102.2427
8,4096,350,14,108.9167
8,4096,350,16,119.0051
8,4096,350,18,108.1944
8,4096,350,20,106.9657
8,4096,350,22,106.4739
8,4096,350,24,112.5541
8,4096,350,26,103.9423
8,4096,350,28,104.8703
8,4096,350,30,104.6172
8,4096,350,32,109.1665
8,4096,350,34,105.6979
8,4096,350,36,104.8472
8,4096,350,38,92.606
8,4096,350,40,103.2361
8,4096,350,42,100.967
8,4096,350,44,102.9524
8,4096,350,46,97.2713
8,4096,350,48,84.6815
8,4096,350,50,85.0752
8,4096,350,52,86.5635
8,4096,350,54,87.3324
8,4096,350,56,86.1392
8,4096,350,58,84.5669
8,4096,350,60,85.132
8,4096,350,62,87.205
8,4096,350,64,80.261
8,4096,350,66,78.7387
8,4096,350,68,81.1985
8,4096,350,70,85.8301
8,4096,350,72,83.2366
8,4096,350,74,82.9728
8,4096,350,76,85.8334
8,4096,350,78,83.9818
8,4096,350,80,82.6371
8,4096,350,82,80.8582
8,4096,350,84,81.25
8,4096,350,86,80.82
8,4096,350,88,84.3798
8,4096,350,90,83.2266
8,4096,350,92,83.3908
8,4096,350,94,83.2729
8,4096,350,96,83.8711
8,4096,350,98,81.7745
8,4096,350,100,82.7295
8,4096,350,102,83.0638
8,4096,350,104,80.4751
8,4096,350,106,83.7759
8,4096,350,108,83.3942
8,4096,350,110,83.7156
8,4096,350,112,81.6827
8,4096,350,114,81.9709
8,4096,350,116,76.4983
8,4096,350,118,85.4628
8,4096,350,120,83.2407
8,4096,350,122,84.7449
8,4096,350,124,83.6838
8,4096,350,126,82.9357
8,4096,350,128,82.2366
8,4096,350,130,78.5452
8,4096,350,132,79.7368
8,4096,350,134,78.7252
8,4096,350,136,81.8298
8,4096,350,138,80.1281
8,4096,350,140,82.3862
8,4096,350,142,78.3687
8,4096,350,144,78.6115
8,4096,350,146,77.7656
8,4096,350,148,79.6416
8,4096,350,150,79.1474
8,4096,350,152,74.9789
8,4096,350,154,76.5787
8,4096,350,156,78.2289
8,4096,350,158,78.9512
8,4096,350,160,79.4549
8,4096,350,162,76.178
8,4096,350,164,71.7117
8,4096,350,166,77.2475
8,4096,350,168,78.9395
8,4096,350,170,78.2507
8,4096,350,172,74.6082
8,4096,350,174,77.1705
8,4096,350,176,80.818
8,4096,350,178,84.2486
8,4096,350,180,80.7717
8,4096,350,182,79.664
8,4096,350,184,77.9747
8,4096,350,186,78.0239
8,4096,350,188,82.377
8,4096,350,190,81.2736
8,4096,350,192,77.612
8,4096,350,194,75.933
8,4096,350,196,75.4116
8,4096,350,198,76.1301
8,4096,350,200,72.5957
8,4096,350,202,74.485
8,4096,350,204,76.0557
8,4096,350,206,76.1621
8,4096,350,208,74.2842
8,4096,350,210,76.6695
8,4096,350,212,74.2307
8,4096,350,214,72.5987
8,4096,350,216,73.6208
8,4096,350,218,71.087
8,4096,350,220,69.901
8,4096,350,222,72.4353
8,4096,350,224,71.4607
8,4096,350,226,72.5884
8,4096,350,228,70.5344
8,4096,350,230,69.3927
8,4096,350,232,67.2178
8,4096,350,234,70.9332
8,4096,350,236,73.171
8,4096,350,238,70.9229
8,4096,350,240,71.4137
8,4096,350,242,70.8925
8,4096,350,244,69.8781
8,4096,350,246,71.8293
8,4096,350,248,69.6185
8,4096,350,250,70.386
8,4096,350,252,70.0639
8,4096,350,254,67.9625
8,4096,350,256,68.7175
8,4096,350,258,69.1779
8,4096,350,260,67.4013
8,4096,350,262,68.8403
8,4096,350,264,66.0336
8,4096,350,266,67.9702
8,4096,350,268,65.7959
8,4096,350,270,66.6827
8,4096,350,272,66.6569
8,4096,350,274,66.8077
8,4096,350,276,66.045
8,4096,350,278,67.9417
8,4096,350,280,66.075
8,4096,350,282,67.3748
8,4096,350,284,63.9432
8,4096,350,286,68.3116
8,4096,350,288,65.7952
8,4096,350,290,66.1397
8,4096,350,292,66.3544
8,4096,350,294,65.146
8,4096,350,296,61.95
8,4096,350,298,60.1014
8,4096,350,300,65.5025
8,4096,350,302,64.6587
8,4096,350,304,65.8066
8,4096,350,306,66.007
8,4096,350,308,64.8338
8,4096,350,310,65.8803
8,4096,350,312,63.3377
8,4096,350,314,63.0168
8,4096,350,316,64.8415
8,4096,350,318,63.4225
8,4096,350,320,64.7069
8,4096,350,322,62.8021
8,4096,350,324,62.3219
8,4096,350,326,64.2271
8,4096,350,328,63.0771
8,4096,350,330,64.9624
8,4096,350,332,64.218
8,4096,350,334,62.9875
8,4096,350,336,65.5105
8,4096,350,338,59.9431
8,4096,350,340,60.6423
8,4096,350,342,60.9495
8,4096,350,344,59.5888
8,4096,350,346,61.0134
8,4096,350,348,59.9842
8,4096,352,2,48.3426
8,4096,352,4,69.2529
8,4096,352,6,96.2482
8,4096,352,8,111.906
8,4096,352,10,101.1748
8,4096,352,12,106.7038
8,4096,352,14,108.8724
8,4096,352,16,111.5428
8,4096,352,18,107.6784
8,4096,352,20,106.4175
8,4096,352,22,111.6906
8,4096,352,24,106.7585
8,4096,352,26,105.9712
8,4096,352,28,102.9894
8,4096,352,30,105.9157
8,4096,352,32,96.4358
8,4096,352,34,96.1935
8,4096,352,36,100.096
8,4096,352,38,99.6214
8,4096,352,40,102.6547
8,4096,352,42,99.5859
8,4096,352,44,101.0227
8,4096,352,46,99.5039
8,4096,352,48,81.6543
8,4096,352,50,84.5526
8,4096,352,52,82.8336
8,4096,352,54,85.9024
8,4096,352,56,81.2789
8,4096,352,58,78.5259
8,4096,352,60,80.3467
8,4096,352,62,80.6318
8,4096,352,64,82.0801
8,4096,352,66,82.7033
8,4096,352,68,82.5272
8,4096,352,70,82.301
8,4096,352,72,79.3091
8,4096,352,74,77.3661
8,4096,352,76,79.48
8,4096,352,78,83.9844
8,4096,352,80,82.3643
8,4096,352,82,80.7811
8,4096,352,84,81.8862
8,4096,352,86,79.825
8,4096,352,88,80.6055
8,4096,352,90,81.8072
8,4096,352,92,80.9404
8,4096,352,94,83.4122
8,4096,352,96,80.2645
8,4096,352,98,80.491
8,4096,352,100,79.6371
8,4096,352,102,81.3911
8,4096,352,104,79.4871
8,4096,352,106,83.32
8,4096,352,108,81.3981
8,4096,352,110,82.0103
8,4096,352,112,80.0761
8,4096,352,114,78.9105
8,4096,352,116,79.0345
8,4096,352,118,85.2144
8,4096,352,120,83.5476
8,4096,352,122,78.9248
8,4096,352,124,80.7652
8,4096,352,126,79.2851
8,4096,352,128,76.8809
8,4096,352,130,77.7522
8,4096,352,132,80.4136
8,4096,352,134,80.1179
8,4096,352,136,79.9374
8,4096,352,138,76.617
8,4096,352,140,80.546
8,4096,352,142,75.8818
8,4096,352,144,79.8322
8,4096,352,146,79.0176
8,4096,352,148,80.2276
8,4096,352,150,77.2488
8,4096,352,152,75.5982
8,4096,352,154,79.3784
8,4096,352,156,79.4547
8,4096,352,158,78.4158
8,4096,352,160,78.7756
8,4096,352,162,75.2978
8,4096,352,164,77.5389
8,4096,352,166,78.3506
8,4096,352,168,78.0777
8,4096,352,170,76.8173
8,4096,352,172,75.6554
8,4096,352,174,77.2894
8,4096,352,176,76.2759
8,4096,352,178,82.571
8,4096,352,180,79.8734
8,4096,352,182,81.2627
8,4096,352,184,79.3185
8,4096,352,186,82.3595
8,4096,352,188,79.1156
8,4096,352,190,80.7566
8,4096,352,192,75.2066
8,4096,352,194,75.3668
8,4096,352,196,75.5736
8,4096,352,198,75.0089
8,4096,352,200,77.2836
8,4096,352,202,74.7863
8,4096,352,204,71.0471
8,4096,352,206,75.3667
8,4096,352,208,75.2063
8,4096,352,210,74.5549
8,4096,352,212,75.7483
8,4096,352,214,75.1088
8,4096,352,216,71.4794
8,4096,352,218,74.6232
8,4096,352,220,69.9091
8,4096,352,222,71.6813
8,4096,352,224,73.5309
8,4096,352,226,69.9223
8,4096,352,228,70.2727
8,4096,352,230,72.0404
8,4096,352,232,71.2656
8,4096,352,234,72.7405
8,4096,352,236,70.365
8,4096,352,238,70.0826
8,4096,352,240,70.9668
8,4096,352,242,66.61
8,4096,352,244,69.217
8,4096,352,246,70.1679
8,4096,352,248,68.0856
8,4096,352,250,67.8228
8,4096,352,252,68.221
8,4096,352,254,67.7812
8,4096,352,256,69.5576
8,4096,352,258,66.4647
8,4096,352,260,70.1419
8,4096,352,262,67.581
8,4096,352,264,68.6762
8,4096,352,266,66.1991
8,4096,352,268,66.3565
8,4096,352,270,66.5318
8,4096,352,272,67.9966
8,4096,352,274,66.1301
8,4096,352,276,68.2904
8,4096,352,278,62.1711
8,4096,352,280,65.9789
8,4096,352,282,66.3359
8,4096,352,284,65.6862
8,4096,352,286,65.6572
8,4096,352,288,66.8309
8,4096,352,290,63.6021
8,4096,352,292,63.4848
8,4096,352,294,66.3978
8,4096,352,296,65.7072
8,4096,352,298,66.4469
8,4096,352,300,63.4601
8,4096,352,302,65.3794
8,4096,352,304,65.1651
8,4096,352,306,65.8379
8,4096,352,308,65.2153
8,4096,352,310,65.2589
8,4096,352,312,65.721
8,4096,352,314,62.9643
8,4096,352,316,65.8106
8,4096,352,318,63.0785
8,4096,352,320,64.7197
8,4096,352,322,65.3011
8,4096,352,324,63.7797
8,4096,352,326,65.57
8,4096,352,328,64.4171
8,4096,352,330,63.7757
8,4096,352,332,63.9148
8,4096,352,334,62.2578
8,4096,352,336,62.0675
8,4096,352,338,60.8013
8,4096,352,340,60.3109
8,4096,352,342,60.6317
8,4096,352,344,61.5854
8,4096,352,346,60.9769
8,4096,352,348,61.1619
8,4096,352,350,58.2773
8,4096,354,2,52.1269
8,4096,354,4,73.5545
8,4096,354,6,96.8528
8,4096,354,8,112.1916
8,4096,354,10,98.1192
8,4096,354,12,104.2965
8,4096,354,14,105.2492
8,4096,354,16,111.8817
8,4096,354,18,107.5797
8,4096,354,20,107.4181
8,4096,354,22,101.7774
8,4096,354,24,111.8514
8,4096,354,26,103.345
8,4096,354,28,103.8652
8,4096,354,30,102.0312
8,4096,354,32,100.9283
8,4096,354,34,99.4411
8,4096,354,36,101.6826
8,4096,354,38,97.0956
8,4096,354,40,102.6993
8,4096,354,42,89.4168
8,4096,354,44,89.5975
8,4096,354,46,97.1006
8,4096,354,48,82.7378
8,4096,354,50,79.2569
8,4096,354,52,82.9305
8,4096,354,54,83.9877
8,4096,354,56,82.634
8,4096,354,58,80.2915
8,4096,354,60,81.0058
8,4096,354,62,82.2868
8,4096,354,64,80.1419
8,4096,354,66,80.2869
8,4096,354,68,80.7153
8,4096,354,70,75.4032
8,4096,354,72,79.6948
8,4096,354,74,77.1325
8,4096,354,76,79.4094
8,4096,354,78,80.3204
8,4096,354,80,81.4172
8,4096,354,82,80.6
8,4096,354,84,81.8682
8,4096,354,86,78.3602
8,4096,354,88,77.1844
8,4096,354,90,82.1049
8,4096,354,92,82.0521
8,4096,354,94,79.8279
8,4096,354,96,81.0562
8,4096,354,98,79.3511
8,4096,354,100,79.5706
8,4096,354,102,79.0081
8,4096,354,104,83.0148
8,4096,354,106,81.427
8,4096,354,108,81.6802
8,4096,354,110,79.2132
8,4096,354,112,77.8234
8,4096,354,114,78.3682
8,4096,354,116,80.0593
8,4096,354,118,85.0614
8,4096,354,120,80.7348
8,4096,354,122,79.9421
8,4096,354,124,80.835
8,4096,354,126,80.1654
8,4096,354,128,79.9965
8,4096,354,130,81.7936
8,4096,354,132,81.2957
8,4096,354,134,78.8219
8,4096,354,136,76.4809
8,4096,354,138,80.3246
8,4096,354,140,78.0823
8,4096,354,142,77.3025
8,4096,354,144,76.6755
8,4096,354,146,79.0455
8,4096,354,148,76.8326
8,4096,354,150,77.6236
8,4096,354,152,76.21
8,4096,354,154,77.17
8,4096,354,156,77.6663
8,4096,354,158,77.1934
8,4096,354,160,75.337
8,4096,354,162,74.6973
8,4096,354,164,77.0635
8,4096,354,166,77.2195
8,4096,354,168,73.6102
8,4096,354,170,72.1396
8,4096,354,172,75.5833
8,4096,354,174,73.2563
8,4096,354,176,70.8384
8,4096,354,178,82.3509
8,4096,354,180,81.6833
8,4096,354,182,80.331
8,4096,354,184,78.0296
8,4096,354,186,77.6576
8,4096,354,188,78.6932
8,4096,354,190,80.3699
8,4096,354,192,75.6952
8,4096,354,194,73.618
8,4096,354,196,73.1625
8,4096,354,198,76.2607
8,4096,354,200,72.3841
8,4096,354,202,74.1907
8,4096,354,204,74.3012
8,4096,354,206,71.8073
8,4096,354,208,73.2366
8,4096,354,210,70.0474
8,4096,354,212,70.9099
8,4096,354,214,67.1696
8,4096,354,216,73.4906
8,4096,354,218,71.7823
8,4096,354,220,73.1367
8,4096,354,222,70.1085
8,4096,354,224,69.3004
8,4096,354,226,68.7399
8,4096,354,228,69.8833
8,4096,354,230,69.089
8,4096,354,232,69.8423
8,4096,354,234,70.9253
8,4096,354,236,69.7654
8,4096,354,238,70.3181
8,4096,354,240,68.7268
8,4096,354,242,70.2418
8,4096,354,244,68.9384
8,4096,354,246,68.9214
8,4096,354,248,69.3993
8,4096,354,250,69.4717
8,4096,354,252,67.1035
8,4096,354,254,64.6846
8,4096,354,256,65.7506
8,4096,354,258,69.1462
8,4096,354,260,67.0589
8,4096,354,262,67.2385
8,4096,354,264,66.7408
8,4096,354,266,67.72
8,4096,354,268,63.6807
8,4096,354,270,67.1478
8,4096,354,272,65.2231
8,4096,354,274,66.6665
8,4096,354,276,66.5135
8,4096,354,278,63.1469
8,4096,354,280,59.95
8,4096,354,282,62.87
8,4096,354,284,65.2527
8,4096,354,286,64.4234
8,4096,354,288,62.1305
8,4096,354,290,64.1945
8,4096,354,292,61.1643
8,4096,354,294,65.1289
8,4096,354,296,63.6759
8,4096,354,298,60.1208
8,4096,354,300,64.5923
8,4096,354,302,61.4254
8,4096,354,304,62.7945
8,4096,354,306,63.6495
8,4096,354,308,63.3938
8,4096,354,310,62.6506
8,4096,354,312,60.0753
8,4096,354,314,62.2217
8,4096,354,316,63.4039
8,4096,354,318,62.1873
8,4096,354,320,60.9355
8,4096,354,322,61.5298
8,4096,354,324,61.2908
8,4096,354,326,55.147
8,4096,354,328,59.9069
8,4096,354,330,62.2152
8,4096,354,332,56.7662
8,4096,354,334,57.3737
8,4096,354,336,60.9883
8,4096,354,338,59.2879
8,4096,354,340,58.4963
8,4096,354,342,59.3687
8,4096,354,344,58.1122
8,4096,354,346,54.6011
8,4096,354,348,58.0214
8,4096,354,350,58.9261
8,4096,354,352,57.1999
8,4096,356,2,49.5157
8,4096,356,4,70.3518
8,4096,356,6,94.7778
8,4096,356,8,107.3778
8,4096,356,10,100.6388
8,4096,356,12,105.557
8,4096,356,14,108.8189
8,4096,356,16,106.6066
8,4096,356,18,100.5146
8,4096,356,20,105.8699
8,4096,356,22,108.5302
8,4096,356,24,106.5176
8,4096,356,26,97.1915
8,4096,356,28,92.2871
8,4096,356,30,99.4511
8,4096,356,32,102.6521
8,4096,356,34,102.4769
8,4096,356,36,101.865
8,4096,356,38,94.5043
8,4096,356,40,97.5111
8,4096,356,42,94.6777
8,4096,356,44,99.2783
8,4096,356,46,97.2254
8,4096,356,48,80.5642
8,4096,356,50,85.7236
8,4096,356,52,87.2485
8,4096,356,54,86.1924
8,4096,356,56,82.8344
8,4096,356,58,82.1044
8,4096,356,60,82.91
8,4096,356,62,84.4422
8,4096,356,64,80.728
8,4096,356,66,85.1009
8,4096,356,68,80.7883
8,4096,356,70,81.2954
8,4096,356,72,80.673
8,4096,356,74,78.9496
8,4096,356,76,83.9703
8,4096,356,78,83.0354
8,4096,356,80,78.8122
8,4096,356,82,80.6556
8,4096,356,84,82.4156
8,4096,356,86,82.9385
8,4096,356,88,81.4481
8,4096,356,90,86.6689
8,4096,356,92,81.8899
8,4096,356,94,81.1541
8,4096,356,96,80.5838
8,4096,356,98,81.8021
8,4096,356,100,81.8362
8,4096,356,102,82.3806
8,4096,356,104,83.4673
8,4096,356,106,83.441
8,4096,356,108,81.7935
8,4096,356,110,82.9249
8,4096,356,112,83.305
8,4096,356,114,82.9886
8,4096,356,116,81.2171
8,4096,356,118,82.8324
8,4096,356,120,86.559
8,4096,356,122,84.6151
8,4096,356,124,86.5074
8,4096,356,126,80.7166
8,4096,356,128,81.8532
8,4096,356,130,81.3289
8,4096,356,132,81.5281
8,4096,356,134,81.7855
8,4096,356,136,83.5377
8,4096,356,138,83.921
8,4096,356,140,83.3303
8,4096,356,142,84.3492
8,4096,356,144,75.9965
8,4096,356,146,73.93
8,4096,356,148,80.9343
8,4096,356,150,81.6998
8,4096,356,152,81.8733
8,4096,356,154,82.8302
8,4096,356,156,76.9302
8,4096,356,158,80.4618
8,4096,356,160,79.3826
8,4096,356,162,82.1863
8,4096,356,164,79.8134
8,4096,356,166,81.3825
8,4096,356,168,75.4141
8,4096,356,170,80.8152
8,4096,356,172,79.8576
8,4096,356,174,79.6264
8,4096,356,176,76.9971
8,4096,356,178,83.9206
8,4096,356,180,81.8578
8,4096,356,182,83.3443
8,4096,356,184,82.7749
8,4096,356,186,85.0583
8,4096,356,188,85.782
8,4096,356,190,83.4228
8,4096,356,192,74.8753
8,4096,356,194,78.6922
8,4096,356,196,80.2517
8,4096,356,198,80.0696
8,4096,356,200,80.0994
8,4096,356,202,78.3779
8,4096,356,204,75.7236
8,4096,356,206,80.1506
8,4096,356,208,79.282
8,4096,356,210,76.8454
8,4096,356,212,76.3265
8,4096,356,214,77.9349
8,4096,356,216,79.0802
8,4096,356,218,73.8277
8,4096,356,220,74.1696
8,4096,356,222,75.2704
8,4096,356,224,76.3383
8,4096,356,226,75.2832
8,4096,356,228,65.7436
8,4096,356,230,70.6796
8,4096,356,232,70.6111
8,4096,356,234,70.469
8,4096,356,236,75.5353
8,4096,356,238,73.9263
8,4096,356,240,72.7073
8,4096,356,242,73.2377
8,4096,356,244,75.463
8,4096,356,246,72.9347
8,4096,356,248,71.9585
8,4096,356,250,74.3753
8,4096,356,252,71.9498
8,4096,356,254,62.7189
8,4096,356,256,64.4262
8,4096,356,258,69.4322
8,4096,356,260,59.187
8,4096,356,262,66.5028
8,4096,356,264,66.7921
8,4096,356,266,71.46
8,4096,356,268,70.8187
8,4096,356,270,70.3362
8,4096,356,272,67.8051
8,4096,356,274,70.9429
8,4096,356,276,69.8585
8,4096,356,278,71.732
8,4096,356,280,67.1107
8,4096,356,282,63.1092
8,4096,356,284,68.4784
8,4096,356,286,69.7344
8,4096,356,288,68.4202
8,4096,356,290,68.9376
8,4096,356,292,68.235
8,4096,356,294,67.874
8,4096,356,296,67.8668
8,4096,356,298,68.8048
8,4096,356,300,68.3659
8,4096,356,302,66.0847
8,4096,356,304,67.7503
8,4096,356,306,67.7159
8,4096,356,308,63.9846
8,4096,356,310,68.4062
8,4096,356,312,64.1147
8,4096,356,314,67.5562
8,4096,356,316,65.8507
8,4096,356,318,66.4415
8,4096,356,320,65.4848
8,4096,356,322,61.0142
8,4096,356,324,66.7536
8,4096,356,326,65.2424
8,4096,356,328,66.6255
8,4096,356,330,64.7196
8,4096,356,332,62.867
8,4096,356,334,65.8509
8,4096,356,336,64.9992
8,4096,356,338,64.7061
8,4096,356,340,62.7348
8,4096,356,342,59.6289
8,4096,356,344,64.2543
8,4096,356,346,61.8976
8,4096,356,348,62.9566
8,4096,356,350,63.5351
8,4096,356,352,58.0136
8,4096,356,354,63.9856
8,4096,358,2,50.8266
8,4096,358,4,71.5366
8,4096,358,6,95.8571
8,4096,358,8,111.1707
8,4096,358,10,100.15
8,4096,358,12,106.9175
8,4096,358,14,106.5111
8,4096,358,16,111.5307
8,4096,358,18,104.1625
8,4096,358,20,107.6519
8,4096,358,22,109.1983
8,4096,358,24,107.1547
8,4096,358,26,99.0436
8,4096,358,28,102.0513
8,4096,358,30,102.4729
8,4096,358,32,104.6827
8,4096,358,34,101.5869
8,4096,358,36,102.3216
8,4096,358,38,97.1761
8,4096,358,40,93.1573
8,4096,358,42,95.7862
8,4096,358,44,98.6573
8,4096,358,46,93.5736
8,4096,358,48,86.6953
8,4096,358,50,78.4386
8,4096,358,52,88.0614
8,4096,358,54,88.8122
8,4096,358,56,90.3053
8,4096,358,58,84.842
8,4096,358,60,82.8489
8,4096,358,62,84.6612
8,4096,358,64,84.6944
8,4096,358,66,85.487
8,4096,358,68,82.7242
8,4096,358,70,83.6542
8,4096,358,72,84.4743
8,4096,358,74,85.803
8,4096,358,76,85.3812
8,4096,358,78,87.61
8,4096,358,80,88.4306
8,4096,358,82,85.9128
8,4096,358,84,85.553
8,4096,358,86,83.962
8,4096,358,88,82.5701
8,4096,358,90,87.0673
8,4096,358,92,84.951
8,4096,358,94,84.0542
8,4096,358,96,84.6297
8,4096,358,98,82.2605
8,4096,358,100,83.5718
8,4096,358,102,85.2514
8,4096,358,104,86.8587
8,4096,358,106,84.3027
8,4096,358,108,85.9579
8,4096,358,110,85.2376
8,4096,358,112,81.7226
8,4096,358,114,80.6853
8,4096,358,116,82.7958
8,4096,358,118,81.9333
8,4096,358,120,85.774
8,4096,358,122,83.8701
8,4096,358,124,85.9113
8,4096,358,126,85.8565
8,4096,358,128,84.3845
8,4096,358,130,85.9612
8,4096,358,132,82.4701
8,4096,358,134,83.246
8,4096,358,136,81.6849
8,4096,358,138,80.7701
8,4096,358,140,79.6267
8,4096,358,142,84.9061
8,4096,358,144,84.0093
8,4096,358,146,82.727
8,4096,358,148,81.193
8,4096,358,150,79.3367
8,4096,358,152,79.734
8,4096,358,154,83.0511
8,4096,358,156,85.0422
8,4096,358,158,84.4487
8,4096,358,160,82.8523
8,4096,358,162,79.9731
8,4096,358,164,80.2198
8,4096,358,166,81.3963
8,4096,358,168,79.8828
8,4096,358,170,83.3167
8,4096,358,172,79.0949
8,4096,358,174,76.1093
8,4096,358,176,77.1213
8,4096,358,178,82.6811
8,4096,358,180,86.6649
8,4096,358,182,84.7848
8,4096,358,184,84.4705
8,4096,358,186,77.5568
8,4096,358,188,81.5136
8,4096,358,190,83.0398
8,4096,358,192,81.6472
8,4096,358,194,80.9466
8,4096,358,196,80.6903
8,4096,358,198,76.1234
8,4096,358,200,77.8752
8,4096,358,202,81.0591
8,4096,358,204,78.29
8,4096,358,206,79.9025
8,4096,358,208,78.4406
8,4096,358,210,73.941
8,4096,358,212,78.7206
8,4096,358,214,78.955
8,4096,358,216,75.3172
8,4096,358,218,76.952
8,4096,358,220,79.4145
8,4096,358,222,76.9458
8,4096,358,224,77.3687
8,4096,358,226,75.4014
8,4096,358,228,77.4739
8,4096,358,230,75.3556
8,4096,358,232,75.719
8,4096,358,234,76.8812
8,4096,358,236,76.4532
8,4096,358,238,74.8306
8,4096,358,240,77.0239
8,4096,358,242,76.8542
8,4096,358,244,74.5924
8,4096,358,246,76.0014
8,4096,358,248,74.9167
8,4096,358,250,73.0887
8,4096,358,252,74.3508
8,4096,358,254,72.2808
8,4096,358,256,74.5694
8,4096,358,258,75.3347
8,4096,358,260,73.8584
8,4096,358,262,75.4135
8,4096,358,264,74.1548
8,4096,358,266,72.5163
8,4096,358,268,68.7121
8,4096,358,270,71.4607
8,4096,358,272,72.7185
8,4096,358,274,69.5428
8,4096,358,276,70.8181
8,4096,358,278,70.8632
8,4096,358,280,70.5282
8,4096,358,282,72.0775
8,4096,358,284,70.3266
8,4096,358,286,72.5556
8,4096,358,288,67.7818
8,4096,358,290,67.2851
8,4096,358,292,69.4457
8,4096,358,294,69.3265
8,4096,358,296,70.8971
8,4096,358,298,68.5047
8,4096,358,300,70.447
8,4096,358,302,68.6884
8,4096,358,304,69.2669
8,4096,358,306,69.5792
8,4096,358,308,69.0103
8,4096,358,310,68.3167
8,4096,358,312,69.3532
8,4096,358,314,66.4636
8,4096,358,316,69.1131
8,4096,358,318,65.4522
8,4096,358,320,68.1263
8,4096,358,322,67.7738
8,4096,358,324,68.5859
8,4096,358,326,66.3126
8,4096,358,328,68.4297
8,4096,358,330,65.721
8,4096,358,332,65.8928
8,4096,358,334,66.9386
8,4096,358,336,67.545
8,4096,358,338,63.7918
8,4096,358,340,60.8512
8,4096,358,342,64.1176
8,4096,358,344,64.0831
8,4096,358,346,63.7305
8,4096,358,348,63.4434
8,4096,358,350,60.2992
8,4096,358,352,63.2165
8,4096,358,354,66.0476
8,4096,358,356,64.4986
8,4096,360,2,48.3453
8,4096,360,4,73.3931
8,4096,360,6,93.4249
8,4096,360,8,107.3156
8,4096,360,10,98.7648
8,4096,360,12,104.3139
8,4096,360,14,112.6847
8,4096,360,16,109.2577
8,4096,360,18,99.6511
8,4096,360,20,105.3506
8,4096,360,22,108.4198
8,4096,360,24,108.4645
8,4096,360,26,100.3673
8,4096,360,28,98.2397
8,4096,360,30,99.0651
8,4096,360,32,102.0333
8,4096,360,34,97.8167
8,4096,360,36,100.8845
8,4096,360,38,99.7059
8,4096,360,40,93.097
8,4096,360,42,92.2305
8,4096,360,44,93.8085
8,4096,360,46,98.857
8,4096,360,48,81.8624
8,4096,360,50,81.0897
8,4096,360,52,82.2113
8,4096,360,54,84.3195
8,4096,360,56,83.1394
8,4096,360,58,82.6359
8,4096,360,60,84.1339
8,4096,360,62,82.7654
8,4096,360,64,82.7841
8,4096,360,66,82.8904
8,4096,360,68,81.7288
8,4096,360,70,82.5774
8,4096,360,72,83.4231
8,4096,360,74,83.9295
8,4096,360,76,82.6549
8,4096,360,78,76.0535
8,4096,360,80,82.083
8,4096,360,82,80.2126
8,4096,360,84,82.4583
8,4096,360,86,82.9399
8,4096,360,88,81.2734
8,4096,360,90,83.6915
8,4096,360,92,80.2416
8,4096,360,94,82.1322
8,4096,360,96,77.8994
8,4096,360,98,83.2853
8,4096,360,100,81.3787
8,4096,360,102,83.1852
8,4096,360,104,79.8772
8,4096,360,106,83.9779
8,4096,360,108,82.1648
8,4096,360,110,82.4233
8,4096,360,112,78.743
8,4096,360,114,83.1479
8,4096,360,116,82.7571
8,4096,360,118,79.527
8,4096,360,120,79.192
8,4096,360,122,81.4343
8,4096,360,124,82.1802
8,4096,360,126,77.8039
8,4096,360,128,82.2034
8,4096,360,130,83.3958
8,4096,360,132,81.0293
8,4096,360,134,79.3291
8,4096,360,136,79.241
8,4096,360,138,80.6134
8,4096,360,140,82.9308
8,4096,360,142,79.0839
8,4096,360,144,76.3304
8,4096,360,146,73.2532
8,4096,360,148,78.1882
8,4096,360,150,79.8375
8,4096,360,152,78.9204
8,4096,360,154,77.7083
8,4096,360,156,78.6355
8,4096,360,158,77.531
8,4096,360,160,79.1335
8,4096,360,162,77.7284
8,4096,360,164,78.9608
8,4096,360,166,76.2832
8,4096,360,168,77.7019
8,4096,360,170,79.9957
8,4096,360,172,79.6284
8,4096,360,174,76.9517
8,4096,360,176,76.7374
8,4096,360,178,80.4674
8,4096,360,180,84.3077
8,4096,360,182,80.5209
8,4096,360,184,82.1882
8,4096,360,186,83.3943
8,4096,360,188,81.953
8,4096,360,190,81.6626
8,4096,360,192,77.9373
8,4096,360,194,75.0877
8,4096,360,196,80.0734
8,4096,360,198,77.5847
8,4096,360,200,76.3223
8,4096,360,202,76.6996
8,4096,360,204,79.211
8,4096,360,206,78.6727
8,4096,360,208,76.2751
8,4096,360,210,76.0343
8,4096,360,212,75.909
8,4096,360,214,78.4895
8,4096,360,216,75.8895
8,4096,360,218,74.8566
8,4096,360,220,76.9144
8,4096,360,222,76.8915
8,4096,360,224,72.9879
8,4096,360,226,76.9642
8,4096,360,228,76.4884
8,4096,360,230,74.576
8,4096,360,232,76.7618
8,4096,360,234,75.7923
8,4096,360,236,69.5054
8,4096,360,238,74.8031
8,4096,360,240,72.0811
8,4096,360,242,70.1783
8,4096,360,244,74.4464
8,4096,360,246,73.5036
8,4096,360,248,70.9378
8,4096,360,250,73.3219
8,4096,360,252,72.0363
8,4096,360,254,72.2822
8,4096,360,256,73.0891
8,4096,360,258,69.4467
8,4096,360,260,72.2291
8,4096,360,262,68.2266
8,4096,360,264,70.6433
8,4096,360,266,72.8516
8,4096,360,268,66.9457
8,4096,360,270,70.7414
8,4096,360,272,70.3406
8,4096,360,274,69.4897
8,4096,360,276,68.3987
8,4096,360,278,68.8002
8,4096,360,280,69.4028
8,4096,360,282,67.8902
8,4096,360,284,70.1569
8,4096,360,286,69.6306
8,4096,360,288,69.599
8,4096,360,290,65.2999
8,4096,360,292,70.2558
8,4096,360,294,67.8445
8,4096,360,296,69.7258
8,4096,360,298,66.8348
8,4096,360,300,66.6084
8,4096,360,302,67.9715
8,4096,360,304,69.109
8,4096,360,306,67.5955
8,4096,360,308,67.4444
8,4096,360,310,67.3104
8,4096,360,312,67.2985
8,4096,360,314,67.2502
8,4096,360,316,68.1494
8,4096,360,318,66.3389
8,4096,360,320,67.7044
8,4096,360,322,66.4289
8,4096,360,324,67.4846
8,4096,360,326,64.9975
8,4096,360,328,66.8547
8,4096,360,330,63.7087
8,4096,360,332,61.2362
8,4096,360,334,61.7205
8,4096,360,336,64.7357
8,4096,360,338,65.9111
8,4096,360,340,64.0238
8,4096,360,342,60.2824
8,4096,360,344,65.9365
8,4096,360,346,63.2017
8,4096,360,348,64.6112
8,4096,360,350,63.7554
8,4096,360,352,62.2428
8,4096,360,354,65.5242
8,4096,360,356,63.6358
8,4096,360,358,64.3944
8,4096,362,2,48.9957
8,4096,362,4,70.6899
8,4096,362,6,91.9473
8,4096,362,8,103.1028
8,4096,362,10,95.6355
8,4096,362,12,103.7319
8,4096,362,14,106.1383
8,4096,362,16,106.3167
8,4096,362,18,94.729
8,4096,362,20,96.6884
8,4096,362,22,103.1727
8,4096,362,24,100.9131
8,4096,362,26,100.5509
8,4096,362,28,98.4577
8,4096,362,30,97.7414
8,4096,362,32,94.0667
8,4096,362,34,90.7766
8,4096,362,36,92.1163
8,4096,362,38,93.6191
8,4096,362,40,93.0589
8,4096,362,42,92.5139
8,4096,362,44,89.1736
8,4096,362,46,92.1517
8,4096,362,48,81.4293
8,4096,362,50,78.9109
8,4096,362,52,82.5921
8,4096,362,54,81.1898
8,4096,362,56,81.9261
8,4096,362,58,77.6964
8,4096,362,60,73.0397
8,4096,362,62,81.6404
8,4096,362,64,82.2636
8,4096,362,66,81.0932
8,4096,362,68,78.4173
8,4096,362,70,77.1829
8,4096,362,72,79.1589
8,4096,362,74,82.7328
8,4096,362,76,77.1852
8,4096,362,78,77.5082
8,4096,362,80,77.2702
8,4096,362,82,79.8816
8,4096,362,84,77.8795
8,4096,362,86,77.9795
8,4096,362,88,77.5691
8,4096,362,90,78.2284
8,4096,362,92,82.5811
8,4096,362,94,80.7826
8,4096,362,96,78.34
8,4096,362,98,79.8881
8,4096,362,100,78.9974
8,4096,362,102,81.5972
8,4096,362,104,79.9848
8,4096,362,106,77.9408
8,4096,362,108,79.0462
8,4096,362,110,79.4275
8,4096,362,112,79.1711
8,4096,362,114,77.3267
8,4096,362,116,76.7372
8,4096,362,118,78.0499
8,4096,362,120,77.1974
8,4096,362,122,79.9574
8,4096,362,124,78.5966
8,4096,362,126,76.9751
8,4096,362,128,77.4454
8,4096,362,130,79.8167
8,4096,362,132,77.5443
8,4096,362,134,79.6773
8,4096,362,136,76.7576
8,4096,362,138,79.4147
8,4096,362,140,78.6351
8,4096,362,142,80.9918
8,4096,362,144,78.6685
8,4096,362,146,76.895
8,4096,362,148,75.89
8,4096,362,150,78.1257
8,4096,362,152,77.3953
8,4096,362,154,76.0314
8,4096,362,156,77.1136
8,4096,362,158,79.6458
8,4096,362,160,78.5358
8,4096,362,162,78.803
8,4096,362,164,76.9188
8,4096,362,166,76.5268
8,4096,362,168,77.2818
8,4096,362,170,79.6954
8,4096,362,172,75.2329
8,4096,362,174,75.7232
8,4096,362,176,77.9998
8,4096,362,178,79.4256
8,4096,362,180,78.9378
8,4096,362,182,81.2791
8,4096,362,184,79.4714
8,4096,362,186,80.6114
8,4096,362,188,82.4318
8,4096,362,190,83.4049
8,4096,362,192,78.1079
8,4096,362,194,76.7796
8,4096,362,196,75.8698
8,4096,362,198,76.4422
8,4096,362,200,75.4641
8,4096,362,202,76.5537
8,4096,362,204,76.9728
8,4096,362,206,77.2394
8,4096,362,208,77.5627
8,4096,362,210,76.0553
8,4096,362,212,75.728
8,4096,362,214,77.0279
8,4096,362,216,74.3257
8,4096,362,218,76.8114
8,4096,362,220,76.3994
8,4096,362,222,70.2212
8,4096,362,224,70.7
8,4096,362,226,75.7441
8,4096,362,228,72.5732
8,4096,362,230,70.0596
8,4096,362,232,75.4306
8,4096,362,234,72.9673
8,4096,362,236,72.7146
8,4096,362,238,74.6097
8,4096,362,240,68.7617
8,4096,362,242,72.2181
8,4096,362,244,73.0941
8,4096,362,246,70.7843
8,4096,362,248,72.7478
8,4096,362,250,72.4732
8,4096,362,252,69.3813
8,4096,362,254,71.869
8,4096,362,256,71.3723
8,4096,362,258,71.9088
8,4096,362,260,72.4741
8,4096,362,262,71.2017
8,4096,362,264,72.2974
8,4096,362,266,71.0374
8,4096,362,268,69.8585
8,4096,362,270,71.1404
8,4096,362,272,70.5183
8,4096,362,274,71.2518
8,4096,362,276,70.1512
8,4096,362,278,71.2775
8,4096,362,280,69.7163
8,4096,362,282,67.8985
8,4096,362,284,67.0608
8,4096,362,286,67.4779
8,4096,362,288,61.4455
8,4096,362,290,70.7479
8,4096,362,292,68.7723
8,4096,362,294,68.6026
8,4096,362,296,68.0089
8,4096,362,298,67.917
8,4096,362,300,66.2472
8,4096,362,302,67.7137
8,4096,362,304,67.1826
8,4096,362,306,69.0037
8,4096,362,308,66.9335
8,4096,362,310,68.7959
8,4096,362,312,65.6472
8,4096,362,314,66.8372
8,4096,362,316,65.6874
8,4096,362,318,67.0637
8,4096,362,320,66.7629
8,4096,362,322,65.9616
8,4096,362,324,66.0442
8,4096,362,326,61.6286
8,4096,362,328,65.4153
8,4096,362,330,67.6284
8,4096,362,332,68.2832
8,4096,362,334,65.4405
8,4096,362,336,66.63
8,4096,362,338,65.102
8,4096,362,340,65.4437
8,4096,362,342,63.9324
8,4096,362,344,63.974
8,4096,362,346,65.6686
8,4096,362,348,65.3591
8,4096,362,350,65.2964
8,4096,362,352,64.0634
8,4096,362,354,64.2573
8,4096,362,356,65.5268
8,4096,362,358,63.2073
8,4096,362,360,64.0129
8,4096,364,2,47.2769
8,4096,364,4,68.1493
8,4096,364,6,89.8679
8,4096,364,8,99.3212
8,4096,364,10,91.1651
8,4096,364,12,98.5347
8,4096,364,14,104.7443
8,4096,364,16,101.1957
8,4096,364,18,96.4111
8,4096,364,20,95.5815
8,4096,364,22,100.6238
8,4096,364,24,93.8666
8,4096,364,26,92.5955
8,4096,364,28,90.1154
8,4096,364,30,91.4751
8,4096,364,32,91.2698
8,4096,364,34,89.2878
8,4096,364,36,88.8322
8,4096,364,38,91.6717
8,4096,364,40,85.7213
8,4096,364,42,90.5933
8,4096,364,44,89.8142
8,4096,364,46,88.2893
8,4096,364,48,78.9034
8,4096,364,50,77.9491
8,4096,364,52,79.8977
8,4096,364,54,81.8411
8,4096,364,56,80.9026
8,4096,364,58,79.9094
8,4096,364,60,77.2438
8,4096,364,62,77.6246
8,4096,364,64,81.9786
8,4096,364,66,79.6296
8,4096,364,68,80.5132
8,4096,364,70,77.7849
8,4096,364,72,76.8407
8,4096,364,74,79.0306
8,4096,364,76,80.826
8,4096,364,78,78.9512
8,4096,364,80,80.6364
8,4096,364,82,77.6694
8,4096,364,84,80.1298
8,4096,364,86,79.6479
8,4096,364,88,79.504
8,4096,364,90,78.1737
8,4096,364,92,79.0886
8,4096,364,94,79.5613
8,4096,364,96,81.019
8,4096,364,98,80.389
8,4096,364,100,79.8423
8,4096,364,102,78.9748
8,4096,364,104,78.7427
8,4096,364,106,79.4028
8,4096,364,108,82.6211
8,4096,364,110,81.033
8,4096,364,112,79.139
8,4096,364,114,79.0564
8,4096,364,116,80.0901
8,4096,364,118,79.065
8,4096,364,120,78.6292
8,4096,364,122,81.3515
8,4096,364,124,79.6845
8,4096,364,126,78.877
8,4096,364,128,80.3926
8,4096,364,130,79.1828
8,4096,364,132,81.5263
8,4096,364,134,77.904
8,4096,364,136,77.9628
8,4096,364,138,79.5073
8,4096,364,140,80.8631
8,4096,364,142,78.9883
8,4096,364,144,80.2689
8,4096,364,146,75.8898
8,4096,364,148,74.0338
8,4096,364,150,76.5376
8,4096,364,152,78.5183
8,4096,364,154,75.2177
8,4096,364,156,76.4453
8,4096,364,158,74.0355
8,4096,364,160,78.9194
8,4096,364,162,78.2591
8,4096,364,164,77.2528
8,4096,364,166,75.5879
8,4096,364,168,76.5152
8,4096,364,170,72.2899
8,4096,364,172,71.1928
8,4096,364,174,78.1853
8,4096,364,176,75.9577
8,4096,364,178,70.5991
8,4096,364,180,71.6975
8,4096,364,182,80.9503
8,4096,364,184,80.9274
8,4096,364,186,82.8157
8,4096,364,188,79.0855
8,4096,364,190,80.0572
8,4096,364,192,77.0153
8,4096,364,194,78.6074
8,4096,364,196,76.6702
8,4096,364,198,76.65
8,4096,364,200,75.4738
8,4096,364,202,73.0348
8,4096,364,204,68.5701
8,4096,364,206,72.1363
8,4096,364,208,69.3102
8,4096,364,210,74.0336
8,4096,364,212,74.982
8,4096,364,214,73.3543
8,4096,364,216,73.1197
8,4096,364,218,74.7409
8,4096,364,220,70.6789
8,4096,364,222,73.5161
8,4096,364,224,75.8995
8,4096,364,226,73.3352
8,4096,364,228,74.8054
8,4096,364,230,73.9856
8,4096,364,232,73.3512
8,4096,364,234,73.6335
8,4096,364,236,72.6311
8,4096,364,238,71.4657
8,4096,364,240,73.0454
8,4096,364,242,70.9101
8,4096,364,244,72.2174
8,4096,364,246,71.1469
8,4096,364,248,71.2796
8,4096,364,250,72.0451
8,4096,364,252,70.69
8,4096,364,254,70.1359
8,4096,364,256,68.7489
8,4096,364,258,70.7148
8,4096,364,260,69.8837
8,4096,364,262,64.155
8,4096,364,264,70.0586
8,4096,364,266,68.8867
8,4096,364,268,69.1889
8,4096,364,270,67.5144
8,4096,364,272,70.2598
8,4096,364,274,69.3643
8,4096,364,276,69.6059
8,4096,364,278,67.5205
8,4096,364,280,69.2954
8,4096,364,282,67.3338
8,4096,364,284,67.3441
8,4096,364,286,63.3994
8,4096,364,288,68.6883
8,4096,364,290,65.6837
8,4096,364,292,67.9238
8,4096,364,294,65.3014
8,4096,364,296,66.5826
8,4096,364,298,64.6481
8,4096,364,300,66.7732
8,4096,364,302,64.8296
8,4096,364,304,67.0924
8,4096,364,306,62.1531
8,4096,364,308,64.3878
8,4096,364,310,65.0776
8,4096,364,312,64.7627
8,4096,364,314,64.9945
8,4096,364,316,63.506
8,4096,364,318,64.1156
8,4096,364,320,65.2785
8,4096,364,322,63.1245
8,4096,364,324,64.2755
8,4096,364,326,60.0571
8,4096,364,328,63.1859
8,4096,364,330,65.5499
8,4096,364,332,64.2991
8,4096,364,334,66.2661
8,4096,364,336,63.6697
8,4096,364,338,60.6908
8,4096,364,340,63.1766
8,4096,364,342,62.8286
8,4096,364,344,60.9091
8,4096,364,346,63.5544
8,4096,364,348,62.9603
8,4096,364,350,65.2831
8,4096,364,352,64.7235
8,4096,364,354,62.5294
8,4096,364,356,61.1647
8,4096,364,358,61.4503
8,4096,364,360,62.2633
8,4096,364,362,60.5217
8,4096,366,2,47.6844
8,4096,366,4,68.0643
8,4096,366,6,88.4898
8,4096,366,8,103.1283
8,4096,366,10,92.3448
8,4096,366,12,97.5622
8,4096,366,14,99.8574
8,4096,366,16,104.1983
8,4096,366,18,94.8876
8,4096,366,20,95.094
8,4096,366,22,97.3487
8,4096,366,24,95.4651
8,4096,366,26,92.2473
8,4096,366,28,91.3026
8,4096,366,30,91.7866
8,4096,366,32,92.2932
8,4096,366,34,93.3469
8,4096,366,36,92.0241
8,4096,366,38,89.0466
8,4096,366,40,91.4022
8,4096,366,42,90.8454
8,4096,366,44,90.6294
8,4096,366,46,93.1943
8,4096,366,48,80.9123
8,4096,366,50,78.4244
8,4096,366,52,72.7935
8,4096,366,54,77.1039
8,4096,366,56,81.1391
8,4096,366,58,79.1709
8,4096,366,60,74.7134
8,4096,366,62,79.6033
8,4096,366,64,80.0278
8,4096,366,66,78.2125
8,4096,366,68,75.9937
8,4096,366,70,75.9322
8,4096,366,72,77.1878
8,4096,366,74,77.5412
8,4096,366,76,77.495
8,4096,366,78,77.99
8,4096,366,80,79.7464
8,4096,366,82,81.0643
8,4096,366,84,80.0822
8,4096,366,86,77.1611
8,4096,366,88,75.9242
8,4096,366,90,79.796
8,4096,366,92,81.9947
8,4096,366,94,80.5115
8,4096,366,96,79.208
8,4096,366,98,65.5539
8,4096,366,100,73.4895
8,4096,366,102,76.6909
8,4096,366,104,75.7975
8,4096,366,106,79.1943
8,4096,366,108,80.7262
8,4096,366,110,79.552
8,4096,366,112,75.0573
8,4096,366,114,77.8248
8,4096,366,116,78.2417
8,4096,366,118,80.1185
8,4096,366,120,76.4558
8,4096,366,122,80.9919
8,4096,366,124,76.1981
8,4096,366,126,79.8193
8,4096,366,128,79.7104
8,4096,366,130,78.9825
8,4096,366,132,76.2859
8,4096,366,134,77.8657
8,4096,366,136,76.7494
8,4096,366,138,79.7178
8,4096,366,140,77.8717
8,4096,366,142,79.569
8,4096,366,144,75.9721
8,4096,366,146,78.978
8,4096,366,148,77.7307
8,4096,366,150,76.0098
8,4096,366,152,77.6237
8,4096,366,154,79.9778
8,4096,366,156,79.0923
8,4096,366,158,76.3543
8,4096,366,160,78.2658
8,4096,366,162,77.9001
8,4096,366,164,77.2233
8,4096,366,166,76.049
8,4096,366,168,72.173
8,4096,366,170,78.1956
8,4096,366,172,77.4405
8,4096,366,174,75.7254
8,4096,366,176,75.2716
8,4096,366,178,77.3576
8,4096,366,180,79.8305
8,4096,366,182,74.3151
8,4096,366,184,76.2913
8,4096,366,186,82.8331
8,4096,366,188,81.8184
8,4096,366,190,82.5983
8,4096,366,192,72.3594
8,4096,366,194,71.3255
8,4096,366,196,77.9142
8,4096,366,198,76.7435
8,4096,366,200,74.9836
8,4096,366,202,77.4526
8,4096,366,204,76.4569
8,4096,366,206,74.5058
8,4096,366,208,77.9317
8,4096,366,210,74.9019
8,4096,366,212,73.4912
8,4096,366,214,75.4084
8,4096,366,216,75.5903
8,4096,366,218,74.6846
8,4096,366,220,73.7675
8,4096,366,222,74.4557
8,4096,366,224,72.7753
8,4096,366,226,75.085
8,4096,366,228,72.3116
8,4096,366,230,72.8258
8,4096,366,232,71.9419
8,4096,366,234,71.3574
8,4096,366,236,71.5356
8,4096,366,238,71.2785
8,4096,366,240,71.1618
8,4096,366,242,72.8503
8,4096,366,244,71.1318
8,4096,366,246,72.2354
8,4096,366,248,70.657
8,4096,366,250,71.3827
8,4096,366,252,71.4993
8,4096,366,254,69.2241
8,4096,366,256,70.494
8,4096,366,258,69.0951
8,4096,366,260,68.0391
8,4096,366,262,69.3763
8,4096,366,264,70.0484
8,4096,366,266,67.1479
8,4096,366,268,68.7628
8,4096,366,270,69.3157
8,4096,366,272,69.9423
8,4096,366,274,68.6481
8,4096,366,276,68.5652
8,4096,366,278,67.8051
8,4096,366,280,69.4774
8,4096,366,282,66.5965
8,4096,366,284,68.7615
8,4096,366,286,66.8344
8,4096,366,288,68.2036
8,4096,366,290,66.2207
8,4096,366,292,66.3533
8,4096,366,294,66.1532
8,4096,366,296,67.7062
8,4096,366,298,66.4322
8,4096,366,300,63.7804
8,4096,366,302,66.3967
8,4096,366,304,65.8077
8,4096,366,306,65.132
8,4096,366,308,65.416
8,4096,366,310,64.1388
8,4096,366,312,65.6244
8,4096,366,314,64.9268
8,4096,366,316,63.9828
8,4096,366,318,63.7656
8,4096,366,320,65.6818
8,4096,366,322,65.6363
8,4096,366,324,64.7035
8,4096,366,326,64.7315
8,4096,366,328,64.028
8,4096,366,330,66.1772
8,4096,366,332,66.5461
8,4096,366,334,64.65
8,4096,366,336,66.0447
8,4096,366,338,59.7567
8,4096,366,340,61.0062
8,4096,366,342,62.6907
8,4096,366,344,61.8497
8,4096,366,346,61.9315
8,4096,366,348,63.8845
8,4096,366,350,63.7673
8,4096,366,352,63.5305
8,4096,366,354,63.6011
8,4096,366,356,61.0411
8,4096,366,358,60.2887
8,4096,366,360,63.5785
8,4096,366,362,59.9091
8,4096,366,364,59.7986
8,4096,368,2,46.0084
8,4096,368,4,63.8719
8,4096,368,6,83.4361
8,4096,368,8,94.9664
8,4096,368,10,88.9706
8,4096,368,12,88.6142
8,4096,368,14,96.3468
8,4096,368,16,93.7683
8,4096,368,18,91.7294
8,4096,368,20,89.0162
8,4096,368,22,92.336
8,4096,368,24,90.0284
8,4096,368,26,91.0058
8,4096,368,28,85.5441
8,4096,368,30,88.5187
8,4096,368,32,91.0957
8,4096,368,34,88.7695
8,4096,368,36,87.6307
8,4096,368,38,91.2274
8,4096,368,40,88.8422
8,4096,368,42,85.5024
8,4096,368,44,87.0973
8,4096,368,46,89.7891
8,4096,368,48,77.4439
8,4096,368,50,75.2761
8,4096,368,52,72.1522
8,4096,368,54,79.4603
8,4096,368,56,77.0193
8,4096,368,58,75.3663
8,4096,368,60,74.468
8,4096,368,62,80.1145
8,4096,368,64,77.5377
8,4096,368,66,77.4042
8,4096,368,68,74.6051
8,4096,368,70,79.5888
8,4096,368,72,76.5857
8,4096,368,74,76.998
8,4096,368,76,75.0577
8,4096,368,78,80.142
8,4096,368,80,77.9145
8,4096,368,82,77.1052
8,4096,368,84,77.025
8,4096,368,86,78.4647
8,4096,368,88,78.2784
8,4096,368,90,74.68
8,4096,368,92,78.6587
8,4096,368,94,80.037
8,4096,368,96,80.0475
8,4096,368,98,76.8508
8,4096,368,100,76.8125
8,4096,368,102,78.7729
8,4096,368,104,78.4774
8,4096,368,106,79.4567
8,4096,368,108,77.7668
8,4096,368,110,78.5555
8,4096,368,112,78.4455
8,4096,368,114,81.2407
8,4096,368,116,81.29
8,4096,368,118,80.3053
8,4096,368,120,77.8266
8,4096,368,122,76.3754
8,4096,368,124,81.3959
8,4096,368,126,80.5057
8,4096,368,128,80.4168
8,4096,368,130,80.1175
8,4096,368,132,79.3951
8,4096,368,134,80.7581
8,4096,368,136,81.6598
8,4096,368,138,75.7712
8,4096,368,140,78.9116
8,4096,368,142,80.6069
8,4096,368,144,79.3927
8,4096,368,146,80.2947
8,4096,368,148,76.7723
8,4096,368,150,74.8038
8,4096,368,152,78.1927
8,4096,368,154,79.2428
8,4096,368,156,78.5973
8,4096,368,158,71.2143
8,4096,368,160,75.1148
8,4096,368,162,78.6884
8,4096,368,164,76.4372
8,4096,368,166,74.5618
8,4096,368,168,74.6141
8,4096,368,170,78.7425
8,4096,368,172,74.6851
8,4096,368,174,73.2728
8,4096,368,176,76.4318
8,4096,368,178,78.3954
8,4096,368,180,75.1744
8,4096,368,182,74.3142
8,4096,368,184,74.763
8,4096,368,186,81.5786
8,4096,368,188,78.254
8,4096,368,190,80.2359
8,4096,368,192,73.7829
8,4096,368,194,76.8787
8,4096,368,196,72.3531
8,4096,368,198,76.174
8,4096,368,200,75.8554
8,4096,368,202,77.3457
8,4096,368,204,75.4197
8,4096,368,206,74.4424
8,4096,368,208,75.8729
8,4096,368,210,74.6216
8,4096,368,212,75.3895
8,4096,368,214,76.3585
8,4096,368,216,73.3429
8,4096,368,218,74.5645
8,4096,368,220,74.8725
8,4096,368,222,73.0884
8,4096,368,224,74.962
8,4096,368,226,72.7028
8,4096,368,228,72.797
8,4096,368,230,72.4073
8,4096,368,232,72.3221
8,4096,368,234,73.1938
8,4096,368,236,73.0361
8,4096,368,238,71.0999
8,4096,368,240,73.0357
8,4096,368,242,71.27
8,4096,368,244,70.6466
8,4096,368,246,68.9171
8,4096,368,248,70.5488
8,4096,368,250,72.4024
8,4096,368,252,70.7404
8,4096,368,254,70.8685
8,4096,368,256,71.6507
8,4096,368,258,69.4149
8,4096,368,260,69.4173
8,4096,368,262,67.574
8,4096,368,264,64.187
8,4096,368,266,67.8109
8,4096,368,268,69.7081
8,4096,368,270,68.2132
8,4096,368,272,69.7904
8,4096,368,274,67.4201
8,4096,368,276,67.5175
8,4096,368,278,65.6746
8,4096,368,280,68.0951
8,4096,368,282,60.6175
8,4096,368,284,65.787
8,4096,368,286,65.8876
8,4096,368,288,65.4443
8,4096,368,290,66.4329
8,4096,368,292,64.4609
8,4096,368,294,64.4708
8,4096,368,296,65.2218
8,4096,368,298,64.3377
8,4096,368,300,63.0908
8,4096,368,302,62.6265
8,4096,368,304,61.7256
8,4096,368,306,65.441
8,4096,368,308,61.2458
8,4096,368,310,63.1446
8,4096,368,312,64.3211
8,4096,368,314,60.9285
8,4096,368,316,62.0433
8,4096,368,318,63.055
8,4096,368,320,63.4353
8,4096,368,322,62.653
8,4096,368,324,61.3998
8,4096,368,326,60.8557
8,4096,368,328,62.7167
8,4096,368,330,63.2637
8,4096,368,332,62.1297
8,4096,368,334,60.4975
8,4096,368,336,62.2282
8,4096,368,338,61.5643
8,4096,368,340,61.4558
8,4096,368,342,61.3677
8,4096,368,344,61.0322
8,4096,368,346,60.5399
8,4096,368,348,61.998
8,4096,368,350,60.5091
8,4096,368,352,59.0854
8,4096,368,354,61.9656
8,4096,368,356,62.6239
8,4096,368,358,59.8464
8,4096,368,360,60.5436
8,4096,368,362,58.039
8,4096,368,364,59.0578
8,4096,368,366,58.9482
8,4096,370,2,44.5784
8,4096,370,4,65.5122
8,4096,370,6,86.6872
8,4096,370,8,96.3673
8,4096,370,10,86.2483
8,4096,370,12,90.7529
8,4096,370,14,95.1289
8,4096,370,16,98.1663
8,4096,370,18,87.2251
8,4096,370,20,91.9281
8,4096,370,22,83.0812
8,4096,370,24,80.7611
8,4096,370,26,87.0092
8,4096,370,28,84.8933
8,4096,370,30,90.0399
8,4096,370,32,87.269
8,4096,370,34,85.6874
8,4096,370,36,88.8422
8,4096,370,38,90.2227
8,4096,370,40,88.831
8,4096,370,42,91.3207
8,4096,370,44,88.2718
8,4096,370,46,86.7451
8,4096,370,48,79.1366
8,4096,370,50,74.6365
8,4096,370,52,74.4304
8,4096,370,54,79.4889
8,4096,370,56,78.3569
8,4096,370,58,75.9529
8,4096,370,60,74.8411
8,4096,370,62,75.1756
8,4096,370,64,75.6633
8,4096,370,66,76.0737
8,4096,370,68,76.5994
8,4096,370,70,75.9517
8,4096,370,72,74.4925
8,4096,370,74,78.9945
8,4096,370,76,78.2027
8,4096,370,78,73.6312
8,4096,370,80,75.4897
8,4096,370,82,79.2979
8,4096,370,84,80.6164
8,4096,370,86,75.4248
8,4096,370,88,75.5828
8,4096,370,90,70.1246
8,4096,370,92,77.3959
8,4096,370,94,79.9441
8,4096,370,96,78.2013
8,4096,370,98,79.5806
8,4096,370,100,79.1313
8,4096,370,102,76.8661
8,4096,370,104,76.7768
8,4096,370,106,78.5168
8,4096,370,108,81.3677
8,4096,370,110,79.7588
8,4096,370,112,77.6868
8,4096,370,114,76.3475
8,4096,370,116,77.2795
8,4096,370,118,71.2472
8,4096,370,120,71.9749
8,4096,370,122,77.7763
8,4096,370,124,77.8817
8,4096,370,126,78.1999
8,4096,370,128,75.5847
8,4096,370,130,76.9682
8,4096,370,132,78.7259
8,4096,370,134,79.0695
8,4096,370,136,74.6957
8,4096,370,138,76.5633
8,4096,370,140,79.5985
8,4096,370,142,78.2021
8,4096,370,144,77.2554
8,4096,370,146,76.1992
8,4096,370,148,75.492
8,4096,370,150,77.3697
8,4096,370,152,75.9891
8,4096,370,154,76.2987
8,4096,370,156,78.3578
8,4096,370,158,76.7951
8,4096,370,160,74.097
8,4096,370,162,75.2209
8,4096,370,164,76.7982
8,4096,370,166,76.8237
8,4096,370,168,74.0912
8,4096,370,170,75.7657
8,4096,370,172,76.1972
8,4096,370,174,74.2995
8,4096,370,176,71.939
8,4096,370,178,74.3081
8,4096,370,180,75.523
8,4096,370,182,72.3357
8,4096,370,184,74.3413
8,4096,370,186,79.7408
8,4096,370,188,79.3698
8,4096,370,190,81.0701
8,4096,370,192,75.0044
8,4096,370,194,74.8262
8,4096,370,196,74.5085
8,4096,370,198,76.0128
8,4096,370,200,75.5341
8,4096,370,202,74.5335
8,4096,370,204,68.4634
8,4096,370,206,76.3491
8,4096,370,208,74.4704
8,4096,370,210,74.6875
8,4096,370,212,76.5462
8,4096,370,214,74.1774
8,4096,370,216,73.5201
8,4096,370,218,73.2411
8,4096,370,220,70.5888
8,4096,370,222,72.9313
8,4096,370,224,68.3555
8,4096,370,226,70.6335
8,4096,370,228,74.0375
8,4096,370,230,72.5462
8,4096,370,232,74.3978
8,4096,370,234,73.9526
8,4096,370,236,71.3723
8,4096,370,238,70.0021
8,4096,370,240,71.2262
8,4096,370,242,70.2301
8,4096,370,244,70.1204
8,4096,370,246,70.7136
8,4096,370,248,65.5304
8,4096,370,250,66.57
8,4096,370,252,72.5601
8,4096,370,254,71.6358
8,4096,370,256,69.1014
8,4096,370,258,72.1631
8,4096,370,260,70.8457
8,4096,370,262,71.1927
8,4096,370,264,69.6619
8,4096,370,266,70.0424
8,4096,370,268,68.516
8,4096,370,270,68.3367
8,4096,370,272,69.3848
8,4096,370,274,68.8583
8,4096,370,276,68.2001
8,4096,370,278,69.2149
8,4096,370,280,67.295
8,4096,370,282,67.8617
8,4096,370,284,67.6096
8,4096,370,286,68.0763
8,4096,370,288,66.6983
8,4096,370,290,67.6972
8,4096,370,292,66.1479
8,4096,370,294,68.1407
8,4096,370,296,65.8053
8,4096,370,298,67.3476
8,4096,370,300,65.5676
8,4096,370,302,65.8646
8,4096,370,304,67.5104
8,4096,370,306,68.0244
8,4096,370,308,65.4225
8,4096,370,310,66.9118
8,4096,370,312,64.3388
8,4096,370,314,64.9681
8,4096,370,316,65.8348
8,4096,370,318,65.1925
8,4096,370,320,66.6324
8,4096,370,322,62.7673
8,4096,370,324,63.6057
8,4096,370,326,65.8836
8,4096,370,328,64.9728
8,4096,370,330,60.6899
8,4096,370,332,62.1667
8,4096,370,334,64.4114
8,4096,370,336,65.305
8,4096,370,338,63.1455
8,4096,370,340,65.1304
8,4096,370,342,63.4444
8,4096,370,344,62.6325
8,4096,370,346,64.6268
8,4096,370,348,63.2787
8,4096,370,350,62.6197
8,4096,370,352,60.774
8,4096,370,354,62.3285
8,4096,370,356,62.7903
8,4096,370,358,63.4868
8,4096,370,360,62.3737
8,4096,370,362,59.0405
8,4096,370,364,60.1976
8,4096,370,366,58.839
8,4096,370,368,59.3065
8,4096,372,2,42.7971
8,4096,372,4,63.4574
8,4096,372,6,81.0104
8,4096,372,8,91.5372
8,4096,372,10,80.0861
8,4096,372,12,84.8818
8,4096,372,14,92.0841
8,4096,372,16,88.1608
8,4096,372,18,87.3202
8,4096,372,20,84.5386
8,4096,372,22,86.737
8,4096,372,24,82.6595
8,4096,372,26,78.3071
8,4096,372,28,80.7293
8,4096,372,30,84.6663
8,4096,372,32,79.7803
8,4096,372,34,79.271
8,4096,372,36,83.1407
8,4096,372,38,87.4701
8,4096,372,40,84.0425
8,4096,372,42,87.5462
8,4096,372,44,81.5195
8,4096,372,46,81.4654
8,4096,372,48,72.3987
8,4096,372,50,73.7674
8,4096,372,52,71.7512
8,4096,372,54,73.2613
8,4096,372,56,75.6651
8,4096,372,58,70.7213
8,4096,372,60,68.5882
8,4096,372,62,70.4928
8,4096,372,64,73.809
8,4096,372,66,74.8927
8,4096,372,68,74.8049
8,4096,372,70,76.3288
8,4096,372,72,73.5486
8,4096,372,74,73.6646
8,4096,372,76,73.3744
8,4096,372,78,77.3122
8,4096,372,80,72.9542
8,4096,372,82,75.9266
8,4096,372,84,76.5507
8,4096,372,86,75.2212
8,4096,372,88,74.7259
8,4096,372,90,73.922
8,4096,372,92,71.4801
8,4096,372,94,79.3656
8,4096,372,96,77.7574
8,4096,372,98,76.7157
8,4096,372,100,74.4928
8,4096,372,102,77.0794
8,4096,372,104,78.0475
8,4096,372,106,75.5985
8,4096,372,108,75.379
8,4096,372,110,79.4669
8,4096,372,112,76.41
8,4096,372,114,76.6829
8,4096,372,116,71.2255
8,4096,372,118,77.2107
8,4096,372,120,76.4044
8,4096,372,122,75.1493
8,4096,372,124,80.4559
8,4096,372,126,77.4545
8,4096,372,128,74.9049
8,4096,372,130,75.4512
8,4096,372,132,76.105
8,4096,372,134,78.1096
8,4096,372,136,77.159
8,4096,372,138,77.532
8,4096,372,140,76.3373
8,4096,372,142,78.9628
8,4096,372,144,79.4514
8,4096,372,146,74.6828
8,4096,372,148,76.7048
8,4096,372,150,76.6425
8,4096,372,152,76.1649
8,4096,372,154,74.9492
8,4096,372,156,75.3175
8,4096,372,158,75.3332
8,4096,372,160,70.9024
8,4096,372,162,74.3637
8,4096,372,164,76.6077
8,4096,372,166,73.3535
8,4096,372,168,74.9303
8,4096,372,170,78.3831
8,4096,372,172,76.4045
8,4096,372,174,74.8927
8,4096,372,176,74.5884
8,4096,372,178,77.4305
8,4096,372,180,77.7404
8,4096,372,182,74.9917
8,4096,372,184,72.4956
8,4096,372,186,80.6227
8,4096,372,188,80.5917
8,4096,372,190,78.574
8,4096,372,192,75.779
8,4096,372,194,75.2877
8,4096,372,196,73.9052
8,4096,372,198,76.4742
8,4096,372,200,72.7488
8,4096,372,202,75.544
8,4096,372,204,73.4471
8,4096,372,206,73.8303
8,4096,372,208,76.7487
8,4096,372,210,74.4732
8,4096,372,212,74.1609
8,4096,372,214,75.0187
8,4096,372,216,74.3931
8,4096,372,218,72.8638
8,4096,372,220,75.8755
8,4096,372,222,73.0977
8,4096,372,224,73.5694
8,4096,372,226,73.7466
8,4096,372,228,71.8156
8,4096,372,230,71.695
8,4096,372,232,73.4136
8,4096,372,234,71.3114
8,4096,372,236,72.4758
8,4096,372,238,70.5838
8,4096,372,240,67.5085
8,4096,372,242,72.4199
8,4096,372,244,70.5487
8,4096,372,246,71.5828
8,4096,372,248,69.2247
8,4096,372,250,71.1756
8,4096,372,252,70.1678
8,4096,372,254,70.614
8,4096,372,256,71.5224
8,4096,372,258,68.6027
8,4096,372,260,69.809
8,4096,372,262,67.6524
8,4096,372,264,69.9825
8,4096,372,266,66.9894
8,4096,372,268,68.5114
8,4096,372,270,68.1904
8,4096,372,272,67.4007
8,4096,372,274,67.1586
8,4096,372,276,67.2412
8,4096,372,278,66.6172
8,4096,372,280,67.2757
8,4096,372,282,64.0534
8,4096,372,284,68.3539
8,4096,372,286,65.6493
8,4096,372,288,66.7267
8,4096,372,290,64.5275
8,4096,372,292,64.6596
8,4096,372,294,67.0911
8,4096,372,296,65.8425
8,4096,372,298,66.4419
8,4096,372,300,60.0752
8,4096,372,302,63.849
8,4096,372,304,66.1758
8,4096,372,306,63.9245
8,4096,372,308,65.6181
8,4096,372,310,60.0223
8,4096,372,312,60.0637
8,4096,372,314,63.3989
8,4096,372,316,62.7388
8,4096,372,318,63.1837
8,4096,372,320,64.5476
8,4096,372,322,60.5862
8,4096,372,324,62.6067
8,4096,372,326,64.9173
8,4096,372,328,59.1393
8,4096,372,330,60.3169
8,4096,372,332,64.0078
8,4096,372,334,62.4562
8,4096,372,336,61.7154
8,4096,372,338,63.3658
8,4096,372,340,61.8009
8,4096,372,342,61.2625
8,4096,372,344,62.477
8,4096,372,346,60.4003
8,4096,372,348,60.9754
8,4096,372,350,61.2294
8,4096,372,352,61.3283
8,4096,372,354,61.2932
8,4096,372,356,63.5702
8,4096,372,358,61.7346
8,4096,372,360,57.4042
8,4096,372,362,58.801
8,4096,372,364,58.8641
8,4096,372,366,59.4506
8,4096,372,368,58.5794
8,4096,372,370,59.8749
8,4096,374,2,42.7074
8,4096,374,4,64.3353
8,4096,374,6,80.7473
8,4096,374,8,93.677
8,4096,374,10,84.9198
8,4096,374,12,87.5121
8,4096,374,14,94.8012
8,4096,374,16,94.1133
8,4096,374,18,89.5645
8,4096,374,20,90.4914
8,4096,374,22,90.4951
8,4096,374,24,91.8173
8,4096,374,26,87.6709
8,4096,374,28,87.4582
8,4096,374,30,88.9725
8,4096,374,32,90.5611
8,4096,374,34,84.8224
8,4096,374,36,89.7702
8,4096,374,38,90.3261
8,4096,374,40,89.1377
8,4096,374,42,89.7826
8,4096,374,44,90.2577
8,4096,374,46,88.5931
8,4096,374,48,81.0961
8,4096,374,50,77.7164
8,4096,374,52,76.9426
8,4096,374,54,77.958
8,4096,374,56,80.3655
8,4096,374,58,80.0319
8,4096,374,60,79.8459
8,4096,374,62,75.7859
8,4096,374,64,77.8048
8,4096,374,66,81.7746
8,4096,374,68,80.7743
8,4096,374,70,80.3313
8,4096,374,72,75.6034
8,4096,374,74,76.3152
8,4096,374,76,81.0647
8,4096,374,78,80.235
8,4096,374,80,80.9419
8,4096,374,82,80.7122
8,4096,374,84,78.3542
8,4096,374,86,77.8276
8,4096,374,88,80.6776
8,4096,374,90,80.0089
8,4096,374,92,77.672
8,4096,374,94,81.4496
8,4096,374,96,79.7341
8,4096,374,98,83.9843
8,4096,374,100,82.9009
8,4096,374,102,78.7389
8,4096,374,104,79.0384
8,4096,374,106,81.6389
8,4096,374,108,80.2176
8,4096,374,110,82.326
8,4096,374,112,80.5409
8,4096,374,114,82.8805
8,4096,374,116,76.4167
8,4096,374,118,80.0959
8,4096,374,120,78.686
8,4096,374,122,77.8807
8,4096,374,124,80.899
8,4096,374,126,83.2915
8,4096,374,128,84.4551
8,4096,374,130,81.062
8,4096,374,132,76.8867
8,4096,374,134,81.2366
8,4096,374,136,83.2593
8,4096,374,138,83.4451
8,4096,374,140,79.3472
8,4096,374,142,79.3712
8,4096,374,144,77.2794
8,4096,374,146,82.9548
8,4096,374,148,82.7454
8,4096,374,150,81.7306
8,4096,374,152,76.4861
8,4096,374,154,78.7448
8,4096,374,156,76.5201
8,4096,374,158,79.5151
8,4096,374,160,81.0731
8,4096,374,162,79.1293
8,4096,374,164,77.8133
8,4096,374,166,78.2773
8,4096,374,168,79.6874
8,4096,374,170,80.7845
8,4096,374,172,78.4382
8,4096,374,174,78.6239
8,4096,374,176,78.4508
8,4096,374,178,78.4217
8,4096,374,180,80.1739
8,4096,374,182,79.7998
8,4096,374,184,79.4851
8,4096,374,186,75.8753
8,4096,374,188,81.1533
8,4096,374,190,83.3075
8,4096,374,192,82.2151
8,4096,374,194,81.3027
8,4096,374,196,79.3558
8,4096,374,198,77.9035
8,4096,374,200,78.2486
8,4096,374,202,79.5289
8,4096,374,204,76.503
8,4096,374,206,78.7164
8,4096,374,208,78.084
8,4096,374,210,76.4396
8,4096,374,212,78.8469
8,4096,374,214,76.8365
8,4096,374,216,77.2212
8,4096,374,218,78.4774
8,4096,374,220,77.4197
8,4096,374,222,75.8283
8,4096,374,224,76.2316
8,4096,374,226,76.8664
8,4096,374,228,76.3762
8,4096,374,230,73.6146
8,4096,374,232,73.3805
8,4096,374,234,75.7772
8,4096,374,236,76.2762
8,4096,374,238,70.7417
8,4096,374,240,75.9548
8,4096,374,242,74.9419
8,4096,374,244,73.1328
8,4096,374,246,74.0896
8,4096,374,248,68.7738
8,4096,374,250,71.997
8,4096,374,252,76.1761
8,4096,374,254,76.1191
8,4096,374,256,73.4252
8,4096,374,258,75.9764
8,4096,374,260,74.252
8,4096,374,262,73.3084
8,4096,374,264,74.1401
8,4096,374,266,73.0503
8,4096,374,268,70.6758
8,4096,374,270,74.53
8,4096,374,272,71.9183
8,4096,374,274,72.7575
8,4096,374,276,69.6772
8,4096,374,278,70.5422
8,4096,374,280,71.5418
8,4096,374,282,68.0095
8,4096,374,284,72.8499
8,4096,374,286,68.7482
8,4096,374,288,70.3928
8,4096,374,290,69.4656
8,4096,374,292,69.3584
8,4096,374,294,70.6882
8,4096,374,296,68.8491
8,4096,374,298,70.3902
8,4096,374,300,68.4672
8,4096,374,302,63.4635
8,4096,374,304,65.0523
8,4096,374,306,71.2283
8,4096,374,308,68.5851
8,4096,374,310,69.56
8,4096,374,312,68.1102
8,4096,374,314,68.5601
8,4096,374,316,67.1384
8,4096,374,318,68.6799
8,4096,374,320,65.496
8,4096,374,322,67.5574
8,4096,374,324,67.9704
8,4096,374,326,68.5617
8,4096,374,328,66.9635
8,4096,374,330,68.9609
8,4096,374,332,65.8551
8,4096,374,334,67.4005
8,4096,374,336,65.7426
8,4096,374,338,66.2919
8,4096,374,340,64.5902
8,4096,374,342,66.474
8,4096,374,344,65.7815
8,4096,374,346,63.5342
8,4096,374,348,63.9898
8,4096,374,350,64.5932
8,4096,374,352,66.9096
8,4096,374,354,65.3249
8,4096,374,356,64.2805
8,4096,374,358,65.285
8,4096,374,360,66.3921
8,4096,374,362,62.5417
8,4096,374,364,61.9903
8,4096,374,366,59.0025
8,4096,374,368,53.6178
8,4096,374,370,60.4159
8,4096,374,372,60.8458
8,4096,376,2,43.6219
8,4096,376,4,64.3385
8,4096,376,6,80.6446
8,4096,376,8,92.0282
8,4096,376,10,86.0059
8,4096,376,12,87.0179
8,4096,376,14,93.1233
8,4096,376,16,89.2353
8,4096,376,18,87.4794
8,4096,376,20,87.8131
8,4096,376,22,89.984
8,4096,376,24,88.57
8,4096,376,26,87.7251
8,4096,376,28,85.5223
8,4096,376,30,85.0833
8,4096,376,32,86.5103
8,4096,376,34,82.4871
8,4096,376,36,83.4499
8,4096,376,38,89.1124
8,4096,376,40,88.1939
8,4096,376,42,89.5123
8,4096,376,44,84.1706
8,4096,376,46,86.4506
8,4096,376,48,78.8942
8,4096,376,50,73.4765
8,4096,376,52,72.5463
8,4096,376,54,74.3735
8,4096,376,56,73.6199
8,4096,376,58,73.9825
8,4096,376,60,74.8054
8,4096,376,62,73.423
8,4096,376,64,70.2269
8,4096,376,66,78.4778
8,4096,376,68,76.3212
8,4096,376,70,76.5307
8,4096,376,72,74.9559
8,4096,376,74,76.4697
8,4096,376,76,76.0203
8,4096,376,78,76.0926
8,4096,376,80,75.631
8,4096,376,82,76.6565
8,4096,376,84,77.2795
8,4096,376,86,79.3431
8,4096,376,88,78.3084
8,4096,376,90,76.9035
8,4096,376,92,74.4771
8,4096,376,94,78.6872
8,4096,376,96,79.7374
8,4096,376,98,77.2263
8,4096,376,100,76.7745
8,4096,376,102,77.6996
8,4096,376,104,77.1956
8,4096,376,106,75.5038
8,4096,376,108,75.8916
8,4096,376,110,80.5349
8,4096,376,112,79.1493
8,4096,376,114,76.6473
8,4096,376,116,76.246
8,4096,376,118,76.3723
8,4096,376,120,78.0532
8,4096,376,122,75.2595
8,4096,376,124,75.1845
8,4096,376,126,78.646
8,4096,376,128,80.3497
8,4096,376,130,79.9962
8,4096,376,132,80.1816
8,4096,376,134,79.06
8,4096,376,136,78.726
8,4096,376,138,79.5077
8,4096,376,140,79.2672
8,4096,376,142,78.3493
8,4096,376,144,77.3481
8,4096,376,146,76.8212
8,4096,376,148,79.4658
8,4096,376,150,77.4883
8,4096,376,152,76.0296
8,4096,376,154,76.7047
8,4096,376,156,75.7354
8,4096,376,158,79.5849
8,4096,376,160,79.2918
8,4096,376,162,76.6918
8,4096,376,164,77.9344
8,4096,376,166,77.4833
8,4096,376,168,80.1713
8,4096,376,170,80.6641
8,4096,376,172,75.7576
8,4096,376,174,76.3018
8,4096,376,176,75.9041
8,4096,376,178,75.2687
8,4096,376,180,79.1461
8,4096,376,182,76.0172
8,4096,376,184,77.9761
8,4096,376,186,79.2033
8,4096,376,188,79.9048
8,4096,376,190,82.4949
8,4096,376,192,76.6427
8,4096,376,194,76.3643
8,4096,376,196,78.2161
8,4096,376,198,76.8224
8,4096,376,200,76.6015
8,4096,376,202,77.8989
8,4096,376,204,78.6498
8,4096,376,206,75.5991
8,4096,376,208,74.7731
8,4096,376,210,76.8004
8,4096,376,212,77.2361
8,4096,376,214,76.4773
8,4096,376,216,73.8941
8,4096,376,218,78.0315
8,4096,376,220,74.752
8,4096,376,222,75.8234
8,4096,376,224,72.1218
8,4096,376,226,76.573
8,4096,376,228,69.22
8,4096,376,230,71.473
8,4096,376,232,75.2718
8,4096,376,234,74.6776
8,4096,376,236,74.8801
8,4096,376,238,74.43
8,4096,376,240,74.0707
8,4096,376,242,73.4937
8,4096,376,244,74.3195
8,4096,376,246,69.4585
8,4096,376,248,75.3275
8,4096,376,250,73.4897
8,4096,376,252,73.4938
8,4096,376,254,75.4173
8,4096,376,256,72.8096
8,4096,376,258,71.8718
8,4096,376,260,73.931
8,4096,376,262,72.5378
8,4096,376,264,71.7948
8,4096,376,266,66.7563
8,4096,376,268,67.7998
8,4096,376,270,73.4457
8,4096,376,272,71.5097
8,4096,376,274,69.3316
8,4096,376,276,72.6365
8,4096,376,278,71.4369
8,4096,376,280,72.7729
8,4096,376,282,72.3012
8,4096,376,284,69.8621
8,4096,376,286,71.8534
8,4096,376,288,69.9097
8,4096,376,290,68.6499
8,4096,376,292,69.0219
8,4096,376,294,70.8144
8,4096,376,296,71.126
8,4096,376,298,68.257
8,4096,376,300,71.0546
8,4096,376,302,64.8304
8,4096,376,304,62.3495
8,4096,376,306,68.963
8,4096,376,308,68.8571
8,4096,376,310,60.4707
8,4096,376,312,63.9468
8,4096,376,314,60.9994
8,4096,376,316,61.9588
8,4096,376,318,61.1244
8,4096,376,320,63.3485
8,4096,376,322,59.6948
8,4096,376,324,63.0742
8,4096,376,326,63.8
8,4096,376,328,63.361
8,4096,376,330,61.4754
8,4096,376,332,64.6777
8,4096,376,334,58.6129
8,4096,376,336,62.5526
8,4096,376,338,63.3638
8,4096,376,340,64.4668
8,4096,376,342,66.7321
8,4096,376,344,66.1039
8,4096,376,346,67.9537
8,4096,376,348,65.4632
8,4096,376,350,60.9125
8,4096,376,352,66.2807
8,4096,376,354,67.6475
8,4096,376,356,65.9182
8,4096,376,358,66.4159
8,4096,376,360,65.7172
8,4096,376,362,65.4915
8,4096,376,364,64.0431
8,4096,376,366,64.6332
8,4096,376,368,59.397
8,4096,376,370,66.0946
8,4096,376,372,63.4769
8,4096,376,374,63.2235
8,4096,378,2,42.315
8,4096,378,4,62.1858
8,4096,378,6,85.8522
8,4096,378,8,93.6128
8,4096,378,10,87.6684
8,4096,378,12,92.1033
8,4096,378,14,97.2256
8,4096,378,16,98.7353
8,4096,378,18,91.2234
8,4096,378,20,95.5805
8,4096,378,22,94.5884
8,4096,378,24,93.5651
8,4096,378,26,90.3036
8,4096,378,28,90.7502
8,4096,378,30,91.7187
8,4096,378,32,92.6768
8,4096,378,34,87.4469
8,4096,378,36,90.3976
8,4096,378,38,90.899
8,4096,378,40,92.8653
8,4096,378,42,89.3201
8,4096,378,44,90.4152
8,4096,378,46,89.1962
8,4096,378,48,81.0023
8,4096,378,50,77.986
8,4096,378,52,77.6062
8,4096,378,54,79.1033
8,4096,378,56,80.5739
8,4096,378,58,78.1031
8,4096,378,60,76.2554
8,4096,378,62,74.5549
8,4096,378,64,81.5967
8,4096,378,66,79.4341
8,4096,378,68,79.8075
8,4096,378,70,77.8068
8,4096,378,72,79.0041
8,4096,378,74,77.5971
8,4096,378,76,82.5734
8,4096,378,78,77.5316
8,4096,378,80,78.4429
8,4096,378,82,78.7404
8,4096,378,84,81.6074
8,4096,378,86,79.9368
8,4096,378,88,77.0165
8,4096,378,90,76.8601
8,4096,378,92,79.0292
8,4096,378,94,79.4026
8,4096,378,96,81.8104
8,4096,378,98,80.1377
8,4096,378,100,79.3805
8,4096,378,102,81.3022
8,4096,378,104,77.4602
8,4096,378,106,79.7007
8,4096,378,108,78.4288
8,4096,378,110,77.8977
8,4096,378,112,80.9476
8,4096,378,114,81.3917
8,4096,378,116,77.7575
8,4096,378,118,79.9928
8,4096,378,120,79.0862
8,4096,378,122,77.7584
8,4096,378,124,81.3673
8,4096,378,126,83.2633
8,4096,378,128,80.0263
8,4096,378,130,81.8988
8,4096,378,132,81.289
8,4096,378,134,78.5912
8,4096,378,136,81.8621
8,4096,378,138,81.4951
8,4096,378,140,79.6578
8,4096,378,142,82.1016
8,4096,378,144,79.382
8,4096,378,146,77.6518
8,4096,378,148,80.4444
8,4096,378,150,81.1265
8,4096,378,152,79.3495
8,4096,378,154,78.6365
8,4096,378,156,79.033
8,4096,378,158,75.9926
8,4096,378,160,78.1566
8,4096,378,162,77.5196
8,4096,378,164,76.9356
8,4096,378,166,78.396
8,4096,378,168,78.6027
8,4096,378,170,75.3245
8,4096,378,172,79.1511
8,4096,378,174,77.9806
8,4096,378,176,76.8386
8,4096,378,178,78.1664
8,4096,378,180,76.2536
8,4096,378,182,76.9281
8,4096,378,184,77.9454
8,4096,378,186,77.3641
8,4096,378,188,77.4635
8,4096,378,190,82.2868
8,4096,378,192,81.6496
8,4096,378,194,79.2982
8,4096,378,196,77.5623
8,4096,378,198,77.834
8,4096,378,200,75.027
8,4096,378,202,78.1539
8,4096,378,204,77.0699
8,4096,378,206,78.1439
8,4096,378,208,78.1804
8,4096,378,210,78.234
8,4096,378,212,73.8354
8,4096,378,214,76.8668
8,4096,378,216,78.5154
8,4096,378,218,77.9509
8,4096,378,220,75.9883
8,4096,378,222,75.6289
8,4096,378,224,78.6103
8,4096,378,226,76.0348
8,4096,378,228,74.3174
8,4096,378,230,77.6933
8,4096,378,232,78.3962
8,4096,378,234,76.2165
8,4096,378,236,76.1018
8,4096,378,238,78.0215
8,4096,378,240,76.3483
8,4096,378,242,74.2212
8,4096,378,244,72.4344
8,4096,378,246,69.2681
8,4096,378,248,71.6425
8,4096,378,250,75.0864
8,4096,378,252,75.9418
8,4096,378,254,73.4666
8,4096,378,256,65.1835
8,4096,378,258,64.023
8,4096,378,260,72.0438
8,4096,378,262,72.0572
8,4096,378,264,72.6439
8,4096,378,266,68.927
8,4096,378,268,71.8674
8,4096,378,270,72.5698
8,4096,378,272,71.8637
8,4096,378,274,73.2838
8,4096,378,276,70.1256
8,4096,378,278,72.2175
8,4096,378,280,70.8127
8,4096,378,282,72.7615
8,4096,378,284,59.9427
8,4096,378,286,57.7749
8,4096,378,288,59.2439
8,4096,378,290,64.071
8,4096,378,292,71.0629
8,4096,378,294,68.6543
8,4096,378,296,72.528
8,4096,378,298,60.8326
8,4096,378,300,70.6096
8,4096,378,302,66.4419
8,4096,378,304,69.9241
8,4096,378,306,68.5188
8,4096,378,308,68.3879
8,4096,378,310,65.8987
8,4096,378,312,69.6852
8,4096,378,314,68.2299
8,4096,378,316,70.0373
8,4096,378,318,68.2942
8,4096,378,320,69.5837
8,4096,378,322,68.2868
8,4096,378,324,69.8758
8,4096,378,326,65.4151
8,4096,378,328,68.5507
8,4096,378,330,66.3169
8,4096,378,332,69.1199
8,4096,378,334,66.3964
8,4096,378,336,68.0065
8,4096,378,338,66.6259
8,4096,378,340,66.2445
8,4096,378,342,64.8855
8,4096,378,344,67.2933
8,4096,378,346,66.3684
8,4096,378,348,66.9484
8,4096,378,350,65.8245
8,4096,378,352,63.2824
8,4096,378,354,64.0981
8,4096,378,356,66.4637
8,4096,378,358,64.8831
8,4096,378,360,64.284
8,4096,378,362,61.858
8,4096,378,364,61.3738
8,4096,378,366,63.2265
8,4096,378,368,59.7956
8,4096,378,370,64.0197
8,4096,378,372,59.147
8,4096,378,374,61.6087
8,4096,378,376,61.7754
8,4096,380,2,43.3768
8,4096,380,4,60.5573
8,4096,380,6,80.3093
8,4096,380,8,93.7881
8,4096,380,10,87.7357
8,4096,380,12,90.3328
8,4096,380,14,95.2403
8,4096,380,16,96.897
8,4096,380,18,89.0113
8,4096,380,20,92.6317
8,4096,380,22,92.8823
8,4096,380,24,93.1792
8,4096,380,26,91.2955
8,4096,380,28,92.2775
8,4096,380,30,91.6883
8,4096,380,32,93.6546
8,4096,380,34,87.4071
8,4096,380,36,91.1079
8,4096,380,38,91.8566
8,4096,380,40,91.9838
8,4096,380,42,88.9091
8,4096,380,44,91.7256
8,4096,380,46,89.7757
8,4096,380,48,82.1299
8,4096,380,50,82.6002
8,4096,380,52,75.7017
8,4096,380,54,76.0034
8,4096,380,56,79.7464
8,4096,380,58,81.4672
8,4096,380,60,79.3978
8,4096,380,62,79.5289
8,4096,380,64,79.248
8,4096,380,66,81.3435
8,4096,380,68,80.917
8,4096,380,70,82.4239
8,4096,380,72,77.8794
8,4096,380,74,77.7818
8,4096,380,76,79.2204
8,4096,380,78,81.8856
8,4096,380,80,80.4217
8,4096,380,82,80.8123
8,4096,380,84,80.1875
8,4096,380,86,80.6328
8,4096,380,88,79.9742
8,4096,380,90,81.9187
8,4096,380,92,81.199
8,4096,380,94,79.4423
8,4096,380,96,81.8476
8,4096,380,98,82.7366
8,4096,380,100,78.8663
8,4096,380,102,83.4315
8,4096,380,104,81.5617
8,4096,380,106,83.6223
8,4096,380,108,79.0332
8,4096,380,110,78.8013
8,4096,380,112,78.0803
8,4096,380,114,83.8989
8,4096,380,116,83.912
8,4096,380,118,83.3395
8,4096,380,120,79.9181
8,4096,380,122,81.4812
8,4096,380,124,80.2043
8,4096,380,126,79.725
8,4096,380,128,84.131
8,4096,380,130,84.4509
8,4096,380,132,84.2314
8,4096,380,134,84.0736
8,4096,380,136,81.9539
8,4096,380,138,78.6385
8,4096,380,140,80.1812
8,4096,380,142,81.7711
8,4096,380,144,82.364
8,4096,380,146,82.2547
8,4096,380,148,80.1888
8,4096,380,150,81.5198
8,4096,380,152,79.0987
8,4096,380,154,79.8055
8,4096,380,156,78.3054
8,4096,380,158,79.7294
8,4096,380,160,67.6569
8,4096,380,162,73.6751
8,4096,380,164,78.63
8,4096,380,166,80.6463
8,4096,380,168,80.7054
8,4096,380,170,82.039
8,4096,380,172,78.0586
8,4096,380,174,79.1338
8,4096,380,176,77.9909
8,4096,380,178,81.0243
8,4096,380,180,81.1107
8,4096,380,182,79.7392
8,4096,380,184,76.1856
8,4096,380,186,77.8642
8,4096,380,188,73.6411
8,4096,380,190,83.4447
8,4096,380,192,80.6901
8,4096,380,194,80.5906
8,4096,380,196,77.74
8,4096,380,198,77.8555
8,4096,380,200,79.5507
8,4096,380,202,79.4946
8,4096,380,204,78.9639
8,4096,380,206,77.3014
8,4096,380,208,76.6779
8,4096,380,210,79.3967
8,4096,380,212,79.5131
8,4096,380,214,79.3743
8,4096,380,216,77.7383
8,4096,380,218,76.0436
8,4096,380,220,78.4155
8,4096,380,222,74.2081
8,4096,380,224,76.96
8,4096,380,226,74.8115
8,4096,380,228,77.4012
8,4096,380,230,72.8641
8,4096,380,232,76.6652
8,4096,380,234,76.8085
8,4096,380,236,78.4201
8,4096,380,238,75.7228
8,4096,380,240,73.7173
8,4096,380,242,75.825
8,4096,380,244,77.9694
8,4096,380,246,75.321
8,4096,380,248,74.3768
8,4096,380,250,74.4322
8,4096,380,252,74.3177
8,4096,380,254,73.0511
8,4096,380,256,71.8742
8,4096,380,258,74.0109
8,4096,380,260,74.7671
8,4096,380,262,75.1152
8,4096,380,264,72.3147
8,4096,380,266,74.087
8,4096,380,268,74.9839
8,4096,380,270,68.7918
8,4096,380,272,72.7866
8,4096,380,274,73.7838
8,4096,380,276,71.5265
8,4096,380,278,69.6141
8,4096,380,280,72.4295
8,4096,380,282,71.3707
8,4096,380,284,73.2739
8,4096,380,286,71.9812
8,4096,380,288,72.1827
8,4096,380,290,70.8738
8,4096,380,292,71.6382
8,4096,380,294,72.5633
8,4096,380,296,70.3162
8,4096,380,298,71.3289
8,4096,380,300,65.1068
8,4096,380,302,71.4887
8,4096,380,304,68.4196
8,4096,380,306,71.2351
8,4096,380,308,69.3426
8,4096,380,310,67.8024
8,4096,380,312,70.1086
8,4096,380,314,69.3805
8,4096,380,316,68.1648
8,4096,380,318,66.4843
8,4096,380,320,69.9914
8,4096,380,322,68.5349
8,4096,380,324,68.5829
8,4096,380,326,66.6321
8,4096,380,328,68.5257
8,4096,380,330,66.4449
8,4096,380,332,66.0563
8,4096,380,334,67.3506
8,4096,380,336,67.2881
8,4096,380,338,67.1468
8,4096,380,340,66.8351
8,4096,380,342,62.644
8,4096,380,344,66.4306
8,4096,380,346,66.2424
8,4096,380,348,65.6803
8,4096,380,350,65.6593
8,4096,380,352,65.1428
8,4096,380,354,65.318
8,4096,380,356,64.5943
8,4096,380,358,66.5934
8,4096,380,360,64.4676
8,4096,380,362,65.3577
8,4096,380,364,63.5914
8,4096,380,366,65.7773
8,4096,380,368,61.8439
8,4096,380,370,62.6326
8,4096,380,372,63.6188
8,4096,380,374,62.8322
8,4096,380,376,63.1579
8,4096,380,378,64.2922
8,4096,382,2,43.0707
8,4096,382,4,64.5859
8,4096,382,6,83.3613
8,4096,382,8,90.7616
8,4096,382,10,84.1699
8,4096,382,12,88.4556
8,4096,382,14,91.4765
8,4096,382,16,94.8447
8,4096,382,18,84.3252
8,4096,382,20,87.3798
8,4096,382,22,87.5591
8,4096,382,24,90.6289
8,4096,382,26,87.3302
8,4096,382,28,87.9773
8,4096,382,30,89.1594
8,4096,382,32,89.1558
8,4096,382,34,85.1597
8,4096,382,36,88.9687
8,4096,382,38,86.9203
8,4096,382,40,89.1262
8,4096,382,42,85.9422
8,4096,382,44,85.4574
8,4096,382,46,87.0908
8,4096,382,48,80.9979
8,4096,382,50,76.1001
8,4096,382,52,75.5658
8,4096,382,54,76.1408
8,4096,382,56,80.7154
8,4096,382,58,79.4971
8,4096,382,60,76.9614
8,4096,382,62,76.1601
8,4096,382,64,78.1809
8,4096,382,66,78.7027
8,4096,382,68,77.3189
8,4096,382,70,77.2789
8,4096,382,72,77.2293
8,4096,382,74,77.1653
8,4096,382,76,74.176
8,4096,382,78,77.5244
8,4096,382,80,79.9858
8,4096,382,82,78.9942
8,4096,382,84,77.6601
8,4096,382,86,76.6268
8,4096,382,88,75.2795
8,4096,382,90,78.4102
8,4096,382,92,78.3112
8,4096,382,94,77.5799
8,4096,382,96,82.0606
8,4096,382,98,80.438
8,4096,382,100,80.3657
8,4096,382,102,78.7102
8,4096,382,104,77.9746
8,4096,382,106,80.0776
8,4096,382,108,81.1368
8,4096,382,110,79.5172
8,4096,382,112,79.365
8,4096,382,114,79.3799
8,4096,382,116,81.9903
8,4096,382,118,79.6268
8,4096,382,120,78.8557
8,4096,382,122,78.3754
8,4096,382,124,76.5155
8,4096,382,126,80.3274
8,4096,382,128,83.0993
8,4096,382,130,82.1035
8,4096,382,132,80.1485
8,4096,382,134,79.5072
8,4096,382,136,79.4092
8,4096,382,138,81.9034
8,4096,382,140,80.6064
8,4096,382,142,78.9098
8,4096,382,144,79.1978
8,4096,382,146,75.1454
8,4096,382,148,80.2897
8,4096,382,150,81.0144
8,4096,382,152,80.2828
8,4096,382,154,78.0377
8,4096,382,156,76.5734
8,4096,382,158,78.8723
8,4096,382,160,79.15
8,4096,382,162,79.9848
8,4096,382,164,76.7792
8,4096,382,166,78.3529
8,4096,382,168,79.3659
8,4096,382,170,80.9901
8,4096,382,172,80.2127
8,4096,382,174,79.743
8,4096,382,176,76.2002
8,4096,382,178,77.278
8,4096,382,180,80.0069
8,4096,382,182,75.4265
8,4096,382,184,77.0773
8,4096,382,186,76.0229
8,4096,382,188,78.7129
8,4096,382,190,80.7756
8,4096,382,192,78.0206
8,4096,382,194,77.6115
8,4096,382,196,77.5342
8,4096,382,198,77.8009
8,4096,382,200,78.5009
8,4096,382,202,75.4081
8,4096,382,204,77.2876
8,4096,382,206,78.2561
8,4096,382,208,78.1239
8,4096,382,210,75.8581
8,4096,382,212,78.2771
8,4096,382,214,78.6505
8,4096,382,216,76.8481
8,4096,382,218,76.8759
8,4096,382,220,78.0005
8,4096,382,222,78.2717
8,4096,382,224,76.4728
8,4096,382,226,77.0042
8,4096,382,228,75.5269
8,4096,382,230,70.393
8,4096,382,232,72.2158
8,4096,382,234,74.1448
8,4096,382,236,75.8064
8,4096,382,238,75.4137
8,4096,382,240,74.5336
8,4096,382,242,75.2249
8,4096,382,244,74.1268
8,4096,382,246,73.9925
8,4096,382,248,74.6204
8,4096,382,250,73.5413
8,4096,382,252,70.2437
8,4096,382,254,75.6332
8,4096,382,256,73.4092
8,4096,382,258,74.0886
8,4096,382,260,74.1946
8,4096,382,262,73.0051
8,4096,382,264,72.5488
8,4096,382,266,72.4877
8,4096,382,268,72.5142
8,4096,382,270,74.0968
8,4096,382,272,73.0782
8,4096,382,274,68.9861
8,4096,382,276,72.7916
8,4096,382,278,67.2802
8,4096,382,280,72.8575
8,4096,382,282,71.0282
8,4096,382,284,70.6016
8,4096,382,286,68.7345
8,4096,382,288,69.8544
8,4096,382,290,71.8885
8,4096,382,292,68.3492
8,4096,382,294,71.2682
8,4096,382,296,70.3379
8,4096,382,298,69.5055
8,4096,382,300,70.6612
8,4096,382,302,69.673
8,4096,382,304,71.4819
8,4096,382,306,66.8933
8,4096,382,308,70.9525
8,4096,382,310,68.0674
8,4096,382,312,68.0489
8,4096,382,314,67.3747
8,4096,382,316,67.2459
8,4096,382,318,67.8692
8,4096,382,320,69.3121
8,4096,382,322,67.9364
8,4096,382,324,67.7154
8,4096,382,326,67.1431
8,4096,382,328,68.7345
8,4096,382,330,67.0958
8,4096,382,332,66.9897
8,4096,382,334,67.7615
8,4096,382,336,68.7985
8,4096,382,338,65.7746
8,4096,382,340,68.0498
8,4096,382,342,66.4498
8,4096,382,344,66.6823
8,4096,382,346,66.7315
8,4096,382,348,66.1962
8,4096,382,350,62.3458
8,4096,382,352,65.8091
8,4096,382,354,66.0997
8,4096,382,356,65.6868
8,4096,382,358,62.1625
8,4096,382,360,63.1827
8,4096,382,362,60.8868
8,4096,382,364,62.4141
8,4096,382,366,63.7907
8,4096,382,368,61.2607
8,4096,382,370,63.1481
8,4096,382,372,62.0022
8,4096,382,374,62.0394
8,4096,382,376,61.6412
8,4096,382,378,61.9482
8,4096,382,380,63.4181
8,4096,384,2,40.2691
8,4096,384,4,61.3685
8,4096,384,6,82.2562
8,4096,384,8,86.8913
8,4096,384,10,81.636
8,4096,384,12,86.5015
8,4096,384,14,89.7751
8,4096,384,16,92.4794
8,4096,384,18,88.216
8,4096,384,20,85.4453
8,4096,384,22,86.0073
8,4096,384,24,89.3263
8,4096,384,26,86.6668
8,4096,384,28,86.5607
8,4096,384,30,86.8343
8,4096,384,32,89.6031
8,4096,384,34,85.8666
8,4096,384,36,87.3608
8,4096,384,38,86.8319
8,4096,384,40,88.3612
8,4096,384,42,82.1617
8,4096,384,44,84.4977
8,4096,384,46,84.1963
8,4096,384,48,75.7299
8,4096,384,50,74.4434
8,4096,384,52,76.2924
8,4096,384,54,74.2226
8,4096,384,56,74.7712
8,4096,384,58,77.3646
8,4096,384,60,76.7601
8,4096,384,62,75.1961
8,4096,384,64,77.2083
8,4096,384,66,79.007
8,4096,384,68,78.4525
8,4096,384,70,76.0297
8,4096,384,72,75.5461
8,4096,384,74,76.029
8,4096,384,76,77.7992
8,4096,384,78,76.5847
8,4096,384,80,74.4329
8,4096,384,82,78.7534
8,4096,384,84,78.9859
8,4096,384,86,77.8226
8,4096,384,88,76.4821
8,4096,384,90,76.6816
8,4096,384,92,77.2432
8,4096,384,94,72.7595
8,4096,384,96,78.8477
8,4096,384,98,73.0719
8,4096,384,100,79.8438
8,4096,384,102,76.6113
8,4096,384,104,77.6393
8,4096,384,106,77.0144
8,4096,384,108,77.6127
8,4096,384,110,79.2535
8,4096,384,112,78.3722
8,4096,384,114,76.2971
8,4096,384,116,77.2855
8,4096,384,118,77.3065
8,4096,384,120,78.666
8,4096,384,122,79.2486
8,4096,384,124,75.6044
8,4096,384,126,76.7883
8,4096,384,128,77.4209
8,4096,384,130,80.4673
8,4096,384,132,80.5518
8,4096,384,134,80.4022
8,4096,384,136,77.6681
8,4096,384,138,78.0632
8,4096,384,140,78.3489
8,4096,384,142,79.3563
8,4096,384,144,77.5945
8,4096,384,146,78.5088
8,4096,384,148,75.7593
8,4096,384,150,78.8193
8,4096,384,152,78.4512
8,4096,384,154,78.4709
8,4096,384,156,76.2105
8,4096,384,158,76.3818
8,4096,384,160,76.5663
8,4096,384,162,77.4776
8,4096,384,164,73.7151
8,4096,384,166,77.2123
8,4096,384,168,78.0265
8,4096,384,170,79.9336
8,4096,384,172,78.0657
8,4096,384,174,75.8362
8,4096,384,176,76.0485
8,4096,384,178,77.3888
8,4096,384,180,78.7014
8,4096,384,182,76.9644
8,4096,384,184,72.977
8,4096,384,186,73.7278
8,4096,384,188,77.6493
8,4096,384,190,78.03
8,4096,384,192,75.5029
8,4096,384,194,77.5146
8,4096,384,196,74.6576
8,4096,384,198,79.2404
8,4096,384,200,77.6263
8,4096,384,202,76.8678
8,4096,384,204,79.4436
8,4096,384,206,77.5286
8,4096,384,208,77.1639
8,4096,384,210,75.3731
8,4096,384,212,78.6989
8,4096,384,214,79.5442
8,4096,384,216,77.1043
8,4096,384,218,76.2781
8,4096,384,220,76.6828
8,4096,384,222,77.0256
8,4096,384,224,75.8172
8,4096,384,226,73.412
8,4096,384,228,75.4859
8,4096,384,230,74.972
8,4096,384,232,75.6943
8,4096,384,234,75.0892
8,4096,384,236,75.8315
8,4096,384,238,74.5794
8,4096,384,240,75.778
8,4096,384,242,75.4339
8,4096,384,244,73.6143
8,4096,384,246,75.7881
8,4096,384,248,71.746
8,4096,384,250,73.0326
8,4096,384,252,73.3596
8,4096,384,254,75.0296
8,4096,384,256,73.1838
8,4096,384,258,73.0094
8,4096,384,260,73.1382
8,4096,384,262,71.0921
8,4096,384,264,69.9932
8,4096,384,266,67.3699
8,4096,384,268,71.8481
8,4096,384,270,71.2349
8,4096,384,272,72.0541
8,4096,384,274,73.3915
8,4096,384,276,72.5024
8,4096,384,278,69.1512
8,4096,384,280,70.7924
8,4096,384,282,69.5198
8,4096,384,284,71.508
8,4096,384,286,71.1397
8,4096,384,288,70.0937
8,4096,384,290,71.1063
8,4096,384,292,69.9525
8,4096,384,294,70.5373
8,4096,384,296,64.8512
8,4096,384,298,70.3255
8,4096,384,300,69.2037
8,4096,384,302,70.8203
8,4096,384,304,68.2103
8,4096,384,306,62.9523
8,4096,384,308,67.9796
8,4096,384,310,71.585
8,4096,384,312,68.2951
8,4096,384,314,69.0845
8,4096,384,316,68.5184
8,4096,384,318,68.6874
8,4096,384,320,69.4086
8,4096,384,322,66.5269
8,4096,384,324,66.9205
8,4096,384,326,68.7478
8,4096,384,328,65.343
8,4096,384,330,69.4452
8,4096,384,332,66.8623
8,4096,384,334,68.6884
8,4096,384,336,68.7858
8,4096,384,338,68.1818
8,4096,384,340,65.8628
8,4096,384,342,66.8828
8,4096,384,344,65.8793
8,4096,384,346,68.4369
8,4096,384,348,66.7229
8,4096,384,350,67.1233
8,4096,384,352,66.0902
8,4096,384,354,67.6859
8,4096,384,356,59.558
8,4096,384,358,65.51
8,4096,384,360,63.323
8,4096,384,362,64.0121
8,4096,384,364,65.8884
8,4096,384,366,61.3526
8,4096,384,368,65.8228
8,4096,384,370,62.5397
8,4096,384,372,63.7497
8,4096,384,374,62.184
8,4096,384,376,61.6157
8,4096,384,378,64.3603
8,4096,384,380,63.3066
8,4096,384,382,64.7599
8,4096,386,2,40.9823
8,4096,386,4,60.7062
8,4096,386,6,79.1678
8,4096,386,8,87.4743
8,4096,386,10,84.2485
8,4096,386,12,89.0294
8,4096,386,14,91.3538
8,4096,386,16,93.9798
8,4096,386,18,88.8882
8,4096,386,20,90.6
8,4096,386,22,89.9554
8,4096,386,24,88.5987
8,4096,386,26,87.5999
8,4096,386,28,84.0533
8,4096,386,30,87.7371
8,4096,386,32,87.0649
8,4096,386,34,85.7381
8,4096,386,36,85.6004
8,4096,386,38,86.794
8,4096,386,40,84.2126
8,4096,386,42,85.4068
8,4096,386,44,86.8
8,4096,386,46,86.9909
8,4096,386,48,76.7494
8,4096,386,50,80.6354
8,4096,386,52,78.4469
8,4096,386,54,77.3148
8,4096,386,56,77.2636
8,4096,386,58,80.4551
8,4096,386,60,77.9849
8,4096,386,62,76.808
8,4096,386,64,76.4246
8,4096,386,66,82.0899
8,4096,386,68,80.9213
8,4096,386,70,78.5197
8,4096,386,72,77.8345
8,4096,386,74,77.1408
8,4096,386,76,78.2377
8,4096,386,78,83.1131
8,4096,386,80,80.8307
8,4096,386,82,79.7694
8,4096,386,84,78.4454
8,4096,386,86,80.4253
8,4096,386,88,77.8473
8,4096,386,90,80.2962
8,4096,386,92,72.4149
8,4096,386,94,73.4622
8,4096,386,96,73.1444
8,4096,386,98,81.8887
8,4096,386,100,74.0153
8,4096,386,102,80.942
8,4096,386,104,80.4375
8,4096,386,106,81.4429
8,4096,386,108,80.7422
8,4096,386,110,80.3454
8,4096,386,112,78.7172
8,4096,386,114,81.438
8,4096,386,116,81.7345
8,4096,386,118,78.9395
8,4096,386,120,72.5046
8,4096,386,122,74.4231
8,4096,386,124,73.4311
8,4096,386,126,77.9552
8,4096,386,128,73.6445
8,4096,386,130,81.4263
8,4096,386,132,79.8057
8,4096,386,134,82.2645
8,4096,386,136,81.5875
8,4096,386,138,72.3983
8,4096,386,140,76.3303
8,4096,386,142,82.5512
8,4096,386,144,79.8825
8,4096,386,146,81.4534
8,4096,386,148,75.305
8,4096,386,150,78.2623
8,4096,386,152,77.8664
8,4096,386,154,78.8719
8,4096,386,156,77.7995
8,4096,386,158,77.5616
8,4096,386,160,75.0895
8,4096,386,162,75.4716
8,4096,386,164,77.3079
8,4096,386,166,76.604
8,4096,386,168,75.5699
8,4096,386,170,81.5581
8,4096,386,172,76.2271
8,4096,386,174,74.7232
8,4096,386,176,74.8574
8,4096,386,178,78.0555
8,4096,386,180,76.9038
8,4096,386,182,74.8284
8,4096,386,184,72.9935
8,4096,386,186,74.7165
8,4096,386,188,76.8117
8,4096,386,190,75.8198
8,4096,386,192,75.5576
8,4096,386,194,84.3198
8,4096,386,196,81.1068
8,4096,386,198,82.0771
8,4096,386,200,79.185
8,4096,386,202,78.9945
8,4096,386,204,80.456
8,4096,386,206,80.9056
8,4096,386,208,80.2104
8,4096,386,210,77.4042
8,4096,386,212,78.5825
8,4096,386,214,79.7306
8,4096,386,216,78.6195
8,4096,386,218,73.8965
8,4096,386,220,72.5
8,4096,386,222,77.3829
8,4096,386,224,78.7283
8,4096,386,226,77.579
8,4096,386,228,76.0817
8,4096,386,230,78.4578
8,4096,386,232,76.4781
8,4096,386,234,75.1843
8,4096,386,236,78.2761
8,4096,386,238,75.1837
8,4096,386,240,76.347
8,4096,386,242,73.8431
8,4096,386,244,78.3555
8,4096,386,246,76.5479
8,4096,386,248,74.9414
8,4096,386,250,75.3209
8,4096,386,252,74.3998
8,4096,386,254,74.0666
8,4096,386,256,73.3326
8,4096,386,258,75.3043
8,4096,386,260,75.7332
8,4096,386,262,73.6158
8,4096,386,264,75.7767
8,4096,386,266,70.454
8,4096,386,268,73.2762
8,4096,386,270,66.1516
8,4096,386,272,70.8495
8,4096,386,274,73.1455
8,4096,386,276,71.3134
8,4096,386,278,72.1434
8,4096,386,280,72.7657
8,4096,386,282,71.4822
8,4096,386,284,72.118
8,4096,386,286,69.0194
8,4096,386,288,71.3079
8,4096,386,290,68.6277
8,4096,386,292,70.0201
8,4096,386,294,69.2279
8,4096,386,296,68.3961
8,4096,386,298,66.7434
8,4096,386,300,68.1185
8,4096,386,302,69.7385
8,4096,386,304,67.7086
8,4096,386,306,69.5463
8,4096,386,308,68.2643
8,4096,386,310,68.7722
8,4096,386,312,67.2413
8,4096,386,314,68.519
8,4096,386,316,62.2225
8,4096,386,318,66.1331
8,4096,386,320,66.5002
8,4096,386,322,67.1417
8,4096,386,324,61.0898
8,4096,386,326,66.1588
8,4096,386,328,65.9532
8,4096,386,330,67.3364
8,4096,386,332,64.4586
8,4096,386,334,67.1728
8,4096,386,336,65.5239
8,4096,386,338,65.3982
8,4096,386,340,65.6188
8,4096,386,342,63.9362
8,4096,386,344,66.9784
8,4096,386,346,65.8763
8,4096,386,348,65.9286
8,4096,386,350,64.833
8,4096,386,352,65.1236
8,4096,386,354,64.613
8,4096,386,356,54.3844
8,4096,386,358,60.515
8,4096,386,360,63.5832
8,4096,386,362,60.9839
8,4096,386,364,61.0616
8,4096,386,366,63.2838
8,4096,386,368,60.8059
8,4096,386,370,63.2819
8,4096,386,372,63.1094
8,4096,386,374,62.4279
8,4096,386,376,60.8963
8,4096,386,378,64.1018
8,4096,386,380,61.4166
8,4096,386,382,60.8369
8,4096,386,384,61.7007
8,4096,388,2,41.2098
8,4096,388,4,59.449
8,4096,388,6,78.1759
8,4096,388,8,85.9371
8,4096,388,10,83.497
8,4096,388,12,82.7302
8,4096,388,14,90.1372
8,4096,388,16,88.954
8,4096,388,18,87.2757
8,4096,388,20,84.9888
8,4096,388,22,88.7571
8,4096,388,24,84.9321
8,4096,388,26,87.8005
8,4096,388,28,87.0196
8,4096,388,30,90.8935
8,4096,388,32,86.4183
8,4096,388,34,86.4027
8,4096,388,36,87.6193
8,4096,388,38,86.9394
8,4096,388,40,86.3454
8,4096,388,42,87.1427
8,4096,388,44,87.8746
8,4096,388,46,85.0052
8,4096,388,48,74.3432
8,4096,388,50,78.4139
8,4096,388,52,78.0647
8,4096,388,54,74.9517
8,4096,388,56,75.6946
8,4096,388,58,79.2198
8,4096,388,60,78.0603
8,4096,388,62,75.9814
8,4096,388,64,74.5953
8,4096,388,66,77.9582
8,4096,388,68,78.3537
8,4096,388,70,78.2336
8,4096,388,72,77.1591
8,4096,388,74,77.1311
8,4096,388,76,76.5073
8,4096,388,78,78.5011
8,4096,388,80,77.1302
8,4096,388,82,77.509
8,4096,388,84,76.9164
8,4096,388,86,75.3342
8,4096,388,88,77.2461
8,4096,388,90,78.5524
8,4096,388,92,78.3622
8,4096,388,94,76.8089
8,4096,388,96,75.9802
8,4096,388,98,80.487
8,4096,388,100,80.5861
8,4096,388,102,78.8146
8,4096,388,104,76.6804
8,4096,388,106,79.4416
8,4096,388,108,79.9119
8,4096,388,110,79.2661
8,4096,388,112,74.8975
8,4096,388,114,79.1035
8,4096,388,116,79.6781
8,4096,388,118,79.8874
8,4096,388,120,76.8486
8,4096,388,122,76.6859
8,4096,388,124,78.007
8,4096,388,126,77.6512
8,4096,388,128,75.8953
8,4096,388,130,78.6144
8,4096,388,132,76.2298
8,4096,388,134,78.9434
8,4096,388,136,79.5685
8,4096,388,138,77.1896
8,4096,388,140,76.4635
8,4096,388,142,80.3879
8,4096,388,144,77.1437
8,4096,388,146,72.4893
8,4096,388,148,74.9204
8,4096,388,150,77.774
8,4096,388,152,75.856
8,4096,388,154,76.1443
8,4096,388,156,76.2578
8,4096,388,158,78.8119
8,4096,388,160,77.7089
8,4096,388,162,75.1174
8,4096,388,164,74.7008
8,4096,388,166,78.0137
8,4096,388,168,74.2664
8,4096,388,170,76.2226
8,4096,388,172,77.4638
8,4096,388,174,66.5994
8,4096,388,176,65.6604
8,4096,388,178,75.829
8,4096,388,180,75.3296
8,4096,388,182,75.8496
8,4096,388,184,72.0762
8,4096,388,186,73.5705
8,4096,388,188,74.8313
8,4096,388,190,76.3981
8,4096,388,192,75.4739
8,4096,388,194,82.5356
8,4096,388,196,83.0445
8,4096,388,198,80.5187
8,4096,388,200,75.4913
8,4096,388,202,78.7074
8,4096,388,204,79.8542
8,4096,388,206,79.2561
8,4096,388,208,77.3389
8,4096,388,210,77.1974
8,4096,388,212,78.7842
8,4096,388,214,78.1554
8,4096,388,216,75.635
8,4096,388,218,74.2971
8,4096,388,220,77.78
8,4096,388,222,77.1642
8,4096,388,224,75.5524
8,4096,388,226,75.8844
8,4096,388,228,77.436
8,4096,388,230,77.2163
8,4096,388,232,68.4058
8,4096,388,234,74.5529
8,4096,388,236,77.2484
8,4096,388,238,74.893
8,4096,388,240,70.0241
8,4096,388,242,67.1889
8,4096,388,244,72.8689
8,4096,388,246,75.7906
8,4096,388,248,73.8505
8,4096,388,250,69.7345
8,4096,388,252,74.743
8,4096,388,254,73.0164
8,4096,388,256,74.4836
8,4096,388,258,74.6937
8,4096,388,260,72.6613
8,4096,388,262,72.172
8,4096,388,264,70.183
8,4096,388,266,72.5313
8,4096,388,268,73.0133
8,4096,388,270,70.3926
8,4096,388,272,73.0283
8,4096,388,274,71.7332
8,4096,388,276,70.9223
8,4096,388,278,72.0812
8,4096,388,280,69.7543
8,4096,388,282,71.4836
8,4096,388,284,68.2091
8,4096,388,286,69.5431
8,4096,388,288,68.6085
8,4096,388,290,70.6963
8,4096,388,292,69.2201
8,4096,388,294,69.1729
8,4096,388,296,68.4117
8,4096,388,298,68.564
8,4096,388,300,67.747
8,4096,388,302,67.745
8,4096,388,304,67.2156
8,4096,388,306,62.341
8,4096,388,308,67.6794
8,4096,388,310,67.837
8,4096,388,312,66.5599
8,4096,388,314,67.3219
8,4096,388,316,65.0282
8,4096,388,318,67.1505
8,4096,388,320,66.4403
8,4096,388,322,67.1528
8,4096,388,324,65.1476
8,4096,388,326,63.5819
8,4096,388,328,67.1237
8,4096,388,330,62.1733
8,4096,388,332,65.8266
8,4096,388,334,64.6708
8,4096,388,336,66.093
8,4096,388,338,63.2344
8,4096,388,340,58.9059
8,4096,388,342,65.399
8,4096,388,344,63.6602
8,4096,388,346,65.7598
8,4096,388,348,62.4066
8,4096,388,350,62.629
8,4096,388,352,57.3189
8,4096,388,354,58.7301
8,4096,388,356,61.1969
8,4096,388,358,63.6446
8,4096,388,360,60.7251
8,4096,388,362,59.3382
8,4096,388,364,58.8223
8,4096,388,366,57.5594
8,4096,388,368,60.6854
8,4096,388,370,60.3623
8,4096,388,372,61.293
8,4096,388,374,60.1892
8,4096,388,376,61.381
8,4096,388,378,61.7879
8,4096,388,380,59.4243
8,4096,388,382,58.7878
8,4096,388,384,57.1594
8,4096,388,386,61.9772
8,4096,390,2,39.4296
8,4096,390,4,58.2615
8,4096,390,6,74.4022
8,4096,390,8,81.3876
8,4096,390,10,77.6799
8,4096,390,12,80.8884
8,4096,390,14,85.5652
8,4096,390,16,86.5142
8,4096,390,18,81.4396
8,4096,390,20,79.4277
8,4096,390,22,80.9094
8,4096,390,24,82.3125
8,4096,390,26,81.4172
8,4096,390,28,81.0992
8,4096,390,30,81.3135
8,4096,390,32,77.9287
8,4096,390,34,82.2664
8,4096,390,36,83.2658
8,4096,390,38,80.6725
8,4096,390,40,82.4776
8,4096,390,42,79.3194
8,4096,390,44,81.8906
8,4096,390,46,83.903
8,4096,390,48,71.2036
8,4096,390,50,75.2952
8,4096,390,52,72.525
8,4096,390,54,74.3728
8,4096,390,56,73.7922
8,4096,390,58,71.9148
8,4096,390,60,73.263
8,4096,390,62,72.3885
8,4096,390,64,71.9206
8,4096,390,66,76.2712
8,4096,390,68,74.566
8,4096,390,70,74.295
8,4096,390,72,71.7813
8,4096,390,74,72.8082
8,4096,390,76,74.4366
8,4096,390,78,77.8711
8,4096,390,80,76.0186
8,4096,390,82,76.0217
8,4096,390,84,77.5103
8,4096,390,86,77.8483
8,4096,390,88,74.7991
8,4096,390,90,75.3083
8,4096,390,92,77.2844
8,4096,390,94,74.1177
8,4096,390,96,74.7735
8,4096,390,98,79.2402
8,4096,390,100,77.6898
8,4096,390,102,76.8137
8,4096,390,104,75.728
8,4096,390,106,77.1006
8,4096,390,108,77.0505
8,4096,390,110,75.5018
8,4096,390,112,76.2586
8,4096,390,114,78.1739
8,4096,390,116,77.5308
8,4096,390,118,75.7209
8,4096,390,120,74.3309
8,4096,390,122,77.3375
8,4096,390,124,76.4883
8,4096,390,126,73.5278
8,4096,390,128,73.12
8,4096,390,130,78.1088
8,4096,390,132,78.5308
8,4096,390,134,78.1225
8,4096,390,136,76.2989
8,4096,390,138,79.9663
8,4096,390,140,78.2032
8,4096,390,142,74.9022
8,4096,390,144,75.6709
8,4096,390,146,78.1329
8,4096,390,148,78.0422
8,4096,390,150,75.4593
8,4096,390,152,74.5258
8,4096,390,154,77.8789
8,4096,390,156,77.7907
8,4096,390,158,76.368
8,4096,390,160,75.1566
8,4096,390,162,75.4002
8,4096,390,164,76.4119
8,4096,390,166,74.0018
8,4096,390,168,73.93
8,4096,390,170,77.5146
8,4096,390,172,74.4983
8,4096,390,174,73.3912
8,4096,390,176,73.5581
8,4096,390,178,72.643
8,4096,390,180,73.9868
8,4096,390,182,73.9499
8,4096,390,184,72.3907
8,4096,390,186,73.7128
8,4096,390,188,76.4737
8,4096,390,190,75.6088
8,4096,390,192,77.0095
8,4096,390,194,74.2632
8,4096,390,196,82.7152
8,4096,390,198,82.6652
8,4096,390,200,79.0646
8,4096,390,202,80.0756
8,4096,390,204,77.8727
8,4096,390,206,76.8973
8,4096,390,208,79.1395
8,4096,390,210,79.8052
8,4096,390,212,75.4747
8,4096,390,214,76.8309
8,4096,390,216,78.5125
8,4096,390,218,71.145
8,4096,390,220,76.2803
8,4096,390,222,77.3326
8,4096,390,224,78.218
8,4096,390,226,79.4952
8,4096,390,228,74.9654
8,4096,390,230,76.626
8,4096,390,232,76.4625
8,4096,390,234,75.8037
8,4096,390,236,74.1856
8,4096,390,238,77.7786
8,4096,390,240,77.7314
8,4096,390,242,75.1215
8,4096,390,244,74.1017
8,4096,390,246,73.9363
8,4096,390,248,75.2507
8,4096,390,250,73.8185
8,4096,390,252,76.4078
8,4096,390,254,73.7352
8,4096,390,256,73.0362
8,4096,390,258,75.0063
8,4096,390,260,74.5252
8,4096,390,262,73.567
8,4096,390,264,73.9453
8,4096,390,266,66.003
8,4096,390,268,67.999
8,4096,390,270,69.862
8,4096,390,272,67.6426
8,4096,390,274,61.1161
8,4096,390,276,71.877
8,4096,390,278,72.4805
8,4096,390,280,71.105
8,4096,390,282,69.9621
8,4096,390,284,70.1504
8,4096,390,286,71.2029
8,4096,390,288,69.7862
8,4096,390,290,70.6878
8,4096,390,292,68.1945
8,4096,390,294,67.6116
8,4096,390,296,68.0718
8,4096,390,298,70.2286
8,4096,390,300,68.145
8,4096,390,302,69.5656
8,4096,390,304,67.9417
8,4096,390,306,68.7474
8,4096,390,308,63.3738
8,4096,390,310,69.2178
8,4096,390,312,67.4878
8,4096,390,314,68.2569
8,4096,390,316,65.0639
8,4096,390,318,68.2043
8,4096,390,320,67.972
8,4096,390,322,66.5463
8,4096,390,324,66.2479
8,4096,390,326,66.6436
8,4096,390,328,66.5094
8,4096,390,330,67.7251
8,4096,390,332,65.2589
8,4096,390,334,65.2992
8,4096,390,336,65.8292
8,4096,390,338,65.8773
8,4096,390,340,65.7779
8,4096,390,342,64.8516
8,4096,390,344,65.029
8,4096,390,346,64.8599
8,4096,390,348,63.7807
8,4096,390,350,64.4871
8,4096,390,352,65.2176
8,4096,390,354,63.5807
8,4096,390,356,61.7777
8,4096,390,358,61.8593
8,4096,390,360,61.5083
8,4096,390,362,62.9916
8,4096,390,364,59.56
8,4096,390,366,59.5118
8,4096,390,368,54.2094
8,4096,390,370,63.3533
8,4096,390,372,60.4767
8,4096,390,374,53.6053
8,4096,390,376,56.6559
8,4096,390,378,62.2054
8,4096,390,380,59.678
8,4096,390,382,58.9568
8,4096,390,384,61.0254
8,4096,390,386,60.7053
8,4096,390,388,59.3267
8,4096,392,2,37.9091
8,4096,392,4,57.7491
8,4096,392,6,75.2058
8,4096,392,8,84.2972
8,4096,392,10,79.6826
8,4096,392,12,81.1684
8,4096,392,14,87.2082
8,4096,392,16,84.826
8,4096,392,18,82.7052
8,4096,392,20,83.2366
8,4096,392,22,88.3776
8,4096,392,24,86.446
8,4096,392,26,82.939
8,4096,392,28,86.2796
8,4096,392,30,85.4876
8,4096,392,32,88.2544
8,4096,392,34,85.2409
8,4096,392,36,85.2178
8,4096,392,38,83.7457
8,4096,392,40,84.5609
8,4096,392,42,86.5047
8,4096,392,44,86.1217
8,4096,392,46,87.014
8,4096,392,48,77.2682
8,4096,392,50,78.1172
8,4096,392,52,77.795
8,4096,392,54,78.3824
8,4096,392,56,80.7949
8,4096,392,58,79.2537
8,4096,392,60,76.3493
8,4096,392,62,81.5505
8,4096,392,64,80.0603
8,4096,392,66,79.4215
8,4096,392,68,77.8096
8,4096,392,70,80.5684
8,4096,392,72,82.5907
8,4096,392,74,78.9197
8,4096,392,76,80.3251
8,4096,392,78,78.5941
8,4096,392,80,81.1604
8,4096,392,82,81.6974
8,4096,392,84,80.6536
8,4096,392,86,81.2398
8,4096,392,88,82.2524
8,4096,392,90,81.4474
8,4096,392,92,78.0429
8,4096,392,94,79.8507
8,4096,392,96,80.459
8,4096,392,98,83.4313
8,4096,392,100,84.1009
8,4096,392,102,81.8867
8,4096,392,104,81.0546
8,4096,392,106,80.5039
8,4096,392,108,81.7285
8,4096,392,110,81.3959
8,4096,392,112,82.7266
8,4096,392,114,81.991
8,4096,392,116,80.8743
8,4096,392,118,80.943
8,4096,392,120,78.9609
8,4096,392,122,82.1411
8,4096,392,124,82.0466
8,4096,392,126,81.0652
8,4096,392,128,79.6514
8,4096,392,130,78.4219
8,4096,392,132,81.4911
8,4096,392,134,82.8631
8,4096,392,136,83.9542
8,4096,392,138,83.1124
8,4096,392,140,83.1581
8,4096,392,142,84.3437
8,4096,392,144,81.5463
8,4096,392,146,80.9204
8,4096,392,148,79.9518
8,4096,392,150,79.1179
8,4096,392,152,81.3566
8,4096,392,154,81.7578
8,4096,392,156,80.4851
8,4096,392,158,80.5105
8,4096,392,160,76.8212
8,4096,392,162,76.5225
8,4096,392,164,80.5171
8,4096,392,166,80.8034
8,4096,392,168,77.0008
8,4096,392,170,78.7139
8,4096,392,172,78.4083
8,4096,392,174,80.0406
8,4096,392,176,79.8076
8,4096,392,178,77.6076
8,4096,392,180,78.1638
8,4096,392,182,78.7605
8,4096,392,184,76.8958
8,4096,392,186,76.9806
8,4096,392,188,75.7364
8,4096,392,190,77.2895
8,4096,392,192,78.9819
8,4096,392,194,78.9863
8,4096,392,196,83.1148
8,4096,392,198,83.2977
8,4096,392,200,81.8979
8,4096,392,202,81.6744
8,4096,392,204,82.9719
8,4096,392,206,84.0016
8,4096,392,208,82.5095
8,4096,392,210,79.7725
8,4096,392,212,78.8917
8,4096,392,214,80.1991
8,4096,392,216,81.5891
8,4096,392,218,76.4759
8,4096,392,220,80.8786
8,4096,392,222,78.7436
8,4096,392,224,78.7737
8,4096,392,226,80.5621
8,4096,392,228,77.9907
8,4096,392,230,77.9441
8,4096,392,232,77.1429
8,4096,392,234,78.6808
8,4096,392,236,79.3336
8,4096,392,238,79.858
8,4096,392,240,78.1565
8,4096,392,242,76.8689
8,4096,392,244,76.5227
8,4096,392,246,78.2064
8,4096,392,248,75.5325
8,4096,392,250,75.9823
8,4096,392,252,77.7515
8,4096,392,254,77.9066
8,4096,392,256,73.0136
8,4096,392,258,75.1671
8,4096,392,260,75.7069
8,4096,392,262,75.0777
8,4096,392,264,75.2377
8,4096,392,266,66.7349
8,4096,392,268,70.5495
8,4096,392,270,69.4042
8,4096,392,272,72.6231
8,4096,392,274,74.802
8,4096,392,276,75.69
8,4096,392,278,73.1549
8,4096,392,280,74.5586
8,4096,392,282,73.5646
8,4096,392,284,69.1577
8,4096,392,286,73.2238
8,4096,392,288,71.1998
8,4096,392,290,71.3794
8,4096,392,292,63.4179
8,4096,392,294,62.7672
8,4096,392,296,63.5095
8,4096,392,298,72.0478
8,4096,392,300,65.3882
8,4096,392,302,64.373
8,4096,392,304,69.0127
8,4096,392,306,70.8131
8,4096,392,308,69.7481
8,4096,392,310,68.318
8,4096,392,312,69.7814
8,4096,392,314,68.9251
8,4096,392,316,68.2612
8,4096,392,318,67.7397
8,4096,392,320,68.142
8,4096,392,322,63.3011
8,4096,392,324,67.6436
8,4096,392,326,68.7492
8,4096,392,328,67.5345
8,4096,392,330,64.194
8,4096,392,332,65.3673
8,4096,392,334,68.4948
8,4096,392,336,66.14
8,4096,392,338,67.899
8,4096,392,340,66.8733
8,4096,392,342,66.5227
8,4096,392,344,63.9696
8,4096,392,346,66.2854
8,4096,392,348,66.2758
8,4096,392,350,66.0364
8,4096,392,352,66.8306
8,4096,392,354,63.6947
8,4096,392,356,66.3385
8,4096,392,358,61.9133
8,4096,392,360,64.6749
8,4096,392,362,64.0114
8,4096,392,364,61.4844
8,4096,392,366,61.9615
8,4096,392,368,62.4438
8,4096,392,370,63.2122
8,4096,392,372,63.8864
8,4096,392,374,60.6859
8,4096,392,376,61.4864
8,4096,392,378,61.9161
8,4096,392,380,62.0464
8,4096,392,382,62.0166
8,4096,392,384,60.9265
8,4096,392,386,62.108
8,4096,392,388,60.6129
8,4096,392,390,59.9804
8,4096,394,2,36.8169
8,4096,394,4,57.6865
8,4096,394,6,72.6533
8,4096,394,8,84.5161
8,4096,394,10,75.9142
8,4096,394,12,82.3673
8,4096,394,14,84.6817
8,4096,394,16,84.9456
8,4096,394,18,82.2357
8,4096,394,20,82.8754
8,4096,394,22,85.3942
8,4096,394,24,85.3783
8,4096,394,26,82.1995
8,4096,394,28,83.4011
8,4096,394,30,84.2577
8,4096,394,32,84.0753
8,4096,394,34,81.9494
8,4096,394,36,84.0263
8,4096,394,38,81.6685
8,4096,394,40,90.3945
8,4096,394,42,83.1863
8,4096,394,44,89.1609
8,4096,394,46,86.6416
8,4096,394,48,79.0757
8,4096,394,50,79.8391
8,4096,394,52,77.1766
8,4096,394,54,74.6505
8,4096,394,56,75.7288
8,4096,394,58,79.4538
8,4096,394,60,77.5668
8,4096,394,62,75.4165
8,4096,394,64,79.1606
8,4096,394,66,81.4471
8,4096,394,68,79.2204
8,4096,394,70,79.79
8,4096,394,72,78.397
8,4096,394,74,78.0955
8,4096,394,76,79.868
8,4096,394,78,76.8553
8,4096,394,80,73.2793
8,4096,394,82,80.4066
8,4096,394,84,80.628
8,4096,394,86,77.3582
8,4096,394,88,79.1157
8,4096,394,90,81.7914
8,4096,394,92,80.559
8,4096,394,94,81.1501
8,4096,394,96,79.9089
8,4096,394,98,78.164
8,4096,394,100,80.6728
8,4096,394,102,82.5442
8,4096,394,104,81.3311
8,4096,394,106,82.8151
8,4096,394,108,79.2386
8,4096,394,110,79.7294
8,4096,394,112,79.6294
8,4096,394,114,82.4694
8,4096,394,116,84.1682
8,4096,394,118,82.7508
8,4096,394,120,79.1655
8,4096,394,122,80.1445
8,4096,394,124,78.9341
8,4096,394,126,81.5555
8,4096,394,128,73.6132
8,4096,394,130,74.382
8,4096,394,132,82.1374
8,4096,394,134,77.4188
8,4096,394,136,81.4541
8,4096,394,138,82.757
8,4096,394,140,81.7819
8,4096,394,142,82.3466
8,4096,394,144,79.2606
8,4096,394,146,80.6335
8,4096,394,148,79.3419
8,4096,394,150,81.1933
8,4096,394,152,76.8075
8,4096,394,154,78.7931
8,4096,394,156,78.0726
8,4096,394,158,79.0457
8,4096,394,160,76.865
8,4096,394,162,77.8905
8,4096,394,164,74.5793
8,4096,394,166,77.5292
8,4096,394,168,73.765
8,4096,394,170,78.5772
8,4096,394,172,78.2137
8,4096,394,174,76.5762
8,4096,394,176,75.1528
8,4096,394,178,79.2789
8,4096,394,180,78.2128
8,4096,394,182,76.3325
8,4096,394,184,75.8186
8,4096,394,186,78.565
8,4096,394,188,77.4283
8,4096,394,190,75.1823
8,4096,394,192,77.3833
8,4096,394,194,78.9323
8,4096,394,196,79.0328
8,4096,394,198,82.943
8,4096,394,200,80.7665
8,4096,394,202,82.9264
8,4096,394,204,79.8224
8,4096,394,206,82.1792
8,4096,394,208,81.9199
8,4096,394,210,80.2429
8,4096,394,212,79.8665
8,4096,394,214,79.1228
8,4096,394,216,80.5355
8,4096,394,218,80.7713
8,4096,394,220,80.4139
8,4096,394,222,75.2415
8,4096,394,224,76.6401
8,4096,394,226,77.5885
8,4096,394,228,78.2841
8,4096,394,230,78.3564
8,4096,394,232,75.2005
8,4096,394,234,78.6573
8,4096,394,236,75.0981
8,4096,394,238,76.9531
8,4096,394,240,75.1898
8,4096,394,242,77.5115
8,4096,394,244,75.1148
8,4096,394,246,75.8654
8,4096,394,248,74.3211
8,4096,394,250,77.973
8,4096,394,252,76.4197
8,4096,394,254,75.95
8,4096,394,256,75.2172
8,4096,394,258,74.4742
8,4096,394,260,74.2842
8,4096,394,262,74.1227
8,4096,394,264,73.1192
8,4096,394,266,73.9761
8,4096,394,268,75.2075
8,4096,394,270,72.8969
8,4096,394,272,72.7371
8,4096,394,274,73.4659
8,4096,394,276,70.6059
8,4096,394,278,68.4018
8,4096,394,280,71.271
8,4096,394,282,70.3416
8,4096,394,284,72.0009
8,4096,394,286,70.5753
8,4096,394,288,69.8044
8,4096,394,290,70.7045
8,4096,394,292,69.7012
8,4096,394,294,69.8899
8,4096,394,296,71.0151
8,4096,394,298,70.5544
8,4096,394,300,67.1896
8,4096,394,302,70.9936
8,4096,394,304,69.5469
8,4096,394,306,66.6045
8,4096,394,308,64.2552
8,4096,394,310,70.045
8,4096,394,312,67.906
8,4096,394,314,69.3934
8,4096,394,316,67.5129
8,4096,394,318,68.7519
8,4096,394,320,66.0832
8,4096,394,322,69.044
8,4096,394,324,66.8067
8,4096,394,326,66.682
8,4096,394,328,66.5785
8,4096,394,330,65.8686
8,4096,394,332,64.3619
8,4096,394,334,65.9308
8,4096,394,336,66.4519
8,4096,394,338,65.613
8,4096,394,340,68.1015
8,4096,394,342,62.8387
8,4096,394,344,64.7925
8,4096,394,346,64.5727
8,4096,394,348,64.7725
8,4096,394,350,65.0855
8,4096,394,352,60.3669
8,4096,394,354,63.7185
8,4096,394,356,64.6611
8,4096,394,358,64.1248
8,4096,394,360,64.0205
8,4096,394,362,61.7123
8,4096,394,364,60.6744
8,4096,394,366,60.955
8,4096,394,368,60.4217
8,4096,394,370,62.0346
8,4096,394,372,60.1858
8,4096,394,374,62.3653
8,4096,394,376,61.8352
8,4096,394,378,61.3964
8,4096,394,380,60.8943
8,4096,394,382,60.7446
8,4096,394,384,58.943
8,4096,394,386,61.536
8,4096,394,388,60.904
8,4096,394,390,61.5732
8,4096,394,392,61.1477
8,4096,396,2,36.2526
8,4096,396,4,52.8498
8,4096,396,6,67.4306
8,4096,396,8,78.3486
8,4096,396,10,73.6453
8,4096,396,12,78.6331
8,4096,396,14,80.6531
8,4096,396,16,81.3328
8,4096,396,18,81.2093
8,4096,396,20,78.6604
8,4096,396,22,83.4955
8,4096,396,24,81.3997
8,4096,396,26,81.2086
8,4096,396,28,79.1173
8,4096,396,30,82.9711
8,4096,396,32,75.3346
8,4096,396,34,78.9852
8,4096,396,36,82.355
8,4096,396,38,83.8928
8,4096,396,40,87.1607
8,4096,396,42,83.1026
8,4096,396,44,83.6342
8,4096,396,46,85.0
8,4096,396,48,77.4131
8,4096,396,50,77.065
8,4096,396,52,74.5544
8,4096,396,54,74.5925
8,4096,396,56,75.9021
8,4096,396,58,77.7214
8,4096,396,60,76.8672
8,4096,396,62,76.4359
8,4096,396,64,75.7
8,4096,396,66,77.2821
8,4096,396,68,78.7427
8,4096,396,70,81.2572
8,4096,396,72,80.7026
8,4096,396,74,80.0253
8,4096,396,76,78.3695
8,4096,396,78,77.8931
8,4096,396,80,80.8267
8,4096,396,82,82.1095
8,4096,396,84,82.202
8,4096,396,86,78.806
8,4096,396,88,78.4825
8,4096,396,90,81.0801
8,4096,396,92,78.896
8,4096,396,94,81.3092
8,4096,396,96,79.564
8,4096,396,98,78.6721
8,4096,396,100,80.2081
8,4096,396,102,81.461
8,4096,396,104,82.0528
8,4096,396,106,83.7419
8,4096,396,108,82.4564
8,4096,396,110,79.8726
8,4096,396,112,79.6119
8,4096,396,114,81.8004
8,4096,396,116,80.3838
8,4096,396,118,82.816
8,4096,396,120,82.593
8,4096,396,122,78.7197
8,4096,396,124,68.281
8,4096,396,126,80.6289
8,4096,396,128,78.8623
8,4096,396,130,77.449
8,4096,396,132,79.6341
8,4096,396,134,81.4548
8,4096,396,136,82.2826
8,4096,396,138,84.449
8,4096,396,140,83.6909
8,4096,396,142,78.9887
8,4096,396,144,80.9604
8,4096,396,146,78.7452
8,4096,396,148,79.2213
8,4096,396,150,79.8488
8,4096,396,152,77.7947
8,4096,396,154,79.5903
8,4096,396,156,79.6596
8,4096,396,158,76.489
8,4096,396,160,77.1872
8,4096,396,162,75.1822
8,4096,396,164,78.602
8,4096,396,166,77.5439
8,4096,396,168,76.5775
8,4096,396,170,79.9632
8,4096,396,172,77.2291
8,4096,396,174,75.5029
8,4096,396,176,76.5654
8,4096,396,178,78.7704
8,4096,396,180,78.7402
8,4096,396,182,73.7732
8,4096,396,184,72.6097
8,4096,396,186,77.7716
8,4096,396,188,77.763
8,4096,396,190,75.0426
8,4096,396,192,76.1853
8,4096,396,194,78.0364
8,4096,396,196,77.357
8,4096,396,198,81.0572
8,4096,396,200,78.8859
8,4096,396,202,80.161
8,4096,396,204,84.1819
8,4096,396,206,81.8105
8,4096,396,208,81.0593
8,4096,396,210,77.5933
8,4096,396,212,78.8187
8,4096,396,214,78.3422
8,4096,396,216,79.8431
8,4096,396,218,77.9683
8,4096,396,220,76.3144
8,4096,396,222,77.6619
8,4096,396,224,77.4384
8,4096,396,226,81.1316
8,4096,396,228,78.9702
8,4096,396,230,77.5819
8,4096,396,232,76.9263
8,4096,396,234,80.7303
8,4096,396,236,79.038
8,4096,396,238,77.2115
8,4096,396,240,72.7607
8,4096,396,242,75.8661
8,4096,396,244,77.2856
8,4096,396,246,75.7347
8,4096,396,248,71.0789
8,4096,396,250,76.0889
8,4096,396,252,76.9613
8,4096,396,254,71.7317
8,4096,396,256,74.7342
8,4096,396,258,75.0761
8,4096,396,260,74.5177
8,4096,396,262,75.42
8,4096,396,264,74.4193
8,4096,396,266,73.9941
8,4096,396,268,73.7695
8,4096,396,270,74.6045
8,4096,396,272,73.1377
8,4096,396,274,72.3844
8,4096,396,276,71.0694
8,4096,396,278,70.5763
8,4096,396,280,71.2931
8,4096,396,282,71.5803
8,4096,396,284,71.6532
8,4096,396,286,73.1142
8,4096,396,288,71.1056
8,4096,396,290,69.7128
8,4096,396,292,70.5762
8,4096,396,294,63.8969
8,4096,396,296,61.4444
8,4096,396,298,60.7962
8,4096,396,300,69.2832
8,4096,396,302,70.5917
8,4096,396,304,69.6466
8,4096,396,306,67.9619
8,4096,396,308,70.4582
8,4096,396,310,66.5493
8,4096,396,312,69.1119
8,4096,396,314,68.0231
8,4096,396,316,68.2811
8,4096,396,318,65.3628
8,4096,396,320,64.2273
8,4096,396,322,67.4382
8,4096,396,324,67.0168
8,4096,396,326,65.9736
8,4096,396,328,66.473
8,4096,396,330,65.5056
8,4096,396,332,67.6423
8,4096,396,334,64.7505
8,4096,396,336,67.0303
8,4096,396,338,65.5747
8,4096,396,340,63.7001
8,4096,396,342,66.3234
8,4096,396,344,64.2848
8,4096,396,346,65.5204
8,4096,396,348,64.0549
8,4096,396,350,65.8407
8,4096,396,352,65.2602
8,4096,396,354,61.3695
8,4096,396,356,63.7942
8,4096,396,358,62.8768
8,4096,396,360,64.2395
8,4096,396,362,62.6916
8,4096,396,364,61.3764
8,4096,396,366,61.8817
8,4096,396,368,60.0851
8,4096,396,370,62.1861
8,4096,396,372,62.6858
8,4096,396,374,61.4568
8,4096,396,376,60.2422
8,4096,396,378,59.8253
8,4096,396,380,61.7845
8,4096,396,382,63.0245
8,4096,396,384,59.2345
8,4096,396,386,61.6628
8,4096,396,388,59.0645
8,4096,396,390,61.4441
8,4096,396,392,61.2037
8,4096,396,394,62.2279
8,4096,398,2,34.0807
8,4096,398,4,54.4789
8,4096,398,6,67.5836
8,4096,398,8,77.8325
8,4096,398,10,70.8763
8,4096,398,12,76.9568
8,4096,398,14,78.2443
8,4096,398,16,82.13
8,4096,398,18,75.4634
8,4096,398,20,82.8408
8,4096,398,22,79.7272
8,4096,398,24,79.2489
8,4096,398,26,77.0044
8,4096,398,28,80.4916
8,4096,398,30,81.1792
8,4096,398,32,80.9584
8,4096,398,34,79.422
8,4096,398,36,79.4094
8,4096,398,38,79.9431
8,4096,398,40,85.603
8,4096,398,42,83.0547
8,4096,398,44,83.7122
8,4096,398,46,85.4003
8,4096,398,48,75.3931
8,4096,398,50,75.178
8,4096,398,52,76.0192
8,4096,398,54,76.2289
8,4096,398,56,74.085
8,4096,398,58,75.8414
8,4096,398,60,79.4594
8,4096,398,62,77.9678
8,4096,398,64,73.3428
8,4096,398,66,75.1936
8,4096,398,68,79.4025
8,4096,398,70,79.1373
8,4096,398,72,78.0108
8,4096,398,74,77.7822
8,4096,398,76,75.9675
8,4096,398,78,78.452
8,4096,398,80,82.5081
8,4096,398,82,77.8211
8,4096,398,84,79.7764
8,4096,398,86,79.2464
8,4096,398,88,78.0889
8,4096,398,90,81.2811
8,4096,398,92,79.7898
8,4096,398,94,79.1385
8,4096,398,96,77.569
8,4096,398,98,79.9908
8,4096,398,100,82.1674
8,4096,398,102,83.6496
8,4096,398,104,80.0073
8,4096,398,106,80.6636
8,4096,398,108,79.9197
8,4096,398,110,82.3104
8,4096,398,112,82.0249
8,4096,398,114,82.0825
8,4096,398,116,78.8384
8,4096,398,118,80.1578
8,4096,398,120,78.8834
8,4096,398,122,82.1831
8,4096,398,124,80.8073
8,4096,398,126,81.8758
8,4096,398,128,77.2528
8,4096,398,130,79.0625
8,4096,398,132,77.7342
8,4096,398,134,84.1175
8,4096,398,136,80.3971
8,4096,398,138,82.9064
8,4096,398,140,80.8326
8,4096,398,142,81.66
8,4096,398,144,78.443
8,4096,398,146,82.0204
8,4096,398,148,79.6958
8,4096,398,150,80.4227
8,4096,398,152,77.6661
8,4096,398,154,77.0385
8,4096,398,156,80.3517
8,4096,398,158,78.7607
8,4096,398,160,77.9608
8,4096,398,162,74.9604
8,4096,398,164,78.0724
8,4096,398,166,78.2035
8,4096,398,168,76.5797
8,4096,398,170,76.8977
8,4096,398,172,75.9707
8,4096,398,174,70.3059
8,4096,398,176,74.1141
8,4096,398,178,76.0996
8,4096,398,180,78.2628
8,4096,398,182,75.8977
8,4096,398,184,74.273
8,4096,398,186,75.9315
8,4096,398,188,74.2442
8,4096,398,190,76.2773
8,4096,398,192,75.7281
8,4096,398,194,75.0383
8,4096,398,196,77.0768
8,4096,398,198,77.348
8,4096,398,200,71.848
8,4096,398,202,81.1424
8,4096,398,204,82.467
8,4096,398,206,82.3818
8,4096,398,208,80.5513
8,4096,398,210,77.2613
8,4096,398,212,76.7126
8,4096,398,214,78.188
8,4096,398,216,79.0893
8,4096,398,218,79.7648
8,4096,398,220,76.0107
8,4096,398,222,76.4968
8,4096,398,224,76.2745
8,4096,398,226,78.8171
8,4096,398,228,77.4868
8,4096,398,230,76.939
8,4096,398,232,76.0686
8,4096,398,234,79.4744
8,4096,398,236,79.1104
8,4096,398,238,75.9234
8,4096,398,240,75.0978
8,4096,398,242,77.7398
8,4096,398,244,78.1163
8,4096,398,246,72.611
8,4096,398,248,74.3409
8,4096,398,250,76.8453
8,4096,398,252,74.8288
8,4096,398,254,74.633
8,4096,398,256,73.6212
8,4096,398,258,68.3152
8,4096,398,260,73.8945
8,4096,398,262,74.7822
8,4096,398,264,73.4066
8,4096,398,266,73.5705
8,4096,398,268,71.6553
8,4096,398,270,70.4483
8,4096,398,272,71.6732
8,4096,398,274,73.0246
8,4096,398,276,69.9617
8,4096,398,278,71.1636
8,4096,398,280,72.407
8,4096,398,282,71.0725
8,4096,398,284,72.0293
8,4096,398,286,70.682
8,4096,398,288,71.0181
8,4096,398,290,65.8166
8,4096,398,292,68.7447
8,4096,398,294,69.0365
8,4096,398,296,70.3088
8,4096,398,298,70.9246
8,4096,398,300,67.8733
8,4096,398,302,69.7683
8,4096,398,304,68.8474
8,4096,398,306,68.3031
8,4096,398,308,69.4071
8,4096,398,310,68.777
8,4096,398,312,68.7089
8,4096,398,314,66.0286
8,4096,398,316,69.4051
8,4096,398,318,66.7707
8,4096,398,320,66.1455
8,4096,398,322,66.4423
8,4096,398,324,68.0939
8,4096,398,326,66.3704
8,4096,398,328,67.3475
8,4096,398,330,65.7716
8,4096,398,332,65.0036
8,4096,398,334,65.0076
8,4096,398,336,66.3484
8,4096,398,338,64.2683
8,4096,398,340,64.7647
8,4096,398,342,63.4881
8,4096,398,344,64.2391
8,4096,398,346,64.2884
8,4096,398,348,62.7938
8,4096,398,350,62.9373
8,4096,398,352,62.2541
8,4096,398,354,62.7683
8,4096,398,356,62.8167
8,4096,398,358,62.4901
8,4096,398,360,62.2603
8,4096,398,362,57.2221
8,4096,398,364,61.7845
8,4096,398,366,59.7952
8,4096,398,368,58.6616
8,4096,398,370,61.6167
8,4096,398,372,60.8947
8,4096,398,374,60.9982
8,4096,398,376,59.6023
8,4096,398,378,61.8285
8,4096,398,380,59.5135
8,4096,398,382,60.7554
8,4096,398,384,59.8841
8,4096,398,386,61.5597
8,4096,398,388,60.5641
8,4096,398,390,61.4033
8,4096,398,392,58.0095
8,4096,398,394,59.4139
8,4096,398,396,61.6218
8,4096,400,2,31.3788
8,4096,400,4,49.0395
8,4096,400,6,60.0113
8,4096,400,8,69.3007
8,4096,400,10,63.8556
8,4096,400,12,68.8526
8,4096,400,14,71.8219
8,4096,400,16,72.9868
8,4096,400,18,70.4029
8,4096,400,20,72.1619
8,4096,400,22,73.6821
8,4096,400,24,74.4474
8,4096,400,26,73.4991
8,4096,400,28,74.4959
8,4096,400,30,77.8558
8,4096,400,32,73.0553
8,4096,400,34,74.1806
8,4096,400,36,73.4455
8,4096,400,38,73.8027
8,4096,400,40,78.1558
8,4096,400,42,76.4748
8,4096,400,44,78.8423
8,4096,400,46,79.0727
8,4096,400,48,72.0858
8,4096,400,50,72.3665
8,4096,400,52,74.4355
8,4096,400,54,73.2618
8,4096,400,56,72.9211
8,4096,400,58,73.046
8,4096,400,60,73.0535
8,4096,400,62,76.4496
8,4096,400,64,75.8725
8,4096,400,66,73.6256
8,4096,400,68,77.8722
8,4096,400,70,76.9222
8,4096,400,72,76.7351
8,4096,400,74,74.5937
8,4096,400,76,74.4091
8,4096,400,78,76.9886
8,4096,400,80,76.0586
8,4096,400,82,75.9786
8,4096,400,84,77.5809
8,4096,400,86,76.3771
8,4096,400,88,75.6647
8,4096,400,90,77.5527
8,4096,400,92,78.1759
8,4096,400,94,78.7509
8,4096,400,96,75.1919
8,4096,400,98,76.4777
8,4096,400,100,72.481
8,4096,400,102,75.539
8,4096,400,104,79.9215
8,4096,400,106,67.0284
8,4096,400,108,77.4693
8,4096,400,110,79.2143
8,4096,400,112,77.6239
8,4096,400,114,76.7878
8,4096,400,116,76.7336
8,4096,400,118,79.5157
8,4096,400,120,79.7477
8,4096,400,122,78.4687
8,4096,400,124,77.5942
8,4096,400,126,79.46
8,4096,400,128,77.2827
8,4096,400,130,75.9937
8,4096,400,132,76.0216
8,4096,400,134,78.2803
8,4096,400,136,80.4486
8,4096,400,138,82.3875
8,4096,400,140,80.3961
8,4096,400,142,79.0498
8,4096,400,144,75.929
8,4096,400,146,79.5974
8,4096,400,148,80.8938
8,4096,400,150,79.9
8,4096,400,152,77.0343
8,4096,400,154,77.2446
8,4096,400,156,79.6427
8,4096,400,158,73.9961
8,4096,400,160,75.5637
8,4096,400,162,77.2921
8,4096,400,164,78.7223
8,4096,400,166,77.8015
8,4096,400,168,76.8349
8,4096,400,170,76.7704
8,4096,400,172,70.4179
8,4096,400,174,76.648
8,4096,400,176,76.5354
8,4096,400,178,74.5722
8,4096,400,180,75.7799
8,4096,400,182,73.9987
8,4096,400,184,74.3166
8,4096,400,186,73.5256
8,4096,400,188,75.2931
8,4096,400,190,75.346
8,4096,400,192,76.9708
8,4096,400,194,76.247
8,4096,400,196,73.9231
8,4096,400,198,74.8825
8,4096,400,200,75.6342
8,4096,400,202,78.7415
8,4096,400,204,79.945
8,4096,400,206,80.0227
8,4096,400,208,82.3256
8,4096,400,210,79.0694
8,4096,400,212,80.1936
8,4096,400,214,77.805
8,4096,400,216,76.2075
8,4096,400,218,78.3532
8,4096,400,220,75.2115
8,4096,400,222,76.8774
8,4096,400,224,75.1281
8,4096,400,226,77.5936
8,4096,400,228,77.9264
8,4096,400,230,75.6042
8,4096,400,232,74.4375
8,4096,400,234,77.4928
8,4096,400,236,76.9681
8,4096,400,238,75.1686
8,4096,400,240,74.0866
8,4096,400,242,71.7188
8,4096,400,244,75.714
8,4096,400,246,74.6056
8,4096,400,248,74.9503
8,4096,400,250,75.6493
8,4096,400,252,77.2426
8,4096,400,254,76.0989
8,4096,400,256,74.4517
8,4096,400,258,75.5559
8,4096,400,260,73.9034
8,4096,400,262,73.5216
8,4096,400,264,73.9603
8,4096,400,266,69.705
8,4096,400,268,59.8997
8,4096,400,270,71.9718
8,4096,400,272,73.4913
8,4096,400,274,71.2673
8,4096,400,276,71.3644
8,4096,400,278,70.914
8,4096,400,280,72.4732
8,4096,400,282,70.697
8,4096,400,284,71.5158
8,4096,400,286,67.5753
8,4096,400,288,70.3562
8,4096,400,290,69.7309
8,4096,400,292,71.0397
8,4096,400,294,69.5864
8,4096,400,296,69.6166
8,4096,400,298,68.7529
8,4096,400,300,70.9052
8,4096,400,302,68.5122
8,4096,400,304,71.3717
8,4096,400,306,64.1241
8,4096,400,308,68.9327
8,4096,400,310,67.257
8,4096,400,312,63.0639
8,4096,400,314,65.6723
8,4096,400,316,68.8248
8,4096,400,318,67.7207
8,4096,400,320,69.1253
8,4096,400,322,66.4137
8,4096,400,324,67.628
8,4096,400,326,66.3396
8,4096,400,328,66.9348
8,4096,400,330,66.3949
8,4096,400,332,66.402
8,4096,400,334,65.1801
8,4096,400,336,66.7224
8,4096,400,338,64.0137
8,4096,400,340,62.0822
8,4096,400,342,65.2597
8,4096,400,344,64.662
8,4096,400,346,61.6192
8,4096,400,348,61.7499
8,4096,400,350,61.9102
8,4096,400,352,63.5024
8,4096,400,354,63.9448
8,4096,400,356,62.2986
8,4096,400,358,63.9458
8,4096,400,360,58.7774
8,4096,400,362,61.3851
8,4096,400,364,61.1114
8,4096,400,366,61.8474
8,4096,400,368,56.4377
8,4096,400,370,62.0626
8,4096,400,372,59.5248
8,4096,400,374,59.3572
8,4096,400,376,62.3083
8,4096,400,378,59.7445
8,4096,400,380,59.5579
8,4096,400,382,59.1898
8,4096,400,384,58.7537
8,4096,400,386,59.5268
8,4096,400,388,59.2647
8,4096,400,390,60.3377
8,4096,400,392,60.5463
8,4096,400,394,57.4928
8,4096,400,396,59.5343
8,4096,400,398,58.4344
